indicator_group,epa_short_name,in_2013_2014,2013_2014_dataset_s,2013_2014_epa_definition_s,in_2018_2019,2018_2019_dataset_s,2018_2019_epa_definition_s,in_2023_2024,2023_2024_dataset_s,2023_2024_epa_definition_s,cycle_presence,definition_comparison
Algal Toxin,ABSORBANCE,No,,,Yes,NRSA 1819 Algal Toxin,Absorbance value,Yes,NRSA 2324 Algal Toxin,Absorbance,2018–2019 + 2023–2024,EPA label differs and/or is blank across cycles
Algal Toxin,ABSORBANCE_UNITS,No,,,Yes,NRSA 1819 Algal Toxin,Units for parameter ABSORBANCE,Yes,NRSA 2324 Algal Toxin,Units for parameter ABSORBANCE,2018–2019 + 2023–2024,Same/equivalent EPA label across available cycles
Algal Toxin,AG_ECO9,No,,,Yes,NRSA 1819 Algal Toxin,"NARS 9-level reporting region (2015), based on aggregated Omernik Level III ecoregions",No,,,2018–2019 only,Not comparable across cycles
Algal Toxin,ANALYST,No,,,Yes,NRSA 1819 Algal Toxin,Laboratory analyst,Yes,NRSA 2324 Algal Toxin,Laboratory analyst,2018–2019 + 2023–2024,Same/equivalent EPA label across available cycles
Algal Toxin,ANALYTE,No,,,Yes,NRSA 1819 Algal Toxin,Analyte,Yes,NRSA 2324 Algal Toxin,Analyte,2018–2019 + 2023–2024,Same/equivalent EPA label across available cycles
Algal Toxin,BATCH_ID,No,,,Yes,NRSA 1819 Algal Toxin,Laboratory batch number | Laboratory Batch ID,Yes,NRSA 2324 Algal Toxin,Laboratory Batch ID,2018–2019 + 2023–2024,Same/equivalent EPA label across available cycles
Algal Toxin,COND_COMMENT,No,,,No,,,Yes,NRSA 2324 Algal Toxin,Condition of sample on arrival at laboratory,2023–2024 only,Not comparable across cycles
Algal Toxin,CONDITION_CODE,No,,,Yes,NRSA 1819 Algal Toxin,Condition of sample code,Yes,NRSA 2324 Algal Toxin,Condition of sample code,2018–2019 + 2023–2024,Same/equivalent EPA label across available cycles
Algal Toxin,DATE_ANALYZED,No,,,Yes,NRSA 1819 Algal Toxin,Date sample analyzed,Yes,NRSA 2324 Algal Toxin,Date sample analyzed,2018–2019 + 2023–2024,Same/equivalent EPA label across available cycles
Algal Toxin,DATE_COL,Yes,NRSA 1314 Microcystin,Date of data collection in field,Yes,NRSA 1819 Algal Toxin,Date collected,Yes,NRSA 2324 Algal Toxin,Date of data collection in field,All three cycles,EPA label differs and/or is blank across cycles
Algal Toxin,DATE_RECEIVED,No,,,Yes,NRSA 1819 Algal Toxin,Date sample received by lab,Yes,NRSA 2324 Algal Toxin,Date sample received,2018–2019 + 2023–2024,EPA label differs and/or is blank across cycles
Algal Toxin,DILUTION_FACTOR,No,,,Yes,NRSA 1819 Algal Toxin,Dilution factor,Yes,NRSA 2324 Algal Toxin,Dilution factor,2018–2019 + 2023–2024,Same/equivalent EPA label across available cycles
Algal Toxin,EPA_REG,No,,,Yes,NRSA 1819 Algal Toxin,EPA Region,No,,,2018–2019 only,Not comparable across cycles
Algal Toxin,INDEX_VISIT,Yes,NRSA 1314 Microcystin,Index visit Y/blank,No,,,No,,,2013–2014 only,Not comparable across cycles
Algal Toxin,KIT_ID,No,,,Yes,NRSA 1819 Algal Toxin,"Kit identification code. If one does not exist, assign a unique code to each kit.",Yes,NRSA 2324 Algal Toxin,"Kit identification code. If one does not exist, assign a unique code to each kit.",2018–2019 + 2023–2024,Same/equivalent EPA label across available cycles
Algal Toxin,LAB,No,,,Yes,NRSA 1819 Algal Toxin,Laboratory processing sample,Yes,NRSA 2324 Algal Toxin,Laboratory processing sample,2018–2019 + 2023–2024,Same/equivalent EPA label across available cycles
Algal Toxin,LAB_COMMENT,No,,,No,,,Yes,NRSA 2324 Algal Toxin,Laboratory comment,2023–2024 only,Not comparable across cycles
Algal Toxin,MATRIX,No,,,Yes,NRSA 1819 Algal Toxin,"Material used for analysis | Type of sample (e.g., water, sediment, tissue)",Yes,NRSA 2324 Algal Toxin,"Type of sample (e.g., water, sediment, tissue)",2018–2019 + 2023–2024,Same/equivalent EPA label across available cycles
Algal Toxin,MDL,No,,,Yes,NRSA 1819 Algal Toxin,Minimum Detection Limit,Yes,NRSA 2324 Algal Toxin,Minimum Detection Limit,2018–2019 + 2023–2024,Same/equivalent EPA label across available cycles
Algal Toxin,MICX_FLAG,Yes,NRSA 1314 Microcystin,Flag assigned to associated comment for Microcystin - UG/L,No,,,No,,,2013–2014 only,Not comparable across cycles
Algal Toxin,MICX_MDL,Yes,NRSA 1314 Microcystin,Minimum Detection Limit for Microcystin - UG/L,No,,,No,,,2013–2014 only,Not comparable across cycles
Algal Toxin,MICX_RESULT,Yes,NRSA 1314 Microcystin,Result for Microcystin - UG/L | Value of associated parameter for Microcystin - UG/L,No,,,No,,,2013–2014 only,Not comparable across cycles
Algal Toxin,MICX_RL,Yes,NRSA 1314 Microcystin,Reporting Limit for Microcystin - UG/L,No,,,No,,,2013–2014 only,Not comparable across cycles
Algal Toxin,NARS_COMMENT,No,,,No,,,Yes,NRSA 2324 Algal Toxin,Comment to explain NARS_COMMENT when necessary,2023–2024 only,Not comparable across cycles
Algal Toxin,NARS_FLAG,No,,,Yes,NRSA 1819 Algal Toxin,NARS flag,Yes,NRSA 2324 Algal Toxin,"Flag assigned by NARS: ND = Non-detect, L = Estimated, Q = Quality-related issue, S = Shipping time exceedence, H = Holding time exceedence, NR = No lab result for analyte",2018–2019 + 2023–2024,EPA label differs and/or is blank across cycles
Algal Toxin,PSTL_CODE,No,,,No,,,Yes,NRSA 2324 Algal Toxin,"State two letter postal code for site sampled. 50 state postal codes plus AS, MP, GU, PR, VI for American Samoa, Commonwealth of Northern Marianas, Guam, Puerto Rico and Virgin Islands. No missing or \blank\"" values allowed.""",2023–2024 only,Not comparable across cycles
Algal Toxin,PUBLICATION_DATE,No,,,Yes,NRSA 1819 Algal Toxin,Date the dataset was published to the NARS site | Date of data file publication,Yes,NRSA 2324 Algal Toxin,Date of data file publication,2018–2019 + 2023–2024,Same/equivalent EPA label across available cycles
Algal Toxin,QA_FLAG,No,,,No,,,Yes,NRSA 2324 Algal Toxin,QA flag from laboratory,2023–2024 only,Not comparable across cycles
Algal Toxin,RESULT,No,,,Yes,NRSA 1819 Algal Toxin,Value of associated parameter,Yes,NRSA 2324 Algal Toxin,Value of associated parameter,2018–2019 + 2023–2024,Same/equivalent EPA label across available cycles
Algal Toxin,RESULT_UNITS,No,,,Yes,NRSA 1819 Algal Toxin,Result unit,Yes,NRSA 2324 Algal Toxin,Result unit,2018–2019 + 2023–2024,Same/equivalent EPA label across available cycles
Algal Toxin,RL,No,,,Yes,NRSA 1819 Algal Toxin,Reporting Limit,Yes,NRSA 2324 Algal Toxin,Reporting Limit,2018–2019 + 2023–2024,Same/equivalent EPA label across available cycles
Algal Toxin,SAM_CODE,No,,,Yes,NRSA 1819 Algal Toxin,"Sample code (Regular/Lab duplicate/Lab split) | Sample code (e.g., regular, lab duplicate, lab split)",Yes,NRSA 2324 Algal Toxin,"Sample code (e.g., regular, lab duplicate, lab split)",2018–2019 + 2023–2024,Same/equivalent EPA label across available cycles
Algal Toxin,SAMPLE_ID,No,,,Yes,NRSA 1819 Algal Toxin,Algal toxin (MICZ) sample id,Yes,NRSA 2324 Algal Toxin,Field sample ID,2018–2019 + 2023–2024,EPA label differs and/or is blank across cycles
Algal Toxin,SAMPLE_TYPE,No,,,Yes,NRSA 1819 Algal Toxin,"Code identifying sample type: MICX=Microcystin, CYLSPER=Cylindrospermopsin, MICZ=Microcystin in legacy bottle type",Yes,NRSA 2324 Algal Toxin,"Code identifying sample type: MICX=Microcystin, CYLSPER=Cylindrospermopsin, MICZ=Microcystin in legacy bottle type",2018–2019 + 2023–2024,Same/equivalent EPA label across available cycles
Algal Toxin,SITE_ID,Yes,NRSA 1314 Microcystin,"Site ID for the study and year sampled. Preferred form is NRSnn_MM-xxxxx where nn is current cycle year (04, 08, 13, 18, etc), MM is two letter state code, and xxxxx is between 10001 and 99999. Text. No missing values allowed. | Unique Site ID assigned for NRSA13-14 | Site ID",Yes,NRSA 1819 Algal Toxin,"Identification code for site | Site ID for the study and year sampled. Preferred form is NRSnn_MM-xxxxx where nn is current cycle year (04, 08, 13, 18, etc), MM is two letter state code, and xxxxx is between 10001 and 99999. Text. No missing values allowed.",Yes,NRSA 2324 Algal Toxin,"Site ID for the study and year sampled. Preferred form is NRSnn_MM-xxxxx where nn is current cycle year (04, 08, 13, 18, etc), MM is two letter state code, and xxxxx is between 10001 and 99999. No missing or \blank\"" values allowed.""",All three cycles,EPA label differs and/or is blank across cycles
Algal Toxin,STATE,No,,,Yes,NRSA 1819 Algal Toxin,State of site | State,No,,,2018–2019 only,Not comparable across cycles
Algal Toxin,UID,Yes,NRSA 1314 Microcystin,Unique site visit ID,Yes,NRSA 1819 Algal Toxin,Unique identifier for the site/visit | Unique site visit ID,Yes,NRSA 2324 Algal Toxin,Unique site visit ID,All three cycles,Same/equivalent EPA label across available cycles
Algal Toxin,UNIQUE_ID,No,,,No,,,Yes,NRSA 2324 Algal Toxin,Unique site ID based on location that does not depend on year sampled or any other factor. Form is NRS_ss_nnnnn where ss state and nnnnn is number that starts at 10001. No missing values allowed.,2023–2024 only,Not comparable across cycles
Algal Toxin,VISIT_NO,Yes,NRSA 1314 Microcystin,Number identifying which visit this is,Yes,NRSA 1819 Algal Toxin,Sequential number of visit to site,Yes,NRSA 2324 Algal Toxin,Number identifying which visit this is,All three cycles,EPA label differs and/or is blank across cycles
Algal Toxin,YEAR,Yes,NRSA 1314 Microcystin,Year of sampling,No,,,No,,,2013–2014 only,Not comparable across cycles
Benthic Macroinvertebrates,AG_ECO9,No,,,Yes,NRSA 1819 Benthic Macroinvertebrate Count | NRSA 1819 Benthic Macroinvertebrate MMI,"NARS 9-level reporting region (2015), based on aggregated Omernik Level III ecoregions",No,,,2018–2019 only,Not comparable across cycles
Benthic Macroinvertebrates,AG_ECO9_NM,Yes,NRSA 1314 Benthic Macroinvertebrate MMI,NARS 9-level reporting region Name | NARS 9-level reporting region name Text names. No missing values allowed.,No,,,No,,,2013–2014 only,Not comparable across cycles
Benthic Macroinvertebrates,AMPHNIND,Yes,NRSA 1314 Benthic Macroinvertebrate Metrics,Number of Amphipoda individuals in sample,No,,,No,,,2013–2014 only,Not comparable across cycles
Benthic Macroinvertebrates,AMPHNTAX,Yes,NRSA 1314 Benthic Macroinvertebrate Metrics,No. of Amphipoda taxa,No,,,Yes,NRSA 2324 Benthic Metrics,No. of Amphipoda taxa,2013–2014 + 2023–2024,Same/equivalent EPA label across available cycles
Benthic Macroinvertebrates,AMPHPIND,Yes,NRSA 1314 Benthic Macroinvertebrate Metrics,% Amphipoda individuals,No,,,Yes,NRSA 2324 Benthic Metrics,% Amphipoda individuals,2013–2014 + 2023–2024,Same/equivalent EPA label across available cycles
Benthic Macroinvertebrates,AMPHPTAX,Yes,NRSA 1314 Benthic Macroinvertebrate Metrics,% Amphipoda taxa,No,,,Yes,NRSA 2324 Benthic Metrics,% Amphipoda taxa,2013–2014 + 2023–2024,Same/equivalent EPA label across available cycles
Benthic Macroinvertebrates,BENT_MMI_COND,No,,,Yes,NRSA 1819 Benthic Macroinvertebrate MMI,Condition class based on benthic MMI score,Yes,NRSA 2324 Benthic MMI,Condition class based on benthic MMI score,2018–2019 + 2023–2024,Same/equivalent EPA label across available cycles
Benthic Macroinvertebrates,BURRNIND,Yes,NRSA 1314 Benthic Macroinvertebrate Metrics,Number of burrower individuals in sample,No,,,No,,,2013–2014 only,Not comparable across cycles
Benthic Macroinvertebrates,BURRNTAX,Yes,NRSA 1314 Benthic Macroinvertebrate Metrics,No. of Burrowers taxa,No,,,Yes,NRSA 2324 Benthic Metrics,No. of Burrowers taxa,2013–2014 + 2023–2024,Same/equivalent EPA label across available cycles
Benthic Macroinvertebrates,BURRPIND,Yes,NRSA 1314 Benthic Macroinvertebrate Metrics,% Burrowers individuals,No,,,Yes,NRSA 2324 Benthic Metrics,% Burrowers individuals,2013–2014 + 2023–2024,Same/equivalent EPA label across available cycles
Benthic Macroinvertebrates,BURRPTAX,Yes,NRSA 1314 Benthic Macroinvertebrate Metrics,% Burrowers taxa,No,,,Yes,NRSA 2324 Benthic Metrics,% Burrowers taxa,2013–2014 + 2023–2024,Same/equivalent EPA label across available cycles
Benthic Macroinvertebrates,CHIRDOM1PIND,Yes,NRSA 1314 Benthic Macroinvertebrate Metrics,% individuals in most abundant distinct Chironomidae taxon,No,,,Yes,NRSA 2324 Benthic Metrics,% individuals in most abundant distinct Chironomidae taxon,2013–2014 + 2023–2024,Same/equivalent EPA label across available cycles
Benthic Macroinvertebrates,CHIRDOM3PIND,Yes,NRSA 1314 Benthic Macroinvertebrate Metrics,% individuals in most abundant 3 distinct Chironomidae taxa,No,,,Yes,NRSA 2324 Benthic Metrics,% individuals in most abundant 3 distinct Chironomidae taxa,2013–2014 + 2023–2024,Same/equivalent EPA label across available cycles
Benthic Macroinvertebrates,CHIRDOM5PIND,Yes,NRSA 1314 Benthic Macroinvertebrate Metrics,% individuals in most abundant 5 distinct Chironomidae taxa,No,,,Yes,NRSA 2324 Benthic Metrics,% individuals in most abundant 5 distinct Chironomidae taxa,2013–2014 + 2023–2024,Same/equivalent EPA label across available cycles
Benthic Macroinvertebrates,CHIRNIND,Yes,NRSA 1314 Benthic Macroinvertebrate Metrics,Number of Chironomidae individuals in sample,No,,,No,,,2013–2014 only,Not comparable across cycles
Benthic Macroinvertebrates,CHIRNTAX,Yes,NRSA 1314 Benthic Macroinvertebrate Metrics,No. of Chironomidae taxa,No,,,Yes,NRSA 2324 Benthic Metrics,No. of Chironomidae taxa,2013–2014 + 2023–2024,Same/equivalent EPA label across available cycles
Benthic Macroinvertebrates,CHIRPIND,Yes,NRSA 1314 Benthic Macroinvertebrate Metrics,% Chironomidae individuals,No,,,Yes,NRSA 2324 Benthic Metrics,% Chironomidae individuals,2013–2014 + 2023–2024,Same/equivalent EPA label across available cycles
Benthic Macroinvertebrates,CHIRPTAX,Yes,NRSA 1314 Benthic Macroinvertebrate Metrics,% Chironomidae taxa,No,,,Yes,NRSA 2324 Benthic Metrics,% Chironomidae taxa,2013–2014 + 2023–2024,Same/equivalent EPA label across available cycles
Benthic Macroinvertebrates,CLASS,Yes,NRSA 1314 Benthic Taxa List | NRSA 1314 Benthic Macroinvertebrate Count,Class of taxon,Yes,NRSA 1819 Benthic Macroinvertebrate Count,Class of taxon,Yes,NRSA 2324 Benthic Count | NRSA 2324 Benthic Taxa List,Class of taxon | Class name,All three cycles,Same/equivalent EPA label across available cycles
Benthic Macroinvertebrates,CLMBNIND,Yes,NRSA 1314 Benthic Macroinvertebrate Metrics,Number of climber individuals in sample,No,,,No,,,2013–2014 only,Not comparable across cycles
Benthic Macroinvertebrates,CLMBNTAX,Yes,NRSA 1314 Benthic Macroinvertebrate Metrics,No. of Climbers taxa,No,,,Yes,NRSA 2324 Benthic Metrics,No. of Climbers taxa,2013–2014 + 2023–2024,Same/equivalent EPA label across available cycles
Benthic Macroinvertebrates,CLMBPIND,Yes,NRSA 1314 Benthic Macroinvertebrate Metrics,% Climbers individuals,No,,,Yes,NRSA 2324 Benthic Metrics,% Climbers individuals,2013–2014 + 2023–2024,Same/equivalent EPA label across available cycles
Benthic Macroinvertebrates,CLMBPTAX,Yes,NRSA 1314 Benthic Macroinvertebrate Metrics,% Climbers taxa,No,,,Yes,NRSA 2324 Benthic Metrics,% Climbers taxa,2013–2014 + 2023–2024,Same/equivalent EPA label across available cycles
Benthic Macroinvertebrates,CLNGNIND,Yes,NRSA 1314 Benthic Macroinvertebrate Metrics,Number of clinger individuals in sample,No,,,No,,,2013–2014 only,Not comparable across cycles
Benthic Macroinvertebrates,CLNGNTAX,Yes,NRSA 1314 Benthic Macroinvertebrate Metrics,No. of Clingers taxa,No,,,Yes,NRSA 2324 Benthic Metrics,No. of Clingers taxa,2013–2014 + 2023–2024,Same/equivalent EPA label across available cycles
Benthic Macroinvertebrates,CLNGPIND,Yes,NRSA 1314 Benthic Macroinvertebrate Metrics,% Clingers individuals,No,,,Yes,NRSA 2324 Benthic Metrics,% Clingers individuals,2013–2014 + 2023–2024,Same/equivalent EPA label across available cycles
Benthic Macroinvertebrates,CLNGPTAX,Yes,NRSA 1314 Benthic Macroinvertebrate Metrics,% Clingers taxa,No,,,Yes,NRSA 2324 Benthic Metrics,% Clingers taxa,2013–2014 + 2023–2024,Same/equivalent EPA label across available cycles
Benthic Macroinvertebrates,COFININD,Yes,NRSA 1314 Benthic Macroinvertebrate Metrics,Number of collector-filterers individuals in sample,No,,,No,,,2013–2014 only,Not comparable across cycles
Benthic Macroinvertebrates,COFINTAX,Yes,NRSA 1314 Benthic Macroinvertebrate Metrics,No. of Collecter-filterer taxa,No,,,Yes,NRSA 2324 Benthic Metrics,No. of Collecter-filterer taxa,2013–2014 + 2023–2024,Same/equivalent EPA label across available cycles
Benthic Macroinvertebrates,COFIPIND,Yes,NRSA 1314 Benthic Macroinvertebrate Metrics,% Collecter-filterer individuals,No,,,Yes,NRSA 2324 Benthic Metrics,% Collecter-filterer individuals,2013–2014 + 2023–2024,Same/equivalent EPA label across available cycles
Benthic Macroinvertebrates,COFIPTAX,Yes,NRSA 1314 Benthic Macroinvertebrate Metrics,% Collecter-filterer taxa,No,,,Yes,NRSA 2324 Benthic Metrics,% Collecter-filterer taxa,2013–2014 + 2023–2024,Same/equivalent EPA label across available cycles
Benthic Macroinvertebrates,COFITRICNIND,Yes,NRSA 1314 Benthic Macroinvertebrate Metrics,Number of collector-filterer Trichoptera individuals in sample,No,,,No,,,2013–2014 only,Not comparable across cycles
Benthic Macroinvertebrates,COFITRICNTAX,Yes,NRSA 1314 Benthic Macroinvertebrate Metrics,No. of Collector-filterer Trichoptera taxa,No,,,Yes,NRSA 2324 Benthic Metrics,No. of Collector-filterer Trichoptera taxa,2013–2014 + 2023–2024,Same/equivalent EPA label across available cycles
Benthic Macroinvertebrates,COFITRICPIND,Yes,NRSA 1314 Benthic Macroinvertebrate Metrics,% Collector-filterer Trichoptera individuals,No,,,Yes,NRSA 2324 Benthic Metrics,% Collector-filterer Trichoptera individuals,2013–2014 + 2023–2024,Same/equivalent EPA label across available cycles
Benthic Macroinvertebrates,COFITRICPTAX,Yes,NRSA 1314 Benthic Macroinvertebrate Metrics,% Collector-filterer Trichoptera taxa,No,,,Yes,NRSA 2324 Benthic Metrics,% Collector-filterer Trichoptera taxa,2013–2014 + 2023–2024,Same/equivalent EPA label across available cycles
Benthic Macroinvertebrates,COGANIND,Yes,NRSA 1314 Benthic Macroinvertebrate Metrics,Number of collector-gatherers individuals in sample,No,,,No,,,2013–2014 only,Not comparable across cycles
Benthic Macroinvertebrates,COGANTAX,Yes,NRSA 1314 Benthic Macroinvertebrate Metrics,No. of Collecter-gatherer taxa,No,,,Yes,NRSA 2324 Benthic Metrics,No. of Collecter-gatherer taxa,2013–2014 + 2023–2024,Same/equivalent EPA label across available cycles
Benthic Macroinvertebrates,COGAPIND,Yes,NRSA 1314 Benthic Macroinvertebrate Metrics,% Collecter-gatherer individuals,No,,,Yes,NRSA 2324 Benthic Metrics,% Collecter-gatherer individuals,2013–2014 + 2023–2024,Same/equivalent EPA label across available cycles
Benthic Macroinvertebrates,COGAPTAX,Yes,NRSA 1314 Benthic Macroinvertebrate Metrics,% Collecter-gatherer taxa,No,,,Yes,NRSA 2324 Benthic Metrics,% Collecter-gatherer taxa,2013–2014 + 2023–2024,Same/equivalent EPA label across available cycles
Benthic Macroinvertebrates,COMP_PT,Yes,NRSA 1314 Benthic Macroinvertebrate MMI,Metric score for composition metric,Yes,NRSA 1819 Benthic Macroinvertebrate MMI,Metric score for composition metric,Yes,NRSA 2324 Benthic MMI,Metric score for composition metric,All three cycles,Same/equivalent EPA label across available cycles
Benthic Macroinvertebrates,CRUSNIND,Yes,NRSA 1314 Benthic Macroinvertebrate Metrics,Number of Crustacea individuals in sample,No,,,No,,,2013–2014 only,Not comparable across cycles
Benthic Macroinvertebrates,CRUSNTAX,Yes,NRSA 1314 Benthic Macroinvertebrate Metrics,No. of Crustaceans taxa,No,,,Yes,NRSA 2324 Benthic Metrics,No. of Crustaceans taxa,2013–2014 + 2023–2024,Same/equivalent EPA label across available cycles
Benthic Macroinvertebrates,CRUSPIND,Yes,NRSA 1314 Benthic Macroinvertebrate Metrics,% Crustaceans individuals,No,,,Yes,NRSA 2324 Benthic Metrics,% Crustaceans individuals,2013–2014 + 2023–2024,Same/equivalent EPA label across available cycles
Benthic Macroinvertebrates,CRUSPTAX,Yes,NRSA 1314 Benthic Macroinvertebrate Metrics,% Crustaceans taxa,No,,,Yes,NRSA 2324 Benthic Metrics,% Crustaceans taxa,2013–2014 + 2023–2024,Same/equivalent EPA label across available cycles
Benthic Macroinvertebrates,DATE_COL,Yes,NRSA 1314 Benthic Macroinvertebrate MMI | NRSA 1314 Benthic Macroinvertebrate Metrics,Date of data collection in field,Yes,NRSA 1819 Benthic Macroinvertebrate Count | NRSA 1819 Benthic Macroinvertebrate MMI,Date collected,Yes,NRSA 2324 Benthic Count | NRSA 2324 Benthic Metrics | NRSA 2324 Benthic MMI,Date of data collection in field,All three cycles,EPA label differs and/or is blank across cycles
Benthic Macroinvertebrates,DIPTNIND,Yes,NRSA 1314 Benthic Macroinvertebrate Metrics,Number of Diptera individuals in sample,No,,,No,,,2013–2014 only,Not comparable across cycles
Benthic Macroinvertebrates,DIPTNTAX,Yes,NRSA 1314 Benthic Macroinvertebrate Metrics,No. of Diptera taxa,No,,,Yes,NRSA 2324 Benthic Metrics,No. of Diptera taxa,2013–2014 + 2023–2024,Same/equivalent EPA label across available cycles
Benthic Macroinvertebrates,DIPTPIND,Yes,NRSA 1314 Benthic Macroinvertebrate Metrics,% Diptera individuals,No,,,Yes,NRSA 2324 Benthic Metrics,% Diptera individuals,2013–2014 + 2023–2024,Same/equivalent EPA label across available cycles
Benthic Macroinvertebrates,DIPTPTAX,Yes,NRSA 1314 Benthic Macroinvertebrate Metrics,% Diptera taxa,No,,,Yes,NRSA 2324 Benthic Metrics,% Diptera taxa,2013–2014 + 2023–2024,Same/equivalent EPA label across available cycles
Benthic Macroinvertebrates,DIVS_PT,Yes,NRSA 1314 Benthic Macroinvertebrate MMI,Metric score for diversity metric,Yes,NRSA 1819 Benthic Macroinvertebrate MMI,Metric score for diversity metric,Yes,NRSA 2324 Benthic MMI,Metric score for diversity metric,All three cycles,Same/equivalent EPA label across available cycles
Benthic Macroinvertebrates,DOM1PIND,Yes,NRSA 1314 Benthic Macroinvertebrate Metrics,% individuals in dominant distinct taxon,No,,,Yes,NRSA 2324 Benthic Metrics,% individuals in dominant distinct taxon,2013–2014 + 2023–2024,Same/equivalent EPA label across available cycles
Benthic Macroinvertebrates,DOM3PIND,Yes,NRSA 1314 Benthic Macroinvertebrate Metrics,% individuals in dominant 3 distinct taxa,No,,,Yes,NRSA 2324 Benthic Metrics,% individuals in dominant 3 distinct taxa,2013–2014 + 2023–2024,Same/equivalent EPA label across available cycles
Benthic Macroinvertebrates,DOM5PIND,Yes,NRSA 1314 Benthic Macroinvertebrate Metrics,% individuals in dominant 5 distinct taxa,No,,,Yes,NRSA 2324 Benthic Metrics,% individuals in dominant 5 distinct taxa,2013–2014 + 2023–2024,Same/equivalent EPA label across available cycles
Benthic Macroinvertebrates,EPA_REG,No,,,Yes,NRSA 1819 Benthic Macroinvertebrate Count | NRSA 1819 Benthic Macroinvertebrate MMI,EPA Region,No,,,2018–2019 only,Not comparable across cycles
Benthic Macroinvertebrates,EPHENIND,Yes,NRSA 1314 Benthic Macroinvertebrate Metrics,Number of Ephemeroptera individuals in sample,No,,,No,,,2013–2014 only,Not comparable across cycles
Benthic Macroinvertebrates,EPHENTAX,Yes,NRSA 1314 Benthic Macroinvertebrate Metrics,No. of Ephemeroptera taxa,No,,,Yes,NRSA 2324 Benthic Metrics,No. of Ephemeroptera taxa,2013–2014 + 2023–2024,Same/equivalent EPA label across available cycles
Benthic Macroinvertebrates,EPHEPIND,Yes,NRSA 1314 Benthic Macroinvertebrate Metrics,% Ephemeroptera individuals,No,,,Yes,NRSA 2324 Benthic Metrics,% Ephemeroptera individuals,2013–2014 + 2023–2024,Same/equivalent EPA label across available cycles
Benthic Macroinvertebrates,EPHEPTAX,Yes,NRSA 1314 Benthic Macroinvertebrate Metrics,% Ephemeroptera taxa,No,,,Yes,NRSA 2324 Benthic Metrics,% Ephemeroptera taxa,2013–2014 + 2023–2024,Same/equivalent EPA label across available cycles
Benthic Macroinvertebrates,EPOTNIND,Yes,NRSA 1314 Benthic Macroinvertebrate Metrics,"Number of Ephemeroptera, Plecoptera, Odonata, and Trichoptera individuals in sample",No,,,No,,,2013–2014 only,Not comparable across cycles
Benthic Macroinvertebrates,EPOTNTAX,Yes,NRSA 1314 Benthic Macroinvertebrate Metrics,"No. of Ephemeroptera, Plecoptera, Odonata, & Trichoptera taxa",No,,,Yes,NRSA 2324 Benthic Metrics,"No. of Ephemeroptera, Plecoptera, Odonata, & Trichoptera taxa",2013–2014 + 2023–2024,Same/equivalent EPA label across available cycles
Benthic Macroinvertebrates,EPOTPIND,Yes,NRSA 1314 Benthic Macroinvertebrate Metrics,"% Ephemeroptera, Plecoptera, Odonata, & Trichoptera individuals",No,,,Yes,NRSA 2324 Benthic Metrics,"% Ephemeroptera, Plecoptera, Odonata, & Trichoptera individuals",2013–2014 + 2023–2024,Same/equivalent EPA label across available cycles
Benthic Macroinvertebrates,EPOTPTAX,Yes,NRSA 1314 Benthic Macroinvertebrate Metrics,"% Ephemeroptera, Plecoptera, Odonata, & Trichoptera taxa",No,,,Yes,NRSA 2324 Benthic Metrics,"% Ephemeroptera, Plecoptera, Odonata, & Trichoptera taxa",2013–2014 + 2023–2024,Same/equivalent EPA label across available cycles
Benthic Macroinvertebrates,EPT_NIND,Yes,NRSA 1314 Benthic Macroinvertebrate Metrics,"Number of Ephemeroptera, Plecoptera, and Trichoptera individuals in sample",No,,,No,,,2013–2014 only,Not comparable across cycles
Benthic Macroinvertebrates,EPT_NTAX,Yes,NRSA 1314 Benthic Macroinvertebrate Metrics,No. of EPT taxa,No,,,Yes,NRSA 2324 Benthic Metrics,No. of EPT taxa,2013–2014 + 2023–2024,Same/equivalent EPA label across available cycles
Benthic Macroinvertebrates,EPT_PIND,Yes,NRSA 1314 Benthic Macroinvertebrate Metrics,% EPT individuals,No,,,Yes,NRSA 2324 Benthic Metrics,% EPT individuals,2013–2014 + 2023–2024,Same/equivalent EPA label across available cycles
Benthic Macroinvertebrates,EPT_PTAX,Yes,NRSA 1314 Benthic Macroinvertebrate Metrics,% EPT taxa,No,,,Yes,NRSA 2324 Benthic Metrics,% EPT taxa,2013–2014 + 2023–2024,Same/equivalent EPA label across available cycles
Benthic Macroinvertebrates,FACLNIND,Yes,NRSA 1314 Benthic Macroinvertebrate Metrics,Number of individuals in sample with tolerance value >3 and <7,No,,,No,,,2013–2014 only,Not comparable across cycles
Benthic Macroinvertebrates,FACLNTAX,Yes,NRSA 1314 Benthic Macroinvertebrate Metrics,No. of Facultative (3< PTV <7) taxa,No,,,Yes,NRSA 2324 Benthic Metrics,No. of Facultative (3< PTV <7) taxa,2013–2014 + 2023–2024,Same/equivalent EPA label across available cycles
Benthic Macroinvertebrates,FACLPIND,Yes,NRSA 1314 Benthic Macroinvertebrate Metrics,% Facultative (3< PTV <7) individuals,No,,,Yes,NRSA 2324 Benthic Metrics,% Facultative (3< PTV <7) individuals,2013–2014 + 2023–2024,Same/equivalent EPA label across available cycles
Benthic Macroinvertebrates,FACLPTAX,Yes,NRSA 1314 Benthic Macroinvertebrate Metrics,% Facultative (3< PTV <7) taxa,No,,,Yes,NRSA 2324 Benthic Metrics,% Facultative (3< PTV <7) taxa,2013–2014 + 2023–2024,Same/equivalent EPA label across available cycles
Benthic Macroinvertebrates,FAMILY,Yes,NRSA 1314 Benthic Taxa List | NRSA 1314 Benthic Macroinvertebrate Count,Family of taxon,Yes,NRSA 1819 Benthic Macroinvertebrate Count,Family of taxon,Yes,NRSA 2324 Benthic Count | NRSA 2324 Benthic Taxa List,Family of taxon | Family name | Final taxon name within fish samples,All three cycles,Same/equivalent EPA label across available cycles
Benthic Macroinvertebrates,FEED_PT,Yes,NRSA 1314 Benthic Macroinvertebrate MMI,Metric score for functional feeding group,Yes,NRSA 1819 Benthic Macroinvertebrate MMI,Metric score for functional feeding group,Yes,NRSA 2324 Benthic MMI,Metric score for functional feeding group,All three cycles,Same/equivalent EPA label across available cycles
Benthic Macroinvertebrates,FFG,Yes,NRSA 1314 Benthic Taxa List,"Functional feeding group used in metric calculations;Collector-filterer(CF),Collector-gatherer(CG),Parasite(PA),Piercer(PI),Scraper(SC),Shredder(SH)",Yes,NRSA 1819 Benthic Macroinvertebrate Count,"Functional feeding group used in metric calculations;Collector-filterer(CF),Collector-gatherer(CG),Parasite(PA),Piercer(PI),Scraper(SC),Shredder(SH)",Yes,NRSA 2324 Benthic Count | NRSA 2324 Benthic Taxa List,"Functional feeding group used in metric calculations;Collector-filterer(CF),Collector-gatherer(CG),Parasite(PA),Piercer(PI),Scraper(SC),Shredder(SH)",All three cycles,Same/equivalent EPA label across available cycles
Benthic Macroinvertebrates,FFG_WSA,Yes,NRSA 1314 Benthic Taxa List,"Functional feeding group assignment used in WSA-based metrics;Collector-filterer(CF),Collector-gatherer(CG),Parasite(PA),Piercer(PI),Scraper(SC),Shredder(SH)",No,,,No,,,2013–2014 only,Not comparable across cycles
Benthic Macroinvertebrates,GENUS,Yes,NRSA 1314 Benthic Taxa List | NRSA 1314 Benthic Macroinvertebrate Count,Genus of taxon,Yes,NRSA 1819 Benthic Macroinvertebrate Count,Genus of taxon,Yes,NRSA 2324 Benthic Count | NRSA 2324 Benthic Taxa List,"Genus of taxon | Genus name | Genus of taxon, if available",All three cycles,Same/equivalent EPA label across available cycles
Benthic Macroinvertebrates,HABIT,Yes,NRSA 1314 Benthic Taxa List,"Habit used in metric calculations;Burrower(BU),Climber(CB),Clinger(CN),Diver(DV),Planktonic(PK),Skater(SK),Sprawler(SP),Swimmer(SW)",Yes,NRSA 1819 Benthic Macroinvertebrate Count,"Habit used in metric calculations;Burrower(BU),Climber(CB),Clinger(CN),Diver(DV),Planktonic(PK),Skater(SK),Sprawler(SP),Swimmer(SW)",Yes,NRSA 2324 Benthic Count | NRSA 2324 Benthic Taxa List,"Habit used in metric calculations;Burrower(BU),Climber(CB),Clinger(CN),Diver(DV),Planktonic(PK),Skater(SK),Sprawler(SP),Swimmer(SW)",All three cycles,Same/equivalent EPA label across available cycles
Benthic Macroinvertebrates,HABIT_WSA,Yes,NRSA 1314 Benthic Taxa List,"Habit group assignment used in WSA-based metrics;Burrower(BU),Climber(CB),Clinger(CN),Diver(DV),Planktonic(PK),Skater(SK),Sprawler(SP),Swimmer(SW)",No,,,No,,,2013–2014 only,Not comparable across cycles
Benthic Macroinvertebrates,HABT_PT,Yes,NRSA 1314 Benthic Macroinvertebrate MMI,Metric score for habit,Yes,NRSA 1819 Benthic Macroinvertebrate MMI,Metric score for habit,Yes,NRSA 2324 Benthic MMI,Metric score for habit,All three cycles,Same/equivalent EPA label across available cycles
Benthic Macroinvertebrates,HEMININD,Yes,NRSA 1314 Benthic Macroinvertebrate Metrics,Number of Hemiptera individuals in sample,No,,,No,,,2013–2014 only,Not comparable across cycles
Benthic Macroinvertebrates,HEMINTAX,Yes,NRSA 1314 Benthic Macroinvertebrate Metrics,No. of Hemiptera taxa,No,,,Yes,NRSA 2324 Benthic Metrics,No. of Hemiptera taxa,2013–2014 + 2023–2024,Same/equivalent EPA label across available cycles
Benthic Macroinvertebrates,HEMIPIND,Yes,NRSA 1314 Benthic Macroinvertebrate Metrics,% Hemiptera individuals,No,,,Yes,NRSA 2324 Benthic Metrics,% Hemiptera individuals,2013–2014 + 2023–2024,Same/equivalent EPA label across available cycles
Benthic Macroinvertebrates,HEMIPTAX,Yes,NRSA 1314 Benthic Macroinvertebrate Metrics,% Hemiptera taxa,No,,,Yes,NRSA 2324 Benthic Metrics,% Hemiptera taxa,2013–2014 + 2023–2024,Same/equivalent EPA label across available cycles
Benthic Macroinvertebrates,HPRIME,Yes,NRSA 1314 Benthic Macroinvertebrate Metrics,"Shannon diversity- sum of prop_i*ln(prop_i) based only on distinct taxa, where prop_i=proportion of species i in sample",No,,,Yes,NRSA 2324 Benthic Metrics,"Shannon diversity- sum of prop_i*ln(prop_i) based only on distinct taxa, where prop_i=proportion of species i in sample",2013–2014 + 2023–2024,Same/equivalent EPA label across available cycles
Benthic Macroinvertebrates,INDEX_VISIT,Yes,NRSA 1314 Benthic Macroinvertebrate MMI,Index visit Y/blank,No,,,No,,,2013–2014 only,Not comparable across cycles
Benthic Macroinvertebrates,INTLNIND,Yes,NRSA 1314 Benthic Macroinvertebrate Metrics,Number of individuals in sample with tolerance value <=3,No,,,No,,,2013–2014 only,Not comparable across cycles
Benthic Macroinvertebrates,INTLNTAX,Yes,NRSA 1314 Benthic Macroinvertebrate Metrics,No. of Intolerant (PTV<=3) taxa,No,,,Yes,NRSA 2324 Benthic Metrics,No. of Intolerant (PTV<=3) taxa,2013–2014 + 2023–2024,Same/equivalent EPA label across available cycles
Benthic Macroinvertebrates,INTLPIND,Yes,NRSA 1314 Benthic Macroinvertebrate Metrics,% Intolerant (PTV<=3) individuals,No,,,Yes,NRSA 2324 Benthic Metrics,% Intolerant (PTV<=3) individuals,2013–2014 + 2023–2024,Same/equivalent EPA label across available cycles
Benthic Macroinvertebrates,INTLPTAX,Yes,NRSA 1314 Benthic Macroinvertebrate Metrics,% Intolerant (PTV<=3) taxa,No,,,Yes,NRSA 2324 Benthic Metrics,% Intolerant (PTV<=3) taxa,2013–2014 + 2023–2024,Same/equivalent EPA label across available cycles
Benthic Macroinvertebrates,IS_DISTINCT,Yes,NRSA 1314 Benthic Macroinvertebrate Count,Distinctness of taxon within sample,Yes,NRSA 1819 Benthic Macroinvertebrate Count,Distinctness of taxon within sample,Yes,NRSA 2324 Benthic Count,Distinctness of taxon within sample,All three cycles,Same/equivalent EPA label across available cycles
Benthic Macroinvertebrates,IS_DISTINCT300,Yes,NRSA 1314 Benthic Macroinvertebrate Count,Distinctness in 300 organism subsample,Yes,NRSA 1819 Benthic Macroinvertebrate Count,Distinctness in 300 organism subsample,No,,,2013–2014 + 2018–2019,Same/equivalent EPA label across available cycles
Benthic Macroinvertebrates,ITISTSN,Yes,NRSA 1314 Benthic Taxa List,Taxonomic Serial Number assigned by IT IS,No,,,No,,,2013–2014 only,Not comparable across cycles
Benthic Macroinvertebrates,LAT_DD83,Yes,NRSA 1314 Benthic Macroinvertebrate MMI,Latitude (based on NAD83 datum) for stream site from NHD-based sample frame. | Latitude (based on NAD83 datum) for stream site from NHDPlusV2 Numeric. No missing values allowed.,No,,,No,,,2013–2014 only,Not comparable across cycles
Benthic Macroinvertebrates,LON_DD83,Yes,NRSA 1314 Benthic Macroinvertebrate MMI,Longitude (based on NAD83 datum) for stream site from NHD-based sample frame. | Longitude (based on NAD83 datum) for stream site from NHDPlusV2 Numeric. No missing values allowed.,No,,,No,,,2013–2014 only,Not comparable across cycles
Benthic Macroinvertebrates,METRIC_TAXA_ROOT,Yes,NRSA 1314 Benthic Macroinvertebrate MMI | NRSA 1314 Benthic Macroinvertebrate Metrics,"Taxonomic level used in calculation of metrics: WSA=taxonomic aggregation used in WSA-based NRSA MMI,LOWEST=NRSA target taxonomic level",No,,,No,,,2013–2014 only,Not comparable across cycles
Benthic Macroinvertebrates,MITENIND,Yes,NRSA 1314 Benthic Macroinvertebrate Metrics,Number of mite individuals in sample,No,,,No,,,2013–2014 only,Not comparable across cycles
Benthic Macroinvertebrates,MITENTAX,Yes,NRSA 1314 Benthic Macroinvertebrate Metrics,No. of Mite taxa,No,,,Yes,NRSA 2324 Benthic Metrics,No. of Mite taxa,2013–2014 + 2023–2024,Same/equivalent EPA label across available cycles
Benthic Macroinvertebrates,MITEPIND,Yes,NRSA 1314 Benthic Macroinvertebrate Metrics,% Mite individuals,No,,,Yes,NRSA 2324 Benthic Metrics,% Mite individuals,2013–2014 + 2023–2024,Same/equivalent EPA label across available cycles
Benthic Macroinvertebrates,MITEPTAX,Yes,NRSA 1314 Benthic Macroinvertebrate Metrics,% Mite taxa,No,,,Yes,NRSA 2324 Benthic Metrics,% Mite taxa,2013–2014 + 2023–2024,Same/equivalent EPA label across available cycles
Benthic Macroinvertebrates,MMI_BENT,Yes,NRSA 1314 Benthic Macroinvertebrate MMI,Benthic MMI score,Yes,NRSA 1819 Benthic Macroinvertebrate MMI,Benthic MMI score,Yes,NRSA 2324 Benthic MMI,Benthic MMI score,All three cycles,Same/equivalent EPA label across available cycles
Benthic Macroinvertebrates,MOLLNIND,Yes,NRSA 1314 Benthic Macroinvertebrate Metrics,Number of Mollusca individuals in sample,No,,,No,,,2013–2014 only,Not comparable across cycles
Benthic Macroinvertebrates,MOLLNTAX,Yes,NRSA 1314 Benthic Macroinvertebrate Metrics,No. of Mollusca taxa,No,,,Yes,NRSA 2324 Benthic Metrics,No. of Mollusca taxa,2013–2014 + 2023–2024,Same/equivalent EPA label across available cycles
Benthic Macroinvertebrates,MOLLPIND,Yes,NRSA 1314 Benthic Macroinvertebrate Metrics,% Mollusca individuals,No,,,Yes,NRSA 2324 Benthic Metrics,% Mollusca individuals,2013–2014 + 2023–2024,Same/equivalent EPA label across available cycles
Benthic Macroinvertebrates,MOLLPTAX,Yes,NRSA 1314 Benthic Macroinvertebrate Metrics,% Mollusca taxa,No,,,Yes,NRSA 2324 Benthic Metrics,% Mollusca taxa,2013–2014 + 2023–2024,Same/equivalent EPA label across available cycles
Benthic Macroinvertebrates,NOINNIND,Yes,NRSA 1314 Benthic Macroinvertebrate Metrics,Number of non-insects individuals in sample,No,,,No,,,2013–2014 only,Not comparable across cycles
Benthic Macroinvertebrates,NOINNTAX,Yes,NRSA 1314 Benthic Macroinvertebrate Metrics,No. of Non-insects taxa,No,,,Yes,NRSA 2324 Benthic Metrics,No. of Non-insects taxa,2013–2014 + 2023–2024,Same/equivalent EPA label across available cycles
Benthic Macroinvertebrates,NOINPIND,Yes,NRSA 1314 Benthic Macroinvertebrate Metrics,% Non-insects individuals,No,,,Yes,NRSA 2324 Benthic Metrics,% Non-insects individuals,2013–2014 + 2023–2024,Same/equivalent EPA label across available cycles
Benthic Macroinvertebrates,NOINPTAX,Yes,NRSA 1314 Benthic Macroinvertebrate Metrics,% Non-insects taxa,No,,,Yes,NRSA 2324 Benthic Metrics,% Non-insects taxa,2013–2014 + 2023–2024,Same/equivalent EPA label across available cycles
Benthic Macroinvertebrates,NON_TARGET,Yes,NRSA 1314 Benthic Taxa List,Operational taxon unit for NRSA O/E,Yes,NRSA 1819 Benthic Macroinvertebrate Count,Operational taxon unit for NRSA O/E,Yes,NRSA 2324 Benthic Count | NRSA 2324 Benthic Taxa List,Operational taxon unit for NRSA O/E,All three cycles,Same/equivalent EPA label across available cycles
Benthic Macroinvertebrates,NTOLNIND,Yes,NRSA 1314 Benthic Macroinvertebrate Metrics,Number of individuals in sample with tolerance value <6,No,,,No,,,2013–2014 only,Not comparable across cycles
Benthic Macroinvertebrates,NTOLNTAX,Yes,NRSA 1314 Benthic Macroinvertebrate Metrics,No. of non-tolerants (PTV<6) taxa,No,,,Yes,NRSA 2324 Benthic Metrics,No. of non-tolerants (PTV<6) taxa,2013–2014 + 2023–2024,Same/equivalent EPA label across available cycles
Benthic Macroinvertebrates,NTOLPIND,Yes,NRSA 1314 Benthic Macroinvertebrate Metrics,% non-tolerants (PTV<6) individuals,No,,,Yes,NRSA 2324 Benthic Metrics,% non-tolerants (PTV<6) individuals,2013–2014 + 2023–2024,Same/equivalent EPA label across available cycles
Benthic Macroinvertebrates,NTOLPTAX,Yes,NRSA 1314 Benthic Macroinvertebrate Metrics,% non-tolerants (PTV<6) taxa,No,,,Yes,NRSA 2324 Benthic Metrics,% non-tolerants (PTV<6) taxa,2013–2014 + 2023–2024,Same/equivalent EPA label across available cycles
Benthic Macroinvertebrates,ODONNIND,Yes,NRSA 1314 Benthic Macroinvertebrate Metrics,Number of Odonata individuals in sample,No,,,No,,,2013–2014 only,Not comparable across cycles
Benthic Macroinvertebrates,ODONNTAX,Yes,NRSA 1314 Benthic Macroinvertebrate Metrics,No. of Odonata taxa,No,,,Yes,NRSA 2324 Benthic Metrics,No. of Odonata taxa,2013–2014 + 2023–2024,Same/equivalent EPA label across available cycles
Benthic Macroinvertebrates,ODONPIND,Yes,NRSA 1314 Benthic Macroinvertebrate Metrics,% Odonata individuals,No,,,Yes,NRSA 2324 Benthic Metrics,% Odonata individuals,2013–2014 + 2023–2024,Same/equivalent EPA label across available cycles
Benthic Macroinvertebrates,ODONPTAX,Yes,NRSA 1314 Benthic Macroinvertebrate Metrics,% Odonata taxa,No,,,Yes,NRSA 2324 Benthic Metrics,% Odonata taxa,2013–2014 + 2023–2024,Same/equivalent EPA label across available cycles
Benthic Macroinvertebrates,OE_SCORE,Yes,NRSA 1314 Benthic Macroinvertebrate MMI,O/E score for benthic sample,No,,,No,,,2013–2014 only,Not comparable across cycles
Benthic Macroinvertebrates,OLLENIND,Yes,NRSA 1314 Benthic Macroinvertebrate Metrics,Number of oligochaete and leech individuals in sample,No,,,No,,,2013–2014 only,Not comparable across cycles
Benthic Macroinvertebrates,OLLENTAX,Yes,NRSA 1314 Benthic Macroinvertebrate Metrics,No. of Oligochaete and leech taxa,No,,,Yes,NRSA 2324 Benthic Metrics,No. of Oligochaete and leech taxa,2013–2014 + 2023–2024,Same/equivalent EPA label across available cycles
Benthic Macroinvertebrates,OLLEPIND,Yes,NRSA 1314 Benthic Macroinvertebrate Metrics,% Oligochaete and leech individuals,No,,,Yes,NRSA 2324 Benthic Metrics,% Oligochaete and leech individuals,2013–2014 + 2023–2024,Same/equivalent EPA label across available cycles
Benthic Macroinvertebrates,OLLEPTAX,Yes,NRSA 1314 Benthic Macroinvertebrate Metrics,% Oligochaete and leech taxa,No,,,Yes,NRSA 2324 Benthic Metrics,% Oligochaete and leech taxa,2013–2014 + 2023–2024,Same/equivalent EPA label across available cycles
Benthic Macroinvertebrates,ORDER,Yes,NRSA 1314 Benthic Taxa List | NRSA 1314 Benthic Macroinvertebrate Count,Order of taxon,Yes,NRSA 1819 Benthic Macroinvertebrate Count,Order of taxon,Yes,NRSA 2324 Benthic Count | NRSA 2324 Benthic Taxa List,Order of taxon | Order name,All three cycles,Same/equivalent EPA label across available cycles
Benthic Macroinvertebrates,ORTHCHIRPIND,Yes,NRSA 1314 Benthic Macroinvertebrate Metrics,% Chironomidae individuals in Orthocladiinae,No,,,Yes,NRSA 2324 Benthic Metrics,% Chironomidae individuals in Orthocladiinae,2013–2014 + 2023–2024,Same/equivalent EPA label across available cycles
Benthic Macroinvertebrates,ORTHNIND,Yes,NRSA 1314 Benthic Macroinvertebrate Metrics,Number of Orthocladiinae individuals in sample,No,,,No,,,2013–2014 only,Not comparable across cycles
Benthic Macroinvertebrates,ORTHNTAX,Yes,NRSA 1314 Benthic Macroinvertebrate Metrics,No. of Orthocladiinae chironomid taxa,No,,,Yes,NRSA 2324 Benthic Metrics,No. of Orthocladiinae chironomid taxa,2013–2014 + 2023–2024,Same/equivalent EPA label across available cycles
Benthic Macroinvertebrates,ORTHPIND,Yes,NRSA 1314 Benthic Macroinvertebrate Metrics,% Orthocladiinae chironomid individuals,No,,,Yes,NRSA 2324 Benthic Metrics,% Orthocladiinae chironomid individuals,2013–2014 + 2023–2024,Same/equivalent EPA label across available cycles
Benthic Macroinvertebrates,ORTHPTAX,Yes,NRSA 1314 Benthic Macroinvertebrate Metrics,% Orthocladiinae chironomid taxa,No,,,Yes,NRSA 2324 Benthic Metrics,% Orthocladiinae chironomid taxa,2013–2014 + 2023–2024,Same/equivalent EPA label across available cycles
Benthic Macroinvertebrates,OTU_NRSA,Yes,NRSA 1314 Benthic Taxa List,Family name,No,,,No,,,2013–2014 only,Not comparable across cycles
Benthic Macroinvertebrates,PHYLUM,Yes,NRSA 1314 Benthic Taxa List | NRSA 1314 Benthic Macroinvertebrate Count,Phylum of taxon,Yes,NRSA 1819 Benthic Macroinvertebrate Count,Phylum of taxon,Yes,NRSA 2324 Benthic Count | NRSA 2324 Benthic Taxa List,Phylum of taxon | Phylum name,All three cycles,Same/equivalent EPA label across available cycles
Benthic Macroinvertebrates,PLECNIND,Yes,NRSA 1314 Benthic Macroinvertebrate Metrics,Number of Plecoptera individuals in sample,No,,,No,,,2013–2014 only,Not comparable across cycles
Benthic Macroinvertebrates,PLECNTAX,Yes,NRSA 1314 Benthic Macroinvertebrate Metrics,No. of Plecoptera taxa,No,,,Yes,NRSA 2324 Benthic Metrics,No. of Plecoptera taxa,2013–2014 + 2023–2024,Same/equivalent EPA label across available cycles
Benthic Macroinvertebrates,PLECPIND,Yes,NRSA 1314 Benthic Macroinvertebrate Metrics,% Plecoptera individuals,No,,,Yes,NRSA 2324 Benthic Metrics,% Plecoptera individuals,2013–2014 + 2023–2024,Same/equivalent EPA label across available cycles
Benthic Macroinvertebrates,PLECPTAX,Yes,NRSA 1314 Benthic Macroinvertebrate Metrics,% Plecoptera taxa,No,,,Yes,NRSA 2324 Benthic Metrics,% Plecoptera taxa,2013–2014 + 2023–2024,Same/equivalent EPA label across available cycles
Benthic Macroinvertebrates,PREDNIND,Yes,NRSA 1314 Benthic Macroinvertebrate Metrics,Number of predator individuals in sample,No,,,No,,,2013–2014 only,Not comparable across cycles
Benthic Macroinvertebrates,PREDNTAX,Yes,NRSA 1314 Benthic Macroinvertebrate Metrics,No. of Predators taxa,No,,,Yes,NRSA 2324 Benthic Metrics,No. of Predators taxa,2013–2014 + 2023–2024,Same/equivalent EPA label across available cycles
Benthic Macroinvertebrates,PREDPIND,Yes,NRSA 1314 Benthic Macroinvertebrate Metrics,% Predators individuals,No,,,Yes,NRSA 2324 Benthic Metrics,% Predators individuals,2013–2014 + 2023–2024,Same/equivalent EPA label across available cycles
Benthic Macroinvertebrates,PREDPTAX,Yes,NRSA 1314 Benthic Macroinvertebrate Metrics,% Predators taxa,No,,,Yes,NRSA 2324 Benthic Metrics,% Predators taxa,2013–2014 + 2023–2024,Same/equivalent EPA label across available cycles
Benthic Macroinvertebrates,PSTL_CODE,Yes,NRSA 1314 Benthic Macroinvertebrate MMI | NRSA 1314 Benthic Macroinvertebrate Metrics,"State two-letter postal code | State two letter postal code 50 state postal codes plus AS, MP, GU, PR, VI for American Samoa, Commonwealth of Northern Marianas, Guam, Puerto Rico and Virgin Islands. No missing values allowed.",No,,,Yes,NRSA 2324 Benthic Count | NRSA 2324 Benthic Metrics | NRSA 2324 Benthic MMI,"State two letter postal code for site sampled. 50 state postal codes plus AS, MP, GU, PR, VI for American Samoa, Commonwealth of Northern Marianas, Guam, Puerto Rico and Virgin Islands. No missing or \blank\"" values allowed.""",2013–2014 + 2023–2024,EPA label differs and/or is blank across cycles
Benthic Macroinvertebrates,PTV,Yes,NRSA 1314 Benthic Taxa List,Pollution tolerance value as assigned for NWSA,Yes,NRSA 1819 Benthic Macroinvertebrate Count,Pollution tolerance value as assigned for NWSA,Yes,NRSA 2324 Benthic Count | NRSA 2324 Benthic Taxa List,Pollution tolerance value as assigned for NWSA,All three cycles,Same/equivalent EPA label across available cycles
Benthic Macroinvertebrates,PTV_WSA,Yes,NRSA 1314 Benthic Taxa List,Pollution tolerance value used in WSA-based metrics,No,,,No,,,2013–2014 only,Not comparable across cycles
Benthic Macroinvertebrates,PUBLICATION_DATE,Yes,NRSA 1314 Benthic Macroinvertebrate MMI | NRSA 1314 Benthic Taxa List | NRSA 1314 Benthic Macroinvertebrate Metrics,Date of data file publication,No,,,Yes,NRSA 2324 Benthic Metrics | NRSA 2324 Benthic MMI | NRSA 2324 Benthic Taxa List,Date of data file publication,2013–2014 + 2023–2024,Same/equivalent EPA label across available cycles
Benthic Macroinvertebrates,RICH_PT,Yes,NRSA 1314 Benthic Macroinvertebrate MMI,Metric score for taxa richness,Yes,NRSA 1819 Benthic Macroinvertebrate MMI,Metric score for taxa richness,Yes,NRSA 2324 Benthic MMI,Metric score for taxa richness,All three cycles,Same/equivalent EPA label across available cycles
Benthic Macroinvertebrates,SAMPLE_TYPE,Yes,NRSA 1314 Benthic Macroinvertebrate MMI | NRSA 1314 Benthic Macroinvertebrate Metrics,Sample type,Yes,NRSA 1819 Benthic Macroinvertebrate Count | NRSA 1819 Benthic Macroinvertebrate MMI,Code identifying sample type,Yes,NRSA 2324 Benthic Count | NRSA 2324 Benthic Metrics | NRSA 2324 Benthic MMI,Sample type; BETB = non-wadable method (Benthic Boatable) and BERW = wadeable method (Benthic Reach Wide),All three cycles,EPA label differs and/or is blank across cycles
Benthic Macroinvertebrates,SCRPNIND,Yes,NRSA 1314 Benthic Macroinvertebrate Metrics,Number of scraper individuals in sample,No,,,No,,,2013–2014 only,Not comparable across cycles
Benthic Macroinvertebrates,SCRPNTAX,Yes,NRSA 1314 Benthic Macroinvertebrate Metrics,No. of Scrapers taxa,No,,,Yes,NRSA 2324 Benthic Metrics,No. of Scrapers taxa,2013–2014 + 2023–2024,Same/equivalent EPA label across available cycles
Benthic Macroinvertebrates,SCRPPIND,Yes,NRSA 1314 Benthic Macroinvertebrate Metrics,% Scrapers individuals,No,,,Yes,NRSA 2324 Benthic Metrics,% Scrapers individuals,2013–2014 + 2023–2024,Same/equivalent EPA label across available cycles
Benthic Macroinvertebrates,SCRPPTAX,Yes,NRSA 1314 Benthic Macroinvertebrate Metrics,% Scrapers taxa,No,,,Yes,NRSA 2324 Benthic Metrics,% Scrapers taxa,2013–2014 + 2023–2024,Same/equivalent EPA label across available cycles
Benthic Macroinvertebrates,SHRDNIND,Yes,NRSA 1314 Benthic Macroinvertebrate Metrics,Number of shredder individuals in sample,No,,,No,,,2013–2014 only,Not comparable across cycles
Benthic Macroinvertebrates,SHRDNTAX,Yes,NRSA 1314 Benthic Macroinvertebrate Metrics,No. of Shredders taxa,No,,,Yes,NRSA 2324 Benthic Metrics,No. of Shredders taxa,2013–2014 + 2023–2024,Same/equivalent EPA label across available cycles
Benthic Macroinvertebrates,SHRDPIND,Yes,NRSA 1314 Benthic Macroinvertebrate Metrics,% Shredders individuals,No,,,Yes,NRSA 2324 Benthic Metrics,% Shredders individuals,2013–2014 + 2023–2024,Same/equivalent EPA label across available cycles
Benthic Macroinvertebrates,SHRDPTAX,Yes,NRSA 1314 Benthic Macroinvertebrate Metrics,% Shredders taxa,No,,,Yes,NRSA 2324 Benthic Metrics,% Shredders taxa,2013–2014 + 2023–2024,Same/equivalent EPA label across available cycles
Benthic Macroinvertebrates,SITE_ID,Yes,NRSA 1314 Benthic Macroinvertebrate MMI | NRSA 1314 Benthic Macroinvertebrate Metrics,"Site ID for the study and year sampled. Preferred form is NRSnn_MM-xxxxx where nn is current cycle year (04, 08, 13, 18, etc), MM is two letter state code, and xxxxx is between 10001 and 99999. Text. No missing values allowed. | Site ID",Yes,NRSA 1819 Benthic Macroinvertebrate Count | NRSA 1819 Benthic Macroinvertebrate MMI,"Identification code for site | Site ID for the study and year sampled. Preferred form is NRSnn_MM-xxxxx where nn is current cycle year (04, 08, 13, 18, etc), MM is two letter state code, and xxxxx is between 10001 and 99999. Text. No missing values allowed.",Yes,NRSA 2324 Benthic Count | NRSA 2324 Benthic Metrics | NRSA 2324 Benthic MMI,"Site ID for the study and year sampled. Preferred form is NRSnn_MM-xxxxx where nn is current cycle year (04, 08, 13, 18, etc), MM is two letter state code, and xxxxx is between 10001 and 99999. No missing or \blank\"" values allowed.""",All three cycles,EPA label differs and/or is blank across cycles
Benthic Macroinvertebrates,SITESAMP,No,,,Yes,NRSA 1819 Benthic Macroinvertebrate Count | NRSA 1819 Benthic Macroinvertebrate MMI,Did you sample this site (Y/N),No,,,2018–2019 only,Not comparable across cycles
Benthic Macroinvertebrates,SITETYPE,Yes,NRSA 1314 Benthic Macroinvertebrate MMI | NRSA 1314 Benthic Macroinvertebrate Metrics,"Site type (Probability-based or hand-picked). PROB for sites from probability survey. Usually HAND for hand-picked sites. In EMAP West and WSA, STARHAND is used to identify hand-picked sites that do not have all CORE indicators available. | Site type (Probability-based or hand-picked)",No,,,No,,,2013–2014 only,Not comparable across cycles
Benthic Macroinvertebrates,SPWLNIND,Yes,NRSA 1314 Benthic Macroinvertebrate Metrics,Number of sprawler individuals in sample,No,,,No,,,2013–2014 only,Not comparable across cycles
Benthic Macroinvertebrates,SPWLNTAX,Yes,NRSA 1314 Benthic Macroinvertebrate Metrics,No. of Sprawlers taxa,No,,,Yes,NRSA 2324 Benthic Metrics,No. of Sprawlers taxa,2013–2014 + 2023–2024,Same/equivalent EPA label across available cycles
Benthic Macroinvertebrates,SPWLPIND,Yes,NRSA 1314 Benthic Macroinvertebrate Metrics,% Sprawlers individuals,No,,,Yes,NRSA 2324 Benthic Metrics,% Sprawlers individuals,2013–2014 + 2023–2024,Same/equivalent EPA label across available cycles
Benthic Macroinvertebrates,SPWLPTAX,Yes,NRSA 1314 Benthic Macroinvertebrate Metrics,% Sprawlers taxa,No,,,Yes,NRSA 2324 Benthic Metrics,% Sprawlers taxa,2013–2014 + 2023–2024,Same/equivalent EPA label across available cycles
Benthic Macroinvertebrates,STATE,No,,,Yes,NRSA 1819 Benthic Macroinvertebrate Count | NRSA 1819 Benthic Macroinvertebrate MMI,State,No,,,2018–2019 only,Not comparable across cycles
Benthic Macroinvertebrates,STOLNIND,Yes,NRSA 1314 Benthic Macroinvertebrate Metrics,Number of individuals in sample with tolerance value >=8,No,,,No,,,2013–2014 only,Not comparable across cycles
Benthic Macroinvertebrates,STOLNTAX,Yes,NRSA 1314 Benthic Macroinvertebrate Metrics,No. of taxa with PTV>=8,No,,,Yes,NRSA 2324 Benthic Metrics,No. of taxa with PTV>=8,2013–2014 + 2023–2024,Same/equivalent EPA label across available cycles
Benthic Macroinvertebrates,STOLPIND,Yes,NRSA 1314 Benthic Macroinvertebrate Metrics,% Individuals with PTV>=8,No,,,Yes,NRSA 2324 Benthic Metrics,% Individuals with PTV>=8,2013–2014 + 2023–2024,Same/equivalent EPA label across available cycles
Benthic Macroinvertebrates,STOLPTAX,Yes,NRSA 1314 Benthic Macroinvertebrate Metrics,% taxa with PTV>=8,No,,,Yes,NRSA 2324 Benthic Metrics,% taxa with PTV>=8,2013–2014 + 2023–2024,Same/equivalent EPA label across available cycles
Benthic Macroinvertebrates,SUBFAMILY,Yes,NRSA 1314 Benthic Taxa List | NRSA 1314 Benthic Macroinvertebrate Count,Subfamily of taxon,Yes,NRSA 1819 Benthic Macroinvertebrate Count,Subfamily of taxon,Yes,NRSA 2324 Benthic Count | NRSA 2324 Benthic Taxa List,Subfamily of taxon,All three cycles,Same/equivalent EPA label across available cycles
Benthic Macroinvertebrates,SWIMNIND,Yes,NRSA 1314 Benthic Macroinvertebrate Metrics,Number of swimmer individuals in sample,No,,,No,,,2013–2014 only,Not comparable across cycles
Benthic Macroinvertebrates,SWIMNTAX,Yes,NRSA 1314 Benthic Macroinvertebrate Metrics,No. of Swimmers taxa,No,,,Yes,NRSA 2324 Benthic Metrics,No. of Swimmers taxa,2013–2014 + 2023–2024,Same/equivalent EPA label across available cycles
Benthic Macroinvertebrates,SWIMPIND,Yes,NRSA 1314 Benthic Macroinvertebrate Metrics,% Swimmers individuals,No,,,Yes,NRSA 2324 Benthic Metrics,% Swimmers individuals,2013–2014 + 2023–2024,Same/equivalent EPA label across available cycles
Benthic Macroinvertebrates,SWIMPTAX,Yes,NRSA 1314 Benthic Macroinvertebrate Metrics,% Swimmers taxa,No,,,Yes,NRSA 2324 Benthic Metrics,% Swimmers taxa,2013–2014 + 2023–2024,Same/equivalent EPA label across available cycles
Benthic Macroinvertebrates,TANYNIND,Yes,NRSA 1314 Benthic Macroinvertebrate Metrics,Number of Tanytarsini individuals in sample,No,,,No,,,2013–2014 only,Not comparable across cycles
Benthic Macroinvertebrates,TANYNTAX,Yes,NRSA 1314 Benthic Macroinvertebrate Metrics,No. of Tanytarsini taxa,No,,,Yes,NRSA 2324 Benthic Metrics,No. of Tanytarsini taxa,2013–2014 + 2023–2024,Same/equivalent EPA label across available cycles
Benthic Macroinvertebrates,TANYPIND,Yes,NRSA 1314 Benthic Macroinvertebrate Metrics,% Tanytarsini individuals,No,,,Yes,NRSA 2324 Benthic Metrics,% Tanytarsini individuals,2013–2014 + 2023–2024,Same/equivalent EPA label across available cycles
Benthic Macroinvertebrates,TANYPTAX,Yes,NRSA 1314 Benthic Macroinvertebrate Metrics,% Tanytarsini taxa,No,,,Yes,NRSA 2324 Benthic Metrics,% Tanytarsini taxa,2013–2014 + 2023–2024,Same/equivalent EPA label across available cycles
Benthic Macroinvertebrates,TARGET_TAXON,Yes,NRSA 1314 Benthic Taxa List | NRSA 1314 Benthic Macroinvertebrate Count,TAXANAME AT TARGET HIERARCHICAL TAXONOMIC LEVEL | Name of taxon at target taxon level,Yes,NRSA 1819 Benthic Macroinvertebrate Count,Taxaname at target hierarchical taxonomic level,Yes,NRSA 2324 Benthic Count | NRSA 2324 Benthic Taxa List,Name of taxon at target taxon level,All three cycles,EPA label differs and/or is blank across cycles
Benthic Macroinvertebrates,TAXA_ID,Yes,NRSA 1314 Benthic Taxa List,Taxonomic ID number,Yes,NRSA 1819 Benthic Macroinvertebrate Count,NLA Taxon ID number,Yes,NRSA 2324 Benthic Count | NRSA 2324 Benthic Taxa List,Taxonomic ID number,All three cycles,EPA label differs and/or is blank across cycles
Benthic Macroinvertebrates,TL01NIND,Yes,NRSA 1314 Benthic Macroinvertebrate Metrics,Number of individuals in sample with tolerance value <2,No,,,No,,,2013–2014 only,Not comparable across cycles
Benthic Macroinvertebrates,TL01NTAX,Yes,NRSA 1314 Benthic Macroinvertebrate Metrics,No. of taxa with PTV<2,No,,,Yes,NRSA 2324 Benthic Metrics,No. of taxa with PTV<2,2013–2014 + 2023–2024,Same/equivalent EPA label across available cycles
Benthic Macroinvertebrates,TL01PIND,Yes,NRSA 1314 Benthic Macroinvertebrate Metrics,% Individuals with PTV <2,No,,,Yes,NRSA 2324 Benthic Metrics,% Individuals with PTV <2,2013–2014 + 2023–2024,Same/equivalent EPA label across available cycles
Benthic Macroinvertebrates,TL01PTAX,Yes,NRSA 1314 Benthic Macroinvertebrate Metrics,% taxa with PTV<2,No,,,Yes,NRSA 2324 Benthic Metrics,% taxa with PTV<2,2013–2014 + 2023–2024,Same/equivalent EPA label across available cycles
Benthic Macroinvertebrates,TL23NIND,Yes,NRSA 1314 Benthic Macroinvertebrate Metrics,Number of individuals in sample with tolerance value >=2 and <4,No,,,No,,,2013–2014 only,Not comparable across cycles
Benthic Macroinvertebrates,TL23NTAX,Yes,NRSA 1314 Benthic Macroinvertebrate Metrics,No. taxa with PTV >=2 & <4,No,,,Yes,NRSA 2324 Benthic Metrics,No. taxa with PTV >=2 & <4,2013–2014 + 2023–2024,Same/equivalent EPA label across available cycles
Benthic Macroinvertebrates,TL23PIND,Yes,NRSA 1314 Benthic Macroinvertebrate Metrics,% individuals with PTV >=2 & <4,No,,,Yes,NRSA 2324 Benthic Metrics,% individuals with PTV >=2 & <4,2013–2014 + 2023–2024,Same/equivalent EPA label across available cycles
Benthic Macroinvertebrates,TL23PTAX,Yes,NRSA 1314 Benthic Macroinvertebrate Metrics,% taxa with PTV>=2 & <4,No,,,Yes,NRSA 2324 Benthic Metrics,% taxa with PTV>=2 & <4,2013–2014 + 2023–2024,Same/equivalent EPA label across available cycles
Benthic Macroinvertebrates,TL45NIND,Yes,NRSA 1314 Benthic Macroinvertebrate Metrics,Number of individuals in sample with tolerance value >=4 and <6,No,,,No,,,2013–2014 only,Not comparable across cycles
Benthic Macroinvertebrates,TL45NTAX,Yes,NRSA 1314 Benthic Macroinvertebrate Metrics,No. taxa with PTV >=4 & <6,No,,,Yes,NRSA 2324 Benthic Metrics,No. taxa with PTV >=4 & <6,2013–2014 + 2023–2024,Same/equivalent EPA label across available cycles
Benthic Macroinvertebrates,TL45PIND,Yes,NRSA 1314 Benthic Macroinvertebrate Metrics,% individuals with PTV >=4 & <6,No,,,Yes,NRSA 2324 Benthic Metrics,% individuals with PTV >=4 & <6,2013–2014 + 2023–2024,Same/equivalent EPA label across available cycles
Benthic Macroinvertebrates,TL45PTAX,Yes,NRSA 1314 Benthic Macroinvertebrate Metrics,% taxa with PTV>=4 & <6,No,,,Yes,NRSA 2324 Benthic Metrics,% taxa with PTV>=4 & <6,2013–2014 + 2023–2024,Same/equivalent EPA label across available cycles
Benthic Macroinvertebrates,TL67NIND,Yes,NRSA 1314 Benthic Macroinvertebrate Metrics,Number of individuals in sample with tolerance value >=6 and <8,No,,,No,,,2013–2014 only,Not comparable across cycles
Benthic Macroinvertebrates,TL67NTAX,Yes,NRSA 1314 Benthic Macroinvertebrate Metrics,No. taxa with PTV >=6 & <8,No,,,Yes,NRSA 2324 Benthic Metrics,No. taxa with PTV >=6 & <8,2013–2014 + 2023–2024,Same/equivalent EPA label across available cycles
Benthic Macroinvertebrates,TL67PIND,Yes,NRSA 1314 Benthic Macroinvertebrate Metrics,% individuals with PTV >=6 & <8,No,,,Yes,NRSA 2324 Benthic Metrics,% individuals with PTV >=6 & <8,2013–2014 + 2023–2024,Same/equivalent EPA label across available cycles
Benthic Macroinvertebrates,TL67PTAX,Yes,NRSA 1314 Benthic Macroinvertebrate Metrics,% taxa with PTV>=6 & <8,No,,,Yes,NRSA 2324 Benthic Metrics,% taxa with PTV>=6 & <8,2013–2014 + 2023–2024,Same/equivalent EPA label across available cycles
Benthic Macroinvertebrates,TOLR_PT,Yes,NRSA 1314 Benthic Macroinvertebrate MMI,Metric score for tolerance metric,Yes,NRSA 1819 Benthic Macroinvertebrate MMI,Metric score for tolerance metric,Yes,NRSA 2324 Benthic MMI,Metric score for tolerance metric,All three cycles,Same/equivalent EPA label across available cycles
Benthic Macroinvertebrates,TOLRNIND,Yes,NRSA 1314 Benthic Macroinvertebrate Metrics,Number of individuals in sample with tolerance value >=7,No,,,No,,,2013–2014 only,Not comparable across cycles
Benthic Macroinvertebrates,TOLRNTAX,Yes,NRSA 1314 Benthic Macroinvertebrate Metrics,No. of Tolerant (PTV>=7) taxa,No,,,Yes,NRSA 2324 Benthic Metrics,No. of Tolerant (PTV>=7) taxa,2013–2014 + 2023–2024,Same/equivalent EPA label across available cycles
Benthic Macroinvertebrates,TOLRPIND,Yes,NRSA 1314 Benthic Macroinvertebrate Metrics,% Tolerant (PTV>=7) individuals,No,,,Yes,NRSA 2324 Benthic Metrics,% Tolerant (PTV>=7) individuals,2013–2014 + 2023–2024,Same/equivalent EPA label across available cycles
Benthic Macroinvertebrates,TOLRPTAX,Yes,NRSA 1314 Benthic Macroinvertebrate Metrics,% Tolerant (PTV>=7) taxa,No,,,Yes,NRSA 2324 Benthic Metrics,% Tolerant (PTV>=7) taxa,2013–2014 + 2023–2024,Same/equivalent EPA label across available cycles
Benthic Macroinvertebrates,TOTAL,Yes,NRSA 1314 Benthic Macroinvertebrate Count,TOTAL NUMBER OF INDIVIDUALS COUNTED | Total number of individuals sorted for given taxon,Yes,NRSA 1819 Benthic Macroinvertebrate Count,Total number of individuals counted | Total number of individuals sorted for given taxon,Yes,NRSA 2324 Benthic Count,Total number of individuals sorted for given taxon,All three cycles,Same/equivalent EPA label across available cycles
Benthic Macroinvertebrates,TOTAL300,Yes,NRSA 1314 Benthic Macroinvertebrate Count,Total of given taxon using subsampling.exe for 300 organism subsample,Yes,NRSA 1819 Benthic Macroinvertebrate Count,Total of given taxon using subsampling.exe for 300 organism subsample,No,,,2013–2014 + 2018–2019,Same/equivalent EPA label across available cycles
Benthic Macroinvertebrates,TOTLNIND,Yes,NRSA 1314 Benthic Macroinvertebrate Metrics,Number of individuals in sample,No,,,Yes,NRSA 2324 Benthic Metrics,Number of individuals in sample,2013–2014 + 2023–2024,Same/equivalent EPA label across available cycles
Benthic Macroinvertebrates,TOTLNTAX,Yes,NRSA 1314 Benthic Macroinvertebrate Metrics,Number of distinct taxa in sample,No,,,Yes,NRSA 2324 Benthic Metrics,Number of distinct taxa in sample,2013–2014 + 2023–2024,Same/equivalent EPA label across available cycles
Benthic Macroinvertebrates,TRIBE,Yes,NRSA 1314 Benthic Taxa List | NRSA 1314 Benthic Macroinvertebrate Count,Tribe of taxon,Yes,NRSA 1819 Benthic Macroinvertebrate Count,Tribe of taxon,Yes,NRSA 2324 Benthic Count | NRSA 2324 Benthic Taxa List,Tribe of taxon,All three cycles,Same/equivalent EPA label across available cycles
Benthic Macroinvertebrates,TRICNIND,Yes,NRSA 1314 Benthic Macroinvertebrate Metrics,Number of Trichoptera individuals in sample,No,,,No,,,2013–2014 only,Not comparable across cycles
Benthic Macroinvertebrates,TRICNTAX,Yes,NRSA 1314 Benthic Macroinvertebrate Metrics,No. of Trichoptera taxa,No,,,Yes,NRSA 2324 Benthic Metrics,No. of Trichoptera taxa,2013–2014 + 2023–2024,Same/equivalent EPA label across available cycles
Benthic Macroinvertebrates,TRICPIND,Yes,NRSA 1314 Benthic Macroinvertebrate Metrics,% Trichoptera individuals,No,,,Yes,NRSA 2324 Benthic Metrics,% Trichoptera individuals,2013–2014 + 2023–2024,Same/equivalent EPA label across available cycles
Benthic Macroinvertebrates,TRICPTAX,Yes,NRSA 1314 Benthic Macroinvertebrate Metrics,% Trichoptera taxa,No,,,Yes,NRSA 2324 Benthic Metrics,% Trichoptera taxa,2013–2014 + 2023–2024,Same/equivalent EPA label across available cycles
Benthic Macroinvertebrates,TUBINAIDNIND,Yes,NRSA 1314 Benthic Macroinvertebrate Metrics,Number of Tubificidae and Naididae individuals in sample,No,,,No,,,2013–2014 only,Not comparable across cycles
Benthic Macroinvertebrates,TUBINAIDNTAX,Yes,NRSA 1314 Benthic Macroinvertebrate Metrics,No. of Tubificidae and Naididae taxa,No,,,Yes,NRSA 2324 Benthic Metrics,No. of Tubificidae and Naididae taxa,2013–2014 + 2023–2024,Same/equivalent EPA label across available cycles
Benthic Macroinvertebrates,TUBINAIDPIND,Yes,NRSA 1314 Benthic Macroinvertebrate Metrics,% Tubificidae and Naididae individuals,No,,,Yes,NRSA 2324 Benthic Metrics,% Tubificidae and Naididae individuals,2013–2014 + 2023–2024,Same/equivalent EPA label across available cycles
Benthic Macroinvertebrates,TUBINAIDPTAX,Yes,NRSA 1314 Benthic Macroinvertebrate Metrics,% Tubificidae and Naididae taxa,No,,,Yes,NRSA 2324 Benthic Metrics,% Tubificidae and Naididae taxa,2013–2014 + 2023–2024,Same/equivalent EPA label across available cycles
Benthic Macroinvertebrates,UID,Yes,NRSA 1314 Benthic Macroinvertebrate MMI | NRSA 1314 Benthic Macroinvertebrate Metrics,Unique site visit ID,Yes,NRSA 1819 Benthic Macroinvertebrate Count | NRSA 1819 Benthic Macroinvertebrate MMI,Unique identifier for the site/visit,Yes,NRSA 2324 Benthic Count | NRSA 2324 Benthic Metrics | NRSA 2324 Benthic MMI,Unique site visit ID,All three cycles,EPA label differs and/or is blank across cycles
Benthic Macroinvertebrates,UNIQUE_ID,No,,,Yes,NRSA 1819 Benthic Macroinvertebrate Count | NRSA 1819 Benthic Macroinvertebrate MMI,Unique site ID based on location that does not depend on year sampled or any other factor. Form is NRS_ss_nnnnn where ss state and nnnnn is number that starts at 10001. No missing values allowed.,Yes,NRSA 2324 Benthic Count | NRSA 2324 Benthic Metrics | NRSA 2324 Benthic MMI,Unique site ID based on location that does not depend on year sampled or any other factor. Form is NRS_ss_nnnnn where ss state and nnnnn is number that starts at 10001. No missing values allowed.,2018–2019 + 2023–2024,Same/equivalent EPA label across available cycles
Benthic Macroinvertebrates,VISIT_NO,Yes,NRSA 1314 Benthic Macroinvertebrate MMI | NRSA 1314 Benthic Macroinvertebrate Metrics,Number identifying which visit this is,Yes,NRSA 1819 Benthic Macroinvertebrate Count | NRSA 1819 Benthic Macroinvertebrate MMI,Sequential number of visit to site,Yes,NRSA 2324 Benthic Count | NRSA 2324 Benthic Metrics | NRSA 2324 Benthic MMI,Number identifying which visit this is,All three cycles,EPA label differs and/or is blank across cycles
Benthic Macroinvertebrates,VOLTINISM,Yes,NRSA 1314 Benthic Taxa List,Voltinism as assigned by USGS,No,,,No,,,2013–2014 only,Not comparable across cycles
Benthic Macroinvertebrates,WTD_TV,Yes,NRSA 1314 Benthic Macroinvertebrate Metrics,"Hilsenhoff Biotic Index (HBI), sum of TV_i*prop_i, where TV_i=tolerance value for species i and prop_i=proportion of taxon i in sample, based on all taxa in sample",No,,,Yes,NRSA 2324 Benthic Metrics,"Hilsenhoff Biotic Index (HBI), sum of TV_i*prop_i, where TV_i=tolerance value for species i and prop_i=proportion of taxon i in sample, based on all taxa in sample",2013–2014 + 2023–2024,Same/equivalent EPA label across available cycles
Chlorophyll-a,AG_ECO9,No,,,Yes,NRSA 1819 Periphyton Chlorophyll-a,"NARS 9-level reporting region, based on aggregated Omernik Level III ecoregions. No missing or \blank\"" values allowed.""",No,,,2018–2019 only,Not comparable across cycles
Chlorophyll-a,BATCH_ID,No,,,No,,,Yes,NRSA 2324 Periphyton Chlorophyll-a,Laboratory Batch ID,2023–2024 only,Not comparable across cycles
Chlorophyll-a,CHLA_BATCH_ID,No,,,Yes,NRSA 1819 Periphyton Chlorophyll-a,Lab batch id - Chlorophyll-a as ug/L in water sample,No,,,2018–2019 only,Not comparable across cycles
Chlorophyll-a,CHLA_DATE_ANALYZED,Yes,NRSA 1314 Periphyton Chlorophyll | NRSA 1314 Water Column Chlorophyll,Chlorophyll a for NA,No,,,No,,,2013–2014 only,Not comparable across cycles
Chlorophyll-a,CHLA_DATE_FILTERED,Yes,NRSA 1314 Periphyton Chlorophyll | NRSA 1314 Water Column Chlorophyll,Chlorophyll a for NA,No,,,No,,,2013–2014 only,Not comparable across cycles
Chlorophyll-a,CHLA_DATE_PROCESSED,Yes,NRSA 1314 Periphyton Chlorophyll | NRSA 1314 Water Column Chlorophyll,Chlorophyll a for NA,No,,,No,,,2013–2014 only,Not comparable across cycles
Chlorophyll-a,CHLA_DATE_RECEIVED,Yes,NRSA 1314 Periphyton Chlorophyll | NRSA 1314 Water Column Chlorophyll,Chlorophyll a for NA,No,,,No,,,2013–2014 only,Not comparable across cycles
Chlorophyll-a,CHLA_DILUTION_FACTOR,Yes,NRSA 1314 Periphyton Chlorophyll | NRSA 1314 Water Column Chlorophyll,Chlorophyll a for NA,No,,,No,,,2013–2014 only,Not comparable across cycles
Chlorophyll-a,CHLA_EXTRACT,Yes,NRSA 1314 Periphyton Chlorophyll | NRSA 1314 Water Column Chlorophyll,Chlorophyll a for NA,No,,,No,,,2013–2014 only,Not comparable across cycles
Chlorophyll-a,CHLA_EXTRACT_VOL,Yes,NRSA 1314 Periphyton Chlorophyll,Chlorophyll a for NA,No,,,No,,,2013–2014 only,Not comparable across cycles
Chlorophyll-a,CHLA_HOLD_TIME_FLAG,Yes,NRSA 1314 Periphyton Chlorophyll | NRSA 1314 Water Column Chlorophyll,Chlorophyll a for NA,No,,,No,,,2013–2014 only,Not comparable across cycles
Chlorophyll-a,CHLA_HOLDING_TIME,Yes,NRSA 1314 Periphyton Chlorophyll | NRSA 1314 Water Column Chlorophyll,Chlorophyll a for NA,No,,,No,,,2013–2014 only,Not comparable across cycles
Chlorophyll-a,CHLA_LAB_SAMPLE_ID,Yes,NRSA 1314 Periphyton Chlorophyll | NRSA 1314 Water Column Chlorophyll,Chlorophyll a for NA,No,,,No,,,2013–2014 only,Not comparable across cycles
Chlorophyll-a,CHLA_MDL,Yes,NRSA 1314 Periphyton Chlorophyll | NRSA 1314 Water Column Chlorophyll,Chlorophyll a for NA,No,,,No,,,2013–2014 only,Not comparable across cycles
Chlorophyll-a,CHLA_NARS_FLAG,Yes,NRSA 1314 Periphyton Chlorophyll | NRSA 1314 Water Column Chlorophyll,Chlorophyll a for NA,No,,,No,,,2013–2014 only,Not comparable across cycles
Chlorophyll-a,CHLA_QA_FLAG,Yes,NRSA 1314 Periphyton Chlorophyll | NRSA 1314 Water Column Chlorophyll,Chlorophyll a for NA,No,,,No,,,2013–2014 only,Not comparable across cycles
Chlorophyll-a,CHLA_RESULT,Yes,NRSA 1314 Periphyton Chlorophyll | NRSA 1314 Water Column Chlorophyll,Chlorophyll a for NA,No,,,No,,,2013–2014 only,Not comparable across cycles
Chlorophyll-a,CHLA_RESULT_VOL,Yes,NRSA 1314 Periphyton Chlorophyll,Chlorophyll a for NA,No,,,No,,,2013–2014 only,Not comparable across cycles
Chlorophyll-a,CHLA_RL,Yes,NRSA 1314 Periphyton Chlorophyll | NRSA 1314 Water Column Chlorophyll,Chlorophyll a for NA,No,,,No,,,2013–2014 only,Not comparable across cycles
Chlorophyll-a,CHLA_SAMPLE_ID,Yes,NRSA 1314 Periphyton Chlorophyll | NRSA 1314 Water Column Chlorophyll,Chlorophyll a for NA,No,,,No,,,2013–2014 only,Not comparable across cycles
Chlorophyll-a,CHLA_SAMPLEVOL,Yes,NRSA 1314 Periphyton Chlorophyll | NRSA 1314 Water Column Chlorophyll,Chlorophyll a for NA,No,,,No,,,2013–2014 only,Not comparable across cycles
Chlorophyll-a,CHLA_SHIP_FLAG,Yes,NRSA 1314 Periphyton Chlorophyll | NRSA 1314 Water Column Chlorophyll,Chlorophyll a for NA,No,,,No,,,2013–2014 only,Not comparable across cycles
Chlorophyll-a,CHLA_VOLUME_ADJUST,Yes,NRSA 1314 Periphyton Chlorophyll | NRSA 1314 Water Column Chlorophyll,Chlorophyll a for NA,No,,,No,,,2013–2014 only,Not comparable across cycles
Chlorophyll-a,CHLA_VOLUME_FILTERED,Yes,NRSA 1314 Periphyton Chlorophyll | NRSA 1314 Water Column Chlorophyll,Chlorophyll a for NA,No,,,No,,,2013–2014 only,Not comparable across cycles
Chlorophyll-a,DATE_ANALYZED,No,,,Yes,NRSA 1819 Periphyton Chlorophyll-a,Date sample analyzed,Yes,NRSA 2324 Periphyton Chlorophyll-a,Date sample analyzed,2018–2019 + 2023–2024,Same/equivalent EPA label across available cycles
Chlorophyll-a,DATE_COL,No,,,Yes,NRSA 1819 Periphyton Chlorophyll-a,Date collected,Yes,NRSA 2324 Periphyton Chlorophyll-a,Date of data collection in field,2018–2019 + 2023–2024,EPA label differs and/or is blank across cycles
Chlorophyll-a,DATE_RECEIVED,No,,,Yes,NRSA 1819 Periphyton Chlorophyll-a,Date sample received,Yes,NRSA 2324 Periphyton Chlorophyll-a,Date sample received,2018–2019 + 2023–2024,Same/equivalent EPA label across available cycles
Chlorophyll-a,DILUTION_FACTOR,No,,,No,,,Yes,NRSA 2324 Periphyton Chlorophyll-a,Dilution factor,2023–2024 only,Not comparable across cycles
Chlorophyll-a,EPA_REG,No,,,Yes,NRSA 1819 Periphyton Chlorophyll-a,"EPA Region. No missing or \blank\"" values allowed.""",No,,,2018–2019 only,Not comparable across cycles
Chlorophyll-a,EXTRACT,No,,,No,,,Yes,NRSA 2324 Periphyton Chlorophyll-a,Amount in extract by volume,2023–2024 only,Not comparable across cycles
Chlorophyll-a,HOLDING_TIME,No,,,No,,,Yes,NRSA 2324 Periphyton Chlorophyll-a,Holding time,2023–2024 only,Not comparable across cycles
Chlorophyll-a,LAB,No,,,Yes,NRSA 1819 Periphyton Chlorophyll-a,Laboratory processing sample,Yes,NRSA 2324 Periphyton Chlorophyll-a,Laboratory processing sample,2018–2019 + 2023–2024,Same/equivalent EPA label across available cycles
Chlorophyll-a,LAB_SAMPLE_ID,No,,,Yes,NRSA 1819 Periphyton Chlorophyll-a,Laboratory Sample ID,Yes,NRSA 2324 Periphyton Chlorophyll-a,Laboratory Sample ID,2018–2019 + 2023–2024,Same/equivalent EPA label across available cycles
Chlorophyll-a,MATRIX,No,,,Yes,NRSA 1819 Periphyton Chlorophyll-a,Material used for analysis,Yes,NRSA 2324 Periphyton Chlorophyll-a,"Type of sample (e.g., water, sediment, tissue)",2018–2019 + 2023–2024,EPA label differs and/or is blank across cycles
Chlorophyll-a,MDL,No,,,Yes,NRSA 1819 Periphyton Chlorophyll-a,Minimum Detection Limit,Yes,NRSA 2324 Periphyton Chlorophyll-a,Minimum Detection Limit,2018–2019 + 2023–2024,Same/equivalent EPA label across available cycles
Chlorophyll-a,NARS_FLAG,No,,,Yes,NRSA 1819 Periphyton Chlorophyll-a,NARS Flag,Yes,NRSA 2324 Periphyton Chlorophyll-a,"Flag assigned by NARS: ND = Non-detect, L = Estimated, Q = Quality-related issue, S = Shipping time exceedence, H = Holding time exceedence, NR = No lab result for analyte",2018–2019 + 2023–2024,EPA label differs and/or is blank across cycles
Chlorophyll-a,PCHL_NOT_COLLECTED,No,,,Yes,NRSA 1819 Periphyton Chlorophyll-a,Periphyton chlorophyll a sample not collected,No,,,2018–2019 only,Not comparable across cycles
Chlorophyll-a,PSTL_CODE,No,,,No,,,Yes,NRSA 2324 Periphyton Chlorophyll-a,"State two letter postal code for site sampled. 50 state postal codes plus AS, MP, GU, PR, VI for American Samoa, Commonwealth of Northern Marianas, Guam, Puerto Rico and Virgin Islands. No missing or \blank\"" values allowed.""",2023–2024 only,Not comparable across cycles
Chlorophyll-a,PUBLICATION_DATE,No,,,Yes,NRSA 1819 Periphyton Chlorophyll-a,Date the dataset was published to the NARS site,Yes,NRSA 2324 Periphyton Chlorophyll-a,Date of data file publication,2018–2019 + 2023–2024,EPA label differs and/or is blank across cycles
Chlorophyll-a,QA_FLAG,No,,,No,,,Yes,NRSA 2324 Periphyton Chlorophyll-a,QA flag from laboratory,2023–2024 only,Not comparable across cycles
Chlorophyll-a,RESULT,No,,,Yes,NRSA 1819 Periphyton Chlorophyll-a,Value of associated parameter | Result,Yes,NRSA 2324 Periphyton Chlorophyll-a,Value of associated parameter,2018–2019 + 2023–2024,Same/equivalent EPA label across available cycles
Chlorophyll-a,RESULT_UNITS,No,,,Yes,NRSA 1819 Periphyton Chlorophyll-a,Result unit,Yes,NRSA 2324 Periphyton Chlorophyll-a,Result unit,2018–2019 + 2023–2024,Same/equivalent EPA label across available cycles
Chlorophyll-a,RESULT_VOL,No,,,Yes,NRSA 1819 Periphyton Chlorophyll-a,"Result by volume, before correcting for area sampled",Yes,NRSA 2324 Periphyton Chlorophyll-a,"Result by volume, before correcting for area sampled",2018–2019 + 2023–2024,Same/equivalent EPA label across available cycles
Chlorophyll-a,RESULT_VOL_UNITS,No,,,Yes,NRSA 1819 Periphyton Chlorophyll-a,Units for result by volume (ug/L),Yes,NRSA 2324 Periphyton Chlorophyll-a,Units for result by volume (ug/L),2018–2019 + 2023–2024,Same/equivalent EPA label across available cycles
Chlorophyll-a,RL,No,,,Yes,NRSA 1819 Periphyton Chlorophyll-a,"Reporting Limit, units varying",Yes,NRSA 2324 Periphyton Chlorophyll-a,"Reporting Limit, units varying",2018–2019 + 2023–2024,Same/equivalent EPA label across available cycles
Chlorophyll-a,SAM_CODE,No,,,Yes,NRSA 1819 Periphyton Chlorophyll-a,Sample code (Regular/Lab duplicate/Lab split),Yes,NRSA 2324 Periphyton Chlorophyll-a,"Sample code (e.g., regular, lab duplicate, lab split)",2018–2019 + 2023–2024,EPA label differs and/or is blank across cycles
Chlorophyll-a,SAMPLE_ID,No,,,No,,,Yes,NRSA 2324 Periphyton Chlorophyll-a,Periphyton Chlorophyll (PCHL) sample id,2023–2024 only,Not comparable across cycles
Chlorophyll-a,SHIP_FLAG,No,,,No,,,Yes,NRSA 2324 Periphyton Chlorophyll-a,Shipping flag,2023–2024 only,Not comparable across cycles
Chlorophyll-a,SITE_ID,No,,,Yes,NRSA 1819 Periphyton Chlorophyll-a,"Site ID for the study and year sampled. Preferred form is NRSnn_MM-xxxxx where nn is current cycle year (04, 08, 13, 18, etc), MM is two letter state code, and xxxxx is between 10001 and 99999. No missing or \blank\"" values allowed."" | Identification code for site",Yes,NRSA 2324 Periphyton Chlorophyll-a,"Site ID for the study and year sampled. Preferred form is NRSnn_MM-xxxxx where nn is current cycle year (04, 08, 13, 18, etc), MM is two letter state code, and xxxxx is between 10001 and 99999. No missing or \blank\"" values allowed.""",2018–2019 + 2023–2024,Same/equivalent EPA label across available cycles
Chlorophyll-a,STATE,No,,,Yes,NRSA 1819 Periphyton Chlorophyll-a,State,No,,,2018–2019 only,Not comparable across cycles
Chlorophyll-a,UID,No,,,Yes,NRSA 1819 Periphyton Chlorophyll-a,Unique identifier for the site/visit,Yes,NRSA 2324 Periphyton Chlorophyll-a,Unique site visit ID,2018–2019 + 2023–2024,EPA label differs and/or is blank across cycles
Chlorophyll-a,UNIQUE_ID,No,,,No,,,Yes,NRSA 2324 Periphyton Chlorophyll-a,Unique site ID based on location that does not depend on year sampled or any other factor. Form is NRS_ss_nnnnn where ss state and nnnnn is number that starts at 10001. No missing values allowed.,2023–2024 only,Not comparable across cycles
Chlorophyll-a,VISIT_NO,No,,,Yes,NRSA 1819 Periphyton Chlorophyll-a,Sequential number of visit to site,Yes,NRSA 2324 Periphyton Chlorophyll-a,Number identifying which visit this is,2018–2019 + 2023–2024,EPA label differs and/or is blank across cycles
Chlorophyll-a,VOLUME_ADJUST,No,,,No,,,Yes,NRSA 2324 Periphyton Chlorophyll-a,Volume adjustment for analysis,2023–2024 only,Not comparable across cycles
Chlorophyll-a,VOLUME_FILTERED,No,,,Yes,NRSA 1819 Periphyton Chlorophyll-a,Volume filtered,Yes,NRSA 2324 Periphyton Chlorophyll-a,Volume filtered,2018–2019 + 2023–2024,Same/equivalent EPA label across available cycles
Enterococci,ANALYTE,No,,,Yes,NRSA 1819 Enterococci,Analyte,Yes,NRSA 2324 Enterococci,Analyte,2018–2019 + 2023–2024,Same/equivalent EPA label across available cycles
Enterococci,BATCH_ID,No,,,Yes,NRSA 1819 Enterococci,Laboratory Batch ID,Yes,NRSA 2324 Enterococci,Laboratory Batch ID,2018–2019 + 2023–2024,Same/equivalent EPA label across available cycles
Enterococci,COMMENT,No,,,No,,,Yes,NRSA 2324 Enterococci,Descriptive comment.,2023–2024 only,Not comparable across cycles
Enterococci,DATE_COL,Yes,NRSA 1314 Enterococci Indicator,,Yes,NRSA 1819 Enterococci,Date of data collection in field,Yes,NRSA 2324 Enterococci,Date of data collection in field,All three cycles,EPA label differs and/or is blank across cycles
Enterococci,ENT_1X_CCE_100ML,Yes,NRSA 1314 Enterococci Indicator,,Yes,NRSA 1819 Enterococci,"Estimated enterococci CCE / 100 mL of water sample volume from ORD analysis of undiluted DNA extracts and CCE / extract calculations from EPA Method 1609 calculation spreadsheet. CCE are based on 15:1 calibrator target sequence equivalent (CSE) to CCE ratio established for RWQC guideline values. CCE / extract was multiplied by 100 ÷ filtered sample volume to obtain final estimate /100 ml. \QC fail\"" denotes analysis results that did not meet Method 1609 control assay acceptance criteria.""",Yes,NRSA 2324 Enterococci,"Estimated enterococci CCE / 100 mL of water sample volume from ORD analysis of undiluted DNA extracts and CCE / extract calculations from EPA Method 1609 calculation spreadsheet. CCE are based on 15:1 calibrator target sequence equivalent (CSE) to CCE ratio established for RWQC guideline values. CCE / extract was multiplied by 100 ÷ filtered sample volume to obtain final estimate /100 ml. \QC fail\"" denotes analysis results that did not meet Method 1609 control assay acceptance criteria.""",All three cycles,EPA label differs and/or is blank across cycles
Enterococci,ENT_1X_STV_COND,No,,,Yes,NRSA 1819 Enterococci,Estimated enterococci CCE / 100 mL of water sample volume from ORD analyses of undiluted DNA extract and calculations from EPA Method 1609 calculation spreadsheet exceeds (1) or is less than (0) RWQC STV value of 1280 CCE/100 mL.,No,,,2018–2019 only,Not comparable across cycles
Enterococci,INDEX_VISIT,Yes,NRSA 1314 Enterococci Indicator,,No,,,No,,,2013–2014 only,Not comparable across cycles
Enterococci,LAB,No,,,Yes,NRSA 1819 Enterococci,Laboratory processing sample,Yes,NRSA 2324 Enterococci,Laboratory processing sample,2018–2019 + 2023–2024,Same/equivalent EPA label across available cycles
Enterococci,MATRIX,No,,,Yes,NRSA 1819 Enterococci,"Type of sample (e.g., water, sediment, tissue)",Yes,NRSA 2324 Enterococci,"Type of sample (e.g., water, sediment, tissue)",2018–2019 + 2023–2024,Same/equivalent EPA label across available cycles
Enterococci,NARS_FLAG,No,,,No,,,Yes,NRSA 2324 Enterococci,"Flag assigned by NARS: ND = Non-detect, L = Estimated, Q = Quality-related issue, S = Shipping time exceedence, H = Holding time exceedence, NR = No lab result for analyte",2023–2024 only,Not comparable across cycles
Enterococci,PSTL_CODE,No,,,No,,,Yes,NRSA 2324 Enterococci,"State two letter postal code for site sampled. 50 state postal codes plus AS, MP, GU, PR, VI for American Samoa, Commonwealth of Northern Marianas, Guam, Puerto Rico and Virgin Islands. No missing or \blank\"" values allowed.""",2023–2024 only,Not comparable across cycles
Enterococci,PUBLICATION_DATE,No,,,Yes,NRSA 1819 Enterococci,Date of data file publication,Yes,NRSA 2324 Enterococci,Date of data file publication,2018–2019 + 2023–2024,Same/equivalent EPA label across available cycles
Enterococci,SAM_CODE,No,,,Yes,NRSA 1819 Enterococci,"Sample code (e.g., regular, lab duplicate, lab split)",Yes,NRSA 2324 Enterococci,"Sample code (e.g., regular, lab duplicate, lab split)",2018–2019 + 2023–2024,Same/equivalent EPA label across available cycles
Enterococci,SAMPLE_TYPE,No,,,Yes,NRSA 1819 Enterococci,Sample type,Yes,NRSA 2324 Enterococci,Sample type,2018–2019 + 2023–2024,Same/equivalent EPA label across available cycles
Enterococci,SITE_ID,Yes,NRSA 1314 Enterococci Indicator,,Yes,NRSA 1819 Enterococci,Site ID,Yes,NRSA 2324 Enterococci,"Site ID for the study and year sampled. Preferred form is NRSnn_MM-xxxxx where nn is current cycle year (04, 08, 13, 18, etc), MM is two letter state code, and xxxxx is between 10001 and 99999. No missing or \blank\"" values allowed.""",All three cycles,EPA label differs and/or is blank across cycles
Enterococci,STATE,No,,,Yes,NRSA 1819 Enterococci,State of site,No,,,2018–2019 only,Not comparable across cycles
Enterococci,UID,Yes,NRSA 1314 Enterococci Indicator,Unique site visit ID,Yes,NRSA 1819 Enterococci,Unique site visit ID,Yes,NRSA 2324 Enterococci,Unique site visit ID,All three cycles,Same/equivalent EPA label across available cycles
Enterococci,UNIQUE_ID,No,,,No,,,Yes,NRSA 2324 Enterococci,Unique site ID based on location that does not depend on year sampled or any other factor. Form is NRS_ss_nnnnn where ss state and nnnnn is number that starts at 10001. No missing values allowed.,2023–2024 only,Not comparable across cycles
Enterococci,UNITS,No,,,Yes,NRSA 1819 Enterococci,Units,Yes,NRSA 2324 Enterococci,Units,2018–2019 + 2023–2024,Same/equivalent EPA label across available cycles
Enterococci,VISIT_NO,Yes,NRSA 1314 Enterococci Indicator,,Yes,NRSA 1819 Enterococci,Number identifying which visit this is,Yes,NRSA 2324 Enterococci,Number identifying which visit this is,All three cycles,EPA label differs and/or is blank across cycles
Enterococci,YEAR,Yes,NRSA 1314 Enterococci Indicator,,No,,,No,,,2013–2014 only,Not comparable across cycles
Fish,AG_ECO9,No,,,Yes,NRSA 1819 Fish Count | NRSA 1819 Fish MMI,"NARS 9-level reporting region, based on aggregated Omernik Level III ecoregions. No missing or \blank\"" values allowed.""",No,,,2018–2019 only,Not comparable across cycles
Fish,AG_ECO9_NM,Yes,NRSA 1314 Fish MMI | NRSA 1314 Fish Counts | NRSA 1314 Fish Metric Values,NARS 9-level reporting region Name | NARS 9-level reporting region name Text names. No missing values allowed.,No,,,No,,,2013–2014 only,Not comparable across cycles
Fish,ALIENNTAX,Yes,NRSA 1314 Fish Metric Values,Number of non-native (alien) taxa,No,,,Yes,NRSA 2324 Fish Metrics,Number of non-native (alien) taxa,2013–2014 + 2023–2024,Same/equivalent EPA label across available cycles
Fish,ALIENNTAX_PT,Yes,NRSA 1314 Fish MMI,Score for ALIENNTAX used in MMI,Yes,NRSA 1819 Fish MMI,Score for ALIENNTAX used in MMI,Yes,NRSA 2324 Fish MMI,Score for ALIENNTAX used in MMI,All three cycles,Same/equivalent EPA label across available cycles
Fish,ALIENNTAX_WS,Yes,NRSA 1314 Fish MMI,Traditional MMI watershed adjusted value for ALIENNTAX,Yes,NRSA 1819 Fish MMI,Traditional MMI watershed adjusted value for ALIENNTAX,Yes,NRSA 2324 Fish MMI,Traditional MMI watershed adjusted value for ALIENNTAX,All three cycles,Same/equivalent EPA label across available cycles
Fish,ALIENNTAX_WS_PT,Yes,NRSA 1314 Fish MMI,Traditional MMI watershed adjusted metric score for ALIENNTAX,Yes,NRSA 1819 Fish MMI,Traditional MMI watershed adjusted metric score for ALIENNTAX,Yes,NRSA 2324 Fish MMI,Traditional MMI watershed adjusted metric score for ALIENNTAX,All three cycles,Same/equivalent EPA label across available cycles
Fish,ALIENPIND,Yes,NRSA 1314 Fish Metric Values,% alien individuals,No,,,Yes,NRSA 2324 Fish Metrics,% alien individuals,2013–2014 + 2023–2024,Same/equivalent EPA label across available cycles
Fish,ALIENPIND_WS,Yes,NRSA 1314 Fish MMI,Traditional MMI watershed adjusted value for ALIENPIND,Yes,NRSA 1819 Fish MMI,Traditional MMI watershed adjusted value for ALIENPIND,Yes,NRSA 2324 Fish MMI,Traditional MMI watershed adjusted value for ALIENPIND,All three cycles,Same/equivalent EPA label across available cycles
Fish,ALIENPIND_WS_PT,Yes,NRSA 1314 Fish MMI,Traditional MMI watershed adjusted metric score for ALIENPIND,Yes,NRSA 1819 Fish MMI,Traditional MMI watershed adjusted metric score for ALIENPIND,Yes,NRSA 2324 Fish MMI,Traditional MMI watershed adjusted metric score for ALIENPIND,All three cycles,Same/equivalent EPA label across available cycles
Fish,ALIENPTAX,Yes,NRSA 1314 Fish Metric Values,% alien taxa,No,,,Yes,NRSA 2324 Fish Metrics,% alien taxa,2013–2014 + 2023–2024,Same/equivalent EPA label across available cycles
Fish,ANALYST,No,,,Yes,NRSA 1819 Mercury in Fish Tissue Plugs,Laboratory analyst,Yes,NRSA 2324 Mercury in Fish Tissue Plugs,Laboratory analyst,2018–2019 + 2023–2024,Same/equivalent EPA label across available cycles
Fish,ANALYTE,No,,,Yes,NRSA 1819 Mercury in Fish Tissue Plugs,Analyte,Yes,NRSA 2324 Mercury in Fish Tissue Plugs,Analyte,2018–2019 + 2023–2024,Same/equivalent EPA label across available cycles
Fish,ANOM_CT,Yes,NRSA 1314 Fish Counts,,Yes,NRSA 1819 Fish Count,Total number of anomalies for taxon in sample,Yes,NRSA 2324 Fish Count,Total number of anomalies for taxon in sample,All three cycles,EPA label differs and/or is blank across cycles
Fish,ANOMPIND,Yes,NRSA 1314 Fish Metric Values,% individuals with anomalies (% DELT anomalies),No,,,Yes,NRSA 2324 Fish Metrics,% individuals with anomalies (% DELT anomalies),2013–2014 + 2023–2024,Same/equivalent EPA label across available cycles
Fish,ARRIVAL_TEMP,No,,,Yes,NRSA 1819 Mercury in Fish Tissue Plugs,Temperature upon arrival at lab,Yes,NRSA 2324 Mercury in Fish Tissue Plugs,Temperature upon arrival at lab,2018–2019 + 2023–2024,Same/equivalent EPA label across available cycles
Fish,BATCH_ID,No,,,Yes,NRSA 1819 Mercury in Fish Tissue Plugs,Laboratory batch number,Yes,NRSA 2324 Mercury in Fish Tissue Plugs,Laboratory Batch ID,2018–2019 + 2023–2024,EPA label differs and/or is blank across cycles
Fish,BENTINVNTAX,Yes,NRSA 1314 Fish Metric Values,Number of benthic invertivore taxa,No,,,Yes,NRSA 2324 Fish Metrics,Number of benthic invertivore taxa,2013–2014 + 2023–2024,Same/equivalent EPA label across available cycles
Fish,BENTINVPIND,Yes,NRSA 1314 Fish Metric Values,% benthic invertivore individuals,No,,,Yes,NRSA 2324 Fish Metrics,% benthic invertivore individuals,2013–2014 + 2023–2024,Same/equivalent EPA label across available cycles
Fish,BENTINVPTAX,Yes,NRSA 1314 Fish Metric Values,% benthic invertivore taxa,No,,,Yes,NRSA 2324 Fish Metrics,% benthic invertivore taxa,2013–2014 + 2023–2024,Same/equivalent EPA label across available cycles
Fish,BENTINVPTAX_WS,Yes,NRSA 1314 Fish MMI,Traditional MMI watershed adjusted value for BENTINVPTAX,Yes,NRSA 1819 Fish MMI,Traditional MMI watershed adjusted value for BENTINVPTAX,Yes,NRSA 2324 Fish MMI,Traditional MMI watershed adjusted value for BENTINVPTAX,All three cycles,Same/equivalent EPA label across available cycles
Fish,BENTINVPTAX_WS_PT,Yes,NRSA 1314 Fish MMI,Traditional MMI watershed adjusted metric score for BENTINVPTAX,Yes,NRSA 1819 Fish MMI,Traditional MMI watershed adjusted metric score for BENTINVPTAX,Yes,NRSA 2324 Fish MMI,Traditional MMI watershed adjusted metric score for BENTINVPTAX,All three cycles,Same/equivalent EPA label across available cycles
Fish,CARNNTAX,Yes,NRSA 1314 Fish Metric Values,Number of carnivore taxa,No,,,Yes,NRSA 2324 Fish Metrics,Number of carnivore taxa,2013–2014 + 2023–2024,Same/equivalent EPA label across available cycles
Fish,CARNNTAX_WS,Yes,NRSA 1314 Fish MMI,Traditional MMI watershed adjusted value for CARNNTAX,Yes,NRSA 1819 Fish MMI,Traditional MMI watershed adjusted value for CARNNTAX,Yes,NRSA 2324 Fish MMI,Traditional MMI watershed adjusted value for CARNNTAX,All three cycles,Same/equivalent EPA label across available cycles
Fish,CARNNTAX_WS_PT,Yes,NRSA 1314 Fish MMI,Traditional MMI watershed adjusted metric score for CARNNTAX,Yes,NRSA 1819 Fish MMI,Traditional MMI watershed adjusted metric score for CARNNTAX,Yes,NRSA 2324 Fish MMI,Traditional MMI watershed adjusted metric score for CARNNTAX,All three cycles,Same/equivalent EPA label across available cycles
Fish,CARNPIND,Yes,NRSA 1314 Fish Metric Values,% carnivore individuals,No,,,Yes,NRSA 2324 Fish Metrics,% carnivore individuals,2013–2014 + 2023–2024,Same/equivalent EPA label across available cycles
Fish,CARNPTAX,Yes,NRSA 1314 Fish Metric Values,% carnivore taxa,No,,,Yes,NRSA 2324 Fish Metrics,% carnivore taxa,2013–2014 + 2023–2024,Same/equivalent EPA label across available cycles
Fish,CAS_NO,No,,,Yes,NRSA 1819 Mercury in Fish Tissue Plugs,Chemical Abstracts Service number,Yes,NRSA 2324 Mercury in Fish Tissue Plugs,Chemical Abstracts Service number,2018–2019 + 2023–2024,Same/equivalent EPA label across available cycles
Fish,CATONTAX,Yes,NRSA 1314 Fish Metric Values,No. Catostomid taxa,No,,,Yes,NRSA 2324 Fish Metrics,No. Catostomid taxa,2013–2014 + 2023–2024,Same/equivalent EPA label across available cycles
Fish,CATOPIND,Yes,NRSA 1314 Fish Metric Values,% Catostomid individuals,No,,,Yes,NRSA 2324 Fish Metrics,% Catostomid individuals,2013–2014 + 2023–2024,Same/equivalent EPA label across available cycles
Fish,CATOPTAX,Yes,NRSA 1314 Fish Metric Values,% Catostomid taxa,No,,,Yes,NRSA 2324 Fish Metrics,% Catostomid taxa,2013–2014 + 2023–2024,Same/equivalent EPA label across available cycles
Fish,CENTNTAX,Yes,NRSA 1314 Fish Metric Values,Number of Centrarchidae taxa (minus Micropterus),No,,,Yes,NRSA 2324 Fish Metrics,Number of Centrarchidae taxa (minus Micropterus),2013–2014 + 2023–2024,Same/equivalent EPA label across available cycles
Fish,CENTPIND,Yes,NRSA 1314 Fish Metric Values,% Centrarchidae individuals (minus Micropterus),No,,,Yes,NRSA 2324 Fish Metrics,% Centrarchidae individuals (minus Micropterus),2013–2014 + 2023–2024,Same/equivalent EPA label across available cycles
Fish,CENTPTAX,Yes,NRSA 1314 Fish Metric Values,% Centrarchidae taxa (minus Micropterus),No,,,Yes,NRSA 2324 Fish Metrics,% Centrarchidae taxa (minus Micropterus),2013–2014 + 2023–2024,Same/equivalent EPA label across available cycles
Fish,CENTPTAX_PT,Yes,NRSA 1314 Fish MMI,Traditional MMI metric score for CENTPTAX,Yes,NRSA 1819 Fish MMI,Traditional MMI metric score for CENTPTAX,Yes,NRSA 2324 Fish MMI,Traditional MMI metric score for CENTPTAX,All three cycles,Same/equivalent EPA label across available cycles
Fish,COLDNTAX,Yes,NRSA 1314 Fish Metric Values,No. coldwater taxa,No,,,Yes,NRSA 2324 Fish Metrics,No. coldwater taxa,2013–2014 + 2023–2024,Same/equivalent EPA label across available cycles
Fish,COLDPIND,Yes,NRSA 1314 Fish Metric Values,% coldwater individuals,No,,,Yes,NRSA 2324 Fish Metrics,% coldwater individuals,2013–2014 + 2023–2024,Same/equivalent EPA label across available cycles
Fish,COLDPTAX,Yes,NRSA 1314 Fish Metric Values,% coldwater taxa,No,,,Yes,NRSA 2324 Fish Metrics,% coldwater taxa,2013–2014 + 2023–2024,Same/equivalent EPA label across available cycles
Fish,CONDITION_CODE,No,,,Yes,NRSA 1819 Mercury in Fish Tissue Plugs,Condition of sample code,Yes,NRSA 2324 Mercury in Fish Tissue Plugs,Condition of sample code,2018–2019 + 2023–2024,Same/equivalent EPA label across available cycles
Fish,CONDUCTIVITY,No,,,Yes,NRSA 1819 Fish Sampling Information,Conductivity (uS/cm),No,,,2018–2019 only,Not comparable across cycles
Fish,CORRECTED,No,,,Yes,NRSA 1819 Fish Sampling Information,Corrected to 25C,No,,,2018–2019 only,Not comparable across cycles
Fish,COUNT_12,No,,,No,,,Yes,NRSA 2324 Fish Count,Tally of fish between 150 and 300 mm total length,2023–2024 only,Not comparable across cycles
Fish,COUNT_18,No,,,No,,,Yes,NRSA 2324 Fish Count,Tally of fish between 300 and 450 mm total length,2023–2024 only,Not comparable across cycles
Fish,COUNT_19,No,,,No,,,Yes,NRSA 2324 Fish Count,Tally of fish > 450 mm total length,2023–2024 only,Not comparable across cycles
Fish,COUNT_6,No,,,No,,,Yes,NRSA 2324 Fish Count,Tally of fish < 150 mm total length,2023–2024 only,Not comparable across cycles
Fish,CYPRNTAX,Yes,NRSA 1314 Fish Metric Values,Number of Cyprinidae taxa,No,,,Yes,NRSA 2324 Fish Metrics,Number of Cyprinidae taxa,2013–2014 + 2023–2024,Same/equivalent EPA label across available cycles
Fish,CYPRNTAX_PT,Yes,NRSA 1314 Fish MMI,Traditional MMI metric score for CYPRNTAX,Yes,NRSA 1819 Fish MMI,Traditional MMI metric score for CYPRNTAX,Yes,NRSA 2324 Fish MMI,Traditional MMI metric score for CYPRNTAX,All three cycles,Same/equivalent EPA label across available cycles
Fish,CYPRPIND,Yes,NRSA 1314 Fish Metric Values,% Cyprinidae individuals,No,,,Yes,NRSA 2324 Fish Metrics,% Cyprinidae individuals,2013–2014 + 2023–2024,Same/equivalent EPA label across available cycles
Fish,CYPRPTAX,Yes,NRSA 1314 Fish Metric Values,% Cyprinidae taxa,No,,,Yes,NRSA 2324 Fish Metrics,% Cyprinidae taxa,2013–2014 + 2023–2024,Same/equivalent EPA label across available cycles
Fish,CYPRPTAX_WS,Yes,NRSA 1314 Fish MMI,Traditional MMI watershed adjusted value for CYPRPTAX,Yes,NRSA 1819 Fish MMI,Traditional MMI watershed adjusted value for CYPRPTAX,Yes,NRSA 2324 Fish MMI,Traditional MMI watershed adjusted value for CYPRPTAX,All three cycles,Same/equivalent EPA label across available cycles
Fish,CYPRPTAX_WS_PT,Yes,NRSA 1314 Fish MMI,Traditional MMI watershed adjusted metric score for CYPRPTAX,Yes,NRSA 1819 Fish MMI,Traditional MMI watershed adjusted metric score for CYPRPTAX,Yes,NRSA 2324 Fish MMI,Traditional MMI watershed adjusted metric score for CYPRPTAX,All three cycles,Same/equivalent EPA label across available cycles
Fish,DATE_COL,Yes,NRSA 1314 Fish MMI | NRSA 1314 Fish Counts | NRSA 1314 Fish Metric Values | NRSA 1314 Mercury in Fish Tissue Plugs,Date of data collection in field,Yes,NRSA 1819 Mercury in Fish Tissue Plugs | NRSA 1819 Fish Sampling Information | NRSA 1819 Fish Count | NRSA 1819 Fish MMI,Date collected | Date of data collection in field,Yes,NRSA 2324 Fish Count | NRSA 2324 Fish Metrics | NRSA 2324 Fish MMI | NRSA 2324 Mercury in Fish Tissue Plugs,Date of data collection in field,All three cycles,Same/equivalent EPA label across available cycles
Fish,DATE_PROCESSED,No,,,Yes,NRSA 1819 Mercury in Fish Tissue Plugs,Date sample processed,Yes,NRSA 2324 Mercury in Fish Tissue Plugs,Date sample processed,2018–2019 + 2023–2024,Same/equivalent EPA label across available cycles
Fish,DILUTION,No,,,Yes,NRSA 1819 Mercury in Fish Tissue Plugs,Dilution of sample,Yes,NRSA 2324 Mercury in Fish Tissue Plugs,Dilution of sample,2018–2019 + 2023–2024,Same/equivalent EPA label across available cycles
Fish,EPA_REG,No,,,Yes,NRSA 1819 Fish Count | NRSA 1819 Fish MMI,"EPA Region. No missing or \blank\"" values allowed.""",No,,,2018–2019 only,Not comparable across cycles
Fish,FAM_OR_CLS,Yes,NRSA 1314 Fish Taxa List,Family or class,No,,,Yes,NRSA 2324 Fish Taxa List,Family or class,2013–2014 + 2023–2024,Same/equivalent EPA label across available cycles
Fish,FAMILY,Yes,NRSA 1314 Fish Taxa List,Final taxon name within fish samples,No,,,Yes,NRSA 2324 Fish Taxa List,Final taxon name within fish samples,2013–2014 + 2023–2024,Same/equivalent EPA label across available cycles
Fish,FINAL_NAME,Yes,NRSA 1314 Fish Counts | NRSA 1314 Fish Taxa List,Final common name assigned to fish count data,Yes,NRSA 1819 Fish Count,Final common name assigned to fish count data,Yes,NRSA 2324 Fish Count | NRSA 2324 Fish Taxa List,Final common name assigned to fish count data,All three cycles,Same/equivalent EPA label across available cycles
Fish,FISH_MMI_COND,No,,,Yes,NRSA 1819 Fish MMI,"Fish assemblage condition, based on regional Fish MMI.",Yes,NRSA 2324 Fish MMI,"Fish assemblage condition, based on regional Fish MMI.",2018–2019 + 2023–2024,Same/equivalent EPA label across available cycles
Fish,FISH_PROTOCOL,Yes,NRSA 1314 Fish Metric Values,Fish Sampling protocol,Yes,NRSA 1819 Fish Sampling Information,Fish Sampling Protocol,No,,,2013–2014 + 2018–2019,Same/equivalent EPA label across available cycles
Fish,FISH_PROTOCOL_FLAG,No,,,Yes,NRSA 1819 Fish Sampling Information,Flag associated with Fish Sampling Protocol,No,,,2018–2019 only,Not comparable across cycles
Fish,FISH_RESPONSE,No,,,Yes,NRSA 1819 Fish Sampling Information,How did fish respond to electrofishing?,No,,,2018–2019 only,Not comparable across cycles
Fish,FISH_SAMPLING,Yes,NRSA 1314 Fish MMI | NRSA 1314 Fish Metric Values,Fish Sampling - not conducted or suspended,Yes,NRSA 1819 Fish Sampling Information,Fish Sampling - Not Conducted or Suspended,Yes,NRSA 2324 Fish Count,Fish Sampling - not conducted or suspended,All three cycles,Same/equivalent EPA label across available cycles
Fish,FISH_SAMPLING_FLAG,No,,,Yes,NRSA 1819 Fish Sampling Information,Flag associated with Fish Sampling - Not Conducted or Suspended,No,,,2018–2019 only,Not comparable across cycles
Fish,FISH_SAMPLING_SUFFICIENT,No,,,Yes,NRSA 1819 Fish Sampling Information,Did conditions allow for sufficient sampling?,No,,,2018–2019 only,Not comparable across cycles
Fish,FISHGEAR_REVIEW,No,,,Yes,NRSA 1819 Fish Sampling Information,FISHGEAR_REVIEW,No,,,2018–2019 only,Not comparable across cycles
Fish,GENUS,Yes,NRSA 1314 Fish Taxa List,"Genus of taxon, if available",No,,,Yes,NRSA 2324 Fish Taxa List,"Genus of taxon, if available",2013–2014 + 2023–2024,Same/equivalent EPA label across available cycles
Fish,HABITAT_NRSA,Yes,NRSA 1314 Fish Taxa List,"Habitat preferences,W-water column,B-Benthic,E-Edge",No,,,Yes,NRSA 2324 Fish Taxa List,"Habitat preferences,W-water column,B-Benthic,E-Edge",2013–2014 + 2023–2024,Same/equivalent EPA label across available cycles
Fish,HERBNTAX,Yes,NRSA 1314 Fish Metric Values,Number of herbivores taxa,No,,,Yes,NRSA 2324 Fish Metrics,Number of herbivores taxa,2013–2014 + 2023–2024,Same/equivalent EPA label across available cycles
Fish,HERBPIND,Yes,NRSA 1314 Fish Metric Values,% herbivores individuals,No,,,Yes,NRSA 2324 Fish Metrics,% herbivores individuals,2013–2014 + 2023–2024,Same/equivalent EPA label across available cycles
Fish,HERBPTAX,Yes,NRSA 1314 Fish Metric Values,% herbivores taxa,No,,,Yes,NRSA 2324 Fish Metrics,% herbivores taxa,2013–2014 + 2023–2024,Same/equivalent EPA label across available cycles
Fish,HERBPTAX_PT,Yes,NRSA 1314 Fish MMI,Traditional MMI metric score for HERBPTAX,Yes,NRSA 1819 Fish MMI,Traditional MMI metric score for HERBPTAX,Yes,NRSA 2324 Fish MMI,Traditional MMI metric score for HERBPTAX,All three cycles,Same/equivalent EPA label across available cycles
Fish,HERP,Yes,NRSA 1314 Fish Taxa List,"A=amphibian, R=reptile",No,,,No,,,2013–2014 only,Not comparable across cycles
Fish,HIGH_GRADIENT,No,,,Yes,NRSA 1819 Fish Sampling Information,Fast flowing high gradient site,No,,,2018–2019 only,Not comparable across cycles
Fish,ICTANTAX,Yes,NRSA 1314 Fish Metric Values,No. Ictalurid taxa,No,,,Yes,NRSA 2324 Fish Metrics,No. Ictalurid taxa,2013–2014 + 2023–2024,Same/equivalent EPA label across available cycles
Fish,ICTAPIND,Yes,NRSA 1314 Fish Metric Values,% Ictalurid individuals,No,,,Yes,NRSA 2324 Fish Metrics,% Ictalurid individuals,2013–2014 + 2023–2024,Same/equivalent EPA label across available cycles
Fish,ICTAPTAX,Yes,NRSA 1314 Fish Metric Values,% Ictalurid taxa,No,,,Yes,NRSA 2324 Fish Metrics,% Ictalurid taxa,2013–2014 + 2023–2024,Same/equivalent EPA label across available cycles
Fish,INDEX_VISIT,Yes,NRSA 1314 Fish MMI | NRSA 1314 Fish Counts | NRSA 1314 Fish Metric Values | NRSA 1314 Mercury in Fish Tissue Plugs,Index visit Y/blank,No,,,No,,,2013–2014 only,Not comparable across cycles
Fish,INSTRUMENT,No,,,Yes,NRSA 1819 Mercury in Fish Tissue Plugs,Instrument used,Yes,NRSA 2324 Mercury in Fish Tissue Plugs,Instrument used,2018–2019 + 2023–2024,Same/equivalent EPA label across available cycles
Fish,INTLCARNNTAX,Yes,NRSA 1314 Fish Metric Values,No. of intolerant carnivore taxa,No,,,Yes,NRSA 2324 Fish Metrics,No. of intolerant carnivore taxa,2013–2014 + 2023–2024,Same/equivalent EPA label across available cycles
Fish,INTLCARNPIND,Yes,NRSA 1314 Fish Metric Values,% intolerant carnivore individuals,No,,,Yes,NRSA 2324 Fish Metrics,% intolerant carnivore individuals,2013–2014 + 2023–2024,Same/equivalent EPA label across available cycles
Fish,INTLCARNPTAX,Yes,NRSA 1314 Fish Metric Values,% intolerant carnivore taxa,No,,,Yes,NRSA 2324 Fish Metrics,% intolerant carnivore taxa,2013–2014 + 2023–2024,Same/equivalent EPA label across available cycles
Fish,INTLINVNTAX,Yes,NRSA 1314 Fish Metric Values,Number of intolerant invertivore taxa,No,,,Yes,NRSA 2324 Fish Metrics,Number of intolerant invertivore taxa,2013–2014 + 2023–2024,Same/equivalent EPA label across available cycles
Fish,INTLINVPIND,Yes,NRSA 1314 Fish Metric Values,% intolerant invertivore individuals,No,,,Yes,NRSA 2324 Fish Metrics,% intolerant invertivore individuals,2013–2014 + 2023–2024,Same/equivalent EPA label across available cycles
Fish,INTLINVPTAX,Yes,NRSA 1314 Fish Metric Values,% intolerant invertivore taxa,No,,,Yes,NRSA 2324 Fish Metrics,% intolerant invertivore taxa,2013–2014 + 2023–2024,Same/equivalent EPA label across available cycles
Fish,INTLINVPTAX_PT,Yes,NRSA 1314 Fish MMI,Traditional MMI metric score for INTLINVPTAX,Yes,NRSA 1819 Fish MMI,Traditional MMI metric score for INTLINVPTAX,Yes,NRSA 2324 Fish MMI,Traditional MMI metric score for INTLINVPTAX,All three cycles,Same/equivalent EPA label across available cycles
Fish,INTLLOTNTAX,Yes,NRSA 1314 Fish Metric Values,Number of intolerant lotic taxa,No,,,Yes,NRSA 2324 Fish Metrics,Number of intolerant lotic taxa,2013–2014 + 2023–2024,Same/equivalent EPA label across available cycles
Fish,INTLLOTNTAX_WS,Yes,NRSA 1314 Fish MMI,Traditional MMI watershed adjusted value for INTLLOTNTAX,Yes,NRSA 1819 Fish MMI,Traditional MMI watershed adjusted value for INTLLOTNTAX,Yes,NRSA 2324 Fish MMI,Traditional MMI watershed adjusted value for INTLLOTNTAX,All three cycles,Same/equivalent EPA label across available cycles
Fish,INTLLOTNTAX_WS_PT,Yes,NRSA 1314 Fish MMI,Traditional MMI watershed adjusted metric score for INTLLOTNTAX,Yes,NRSA 1819 Fish MMI,Traditional MMI watershed adjusted metric score for INTLLOTNTAX,Yes,NRSA 2324 Fish MMI,Traditional MMI watershed adjusted metric score for INTLLOTNTAX,All three cycles,Same/equivalent EPA label across available cycles
Fish,INTLLOTPIND,Yes,NRSA 1314 Fish Metric Values,% intolerant lotic individuals,No,,,Yes,NRSA 2324 Fish Metrics,% intolerant lotic individuals,2013–2014 + 2023–2024,Same/equivalent EPA label across available cycles
Fish,INTLLOTPTAX,Yes,NRSA 1314 Fish Metric Values,% intolerant lotic taxa,No,,,Yes,NRSA 2324 Fish Metrics,% intolerant lotic taxa,2013–2014 + 2023–2024,Same/equivalent EPA label across available cycles
Fish,INTLLOTPTAX_WS,Yes,NRSA 1314 Fish MMI,Traditional MMI watershed adjusted value for INTLLOTPTAX,Yes,NRSA 1819 Fish MMI,Traditional MMI watershed adjusted value for INTLLOTPTAX,Yes,NRSA 2324 Fish MMI,Traditional MMI watershed adjusted value for INTLLOTPTAX,All three cycles,Same/equivalent EPA label across available cycles
Fish,INTLLOTPTAX_WS_PT,Yes,NRSA 1314 Fish MMI,Traditional MMI watershed adjusted metric score for INTLLOTPTAX,Yes,NRSA 1819 Fish MMI,Traditional MMI watershed adjusted metric score for INTLLOTPTAX,Yes,NRSA 2324 Fish MMI,Traditional MMI watershed adjusted metric score for INTLLOTPTAX,All three cycles,Same/equivalent EPA label across available cycles
Fish,INTLMIGRNTAX,Yes,NRSA 1314 Fish Metric Values,Number of intolerant migratory taxa,No,,,Yes,NRSA 2324 Fish Metrics,Number of intolerant migratory taxa,2013–2014 + 2023–2024,Same/equivalent EPA label across available cycles
Fish,INTLMIGRNTAX_PT,Yes,NRSA 1314 Fish MMI,Traditional MMI metric score for INTLMIGRNTAX,Yes,NRSA 1819 Fish MMI,Traditional MMI metric score for INTLMIGRNTAX,Yes,NRSA 2324 Fish MMI,Traditional MMI metric score for INTLMIGRNTAX,All three cycles,Same/equivalent EPA label across available cycles
Fish,INTLMIGRPIND,Yes,NRSA 1314 Fish Metric Values,% intolerant migratory individuals,No,,,Yes,NRSA 2324 Fish Metrics,% intolerant migratory individuals,2013–2014 + 2023–2024,Same/equivalent EPA label across available cycles
Fish,INTLMIGRPIND_PT,Yes,NRSA 1314 Fish MMI,Traditional MMI metric score for INTLMIGRPIND,Yes,NRSA 1819 Fish MMI,Traditional MMI metric score for INTLMIGRPIND,Yes,NRSA 2324 Fish MMI,Traditional MMI metric score for INTLMIGRPIND,All three cycles,Same/equivalent EPA label across available cycles
Fish,INTLMIGRPTAX,Yes,NRSA 1314 Fish Metric Values,% intolerant migratory taxa,No,,,Yes,NRSA 2324 Fish Metrics,% intolerant migratory taxa,2013–2014 + 2023–2024,Same/equivalent EPA label across available cycles
Fish,INTLMIGRPTAX_PT,Yes,NRSA 1314 Fish MMI,Score for INTLMIGRPTAX used in MMI,Yes,NRSA 1819 Fish MMI,Score for INTLMIGRPTAX used in MMI,Yes,NRSA 2324 Fish MMI,Score for INTLMIGRPTAX used in MMI,All three cycles,Same/equivalent EPA label across available cycles
Fish,INTLNTAX,Yes,NRSA 1314 Fish Metric Values,No. distinct intolerant taxa based on TOLERANCE_NRSA,No,,,Yes,NRSA 2324 Fish Metrics,No. distinct intolerant taxa based on TOLERANCE_NRSA,2013–2014 + 2023–2024,Same/equivalent EPA label across available cycles
Fish,INTLPIND,Yes,NRSA 1314 Fish Metric Values,% Intolerant individuals based on TOLERANCE_NRSA,No,,,Yes,NRSA 2324 Fish Metrics,% Intolerant individuals based on TOLERANCE_NRSA,2013–2014 + 2023–2024,Same/equivalent EPA label across available cycles
Fish,INTLPTAX,Yes,NRSA 1314 Fish Metric Values,% Intolerant taxa based on TOLERANCE_NRSA,No,,,Yes,NRSA 2324 Fish Metrics,% Intolerant taxa based on TOLERANCE_NRSA,2013–2014 + 2023–2024,Same/equivalent EPA label across available cycles
Fish,INTLPTAX_PT,Yes,NRSA 1314 Fish MMI,Traditional MMI metric score for INTLPTAX,Yes,NRSA 1819 Fish MMI,Traditional MMI metric score for INTLPTAX,Yes,NRSA 2324 Fish MMI,Traditional MMI metric score for INTLPTAX,All three cycles,Same/equivalent EPA label across available cycles
Fish,INTLRHEONTAX,Yes,NRSA 1314 Fish Metric Values,Number of intolerant rheophilic taxa,No,,,Yes,NRSA 2324 Fish Metrics,Number of intolerant rheophilic taxa,2013–2014 + 2023–2024,Same/equivalent EPA label across available cycles
Fish,INTLRHEOPIND,Yes,NRSA 1314 Fish Metric Values,% intolerant rheophilic individuals,No,,,Yes,NRSA 2324 Fish Metrics,% intolerant rheophilic individuals,2013–2014 + 2023–2024,Same/equivalent EPA label across available cycles
Fish,INTLRHEOPTAX,Yes,NRSA 1314 Fish Metric Values,% intolerant rheophilic taxa,No,,,Yes,NRSA 2324 Fish Metrics,% intolerant rheophilic taxa,2013–2014 + 2023–2024,Same/equivalent EPA label across available cycles
Fish,INVNTAX,Yes,NRSA 1314 Fish Metric Values,Number of invertivore taxa,No,,,Yes,NRSA 2324 Fish Metrics,Number of invertivore taxa,2013–2014 + 2023–2024,Same/equivalent EPA label across available cycles
Fish,INVNTAX_PT,Yes,NRSA 1314 Fish MMI,Traditional MMI metric score for INVNTAX,Yes,NRSA 1819 Fish MMI,Traditional MMI metric score for INVNTAX,Yes,NRSA 2324 Fish MMI,Traditional MMI metric score for INVNTAX,All three cycles,Same/equivalent EPA label across available cycles
Fish,INVPIND,Yes,NRSA 1314 Fish Metric Values,% invertivore individuals,No,,,Yes,NRSA 2324 Fish Metrics,% invertivore individuals,2013–2014 + 2023–2024,Same/equivalent EPA label across available cycles
Fish,INVPIND_WS,Yes,NRSA 1314 Fish MMI,Traditional MMI watershed adjusted value for INVPIND,Yes,NRSA 1819 Fish MMI,Traditional MMI watershed adjusted value for INVPIND,Yes,NRSA 2324 Fish MMI,Traditional MMI watershed adjusted value for INVPIND,All three cycles,Same/equivalent EPA label across available cycles
Fish,INVPIND_WS_PT,Yes,NRSA 1314 Fish MMI,Traditional MMI watershed adjusted metric score for INVPIND,Yes,NRSA 1819 Fish MMI,Traditional MMI watershed adjusted metric score for INVPIND,Yes,NRSA 2324 Fish MMI,Traditional MMI watershed adjusted metric score for INVPIND,All three cycles,Same/equivalent EPA label across available cycles
Fish,INVPTAX,Yes,NRSA 1314 Fish Metric Values,% invertivore taxa,No,,,Yes,NRSA 2324 Fish Metrics,% invertivore taxa,2013–2014 + 2023–2024,Same/equivalent EPA label across available cycles
Fish,INVPTAX_PT,Yes,NRSA 1314 Fish MMI,Score for INVPTAX used in MMI,Yes,NRSA 1819 Fish MMI,Score for INVPTAX used in MMI,Yes,NRSA 2324 Fish MMI,Score for INVPTAX used in MMI,All three cycles,Same/equivalent EPA label across available cycles
Fish,IS_DISTINCT,Yes,NRSA 1314 Fish Counts,,Yes,NRSA 1819 Fish Count,Distinctness of taxon within sample,Yes,NRSA 2324 Fish Count,Distinctness of taxon within sample,All three cycles,EPA label differs and/or is blank across cycles
Fish,ITISTSN,Yes,NRSA 1314 Fish Taxa List,Unique Taxonmoic Serial Number (TSN) based on ITIS,No,,,Yes,NRSA 2324 Fish Taxa List,Unique Taxonmoic Serial Number (TSN) based on ITIS,2013–2014 + 2023–2024,Same/equivalent EPA label across available cycles
Fish,LAB,No,,,Yes,NRSA 1819 Mercury in Fish Tissue Plugs,Laboratory processing sample,Yes,NRSA 2324 Mercury in Fish Tissue Plugs,Laboratory processing sample,2018–2019 + 2023–2024,Same/equivalent EPA label across available cycles
Fish,LAB_SAMPLE_ID,No,,,Yes,NRSA 1819 Mercury in Fish Tissue Plugs,Laboratory sample ID,No,,,2018–2019 only,Not comparable across cycles
Fish,LAT_DD83,Yes,NRSA 1314 Fish MMI | NRSA 1314 Fish Counts | NRSA 1314 Fish Metric Values,Latitude (based on NAD83 datum) for stream site from NHD-based sample frame. | Latitude (based on NAD83 datum) for stream site from NHDPlusV2 Numeric. No missing values allowed.,No,,,No,,,2013–2014 only,Not comparable across cycles
Fish,LENGTH_1,No,,,No,,,Yes,NRSA 2324 Mercury in Fish Tissue Plugs,Fish length 1 (mm),2023–2024 only,Not comparable across cycles
Fish,LENGTH_2,No,,,No,,,Yes,NRSA 2324 Mercury in Fish Tissue Plugs,Fish length 1 (mm),2023–2024 only,Not comparable across cycles
Fish,LITHNTAX,Yes,NRSA 1314 Fish Metric Values,No. lithophilic taxa,No,,,Yes,NRSA 2324 Fish Metrics,No. lithophilic taxa,2013–2014 + 2023–2024,Same/equivalent EPA label across available cycles
Fish,LITHNTAX_PT,Yes,NRSA 1314 Fish MMI,Traditional MMI metric score for LITHNTAX,Yes,NRSA 1819 Fish MMI,Traditional MMI metric score for LITHNTAX,Yes,NRSA 2324 Fish MMI,Traditional MMI metric score for LITHNTAX,All three cycles,Same/equivalent EPA label across available cycles
Fish,LITHNTAX_WS,Yes,NRSA 1314 Fish MMI,Traditional MMI watershed adjusted value for LITHNTAX,Yes,NRSA 1819 Fish MMI,Traditional MMI watershed adjusted value for LITHNTAX,Yes,NRSA 2324 Fish MMI,Traditional MMI watershed adjusted value for LITHNTAX,All three cycles,Same/equivalent EPA label across available cycles
Fish,LITHNTAX_WS_PT,Yes,NRSA 1314 Fish MMI,Traditional MMI watershed adjusted metric score for LITHNTAX,Yes,NRSA 1819 Fish MMI,Traditional MMI watershed adjusted metric score for LITHNTAX,Yes,NRSA 2324 Fish MMI,Traditional MMI watershed adjusted metric score for LITHNTAX,All three cycles,Same/equivalent EPA label across available cycles
Fish,LITHPIND,Yes,NRSA 1314 Fish Metric Values,% lithophilic individuals,No,,,Yes,NRSA 2324 Fish Metrics,% lithophilic individuals,2013–2014 + 2023–2024,Same/equivalent EPA label across available cycles
Fish,LITHPIND_PT,Yes,NRSA 1314 Fish MMI,Score for LITHPIND used in MMI,Yes,NRSA 1819 Fish MMI,Score for LITHPIND used in MMI,Yes,NRSA 2324 Fish MMI,Score for LITHPIND used in MMI,All three cycles,Same/equivalent EPA label across available cycles
Fish,LITHPIND_WS,Yes,NRSA 1314 Fish MMI,Traditional MMI watershed adjusted value for LITHPIND,Yes,NRSA 1819 Fish MMI,Traditional MMI watershed adjusted value for LITHPIND,Yes,NRSA 2324 Fish MMI,Traditional MMI watershed adjusted value for LITHPIND,All three cycles,Same/equivalent EPA label across available cycles
Fish,LITHPIND_WS_PT,Yes,NRSA 1314 Fish MMI,Traditional MMI watershed adjusted metric score for LITHPIND,Yes,NRSA 1819 Fish MMI,Traditional MMI watershed adjusted metric score for LITHPIND,Yes,NRSA 2324 Fish MMI,Traditional MMI watershed adjusted metric score for LITHPIND,All three cycles,Same/equivalent EPA label across available cycles
Fish,LITHPTAX,Yes,NRSA 1314 Fish Metric Values,% lithophilic taxa,No,,,Yes,NRSA 2324 Fish Metrics,% lithophilic taxa,2013–2014 + 2023–2024,Same/equivalent EPA label across available cycles
Fish,LITHPTAX_PT,Yes,NRSA 1314 Fish MMI,Score for LITHPTAX used in MMI,Yes,NRSA 1819 Fish MMI,Score for LITHPTAX used in MMI,Yes,NRSA 2324 Fish MMI,Score for LITHPTAX used in MMI,All three cycles,Same/equivalent EPA label across available cycles
Fish,LITHPTAX_WS,Yes,NRSA 1314 Fish MMI,Traditional MMI watershed adjusted value for LITHPTAX,Yes,NRSA 1819 Fish MMI,Traditional MMI watershed adjusted value for LITHPTAX,Yes,NRSA 2324 Fish MMI,Traditional MMI watershed adjusted value for LITHPTAX,All three cycles,Same/equivalent EPA label across available cycles
Fish,LITHPTAX_WS_PT,Yes,NRSA 1314 Fish MMI,Traditional MMI watershed adjusted metric score for LITHPTAX,Yes,NRSA 1819 Fish MMI,Traditional MMI watershed adjusted metric score for LITHPTAX,Yes,NRSA 2324 Fish MMI,Traditional MMI watershed adjusted metric score for LITHPTAX,All three cycles,Same/equivalent EPA label across available cycles
Fish,LON_DD83,Yes,NRSA 1314 Fish MMI | NRSA 1314 Fish Counts | NRSA 1314 Fish Metric Values,Longitude (based on NAD83 datum) for stream site from NHD-based sample frame. | Longitude (based on NAD83 datum) for stream site from NHDPlusV2 Numeric. No missing values allowed.,No,,,No,,,2013–2014 only,Not comparable across cycles
Fish,LOTNTAX,Yes,NRSA 1314 Fish Metric Values,Number of lotic taxa,No,,,Yes,NRSA 2324 Fish Metrics,Number of lotic taxa,2013–2014 + 2023–2024,Same/equivalent EPA label across available cycles
Fish,LOTNTAX_WS,Yes,NRSA 1314 Fish MMI,Traditional MMI watershed adjusted value for LOTNTAX,Yes,NRSA 1819 Fish MMI,Traditional MMI watershed adjusted value for LOTNTAX,Yes,NRSA 2324 Fish MMI,Traditional MMI watershed adjusted value for LOTNTAX,All three cycles,Same/equivalent EPA label across available cycles
Fish,LOTNTAX_WS_PT,Yes,NRSA 1314 Fish MMI,Traditional MMI watershed adjusted metric score for LOTNTAX,Yes,NRSA 1819 Fish MMI,Traditional MMI watershed adjusted metric score for LOTNTAX,Yes,NRSA 2324 Fish MMI,Traditional MMI watershed adjusted metric score for LOTNTAX,All three cycles,Same/equivalent EPA label across available cycles
Fish,LOTPIND,Yes,NRSA 1314 Fish Metric Values,% lotic individuals,No,,,Yes,NRSA 2324 Fish Metrics,% lotic individuals,2013–2014 + 2023–2024,Same/equivalent EPA label across available cycles
Fish,LOTPIND_WS,Yes,NRSA 1314 Fish MMI,Traditional MMI watershed adjusted value for LOTPIND,Yes,NRSA 1819 Fish MMI,Traditional MMI watershed adjusted value for LOTPIND,Yes,NRSA 2324 Fish MMI,Traditional MMI watershed adjusted value for LOTPIND,All three cycles,Same/equivalent EPA label across available cycles
Fish,LOTPIND_WS_PT,Yes,NRSA 1314 Fish MMI,Traditional MMI watershed adjusted metric score for LOTPIND,Yes,NRSA 1819 Fish MMI,Traditional MMI watershed adjusted metric score for LOTPIND,Yes,NRSA 2324 Fish MMI,Traditional MMI watershed adjusted metric score for LOTPIND,All three cycles,Same/equivalent EPA label across available cycles
Fish,LOTPTAX,Yes,NRSA 1314 Fish Metric Values,% lotic taxa,No,,,Yes,NRSA 2324 Fish Metrics,% lotic taxa,2013–2014 + 2023–2024,Same/equivalent EPA label across available cycles
Fish,MATRIX,No,,,Yes,NRSA 1819 Mercury in Fish Tissue Plugs,Material used for analysis,Yes,NRSA 2324 Mercury in Fish Tissue Plugs,"Type of sample (e.g., water, sediment, tissue)",2018–2019 + 2023–2024,EPA label differs and/or is blank across cycles
Fish,MDL,No,,,Yes,NRSA 1819 Mercury in Fish Tissue Plugs,Minimum Detection Limit,Yes,NRSA 2324 Mercury in Fish Tissue Plugs,Minimum Detection Limit,2018–2019 + 2023–2024,Same/equivalent EPA label across available cycles
Fish,MERCURY_COMMENT,Yes,NRSA 1314 Mercury in Fish Tissue Plugs,Comment to indicate reason mercury data not used in assessment | Descriptive comment. for Mercury in Fish Tissue - NG/G,No,,,No,,,2013–2014 only,Not comparable across cycles
Fish,MERCURY_DATA_FLAG,Yes,NRSA 1314 Mercury in Fish Tissue Plugs,Laboratory or OW flag of result for Mercury,No,,,No,,,2013–2014 only,Not comparable across cycles
Fish,MERCURY_FLAG,Yes,NRSA 1314 Mercury in Fish Tissue Plugs,Flag assigned to associated comment for Mercury in Fish Tissue - NG/G,No,,,No,,,2013–2014 only,Not comparable across cycles
Fish,MERCURY_MDL,Yes,NRSA 1314 Mercury in Fish Tissue Plugs,Minimum Detection Limit for Mercury in Fish Tissue - NG/G,No,,,No,,,2013–2014 only,Not comparable across cycles
Fish,MERCURY_RESULT,Yes,NRSA 1314 Mercury in Fish Tissue Plugs,Result for Mercury in Fish Tissue - NG/G | Value of associated parameter for Mercury in Fish Tissue - NG/G,No,,,No,,,2013–2014 only,Not comparable across cycles
Fish,MERCURY_RL,Yes,NRSA 1314 Mercury in Fish Tissue Plugs,Reporting Limit for Mercury in Fish Tissue - NG/G,No,,,No,,,2013–2014 only,Not comparable across cycles
Fish,METHOD,No,,,Yes,NRSA 1819 Mercury in Fish Tissue Plugs,,Yes,NRSA 2324 Mercury in Fish Tissue Plugs,Fish collection method for fish plug sample,2018–2019 + 2023–2024,EPA label differs and/or is blank across cycles
Fish,MIGR_NRSA,Yes,NRSA 1314 Fish Taxa List,Migratory or not,No,,,Yes,NRSA 2324 Fish Taxa List,Migratory or not,2013–2014 + 2023–2024,Same/equivalent EPA label across available cycles
Fish,MIGRNTAX,Yes,NRSA 1314 Fish Metric Values,Number of migratory taxa,No,,,Yes,NRSA 2324 Fish Metrics,Number of migratory taxa,2013–2014 + 2023–2024,Same/equivalent EPA label across available cycles
Fish,MIGRNTAX_WS,Yes,NRSA 1314 Fish MMI,Traditional MMI watershed adjusted value for MIGRNTAX,Yes,NRSA 1819 Fish MMI,Traditional MMI watershed adjusted value for MIGRNTAX,Yes,NRSA 2324 Fish MMI,Traditional MMI watershed adjusted value for MIGRNTAX,All three cycles,Same/equivalent EPA label across available cycles
Fish,MIGRNTAX_WS_PT,Yes,NRSA 1314 Fish MMI,Traditional MMI watershed adjusted metric score for MIGRNTAX,Yes,NRSA 1819 Fish MMI,Traditional MMI watershed adjusted metric score for MIGRNTAX,Yes,NRSA 2324 Fish MMI,Traditional MMI watershed adjusted metric score for MIGRNTAX,All three cycles,Same/equivalent EPA label across available cycles
Fish,MIGRPIND,Yes,NRSA 1314 Fish Metric Values,% migratory individuals,No,,,Yes,NRSA 2324 Fish Metrics,% migratory individuals,2013–2014 + 2023–2024,Same/equivalent EPA label across available cycles
Fish,MIGRPTAX,Yes,NRSA 1314 Fish Metric Values,% migratory taxa,No,,,Yes,NRSA 2324 Fish Metrics,% migratory taxa,2013–2014 + 2023–2024,Same/equivalent EPA label across available cycles
Fish,MIGRPTAX_WS,Yes,NRSA 1314 Fish MMI,Traditional MMI watershed adjusted value for MIGRPTAX,Yes,NRSA 1819 Fish MMI,Traditional MMI watershed adjusted value for MIGRPTAX,Yes,NRSA 2324 Fish MMI,Traditional MMI watershed adjusted value for MIGRPTAX,All three cycles,Same/equivalent EPA label across available cycles
Fish,MIGRPTAX_WS_PT,Yes,NRSA 1314 Fish MMI,Traditional MMI watershed adjusted metric score for MIGRPTAX,Yes,NRSA 1819 Fish MMI,Traditional MMI watershed adjusted metric score for MIGRPTAX,Yes,NRSA 2324 Fish MMI,Traditional MMI watershed adjusted metric score for MIGRPTAX,All three cycles,Same/equivalent EPA label across available cycles
Fish,MMI_FISH,Yes,NRSA 1314 Fish MMI,Traditional MMI watershed adjusted value for MMI_FISH,Yes,NRSA 1819 Fish MMI,Traditional MMI watershed adjusted value for MMI_FISH,Yes,NRSA 2324 Fish MMI,Traditional MMI watershed adjusted value for MMI_FISH,All three cycles,Same/equivalent EPA label across available cycles
Fish,MTOLNTAX,Yes,NRSA 1314 Fish Metric Values,No. distinct intermediate tolerant taxa based on TOLERANCE_NRSA,No,,,Yes,NRSA 2324 Fish Metrics,No. distinct intermediate tolerant taxa based on TOLERANCE_NRSA,2013–2014 + 2023–2024,Same/equivalent EPA label across available cycles
Fish,MTOLPIND,Yes,NRSA 1314 Fish Metric Values,% Intermediate tolerant individuals based on TOLERANCE_NRSA,No,,,Yes,NRSA 2324 Fish Metrics,% Intermediate tolerant individuals based on TOLERANCE_NRSA,2013–2014 + 2023–2024,Same/equivalent EPA label across available cycles
Fish,MTOLPTAX,Yes,NRSA 1314 Fish Metric Values,% intermediate tolerant taxa based on TOLERANCE_NRSA,No,,,Yes,NRSA 2324 Fish Metrics,% intermediate tolerant taxa based on TOLERANCE_NRSA,2013–2014 + 2023–2024,Same/equivalent EPA label across available cycles
Fish,NAME_COM,No,,,Yes,NRSA 1819 Mercury in Fish Tissue Plugs,FPLG_NAME_COM,Yes,NRSA 2324 Mercury in Fish Tissue Plugs,Common Name,2018–2019 + 2023–2024,EPA label differs and/or is blank across cycles
Fish,NARS_FLAG,No,,,No,,,Yes,NRSA 2324 Mercury in Fish Tissue Plugs,"Flag assigned by NARS: ND = Non-detect, L = Estimated, Q = Quality-related issue, S = Shipping time exceedence, H = Holding time exceedence, NR = No lab result for analyte",2023–2024 only,Not comparable across cycles
Fish,NAT_BENTINVNTAX,Yes,NRSA 1314 Fish Metric Values,Number of native benthic invertivore taxa,No,,,Yes,NRSA 2324 Fish Metrics,Number of native benthic invertivore taxa,2013–2014 + 2023–2024,Same/equivalent EPA label across available cycles
Fish,NAT_BENTINVPIND,Yes,NRSA 1314 Fish Metric Values,% native individuals as benthic invertivore,No,,,Yes,NRSA 2324 Fish Metrics,% native individuals as benthic invertivore,2013–2014 + 2023–2024,Same/equivalent EPA label across available cycles
Fish,NAT_BENTINVPTAX,Yes,NRSA 1314 Fish Metric Values,% native taxa as benthic invertivore,No,,,Yes,NRSA 2324 Fish Metrics,% native taxa as benthic invertivore,2013–2014 + 2023–2024,Same/equivalent EPA label across available cycles
Fish,NAT_CARNNTAX,Yes,NRSA 1314 Fish Metric Values,Number of native carnivore taxa,No,,,Yes,NRSA 2324 Fish Metrics,Number of native carnivore taxa,2013–2014 + 2023–2024,Same/equivalent EPA label across available cycles
Fish,NAT_CARNNTAX_WS,Yes,NRSA 1314 Fish MMI,Traditional MMI watershed adjusted value for NAT_CARNNTAX,Yes,NRSA 1819 Fish MMI,Traditional MMI watershed adjusted value for NAT_CARNNTAX,Yes,NRSA 2324 Fish MMI,Traditional MMI watershed adjusted value for NAT_CARNNTAX,All three cycles,Same/equivalent EPA label across available cycles
Fish,NAT_CARNNTAX_WS_PT,Yes,NRSA 1314 Fish MMI,Traditional MMI watershed adjusted metric score for NAT_CARNNTAX,Yes,NRSA 1819 Fish MMI,Traditional MMI watershed adjusted metric score for NAT_CARNNTAX,Yes,NRSA 2324 Fish MMI,Traditional MMI watershed adjusted metric score for NAT_CARNNTAX,All three cycles,Same/equivalent EPA label across available cycles
Fish,NAT_CARNPIND,Yes,NRSA 1314 Fish Metric Values,% native individuals as carnivore,No,,,Yes,NRSA 2324 Fish Metrics,% native individuals as carnivore,2013–2014 + 2023–2024,Same/equivalent EPA label across available cycles
Fish,NAT_CARNPTAX,Yes,NRSA 1314 Fish Metric Values,% native taxa as carnivore,No,,,Yes,NRSA 2324 Fish Metrics,% native taxa as carnivore,2013–2014 + 2023–2024,Same/equivalent EPA label across available cycles
Fish,NAT_CATONTAX,Yes,NRSA 1314 Fish Metric Values,No. native Catostomid taxa,No,,,Yes,NRSA 2324 Fish Metrics,No. native Catostomid taxa,2013–2014 + 2023–2024,Same/equivalent EPA label across available cycles
Fish,NAT_CATOPIND,Yes,NRSA 1314 Fish Metric Values,% native individuals as Catostomid,No,,,Yes,NRSA 2324 Fish Metrics,% native individuals as Catostomid,2013–2014 + 2023–2024,Same/equivalent EPA label across available cycles
Fish,NAT_CATOPIND_PT,Yes,NRSA 1314 Fish MMI,Traditional MMI metric score for NAT_CATOPIND,Yes,NRSA 1819 Fish MMI,Traditional MMI metric score for NAT_CATOPIND,Yes,NRSA 2324 Fish MMI,Traditional MMI metric score for NAT_CATOPIND,All three cycles,Same/equivalent EPA label across available cycles
Fish,NAT_CATOPTAX,Yes,NRSA 1314 Fish Metric Values,% native taxa as Catostomid,No,,,Yes,NRSA 2324 Fish Metrics,% native taxa as Catostomid,2013–2014 + 2023–2024,Same/equivalent EPA label across available cycles
Fish,NAT_CENTNTAX,Yes,NRSA 1314 Fish Metric Values,Number of native Centrarchidae (minus Micropterus) taxa,No,,,Yes,NRSA 2324 Fish Metrics,Number of native Centrarchidae (minus Micropterus) taxa,2013–2014 + 2023–2024,Same/equivalent EPA label across available cycles
Fish,NAT_CENTNTAX_WS,Yes,NRSA 1314 Fish MMI,Traditional MMI watershed adjusted value for NAT_CENTNTAX,Yes,NRSA 1819 Fish MMI,Traditional MMI watershed adjusted value for NAT_CENTNTAX,Yes,NRSA 2324 Fish MMI,Traditional MMI watershed adjusted value for NAT_CENTNTAX,All three cycles,Same/equivalent EPA label across available cycles
Fish,NAT_CENTNTAX_WS_PT,Yes,NRSA 1314 Fish MMI,Traditional MMI watershed adjusted metric score for NAT_CENTNTAX,Yes,NRSA 1819 Fish MMI,Traditional MMI watershed adjusted metric score for NAT_CENTNTAX,Yes,NRSA 2324 Fish MMI,Traditional MMI watershed adjusted metric score for NAT_CENTNTAX,All three cycles,Same/equivalent EPA label across available cycles
Fish,NAT_CENTPIND,Yes,NRSA 1314 Fish Metric Values,% native individuals as Centrarchidae (minus Micropterus),No,,,Yes,NRSA 2324 Fish Metrics,% native individuals as Centrarchidae (minus Micropterus),2013–2014 + 2023–2024,Same/equivalent EPA label across available cycles
Fish,NAT_CENTPTAX,Yes,NRSA 1314 Fish Metric Values,% native taxa as Centrarchidae (minus Micropterus),No,,,Yes,NRSA 2324 Fish Metrics,% native taxa as Centrarchidae (minus Micropterus),2013–2014 + 2023–2024,Same/equivalent EPA label across available cycles
Fish,NAT_COLDNTAX,Yes,NRSA 1314 Fish Metric Values,Number of native coldwater taxa,No,,,Yes,NRSA 2324 Fish Metrics,Number of native coldwater taxa,2013–2014 + 2023–2024,Same/equivalent EPA label across available cycles
Fish,NAT_COLDPIND,Yes,NRSA 1314 Fish Metric Values,% native individuals as coldwater,No,,,Yes,NRSA 2324 Fish Metrics,% native individuals as coldwater,2013–2014 + 2023–2024,Same/equivalent EPA label across available cycles
Fish,NAT_COLDPTAX,Yes,NRSA 1314 Fish Metric Values,% native taxa as coldwater,No,,,Yes,NRSA 2324 Fish Metrics,% native taxa as coldwater,2013–2014 + 2023–2024,Same/equivalent EPA label across available cycles
Fish,NAT_CYPRNTAX,Yes,NRSA 1314 Fish Metric Values,Number of native Cyprinidae taxa,No,,,Yes,NRSA 2324 Fish Metrics,Number of native Cyprinidae taxa,2013–2014 + 2023–2024,Same/equivalent EPA label across available cycles
Fish,NAT_CYPRPIND,Yes,NRSA 1314 Fish Metric Values,% native individuals as Cyprinidae,No,,,Yes,NRSA 2324 Fish Metrics,% native individuals as Cyprinidae,2013–2014 + 2023–2024,Same/equivalent EPA label across available cycles
Fish,NAT_CYPRPIND_PT,Yes,NRSA 1314 Fish MMI,Traditional MMI metric score for NAT_CYPRPIND,Yes,NRSA 1819 Fish MMI,Traditional MMI metric score for NAT_CYPRPIND,Yes,NRSA 2324 Fish MMI,Traditional MMI metric score for NAT_CYPRPIND,All three cycles,Same/equivalent EPA label across available cycles
Fish,NAT_CYPRPTAX,Yes,NRSA 1314 Fish Metric Values,% native taxa as Cyprinidae,No,,,Yes,NRSA 2324 Fish Metrics,% native taxa as Cyprinidae,2013–2014 + 2023–2024,Same/equivalent EPA label across available cycles
Fish,NAT_HERBNTAX,Yes,NRSA 1314 Fish Metric Values,Number of native herbivores taxa,No,,,Yes,NRSA 2324 Fish Metrics,Number of native herbivores taxa,2013–2014 + 2023–2024,Same/equivalent EPA label across available cycles
Fish,NAT_HERBPIND,Yes,NRSA 1314 Fish Metric Values,% native individuals as native herbivores,No,,,Yes,NRSA 2324 Fish Metrics,% native individuals as native herbivores,2013–2014 + 2023–2024,Same/equivalent EPA label across available cycles
Fish,NAT_HERBPTAX,Yes,NRSA 1314 Fish Metric Values,% native taxa as native herbivores,No,,,Yes,NRSA 2324 Fish Metrics,% native taxa as native herbivores,2013–2014 + 2023–2024,Same/equivalent EPA label across available cycles
Fish,NAT_HERBPTAX_PT,Yes,NRSA 1314 Fish MMI,Score for NAT_HERBPTAX used in MMI,Yes,NRSA 1819 Fish MMI,Score for NAT_HERBPTAX used in MMI,Yes,NRSA 2324 Fish MMI,Score for NAT_HERBPTAX used in MMI,All three cycles,Same/equivalent EPA label across available cycles
Fish,NAT_ICTANTAX,Yes,NRSA 1314 Fish Metric Values,Number of native Ictaluridae taxa,No,,,Yes,NRSA 2324 Fish Metrics,Number of native Ictaluridae taxa,2013–2014 + 2023–2024,Same/equivalent EPA label across available cycles
Fish,NAT_ICTAPIND,Yes,NRSA 1314 Fish Metric Values,% native individuals as Ictaluridae,No,,,Yes,NRSA 2324 Fish Metrics,% native individuals as Ictaluridae,2013–2014 + 2023–2024,Same/equivalent EPA label across available cycles
Fish,NAT_ICTAPIND_WS,Yes,NRSA 1314 Fish MMI,Traditional MMI watershed adjusted value for NAT_ICTAPIND,Yes,NRSA 1819 Fish MMI,Traditional MMI watershed adjusted value for NAT_ICTAPIND,Yes,NRSA 2324 Fish MMI,Traditional MMI watershed adjusted value for NAT_ICTAPIND,All three cycles,Same/equivalent EPA label across available cycles
Fish,NAT_ICTAPIND_WS_PT,Yes,NRSA 1314 Fish MMI,Traditional MMI watershed adjusted metric score for NAT_ICTAPIND,Yes,NRSA 1819 Fish MMI,Traditional MMI watershed adjusted metric score for NAT_ICTAPIND,Yes,NRSA 2324 Fish MMI,Traditional MMI watershed adjusted metric score for NAT_ICTAPIND,All three cycles,Same/equivalent EPA label across available cycles
Fish,NAT_ICTAPTAX,Yes,NRSA 1314 Fish Metric Values,% native taxa as Ictaluridae,No,,,Yes,NRSA 2324 Fish Metrics,% native taxa as Ictaluridae,2013–2014 + 2023–2024,Same/equivalent EPA label across available cycles
Fish,NAT_INTLCARNNTAX,Yes,NRSA 1314 Fish Metric Values,No. of native intolerant carnivore taxa,No,,,Yes,NRSA 2324 Fish Metrics,No. of native intolerant carnivore taxa,2013–2014 + 2023–2024,Same/equivalent EPA label across available cycles
Fish,NAT_INTLCARNPIND,Yes,NRSA 1314 Fish Metric Values,% native intolerant carnivore individuals,No,,,Yes,NRSA 2324 Fish Metrics,% native intolerant carnivore individuals,2013–2014 + 2023–2024,Same/equivalent EPA label across available cycles
Fish,NAT_INTLCARNPTAX,Yes,NRSA 1314 Fish Metric Values,% native intolerant carnivore taxa,No,,,Yes,NRSA 2324 Fish Metrics,% native intolerant carnivore taxa,2013–2014 + 2023–2024,Same/equivalent EPA label across available cycles
Fish,NAT_INTLINVNTAX,Yes,NRSA 1314 Fish Metric Values,Number of native intolerant invertivore taxa,No,,,Yes,NRSA 2324 Fish Metrics,Number of native intolerant invertivore taxa,2013–2014 + 2023–2024,Same/equivalent EPA label across available cycles
Fish,NAT_INTLINVPIND,Yes,NRSA 1314 Fish Metric Values,% native individuals as intolerant invertivore,No,,,Yes,NRSA 2324 Fish Metrics,% native individuals as intolerant invertivore,2013–2014 + 2023–2024,Same/equivalent EPA label across available cycles
Fish,NAT_INTLINVPTAX,Yes,NRSA 1314 Fish Metric Values,% native taxa as intolerant invertivore,No,,,Yes,NRSA 2324 Fish Metrics,% native taxa as intolerant invertivore,2013–2014 + 2023–2024,Same/equivalent EPA label across available cycles
Fish,NAT_INTLLOTNTAX,Yes,NRSA 1314 Fish Metric Values,Number of native intolerant lotic taxa,No,,,Yes,NRSA 2324 Fish Metrics,Number of native intolerant lotic taxa,2013–2014 + 2023–2024,Same/equivalent EPA label across available cycles
Fish,NAT_INTLLOTPIND,Yes,NRSA 1314 Fish Metric Values,% native individuals as intolerant lotic,No,,,Yes,NRSA 2324 Fish Metrics,% native individuals as intolerant lotic,2013–2014 + 2023–2024,Same/equivalent EPA label across available cycles
Fish,NAT_INTLLOTPTAX,Yes,NRSA 1314 Fish Metric Values,% native taxa as intolerant lotic,No,,,Yes,NRSA 2324 Fish Metrics,% native taxa as intolerant lotic,2013–2014 + 2023–2024,Same/equivalent EPA label across available cycles
Fish,NAT_INTLMIGRNTAX,Yes,NRSA 1314 Fish Metric Values,Number of native intolerant migratory taxa,No,,,Yes,NRSA 2324 Fish Metrics,Number of native intolerant migratory taxa,2013–2014 + 2023–2024,Same/equivalent EPA label across available cycles
Fish,NAT_INTLMIGRPIND,Yes,NRSA 1314 Fish Metric Values,% native individuals as intolerant migratory,No,,,Yes,NRSA 2324 Fish Metrics,% native individuals as intolerant migratory,2013–2014 + 2023–2024,Same/equivalent EPA label across available cycles
Fish,NAT_INTLMIGRPTAX,Yes,NRSA 1314 Fish Metric Values,% native taxa as intolerant migratory,No,,,Yes,NRSA 2324 Fish Metrics,% native taxa as intolerant migratory,2013–2014 + 2023–2024,Same/equivalent EPA label across available cycles
Fish,NAT_INTLNTAX,Yes,NRSA 1314 Fish Metric Values,No. distinct intolerant native taxa based on TOLERANCE_NRSA,No,,,Yes,NRSA 2324 Fish Metrics,No. distinct intolerant native taxa based on TOLERANCE_NRSA,2013–2014 + 2023–2024,Same/equivalent EPA label across available cycles
Fish,NAT_INTLPIND,Yes,NRSA 1314 Fish Metric Values,% Intolerant native individuals based on TOLERANCE_NRSA,No,,,Yes,NRSA 2324 Fish Metrics,% Intolerant native individuals based on TOLERANCE_NRSA,2013–2014 + 2023–2024,Same/equivalent EPA label across available cycles
Fish,NAT_INTLPIND_WS,Yes,NRSA 1314 Fish MMI,Traditional MMI watershed adjusted value for NAT_INTLPIND,Yes,NRSA 1819 Fish MMI,Traditional MMI watershed adjusted value for NAT_INTLPIND,Yes,NRSA 2324 Fish MMI,Traditional MMI watershed adjusted value for NAT_INTLPIND,All three cycles,Same/equivalent EPA label across available cycles
Fish,NAT_INTLPIND_WS_PT,Yes,NRSA 1314 Fish MMI,Traditional MMI watershed adjusted metric score for NAT_INTLPIND,Yes,NRSA 1819 Fish MMI,Traditional MMI watershed adjusted metric score for NAT_INTLPIND,Yes,NRSA 2324 Fish MMI,Traditional MMI watershed adjusted metric score for NAT_INTLPIND,All three cycles,Same/equivalent EPA label across available cycles
Fish,NAT_INTLPTAX,Yes,NRSA 1314 Fish Metric Values,% Intolerant native taxa based on TOLERANCE_NRSA,No,,,Yes,NRSA 2324 Fish Metrics,% Intolerant native taxa based on TOLERANCE_NRSA,2013–2014 + 2023–2024,Same/equivalent EPA label across available cycles
Fish,NAT_INTLRHEONTAX,Yes,NRSA 1314 Fish Metric Values,Number of native intolerant rheophilic taxa,No,,,Yes,NRSA 2324 Fish Metrics,Number of native intolerant rheophilic taxa,2013–2014 + 2023–2024,Same/equivalent EPA label across available cycles
Fish,NAT_INTLRHEOPIND,Yes,NRSA 1314 Fish Metric Values,% native individuals as intolerant rheophilic,No,,,Yes,NRSA 2324 Fish Metrics,% native individuals as intolerant rheophilic,2013–2014 + 2023–2024,Same/equivalent EPA label across available cycles
Fish,NAT_INTLRHEOPTAX,Yes,NRSA 1314 Fish Metric Values,% native taxa as intolerant rheophilic,No,,,Yes,NRSA 2324 Fish Metrics,% native taxa as intolerant rheophilic,2013–2014 + 2023–2024,Same/equivalent EPA label across available cycles
Fish,NAT_INVNTAX,Yes,NRSA 1314 Fish Metric Values,Number of native invertivores taxa,No,,,Yes,NRSA 2324 Fish Metrics,Number of native invertivores taxa,2013–2014 + 2023–2024,Same/equivalent EPA label across available cycles
Fish,NAT_INVPIND,Yes,NRSA 1314 Fish Metric Values,% native individuals as invertivores,No,,,Yes,NRSA 2324 Fish Metrics,% native individuals as invertivores,2013–2014 + 2023–2024,Same/equivalent EPA label across available cycles
Fish,NAT_INVPTAX,Yes,NRSA 1314 Fish Metric Values,% native taxa as invertivores,No,,,Yes,NRSA 2324 Fish Metrics,% native taxa as invertivores,2013–2014 + 2023–2024,Same/equivalent EPA label across available cycles
Fish,NAT_LITHNTAX,Yes,NRSA 1314 Fish Metric Values,Number of native simple lithophils taxa,No,,,Yes,NRSA 2324 Fish Metrics,Number of native simple lithophils taxa,2013–2014 + 2023–2024,Same/equivalent EPA label across available cycles
Fish,NAT_LITHPIND,Yes,NRSA 1314 Fish Metric Values,% native individuals as simple lithophils,No,,,Yes,NRSA 2324 Fish Metrics,% native individuals as simple lithophils,2013–2014 + 2023–2024,Same/equivalent EPA label across available cycles
Fish,NAT_LITHPIND_WS,Yes,NRSA 1314 Fish MMI,Traditional MMI watershed adjusted value for NAT_LITHPIND,Yes,NRSA 1819 Fish MMI,Traditional MMI watershed adjusted value for NAT_LITHPIND,Yes,NRSA 2324 Fish MMI,Traditional MMI watershed adjusted value for NAT_LITHPIND,All three cycles,Same/equivalent EPA label across available cycles
Fish,NAT_LITHPIND_WS_PT,Yes,NRSA 1314 Fish MMI,Traditional MMI watershed adjusted metric score for NAT_LITHPIND,Yes,NRSA 1819 Fish MMI,Traditional MMI watershed adjusted metric score for NAT_LITHPIND,Yes,NRSA 2324 Fish MMI,Traditional MMI watershed adjusted metric score for NAT_LITHPIND,All three cycles,Same/equivalent EPA label across available cycles
Fish,NAT_LITHPTAX,Yes,NRSA 1314 Fish Metric Values,% native taxa as simple lithophils,No,,,Yes,NRSA 2324 Fish Metrics,% native taxa as simple lithophils,2013–2014 + 2023–2024,Same/equivalent EPA label across available cycles
Fish,NAT_LOTNTAX,Yes,NRSA 1314 Fish Metric Values,Number of native lotic taxa,No,,,Yes,NRSA 2324 Fish Metrics,Number of native lotic taxa,2013–2014 + 2023–2024,Same/equivalent EPA label across available cycles
Fish,NAT_LOTPIND,Yes,NRSA 1314 Fish Metric Values,% native individuals as lotic,No,,,Yes,NRSA 2324 Fish Metrics,% native individuals as lotic,2013–2014 + 2023–2024,Same/equivalent EPA label across available cycles
Fish,NAT_LOTPTAX,Yes,NRSA 1314 Fish Metric Values,% native taxa as lotic,No,,,Yes,NRSA 2324 Fish Metrics,% native taxa as lotic,2013–2014 + 2023–2024,Same/equivalent EPA label across available cycles
Fish,NAT_MIGRNTAX,Yes,NRSA 1314 Fish Metric Values,No. native migratory taxa,No,,,Yes,NRSA 2324 Fish Metrics,No. native migratory taxa,2013–2014 + 2023–2024,Same/equivalent EPA label across available cycles
Fish,NAT_MIGRNTAX_PT,Yes,NRSA 1314 Fish MMI,Traditional MMI metric score for NAT_MIGRNTAX,Yes,NRSA 1819 Fish MMI,Traditional MMI metric score for NAT_MIGRNTAX,Yes,NRSA 2324 Fish MMI,Traditional MMI metric score for NAT_MIGRNTAX,All three cycles,Same/equivalent EPA label across available cycles
Fish,NAT_MIGRPIND,Yes,NRSA 1314 Fish Metric Values,% native individuals as migratory,No,,,Yes,NRSA 2324 Fish Metrics,% native individuals as migratory,2013–2014 + 2023–2024,Same/equivalent EPA label across available cycles
Fish,NAT_MIGRPTAX,Yes,NRSA 1314 Fish Metric Values,% native taxa as migratory,No,,,Yes,NRSA 2324 Fish Metrics,% native taxa as migratory,2013–2014 + 2023–2024,Same/equivalent EPA label across available cycles
Fish,NAT_MIGRPTAX_WS,Yes,NRSA 1314 Fish MMI,Traditional MMI watershed adjusted value for NAT_MIGRPTAX,Yes,NRSA 1819 Fish MMI,Traditional MMI watershed adjusted value for NAT_MIGRPTAX,Yes,NRSA 2324 Fish MMI,Traditional MMI watershed adjusted value for NAT_MIGRPTAX,All three cycles,Same/equivalent EPA label across available cycles
Fish,NAT_MIGRPTAX_WS_PT,Yes,NRSA 1314 Fish MMI,Traditional MMI watershed adjusted metric score for NAT_MIGRPTAX,Yes,NRSA 1819 Fish MMI,Traditional MMI watershed adjusted metric score for NAT_MIGRPTAX,Yes,NRSA 2324 Fish MMI,Traditional MMI watershed adjusted metric score for NAT_MIGRPTAX,All three cycles,Same/equivalent EPA label across available cycles
Fish,NAT_MTOLNTAX,Yes,NRSA 1314 Fish Metric Values,No. distinct intermediate tolerant native taxa based on TOLERANCE_NRSA,No,,,Yes,NRSA 2324 Fish Metrics,No. distinct intermediate tolerant native taxa based on TOLERANCE_NRSA,2013–2014 + 2023–2024,Same/equivalent EPA label across available cycles
Fish,NAT_MTOLPIND,Yes,NRSA 1314 Fish Metric Values,% Intermediate tolerant native individuals based on TOLERANCE_NRSA,No,,,Yes,NRSA 2324 Fish Metrics,% Intermediate tolerant native individuals based on TOLERANCE_NRSA,2013–2014 + 2023–2024,Same/equivalent EPA label across available cycles
Fish,NAT_MTOLPTAX,Yes,NRSA 1314 Fish Metric Values,% intermediate tolerant native taxa based on TOLERANCE_NRSA,No,,,Yes,NRSA 2324 Fish Metrics,% intermediate tolerant native taxa based on TOLERANCE_NRSA,2013–2014 + 2023–2024,Same/equivalent EPA label across available cycles
Fish,NAT_NTOLBENTNTAX,Yes,NRSA 1314 Fish Metric Values,No. native non-tolerant benthic taxa based on TOLERANCE_NRSA,No,,,Yes,NRSA 2324 Fish Metrics,No. native non-tolerant benthic taxa based on TOLERANCE_NRSA,2013–2014 + 2023–2024,Same/equivalent EPA label across available cycles
Fish,NAT_NTOLBENTPIND,Yes,NRSA 1314 Fish Metric Values,% native non-tolerant benthic individuals based on TOLERANCE_NRSA,No,,,Yes,NRSA 2324 Fish Metrics,% native non-tolerant benthic individuals based on TOLERANCE_NRSA,2013–2014 + 2023–2024,Same/equivalent EPA label across available cycles
Fish,NAT_NTOLBENTPTAX,Yes,NRSA 1314 Fish Metric Values,% native non-tolerant benthic taxa based on TOLERANCE_NRSA,No,,,Yes,NRSA 2324 Fish Metrics,% native non-tolerant benthic taxa based on TOLERANCE_NRSA,2013–2014 + 2023–2024,Same/equivalent EPA label across available cycles
Fish,NAT_NTOLBENTPTAX_PT,Yes,NRSA 1314 Fish MMI,Score for NAT_NTOLBENTPTAX used in MMI,Yes,NRSA 1819 Fish MMI,Score for NAT_NTOLBENTPTAX used in MMI,Yes,NRSA 2324 Fish MMI,Score for NAT_NTOLBENTPTAX used in MMI,All three cycles,Same/equivalent EPA label across available cycles
Fish,NAT_NTOLCARNNTAX,Yes,NRSA 1314 Fish Metric Values,No. native non-tolerant carnivore taxa based on TOLERANCE_NRSA,No,,,Yes,NRSA 2324 Fish Metrics,No. native non-tolerant carnivore taxa based on TOLERANCE_NRSA,2013–2014 + 2023–2024,Same/equivalent EPA label across available cycles
Fish,NAT_NTOLCARNPIND,Yes,NRSA 1314 Fish Metric Values,% native non-tolerant carnivore individuals based on TOLERANCE_NRSA,No,,,Yes,NRSA 2324 Fish Metrics,% native non-tolerant carnivore individuals based on TOLERANCE_NRSA,2013–2014 + 2023–2024,Same/equivalent EPA label across available cycles
Fish,NAT_NTOLCARNPTAX,Yes,NRSA 1314 Fish Metric Values,% native non-tolerant carnivore taxa based on TOLERANCE_NRSA,No,,,Yes,NRSA 2324 Fish Metrics,% native non-tolerant carnivore taxa based on TOLERANCE_NRSA,2013–2014 + 2023–2024,Same/equivalent EPA label across available cycles
Fish,NAT_NTOLINVNTAX,Yes,NRSA 1314 Fish Metric Values,No. native non-tolerant invertivore taxa based on TOLERANCE_NRSA,No,,,Yes,NRSA 2324 Fish Metrics,No. native non-tolerant invertivore taxa based on TOLERANCE_NRSA,2013–2014 + 2023–2024,Same/equivalent EPA label across available cycles
Fish,NAT_NTOLINVPIND,Yes,NRSA 1314 Fish Metric Values,% native non-tolerant invertivore individuals based on TOLERANCE_NRSA,No,,,Yes,NRSA 2324 Fish Metrics,% native non-tolerant invertivore individuals based on TOLERANCE_NRSA,2013–2014 + 2023–2024,Same/equivalent EPA label across available cycles
Fish,NAT_NTOLINVPTAX,Yes,NRSA 1314 Fish Metric Values,% native non-tolerant invertivore taxa based on TOLERANCE_NRSA,No,,,Yes,NRSA 2324 Fish Metrics,% native non-tolerant invertivore taxa based on TOLERANCE_NRSA,2013–2014 + 2023–2024,Same/equivalent EPA label across available cycles
Fish,NAT_NTOLNTAX,Yes,NRSA 1314 Fish Metric Values,No. native non-tolerant taxa based on TOLERANCE_NRSA,No,,,Yes,NRSA 2324 Fish Metrics,No. native non-tolerant taxa based on TOLERANCE_NRSA,2013–2014 + 2023–2024,Same/equivalent EPA label across available cycles
Fish,NAT_NTOLNTAX_PT,Yes,NRSA 1314 Fish MMI,Traditional MMI metric score for NAT_NTOLNTAX,Yes,NRSA 1819 Fish MMI,Traditional MMI metric score for NAT_NTOLNTAX,Yes,NRSA 2324 Fish MMI,Traditional MMI metric score for NAT_NTOLNTAX,All three cycles,Same/equivalent EPA label across available cycles
Fish,NAT_NTOLNTAX_WS,Yes,NRSA 1314 Fish MMI,Traditional MMI watershed adjusted value for NAT_NTOLNTAX,Yes,NRSA 1819 Fish MMI,Traditional MMI watershed adjusted value for NAT_NTOLNTAX,Yes,NRSA 2324 Fish MMI,Traditional MMI watershed adjusted value for NAT_NTOLNTAX,All three cycles,Same/equivalent EPA label across available cycles
Fish,NAT_NTOLNTAX_WS_PT,Yes,NRSA 1314 Fish MMI,Traditional MMI watershed adjusted metric score for NAT_NTOLNTAX,Yes,NRSA 1819 Fish MMI,Traditional MMI watershed adjusted metric score for NAT_NTOLNTAX,Yes,NRSA 2324 Fish MMI,Traditional MMI watershed adjusted metric score for NAT_NTOLNTAX,All three cycles,Same/equivalent EPA label across available cycles
Fish,NAT_NTOLPIND,Yes,NRSA 1314 Fish Metric Values,% native non-tolerant individuals based on TOLERANCE_NRSA,No,,,Yes,NRSA 2324 Fish Metrics,% native non-tolerant individuals based on TOLERANCE_NRSA,2013–2014 + 2023–2024,Same/equivalent EPA label across available cycles
Fish,NAT_NTOLPTAX,Yes,NRSA 1314 Fish Metric Values,% native non-tolerant taxa based on TOLERANCE_NRSA,No,,,Yes,NRSA 2324 Fish Metrics,% native non-tolerant taxa based on TOLERANCE_NRSA,2013–2014 + 2023–2024,Same/equivalent EPA label across available cycles
Fish,NAT_OMNINTAX,Yes,NRSA 1314 Fish Metric Values,No. native omnivore taxa,No,,,Yes,NRSA 2324 Fish Metrics,No. native omnivore taxa,2013–2014 + 2023–2024,Same/equivalent EPA label across available cycles
Fish,NAT_OMNIPIND,Yes,NRSA 1314 Fish Metric Values,% native individuals as omnivore,No,,,Yes,NRSA 2324 Fish Metrics,% native individuals as omnivore,2013–2014 + 2023–2024,Same/equivalent EPA label across available cycles
Fish,NAT_OMNIPTAX,Yes,NRSA 1314 Fish Metric Values,% native taxa as omnivore,No,,,Yes,NRSA 2324 Fish Metrics,% native taxa as omnivore,2013–2014 + 2023–2024,Same/equivalent EPA label across available cycles
Fish,NAT_PIND,Yes,NRSA 1314 Fish Metric Values,native % of total individuals,No,,,Yes,NRSA 2324 Fish Metrics,native % of total individuals,2013–2014 + 2023–2024,Same/equivalent EPA label across available cycles
Fish,NAT_PIND_PT,Yes,NRSA 1314 Fish MMI,Score for NAT_PIND used in MMI,Yes,NRSA 1819 Fish MMI,Score for NAT_PIND used in MMI,Yes,NRSA 2324 Fish MMI,Score for NAT_PIND used in MMI,All three cycles,Same/equivalent EPA label across available cycles
Fish,NAT_PTAX,Yes,NRSA 1314 Fish Metric Values,native % of total taxa,No,,,Yes,NRSA 2324 Fish Metrics,native % of total taxa,2013–2014 + 2023–2024,Same/equivalent EPA label across available cycles
Fish,NAT_PTAX_PT,Yes,NRSA 1314 Fish MMI,Score for NAT_PTAX used in MMI,Yes,NRSA 1819 Fish MMI,Score for NAT_PTAX used in MMI,Yes,NRSA 2324 Fish MMI,Score for NAT_PTAX used in MMI,All three cycles,Same/equivalent EPA label across available cycles
Fish,NAT_RBCATONTAX,Yes,NRSA 1314 Fish Metric Values,No. native round-bodied sucker taxa,No,,,Yes,NRSA 2324 Fish Metrics,No. native round-bodied sucker taxa,2013–2014 + 2023–2024,Same/equivalent EPA label across available cycles
Fish,NAT_RBCATOPIND,Yes,NRSA 1314 Fish Metric Values,% native individuals as round-bodied sucker,No,,,Yes,NRSA 2324 Fish Metrics,% native individuals as round-bodied sucker,2013–2014 + 2023–2024,Same/equivalent EPA label across available cycles
Fish,NAT_RBCATOPTAX,Yes,NRSA 1314 Fish Metric Values,% native taxa as round-bodied sucker,No,,,Yes,NRSA 2324 Fish Metrics,% native taxa as round-bodied sucker,2013–2014 + 2023–2024,Same/equivalent EPA label across available cycles
Fish,NAT_RHEONTAX,Yes,NRSA 1314 Fish Metric Values,No. native rheophilic taxa,No,,,Yes,NRSA 2324 Fish Metrics,No. native rheophilic taxa,2013–2014 + 2023–2024,Same/equivalent EPA label across available cycles
Fish,NAT_RHEOPIND,Yes,NRSA 1314 Fish Metric Values,% native individuals as rheophilic,No,,,Yes,NRSA 2324 Fish Metrics,% native individuals as rheophilic,2013–2014 + 2023–2024,Same/equivalent EPA label across available cycles
Fish,NAT_RHEOPIND_PT,Yes,NRSA 1314 Fish MMI,Traditional MMI metric score for NAT_RHEOPIND,Yes,NRSA 1819 Fish MMI,Traditional MMI metric score for NAT_RHEOPIND,Yes,NRSA 2324 Fish MMI,Traditional MMI metric score for NAT_RHEOPIND,All three cycles,Same/equivalent EPA label across available cycles
Fish,NAT_RHEOPTAX,Yes,NRSA 1314 Fish Metric Values,% native taxa as rheophilic,No,,,Yes,NRSA 2324 Fish Metrics,% native taxa as rheophilic,2013–2014 + 2023–2024,Same/equivalent EPA label across available cycles
Fish,NAT_SALMNTAX,Yes,NRSA 1314 Fish Metric Values,No. native salmonid taxa,No,,,Yes,NRSA 2324 Fish Metrics,No. native salmonid taxa,2013–2014 + 2023–2024,Same/equivalent EPA label across available cycles
Fish,NAT_SALMPIND,Yes,NRSA 1314 Fish Metric Values,% native individuals as salmonid,No,,,Yes,NRSA 2324 Fish Metrics,% native individuals as salmonid,2013–2014 + 2023–2024,Same/equivalent EPA label across available cycles
Fish,NAT_SALMPTAX,Yes,NRSA 1314 Fish Metric Values,% native taxa as salmonid,No,,,Yes,NRSA 2324 Fish Metrics,% native taxa as salmonid,2013–2014 + 2023–2024,Same/equivalent EPA label across available cycles
Fish,NAT_TOLRNTAX,Yes,NRSA 1314 Fish Metric Values,No. distinct Tolerant native taxa based on TOLERANCE_NRSA,No,,,Yes,NRSA 2324 Fish Metrics,No. distinct Tolerant native taxa based on TOLERANCE_NRSA,2013–2014 + 2023–2024,Same/equivalent EPA label across available cycles
Fish,NAT_TOLRPIND,Yes,NRSA 1314 Fish Metric Values,% Tolerant native individuals based on TOLERANCE_NRSA,No,,,Yes,NRSA 2324 Fish Metrics,% Tolerant native individuals based on TOLERANCE_NRSA,2013–2014 + 2023–2024,Same/equivalent EPA label across available cycles
Fish,NAT_TOLRPTAX,Yes,NRSA 1314 Fish Metric Values,% Tolerant native taxa based on TOLERANCE_NRSA,No,,,Yes,NRSA 2324 Fish Metrics,% Tolerant native taxa based on TOLERANCE_NRSA,2013–2014 + 2023–2024,Same/equivalent EPA label across available cycles
Fish,NAT_TOTLNIND,Yes,NRSA 1314 Fish Metric Values,Total native individuals,No,,,Yes,NRSA 2324 Fish Metrics,Total native individuals,2013–2014 + 2023–2024,Same/equivalent EPA label across available cycles
Fish,NAT_TOTLNTAX,Yes,NRSA 1314 Fish Metric Values,Total native taxa,No,,,Yes,NRSA 2324 Fish Metrics,Total native taxa,2013–2014 + 2023–2024,Same/equivalent EPA label across available cycles
Fish,NAT_TOTLNTAX_WS,Yes,NRSA 1314 Fish MMI,Traditional MMI watershed adjusted value for NAT_TOTLNTAX,Yes,NRSA 1819 Fish MMI,Traditional MMI watershed adjusted value for NAT_TOTLNTAX,Yes,NRSA 2324 Fish MMI,Traditional MMI watershed adjusted value for NAT_TOTLNTAX,All three cycles,Same/equivalent EPA label across available cycles
Fish,NAT_TOTLNTAX_WS_PT,Yes,NRSA 1314 Fish MMI,Traditional MMI watershed adjusted metric score for NAT_TOTLNTAX,Yes,NRSA 1819 Fish MMI,Traditional MMI watershed adjusted metric score for NAT_TOTLNTAX,Yes,NRSA 2324 Fish MMI,Traditional MMI watershed adjusted metric score for NAT_TOTLNTAX,All three cycles,Same/equivalent EPA label across available cycles
Fish,NAT_WTD_TV,Yes,NRSA 1314 Fish Metric Values,Weighted average tolerance value among natives,No,,,Yes,NRSA 2324 Fish Metrics,Weighted average tolerance value among natives,2013–2014 + 2023–2024,Same/equivalent EPA label across available cycles
Fish,NON_NATIVE,Yes,NRSA 1314 Fish Counts,,Yes,NRSA 1819 Fish Count,Non-native status (Y/N) | Non-native to the HUC where sample was collected,Yes,NRSA 2324 Fish Count,Non-native status (Y/N),All three cycles,EPA label differs and/or is blank across cycles
Fish,NTOLBENTNTAX,Yes,NRSA 1314 Fish Metric Values,No. non-tolerant benthic taxa,No,,,Yes,NRSA 2324 Fish Metrics,No. non-tolerant benthic taxa,2013–2014 + 2023–2024,Same/equivalent EPA label across available cycles
Fish,NTOLBENTPIND,Yes,NRSA 1314 Fish Metric Values,% non-tolerant benthic individuals,No,,,Yes,NRSA 2324 Fish Metrics,% non-tolerant benthic individuals,2013–2014 + 2023–2024,Same/equivalent EPA label across available cycles
Fish,NTOLBENTPTAX,Yes,NRSA 1314 Fish Metric Values,% non-tolerant benthic taxa,No,,,Yes,NRSA 2324 Fish Metrics,% non-tolerant benthic taxa,2013–2014 + 2023–2024,Same/equivalent EPA label across available cycles
Fish,NTOLCARNNTAX,Yes,NRSA 1314 Fish Metric Values,No. non-tolerant carnivore taxa,No,,,Yes,NRSA 2324 Fish Metrics,No. non-tolerant carnivore taxa,2013–2014 + 2023–2024,Same/equivalent EPA label across available cycles
Fish,NTOLCARNPIND,Yes,NRSA 1314 Fish Metric Values,% non-tolerant carnivore individuals,No,,,Yes,NRSA 2324 Fish Metrics,% non-tolerant carnivore individuals,2013–2014 + 2023–2024,Same/equivalent EPA label across available cycles
Fish,NTOLCARNPTAX,Yes,NRSA 1314 Fish Metric Values,% non-tolerant carnivore taxa,No,,,Yes,NRSA 2324 Fish Metrics,% non-tolerant carnivore taxa,2013–2014 + 2023–2024,Same/equivalent EPA label across available cycles
Fish,NTOLINVNTAX,Yes,NRSA 1314 Fish Metric Values,No. non-tolerant invertivore taxa,No,,,Yes,NRSA 2324 Fish Metrics,No. non-tolerant invertivore taxa,2013–2014 + 2023–2024,Same/equivalent EPA label across available cycles
Fish,NTOLINVPIND,Yes,NRSA 1314 Fish Metric Values,% non-tolerant invertivore individuals,No,,,Yes,NRSA 2324 Fish Metrics,% non-tolerant invertivore individuals,2013–2014 + 2023–2024,Same/equivalent EPA label across available cycles
Fish,NTOLINVPTAX,Yes,NRSA 1314 Fish Metric Values,% non-tolerant invertivore taxa,No,,,Yes,NRSA 2324 Fish Metrics,% non-tolerant invertivore taxa,2013–2014 + 2023–2024,Same/equivalent EPA label across available cycles
Fish,NTOLNTAX,Yes,NRSA 1314 Fish Metric Values,no. non-tolerant (TOLERANCE_NRSA=(S)ensitive/(I)ntermediate) taxa,No,,,Yes,NRSA 2324 Fish Metrics,no. non-tolerant (TOLERANCE_NRSA=(S)ensitive/(I)ntermediate) taxa,2013–2014 + 2023–2024,Same/equivalent EPA label across available cycles
Fish,NTOLNTAX_WS,Yes,NRSA 1314 Fish MMI,Traditional MMI watershed adjusted value for NTOLNTAX,Yes,NRSA 1819 Fish MMI,Traditional MMI watershed adjusted value for NTOLNTAX,Yes,NRSA 2324 Fish MMI,Traditional MMI watershed adjusted value for NTOLNTAX,All three cycles,Same/equivalent EPA label across available cycles
Fish,NTOLNTAX_WS_PT,Yes,NRSA 1314 Fish MMI,Traditional MMI watershed adjusted metric score for NTOLNTAX,Yes,NRSA 1819 Fish MMI,Traditional MMI watershed adjusted metric score for NTOLNTAX,Yes,NRSA 2324 Fish MMI,Traditional MMI watershed adjusted metric score for NTOLNTAX,All three cycles,Same/equivalent EPA label across available cycles
Fish,NTOLPIND,Yes,NRSA 1314 Fish Metric Values,% non-tolerant (TOLERANCE_NRSA=(S)ensitive/(I)ntermediate) individuals,No,,,Yes,NRSA 2324 Fish Metrics,% non-tolerant (TOLERANCE_NRSA=(S)ensitive/(I)ntermediate) individuals,2013–2014 + 2023–2024,Same/equivalent EPA label across available cycles
Fish,NTOLPTAX,Yes,NRSA 1314 Fish Metric Values,% non-tolerant (TOLERANCE_NRSA=(S)ensitive/(I)ntermediate) taxa,No,,,Yes,NRSA 2324 Fish Metrics,% non-tolerant (TOLERANCE_NRSA=(S)ensitive/(I)ntermediate) taxa,2013–2014 + 2023–2024,Same/equivalent EPA label across available cycles
Fish,NTOLPTAX_PT,Yes,NRSA 1314 Fish MMI,Score for NTOLPTAX used in MMI,Yes,NRSA 1819 Fish MMI,Score for NTOLPTAX used in MMI,Yes,NRSA 2324 Fish MMI,Score for NTOLPTAX used in MMI,All three cycles,Same/equivalent EPA label across available cycles
Fish,NTOLPTAX_WS,Yes,NRSA 1314 Fish MMI,Traditional MMI watershed adjusted value for NTOLPTAX,Yes,NRSA 1819 Fish MMI,Traditional MMI watershed adjusted value for NTOLPTAX,Yes,NRSA 2324 Fish MMI,Traditional MMI watershed adjusted value for NTOLPTAX,All three cycles,Same/equivalent EPA label across available cycles
Fish,NTOLPTAX_WS_PT,Yes,NRSA 1314 Fish MMI,Traditional MMI watershed adjusted metric score for NTOLPTAX,Yes,NRSA 1819 Fish MMI,Traditional MMI watershed adjusted metric score for NTOLPTAX,Yes,NRSA 2324 Fish MMI,Traditional MMI watershed adjusted metric score for NTOLPTAX,All three cycles,Same/equivalent EPA label across available cycles
Fish,OMNINTAX,Yes,NRSA 1314 Fish Metric Values,No. omnivore taxa,No,,,Yes,NRSA 2324 Fish Metrics,No. omnivore taxa,2013–2014 + 2023–2024,Same/equivalent EPA label across available cycles
Fish,OMNIPIND,Yes,NRSA 1314 Fish Metric Values,% omnivore individuals,No,,,Yes,NRSA 2324 Fish Metrics,% omnivore individuals,2013–2014 + 2023–2024,Same/equivalent EPA label across available cycles
Fish,OMNIPTAX,Yes,NRSA 1314 Fish Metric Values,% omnivore taxa,No,,,Yes,NRSA 2324 Fish Metrics,% omnivore taxa,2013–2014 + 2023–2024,Same/equivalent EPA label across available cycles
Fish,PRIM_AMPS,No,,,Yes,NRSA 1819 Fish Sampling Information,Amps,No,,,2018–2019 only,Not comparable across cycles
Fish,PRIM_AMPS_FLAG,No,,,Yes,NRSA 1819 Fish Sampling Information,Flag associated with Amps,No,,,2018–2019 only,Not comparable across cycles
Fish,PRIM_ANODE,No,,,Yes,NRSA 1819 Fish Sampling Information,Anodes Number,No,,,2018–2019 only,Not comparable across cycles
Fish,PRIM_ANODE_FLAG,No,,,Yes,NRSA 1819 Fish Sampling Information,Flag associated with Anodes Number,No,,,2018–2019 only,Not comparable across cycles
Fish,PRIM_AVG_HAUL,No,,,Yes,NRSA 1819 Fish Sampling Information,Average Haul Length (m),No,,,2018–2019 only,Not comparable across cycles
Fish,PRIM_AVG_HAUL_FLAG,No,,,Yes,NRSA 1819 Fish Sampling Information,Flag associated with Average Haul Length (m),No,,,2018–2019 only,Not comparable across cycles
Fish,PRIM_CREW,No,,,Yes,NRSA 1819 Fish Sampling Information,Number of crew members,No,,,2018–2019 only,Not comparable across cycles
Fish,PRIM_CREW_FLAG,No,,,Yes,NRSA 1819 Fish Sampling Information,Flag associated with Number of crew members,No,,,2018–2019 only,Not comparable across cycles
Fish,PRIM_FSHTIME,No,,,Yes,NRSA 1819 Fish Sampling Information,Total Fishing Time (min),No,,,2018–2019 only,Not comparable across cycles
Fish,PRIM_FSHTIME_FLAG,No,,,Yes,NRSA 1819 Fish Sampling Information,Flag associated with Total Fishing Time (min),No,,,2018–2019 only,Not comparable across cycles
Fish,PRIM_GEAR,No,,,Yes,NRSA 1819 Fish Sampling Information,Primary Electrofishing Gear,No,,,2018–2019 only,Not comparable across cycles
Fish,PRIM_GEAR_FLAG,No,,,Yes,NRSA 1819 Fish Sampling Information,Flag associated with Primary Electrofishing Gear,No,,,2018–2019 only,Not comparable across cycles
Fish,PRIM_HAULS,No,,,Yes,NRSA 1819 Fish Sampling Information,Number of hauls,No,,,2018–2019 only,Not comparable across cycles
Fish,PRIM_HAULS_FLAG,No,,,Yes,NRSA 1819 Fish Sampling Information,Flag associated with Number of hauls,No,,,2018–2019 only,Not comparable across cycles
Fish,PRIM_HEIGHT,No,,,Yes,NRSA 1819 Fish Sampling Information,Height (m),No,,,2018–2019 only,Not comparable across cycles
Fish,PRIM_HEIGHT_FLAG,No,,,Yes,NRSA 1819 Fish Sampling Information,Flag associated with Height (m),No,,,2018–2019 only,Not comparable across cycles
Fish,PRIM_LENGTH,No,,,Yes,NRSA 1819 Fish Sampling Information,Length (m),No,,,2018–2019 only,Not comparable across cycles
Fish,PRIM_LENGTH_FISHED,No,,,Yes,NRSA 1819 Fish Sampling Information,Length sampled(m).,No,,,2018–2019 only,Not comparable across cycles
Fish,PRIM_LENGTH_FISHED_FLAG,No,,,Yes,NRSA 1819 Fish Sampling Information,Flag associated with Length sampled(m).,No,,,2018–2019 only,Not comparable across cycles
Fish,PRIM_LENGTH_FLAG,No,,,Yes,NRSA 1819 Fish Sampling Information,Flag associated with Length (m),No,,,2018–2019 only,Not comparable across cycles
Fish,PRIM_LENGTH_SEINE,No,,,Yes,NRSA 1819 Fish Sampling Information,Length sampled(m).,No,,,2018–2019 only,Not comparable across cycles
Fish,PRIM_LENGTH_SEINE_FLAG,No,,,Yes,NRSA 1819 Fish Sampling Information,Flag associated with Length sampled(m).,No,,,2018–2019 only,Not comparable across cycles
Fish,PRIM_MESH,No,,,Yes,NRSA 1819 Fish Sampling Information,Mesh (mm),No,,,2018–2019 only,Not comparable across cycles
Fish,PRIM_MESH_FLAG,No,,,Yes,NRSA 1819 Fish Sampling Information,Flag associated with Mesh (mm),No,,,2018–2019 only,Not comparable across cycles
Fish,PRIM_MODEL,No,,,Yes,NRSA 1819 Fish Sampling Information,PRIM_MODEL,No,,,2018–2019 only,Not comparable across cycles
Fish,PRIM_MODEL_FLAG,No,,,Yes,NRSA 1819 Fish Sampling Information,Flag associated with PRIM_MODEL,No,,,2018–2019 only,Not comparable across cycles
Fish,PRIM_NET_DIAM,No,,,Yes,NRSA 1819 Fish Sampling Information,Anodes Diameter (in or cm),No,,,2018–2019 only,Not comparable across cycles
Fish,PRIM_NET_DIAM_FLAG,No,,,Yes,NRSA 1819 Fish Sampling Information,Flag associated with Anodes Diameter (in or cm),No,,,2018–2019 only,Not comparable across cycles
Fish,PRIM_NET_UNITS,No,,,Yes,NRSA 1819 Fish Sampling Information,Anodes Diameter units,No,,,2018–2019 only,Not comparable across cycles
Fish,PRIM_NET_UNITS_FLAG,No,,,Yes,NRSA 1819 Fish Sampling Information,Flag associated with Anodes Diameter units,No,,,2018–2019 only,Not comparable across cycles
Fish,PRIM_NETTERS,No,,,Yes,NRSA 1819 Fish Sampling Information,Number of netters,No,,,2018–2019 only,Not comparable across cycles
Fish,PRIM_NETTERS_FLAG,No,,,Yes,NRSA 1819 Fish Sampling Information,Flag associated with Number of netters,No,,,2018–2019 only,Not comparable across cycles
Fish,PRIM_POWER,No,,,Yes,NRSA 1819 Fish Sampling Information,PRIM_POWER,No,,,2018–2019 only,Not comparable across cycles
Fish,PRIM_POWER_FLAG,No,,,Yes,NRSA 1819 Fish Sampling Information,Flag associated with PRIM_POWER,No,,,2018–2019 only,Not comparable across cycles
Fish,PRIM_PULSRATE,No,,,Yes,NRSA 1819 Fish Sampling Information,Pulse Rate (pps/Hz),No,,,2018–2019 only,Not comparable across cycles
Fish,PRIM_PULSRATE_FLAG,No,,,Yes,NRSA 1819 Fish Sampling Information,Flag associated with Pulse Rate (pps/Hz),No,,,2018–2019 only,Not comparable across cycles
Fish,PRIM_PULSWID,No,,,Yes,NRSA 1819 Fish Sampling Information,Pulse Width (ms),No,,,2018–2019 only,Not comparable across cycles
Fish,PRIM_PULSWID_FLAG,No,,,Yes,NRSA 1819 Fish Sampling Information,Flag associated with Pulse Width (ms),No,,,2018–2019 only,Not comparable across cycles
Fish,PRIM_SEINE,No,,,Yes,NRSA 1819 Fish Sampling Information,Type Seine Net,No,,,2018–2019 only,Not comparable across cycles
Fish,PRIM_SEINE_FLAG,No,,,Yes,NRSA 1819 Fish Sampling Information,Flag associated with Type Seine Net,No,,,2018–2019 only,Not comparable across cycles
Fish,PRIM_SHKTIME,No,,,Yes,NRSA 1819 Fish Sampling Information,Total Shock button Time (s),No,,,2018–2019 only,Not comparable across cycles
Fish,PRIM_SHKTIME_FLAG,No,,,Yes,NRSA 1819 Fish Sampling Information,Flag associated with Total Shock button Time (s),No,,,2018–2019 only,Not comparable across cycles
Fish,PRIM_TOT_SEINE,No,,,Yes,NRSA 1819 Fish Sampling Information,Total Seining Time (min),No,,,2018–2019 only,Not comparable across cycles
Fish,PRIM_TOT_SEINE_FLAG,No,,,Yes,NRSA 1819 Fish Sampling Information,Flag associated with Total Seining Time (min),No,,,2018–2019 only,Not comparable across cycles
Fish,PRIM_VOLTS,No,,,Yes,NRSA 1819 Fish Sampling Information,Volts,No,,,2018–2019 only,Not comparable across cycles
Fish,PRIM_VOLTS_FLAG,No,,,Yes,NRSA 1819 Fish Sampling Information,Flag associated with Volts,No,,,2018–2019 only,Not comparable across cycles
Fish,PRIM_WATTS,No,,,Yes,NRSA 1819 Fish Sampling Information,"Watts: likely 400 (bp), 2500 or 5000 (boat/raft)",No,,,2018–2019 only,Not comparable across cycles
Fish,PRIM_WATTS_FLAG,No,,,Yes,NRSA 1819 Fish Sampling Information,"Flag associated with Watts: likely 400 (bp), 2500 or 5000 (boat/raft)",No,,,2018–2019 only,Not comparable across cycles
Fish,PRIM_WAVEFORM,No,,,Yes,NRSA 1819 Fish Sampling Information,Wave Form,No,,,2018–2019 only,Not comparable across cycles
Fish,PRIM_WAVEFORM_FLAG,No,,,Yes,NRSA 1819 Fish Sampling Information,Flag associated with Wave Form,No,,,2018–2019 only,Not comparable across cycles
Fish,PSTL_CODE,Yes,NRSA 1314 Fish MMI | NRSA 1314 Fish Counts | NRSA 1314 Fish Metric Values,"State two-letter postal code | State two letter postal code 50 state postal codes plus AS, MP, GU, PR, VI for American Samoa, Commonwealth of Northern Marianas, Guam, Puerto Rico and Virgin Islands. No missing values allowed.",No,,,Yes,NRSA 2324 Fish Count | NRSA 2324 Fish Metrics | NRSA 2324 Fish MMI | NRSA 2324 Mercury in Fish Tissue Plugs,"State two letter postal code for site sampled. 50 state postal codes plus AS, MP, GU, PR, VI for American Samoa, Commonwealth of Northern Marianas, Guam, Puerto Rico and Virgin Islands. No missing or \blank\"" values allowed.""",2013–2014 + 2023–2024,EPA label differs and/or is blank across cycles
Fish,PUBLICATION_DATE,Yes,NRSA 1314 Fish MMI | NRSA 1314 Fish Counts | NRSA 1314 Fish Metric Values,Date of data file publication,Yes,NRSA 1819 Mercury in Fish Tissue Plugs | NRSA 1819 Fish Sampling Information | NRSA 1819 Fish Count | NRSA 1819 Fish MMI,Date the dataset was published to the NARS site | Date of data file publication,Yes,NRSA 2324 Fish Count | NRSA 2324 Fish Metrics | NRSA 2324 Fish MMI | NRSA 2324 Mercury in Fish Tissue Plugs | NRSA 2324 Fish Taxa List,Date of data file publication,All three cycles,Same/equivalent EPA label across available cycles
Fish,RBCATONTAX,Yes,NRSA 1314 Fish Metric Values,No. round-bodied sucker taxa,No,,,Yes,NRSA 2324 Fish Metrics,No. round-bodied sucker taxa,2013–2014 + 2023–2024,Same/equivalent EPA label across available cycles
Fish,RBCATONTAX_PT,Yes,NRSA 1314 Fish MMI,Traditional MMI metric score for RBCATONTAX,Yes,NRSA 1819 Fish MMI,Traditional MMI metric score for RBCATONTAX,Yes,NRSA 2324 Fish MMI,Traditional MMI metric score for RBCATONTAX,All three cycles,Same/equivalent EPA label across available cycles
Fish,RBCATOPIND,Yes,NRSA 1314 Fish Metric Values,% round-bodied sucker individuals,No,,,Yes,NRSA 2324 Fish Metrics,% round-bodied sucker individuals,2013–2014 + 2023–2024,Same/equivalent EPA label across available cycles
Fish,RBCATOPTAX,Yes,NRSA 1314 Fish Metric Values,% round-bodied sucker taxa,No,,,Yes,NRSA 2324 Fish Metrics,% round-bodied sucker taxa,2013–2014 + 2023–2024,Same/equivalent EPA label across available cycles
Fish,RCH_LENGTH,No,,,Yes,NRSA 1819 Fish Sampling Information,Final Length of Fishing Reach (m),No,,,2018–2019 only,Not comparable across cycles
Fish,REPROD_NRSA,Yes,NRSA 1314 Fish Taxa List,"Reproductive strategy,C-clean,coarse(lithophil),D-drifter,G-guarder,O-other",No,,,Yes,NRSA 2324 Fish Taxa List,"Reproductive strategy,C-clean,coarse(lithophil),D-drifter,G-guarder,O-other",2013–2014 + 2023–2024,Same/equivalent EPA label across available cycles
Fish,RESULT,No,,,Yes,NRSA 1819 Mercury in Fish Tissue Plugs,Value of associated parameter,Yes,NRSA 2324 Mercury in Fish Tissue Plugs,Value of associated parameter,2018–2019 + 2023–2024,Same/equivalent EPA label across available cycles
Fish,RHEONTAX,Yes,NRSA 1314 Fish Metric Values,No. rheophilic taxa,No,,,Yes,NRSA 2324 Fish Metrics,No. rheophilic taxa,2013–2014 + 2023–2024,Same/equivalent EPA label across available cycles
Fish,RHEONTAX_PT,Yes,NRSA 1314 Fish MMI,Traditional MMI metric score for RHEONTAX,Yes,NRSA 1819 Fish MMI,Traditional MMI metric score for RHEONTAX,Yes,NRSA 2324 Fish MMI,Traditional MMI metric score for RHEONTAX,All three cycles,Same/equivalent EPA label across available cycles
Fish,RHEOPIND,Yes,NRSA 1314 Fish Metric Values,% rheophilic individuals,No,,,Yes,NRSA 2324 Fish Metrics,% rheophilic individuals,2013–2014 + 2023–2024,Same/equivalent EPA label across available cycles
Fish,RHEOPIND_PT,Yes,NRSA 1314 Fish MMI,Traditional MMI metric score for RHEOPIND,Yes,NRSA 1819 Fish MMI,Traditional MMI metric score for RHEOPIND,Yes,NRSA 2324 Fish MMI,Traditional MMI metric score for RHEOPIND,All three cycles,Same/equivalent EPA label across available cycles
Fish,RHEOPTAX,Yes,NRSA 1314 Fish Metric Values,% rheophilic taxa,No,,,Yes,NRSA 2324 Fish Metrics,% rheophilic taxa,2013–2014 + 2023–2024,Same/equivalent EPA label across available cycles
Fish,RL,No,,,Yes,NRSA 1819 Mercury in Fish Tissue Plugs,Reporting Limit,Yes,NRSA 2324 Mercury in Fish Tissue Plugs,Reporting Limit,2018–2019 + 2023–2024,Same/equivalent EPA label across available cycles
Fish,RT_NRSA,Yes,NRSA 1314 Fish MMI,"NRSA Reference Class Assignment: R=reference, S=intermediate, T=impacted, ?=Cannot be evaluated due to missing info",No,,,No,,,2013–2014 only,Not comparable across cycles
Fish,SALMNTAX,Yes,NRSA 1314 Fish Metric Values,No. Salmonid taxa,No,,,Yes,NRSA 2324 Fish Metrics,No. Salmonid taxa,2013–2014 + 2023–2024,Same/equivalent EPA label across available cycles
Fish,SALMNTAX_PT,Yes,NRSA 1314 Fish MMI,Traditional MMI metric score for SALMNTAX,Yes,NRSA 1819 Fish MMI,Traditional MMI metric score for SALMNTAX,Yes,NRSA 2324 Fish MMI,Traditional MMI metric score for SALMNTAX,All three cycles,Same/equivalent EPA label across available cycles
Fish,SALMPIND,Yes,NRSA 1314 Fish Metric Values,% Salmonid individuals,No,,,Yes,NRSA 2324 Fish Metrics,% Salmonid individuals,2013–2014 + 2023–2024,Same/equivalent EPA label across available cycles
Fish,SALMPTAX,Yes,NRSA 1314 Fish Metric Values,% Salmonid taxa,No,,,Yes,NRSA 2324 Fish Metrics,% Salmonid taxa,2013–2014 + 2023–2024,Same/equivalent EPA label across available cycles
Fish,SAM_CODE,No,,,Yes,NRSA 1819 Mercury in Fish Tissue Plugs,Sample code (Regular/Lab duplicate/Lab split),Yes,NRSA 2324 Mercury in Fish Tissue Plugs,"Sample code (e.g., regular, lab duplicate, lab split)",2018–2019 + 2023–2024,EPA label differs and/or is blank across cycles
Fish,SAMPLE_ID,No,,,Yes,NRSA 1819 Mercury in Fish Tissue Plugs,FPLG_SAMPLE_ID,Yes,NRSA 2324 Mercury in Fish Tissue Plugs,Field Sample ID,2018–2019 + 2023–2024,EPA label differs and/or is blank across cycles
Fish,SAMPLE_TYPE,Yes,NRSA 1314 Fish Metric Values,Sample type,Yes,NRSA 1819 Mercury in Fish Tissue Plugs | NRSA 1819 Fish Sampling Information | NRSA 1819 Fish MMI,Code identifying sample type | Sample type,Yes,NRSA 2324 Mercury in Fish Tissue Plugs,Sample type,All three cycles,Same/equivalent EPA label across available cycles
Fish,SAMPLED_FISH,Yes,NRSA 1314 Fish MMI | NRSA 1314 Fish Metric Values,Whether site sampled sufficiently,No,,,Yes,NRSA 2324 Fish Count,Whether site sampled sufficiently,2013–2014 + 2023–2024,Same/equivalent EPA label across available cycles
Fish,SEC_AMPS,No,,,Yes,NRSA 1819 Fish Sampling Information,Amps,No,,,2018–2019 only,Not comparable across cycles
Fish,SEC_AMPS_FLAG,No,,,Yes,NRSA 1819 Fish Sampling Information,Flag associated with Amps,No,,,2018–2019 only,Not comparable across cycles
Fish,SEC_ANODE,No,,,Yes,NRSA 1819 Fish Sampling Information,Anodes Number,No,,,2018–2019 only,Not comparable across cycles
Fish,SEC_ANODE_FLAG,No,,,Yes,NRSA 1819 Fish Sampling Information,Flag associated with Anodes Number,No,,,2018–2019 only,Not comparable across cycles
Fish,SEC_AVG_HAUL,No,,,Yes,NRSA 1819 Fish Sampling Information,Average Haul Length (m),No,,,2018–2019 only,Not comparable across cycles
Fish,SEC_AVG_HAUL_FLAG,No,,,Yes,NRSA 1819 Fish Sampling Information,Flag associated with Average Haul Length (m),No,,,2018–2019 only,Not comparable across cycles
Fish,SEC_CREW,No,,,Yes,NRSA 1819 Fish Sampling Information,Number of crew members,No,,,2018–2019 only,Not comparable across cycles
Fish,SEC_CREW_FLAG,No,,,Yes,NRSA 1819 Fish Sampling Information,Flag associated with Number of crew members,No,,,2018–2019 only,Not comparable across cycles
Fish,SEC_FSHTIME,No,,,Yes,NRSA 1819 Fish Sampling Information,Total Fishing Time (min),No,,,2018–2019 only,Not comparable across cycles
Fish,SEC_FSHTIME_FLAG,No,,,Yes,NRSA 1819 Fish Sampling Information,Flag associated with Total Fishing Time (min),No,,,2018–2019 only,Not comparable across cycles
Fish,SEC_GEAR,No,,,Yes,NRSA 1819 Fish Sampling Information,Primary Electrofishing Gear,No,,,2018–2019 only,Not comparable across cycles
Fish,SEC_GEAR_FLAG,No,,,Yes,NRSA 1819 Fish Sampling Information,Flag associated with Primary Electrofishing Gear,No,,,2018–2019 only,Not comparable across cycles
Fish,SEC_HAULS,No,,,Yes,NRSA 1819 Fish Sampling Information,Number of hauls,No,,,2018–2019 only,Not comparable across cycles
Fish,SEC_HAULS_FLAG,No,,,Yes,NRSA 1819 Fish Sampling Information,Flag associated with Number of hauls,No,,,2018–2019 only,Not comparable across cycles
Fish,SEC_HEIGHT,No,,,Yes,NRSA 1819 Fish Sampling Information,Height (m),No,,,2018–2019 only,Not comparable across cycles
Fish,SEC_HEIGHT_FLAG,No,,,Yes,NRSA 1819 Fish Sampling Information,Flag associated with Height (m),No,,,2018–2019 only,Not comparable across cycles
Fish,SEC_LENGTH,No,,,Yes,NRSA 1819 Fish Sampling Information,Length (m),No,,,2018–2019 only,Not comparable across cycles
Fish,SEC_LENGTH_FISHED,No,,,Yes,NRSA 1819 Fish Sampling Information,Length sampled(m).,No,,,2018–2019 only,Not comparable across cycles
Fish,SEC_LENGTH_FISHED_FLAG,No,,,Yes,NRSA 1819 Fish Sampling Information,Flag associated with Length sampled(m).,No,,,2018–2019 only,Not comparable across cycles
Fish,SEC_LENGTH_FLAG,No,,,Yes,NRSA 1819 Fish Sampling Information,Flag associated with Length (m),No,,,2018–2019 only,Not comparable across cycles
Fish,SEC_LENGTH_SEINE,No,,,Yes,NRSA 1819 Fish Sampling Information,Length sampled(m).,No,,,2018–2019 only,Not comparable across cycles
Fish,SEC_LENGTH_SEINE_FLAG,No,,,Yes,NRSA 1819 Fish Sampling Information,Flag associated with Length sampled(m).,No,,,2018–2019 only,Not comparable across cycles
Fish,SEC_MESH,No,,,Yes,NRSA 1819 Fish Sampling Information,Mesh (mm),No,,,2018–2019 only,Not comparable across cycles
Fish,SEC_MESH_FLAG,No,,,Yes,NRSA 1819 Fish Sampling Information,Flag associated with Mesh (mm),No,,,2018–2019 only,Not comparable across cycles
Fish,SEC_MODEL,No,,,Yes,NRSA 1819 Fish Sampling Information,SEC_MODEL,No,,,2018–2019 only,Not comparable across cycles
Fish,SEC_MODEL_FLAG,No,,,Yes,NRSA 1819 Fish Sampling Information,Flag associated with SEC_MODEL,No,,,2018–2019 only,Not comparable across cycles
Fish,SEC_NET_DIAM,No,,,Yes,NRSA 1819 Fish Sampling Information,Anodes Diameter (in or cm),No,,,2018–2019 only,Not comparable across cycles
Fish,SEC_NET_DIAM_FLAG,No,,,Yes,NRSA 1819 Fish Sampling Information,Flag associated with Anodes Diameter (in or cm),No,,,2018–2019 only,Not comparable across cycles
Fish,SEC_NET_UNITS,No,,,Yes,NRSA 1819 Fish Sampling Information,Anodes Diameter units,No,,,2018–2019 only,Not comparable across cycles
Fish,SEC_NET_UNITS_FLAG,No,,,Yes,NRSA 1819 Fish Sampling Information,Flag associated with Anodes Diameter units,No,,,2018–2019 only,Not comparable across cycles
Fish,SEC_NETTERS,No,,,Yes,NRSA 1819 Fish Sampling Information,Number of netters,No,,,2018–2019 only,Not comparable across cycles
Fish,SEC_NETTERS_FLAG,No,,,Yes,NRSA 1819 Fish Sampling Information,Flag associated with Number of netters,No,,,2018–2019 only,Not comparable across cycles
Fish,SEC_POWER,No,,,Yes,NRSA 1819 Fish Sampling Information,SEC_POWER,No,,,2018–2019 only,Not comparable across cycles
Fish,SEC_POWER_FLAG,No,,,Yes,NRSA 1819 Fish Sampling Information,Flag associated with SEC_POWER,No,,,2018–2019 only,Not comparable across cycles
Fish,SEC_PULSRATE,No,,,Yes,NRSA 1819 Fish Sampling Information,Pulse Rate (pps/Hz),No,,,2018–2019 only,Not comparable across cycles
Fish,SEC_PULSRATE_FLAG,No,,,Yes,NRSA 1819 Fish Sampling Information,Flag associated with Pulse Rate (pps/Hz),No,,,2018–2019 only,Not comparable across cycles
Fish,SEC_PULSWID,No,,,Yes,NRSA 1819 Fish Sampling Information,Pulse Width (ms),No,,,2018–2019 only,Not comparable across cycles
Fish,SEC_PULSWID_FLAG,No,,,Yes,NRSA 1819 Fish Sampling Information,Flag associated with Pulse Width (ms),No,,,2018–2019 only,Not comparable across cycles
Fish,SEC_SEINE,No,,,Yes,NRSA 1819 Fish Sampling Information,Type Seine Net,No,,,2018–2019 only,Not comparable across cycles
Fish,SEC_SEINE_FLAG,No,,,Yes,NRSA 1819 Fish Sampling Information,Flag associated with Type Seine Net,No,,,2018–2019 only,Not comparable across cycles
Fish,SEC_SHKTIME,No,,,Yes,NRSA 1819 Fish Sampling Information,Total Shock button Time (s),No,,,2018–2019 only,Not comparable across cycles
Fish,SEC_SHKTIME_FLAG,No,,,Yes,NRSA 1819 Fish Sampling Information,Flag associated with Total Shock button Time (s),No,,,2018–2019 only,Not comparable across cycles
Fish,SEC_TOT_SEINE,No,,,Yes,NRSA 1819 Fish Sampling Information,Total Seining Time (min),No,,,2018–2019 only,Not comparable across cycles
Fish,SEC_TOT_SEINE_FLAG,No,,,Yes,NRSA 1819 Fish Sampling Information,Flag associated with Total Seining Time (min),No,,,2018–2019 only,Not comparable across cycles
Fish,SEC_VOLTS,No,,,Yes,NRSA 1819 Fish Sampling Information,Volts,No,,,2018–2019 only,Not comparable across cycles
Fish,SEC_VOLTS_FLAG,No,,,Yes,NRSA 1819 Fish Sampling Information,Flag associated with Volts,No,,,2018–2019 only,Not comparable across cycles
Fish,SEC_WATTS,No,,,Yes,NRSA 1819 Fish Sampling Information,"Watts: likely 400 (bp), 2500 or 5000 (boat/raft)",No,,,2018–2019 only,Not comparable across cycles
Fish,SEC_WATTS_FLAG,No,,,Yes,NRSA 1819 Fish Sampling Information,"Flag associated with Watts: likely 400 (bp), 2500 or 5000 (boat/raft)",No,,,2018–2019 only,Not comparable across cycles
Fish,SEC_WAVEFORM,No,,,Yes,NRSA 1819 Fish Sampling Information,Wave Form,No,,,2018–2019 only,Not comparable across cycles
Fish,SEC_WAVEFORM_FLAG,No,,,Yes,NRSA 1819 Fish Sampling Information,Flag associated with Wave Form,No,,,2018–2019 only,Not comparable across cycles
Fish,SITE_ID,Yes,NRSA 1314 Fish MMI | NRSA 1314 Fish Counts | NRSA 1314 Fish Metric Values | NRSA 1314 Mercury in Fish Tissue Plugs,"Site ID for the study and year sampled. Preferred form is NRSnn_MM-xxxxx where nn is current cycle year (04, 08, 13, 18, etc), MM is two letter state code, and xxxxx is between 10001 and 99999. Text. No missing values allowed. | Site ID | Unique Site ID assigned for NRSA13-14",Yes,NRSA 1819 Mercury in Fish Tissue Plugs | NRSA 1819 Fish Sampling Information | NRSA 1819 Fish Count | NRSA 1819 Fish MMI,"Identification code for site | Site ID | Site ID for the study and year sampled. Preferred form is NRSnn_MM-xxxxx where nn is current cycle year (04, 08, 13, 18, etc), MM is two letter state code, and xxxxx is between 10001 and 99999. No missing or \blank\"" values allowed.""",Yes,NRSA 2324 Fish Count | NRSA 2324 Fish Metrics | NRSA 2324 Fish MMI | NRSA 2324 Mercury in Fish Tissue Plugs,"Site ID for the study and year sampled. Preferred form is NRSnn_MM-xxxxx where nn is current cycle year (04, 08, 13, 18, etc), MM is two letter state code, and xxxxx is between 10001 and 99999. No missing or \blank\"" values allowed.""",All three cycles,EPA label differs and/or is blank across cycles
Fish,SITETYPE,Yes,NRSA 1314 Fish MMI | NRSA 1314 Fish Counts | NRSA 1314 Fish Metric Values,"Site type (Probability-based or hand-picked). PROB for sites from probability survey. Usually HAND for hand-picked sites. In EMAP West and WSA, STARHAND is used to identify hand-picked sites that do not have all CORE indicators available. | Site type (Probability-based or hand-picked)",No,,,No,,,2013–2014 only,Not comparable across cycles
Fish,SPECIES,Yes,NRSA 1314 Fish Taxa List,"Species of taxon, if available",No,,,Yes,NRSA 2324 Fish Taxa List,"Species of taxon, if available",2013–2014 + 2023–2024,Same/equivalent EPA label across available cycles
Fish,STATE,No,,,Yes,NRSA 1819 Mercury in Fish Tissue Plugs | NRSA 1819 Fish Sampling Information | NRSA 1819 Fish Count | NRSA 1819 Fish MMI,State | State of site,No,,,2018–2019 only,Not comparable across cycles
Fish,TAXA_ID,Yes,NRSA 1314 Fish Counts,Taxonomic ID number,Yes,NRSA 1819 Fish Count,Taxonomic ID number,Yes,NRSA 2324 Fish Count | NRSA 2324 Fish Taxa List,Taxonomic ID number,All three cycles,Same/equivalent EPA label across available cycles
Fish,TEMP_NRSA,Yes,NRSA 1314 Fish Taxa List,"Temperature preferences,WM-warm,CD-coldwater,CL-coolwater",No,,,Yes,NRSA 2324 Fish Taxa List,"Temperature preferences,WM-warm,CD-coldwater,CL-coolwater",2013–2014 + 2023–2024,Same/equivalent EPA label across available cycles
Fish,TEMPERATURE,No,,,Yes,NRSA 1819 Fish Sampling Information,Temperature (C),No,,,2018–2019 only,Not comparable across cycles
Fish,TOL_VAL_EMAPW,Yes,NRSA 1314 Fish Taxa List,Species Tolerance Values,No,,,Yes,NRSA 2324 Fish Taxa List,Species Tolerance Values,2013–2014 + 2023–2024,Same/equivalent EPA label across available cycles
Fish,TOLERANCE_NRSA,Yes,NRSA 1314 Fish Taxa List,"Tolerance categories Sensitive/Intolerant (S), Intermediate (I), Tolerant (T), based on WEMAP, USGS, Region 7",No,,,Yes,NRSA 2324 Fish Taxa List,"Tolerance categories Sensitive/Intolerant (S), Intermediate (I), Tolerant (T), based on WEMAP, USGS, Region 7",2013–2014 + 2023–2024,Same/equivalent EPA label across available cycles
Fish,TOLRNTAX,Yes,NRSA 1314 Fish Metric Values,No. distinct Tolerant taxa based on TOLERANCE_NRSA,No,,,Yes,NRSA 2324 Fish Metrics,No. distinct Tolerant taxa based on TOLERANCE_NRSA,2013–2014 + 2023–2024,Same/equivalent EPA label across available cycles
Fish,TOLRNTAX_PT,Yes,NRSA 1314 Fish MMI,Score for TOLRNTAX used in MMI,Yes,NRSA 1819 Fish MMI,Score for TOLRNTAX used in MMI,Yes,NRSA 2324 Fish MMI,Score for TOLRNTAX used in MMI,All three cycles,Same/equivalent EPA label across available cycles
Fish,TOLRNTAX_WS,Yes,NRSA 1314 Fish MMI,Traditional MMI watershed adjusted value for TOLRNTAX,Yes,NRSA 1819 Fish MMI,Traditional MMI watershed adjusted value for TOLRNTAX,Yes,NRSA 2324 Fish MMI,Traditional MMI watershed adjusted value for TOLRNTAX,All three cycles,Same/equivalent EPA label across available cycles
Fish,TOLRNTAX_WS_PT,Yes,NRSA 1314 Fish MMI,Traditional MMI watershed adjusted metric score for TOLRNTAX,Yes,NRSA 1819 Fish MMI,Traditional MMI watershed adjusted metric score for TOLRNTAX,Yes,NRSA 2324 Fish MMI,Traditional MMI watershed adjusted metric score for TOLRNTAX,All three cycles,Same/equivalent EPA label across available cycles
Fish,TOLRPIND,Yes,NRSA 1314 Fish Metric Values,% Tolerant individuals based on TOLERANCE_NRSA,No,,,Yes,NRSA 2324 Fish Metrics,% Tolerant individuals based on TOLERANCE_NRSA,2013–2014 + 2023–2024,Same/equivalent EPA label across available cycles
Fish,TOLRPTAX,Yes,NRSA 1314 Fish Metric Values,% Tolerant taxa based on TOLERANCE_NRSA,No,,,Yes,NRSA 2324 Fish Metrics,% Tolerant taxa based on TOLERANCE_NRSA,2013–2014 + 2023–2024,Same/equivalent EPA label across available cycles
Fish,TOLRPTAX_PT,Yes,NRSA 1314 Fish MMI,Score for TOLRPTAX used in MMI,Yes,NRSA 1819 Fish MMI,Score for TOLRPTAX used in MMI,Yes,NRSA 2324 Fish MMI,Score for TOLRPTAX used in MMI,All three cycles,Same/equivalent EPA label across available cycles
Fish,TOTAL,Yes,NRSA 1314 Fish Counts,,Yes,NRSA 1819 Fish Count,Total number of individuals for taxon in sample,Yes,NRSA 2324 Fish Count,Total number of individuals for taxon in sample,All three cycles,EPA label differs and/or is blank across cycles
Fish,TOTLNIND,Yes,NRSA 1314 Fish Metric Values,Total no. individuals,No,,,Yes,NRSA 2324 Fish Metrics,Total no. individuals,2013–2014 + 2023–2024,Same/equivalent EPA label across available cycles
Fish,TOTLNTAX,Yes,NRSA 1314 Fish Metric Values,Total no. distinct taxa,No,,,Yes,NRSA 2324 Fish Metrics,Total no. distinct taxa,2013–2014 + 2023–2024,Same/equivalent EPA label across available cycles
Fish,TROPHIC_NRSA,Yes,NRSA 1314 Fish Taxa List,"Trophic guild,C-carnivore,I-invertivore,H-herbivore,O-omnivore",No,,,Yes,NRSA 2324 Fish Taxa List,"Trophic guild,C-carnivore,I-invertivore,H-herbivore,O-omnivore",2013–2014 + 2023–2024,Same/equivalent EPA label across available cycles
Fish,UID,Yes,NRSA 1314 Fish MMI | NRSA 1314 Fish Counts | NRSA 1314 Fish Metric Values | NRSA 1314 Mercury in Fish Tissue Plugs,Unique site visit ID,Yes,NRSA 1819 Mercury in Fish Tissue Plugs | NRSA 1819 Fish Sampling Information | NRSA 1819 Fish Count | NRSA 1819 Fish MMI,Unique identifier for the site/visit | Unique site visit ID,Yes,NRSA 2324 Fish Count | NRSA 2324 Fish Metrics | NRSA 2324 Fish MMI | NRSA 2324 Mercury in Fish Tissue Plugs,Unique site visit ID,All three cycles,Same/equivalent EPA label across available cycles
Fish,UNIQUE_ID,No,,,No,,,Yes,NRSA 2324 Fish Count | NRSA 2324 Fish Metrics | NRSA 2324 Fish MMI | NRSA 2324 Mercury in Fish Tissue Plugs,Unique site ID based on location that does not depend on year sampled or any other factor. Form is NRS_ss_nnnnn where ss state and nnnnn is number that starts at 10001. No missing values allowed.,2023–2024 only,Not comparable across cycles
Fish,UNITS,No,,,Yes,NRSA 1819 Mercury in Fish Tissue Plugs,Units of measurement,Yes,NRSA 2324 Mercury in Fish Tissue Plugs,Units,2018–2019 + 2023–2024,EPA label differs and/or is blank across cycles
Fish,VEL_NRSA,Yes,NRSA 1314 Fish Taxa List,"Velocity preferences,O-other,R-rheophil,P-pool",No,,,Yes,NRSA 2324 Fish Taxa List,"Velocity preferences,O-other,R-rheophil,P-pool",2013–2014 + 2023–2024,Same/equivalent EPA label across available cycles
Fish,VISIT_NO,Yes,NRSA 1314 Fish MMI | NRSA 1314 Fish Counts | NRSA 1314 Fish Metric Values | NRSA 1314 Mercury in Fish Tissue Plugs,Number identifying which visit this is,Yes,NRSA 1819 Mercury in Fish Tissue Plugs | NRSA 1819 Fish Sampling Information | NRSA 1819 Fish Count | NRSA 1819 Fish MMI,Sequential number of visit to site | Number identifying which visit this is,Yes,NRSA 2324 Fish Count | NRSA 2324 Fish Metrics | NRSA 2324 Fish MMI | NRSA 2324 Mercury in Fish Tissue Plugs,Number identifying which visit this is,All three cycles,Same/equivalent EPA label across available cycles
Fish,WATER_VIS,No,,,Yes,NRSA 1819 Fish Sampling Information,Water Visibility (m),No,,,2018–2019 only,Not comparable across cycles
Fish,WTD_TV,Yes,NRSA 1314 Fish Metric Values,"Hilsenhoff Biotic Index (HBI), sum of TV_i*prop_i, where TV_i=tolerance value for species i and prop_i=proportion of taxon i in sample, based on all taxa in sample",No,,,Yes,NRSA 2324 Fish Metrics,"Hilsenhoff Biotic Index (HBI), sum of TV_i*prop_i, where TV_i=tolerance value for species i and prop_i=proportion of taxon i in sample, based on all taxa in sample",2013–2014 + 2023–2024,Same/equivalent EPA label across available cycles
Fish,YEAR,Yes,NRSA 1314 Mercury in Fish Tissue Plugs,Year of sampling,No,,,No,,,2013–2014 only,Not comparable across cycles
Periphyton Biomass,AFDM_DATE_ANALYZED,Yes,NRSA 1314 Periphyton Biomass,Ash Free Dry Mass for NA,No,,,No,,,2013–2014 only,Not comparable across cycles
Periphyton Biomass,AFDM_DATE_FILTERED,Yes,NRSA 1314 Periphyton Biomass,Ash Free Dry Mass for NA,No,,,No,,,2013–2014 only,Not comparable across cycles
Periphyton Biomass,AFDM_DATE_PROCESSED,Yes,NRSA 1314 Periphyton Biomass,Ash Free Dry Mass for NA,No,,,No,,,2013–2014 only,Not comparable across cycles
Periphyton Biomass,AFDM_DATE_RECEIVED,Yes,NRSA 1314 Periphyton Biomass,Ash Free Dry Mass for NA,No,,,No,,,2013–2014 only,Not comparable across cycles
Periphyton Biomass,AFDM_EXTRACT,Yes,NRSA 1314 Periphyton Biomass,Ash Free Dry Mass for NA,No,,,No,,,2013–2014 only,Not comparable across cycles
Periphyton Biomass,AFDM_EXTRACT_VOL,Yes,NRSA 1314 Periphyton Biomass,Ash Free Dry Mass for NA,No,,,No,,,2013–2014 only,Not comparable across cycles
Periphyton Biomass,AFDM_HOLDING_TIME,Yes,NRSA 1314 Periphyton Biomass,Ash Free Dry Mass for NA,No,,,No,,,2013–2014 only,Not comparable across cycles
Periphyton Biomass,AFDM_LAB_SAMPLE_ID,Yes,NRSA 1314 Periphyton Biomass,Ash Free Dry Mass for NA,No,,,No,,,2013–2014 only,Not comparable across cycles
Periphyton Biomass,AFDM_MDL,Yes,NRSA 1314 Periphyton Biomass,Ash Free Dry Mass for NA,No,,,No,,,2013–2014 only,Not comparable across cycles
Periphyton Biomass,AFDM_NARS_FLAG,Yes,NRSA 1314 Periphyton Biomass,Ash Free Dry Mass for NA,No,,,No,,,2013–2014 only,Not comparable across cycles
Periphyton Biomass,AFDM_QA_FLAG,Yes,NRSA 1314 Periphyton Biomass,Ash Free Dry Mass for NA,No,,,No,,,2013–2014 only,Not comparable across cycles
Periphyton Biomass,AFDM_RESULT,Yes,NRSA 1314 Periphyton Biomass,Ash Free Dry Mass for NA,No,,,No,,,2013–2014 only,Not comparable across cycles
Periphyton Biomass,AFDM_RESULT_VOL,Yes,NRSA 1314 Periphyton Biomass,Ash Free Dry Mass for NA,No,,,No,,,2013–2014 only,Not comparable across cycles
Periphyton Biomass,AFDM_RL,Yes,NRSA 1314 Periphyton Biomass,Ash Free Dry Mass for NA,No,,,No,,,2013–2014 only,Not comparable across cycles
Periphyton Biomass,AFDM_SAMPLE_ID,Yes,NRSA 1314 Periphyton Biomass,Ash Free Dry Mass for NA,No,,,No,,,2013–2014 only,Not comparable across cycles
Periphyton Biomass,AFDM_SAMPLEVOL,Yes,NRSA 1314 Periphyton Biomass,Ash Free Dry Mass for NA,No,,,No,,,2013–2014 only,Not comparable across cycles
Periphyton Biomass,AFDM_SHIP_FLAG,Yes,NRSA 1314 Periphyton Biomass,Ash Free Dry Mass for NA,No,,,No,,,2013–2014 only,Not comparable across cycles
Periphyton Biomass,AFDM_VOLUME_FILTERED,Yes,NRSA 1314 Periphyton Biomass,Ash Free Dry Mass for NA,No,,,No,,,2013–2014 only,Not comparable across cycles
Periphyton Biomass,ANALYTE,No,,,Yes,NRSA 1819 Periphyton Biomass,Analyte,Yes,NRSA 2324 Periphyton Biomass,Analyte,2018–2019 + 2023–2024,Same/equivalent EPA label across available cycles
Periphyton Biomass,BATCH_ID,No,,,Yes,NRSA 1819 Periphyton Biomass,Laboratory Batch ID,Yes,NRSA 2324 Periphyton Biomass,Laboratory Batch ID,2018–2019 + 2023–2024,Same/equivalent EPA label across available cycles
Periphyton Biomass,DATE_ANALYZED,No,,,Yes,NRSA 1819 Periphyton Biomass,Date sample analyzed,Yes,NRSA 2324 Periphyton Biomass,Date sample analyzed,2018–2019 + 2023–2024,Same/equivalent EPA label across available cycles
Periphyton Biomass,DATE_COL,No,,,Yes,NRSA 1819 Periphyton Biomass,Date of data collection in field,Yes,NRSA 2324 Periphyton Biomass,Date of data collection in field,2018–2019 + 2023–2024,Same/equivalent EPA label across available cycles
Periphyton Biomass,DATE_RECEIVED,No,,,Yes,NRSA 1819 Periphyton Biomass,Date sample received,Yes,NRSA 2324 Periphyton Biomass,Date sample received,2018–2019 + 2023–2024,Same/equivalent EPA label across available cycles
Periphyton Biomass,EXTRACT,No,,,Yes,NRSA 1819 Periphyton Biomass,Amount in extract,Yes,NRSA 2324 Periphyton Biomass,Amount in extract,2018–2019 + 2023–2024,Same/equivalent EPA label across available cycles
Periphyton Biomass,EXTRACT_UNITS,No,,,No,,,Yes,NRSA 2324 Periphyton Biomass,Units for chlorophyll a extract,2023–2024 only,Not comparable across cycles
Periphyton Biomass,HOLDING_TIME,No,,,Yes,NRSA 1819 Periphyton Biomass,Holding time,Yes,NRSA 2324 Periphyton Biomass,Holding time,2018–2019 + 2023–2024,Same/equivalent EPA label across available cycles
Periphyton Biomass,HOLDING_TIME_UNITS,No,,,No,,,Yes,NRSA 2324 Periphyton Biomass,Units of holding time,2023–2024 only,Not comparable across cycles
Periphyton Biomass,LAB,No,,,Yes,NRSA 1819 Periphyton Biomass,Laboratory processing sample,Yes,NRSA 2324 Periphyton Biomass,Laboratory processing sample,2018–2019 + 2023–2024,Same/equivalent EPA label across available cycles
Periphyton Biomass,LAB_SAMPLE_ID,No,,,Yes,NRSA 1819 Periphyton Biomass,Laboratory Sample ID,Yes,NRSA 2324 Periphyton Biomass,Laboratory Sample ID,2018–2019 + 2023–2024,Same/equivalent EPA label across available cycles
Periphyton Biomass,MATRIX,No,,,Yes,NRSA 1819 Periphyton Biomass,"Type of sample (e.g., water, sediment, tissue)",Yes,NRSA 2324 Periphyton Biomass,"Type of sample (e.g., water, sediment, tissue)",2018–2019 + 2023–2024,Same/equivalent EPA label across available cycles
Periphyton Biomass,MDL,No,,,Yes,NRSA 1819 Periphyton Biomass,Minimum Detection Limit,No,,,2018–2019 only,Not comparable across cycles
Periphyton Biomass,NARS_COMMENT,No,,,No,,,Yes,NRSA 2324 Periphyton Biomass,Comment to explain NARS_COMMENT when necessary,2023–2024 only,Not comparable across cycles
Periphyton Biomass,NARS_FLAG,No,,,Yes,NRSA 1819 Periphyton Biomass,NARS flag,Yes,NRSA 2324 Periphyton Biomass,"Flag assigned by NARS: ND = Non-detect, L = Estimated, Q = Quality-related issue, S = Shipping time exceedence, H = Holding time exceedence, NR = No lab result for analyte",2018–2019 + 2023–2024,EPA label differs and/or is blank across cycles
Periphyton Biomass,NOT_COLLECTED,No,,,Yes,NRSA 1819 Periphyton Biomass,Periphyton Biomass (PBIO) sample not collected,No,,,2018–2019 only,Not comparable across cycles
Periphyton Biomass,PSTL_CODE,No,,,No,,,Yes,NRSA 2324 Periphyton Biomass,"State two letter postal code for site sampled. 50 state postal codes plus AS, MP, GU, PR, VI for American Samoa, Commonwealth of Northern Marianas, Guam, Puerto Rico and Virgin Islands. No missing or \blank\"" values allowed.""",2023–2024 only,Not comparable across cycles
Periphyton Biomass,PUBLICATION_DATE,No,,,Yes,NRSA 1819 Periphyton Biomass,Date of data file publication,Yes,NRSA 2324 Periphyton Biomass,Date of data file publication,2018–2019 + 2023–2024,Same/equivalent EPA label across available cycles
Periphyton Biomass,QA_FLAG,No,,,Yes,NRSA 1819 Periphyton Biomass,QA flag from laboratory,Yes,NRSA 2324 Periphyton Biomass,QA flag from laboratory,2018–2019 + 2023–2024,Same/equivalent EPA label across available cycles
Periphyton Biomass,RESULT,No,,,Yes,NRSA 1819 Periphyton Biomass,Value of associated parameter | Result,Yes,NRSA 2324 Periphyton Biomass,Value of associated parameter,2018–2019 + 2023–2024,Same/equivalent EPA label across available cycles
Periphyton Biomass,RESULT_UNITS,No,,,No,,,Yes,NRSA 2324 Periphyton Biomass,Result unit,2023–2024 only,Not comparable across cycles
Periphyton Biomass,RESULT_VOL,No,,,Yes,NRSA 1819 Periphyton Biomass,"Result by volume, before correcting for area sampled",Yes,NRSA 2324 Periphyton Biomass,"Result by volume, before correcting for area sampled",2018–2019 + 2023–2024,Same/equivalent EPA label across available cycles
Periphyton Biomass,RESULT_VOL_UNITS,No,,,No,,,Yes,NRSA 2324 Periphyton Biomass,Units for result by volume (ug/L),2023–2024 only,Not comparable across cycles
Periphyton Biomass,RL,No,,,Yes,NRSA 1819 Periphyton Biomass,"Reporting Limit, units varying",Yes,NRSA 2324 Periphyton Biomass,"Reporting Limit, units varying",2018–2019 + 2023–2024,Same/equivalent EPA label across available cycles
Periphyton Biomass,RL_UNITS,No,,,No,,,Yes,NRSA 2324 Periphyton Biomass,Units for reporting limit,2023–2024 only,Not comparable across cycles
Periphyton Biomass,SAM_CODE,No,,,Yes,NRSA 1819 Periphyton Biomass,"Sample code (e.g., regular, lab duplicate, lab split)",Yes,NRSA 2324 Periphyton Biomass,"Sample code (e.g., regular, lab duplicate, lab split)",2018–2019 + 2023–2024,Same/equivalent EPA label across available cycles
Periphyton Biomass,SAMPLE_ID,No,,,Yes,NRSA 1819 Periphyton Biomass,Field sample ID | Periphyton Biomass (PBIO) sample id,Yes,NRSA 2324 Periphyton Biomass,Periphyton Biomass (PBIO) sample id,2018–2019 + 2023–2024,Same/equivalent EPA label across available cycles
Periphyton Biomass,SAMPLE_TYPE,No,,,Yes,NRSA 1819 Periphyton Biomass,"Code identifying sample type: MICX=Microcystin, CYLSPER=Cylindrospermopsin, MICZ=Microcystin in legacy bottle type",Yes,NRSA 2324 Periphyton Biomass,Code identifying sample type: PBIO=Periphyton biomass,2018–2019 + 2023–2024,EPA label differs and/or is blank across cycles
Periphyton Biomass,SITE_ID,No,,,Yes,NRSA 1819 Periphyton Biomass,"Site ID | Site ID for the study and year sampled. Preferred form is NRSnn_MM-xxxxx where nn is current cycle year (04, 08, 13, 18, etc), MM is two letter state code, and xxxxx is between 10001 and 99999. No missing or \blank\"" values allowed.""",Yes,NRSA 2324 Periphyton Biomass,"Site ID for the study and year sampled. Preferred form is NRSnn_MM-xxxxx where nn is current cycle year (04, 08, 13, 18, etc), MM is two letter state code, and xxxxx is between 10001 and 99999. No missing or \blank\"" values allowed.""",2018–2019 + 2023–2024,Same/equivalent EPA label across available cycles
Periphyton Biomass,STATE,No,,,Yes,NRSA 1819 Periphyton Biomass,State of site,No,,,2018–2019 only,Not comparable across cycles
Periphyton Biomass,UID,No,,,Yes,NRSA 1819 Periphyton Biomass,Unique site visit ID,Yes,NRSA 2324 Periphyton Biomass,Unique site visit ID,2018–2019 + 2023–2024,Same/equivalent EPA label across available cycles
Periphyton Biomass,UNIQUE_ID,No,,,Yes,NRSA 1819 Periphyton Biomass,Unique site ID based on location that does not depend on year sampled or any other factor. Form is NRS_ss_nnnnn where ss state and nnnnn is number that starts at 10001. No missing values allowed.,Yes,NRSA 2324 Periphyton Biomass,Unique site ID based on location that does not depend on year sampled or any other factor. Form is NRS_ss_nnnnn where ss state and nnnnn is number that starts at 10001. No missing values allowed.,2018–2019 + 2023–2024,Same/equivalent EPA label across available cycles
Periphyton Biomass,VISIT_NO,No,,,Yes,NRSA 1819 Periphyton Biomass,Number identifying which visit this is,Yes,NRSA 2324 Periphyton Biomass,Number identifying which visit this is,2018–2019 + 2023–2024,Same/equivalent EPA label across available cycles
Periphyton Biomass,VOLUME_FILTERED,No,,,Yes,NRSA 1819 Periphyton Biomass,Volume of water filtered,Yes,NRSA 2324 Periphyton Biomass,Volume of water filtered,2018–2019 + 2023–2024,Same/equivalent EPA label across available cycles
Periphyton Biomass,VOLUME_FILTERED_UNITS,No,,,No,,,Yes,NRSA 2324 Periphyton Biomass,Units for volume filtered for chlorophyll a,2023–2024 only,Not comparable across cycles
Physical Habitat,AG_ECO9,No,,,Yes,NRSA 1819 Physical Habitat Larger Set of Metrics,"NARS 9-level reporting region (2015), based on aggregated Omernik Level III ecoregions",No,,,2018–2019 only,Not comparable across cycles
Physical Habitat,BANGMODE,Yes,NRSA 1314 Physical Habitat Most Common Metrics | NRSA 1314 Physical Habitat Larger Set of Metrics,,Yes,NRSA 1819 Physical Habitat Larger Set of Metrics,Mode of bank slope category (Zar 1984),Yes,NRSA 2324 Physical Habitat Metrics,Mode of bank slope category (Zar 1984),All three cycles,EPA label differs and/or is blank across cycles
Physical Habitat,BFWD_RAT,Yes,NRSA 1314 Physical Habitat Most Common Metrics | NRSA 1314 Physical Habitat Larger Set of Metrics,,Yes,NRSA 1819 Physical Habitat Larger Set of Metrics,Bankfull Width/Depth Ratio,Yes,NRSA 2324 Physical Habitat Metrics,Bankfull Width/Depth Ratio,All three cycles,EPA label differs and/or is blank across cycles
Physical Habitat,C1TM100,Yes,NRSA 1314 Physical Habitat Larger Set of Metrics,,Yes,NRSA 1819 Physical Habitat Larger Set of Metrics,Bankfull+above Channel Wood Count/100m Size=T+S+M+L+X (EPA/620/R-99/003 p53),Yes,NRSA 2324 Physical Habitat Metrics,LWD in/above Bkfl chan(#/100m-all sizes) | LWD in/above wet chan(#/100m-all sizes),All three cycles,EPA label differs and/or is blank across cycles
Physical Habitat,C1WM100,Yes,NRSA 1314 Physical Habitat Larger Set of Metrics,,Yes,NRSA 1819 Physical Habitat Larger Set of Metrics,Bankfull Channel Wood Count/100m Size=T+S+M+L+X (EPA/620/R-99/003 p53),Yes,NRSA 2324 Physical Habitat Metrics,Woody Debris pieces/100m,All three cycles,EPA label differs and/or is blank across cycles
Physical Habitat,C2TM100,Yes,NRSA 1314 Physical Habitat Larger Set of Metrics,,Yes,NRSA 1819 Physical Habitat Larger Set of Metrics,Bankfull+above Channel Wood Count/100m Size=S+M+L+X (EPA/620/R-99/003 p53),Yes,NRSA 2324 Physical Habitat Metrics,LWD in/above Bkfl chan (#/100m-SMLX) | LWD in/above wetted chan(#/100m-SMLX),All three cycles,EPA label differs and/or is blank across cycles
Physical Habitat,C2WM100,Yes,NRSA 1314 Physical Habitat Larger Set of Metrics,,Yes,NRSA 1819 Physical Habitat Larger Set of Metrics,Bankfull Channel Wood Count/100m Size=S+M+L+X (EPA/620/R-99/003 p53),Yes,NRSA 2324 Physical Habitat Metrics,LWD in Bkf chnl (#/100m-SMLX) | LWD in wetted chnl (#/100m-SMLX),All three cycles,EPA label differs and/or is blank across cycles
Physical Habitat,C4TM100,Yes,NRSA 1314 Physical Habitat Larger Set of Metrics,,Yes,NRSA 1819 Physical Habitat Larger Set of Metrics,Bankfull+above Channel Wood Count/100m Size=L+X (EPA/620/R-99/003 p53),Yes,NRSA 2324 Physical Habitat Metrics,LWD in/above Bkfl chan (#/100m-LX) | LWD in/above wetted chan (#/100m-LX),All three cycles,EPA label differs and/or is blank across cycles
Physical Habitat,C4WM100,Yes,NRSA 1314 Physical Habitat Larger Set of Metrics,,Yes,NRSA 1819 Physical Habitat Larger Set of Metrics,Bankfull Channel Wood Count/100m Size=L+X (EPA/620/R-99/003 p53),Yes,NRSA 2324 Physical Habitat Metrics,LWD in Bkf chnl (#/100m-LX) | LWD in wetted chnl (#/100m-LX),All three cycles,EPA label differs and/or is blank across cycles
Physical Habitat,COMID,No,,,Yes,NRSA 1819 Physical Habitat Larger Set of Metrics,NHD common identifier for NRSA sampling frame and subsequent designs.,No,,,2018–2019 only,Not comparable across cycles
Physical Habitat,CONBANKFULL,Yes,NRSA 1314 Physical Habitat Larger Set of Metrics,,No,,,No,,,2013–2014 only,Not comparable across cycles
Physical Habitat,CONFEATURES,Yes,NRSA 1314 Physical Habitat Larger Set of Metrics,,Yes,NRSA 1819 Physical Habitat Larger Set of Metrics,Channel constraining Features,Yes,NRSA 2324 Physical Habitat Metrics,Constraining features,All three cycles,EPA label differs and/or is blank across cycles
Physical Habitat,CONPATTERN,Yes,NRSA 1314 Physical Habitat Most Common Metrics | NRSA 1314 Physical Habitat Larger Set of Metrics,,Yes,NRSA 1819 Physical Habitat Larger Set of Metrics,Channel pattern,Yes,NRSA 2324 Physical Habitat Metrics,Channel pattern,All three cycles,EPA label differs and/or is blank across cycles
Physical Habitat,CONPERCENT,Yes,NRSA 1314 Physical Habitat Larger Set of Metrics,,Yes,NRSA 1819 Physical Habitat Larger Set of Metrics,Percent of Reach Constrained L or R,Yes,NRSA 2324 Physical Habitat Metrics,Percent of channel length in contact with constraining features,All three cycles,EPA label differs and/or is blank across cycles
Physical Habitat,CONSTRAINT,Yes,NRSA 1314 Physical Habitat Most Common Metrics | NRSA 1314 Physical Habitat Larger Set of Metrics,,Yes,NRSA 1819 Physical Habitat Larger Set of Metrics,Channel constraint type,Yes,NRSA 2324 Physical Habitat Metrics,Channel constraint type,All three cycles,EPA label differs and/or is blank across cycles
Physical Habitat,CONVALLEY,Yes,NRSA 1314 Physical Habitat Larger Set of Metrics,,No,,,No,,,2013–2014 only,Not comparable across cycles
Physical Habitat,CONVALLEYBOX,Yes,NRSA 1314 Physical Habitat Larger Set of Metrics,,No,,,No,,,2013–2014 only,Not comparable across cycles
Physical Habitat,CP3_MILL,Yes,NRSA 1314 Physical Habitat Larger Set of Metrics,,No,,,No,,,2013–2014 only,Not comparable across cycles
Physical Habitat,CP3CTRPWD_RAT,Yes,NRSA 1314 Physical Habitat Larger Set of Metrics,,No,,,No,,,2013–2014 only,Not comparable across cycles
Physical Habitat,CT_RPWD,Yes,NRSA 1314 Physical Habitat Larger Set of Metrics,,No,,,No,,,2013–2014 only,Not comparable across cycles
Physical Habitat,CVdth,No,,,Yes,NRSA 1819 Physical Habitat Larger Set of Metrics,CV of thalweg depth (SDDEPTH/XDEPTH),No,,,2018–2019 only,Not comparable across cycles
Physical Habitat,CVDTH,Yes,NRSA 1314 Physical Habitat Most Common Metrics | NRSA 1314 Physical Habitat Larger Set of Metrics,CV of thalweg depth (SDDEPTH/XDEPTH),No,,,No,,,2013–2014 only,Not comparable across cycles
Physical Habitat,CVWIDTH,Yes,NRSA 1314 Physical Habitat Most Common Metrics | NRSA 1314 Physical Habitat Larger Set of Metrics,CV of Wetted Width (SDWIDTH/XWidth),Yes,NRSA 1819 Physical Habitat Larger Set of Metrics,CV of Wetted Width (SDWIDTH/XWidth),No,,,2013–2014 + 2018–2019,Same/equivalent EPA label across available cycles
Physical Habitat,CVWXD,Yes,NRSA 1314 Physical Habitat Most Common Metrics | NRSA 1314 Physical Habitat Larger Set of Metrics,CV of Width Depth Product (SDWXD/XWXD),Yes,NRSA 1819 Physical Habitat Larger Set of Metrics,CV of Width Depth Product (SDWXD/XWXD),No,,,2013–2014 + 2018–2019,Same/equivalent EPA label across available cycles
Physical Habitat,DATE_COL,Yes,NRSA 1314 Physical Habitat Indicator Metrics,,Yes,NRSA 1819 Physical Habitat Larger Set of Metrics,Date of data collection in field,Yes,NRSA 2324 Physical Habitat Metrics,Date of data collection in field,All three cycles,EPA label differs and/or is blank across cycles
Physical Habitat,EPA_REG,No,,,Yes,NRSA 1819 Physical Habitat Larger Set of Metrics,EPA Region,No,,,2018–2019 only,Not comparable across cycles
Physical Habitat,INDEX_VISIT,Yes,NRSA 1314 Physical Habitat Indicator Metrics,,No,,,No,,,2013–2014 only,Not comparable across cycles
Physical Habitat,L_CP3_MILL,Yes,NRSA 1314 Physical Habitat Larger Set of Metrics,Log10(Hydraulic resistance due to bed particles at bank full),No,,,No,,,2013–2014 only,Not comparable across cycles
Physical Habitat,L_CT_RPWD,Yes,NRSA 1314 Physical Habitat Larger Set of Metrics,"Log10(Hydraulic resistance, total at bank full)",No,,,No,,,2013–2014 only,Not comparable across cycles
Physical Habitat,L_RB3,Yes,NRSA 1314 Physical Habitat Larger Set of Metrics,Log10(Hydraulic radius of channel at bank full),No,,,No,,,2013–2014 only,Not comparable across cycles
Physical Habitat,L_REYP3,Yes,NRSA 1314 Physical Habitat Larger Set of Metrics,Log10(Particle Reynolds number at bank full),No,,,No,,,2013–2014 only,Not comparable across cycles
Physical Habitat,L_RRPW3,Yes,NRSA 1314 Physical Habitat Larger Set of Metrics,Log10(Effective Hydraulic Radius at Bankfull (Adjusted for wood and pool roughnesses)),No,,,No,,,2013–2014 only,Not comparable across cycles
Physical Habitat,L_SHLD_PX3,Yes,NRSA 1314 Physical Habitat Larger Set of Metrics,Log10(Shields parameter at bank full),No,,,No,,,2013–2014 only,Not comparable across cycles
Physical Habitat,L_XCMGW,Yes,NRSA 1314 Physical Habitat Indicator Metrics,,No,,,No,,,2013–2014 only,Not comparable across cycles
Physical Habitat,L_XFC_NAT,Yes,NRSA 1314 Physical Habitat Indicator Metrics,,No,,,No,,,2013–2014 only,Not comparable across cycles
Physical Habitat,L_XSLOPE,Yes,NRSA 1314 Physical Habitat Larger Set of Metrics,Log10(Mean Slope of water surface (%)),No,,,No,,,2013–2014 only,Not comparable across cycles
Physical Habitat,LDCBF_G08,Yes,NRSA 1314 Physical Habitat Most Common Metrics | NRSA 1314 Physical Habitat Larger Set of Metrics,,Yes,NRSA 1819 Physical Habitat Larger Set of Metrics,Log10(Streambed Critical Diameter-at Bankfull- mm)(PRK 2008),Yes,NRSA 2324 Physical Habitat Metrics,Log10(Streambed Critical Diameter-at Bankfull -- mm)(PRK 2008),All three cycles,EPA label differs and/or is blank across cycles
Physical Habitat,LDMB_BW5,Yes,NRSA 1314 Physical Habitat Most Common Metrics | NRSA 1314 Physical Habitat Larger Set of Metrics,,Yes,NRSA 1819 Physical Habitat Larger Set of Metrics,Log10(Streambed Critical Diameter-at Bankfull - mm) (PRK 1999),Yes,NRSA 2324 Physical Habitat Metrics,Log10(Streambed Critical Diameter-at Bankfull - mm) (PRK 1999),All three cycles,EPA label differs and/or is blank across cycles
Physical Habitat,LitSB1_FN,No,,,Yes,NRSA 1819 Physical Habitat Larger Set of Metrics,Littoral Dominant % Substrate Fines (<0.06mm),No,,,2018–2019 only,Not comparable across cycles
Physical Habitat,LITSB1_FN,Yes,NRSA 1314 Physical Habitat Most Common Metrics | NRSA 1314 Physical Habitat Larger Set of Metrics,Littoral Dominant % Substrate Fines (<0.06mm),No,,,No,,,2013–2014 only,Not comparable across cycles
Physical Habitat,LitSB1_SF,No,,,Yes,NRSA 1819 Physical Habitat Larger Set of Metrics,Littoral Dominant % Substrate Sand or Fines (<2.0mm),No,,,2018–2019 only,Not comparable across cycles
Physical Habitat,LITSB1_SF,Yes,NRSA 1314 Physical Habitat Most Common Metrics | NRSA 1314 Physical Habitat Larger Set of Metrics,Littoral Dominant % Substrate Sand or Fines (<2.0mm),No,,,No,,,2013–2014 only,Not comparable across cycles
Physical Habitat,LitSB1_SFGF,No,,,Yes,NRSA 1819 Physical Habitat Larger Set of Metrics,Littoral Dominant % Substrate <16mm diameter,No,,,2018–2019 only,Not comparable across cycles
Physical Habitat,LITSB1_SFGF,Yes,NRSA 1314 Physical Habitat Most Common Metrics | NRSA 1314 Physical Habitat Larger Set of Metrics,Littoral Dominant % Substrate <16mm diameter,No,,,No,,,2013–2014 only,Not comparable across cycles
Physical Habitat,LitSB12_FN,No,,,Yes,NRSA 1819 Physical Habitat Larger Set of Metrics,Littoral Dominant or Subdominant % Substrate Fines (<0.06mm),No,,,2018–2019 only,Not comparable across cycles
Physical Habitat,LITSB12_FN,Yes,NRSA 1314 Physical Habitat Most Common Metrics | NRSA 1314 Physical Habitat Larger Set of Metrics,Littoral Dominant or Subdominant % Substrate Fines (<0.06mm),No,,,No,,,2013–2014 only,Not comparable across cycles
Physical Habitat,LitSB12_SF,No,,,Yes,NRSA 1819 Physical Habitat Larger Set of Metrics,Littoral Dom. or Subdom. % Substrate Sand or Fines (<2.0mm),No,,,2018–2019 only,Not comparable across cycles
Physical Habitat,LITSB12_SF,Yes,NRSA 1314 Physical Habitat Most Common Metrics | NRSA 1314 Physical Habitat Larger Set of Metrics,Littoral Dom. or Subdom. % Substrate Sand or Fines (<2.0mm),No,,,No,,,2013–2014 only,Not comparable across cycles
Physical Habitat,LRBS_BW5,Yes,NRSA 1314 Physical Habitat Most Common Metrics | NRSA 1314 Physical Habitat Larger Set of Metrics,,Yes,NRSA 1819 Physical Habitat Larger Set of Metrics,Log10(Relative Bed Stability-bankfull: Dgm/Dcb) (PRK 1999),Yes,NRSA 2324 Physical Habitat Metrics,Log10(Relative Bed Stability (Dgm/Dcb) (PRK 1999),All three cycles,EPA label differs and/or is blank across cycles
Physical Habitat,LRBS_BW6,Yes,NRSA 1314 Physical Habitat Larger Set of Metrics,,No,,,No,,,2013–2014 only,Not comparable across cycles
Physical Habitat,LRBS_G08,Yes,NRSA 1314 Physical Habitat Most Common Metrics | NRSA 1314 Physical Habitat Larger Set of Metrics,,Yes,NRSA 1819 Physical Habitat Larger Set of Metrics,Log10(Relative Bed Stability-bankfull: Dgm/Dcb) (PRK 2008),Yes,NRSA 2324 Physical Habitat Metrics,Log10(Relative Bed Stability (Dgm/Dcb) (PRK 2008),All three cycles,EPA label differs and/or is blank across cycles
Physical Habitat,LRBS_TST,Yes,NRSA 1314 Physical Habitat Larger Set of Metrics,,Yes,NRSA 1819 Physical Habitat Larger Set of Metrics,Log10(Relative Bed Stability-bankfull: Dgm/Dcb) -- Quick Estimate,Yes,NRSA 2324 Physical Habitat Metrics,Log10[Relative Bed Stability] - Fast est,All three cycles,EPA label differs and/or is blank across cycles
Physical Habitat,LRBS_use,No,,,Yes,NRSA 1819 Physical Habitat Larger Set of Metrics,Log10(Relative Bed Stability-bankfull: Dgm/Dcb) (PRK 2008) LRBS_g08 with some substitutions,No,,,2018–2019 only,Not comparable across cycles
Physical Habitat,LRBS_USE,Yes,NRSA 1314 Physical Habitat Indicator Metrics,,No,,,Yes,NRSA 2324 Physical Habitat Metrics,"Log relative bed stability to use in assessing BEDSED_COND, filled in from other variables as needed",2013–2014 + 2023–2024,EPA label differs and/or is blank across cycles
Physical Habitat,LSUB_DMM,Yes,NRSA 1314 Physical Habitat Most Common Metrics | NRSA 1314 Physical Habitat Larger Set of Metrics,,Yes,NRSA 1819 Physical Habitat Larger Set of Metrics,Log10(Dgm--Geometric Mean Bed Surface Particle Diameter--mm)),Yes,NRSA 2324 Physical Habitat Metrics,Log10(Dgm--Geometric Mean Bed Surface Particle Diameter--mm)),All three cycles,EPA label differs and/or is blank across cycles
Physical Habitat,LSUB_DMM_NOR,Yes,NRSA 1314 Physical Habitat Most Common Metrics | NRSA 1314 Physical Habitat Larger Set of Metrics,,Yes,NRSA 1819 Physical Habitat Larger Set of Metrics,"Log10(Dgm--Geom.Mean Bed Surf.Particle Diam,exclude Bdrk+hardpan--mm)",Yes,NRSA 2324 Physical Habitat Metrics,"Log10(Dgm--Geom.Mean Bed Surf.Part Diam,exclud Bdrk+hardpan--mm)",All three cycles,EPA label differs and/or is blank across cycles
Physical Habitat,LSUBD_SD,Yes,NRSA 1314 Physical Habitat Larger Set of Metrics,,Yes,NRSA 1819 Physical Habitat Larger Set of Metrics,StdDev{Log10(Dgm--Geometric Mean Bed Surface Particle Diameter--mm))},Yes,NRSA 2324 Physical Habitat Metrics,Substrate-StDev LOG10(Diam Class mm) | Thalweg sub.-StDev LOG10(Diam Class mm),All three cycles,EPA label differs and/or is blank across cycles
Physical Habitat,LTEST,Yes,NRSA 1314 Physical Habitat Larger Set of Metrics,,Yes,NRSA 1819 Physical Habitat Larger Set of Metrics,Log10(Streambed Critical Diameter-at Bankfull - mm) -- Quick Estimate,Yes,NRSA 2324 Physical Habitat Metrics,Log10[Erod. Substr Dia.(mm)]-Fast est | Log10[Erodible Substr Dia.(mm)]-Fast est,All three cycles,EPA label differs and/or is blank across cycles
Physical Habitat,LWDeqVol_msq,No,,,Yes,NRSA 1819 Physical Habitat Larger Set of Metrics,"Wood Vol (m3/m2 in area fished--Wadeable=V2 reach, Boatable=V1 littoral)",No,,,2018–2019 only,Not comparable across cycles
Physical Habitat,LWDEQVOL_MSQ,Yes,NRSA 1314 Physical Habitat Most Common Metrics | NRSA 1314 Physical Habitat Larger Set of Metrics,Wood Vol (m3/m2 in area fished in littoral) | Wood Vol (m3/m2 in area fished in reach),No,,,No,,,2013–2014 only,Not comparable across cycles
Physical Habitat,LWDeqVolM100,No,,,Yes,NRSA 1819 Physical Habitat Larger Set of Metrics,"Wood Vol (m3) per 100m channel (Wadeable=V2, Boatable=V1)",No,,,2018–2019 only,Not comparable across cycles
Physical Habitat,LWDEQVOLM100,Yes,NRSA 1314 Physical Habitat Most Common Metrics | NRSA 1314 Physical Habitat Larger Set of Metrics,Wood Vol (m3) per 100m channel,No,,,No,,,2013–2014 only,Not comparable across cycles
Physical Habitat,MEDBK_A,Yes,NRSA 1314 Physical Habitat Larger Set of Metrics,,Yes,NRSA 1819 Physical Habitat Larger Set of Metrics,Median Bank Angle (degrees),Yes,NRSA 2324 Physical Habitat Metrics,Bank Angle--Median (degrees),All three cycles,EPA label differs and/or is blank across cycles
Physical Habitat,MEDBKUN,Yes,NRSA 1314 Physical Habitat Larger Set of Metrics,,Yes,NRSA 1819 Physical Habitat Larger Set of Metrics,Median Bank Undercut Distance (m),Yes,NRSA 2324 Physical Habitat Metrics,Undercut Distance--Median (m),All three cycles,EPA label differs and/or is blank across cycles
Physical Habitat,PCAN_C,Yes,NRSA 1314 Physical Habitat Larger Set of Metrics,,Yes,NRSA 1819 Physical Habitat Larger Set of Metrics,Coniferous Canopy - proportion of reach,Yes,NRSA 2324 Physical Habitat Metrics,Riparian Canopy Coniferous (Fract reach),All three cycles,EPA label differs and/or is blank across cycles
Physical Habitat,PCAN_D,Yes,NRSA 1314 Physical Habitat Larger Set of Metrics,,Yes,NRSA 1819 Physical Habitat Larger Set of Metrics,Broadleaf Deciduous Canopy - proportion of reach,Yes,NRSA 2324 Physical Habitat Metrics,Riparian Canopy Deciduous (Fract. reach),All three cycles,EPA label differs and/or is blank across cycles
Physical Habitat,PCAN_E,Yes,NRSA 1314 Physical Habitat Larger Set of Metrics,,Yes,NRSA 1819 Physical Habitat Larger Set of Metrics,Broadleaf Evergreen Canopy - proportion of reach,Yes,NRSA 2324 Physical Habitat Metrics,Rip Canopy Broadlf evrgrn (Fract of rch),All three cycles,EPA label differs and/or is blank across cycles
Physical Habitat,PCAN_M,Yes,NRSA 1314 Physical Habitat Larger Set of Metrics,,Yes,NRSA 1819 Physical Habitat Larger Set of Metrics,Mixed Coniferous-Broadleaf Canopy - proportion of reach,Yes,NRSA 2324 Physical Habitat Metrics,Rip Canopy Mix Conif-Decid (Fract reach),All three cycles,EPA label differs and/or is blank across cycles
Physical Habitat,PCAN_N,Yes,NRSA 1314 Physical Habitat Larger Set of Metrics,,Yes,NRSA 1819 Physical Habitat Larger Set of Metrics,Canopy Absent - proportion of reach,Yes,NRSA 2324 Physical Habitat Metrics,Rip Canopy Absent (Fraction of reach),All three cycles,EPA label differs and/or is blank across cycles
Physical Habitat,PCT_BDRK,Yes,NRSA 1314 Physical Habitat Most Common Metrics | NRSA 1314 Physical Habitat Larger Set of Metrics,,Yes,NRSA 1819 Physical Habitat Larger Set of Metrics,Bed Surface % Bedrock (>4000mm),Yes,NRSA 2324 Physical Habitat Metrics,Bed Surface % Bedrock,All three cycles,EPA label differs and/or is blank across cycles
Physical Habitat,PCT_BH,Yes,NRSA 1314 Physical Habitat Most Common Metrics | NRSA 1314 Physical Habitat Larger Set of Metrics,Bed Surface % Bedrock + Hardpan,Yes,NRSA 1819 Physical Habitat Larger Set of Metrics,Bed Surface % Bedrock + Hardpan (>4000mm) | Bed Surface % Bedrock + Hardpan,Yes,NRSA 2324 Physical Habitat Metrics,Bed Surface % Bedrock + Hardpan,All three cycles,Same/equivalent EPA label across available cycles
Physical Habitat,PCT_BIGR,Yes,NRSA 1314 Physical Habitat Most Common Metrics | NRSA 1314 Physical Habitat Larger Set of Metrics,,Yes,NRSA 1819 Physical Habitat Larger Set of Metrics,Bed Surface % Larger than Gravel (>64mm),Yes,NRSA 2324 Physical Habitat Metrics,Bed Surface % Larger than Gravel (64mm),All three cycles,EPA label differs and/or is blank across cycles
Physical Habitat,PCT_BL,No,,,Yes,NRSA 1819 Physical Habitat Larger Set of Metrics,Bed Surface % Boulders (250-<1000mm),Yes,NRSA 2324 Physical Habitat Metrics,Substrate Boulders -- 250-4000 mm (%) | Thalweg sub. Boulders -- 250-4000 mm (%),2018–2019 + 2023–2024,EPA label differs and/or is blank across cycles
Physical Habitat,PCT_CB,No,,,Yes,NRSA 1819 Physical Habitat Larger Set of Metrics,Bed Surface % Cobbles (64-<250mm),Yes,NRSA 2324 Physical Habitat Metrics,Substrate Cobbles -- 64-250 mm (%) | Thalweg sub. Cobbles -- 64-250 mm (%),2018–2019 + 2023–2024,EPA label differs and/or is blank across cycles
Physical Habitat,PCT_DR,Yes,NRSA 1314 Physical Habitat Most Common Metrics | NRSA 1314 Physical Habitat Larger Set of Metrics,,Yes,NRSA 1819 Physical Habitat Larger Set of Metrics,Percent of Reach Length that is Dry,Yes,NRSA 2324 Physical Habitat Metrics,Percent of Reach that is Dry,All three cycles,EPA label differs and/or is blank across cycles
Physical Habitat,pct_DRS,No,,,Yes,NRSA 1819 Physical Habitat Larger Set of Metrics,Percent of Reach dry or submerged flow,No,,,2018–2019 only,Not comparable across cycles
Physical Habitat,PCT_DRS,Yes,NRSA 1314 Physical Habitat Most Common Metrics | NRSA 1314 Physical Habitat Larger Set of Metrics,Percent of Reach dry or submerged flow,No,,,No,,,2013–2014 only,Not comparable across cycles
Physical Habitat,PCT_FA,Yes,NRSA 1314 Physical Habitat Larger Set of Metrics,,Yes,NRSA 1819 Physical Habitat Larger Set of Metrics,Percent of reach as Falls Habitat,Yes,NRSA 2324 Physical Habitat Metrics,Falls (% of reach),All three cycles,EPA label differs and/or is blank across cycles
Physical Habitat,PCT_FAST,Yes,NRSA 1314 Physical Habitat Most Common Metrics | NRSA 1314 Physical Habitat Larger Set of Metrics,,Yes,NRSA 1819 Physical Habitat Larger Set of Metrics,Percent Fast Water Habitat,Yes,NRSA 2324 Physical Habitat Metrics,Percent Fast Water Habitat,All three cycles,EPA label differs and/or is blank across cycles
Physical Habitat,PCT_FN,Yes,NRSA 1314 Physical Habitat Most Common Metrics | NRSA 1314 Physical Habitat Larger Set of Metrics,,Yes,NRSA 1819 Physical Habitat Larger Set of Metrics,Bed Surface % Fines <0.06mm,Yes,NRSA 2324 Physical Habitat Metrics,Bed Surface % Fines <0.06mm,All three cycles,EPA label differs and/or is blank across cycles
Physical Habitat,PCT_GC,Yes,NRSA 1314 Physical Habitat Larger Set of Metrics,,Yes,NRSA 1819 Physical Habitat Larger Set of Metrics,Bed Surface % Coarse Gravel (16-<64mm),Yes,NRSA 2324 Physical Habitat Metrics,Substrate Coarse Gravel -- 16-64 mm (%),All three cycles,EPA label differs and/or is blank across cycles
Physical Habitat,PCT_GF,Yes,NRSA 1314 Physical Habitat Larger Set of Metrics,,Yes,NRSA 1819 Physical Habitat Larger Set of Metrics,Bed Surface % Fine Gravel (2.0-<16mm),Yes,NRSA 2324 Physical Habitat Metrics,Substrate Fine Gravel -- 2-16 mm (%),All three cycles,EPA label differs and/or is blank across cycles
Physical Habitat,PCT_GL,Yes,NRSA 1314 Physical Habitat Larger Set of Metrics,,Yes,NRSA 1819 Physical Habitat Larger Set of Metrics,Percent of reach with Glide Habitat,Yes,NRSA 2324 Physical Habitat Metrics,Glide (% of reach),All three cycles,EPA label differs and/or is blank across cycles
Physical Habitat,PCT_GR,Yes,NRSA 1314 Physical Habitat Larger Set of Metrics,,Yes,NRSA 1819 Physical Habitat Larger Set of Metrics,Bed Surface % Gravel (2.0-<64mm),Yes,NRSA 2324 Physical Habitat Metrics,Thalweg substrate Gravel -- 16-64 mm (%),All three cycles,EPA label differs and/or is blank across cycles
Physical Habitat,PCT_HP,Yes,NRSA 1314 Physical Habitat Most Common Metrics | NRSA 1314 Physical Habitat Larger Set of Metrics,,Yes,NRSA 1819 Physical Habitat Larger Set of Metrics,Bed Surface % Hardpan (>4000mm),Yes,NRSA 2324 Physical Habitat Metrics,Bed Surface % Hardpan,All three cycles,EPA label differs and/or is blank across cycles
Physical Habitat,PCT_OM,Yes,NRSA 1314 Physical Habitat Larger Set of Metrics,,Yes,NRSA 1819 Physical Habitat Larger Set of Metrics,Bed Surface % Organic Matter--- *** see PCT_ORG,Yes,NRSA 2324 Physical Habitat Metrics,Substrate Organic detritus -- (%),All three cycles,EPA label differs and/or is blank across cycles
Physical Habitat,PCT_ORG,Yes,NRSA 1314 Physical Habitat Larger Set of Metrics,,Yes,NRSA 1819 Physical Habitat Larger Set of Metrics,Bed Surface % Organic Matter --- *** see PCT_OM,Yes,NRSA 2324 Physical Habitat Metrics,Substrate Wood or Detritus -- (%),All three cycles,EPA label differs and/or is blank across cycles
Physical Habitat,PCT_OT,Yes,NRSA 1314 Physical Habitat Larger Set of Metrics,,Yes,NRSA 1819 Physical Habitat Larger Set of Metrics,Bed Surface % Other,Yes,NRSA 2324 Physical Habitat Metrics,Substrate Miscellaneous -- (%) | Thalweg substrate Miscellaneous -- (%),All three cycles,EPA label differs and/or is blank across cycles
Physical Habitat,PCT_OVRB,Yes,NRSA 1314 Physical Habitat Larger Set of Metrics,,Yes,NRSA 1819 Physical Habitat Larger Set of Metrics,Can you see over riverbank? % YES,Yes,NRSA 2324 Physical Habitat Metrics,Ability to see over bank (% reach),All three cycles,EPA label differs and/or is blank across cycles
Physical Habitat,PCT_POOL,Yes,NRSA 1314 Physical Habitat Larger Set of Metrics,,Yes,NRSA 1819 Physical Habitat Larger Set of Metrics,Percent of reach with Pool,Yes,NRSA 2324 Physical Habitat Metrics,Pools -- All Types (% of reach),All three cycles,EPA label differs and/or is blank across cycles
Physical Habitat,PCT_RC,Yes,NRSA 1314 Physical Habitat Larger Set of Metrics,,Yes,NRSA 1819 Physical Habitat Larger Set of Metrics,Bed Surface % Concrete or Asphalt,Yes,NRSA 2324 Physical Habitat Metrics,Substrate Concrete (%),All three cycles,EPA label differs and/or is blank across cycles
Physical Habitat,PCT_RR,No,,,Yes,NRSA 1819 Physical Habitat Larger Set of Metrics,Bed Surface % Rough Bedrock (>4000mm),Yes,NRSA 2324 Physical Habitat Metrics,Substrate Rough Bedrock (%),2018–2019 + 2023–2024,EPA label differs and/or is blank across cycles
Physical Habitat,PCT_RS,No,,,Yes,NRSA 1819 Physical Habitat Larger Set of Metrics,Bed Surface % Smooth Bedrock (>4000mm),Yes,NRSA 2324 Physical Habitat Metrics,Substrate Smooth Bedrock (%),2018–2019 + 2023–2024,EPA label differs and/or is blank across cycles
Physical Habitat,PCT_SA,Yes,NRSA 1314 Physical Habitat Larger Set of Metrics,,Yes,NRSA 1819 Physical Habitat Larger Set of Metrics,Bed Surface % Sand 0.06-<2.0mm),Yes,NRSA 2324 Physical Habitat Metrics,Substrate Sand -- .06-2 mm (%) | Thalweg substrate Sand -- .06-2 mm (%),All three cycles,EPA label differs and/or is blank across cycles
Physical Habitat,PCT_SAFN,Yes,NRSA 1314 Physical Habitat Most Common Metrics | NRSA 1314 Physical Habitat Larger Set of Metrics,,Yes,NRSA 1819 Physical Habitat Larger Set of Metrics,Bed Surface Percent Sand or smaller (<2.0mm),Yes,NRSA 2324 Physical Habitat Metrics,Bed Surface Percent Sand or smaller (<2.0mm),All three cycles,EPA label differs and/or is blank across cycles
Physical Habitat,PCT_SB,No,,,Yes,NRSA 1819 Physical Habitat Larger Set of Metrics,Bed Surface % Small Boulders (250-<1000mm),Yes,NRSA 2324 Physical Habitat Metrics,Substrate Boulders -- 250-1000 mm (%),2018–2019 + 2023–2024,EPA label differs and/or is blank across cycles
Physical Habitat,PCT_SFG,Yes,NRSA 1314 Physical Habitat Most Common Metrics | NRSA 1314 Physical Habitat Larger Set of Metrics,Bed surface coarse gravel or smaller (<64mm) (PCT_SA + PCT_FN + PCT_GR) | Bed surface coarse gravel or smaller (<64mm) (PCT_SFGF + PCT_GC),Yes,NRSA 1819 Physical Habitat Larger Set of Metrics,Bed surface coarse gravel or smaller (<64mm) (PCT_SA + PCT_FN + PCT_GR) | Bed surface coarse gravel or smaller (<64mm) (PCT_SFGF + PCT_GC) | Bed Surface Gravel or smaller (<64mm),No,,,2013–2014 + 2018–2019,Same/equivalent EPA label across available cycles
Physical Habitat,PCT_SFGF,Yes,NRSA 1314 Physical Habitat Most Common Metrics | NRSA 1314 Physical Habitat Larger Set of Metrics,,Yes,NRSA 1819 Physical Habitat Larger Set of Metrics,Bed Surface Fine Gravel or smaller (<16mm),Yes,NRSA 2324 Physical Habitat Metrics,Bed Surface Fine Gravel or smaller (<16mm),All three cycles,EPA label differs and/or is blank across cycles
Physical Habitat,PCT_SIDE,Yes,NRSA 1314 Physical Habitat Most Common Metrics | NRSA 1314 Physical Habitat Larger Set of Metrics,,Yes,NRSA 1819 Physical Habitat Larger Set of Metrics,Percent of reach with side Channels/Bkwtrs,Yes,NRSA 2324 Physical Habitat Metrics,Percent of reach with side Channels/Bkwtrs,All three cycles,EPA label differs and/or is blank across cycles
Physical Habitat,PCT_SLOW,Yes,NRSA 1314 Physical Habitat Most Common Metrics | NRSA 1314 Physical Habitat Larger Set of Metrics,,Yes,NRSA 1819 Physical Habitat Larger Set of Metrics,Percent of reach with Pool or Glide Habitat,Yes,NRSA 2324 Physical Habitat Metrics,Percent of reach with Pool or Glide Habitat.,All three cycles,EPA label differs and/or is blank across cycles
Physical Habitat,PCT_WD,Yes,NRSA 1314 Physical Habitat Larger Set of Metrics,,Yes,NRSA 1819 Physical Habitat Larger Set of Metrics,Bed Surface % Wood,Yes,NRSA 2324 Physical Habitat Metrics,Substrate Woody -- (%),All three cycles,EPA label differs and/or is blank across cycles
Physical Habitat,PCT_XB,No,,,Yes,NRSA 1819 Physical Habitat Larger Set of Metrics,Bed Surface % Large Boulders (1000-<4000mm),Yes,NRSA 2324 Physical Habitat Metrics,Substrate Boulders -- 1000-4000 mm (%),2018–2019 + 2023–2024,EPA label differs and/or is blank across cycles
Physical Habitat,PCTCLINOMETER,Yes,NRSA 1314 Physical Habitat Larger Set of Metrics,,Yes,NRSA 1819 Physical Habitat Larger Set of Metrics,Percent of Slope measured with Clinometer,Yes,NRSA 2324 Physical Habitat Metrics,Percent of slope values based on hand held clinometer,All three cycles,EPA label differs and/or is blank across cycles
Physical Habitat,PROTOCOL,No,,,Yes,NRSA 1819 Physical Habitat Larger Set of Metrics,Field Sampling Type Wadeable/Boatable/mixed,Yes,NRSA 2324 Physical Habitat Metrics,Field protocol used for site (BOATABLE/WADEABLE),2018–2019 + 2023–2024,EPA label differs and/or is blank across cycles
Physical Habitat,PSTL_CODE,No,,,No,,,Yes,NRSA 2324 Physical Habitat Metrics,"State two letter postal code for site sampled. 50 state postal codes plus AS, MP, GU, PR, VI for American Samoa, Commonwealth of Northern Marianas, Guam, Puerto Rico and Virgin Islands. No missing or \blank\"" values allowed.""",2023–2024 only,Not comparable across cycles
Physical Habitat,PUBLICATION_DATE,No,,,No,,,Yes,NRSA 2324 Physical Habitat Metrics,Date of data file publication,2023–2024 only,Not comparable across cycles
Physical Habitat,QR1,Yes,NRSA 1314 Physical Habitat Most Common Metrics | NRSA 1314 Physical Habitat Larger Set of Metrics,Riparian Quality Index (Scaled XCMGW XCdenBK W1Hall 0-1),Yes,NRSA 1819 Physical Habitat Larger Set of Metrics,Riparian Quality Index (Scaled 0 to 1):QR1=(QRVEG1*QRVEG2*QRDIST1)**(1/3) | Riparian Quality Index (Scaled XCMGW XCdenBK W1Hall 0-1),No,,,2013–2014 + 2018–2019,Same/equivalent EPA label across available cycles
Physical Habitat,QRDIST1,No,,,Yes,NRSA 1819 Physical Habitat Larger Set of Metrics,Riparian Disturbance index (1 - RDIST1) | Riparian Index: Lack of Disturbance (Scaled 0 to 1): QRDIST1=1/(1+w1_hall),No,,,2018–2019 only,Not comparable across cycles
Physical Habitat,QRVeg1,No,,,Yes,NRSA 1819 Physical Habitat Larger Set of Metrics,Riparian Veg Quality Index--Scaled XCMGW: QRVeg1=.1+(.9*(xcmgw/2.00)),No,,,2018–2019 only,Not comparable across cycles
Physical Habitat,QRVEG1,Yes,NRSA 1314 Physical Habitat Most Common Metrics | NRSA 1314 Physical Habitat Larger Set of Metrics,Riparian Veg Quality Index (Scaled XCMGW),No,,,No,,,2013–2014 only,Not comparable across cycles
Physical Habitat,QRVeg2,No,,,Yes,NRSA 1819 Physical Habitat Larger Set of Metrics,Riparian Veg Quality Index--Scaled XCDENBK: QRVeg2=.1+(0.9*(xcdenbk/100)),No,,,2018–2019 only,Not comparable across cycles
Physical Habitat,QRVEG2,Yes,NRSA 1314 Physical Habitat Larger Set of Metrics,Riparian Veg Quality Index (Scaled XCDENBK),No,,,No,,,2013–2014 only,Not comparable across cycles
Physical Habitat,RADJRT_RAT,Yes,NRSA 1314 Physical Habitat Larger Set of Metrics,Ratio of Effective to Total Hydraulic Radii at Bankfull (RRPW3/RB3),No,,,No,,,2013–2014 only,Not comparable across cycles
Physical Habitat,RB3,Yes,NRSA 1314 Physical Habitat Larger Set of Metrics,,No,,,No,,,2013–2014 only,Not comparable across cycles
Physical Habitat,RDIST1,Yes,NRSA 1314 Physical Habitat Most Common Metrics | NRSA 1314 Physical Habitat Larger Set of Metrics,Riparian Disturbance index (scaled W1_Hall 0-1),Yes,NRSA 1819 Physical Habitat Larger Set of Metrics,Riparian Disturbance index (scaled W1_Hall 0-1) | Riparian Disturbance index--scaled W1_Hall (0 to 1): RDIST1=1-(1/(1+w1_hall)),No,,,2013–2014 + 2018–2019,Same/equivalent EPA label across available cycles
Physical Habitat,REACHLEN,Yes,NRSA 1314 Physical Habitat Most Common Metrics | NRSA 1314 Physical Habitat Larger Set of Metrics,,Yes,NRSA 1819 Physical Habitat Larger Set of Metrics,Sample Reach Length (m),Yes,NRSA 2324 Physical Habitat Metrics,Sample Reach Length (m),All three cycles,EPA label differs and/or is blank across cycles
Physical Habitat,REALM,No,,,Yes,NRSA 1819 Physical Habitat Larger Set of Metrics,Type of Site for PHab: Wadeable or Boatable Method,No,,,2018–2019 only,Not comparable across cycles
Physical Habitat,REYP3,Yes,NRSA 1314 Physical Habitat Larger Set of Metrics,,No,,,No,,,2013–2014 only,Not comparable across cycles
Physical Habitat,RP100,Yes,NRSA 1314 Physical Habitat Most Common Metrics | NRSA 1314 Physical Habitat Larger Set of Metrics,,Yes,NRSA 1819 Physical Habitat Larger Set of Metrics,Mean Residual Depth at thalweg (cm),Yes,NRSA 2324 Physical Habitat Metrics,Mean Residual Depth at thalweg (cm),All three cycles,EPA label differs and/or is blank across cycles
Physical Habitat,RP100_cm,No,,,Yes,NRSA 1819 Physical Habitat Larger Set of Metrics,Mean Residual Depth at thalweg (cm),No,,,2018–2019 only,Not comparable across cycles
Physical Habitat,RPGT50,Yes,NRSA 1314 Physical Habitat Larger Set of Metrics,,Yes,NRSA 1819 Physical Habitat Larger Set of Metrics,Residual Pools >50cm res-depth (number/reach),Yes,NRSA 2324 Physical Habitat Metrics,Resid Pools >50cm deep (number/reach),All three cycles,EPA label differs and/or is blank across cycles
Physical Habitat,RPGT75,Yes,NRSA 1314 Physical Habitat Larger Set of Metrics,,Yes,NRSA 1819 Physical Habitat Larger Set of Metrics,Residual Pools >75cm res-depth (number/reach),Yes,NRSA 2324 Physical Habitat Metrics,Resid Pools >75cm deep (number/reach),All three cycles,EPA label differs and/or is blank across cycles
Physical Habitat,RPMXDEP,No,,,Yes,NRSA 1819 Physical Habitat Larger Set of Metrics,Maximum residual Depth (___),Yes,NRSA 2324 Physical Habitat Metrics,Maximum residual depth in reach (cm) | Maximum residual depth in reach (m),2018–2019 + 2023–2024,EPA label differs and/or is blank across cycles
Physical Habitat,RPMXDEP_CM,Yes,NRSA 1314 Physical Habitat Larger Set of Metrics,"Maximum residual depth in reach (cm), converted from raw data in m | Maximum residual depth in reach (cm)",Yes,NRSA 1819 Physical Habitat Larger Set of Metrics,"Maximum residual depth in reach (cm), converted from raw data in m | Maximum residual depth in reach (cm) | Maximum residual Depth in reach (cm)",No,,,2013–2014 + 2018–2019,Same/equivalent EPA label across available cycles
Physical Habitat,RpRat,No,,,Yes,NRSA 1819 Physical Habitat Larger Set of Metrics,Residual Depth proportion (RP100/XDepth_cm),No,,,2018–2019 only,Not comparable across cycles
Physical Habitat,RPRAT,Yes,NRSA 1314 Physical Habitat Most Common Metrics | NRSA 1314 Physical Habitat Larger Set of Metrics,Residual Depth proportion (RP100/XDepth),No,,,No,,,2013–2014 only,Not comparable across cycles
Physical Habitat,RPXDEP,No,,,Yes,NRSA 1819 Physical Habitat Larger Set of Metrics,Mean maximum depth of residual Pools in reach (__),Yes,NRSA 2324 Physical Habitat Metrics,Mean RP depth in reach (cm/pool) | Mean RP depth in reach (m/pool),2018–2019 + 2023–2024,EPA label differs and/or is blank across cycles
Physical Habitat,RPXDEP_CM,Yes,NRSA 1314 Physical Habitat Larger Set of Metrics,"Mean residual pool depth in reach (cm/pool), converted from raw data in m | Mean residual pool depth in reach (cm/pool)",Yes,NRSA 1819 Physical Habitat Larger Set of Metrics,"Mean maximum depth of residual Pools in reach (cm) | Mean residual pool depth in reach (cm/pool) | Mean residual pool depth in reach (cm/pool), converted from raw data in m",No,,,2013–2014 + 2018–2019,Same/equivalent EPA label across available cycles
Physical Habitat,RRPW3,Yes,NRSA 1314 Physical Habitat Larger Set of Metrics,,No,,,No,,,2013–2014 only,Not comparable across cycles
Physical Habitat,SDDEPTH,No,,,Yes,NRSA 1819 Physical Habitat Larger Set of Metrics,Std Dev. of Thalweg Depth (cm),Yes,NRSA 2324 Physical Habitat Metrics,Std Dev. of Thalweg Depth (cm) | Std Dev. of Thalweg Depth (m),2018–2019 + 2023–2024,Same/equivalent EPA label across available cycles
Physical Habitat,SDDEPTH_CM,Yes,NRSA 1314 Physical Habitat Most Common Metrics | NRSA 1314 Physical Habitat Larger Set of Metrics,"Std deviation of thalweg depth (cm), converted from raw data in m | Std deviation of thalweg depth (cm)",Yes,NRSA 1819 Physical Habitat Larger Set of Metrics,"Std deviation of thalweg depth (cm), converted from raw data in m | Std deviation of thalweg depth (cm) | Std Dev. of Thalweg Depth (cm)",Yes,NRSA 2324 Physical Habitat Metrics,Std Dev. of Thalweg Depth (cm),All three cycles,EPA label differs and/or is blank across cycles
Physical Habitat,SDINC_H,Yes,NRSA 1314 Physical Habitat Larger Set of Metrics,,Yes,NRSA 1819 Physical Habitat Larger Set of Metrics,Std Dev of Terrace Height above water level,Yes,NRSA 2324 Physical Habitat Metrics,Channel Incision Ht.-Std. Dev. (m),All three cycles,EPA label differs and/or is blank across cycles
Physical Habitat,SDWD_RAT,Yes,NRSA 1314 Physical Habitat Larger Set of Metrics,,Yes,NRSA 1819 Physical Habitat Larger Set of Metrics,Std Dev of Wetted Width-Depth Ratio,Yes,NRSA 2324 Physical Habitat Metrics,Std Dev of Width/Depth Ratio (m/m),All three cycles,EPA label differs and/or is blank across cycles
Physical Habitat,SDWIDTH,Yes,NRSA 1314 Physical Habitat Most Common Metrics | NRSA 1314 Physical Habitat Larger Set of Metrics,,Yes,NRSA 1819 Physical Habitat Larger Set of Metrics,Std Dev of Wetted Width (m),Yes,NRSA 2324 Physical Habitat Metrics,Std Dev. of Wetted Width (m),All three cycles,EPA label differs and/or is blank across cycles
Physical Habitat,SDWXD,Yes,NRSA 1314 Physical Habitat Most Common Metrics | NRSA 1314 Physical Habitat Larger Set of Metrics,,Yes,NRSA 1819 Physical Habitat Larger Set of Metrics,Std Dev of Wetted Width x Thalweg Depth (m2),Yes,NRSA 2324 Physical Habitat Metrics,Std Dev. of Wetted Width x Thalweg Depth (m2),All three cycles,EPA label differs and/or is blank across cycles
Physical Habitat,SHLD_PX3,Yes,NRSA 1314 Physical Habitat Larger Set of Metrics,,No,,,No,,,2013–2014 only,Not comparable across cycles
Physical Habitat,SINU,Yes,NRSA 1314 Physical Habitat Most Common Metrics | NRSA 1314 Physical Habitat Larger Set of Metrics,,Yes,NRSA 1819 Physical Habitat Larger Set of Metrics,Sinuosity of sample reach,Yes,NRSA 2324 Physical Habitat Metrics,Sinuosity of sample reach.,All three cycles,EPA label differs and/or is blank across cycles
Physical Habitat,SITE_ID,Yes,NRSA 1314 Physical Habitat Indicator Metrics,,Yes,NRSA 1819 Physical Habitat Larger Set of Metrics,"Site ID for the study and year sampled. Preferred form is NRSnn_MM-xxxxx where nn is current cycle year (04, 08, 13, 18, etc), MM is two letter state code, and xxxxx is between 10001 and 99999. Text. No missing values allowed. | Site ID",Yes,NRSA 2324 Physical Habitat Metrics,"Site ID | Site ID for the study and year sampled. Preferred form is NRSnn_MM-xxxxx where nn is current cycle year (04, 08, 13, 18, etc), MM is two letter state code, and xxxxx is between 10001 and 99999. No missing or \blank\"" values allowed.""",All three cycles,EPA label differs and/or is blank across cycles
Physical Habitat,SITETYPE,Yes,NRSA 1314 Physical Habitat Most Common Metrics | NRSA 1314 Physical Habitat Larger Set of Metrics,"Site type (Probability-based or hand-picked). PROB for sites from probability survey. Usually HAND for hand-picked sites. In EMAP West and WSA, STARHAND is used to identify hand-picked sites that do not have all CORE indicators available.",No,,,No,,,2013–2014 only,Not comparable across cycles
Physical Habitat,STATE,No,,,Yes,NRSA 1819 Physical Habitat Larger Set of Metrics,State of site,No,,,2018–2019 only,Not comparable across cycles
Physical Habitat,SURVEY_YRS,No,,,Yes,NRSA 1819 Physical Habitat Larger Set of Metrics,"NARS Survey Years (eg, 0809, 1314, 1819)",No,,,2018–2019 only,Not comparable across cycles
Physical Habitat,UID,Yes,NRSA 1314 Physical Habitat Indicator Metrics | NRSA 1314 Physical Habitat Most Common Metrics | NRSA 1314 Physical Habitat Larger Set of Metrics,Unique site visit ID,Yes,NRSA 1819 Physical Habitat Larger Set of Metrics,Unique site visit ID,Yes,NRSA 2324 Physical Habitat Metrics,Unique site visit ID,All three cycles,Same/equivalent EPA label across available cycles
Physical Habitat,UNIQUE_ID,No,,,Yes,NRSA 1819 Physical Habitat Larger Set of Metrics,Unique site ID based on location that does not depend on year sampled or any other factor. Form is NRS_ss_nnnnn where ss state and nnnnn is number that starts at 10001. No missing values allowed.,Yes,NRSA 2324 Physical Habitat Metrics,Unique site ID based on location that does not depend on year sampled or any other factor. Form is NRS_ss_nnnnn where ss state and nnnnn is number that starts at 10001. No missing values allowed.,2018–2019 + 2023–2024,Same/equivalent EPA label across available cycles
Physical Habitat,V1W_MSQ,Yes,NRSA 1314 Physical Habitat Most Common Metrics | NRSA 1314 Physical Habitat Larger Set of Metrics,,Yes,NRSA 1819 Physical Habitat Larger Set of Metrics,Bankfull Channel Wood Volume (m3/m2) Size=T+S+M+L+X (EPA/620/R-99/003 p53),Yes,NRSA 2324 Physical Habitat Metrics,Bankful Channel woody debris (m3/m2),All three cycles,EPA label differs and/or is blank across cycles
Physical Habitat,V1WM100,Yes,NRSA 1314 Physical Habitat Most Common Metrics | NRSA 1314 Physical Habitat Larger Set of Metrics,,Yes,NRSA 1819 Physical Habitat Larger Set of Metrics,Bankfull Channel Wood Volume (m3/100m) Size=T+S+M+L+X (EPA/620/R-99/003 p53),Yes,NRSA 2324 Physical Habitat Metrics,Bankful channel woody debris (m3/100m),All three cycles,EPA label differs and/or is blank across cycles
Physical Habitat,V2W_MSQ,Yes,NRSA 1314 Physical Habitat Larger Set of Metrics,,Yes,NRSA 1819 Physical Habitat Larger Set of Metrics,Bankfull Channel Wood Volume (m3/m2) Size=S+M+L+X (EPA/620/R-99/003 p53),Yes,NRSA 2324 Physical Habitat Metrics,LWD Vol in Bkf chnl (m3/m2-SMLX) | LWD vol in Bkf chnl& dry (m3/m2-SMLX),All three cycles,EPA label differs and/or is blank across cycles
Physical Habitat,V2WM100,Yes,NRSA 1314 Physical Habitat Larger Set of Metrics,,Yes,NRSA 1819 Physical Habitat Larger Set of Metrics,Bankfull Channel Wood Volume (m3/100m) Size=S+M+L+X (EPA/620/R-99/003 p53),Yes,NRSA 2324 Physical Habitat Metrics,LWD Vol in Bkf chnl (m3/100m-SMLX) | LWD vol in Bkf chnl& dry (m3/100m-SMLX),All three cycles,EPA label differs and/or is blank across cycles
Physical Habitat,V4W_MSQ,Yes,NRSA 1314 Physical Habitat Larger Set of Metrics,,Yes,NRSA 1819 Physical Habitat Larger Set of Metrics,Bankfull Channel Wood Volume (m3/m2) Size=L+X (EPA/620/R-99/003 p53),Yes,NRSA 2324 Physical Habitat Metrics,LWD vol in Bkf chnl & dry (m3/m2-LX) | LWD Vol in Bkf chnl (m3/m2-LX),All three cycles,EPA label differs and/or is blank across cycles
Physical Habitat,V4WM100,Yes,NRSA 1314 Physical Habitat Larger Set of Metrics,,Yes,NRSA 1819 Physical Habitat Larger Set of Metrics,Bankfull Channel Wood Volume (m3/100m) Size=L+X (EPA/620/R-99/003 p53),Yes,NRSA 2324 Physical Habitat Metrics,LWD vol in Bkf chnl & dry (m3/100m-LX) | LWD Vol in Bkf chnl (m3/100m-LX),All three cycles,EPA label differs and/or is blank across cycles
Physical Habitat,VISIT_NO,Yes,NRSA 1314 Physical Habitat Indicator Metrics,,Yes,NRSA 1819 Physical Habitat Larger Set of Metrics,Number identifying which visit this is,Yes,NRSA 2324 Physical Habitat Metrics,Number identifying which visit this is,All three cycles,EPA label differs and/or is blank across cycles
Physical Habitat,W1_HAG,Yes,NRSA 1314 Physical Habitat Most Common Metrics | NRSA 1314 Physical Habitat Larger Set of Metrics,,Yes,NRSA 1819 Physical Habitat Larger Set of Metrics,Human Agricultural Influence Index(distance-wtd tally of types & presence),Yes,NRSA 2324 Physical Habitat Metrics,Human Agricultural Influence Index(distance-wtd tally of types and presence,All three cycles,EPA label differs and/or is blank across cycles
Physical Habitat,W1_HALL,Yes,NRSA 1314 Physical Habitat Indicator Metrics | NRSA 1314 Physical Habitat Most Common Metrics | NRSA 1314 Physical Habitat Larger Set of Metrics,,Yes,NRSA 1819 Physical Habitat Larger Set of Metrics,Human Disturbance Index(distance-wtd tally of types and presence),Yes,NRSA 2324 Physical Habitat Metrics,Human Disturbance Index(distance-wtd tally of types and presence | Human Disturbance Index(distance-wtd tally of types and presence used for condition,All three cycles,EPA label differs and/or is blank across cycles
Physical Habitat,W1_HNOAG,Yes,NRSA 1314 Physical Habitat Most Common Metrics | NRSA 1314 Physical Habitat Larger Set of Metrics,,Yes,NRSA 1819 Physical Habitat Larger Set of Metrics,Human Non-Agric. Disturb. Index (distance wtd tally of types & presence),Yes,NRSA 2324 Physical Habitat Metrics,Human Non-Agricultural Disturbance Index (distance weighted tally of types and presence),All three cycles,EPA label differs and/or is blank across cycles
Physical Habitat,W1H_BLDG,Yes,NRSA 1314 Physical Habitat Larger Set of Metrics,,Yes,NRSA 1819 Physical Habitat Larger Set of Metrics,Near Stream Human Dist: Buildings (distance-wtd tally of presence),Yes,NRSA 2324 Physical Habitat Metrics,Rip Dist--Buildings (ProxWt Pres),All three cycles,EPA label differs and/or is blank across cycles
Physical Habitat,W1H_CROP,Yes,NRSA 1314 Physical Habitat Most Common Metrics | NRSA 1314 Physical Habitat Larger Set of Metrics,,Yes,NRSA 1819 Physical Habitat Larger Set of Metrics,Near Stream Human Dist: Row Crops (distance-wtd tally of presence),Yes,NRSA 2324 Physical Habitat Metrics,Near Channel Human Dist : Row Crops (distance-wtd tally of presence,All three cycles,EPA label differs and/or is blank across cycles
Physical Habitat,W1H_LDFL,Yes,NRSA 1314 Physical Habitat Larger Set of Metrics,,Yes,NRSA 1819 Physical Habitat Larger Set of Metrics,Near Stream Human Dist: Trash/Landfill (distance-wtd tally of presence),Yes,NRSA 2324 Physical Habitat Metrics,Rip Dist--Trash/Landfill (ProxWt Pres),All three cycles,EPA label differs and/or is blank across cycles
Physical Habitat,W1H_LOG,Yes,NRSA 1314 Physical Habitat Larger Set of Metrics,,Yes,NRSA 1819 Physical Habitat Larger Set of Metrics,Near Stream Human Dist: Logging (distance-wtd tally of presence),Yes,NRSA 2324 Physical Habitat Metrics,Rip Dist--Logging Activity (ProxWt Pres),All three cycles,EPA label differs and/or is blank across cycles
Physical Habitat,W1H_MINE,Yes,NRSA 1314 Physical Habitat Larger Set of Metrics,,Yes,NRSA 1819 Physical Habitat Larger Set of Metrics,Near Stream Human Dist: Mining (distance-wtd tally of presence),Yes,NRSA 2324 Physical Habitat Metrics,Rip Dist--Mining Activity (ProxWt Pres),All three cycles,EPA label differs and/or is blank across cycles
Physical Habitat,W1H_PARK,Yes,NRSA 1314 Physical Habitat Larger Set of Metrics,,Yes,NRSA 1819 Physical Habitat Larger Set of Metrics,Near Stream Human Dist: Park/Lawn (distance-wtd tally of presence),Yes,NRSA 2324 Physical Habitat Metrics,Rip Dist--Lawn/Park (ProxWt Pres),All three cycles,EPA label differs and/or is blank across cycles
Physical Habitat,W1H_PIPE,Yes,NRSA 1314 Physical Habitat Larger Set of Metrics,,Yes,NRSA 1819 Physical Habitat Larger Set of Metrics,Near Stream Human Dist: Pipe influent/effluent (distance-wtd tally of presence),Yes,NRSA 2324 Physical Habitat Metrics,Rip Dist--Pipes infl/effl (ProxWt Pres),All three cycles,EPA label differs and/or is blank across cycles
Physical Habitat,W1H_PSTR,Yes,NRSA 1314 Physical Habitat Larger Set of Metrics,,Yes,NRSA 1819 Physical Habitat Larger Set of Metrics,Near Stream Human Dist: Pasture/Hayfield (distance-wtd tally of presence),Yes,NRSA 2324 Physical Habitat Metrics,Rip Dist--Pasture/Hayfield (ProxWt Pres),All three cycles,EPA label differs and/or is blank across cycles
Physical Habitat,W1H_PVMT,Yes,NRSA 1314 Physical Habitat Larger Set of Metrics,,Yes,NRSA 1819 Physical Habitat Larger Set of Metrics,Near Stream Human Dist: Pavement/parking lot(distance-wtd tally of presence),Yes,NRSA 2324 Physical Habitat Metrics,Rip Dist--Pavement (ProxWt Pres),All three cycles,EPA label differs and/or is blank across cycles
Physical Habitat,W1H_ROAD,Yes,NRSA 1314 Physical Habitat Larger Set of Metrics,,Yes,NRSA 1819 Physical Habitat Larger Set of Metrics,Near Stream Human Dist: Road/Railroad (distance-wtd tally of presence),Yes,NRSA 2324 Physical Habitat Metrics,Rip Dist--Road/Railroad (ProxWt Pres),All three cycles,EPA label differs and/or is blank across cycles
Physical Habitat,W1H_WALL,Yes,NRSA 1314 Physical Habitat Most Common Metrics | NRSA 1314 Physical Habitat Larger Set of Metrics,,Yes,NRSA 1819 Physical Habitat Larger Set of Metrics,Near Stream Human Dist: Walls/dikes/revetments(distance-wtd tally of presence),Yes,NRSA 2324 Physical Habitat Metrics,Near Channel Human Dist : Walls/dikes/revetments(distance-wtd tally of presence,All three cycles,EPA label differs and/or is blank across cycles
Physical Habitat,XBEARING,Yes,NRSA 1314 Physical Habitat Larger Set of Metrics,,Yes,NRSA 1819 Physical Habitat Larger Set of Metrics,Compass Bearing Sighted upstream (Degrees),Yes,NRSA 2324 Physical Habitat Metrics,Mean Flow Direction of reach (degrees),All three cycles,EPA label differs and/or is blank across cycles
Physical Habitat,XBKA,Yes,NRSA 1314 Physical Habitat Larger Set of Metrics,,Yes,NRSA 1819 Physical Habitat Larger Set of Metrics,Bank Angle (mean degrees),Yes,NRSA 2324 Physical Habitat Metrics,Bank Angle--mean (degrees),All three cycles,EPA label differs and/or is blank across cycles
Physical Habitat,XBKF_H,Yes,NRSA 1314 Physical Habitat Most Common Metrics | NRSA 1314 Physical Habitat Larger Set of Metrics,,Yes,NRSA 1819 Physical Habitat Larger Set of Metrics,Mean Bankfull Height above wetted channel (m),Yes,NRSA 2324 Physical Habitat Metrics,Mean Bankfull Height above wetted channel (m),All three cycles,EPA label differs and/or is blank across cycles
Physical Habitat,XBKF_W,Yes,NRSA 1314 Physical Habitat Most Common Metrics | NRSA 1314 Physical Habitat Larger Set of Metrics,,Yes,NRSA 1819 Physical Habitat Larger Set of Metrics,Mean Bankfull Width (m),Yes,NRSA 2324 Physical Habitat Metrics,Mean Bankfull Width (m),All three cycles,EPA label differs and/or is blank across cycles
Physical Habitat,XC,Yes,NRSA 1314 Physical Habitat Most Common Metrics | NRSA 1314 Physical Habitat Larger Set of Metrics,,Yes,NRSA 1819 Physical Habitat Larger Set of Metrics,Canopy Mean Areal Cover proportion,Yes,NRSA 2324 Physical Habitat Metrics,Canopy Mean Areal Cover proportion,All three cycles,EPA label differs and/or is blank across cycles
Physical Habitat,XCDENBK,Yes,NRSA 1314 Physical Habitat Most Common Metrics | NRSA 1314 Physical Habitat Larger Set of Metrics,,Yes,NRSA 1819 Physical Habitat Larger Set of Metrics,Canopy Density at bank (mean percent),Yes,NRSA 2324 Physical Habitat Metrics,Canopy Density at bank (mean percent),All three cycles,EPA label differs and/or is blank across cycles
Physical Habitat,XCDENMID,Yes,NRSA 1314 Physical Habitat Most Common Metrics | NRSA 1314 Physical Habitat Larger Set of Metrics,,Yes,NRSA 1819 Physical Habitat Larger Set of Metrics,Canopy Density at mid-channel (mean percent),Yes,NRSA 2324 Physical Habitat Metrics,Canopy Density at mid-channel (mean percent),All three cycles,EPA label differs and/or is blank across cycles
Physical Habitat,XCEMBED,Yes,NRSA 1314 Physical Habitat Larger Set of Metrics,,Yes,NRSA 1819 Physical Habitat Larger Set of Metrics,Embeddedness Center of Channel (Mean % wetted streambed),Yes,NRSA 2324 Physical Habitat Metrics,Mean Embeddedness--Channel only (%),All three cycles,EPA label differs and/or is blank across cycles
Physical Habitat,XCL,Yes,NRSA 1314 Physical Habitat Most Common Metrics | NRSA 1314 Physical Habitat Larger Set of Metrics,,Yes,NRSA 1819 Physical Habitat Larger Set of Metrics,Large diameter (Dbh>0.3m) Tree Canopy Areal Cover proportion,Yes,NRSA 2324 Physical Habitat Metrics,Large diameter (Dbh>0.3m) Tree Canopy Areal Cover proportion,All three cycles,EPA label differs and/or is blank across cycles
Physical Habitat,XCM,Yes,NRSA 1314 Physical Habitat Larger Set of Metrics,,Yes,NRSA 1819 Physical Habitat Larger Set of Metrics,Sum of Canopy+Mid layer vegetation areal cover proportion,Yes,NRSA 2324 Physical Habitat Metrics,Rip Veg Canopy+Mid Layer Cover,All three cycles,EPA label differs and/or is blank across cycles
Physical Habitat,XCMG,Yes,NRSA 1314 Physical Habitat Most Common Metrics | NRSA 1314 Physical Habitat Larger Set of Metrics,,Yes,NRSA 1819 Physical Habitat Larger Set of Metrics,Sum of Canopy+Mid+Ground layer areal cover proportion,Yes,NRSA 2324 Physical Habitat Metrics,Sum of Canopy+Mid+Ground layer areal cover proportion,All three cycles,EPA label differs and/or is blank across cycles
Physical Habitat,XCMGW,Yes,NRSA 1314 Physical Habitat Most Common Metrics | NRSA 1314 Physical Habitat Larger Set of Metrics,,Yes,NRSA 1819 Physical Habitat Larger Set of Metrics,Sum of Woody Canopy+Mid+Ground layer areal cover proportion,Yes,NRSA 2324 Physical Habitat Metrics,Sum of Woody Canopy+Mid+Ground layer areal cover proportion,All three cycles,EPA label differs and/or is blank across cycles
Physical Habitat,XCMW,Yes,NRSA 1314 Physical Habitat Larger Set of Metrics,,Yes,NRSA 1819 Physical Habitat Larger Set of Metrics,Sum of Woody Canopy+Mid layer vegetation areal cover proportion,Yes,NRSA 2324 Physical Habitat Metrics,Rip Veg Canopy+Mid Layer Woody Cover,All three cycles,EPA label differs and/or is blank across cycles
Physical Habitat,XCS,Yes,NRSA 1314 Physical Habitat Larger Set of Metrics,,Yes,NRSA 1819 Physical Habitat Larger Set of Metrics,Small diameter (Dbh<0.3m) Tree Canopy Areal Cover proportion,Yes,NRSA 2324 Physical Habitat Metrics,Riparian Canopy <= 0.3m DBH (Cover),All three cycles,EPA label differs and/or is blank across cycles
Physical Habitat,XDEPTH,No,,,Yes,NRSA 1819 Physical Habitat Larger Set of Metrics,Mean thalweg depth,Yes,NRSA 2324 Physical Habitat Metrics,Mean thalweg depth (cm) | Mean thalweg depth (m),2018–2019 + 2023–2024,EPA label differs and/or is blank across cycles
Physical Habitat,XDEPTH_CM,Yes,NRSA 1314 Physical Habitat Most Common Metrics | NRSA 1314 Physical Habitat Larger Set of Metrics,"Mean thalweg depth (cm), converted from raw data in m | Mean thalweg depth (cm)",Yes,NRSA 1819 Physical Habitat Larger Set of Metrics,"Mean thalweg depth (cm), converted from raw data in m | Mean thalweg depth (cm)",Yes,NRSA 2324 Physical Habitat Metrics,Mean thalweg depth (cm),All three cycles,Same/equivalent EPA label across available cycles
Physical Habitat,XEMBED,Yes,NRSA 1314 Physical Habitat Most Common Metrics | NRSA 1314 Physical Habitat Larger Set of Metrics,,Yes,NRSA 1819 Physical Habitat Larger Set of Metrics,Mean streambed embeddedness (%),Yes,NRSA 2324 Physical Habitat Metrics,Mean streambed embeddedness (%),All three cycles,EPA label differs and/or is blank across cycles
Physical Habitat,XFC_ALG,Yes,NRSA 1314 Physical Habitat Most Common Metrics | NRSA 1314 Physical Habitat Larger Set of Metrics,,Yes,NRSA 1819 Physical Habitat Larger Set of Metrics,Instream Cover: Filamentous algae (areal proportion),Yes,NRSA 2324 Physical Habitat Metrics,Filamentous algae Mean areal cover,All three cycles,EPA label differs and/or is blank across cycles
Physical Habitat,XFC_ALL,Yes,NRSA 1314 Physical Habitat Larger Set of Metrics,,Yes,NRSA 1819 Physical Habitat Larger Set of Metrics,Instream Cover Sum: All except algae and aquatic macrophytes (areal proportion),Yes,NRSA 2324 Physical Habitat Metrics,Fish Cvr-All Types (Sum Areal Prop) | Lit. cover-sum(all) (Areal Prop),All three cycles,EPA label differs and/or is blank across cycles
Physical Habitat,XFC_AQM,Yes,NRSA 1314 Physical Habitat Most Common Metrics | NRSA 1314 Physical Habitat Larger Set of Metrics,,Yes,NRSA 1819 Physical Habitat Larger Set of Metrics,Instream Cover: Aquatic macrophytes (areal proportion),Yes,NRSA 2324 Physical Habitat Metrics,Aquatic macrophyte mean areal cover,All three cycles,EPA label differs and/or is blank across cycles
Physical Habitat,XFC_BIG,Yes,NRSA 1314 Physical Habitat Larger Set of Metrics,,Yes,NRSA 1819 Physical Habitat Larger Set of Metrics,"Instream Cover Sum: wood, boulders, over-hang banks, human structures (areal proportion)",Yes,NRSA 2324 Physical Habitat Metrics,Fish Cvr-LWDRCKUCBorHUM(Sum Area Prop) | Lit. cvr-sum(LWDRCKUCBHUM Area Prop),All three cycles,EPA label differs and/or is blank across cycles
Physical Habitat,XFC_BRS,Yes,NRSA 1314 Physical Habitat Larger Set of Metrics,,Yes,NRSA 1819 Physical Habitat Larger Set of Metrics,Instream Cover: Brush (areal proportion),Yes,NRSA 2324 Physical Habitat Metrics,Fish Cvr-Brush&Small Debris (Areal Prop) | Lit. cvr-brush&small debris (Areal Prop),All three cycles,EPA label differs and/or is blank across cycles
Physical Habitat,XFC_HUM,Yes,NRSA 1314 Physical Habitat Larger Set of Metrics,,Yes,NRSA 1819 Physical Habitat Larger Set of Metrics,Instream Cover: Anthropogenic Structures/Trash (areal proportion),Yes,NRSA 2324 Physical Habitat Metrics,Fish Cvr-Artif. Structs. (Areal Prop) | Lit. cover-artif. structs. (Areal Prop),All three cycles,EPA label differs and/or is blank across cycles
Physical Habitat,XFC_LVT,Yes,NRSA 1314 Physical Habitat Larger Set of Metrics,,Yes,NRSA 1819 Physical Habitat Larger Set of Metrics,Instream Cover: Live Trees (areal proportion),Yes,NRSA 2324 Physical Habitat Metrics,Fish Cvr-Artif. Structs. (Areal Prop),All three cycles,EPA label differs and/or is blank across cycles
Physical Habitat,XFC_LWD,Yes,NRSA 1314 Physical Habitat Most Common Metrics | NRSA 1314 Physical Habitat Larger Set of Metrics,,Yes,NRSA 1819 Physical Habitat Larger Set of Metrics,Instream Cover: Large woody debris (areal proportion),Yes,NRSA 2324 Physical Habitat Metrics,Large woody debris areal cover,All three cycles,EPA label differs and/or is blank across cycles
Physical Habitat,XFC_NAT,Yes,NRSA 1314 Physical Habitat Most Common Metrics | NRSA 1314 Physical Habitat Larger Set of Metrics,,Yes,NRSA 1819 Physical Habitat Larger Set of Metrics,Instream Cover Sum: non-anthropogenic cover types (areal proportion),Yes,NRSA 2324 Physical Habitat Metrics,Sum of non-anthropogenic fish areal cover types,All three cycles,EPA label differs and/or is blank across cycles
Physical Habitat,XFC_OHV,Yes,NRSA 1314 Physical Habitat Larger Set of Metrics,,Yes,NRSA 1819 Physical Habitat Larger Set of Metrics,Instream Cover: Overhanging Vegetation <1m above surface (areal proportion),Yes,NRSA 2324 Physical Habitat Metrics,Fish Cvr-Overhang Veg (Areal Prop) | Lit. cover-overhang veg (Areal Prop),All three cycles,EPA label differs and/or is blank across cycles
Physical Habitat,XFC_RCK,Yes,NRSA 1314 Physical Habitat Larger Set of Metrics,,Yes,NRSA 1819 Physical Habitat Larger Set of Metrics,Instream Cover: Rocks and Ledges (areal proportion),Yes,NRSA 2324 Physical Habitat Metrics,Fish Cvr-Boulders (Areal Prop) | Littoral fish cvr-boulders (Areal Prop),All three cycles,EPA label differs and/or is blank across cycles
Physical Habitat,XFC_UCB,Yes,NRSA 1314 Physical Habitat Larger Set of Metrics,,Yes,NRSA 1819 Physical Habitat Larger Set of Metrics,Instream Cover: Overhanging Banks (areal proportion),Yes,NRSA 2324 Physical Habitat Metrics,Fish Cvr-Undercut Banks (Areal Prop) | Lit. cover-undercut banks (Areal Prop),All three cycles,EPA label differs and/or is blank across cycles
Physical Habitat,XG,Yes,NRSA 1314 Physical Habitat Larger Set of Metrics,,Yes,NRSA 1819 Physical Habitat Larger Set of Metrics,Same as XGveg?,Yes,NRSA 2324 Physical Habitat Metrics,Riparian Veg Ground Layer Cover,All three cycles,EPA label differs and/or is blank across cycles
Physical Habitat,XGB,Yes,NRSA 1314 Physical Habitat Most Common Metrics | NRSA 1314 Physical Habitat Larger Set of Metrics,,Yes,NRSA 1819 Physical Habitat Larger Set of Metrics,Barren ground layer areal cover,Yes,NRSA 2324 Physical Habitat Metrics,Barren ground layer areal cover,All three cycles,EPA label differs and/or is blank across cycles
Physical Habitat,XGH,Yes,NRSA 1314 Physical Habitat Most Common Metrics | NRSA 1314 Physical Habitat Larger Set of Metrics,,Yes,NRSA 1819 Physical Habitat Larger Set of Metrics,Non-woody ground layer areal cover,Yes,NRSA 2324 Physical Habitat Metrics,Non-woody ground layer areal cover,All three cycles,EPA label differs and/or is blank across cycles
Physical Habitat,XGV,Yes,NRSA 1314 Physical Habitat Larger Set of Metrics,Total ground layer areal cover,No,,,No,,,2013–2014 only,Not comparable across cycles
Physical Habitat,XGveg,No,,,Yes,NRSA 1819 Physical Habitat Larger Set of Metrics,Ground layer Vegetated areal cover,No,,,2018–2019 only,Not comparable across cycles
Physical Habitat,XGW,Yes,NRSA 1314 Physical Habitat Most Common Metrics | NRSA 1314 Physical Habitat Larger Set of Metrics,,Yes,NRSA 1819 Physical Habitat Larger Set of Metrics,Woody ground layer areal cover,Yes,NRSA 2324 Physical Habitat Metrics,Woody ground layer areal cover,All three cycles,EPA label differs and/or is blank across cycles
Physical Habitat,XINC_H,Yes,NRSA 1314 Physical Habitat Most Common Metrics | NRSA 1314 Physical Habitat Larger Set of Metrics,,Yes,NRSA 1819 Physical Habitat Larger Set of Metrics,Terrace Height above water level (m),Yes,NRSA 2324 Physical Habitat Metrics,Terrace Height above water level (m),All three cycles,EPA label differs and/or is blank across cycles
Physical Habitat,XM,Yes,NRSA 1314 Physical Habitat Larger Set of Metrics,,Yes,NRSA 1819 Physical Habitat Larger Set of Metrics,Mid-Layer areal cover,Yes,NRSA 2324 Physical Habitat Metrics,Riparian Veg Mid Layer Cover,All three cycles,EPA label differs and/or is blank across cycles
Physical Habitat,XMH,Yes,NRSA 1314 Physical Habitat Larger Set of Metrics,,Yes,NRSA 1819 Physical Habitat Larger Set of Metrics,Mid-Layer Herbaceous areal cover,Yes,NRSA 2324 Physical Habitat Metrics,Rip Mid Layer Herbaceous (Cover),All three cycles,EPA label differs and/or is blank across cycles
Physical Habitat,XMW,Yes,NRSA 1314 Physical Habitat Larger Set of Metrics,,Yes,NRSA 1819 Physical Habitat Larger Set of Metrics,Mid-Layer Woody areal cover,Yes,NRSA 2324 Physical Habitat Metrics,Rip Mid Layer Woody (Cover),All three cycles,EPA label differs and/or is blank across cycles
Physical Habitat,XPCAN,Yes,NRSA 1314 Physical Habitat Larger Set of Metrics,,Yes,NRSA 1819 Physical Habitat Larger Set of Metrics,Canopy Presence: proportion of reach,Yes,NRSA 2324 Physical Habitat Metrics,Rip Canopy Present (Fraction of reach),All three cycles,EPA label differs and/or is blank across cycles
Physical Habitat,XPCM,Yes,NRSA 1314 Physical Habitat Larger Set of Metrics,,Yes,NRSA 1819 Physical Habitat Larger Set of Metrics,Canopy+Mid-layer Presence: proportion of reach,Yes,NRSA 2324 Physical Habitat Metrics,Rip Can & MidLayer Present (Frac. reach),All three cycles,EPA label differs and/or is blank across cycles
Physical Habitat,XPCMG,Yes,NRSA 1314 Physical Habitat Larger Set of Metrics,,Yes,NRSA 1819 Physical Habitat Larger Set of Metrics,Canopy+Mid+Ground-layer Presence: proportion of reach,Yes,NRSA 2324 Physical Habitat Metrics,Riparian 3-Layers Present (Fract. reach),All three cycles,EPA label differs and/or is blank across cycles
Physical Habitat,XPMGW,Yes,NRSA 1314 Physical Habitat Larger Set of Metrics,,Yes,NRSA 1819 Physical Habitat Larger Set of Metrics,Woody Canopy+Mid+Ground-layer Presence: proportion of reach,Yes,NRSA 2324 Physical Habitat Metrics,Rip. mid & gnd wood Present (Frac. reach),All three cycles,EPA label differs and/or is blank across cycles
Physical Habitat,XPMID,Yes,NRSA 1314 Physical Habitat Larger Set of Metrics,,Yes,NRSA 1819 Physical Habitat Larger Set of Metrics,Mid-layer Presence: proportion of reach,Yes,NRSA 2324 Physical Habitat Metrics,Rip MidLayer Present (Fraction of reach),All three cycles,EPA label differs and/or is blank across cycles
Physical Habitat,XSHOR2VG,Yes,NRSA 1314 Physical Habitat Most Common Metrics | NRSA 1314 Physical Habitat Larger Set of Metrics,,Yes,NRSA 1819 Physical Habitat Larger Set of Metrics,Distance (m) from shoreline to vegetation Boatable only,Yes,NRSA 2324 Physical Habitat Metrics,Distance (m) from shoreline to vegetation Boatable only,All three cycles,EPA label differs and/or is blank across cycles
Physical Habitat,XSLOPE,Yes,NRSA 1314 Physical Habitat Most Common Metrics | NRSA 1314 Physical Habitat Larger Set of Metrics,,Yes,NRSA 1819 Physical Habitat Larger Set of Metrics,Mean Slope of water surface (%),Yes,NRSA 2324 Physical Habitat Metrics,Mean Slope of water surface (%),All three cycles,EPA label differs and/or is blank across cycles
Physical Habitat,XSLOPE_FIELD,Yes,NRSA 1314 Physical Habitat Larger Set of Metrics,,Yes,NRSA 1819 Physical Habitat Larger Set of Metrics,Mean Slope of water surface-Field measurement (%),Yes,NRSA 2324 Physical Habitat Metrics,Reach mean channel slope according to field-based measurements,All three cycles,EPA label differs and/or is blank across cycles
Physical Habitat,XSLOPE_MAP,Yes,NRSA 1314 Physical Habitat Larger Set of Metrics,,Yes,NRSA 1819 Physical Habitat Larger Set of Metrics,Mean Slope of water surface-Map-derived measurement (%),Yes,NRSA 2324 Physical Habitat Metrics,Reach mean channel slope according to map-based calculations,All three cycles,EPA label differs and/or is blank across cycles
Physical Habitat,XSLOPE_use,No,,,Yes,NRSA 1819 Physical Habitat Larger Set of Metrics,Mean Slope of water surface-used used in assessment (%),No,,,2018–2019 only,Not comparable across cycles
Physical Habitat,XUN,Yes,NRSA 1314 Physical Habitat Larger Set of Metrics,,Yes,NRSA 1819 Physical Habitat Larger Set of Metrics,Mean bank undercut distance (m),Yes,NRSA 2324 Physical Habitat Metrics,Undercut Distance--Mean (m),All three cycles,EPA label differs and/or is blank across cycles
Physical Habitat,XWD_RAT,Yes,NRSA 1314 Physical Habitat Most Common Metrics | NRSA 1314 Physical Habitat Larger Set of Metrics,,Yes,NRSA 1819 Physical Habitat Larger Set of Metrics,Mean Wetted Width/Thalweg Depth ratio,Yes,NRSA 2324 Physical Habitat Metrics,Mean Wetted Width/Thalweg Depth ratio,All three cycles,EPA label differs and/or is blank across cycles
Physical Habitat,XWIDTH,Yes,NRSA 1314 Physical Habitat Most Common Metrics | NRSA 1314 Physical Habitat Larger Set of Metrics,,Yes,NRSA 1819 Physical Habitat Larger Set of Metrics,Mean Wetted Width (m),Yes,NRSA 2324 Physical Habitat Metrics,Mean Wetted Width (m),All three cycles,EPA label differs and/or is blank across cycles
Physical Habitat,XWXD,Yes,NRSA 1314 Physical Habitat Most Common Metrics | NRSA 1314 Physical Habitat Larger Set of Metrics,,Yes,NRSA 1819 Physical Habitat Larger Set of Metrics,Mean Wetted Width x Thalweg depth (m2),Yes,NRSA 2324 Physical Habitat Metrics,Mean Wetted Width x Thalweg depth (m2),All three cycles,EPA label differs and/or is blank across cycles
Physical Habitat,YEAR,Yes,NRSA 1314 Physical Habitat Indicator Metrics,,Yes,NRSA 1819 Physical Habitat Larger Set of Metrics,Year of sampling,No,,,2013–2014 + 2018–2019,EPA label differs and/or is blank across cycles
Site Information,AG_ECO3,Yes,NRSA 1314 Site Information,"NARS 3-level reporting region (2015), based on aggregating AGGR_ECO9_2015 reporting regions",Yes,NRSA 1819 Site Information,"NARS 3-level reporting region (2015), based on aggregating AGGR_ECO9_2015 reporting regions | NARS 3-level reporting region (2015), based on aggregating AG_ECO9 reporting regions. No missing or \blank\"" values allowed.""",Yes,NRSA 2324 Site Information,"NARS 3-level reporting region (2015), based on aggregating AGGR_ECO9_2015 reporting regions",All three cycles,Same/equivalent EPA label across available cycles
Site Information,AG_ECO3_NM,Yes,NRSA 1314 Site Information,NARS 3-level reporting region Name,Yes,NRSA 1819 Site Information,"NARS 3-level reporting region Name | NARS 3-level reporting region name. No missing or \blank\"" values allowed.""",Yes,NRSA 2324 Site Information,NARS 3-level reporting region Name,All three cycles,Same/equivalent EPA label across available cycles
Site Information,AG_ECO9,Yes,NRSA 1314 Site Information,"NARS 9-level reporting region (2015), based on aggregated Omernik Level III ecoregions",Yes,NRSA 1819 Site Information,"NARS 9-level reporting region (2015), based on aggregated Omernik Level III ecoregions | NARS 9-level reporting region, based on aggregated Omernik Level III ecoregions. No missing or \blank\"" values allowed.""",Yes,NRSA 2324 Site Information,"NARS 9-level reporting region (2015), based on aggregated Omernik Level III ecoregions",All three cycles,Same/equivalent EPA label across available cycles
Site Information,AG_ECO9_NM,Yes,NRSA 1314 Site Information,NARS 9-level reporting region Name,Yes,NRSA 1819 Site Information,"NARS 9-level reporting region Name | NARS 9-level reporting region name. No missing or \blank\"" values allowed.""",Yes,NRSA 2324 Site Information,NARS 9-level reporting region Name,All three cycles,Same/equivalent EPA label across available cycles
Site Information,BOAT_WADE,Yes,NRSA 1314 Site Information,NRSA 2008-9 site was boatable or wadeable when sampled,No,,,No,,,2013–2014 only,Not comparable across cycles
Site Information,BORD_RIV,Yes,NRSA 1314 Site Information,Reach occurs on state or country boundaries,Yes,NRSA 1819 Site Information,"Reach occurs on state or country boundaries | State border river code. For a border river, value is two postal codes: MM:NN, where MM is one state code and NN is other state code. If not a border river, then value is \Not_Border\"". No missing or \""blank\"" values allowed.""",Yes,NRSA 2324 Site Information,Reach occurs on state or country boundaries,All three cycles,Same/equivalent EPA label across available cycles
Site Information,CH0813_WGT,Yes,NRSA 1314 Site Information,Site weight for 2008-9 and 2013-14 change analysis,No,,,No,,,2013–2014 only,Not comparable across cycles
Site Information,CHNG_SF,Yes,NRSA 1314 Site Information,"Identifies if site included/excluded from 2008-9, 2013-14, 2018-19 sample frame. Will expand in future to include 2023-24 etc.",No,,,No,,,2013–2014 only,Not comparable across cycles
Site Information,CNTYNAME,Yes,NRSA 1314 Site Information,County name (source ESRI counties based on census 2010),Yes,NRSA 1819 Site Information,"County name (source ESRI counties based on census 2010) | County name (source ESRI counties based on census 2010). No missing or \blank\"" values allowed.""",Yes,NRSA 2324 Site Information,County name (source ESRI counties based on census 2010),All three cycles,Same/equivalent EPA label across available cycles
Site Information,COMID,Yes,NRSA 1314 Site Information,NHD common identifier for NRSA sampling frame and subsequent designs.,Yes,NRSA 1819 Site Information,"NHD common identifier for NRSA sampling frame and subsequent designs. | NHDPlusV2 common identifier for NRSA sampling frame. No missing values allowed but it is possible that a few lakes may not be in sample frame if from a state study or are hand-picked lakes. In this case value is \0\"". No missing values allowed. COMID used for NRSA0809 through NRSA18-19; No longer used in NRSA23-24 and NHDPlusHR.""",Yes,NRSA 2324 Site Information,NHD common identifier for NRSA sampling frame and subsequent designs.,All three cycles,Same/equivalent EPA label across available cycles
Site Information,DATE_COL,Yes,NRSA 1314 Site Information,Date of data collection in field,Yes,NRSA 1819 Site Information,Date of data collection in field,Yes,NRSA 2324 Site Information,Date of data collection in field,All three cycles,Same/equivalent EPA label across available cycles
Site Information,DES_FTYPE,No,,,Yes,NRSA 1819 Site Information,"Design FTYPE created from FTYPE and other NHD-Plus features | NRSA design feature type (based on NHD feature type). Generally, no missing values allowed but it is possible that a few lakes may not be in sample frame if from a state study or are hand-picked lakes. In this case value is \None\"". No missing or \""blank\"" values allowed.""",No,,,2018–2019 only,Not comparable across cycles
Site Information,DESC_CODE,Yes,NRSA 1314 Site Information,Land ownership description code derived from USGS PADUS (http://gapanalysis.usgs.gov/padus/data/) - pulled May 2016 version of database,No,,,No,,,2013–2014 only,Not comparable across cycles
Site Information,DSGN_CYCLE,No,,,Yes,NRSA 1819 Site Information,NRSA survey design time period 2000-04| 2008-09 | 2013-14 | 2018-19 | etc. No missing values allowed.,Yes,NRSA 2324 Site Information,,2018–2019 + 2023–2024,EPA label differs and/or is blank across cycles
Site Information,ELEVATION,Yes,NRSA 1314 Site Information,"Elevation at Stream site (LAT_DD83, LON_DD83) from USGS elevation point query service (30 m elevation) http://ned.usgs.gov/epqs/",Yes,NRSA 1819 Site Information,"Elevation at Transect K | Elevation at Stream site (LAT_DD83, LON_DD83) from USGS elevation point query service (30 m elevation) http://ned.usgs.gov/epqs/ | Elevation at Stream site (LAT_DD83, LON_DD83) from USGS elevation point query service (30 m elevation) http://ned.usgs.gov/epqs/. May legitimately be negative. No missing or \blank\"" values allowed. Unit: meters"" | Elevation at Transect A",Yes,NRSA 2324 Site Information,"Elevation at Stream site (LAT_DD83, LON_DD83) from USGS elevation point query service (30 m elevation) http://ned.usgs.gov/epqs/",All three cycles,Same/equivalent EPA label across available cycles
Site Information,EPA_REG,Yes,NRSA 1314 Site Information,EPA Region,Yes,NRSA 1819 Site Information,"EPA Region | EPA Region. No missing or \blank\"" values allowed.""",Yes,NRSA 2324 Site Information,EPA Region,All three cycles,Same/equivalent EPA label across available cycles
Site Information,EVAL_CAT,No,,,Yes,NRSA 1819 Site Information,"NRSA site evaluation result. For hand-picked sites evaluation is Target_Sampled. No missing or \blank\"" values allowed.""",Yes,NRSA 2324 Site Information,"NRSA site evaluation result. For hand-picked sites evaluation is Target_Sampled. No missing or \blank\"" values allowed.""",2018–2019 + 2023–2024,Same/equivalent EPA label across available cycles
Site Information,EVALSTAT,Yes,NRSA 1314 Site Information,"Status assigned based on site evaluation guidelines and responses to verification form, if sampled.",No,,,No,,,2013–2014 only,Not comparable across cycles
Site Information,EVALUATED,Yes,NRSA 1314 Site Information,Was site evaluated for sampling?,No,,,No,,,2013–2014 only,Not comparable across cycles
Site Information,FCODE,No,,,Yes,NRSA 1819 Site Information,"NHD feature type code | NHD 5-digit code for feature type. Generally, no missing values allowed but it is possible that a few lakes may not be in sample frame if from a state study or are hand-picked lakes. In this case value is \0\"". No missing or \""blank\"" values allowed.""",Yes,NRSA 2324 Site Information,NHD feature type code,2018–2019 + 2023–2024,Same/equivalent EPA label across available cycles
Site Information,FED_NONFED,No,,,Yes,NRSA 1819 Site Information,"Federal or Non-Federal land, based on OWN_NARS. OWN_NARS in FWS, Other Fed, USFS, NPS, NOAA, BLM, DOD, BOR considered Federal and all others Non-Federal.",Yes,NRSA 2324 Site Information,"Federal or Non-Federal land, based on OWN_NARS. OWN_NARS in FWS, Other Fed, USFS, NPS, NOAA, BLM, DOD, BOR considered Federal and all others Non-Federal.",2018–2019 + 2023–2024,Same/equivalent EPA label across available cycles
Site Information,FEOW_ID,Yes,NRSA 1314 Site Information,Freshwater Ecoregions of the World (2015) code,Yes,NRSA 1819 Site Information,"Freshwater Ecoregions of the World (2015) code | Freshwater Ecoregions of the World (2015) code. No missing or \blank\"" values allowed.""",Yes,NRSA 2324 Site Information,Freshwater Ecoregions of the World (2015) code,All three cycles,Same/equivalent EPA label across available cycles
Site Information,FLOW_SIZE,No,,,No,,,Yes,NRSA 2324 Site Information,Flow size categories based on mean annual flow from NHDPlusHR for each reach. Mean annual flow estimates are based on a model described in the NHDPlusHR Users Guide,2023–2024 only,Not comparable across cycles
Site Information,FRAME08,No,,,Yes,NRSA 1819 Site Information,"Stream reach is included or excluded from sample frame for the NRSA 2008-09 Target Population survey design. No missing or \blank\"" values allowed.""",No,,,2018–2019 only,Not comparable across cycles
Site Information,FRAME13,No,,,Yes,NRSA 1819 Site Information,"Stream reach is included or excluded from sample frame for the NRSA 2013-14 Target Population survey design. No missing or \blank\"" values allowed.""",No,,,2018–2019 only,Not comparable across cycles
Site Information,FRAME14,Yes,NRSA 1314 Site Information,"Identifies whether site is part of NRSA_ST, NRSA_only, or state only",No,,,No,,,2013–2014 only,Not comparable across cycles
Site Information,FRAME18,No,,,Yes,NRSA 1819 Site Information,"Stream reach is included or excluded from sample frame for the NRSA 2018-19 Target Population survey design. No missing or \blank\"" values allowed.""",No,,,2018–2019 only,Not comparable across cycles
Site Information,FRAME18_ID,Yes,NRSA 1314 Site Information,2018-19 Sampling Frame ID code,No,,,No,,,2013–2014 only,Not comparable across cycles
Site Information,FRAME23_ID,No,,,No,,,Yes,NRSA 2324 Site Information,2023 Frame ID number,2023–2024 only,Not comparable across cycles
Site Information,FRAMEEW,No,,,Yes,NRSA 1819 Site Information,"Stream reach is included or excluded from sample frame for the EMAP West 2000-3 Target Population survey design. No missing or \blank\"" values allowed.""",No,,,2018–2019 only,Not comparable across cycles
Site Information,FRAMEWS,No,,,Yes,NRSA 1819 Site Information,"Stream reach is included or excluded from sample frame for the WSA 2004 Target Population survey design. No missing or \blank\"" values allowed.""",No,,,2018–2019 only,Not comparable across cycles
Site Information,FS_EW,Yes,NRSA 1314 Site Information,Eastern or western US Forest Service land,Yes,NRSA 1819 Site Information,"Eastern or western US Forest Service land | Eastern or western US Forest Service land. Not_USFS if not US Forest Service land. No missing or \blank\"" values allowed.""",Yes,NRSA 2324 Site Information,Eastern or western US Forest Service land,All three cycles,Same/equivalent EPA label across available cycles
Site Information,FTYPE,No,,,Yes,NRSA 1819 Site Information,"HD feature type name | NHD feature type. Generally, no missing values allowed but it is possible that a few lakes may not be in sample frame if from a state study or are hand-picked lakes. In this case value is \None\"". No missing or \""blank\"" values allowed.""",Yes,NRSA 2324 Site Information,HD feature type name,2018–2019 + 2023–2024,Same/equivalent EPA label across available cycles
Site Information,GNIS_ID,Yes,NRSA 1314 Site Information,Goegraphic Names Information System ID (from NHD),Yes,NRSA 1819 Site Information,"Goegraphic Names Information System ID (from NHD) | Goegraphic Names Information System ID (from NHD). If value is \0\"", then no GNIS_ID available. . No missing or \""blank\"" values allowed.""",Yes,NRSA 2324 Site Information,Goegraphic Names Information System ID (from NHD),All three cycles,Same/equivalent EPA label across available cycles
Site Information,GNIS_NAME,Yes,NRSA 1314 Site Information,USGS Geographic Names Information System name,Yes,NRSA 1819 Site Information,"USGS Geographic Names Information System name | USGS Geographic Names Information System name (from NHD). Value of \None\"" if no GNIS_NAME available. . No missing or \""blank\"" values allowed."" | Name of the stream reach that the site was snapped to from the NHDPlusV21.",Yes,NRSA 2324 Site Information,USGS Geographic Names Information System name,All three cycles,Same/equivalent EPA label across available cycles
Site Information,HUC10,No,,,No,,,Yes,NRSA 2324 Site Information,"USGS Level 10 Hydrologic Unit Code where wetland is located. where region 10-digit code is preceded by letter H. No missing or \blank\"" values allowed.""",2023–2024 only,Not comparable across cycles
Site Information,HUC10_NM,No,,,No,,,Yes,NRSA 2324 Site Information,"USGS Level 10 Hydrologic Unit Name where wetland is located. No missing or \blank\""values allowed""",2023–2024 only,Not comparable across cycles
Site Information,HUC12,No,,,No,,,Yes,NRSA 2324 Site Information,"USGS Level 12 Hydrologic Unit Code where wetland is located. Region 12-digit code is preceded by letter H. No missing or \blank\"" values allowed.""",2023–2024 only,Not comparable across cycles
Site Information,HUC12_NM,No,,,No,,,Yes,NRSA 2324 Site Information,"USGS Level 12 Hydrologic Unit Code Name where wetland is located. No missing or \blank\"" values allowed.""",2023–2024 only,Not comparable across cycles
Site Information,HUC2,Yes,NRSA 1314 Site Information,USGS Level 2 Hydrologic Unit Code where stream reach is located (based on NHDPlusV2 use of HUCs),Yes,NRSA 1819 Site Information,"USGS Level 2 Hydrologic Unit Code where stream reach is located (based on NHDPlusV2 use of HUCs) | USGS Level 2 Hydrologic Unit Code where stream reach is located (based on NHDPlusV2 use of HUCs). No missing or \blank\"" values allowed.""",Yes,NRSA 2324 Site Information,USGS Level 2 Hydrologic Unit Code where stream reach is located (based on NHDPlusV2 use of HUCs),All three cycles,Same/equivalent EPA label across available cycles
Site Information,HUC2_NM,No,,,Yes,NRSA 1819 Site Information,"USGS Level 2 Hydrologic Unit Region Name where stream reach is located (based on NHDPlusV2 use of HUCs). No missing or \blank\"" values allowed.""",Yes,NRSA 2324 Site Information,"USGS Level 2 Hydrologic Unit Region Name where stream reach is located (based on NHDPlusV2 use of HUCs). No missing or \blank\"" values allowed.""",2018–2019 + 2023–2024,Same/equivalent EPA label across available cycles
Site Information,HUC2_REG,Yes,NRSA 1314 Site Information,USGS Level 2 Hydrologic Unit Region Name where stream reach is located (based on NHDPlusV2 use of HUCs),No,,,No,,,2013–2014 only,Not comparable across cycles
Site Information,HUC8,Yes,NRSA 1314 Site Information,USGS Level 8 Hydrologic Unit Code where stream reach is located (based on NHDPlusV2 use of HUCs),Yes,NRSA 1819 Site Information,"USGS Level 8 Hydrologic Unit Code where stream reach is located (based on NHDPlusV2 use of HUCs) | USGS Level 8 Hydrologic Unit Code where stream reach is located (based on NHDPlusV2 use of HUCs). Eight-digit preceded by letter H. No missing or \blank\"" values allowed.""",Yes,NRSA 2324 Site Information,USGS Level 8 Hydrologic Unit Code where stream reach is located (based on NHDPlusV2 use of HUCs),All three cycles,Same/equivalent EPA label across available cycles
Site Information,HUC8_NM,Yes,NRSA 1314 Site Information,USGS Level 8 Hydrologic Cataloging Unit Name where stream reach is located,Yes,NRSA 1819 Site Information,"USGS Level 8 Hydrologic Cataloging Unit Name where stream reach is located | USGS Level 8 Hydrologic Cataloging Unit Name where stream reach is located. No missing or \blank\"" values allowed.""",Yes,NRSA 2324 Site Information,USGS Level 8 Hydrologic Cataloging Unit Name where stream reach is located,All three cycles,Same/equivalent EPA label across available cycles
Site Information,IND_DOMAIN,No,,,No,,,Yes,NRSA 2324 Site Information,"Name of the indicator group within a study or Domain within a study. Text with all sites expected to be assigned to EXTENT and CORE indicator groups. Other values will occur when a particular group of indicators is only sampled on a planned probability subsample for the main STUDY. For example, FTIS is used to identify study for fish tissue indicators only collected at subset of sites that are a probability sample of a class of streams and rivers in a study. A Domain may be a state specific design where not all the sites are included in NRSA . Hand-picked sites are assigned \HAND.\"" No missing or \""blank\"" values allowed.""",2023–2024 only,Not comparable across cycles
Site Information,LAT_DD83,Yes,NRSA 1314 Site Information,Latitude (based on NAD83 datum) for stream site from NHD-based sample frame.,Yes,NRSA 1819 Site Information,"Latitude (based on NAD83 datum) for stream site from NHD-based sample frame. | Latitude in decimal degrees (based on NAD83 datum) for stream site from NHDPlusV2, i.e., \design latitude.\"". No missing or \""blank\"" values allowed."" | Latitude in decimal degrees NAD83",Yes,NRSA 2324 Site Information,Latitude (based on NAD83 datum) for stream site from NHD-based sample frame.,All three cycles,Same/equivalent EPA label across available cycles
Site Information,LENGTH_KM,No,,,No,,,Yes,NRSA 2324 Site Information,Stream reach length in km. No missing or zero values allowed.,2023–2024 only,Not comparable across cycles
Site Information,LON_DD83,Yes,NRSA 1314 Site Information,Longitude (based on NAD83 datum) for stream site from NHD-based sample frame.,Yes,NRSA 1819 Site Information,"Longitude (based on NAD83 datum) for stream site from NHD-based sample frame. | Longitude in decimal degrees (based on NAD83 datum) for stream site from NHDPlusV2, i.e., \design longitude.\"" No missing or \""blank\"" values allowed."" | Longitude in decimal degrees NAD83",Yes,NRSA 2324 Site Information,Longitude (based on NAD83 datum) for stream site from NHD-based sample frame.,All three cycles,Same/equivalent EPA label across available cycles
Site Information,MAJ_BAS_NM,Yes,NRSA 1314 Site Information,Major USGS Hydrologic Basins derived from NHDPlus Names,Yes,NRSA 1819 Site Information,"Major USGS Hydrologic Basins derived from NHDPlus Names | Name of major USGS Hydrologic Basins derived from NHDPlus names. No missing or \blank\"" values allowed.""",Yes,NRSA 2324 Site Information,Major USGS Hydrologic Basins derived from NHDPlus Names,All three cycles,Same/equivalent EPA label across available cycles
Site Information,MAJ_BASIN,Yes,NRSA 1314 Site Information,Major USGS Hydrologic Basins derived from NHDPlus Codes,Yes,NRSA 1819 Site Information,"Major USGS Hydrologic Basins derived from NHDPlus Codes | Major USGS Hydrologic Basins code derived from NHDPlus codes. Has leading \H\"" to preserve leading zeros. No missing or \""blank\"" values allowed.""",Yes,NRSA 2324 Site Information,Major USGS Hydrologic Basins derived from NHDPlus Codes,All three cycles,Same/equivalent EPA label across available cycles
Site Information,MAJ_RIV_NM,No,,,Yes,NRSA 1819 Site Information,"Name of major or additional river | Name of Major River in US (based on major and additional rivers defined in Benke's Rivers of North America). Includes entire river to its headwaters. \Not Major River\"" if not a major river. No missing or \""blank\"" values allowed.""",No,,,2018–2019 only,Not comparable across cycles
Site Information,MAJ_RIVER,No,,,Yes,NRSA 1819 Site Information,"Identifies river as major or additional river based on Rivers of North America | Designates major rivers in US (based on major rivers defined in Benke's Rivers of North America). Benke identifies \major rivers\"" and \""additional rivers.\"" Includes entire river to its headwaters. \""NotMajorRiver\"" if not a major river. No missing values allowed.""",No,,,2018–2019 only,Not comparable across cycles
Site Information,MEAN_FLOW,No,,,No,,,Yes,NRSA 2324 Site Information,Mean flow value for streams (cfs),2023–2024 only,Not comparable across cycles
Site Information,MIS_BAS_NM,No,,,Yes,NRSA 1819 Site Information,"The hydrologic basin name for streams in the Mississippi Basin derived from NHDPlus names. \Not Miss River Basin\"" for streams not in the Mississippi Basin. No missing values allowed.""",Yes,NRSA 2324 Site Information,"The hydrologic basin name for streams in the Mississippi Basin derived from NHDPlus names. \Not Miss River Basin\"" for streams not in the Mississippi Basin. No missing values allowed.""",2018–2019 + 2023–2024,Same/equivalent EPA label across available cycles
Site Information,MIS_BASIN,No,,,Yes,NRSA 1819 Site Information,"The hydrologic basin code for streams in the Mississippi Basin derived from NHDPlus codes. For streams not in the Mississippi Basin value equal to \NMRB\"". No missing values allowed.""",Yes,NRSA 2324 Site Information,"The hydrologic basin code for streams in the Mississippi Basin derived from NHDPlus codes. For streams not in the Mississippi Basin value equal to \NMRB\"". No missing values allowed.""",2018–2019 + 2023–2024,Same/equivalent EPA label across available cycles
Site Information,MISS_BASIN,Yes,NRSA 1314 Site Information,"The hydrologic basin name for streams in the Mississippi Basin, or NA for streams not in the Mississippi Basin",Yes,NRSA 1819 Site Information,"The hydrologic basin name for streams in the Mississippi Basin, or NA for streams not in the Mississippi Basin | Within Mississippi Basin or outside, based on MIS_BAS_NM values",No,,,2013–2014 + 2018–2019,Same/equivalent EPA label across available cycles
Site Information,MISS_BASIN_NM,Yes,NRSA 1314 Site Information,Mississippi basin name,No,,,No,,,2013–2014 only,Not comparable across cycles
Site Information,NA_L1CODE,Yes,NRSA 1314 Site Information,CEC North American Level I ecoregion code,Yes,NRSA 1819 Site Information,"CEC North American Level I ecoregion code | CEC North American Level I ecoregion code. Values of 5 to 15 excluding 14 and 0 designating HI. No missing or \blank\"" values allowed.""",Yes,NRSA 2324 Site Information,CEC North American Level I ecoregion code,All three cycles,Same/equivalent EPA label across available cycles
Site Information,NA_L1NAME,Yes,NRSA 1314 Site Information,CEC North American Level I ecoregion name,Yes,NRSA 1819 Site Information,"CEC North American Level I ecoregion name | CEC North American Level I ecoregion name. No missing or \blank\"" values allowed.""",Yes,NRSA 2324 Site Information,CEC North American Level I ecoregion name,All three cycles,Same/equivalent EPA label across available cycles
Site Information,NA_L2CODE,Yes,NRSA 1314 Site Information,CEC North American Level II ecoregion code,Yes,NRSA 1819 Site Information,"CEC North American Level II ecoregion code | CEC North American Level II ecoregion code. Form is n.n where leading is L1 and following is level 2. No missing or \blank\"" values allowed.""",Yes,NRSA 2324 Site Information,CEC North American Level II ecoregion code,All three cycles,Same/equivalent EPA label across available cycles
Site Information,NA_L2NAME,Yes,NRSA 1314 Site Information,CEC North American Level II ecoregion name,Yes,NRSA 1819 Site Information,"CEC North American Level II ecoregion name | CEC North American Level II ecoregion name. No missing or \blank\"" values allowed.""",Yes,NRSA 2324 Site Information,CEC North American Level II ecoregion name,All three cycles,Same/equivalent EPA label across available cycles
Site Information,NA_L3CODE,Yes,NRSA 1314 Site Information,CEC North American Level III ecoregion code,No,,,No,,,2013–2014 only,Not comparable across cycles
Site Information,NA_L3NAME,Yes,NRSA 1314 Site Information,CEC North American Level III ecoregion name,No,,,No,,,2013–2014 only,Not comparable across cycles
Site Information,NARS_NAME,Yes,NRSA 1314 Site Information,Name of lake from field evaluation or GNIS NAME if the same,Yes,NRSA 1819 Site Information,"Name of lake from field evaluation or GNIS NAME if the same | Name of stream from field evaluation or GNIS NAME if the same. \None\"" if no name. No missing or \""blank\"" values allowed.""",Yes,NRSA 2324 Site Information,Name of lake from field evaluation or GNIS NAME if the same,All three cycles,Same/equivalent EPA label across available cycles
Site Information,NARS_OWN,Yes,NRSA 1314 Site Information,Land ownership category used by NARS,No,,,No,,,2013–2014 only,Not comparable across cycles
Site Information,NFWAWGTCAT,Yes,NRSA 1314 Site Information,Categories used to create weights for the analysis of NRSA 2008-9 survey,No,,,No,,,2013–2014 only,Not comparable across cycles
Site Information,NHDPLUSID,No,,,No,,,Yes,NRSA 2324 Site Information,NHDPlus unique identifier for a flowline feature used in NRSA 23-24 and NHDPLusHR.,2023–2024 only,Not comparable across cycles
Site Information,NRS13_EVAL,Yes,NRSA 1314 Site Information,NRSA 2013/14 site evaluation result.,No,,,No,,,2013–2014 only,Not comparable across cycles
Site Information,NRS13_MDC,Yes,NRSA 1314 Site Information,Multi-density categories used in NRSA 2013/14 survey design within a stratum,No,,,No,,,2013–2014 only,Not comparable across cycles
Site Information,NRS13_PNL,Yes,NRSA 1314 Site Information,NRSA 2013/14 Panel Assignment,No,,,No,,,2013–2014 only,Not comparable across cycles
Site Information,NRS13_SF,Yes,NRSA 1314 Site Information,Lake included/excluded from NRSA 2013/14 survey design,No,,,No,,,2013–2014 only,Not comparable across cycles
Site Information,NRS13_STRA,Yes,NRSA 1314 Site Information,Strata used in NRSA 2013/14 survey design,No,,,No,,,2013–2014 only,Not comparable across cycles
Site Information,NRS13_TNT,Yes,NRSA 1314 Site Information,NRS 2013/14 target status assigned based on stream site evaluation for use in national assessments.,No,,,No,,,2013–2014 only,Not comparable across cycles
Site Information,NRS13_URBN,Yes,NRSA 1314 Site Information,Stream site identified as an urban or non-urban stream. Source: https://www.census.gov/geo/maps-data/data/cbf/cbf_ua.html. Used 2015 Urban Areas cartographic boundaries shapefile,No,,,No,,,2013–2014 only,Not comparable across cycles
Site Information,NRS13_VST,Yes,NRSA 1314 Site Information,Number of times NRSA 2013/14 site was actually sampled in 2013/14,No,,,No,,,2013–2014 only,Not comparable across cycles
Site Information,NRS13_WGTD,Yes,NRSA 1314 Site Information,NRSA 2013/14 Initial site weight assigned during site selection. DO NOT USE FOR POPULATION ESTIMATION!,No,,,No,,,2013–2014 only,Not comparable across cycles
Site Information,NRSA_USE,Yes,NRSA 1314 Site Information,Include site in NRSA analyses?,No,,,No,,,2013–2014 only,Not comparable across cycles
Site Information,OWN_CODE,Yes,NRSA 1314 Site Information,Land ownership code derived from USGS PADUS (http://gapanalysis.usgs.gov/padus/data/) - pulled May 2016 version of database,No,,,No,,,2013–2014 only,Not comparable across cycles
Site Information,OWN_DESC,Yes,NRSA 1314 Site Information,Land ownership protective category derived from USGS PADUS (http://gapanalysis.usgs.gov/padus/data/) - pulled May 2016 version of database,No,,,No,,,2013–2014 only,Not comparable across cycles
Site Information,OWN_NARS,No,,,Yes,NRSA 1819 Site Information,"Land ownership code derived from USGS PADUS (http://gapanalysis.usgs.gov/padus/data/) - pulled May 2016 version of database. Aggregated to categories used by NARS. Text of 13 land ownership category names. Similar to OWN_TYPE in USGS PADUS dataset except that Federal_Land is separated into major federal agencies. No missing or \blank\"" values allowed.""",Yes,NRSA 2324 Site Information,"Land ownership code derived from USGS PADUS (http://gapanalysis.usgs.gov/padus/data/) - pulled May 2016 version of database. Aggregated to categories used by NARS. Text of 13 land ownership category names. Similar to OWN_TYPE in USGS PADUS dataset except that Federal_Land is separated into major federal agencies. No missing or \blank\"" values allowed.""",2018–2019 + 2023–2024,Same/equivalent EPA label across available cycles
Site Information,OWN_TYPE,Yes,NRSA 1314 Site Information,Basic land ownership category derived from USGS PADUS (http://gapanalysis.usgs.gov/padus/data/) - pulled May 2016 version of database,No,,,No,,,2013–2014 only,Not comparable across cycles
Site Information,OWNSHP,Yes,NRSA 1314 Site Information,Detailed land ownership category derived from USGS PADUS (http://gapanalysis.usgs.gov/padus/data/) - pulled May 2016 version of database,No,,,No,,,2013–2014 only,Not comparable across cycles
Site Information,PANEL_RVST,No,,,Yes,NRSA 1819 Site Information,"Survey of time panels that identifies which sites were visited in which design cycle. Form is SSS_Y1_Y2_Y3_etc where SSS is abbreviation for the STUDY (NRS) and Yi identifies year visited which is \NO\"" if no visit in that design cyle. For HAND sites, panel value is \""NONE\"". No missing or \""blank\"" values allowed.""",No,,,2018–2019 only,Not comparable across cycles
Site Information,PANEL_SOT,No,,,Yes,NRSA 1819 Site Information,"Survey over time sets of sites for only probability sites. As new design cycles are added for NRSA, PANEL_SOT values must be updated. Form is NRS_XX_XX_XX_etc. Where XX equal design cycle year or NO if not evaluated and position designates the 1st, 2nd, and 3rd design cycles. Note that all possible combinates for PANEL_RVST may not be present for PANEL_SOT. For hand-picked sites, value is HAND. No missing or \blank\"" values allowed.""",No,,,2018–2019 only,Not comparable across cycles
Site Information,PANEL_USE,No,,,Yes,NRSA 1819 Site Information,"NRSA Panel Assignment. Text that has form NRSnn_mmXXXn_YYYY, where nn is current cycle year (09, 14, 19, etc), mm is cycle year stream site was first selected for sampling, XXXn denotes revisit status, and YYYY denotes base or over sample status. XXXn equals either RVT2 (if site should be visited twice in current cycle year) or RVT (if site should be visited once in current cycle and was previously visited in a prior cycle year) and is blank otherwise. YYYY is either blank (if the stream site is a base site) or equals OverSamp (if the stream site is an over sample site). Note: For state specific designs, state two letter code is added. Hand-picked sites have value \NONE\"". No missing or \""blank\"" values allowed.""",Yes,NRSA 2324 Site Information,"NRSA Panel Assignment. Text that has form NRSnn_mmXXXn_YYYY, where nn is current cycle year (09, 14, 19, etc), mm is cycle year stream site was first selected for sampling, XXXn denotes revisit status, and YYYY denotes base or over sample status. XXXn equals either RVT2 (if site should be visited twice in current cycle year) or RVT (if site should be visited once in current cycle and was previously visited in a prior cycle year) and is blank otherwise. YYYY is either blank (if the stream site is a base site) or equals OverSamp (if the stream site is an over sample site). Note: For state specific designs, state two letter code is added. Hand-picked sites have value \NONE\"". No missing or \""blank\"" values allowed.""",2018–2019 + 2023–2024,Same/equivalent EPA label across available cycles
Site Information,PANEL_WGT,No,,,Yes,NRSA 1819 Site Information,"Sets of probability sites required for the weight adjustment for each design cycle. PANEL_WGT is not changed when future design cycles are completed. Hand-picked sites assigned as NONE, since they are not a probability site. No missing or \blank\"" values allowed..""",No,,,2018–2019 only,Not comparable across cycles
Site Information,PERM_ID,No,,,No,,,Yes,NRSA 2324 Site Information,40-char value that uniquely identifies the occurrence of each feature in The National Map. National Database primary key. Used only for NRSA and NLA,2023–2024 only,Not comparable across cycles
Site Information,PROB_CAT,No,,,Yes,NRSA 1819 Site Information,"NRSA unequal probability categories used within a stratum. Hand-picked sites equal to \None\"" as they are not a site from probability design. No missing values allowed""",Yes,NRSA 2324 Site Information,"NRSA unequal probability categories used within a stratum. Hand-picked sites equal to \None\"" as they are not a site from probability design. No missing values allowed""",2018–2019 + 2023–2024,Same/equivalent EPA label across available cycles
Site Information,PSTL_CODE,Yes,NRSA 1314 Site Information,State two-letter postal code,Yes,NRSA 1819 Site Information,"State two-letter postal code | State two letter postal code for site sampled. 50 state postal codes plus AS, MP, GU, PR, VI for American Samoa, Commonwealth of Northern Marianas, Guam, Puerto Rico and Virgin Islands. No missing or \blank\"" values allowed.""",Yes,NRSA 2324 Site Information,State two-letter postal code,All three cycles,Same/equivalent EPA label across available cycles
Site Information,PUBLICATION_DATE,Yes,NRSA 1314 Site Information,Date of data file publication,Yes,NRSA 1819 Site Information,Date of data file publication,Yes,NRSA 2324 Site Information,Date of data file publication,All three cycles,Same/equivalent EPA label across available cycles
Site Information,RCHDOWN,No,,,Yes,NRSA 1819 Site Information,Downstream Length (m),No,,,2018–2019 only,Not comparable across cycles
Site Information,RCHUP,No,,,Yes,NRSA 1819 Site Information,Upstream Length (m),No,,,2018–2019 only,Not comparable across cycles
Site Information,REACHCODE,Yes,NRSA 1314 Site Information,NHD Reach code assigned,Yes,NRSA 1819 Site Information,"NHD Reach code assigned | NHD Reach code assigned. Value of 'None' if site is on reach that is not in NHD. No missing values or \blanks\"" allowed.""",Yes,NRSA 2324 Site Information,NHD Reach code assigned,All three cycles,Same/equivalent EPA label across available cycles
Site Information,RT_NRSA,Yes,NRSA 1314 Site Information,"NRSA Reference Class Assignment: R=reference, In=intermediate, Im=impacted, ?=Cannot be evaluated due to missing info",No,,,No,,,2013–2014 only,Not comparable across cycles
Site Information,SF_ST_ID,No,,,Yes,NRSA 1819 Site Information,"Stream ID from a State sample frame . \None\"" if not in state sample frame.. No missing or \""blank\"" values allowed.""",No,,,2018–2019 only,Not comparable across cycles
Site Information,SITE_ID,Yes,NRSA 1314 Site Information,Site ID,Yes,NRSA 1819 Site Information,"Site ID for the study and year sampled. Preferred form is NRSnn_MM-xxxxx where nn is current cycle year (04, 08, 13, 18, etc), MM is two letter state code, and xxxxx is between 10001 and 99999. No missing or \blank\"" values allowed."" | Unique Site ID assigned for NRSA13-14 | Site ID",Yes,NRSA 2324 Site Information,"Site ID for the study and year sampled. Preferred form is NRSnn_MM-xxxxx where nn is current cycle year (04, 08, 13, 18, etc), MM is two letter state code, and xxxxx is between 10001 and 99999. No missing or \blank\"" values allowed.""",All three cycles,EPA label differs and/or is blank across cycles
Site Information,SITESAMP,Yes,NRSA 1314 Site Information,Site sampled (Y/N),No,,,Yes,NRSA 2324 Site Information,Was site sampled: Y/N.,2013–2014 + 2023–2024,EPA label differs and/or is blank across cycles
Site Information,SITETYPE,Yes,NRSA 1314 Site Information,Site type (Probability-based or hand-picked),Yes,NRSA 1819 Site Information,"Site type (Probability-based or hand-picked) | Site type (Probability-based or hand-picked). PROB for sites from probability survey. Usually HAND for hand-picked sites. In EMAP West and WSA, STARHAND is used to identify hand-picked sites that do not have all CORE indicators available . No missing or \blank\"" values allowed."" | Site type (Probability-based or hand-picked). PROB for sites from probability survey. Usually HAND for hand-picked sites. In EMAP West and WSA, STARHAND is used to identify hand-picked sites that do not have all CORE indicators available.",Yes,NRSA 2324 Site Information,Site type (Probability-based or hand-picked),All three cycles,Same/equivalent EPA label across available cycles
Site Information,SO,Yes,NRSA 1314 Site Information,NHD-Plus new Strahler order,No,,,No,,,2013–2014 only,Not comparable across cycles
Site Information,SORT13_ID,Yes,NRSA 1314 Site Information,Design sort ID of site for NRSA 2013-14 survey,No,,,No,,,2013–2014 only,Not comparable across cycles
Site Information,SORT18_ID,Yes,NRSA 1314 Site Information,Design sort ID of site for NRSA 2018-19 survey,No,,,No,,,2013–2014 only,Not comparable across cycles
Site Information,SOURCE,Yes,NRSA 1314 Site Information,Sample frame source,Yes,NRSA 1819 Site Information,"Sample frame source | Sample frame source for PROB sites and NONE for HAND sites. State frame names if used . No missing or \blank\"" values allowed.""",No,,,2013–2014 + 2018–2019,Same/equivalent EPA label across available cycles
Site Information,STATE,Yes,NRSA 1314 Site Information,State of site,No,,,No,,,2013–2014 only,Not comparable across cycles
Site Information,STATE_NM,No,,,Yes,NRSA 1819 Site Information,"State to which stream reach is assigned for sampling in NRSA. No missing or \blank\"" values allowed.""",Yes,NRSA 2324 Site Information,"State to which stream reach is assigned for sampling in NRSA. No missing or \blank\"" values allowed.""",2018–2019 + 2023–2024,Same/equivalent EPA label across available cycles
Site Information,STATE_SF,No,,,Yes,NRSA 1819 Site Information,"Include or exclude stream reach in state sample frame. No missing or \blank\"" values allowed.""",No,,,2018–2019 only,Not comparable across cycles
Site Information,STATECTY,Yes,NRSA 1314 Site Information,FIPS state and county code,Yes,NRSA 1819 Site Information,"FIPS state and county code | FIPS state and county code. Text with leading \F\"" before code. No missing or \""blank\"" values allowed.""",Yes,NRSA 2324 Site Information,FIPS state and county code,All three cycles,Same/equivalent EPA label across available cycles
Site Information,STATEID,Yes,NRSA 1314 Site Information,State Site ID,No,,,No,,,2013–2014 only,Not comparable across cycles
Site Information,STRAH_CAL,Yes,NRSA 1314 Site Information,Strahler calculator from NHDPlusv2. Used to identify braided reaches.,Yes,NRSA 1819 Site Information,"Strahler calculator from NHDPlusv2. Used to identify braided reaches. | Strahler calculator from NHDPlusv2. Used to identify braided reaches. Values of 0 to 10. No missing or \blank\"" values allowed.""",Yes,NRSA 2324 Site Information,Strahler calculator from NHDPlusv2. Used to identify braided reaches.,All three cycles,Same/equivalent EPA label across available cycles
Site Information,STRAH_CAT,Yes,NRSA 1314 Site Information,Strahler category used to classify reaches. RiversMajor (5th and higher) RiversOther (5th and higher) LargeStreams (3rd and 4th) SmallStreams (1st and 2nd),Yes,NRSA 1819 Site Information,"Strahler category used to classify reaches. RiversMajor (5th and higher) RiversOther (5th and higher) LargeStreams (3rd and 4th) SmallStreams (1st and 2nd) | Strahler category used to classify reaches. SmallStreams – 1st and 2nd order; LargeStreams – 3rd and 4th order; MajorRivers – 5th order and higher that are identified as MajorRiver/Additional in MAJ_RIVER variable; and OtherRivers – 5th and higher that are not MajorRivers. No missing or \blank\"" values allowed.""",Yes,NRSA 2324 Site Information,Strahler category used to classify reaches. RiversMajor (5th and higher) RiversOther (5th and higher) LargeStreams (3rd and 4th) SmallStreams (1st and 2nd),All three cycles,Same/equivalent EPA label across available cycles
Site Information,STRAH_ORD,Yes,NRSA 1314 Site Information,Strahler order from NHDPlusv2,Yes,NRSA 1819 Site Information,"Strahler order from NHDPlusv2 | Strahler order from NHDPlusv2. Values from 0 to 10. No missing or \blank\"" values allowed.""",Yes,NRSA 2324 Site Information,Strahler order from NHDPlusv2,All three cycles,Same/equivalent EPA label across available cycles
Site Information,STRATUM,No,,,Yes,NRSA 1819 Site Information,"Stratum use for survey design (national assessment). Needed for population estimates. For value definitions, see survey-specific design documentation. | Strata used in the NRSA survey design. . Hand-picked sites assigned value of \None\"". No missing or \""blank\"" values alllowed.""",Yes,NRSA 2324 Site Information,"Stratum use for survey design (national assessment). Needed for population estimates. For value definitions, see survey-specific design documentation.",2018–2019 + 2023–2024,Same/equivalent EPA label across available cycles
Site Information,STUDY,Yes,NRSA 1314 Site Information,Study to which site belongs,No,,,Yes,NRSA 2324 Site Information,Study to which site belongs,2013–2014 + 2023–2024,Same/equivalent EPA label across available cycles
Site Information,TNT_CAT,No,,,Yes,NRSA 1819 Site Information,"NRSA target status assigned based on stream site evaluation. For population estimation must combine with SITETYPE to restrict to probability survey sites. No missing or \blank\"" values allowed.""",No,,,2018–2019 only,Not comparable across cycles
Site Information,UID,Yes,NRSA 1314 Site Information,Unique site visit ID,Yes,NRSA 1819 Site Information,Unique site visit ID,Yes,NRSA 2324 Site Information,Unique site visit ID,All three cycles,Same/equivalent EPA label across available cycles
Site Information,UNIQUE_ID,No,,,Yes,NRSA 1819 Site Information,Unique site ID based on location that does not depend on year sampled or any other factor. Form is NRS_ss_nnnnn where ss state and nnnnn is number that starts at 10001. No missing values allowed.,Yes,NRSA 2324 Site Information,Unique site ID based on location that does not depend on year sampled or any other factor. Form is NRS_ss_nnnnn where ss state and nnnnn is number that starts at 10001. No missing values allowed.,2018–2019 + 2023–2024,Same/equivalent EPA label across available cycles
Site Information,URBN_NRS08,No,,,Yes,NRSA 1819 Site Information,"Stream identified as an urban stream based on urban definition used in NRSA 2008-9 design. Urban based on 2000 Census polygons of urban areas and 3km buffer to ensure census waters included. No missing or \blank\"" values allowed.""",Yes,NRSA 2324 Site Information,"Stream identified as an urban stream based on urban definition used in NRSA 2008-9 design. Urban based on 2000 Census polygons of urban areas and 3km buffer to ensure census waters included. No missing or \blank\"" values allowed.""",2018–2019 + 2023–2024,Same/equivalent EPA label across available cycles
Site Information,URBN_NRS18,No,,,Yes,NRSA 1819 Site Information,"Stream identified as an urban stream based on urban definition used in NRSA 2018-19 design. Urban based on 2010 Census polygons of urban areas. No 3km buffer to ensure census waters included since census polygons now include census waters. No missing or \blank\"" values allowed.""",Yes,NRSA 2324 Site Information,"Stream identified as an urban stream based on urban definition used in NRSA 2018-19 design. Urban based on 2010 Census polygons of urban areas. No 3km buffer to ensure census waters included since census polygons now include census waters. No missing or \blank\"" values allowed.""",2018–2019 + 2023–2024,Same/equivalent EPA label across available cycles
Site Information,URBN_NRS23,No,,,No,,,Yes,NRSA 2324 Site Information,"Stream identified as an urban stream based on urban definition used in NRSA 2018-19 design. Urban based on 2010 Census polygons of urban areas. No 3km buffer to ensure census waters included since census polygons now include census waters. No missing or \blank\"" values allowed.""",2023–2024 only,Not comparable across cycles
Site Information,US_L3CODE,Yes,NRSA 1314 Site Information,Omernik Level III ecoregion code,Yes,NRSA 1819 Site Information,"Omernik Level III ecoregion code | Omernik Level III ecoregion code. Coded as \0\"" if ecoregions have not been defined for state or territory. No missing or \""blank\"" values allowed.""",Yes,NRSA 2324 Site Information,Omernik Level III ecoregion code,All three cycles,Same/equivalent EPA label across available cycles
Site Information,US_L3NAME,Yes,NRSA 1314 Site Information,Omernik Level III ecoregion name,Yes,NRSA 1819 Site Information,"Omernik Level III ecoregion name | Omernik Level III ecoregion name. \None\"" if no ecoregion defined for state or territory. No missing or \""blank\"" values allowed.""",Yes,NRSA 2324 Site Information,Omernik Level III ecoregion name,All three cycles,Same/equivalent EPA label across available cycles
Site Information,US_L4CODE,Yes,NRSA 1314 Site Information,Omernik Level IV ecoregion code,Yes,NRSA 1819 Site Information,"Omernik Level IV ecoregion code | Omernik Level IV ecoregion code. Level three codes plus aphabetic ending identifying level 4 subregion. \None\"" if no ecoregion defined for state or territory. No missing or \""blank\"" values allowed.""",Yes,NRSA 2324 Site Information,Omernik Level IV ecoregion code,All three cycles,Same/equivalent EPA label across available cycles
Site Information,US_L4NAME,Yes,NRSA 1314 Site Information,Omernik Level IV ecoregion name,Yes,NRSA 1819 Site Information,"Omernik Level IV ecoregion name | Omernik Level IV ecoregion name. \None\"" if no ecoregion defined for state or territory. No missing or \""blank\"" values allowed.""",Yes,NRSA 2324 Site Information,Omernik Level IV ecoregion name,All three cycles,Same/equivalent EPA label across available cycles
Site Information,USFS,No,,,Yes,NRSA 1819 Site Information,"US Forest Service land or other, based on OWN_NARS.",No,,,2018–2019 only,Not comparable across cycles
Site Information,VALXSITE,No,,,No,,,Yes,NRSA 2324 Site Information,Sample method/Nonsamp. reason,2023–2024 only,Not comparable across cycles
Site Information,VISIT_NO,Yes,NRSA 1314 Site Information,Number identifying which visit this is,Yes,NRSA 1819 Site Information,Number identifying which visit this is,Yes,NRSA 2324 Site Information,Number identifying which visit this is,All three cycles,Same/equivalent EPA label across available cycles
Site Information,WGT_CAT,No,,,Yes,NRSA 1819 Site Information,"NRSA categories used to adjust weights for site. Hand-picked sites assigned value of \NONE\"". No missing or \""blank\"" values allowed.""",No,,,2018–2019 only,Not comparable across cycles
Site Information,WGT_DSGN,No,,,Yes,NRSA 1819 Site Information,NRSA initial site weight assigned during site selection. >0 or 0 if site is not to be used for population estimation. DO NOT USE FOR POPULATION ESTIMATION!,No,,,2018–2019 only,Not comparable across cycles
Site Information,WGT_EXT_SP,Yes,NRSA 1314 Site Information,Length of sampled streams represented by site in km,No,,,No,,,2013–2014 only,Not comparable across cycles
Site Information,WGT_TP_CORE,No,,,Yes,NRSA 1819 Site Information,NRSA adjusted weight for site for population estimates of target population based on sampled probability sites. Weight units are stream miles. Value is 0 if site is not to be used for estimates.,No,,,2018–2019 only,Not comparable across cycles
Site Information,WGT_TP_EXTENT,No,,,Yes,NRSA 1819 Site Information,NRSA adjusted weight for site for extent estimates of target population based on all probability sites evaluated. Weight units are stream miles. Value is 0 if site is not to be used for estimates.,No,,,2018–2019 only,Not comparable across cycles
Site Information,WSAREASQKM,No,,,No,,,Yes,NRSA 2324 Site Information,Area in square kilometers of the watershed basin. Summarized by joining the sub-catchment area of the catchment with all of the upstream catchments of the NHDPlusV21.,2023–2024 only,Not comparable across cycles
Site Information,XCOORD,Yes,NRSA 1314 Site Information,x-coordinate from US Contiguous Albers Equal Area Conic projection EXCEPT Hawaii sites which are calculated from Hawaii Albers Equal Area Conic projection,Yes,NRSA 1819 Site Information,"x-coordinate from US Contiguous Albers Equal Area Conic projection EXCEPT Hawaii sites which are calculated from Hawaii Albers Equal Area Conic projection | x-coordinate from US Contiguous Albers Equal Area Conic projection EXCEPT Hawaii sites which are calculated from Hawaii Albers Equal Area Conic projection. No missing or \blank\"" values allowed. Projection: clon = -96, clat = 37.5, sp1 = 29.5, sp2 = 45.5""",No,,,2013–2014 + 2018–2019,Same/equivalent EPA label across available cycles
Site Information,YCOORD,Yes,NRSA 1314 Site Information,y-coordinate from US Contiguous Albers Equal Area Conic projection EXCEPT Hawaii sites which are calculated from Hawaii Albers Equal Area Conic projection,Yes,NRSA 1819 Site Information,"y-coordinate from US Contiguous Albers Equal Area Conic projection EXCEPT Hawaii sites which are calculated from Hawaii Albers Equal Area Conic projection | y-coordinate from US Contiguous Albers Equal Area Conic projection EXCEPT Hawaii sites which are calculated from Hawaii Albers Equal Area Conic projection. No missing or \blank\"" values allowed. Projection: sph = \""GRS80\"", clon = -96, clat = 37.5, sp1 = 29.5, sp2 = 45.5""",No,,,2013–2014 + 2018–2019,Same/equivalent EPA label across available cycles
Site Information,YEAR,No,,,Yes,NRSA 1819 Site Information,Year of sampling,Yes,NRSA 2324 Site Information,Year of sampling,2018–2019 + 2023–2024,Same/equivalent EPA label across available cycles
Water Chemistry,AG_ECO9,No,,,Yes,NRSA 1819 Water Chemistry and Chlorophyll-a,"NARS 9-level reporting region (2015), based on aggregated Omernik Level III ecoregions",No,,,2018–2019 only,Not comparable across cycles
Water Chemistry,AMMONIA_N_BATCH_ID,No,,,Yes,NRSA 1819 Water Chemistry and Chlorophyll-a,Laboratory Batch ID for Ammonia as N,Yes,NRSA 2324 Water Chemistry,Laboratory Batch ID for Ammonia as N,2018–2019 + 2023–2024,Same/equivalent EPA label across available cycles
Water Chemistry,AMMONIA_N_DATE_ANALYZED,Yes,NRSA 1314 Water Chemistry,Ammonia as N for NA,Yes,NRSA 1819 Water Chemistry and Chlorophyll-a,Date sample analyzed for analyte: ammonia,Yes,NRSA 2324 Water Chemistry,Date sample analyzed for analyte: ammonia,All three cycles,EPA label differs and/or is blank across cycles
Water Chemistry,AMMONIA_N_DATE_FILTERED,Yes,NRSA 1314 Water Chemistry,Ammonia as N for NA,No,,,No,,,2013–2014 only,Not comparable across cycles
Water Chemistry,AMMONIA_N_DATE_PROCESSED,Yes,NRSA 1314 Water Chemistry,Ammonia as N for NA,No,,,No,,,2013–2014 only,Not comparable across cycles
Water Chemistry,AMMONIA_N_DATE_RECEIVED,Yes,NRSA 1314 Water Chemistry,Ammonia as N for NA,No,,,No,,,2013–2014 only,Not comparable across cycles
Water Chemistry,AMMONIA_N_DILUTION_FACTOR,No,,,Yes,NRSA 1819 Water Chemistry and Chlorophyll-a,Factor used to correct results based on dilution of sample by lab: Ammonia as N,Yes,NRSA 2324 Water Chemistry,Factor used to correct results based on dilution of sample by lab: Ammonia as N,2018–2019 + 2023–2024,Same/equivalent EPA label across available cycles
Water Chemistry,AMMONIA_N_HOLDING_TIME,Yes,NRSA 1314 Water Chemistry,Ammonia as N for NA,Yes,NRSA 1819 Water Chemistry and Chlorophyll-a,Time from sampling to analysis (days): ammonia,Yes,NRSA 2324 Water Chemistry,Time from sampling to analysis (days): ammonia,All three cycles,EPA label differs and/or is blank across cycles
Water Chemistry,AMMONIA_N_LAB_SAMPLE_ID,Yes,NRSA 1314 Water Chemistry,Ammonia as N for NA,No,,,No,,,2013–2014 only,Not comparable across cycles
Water Chemistry,AMMONIA_N_MDL,Yes,NRSA 1314 Water Chemistry,Ammonia as N for NA,Yes,NRSA 1819 Water Chemistry and Chlorophyll-a,Method detection limit of ammonia,Yes,NRSA 2324 Water Chemistry,Method detection limit of ammonia,All three cycles,EPA label differs and/or is blank across cycles
Water Chemistry,AMMONIA_N_NARS_FLAG,Yes,NRSA 1314 Water Chemistry,Ammonia as N for NA,Yes,NRSA 1819 Water Chemistry and Chlorophyll-a,Flag assigned by NARS: ammonia,Yes,NRSA 2324 Water Chemistry,"Flag assigned by NARS: ammonia. ND = Non-detect, L = Estimated, Q = Quality-related issue, S = Shipping time exceedence, H = Holding time exceedence, NR = No lab result for analyte",All three cycles,EPA label differs and/or is blank across cycles
Water Chemistry,AMMONIA_N_QA_FLAG,Yes,NRSA 1314 Water Chemistry,Ammonia as N for NA,Yes,NRSA 1819 Water Chemistry and Chlorophyll-a,QA flag assigned by lab: ammonia,Yes,NRSA 2324 Water Chemistry,QA flag assigned by lab: ammonia,All three cycles,EPA label differs and/or is blank across cycles
Water Chemistry,AMMONIA_N_RESULT,Yes,NRSA 1314 Water Chemistry,Ammonia as N for NA,Yes,NRSA 1819 Water Chemistry and Chlorophyll-a,Analyte value: ammonia,Yes,NRSA 2324 Water Chemistry,Analyte value: ammonia,All three cycles,EPA label differs and/or is blank across cycles
Water Chemistry,AMMONIA_N_RL,Yes,NRSA 1314 Water Chemistry,Ammonia as N for NA,Yes,NRSA 1819 Water Chemistry and Chlorophyll-a,Reporting limit of ammonia,Yes,NRSA 2324 Water Chemistry,Reporting limit of ammonia,All three cycles,EPA label differs and/or is blank across cycles
Water Chemistry,AMMONIA_N_SAMPLE_ID,Yes,NRSA 1314 Water Chemistry,Ammonia as N for NA,No,,,No,,,2013–2014 only,Not comparable across cycles
Water Chemistry,AMMONIA_N_SHIP_FLAG,Yes,NRSA 1314 Water Chemistry,Ammonia as N for NA,No,,,No,,,2013–2014 only,Not comparable across cycles
Water Chemistry,AMMONIA_N_UNITS,No,,,Yes,NRSA 1819 Water Chemistry and Chlorophyll-a,Units of measurement: ammonia,Yes,NRSA 2324 Water Chemistry,Units of measurement: ammonia,2018–2019 + 2023–2024,Same/equivalent EPA label across available cycles
Water Chemistry,ANC,Yes,NRSA 1314 Water Chemistry Indicator Values,Acid Neutralizing Capacity - MG N/L,No,,,No,,,2013–2014 only,Not comparable across cycles
Water Chemistry,ANC_BATCH_ID,No,,,Yes,NRSA 1819 Water Chemistry and Chlorophyll-a,Laboratory Batch ID for Acid Neutralizing Capacity,Yes,NRSA 2324 Water Chemistry,Laboratory Batch ID for Acid Neutralizing Capacity,2018–2019 + 2023–2024,Same/equivalent EPA label across available cycles
Water Chemistry,ANC_DATE_ANALYZED,Yes,NRSA 1314 Water Chemistry,Acid Neutralizing Capacity - UEQ/L for NA,Yes,NRSA 1819 Water Chemistry and Chlorophyll-a,Date sample analyzed for analyte: acid neutralizing capacity,Yes,NRSA 2324 Water Chemistry,Date sample analyzed for analyte: acid neutralizing capacity,All three cycles,EPA label differs and/or is blank across cycles
Water Chemistry,ANC_DATE_FILTERED,Yes,NRSA 1314 Water Chemistry,Acid Neutralizing Capacity - UEQ/L for NA,No,,,No,,,2013–2014 only,Not comparable across cycles
Water Chemistry,ANC_DATE_PROCESSED,Yes,NRSA 1314 Water Chemistry,Acid Neutralizing Capacity - UEQ/L for NA,No,,,No,,,2013–2014 only,Not comparable across cycles
Water Chemistry,ANC_DATE_RECEIVED,Yes,NRSA 1314 Water Chemistry,Acid Neutralizing Capacity - UEQ/L for NA,No,,,No,,,2013–2014 only,Not comparable across cycles
Water Chemistry,ANC_HOLDING_TIME,Yes,NRSA 1314 Water Chemistry,Acid Neutralizing Capacity - UEQ/L for NA,Yes,NRSA 1819 Water Chemistry and Chlorophyll-a,Time from sampling to analysis (days): acid neutralizing capacity,Yes,NRSA 2324 Water Chemistry,Time from sampling to analysis (days): acid neutralizing capacity,All three cycles,EPA label differs and/or is blank across cycles
Water Chemistry,ANC_LAB_SAMPLE_ID,Yes,NRSA 1314 Water Chemistry,Acid Neutralizing Capacity - UEQ/L for NA,No,,,No,,,2013–2014 only,Not comparable across cycles
Water Chemistry,ANC_MDL,Yes,NRSA 1314 Water Chemistry,Acid Neutralizing Capacity - UEQ/L for NA,Yes,NRSA 1819 Water Chemistry and Chlorophyll-a,Method Detection Limit: Acid Neutralizing Capacity,Yes,NRSA 2324 Water Chemistry,Method Detection Limit: Acid Neutralizing Capacity,All three cycles,EPA label differs and/or is blank across cycles
Water Chemistry,ANC_NARS_FLAG,Yes,NRSA 1314 Water Chemistry,Acid Neutralizing Capacity - UEQ/L for NA,Yes,NRSA 1819 Water Chemistry and Chlorophyll-a,NARS flag translated from QA flag by lab: Acid Neutralizing Capacity,Yes,NRSA 2324 Water Chemistry,"NARS flag translated from QA flag by lab: Acid Neutralizing Capacity. ND = Non-detect, L = Estimated, Q = Quality-related issue, S = Shipping time exceedence, H = Holding time exceedence, NR = No lab result for analyte",All three cycles,EPA label differs and/or is blank across cycles
Water Chemistry,ANC_QA_FLAG,Yes,NRSA 1314 Water Chemistry,Acid Neutralizing Capacity - UEQ/L for NA,Yes,NRSA 1819 Water Chemistry and Chlorophyll-a,QA flag assigned by lab: acid neutralizing capacity,Yes,NRSA 2324 Water Chemistry,QA flag assigned by lab: acid neutralizing capacity,All three cycles,EPA label differs and/or is blank across cycles
Water Chemistry,ANC_RESULT,Yes,NRSA 1314 Water Chemistry,Acid Neutralizing Capacity - UEQ/L for NA,Yes,NRSA 1819 Water Chemistry and Chlorophyll-a,Analyte value: acid neutralizing capacity,Yes,NRSA 2324 Water Chemistry,Analyte value: acid neutralizing capacity,All three cycles,EPA label differs and/or is blank across cycles
Water Chemistry,ANC_RL,Yes,NRSA 1314 Water Chemistry,Acid Neutralizing Capacity - UEQ/L for NA,Yes,NRSA 1819 Water Chemistry and Chlorophyll-a,Method Reporting Limit: Acid Neutralizing Capacity,Yes,NRSA 2324 Water Chemistry,Method Reporting Limit: Acid Neutralizing Capacity,All three cycles,EPA label differs and/or is blank across cycles
Water Chemistry,ANC_SAMPLE_ID,Yes,NRSA 1314 Water Chemistry,Acid Neutralizing Capacity - UEQ/L for NA,No,,,No,,,2013–2014 only,Not comparable across cycles
Water Chemistry,ANC_SHIP_FLAG,Yes,NRSA 1314 Water Chemistry,Acid Neutralizing Capacity - UEQ/L for NA,No,,,No,,,2013–2014 only,Not comparable across cycles
Water Chemistry,ANC_UNITS,No,,,Yes,NRSA 1819 Water Chemistry and Chlorophyll-a,Units of measurement: acid neutralizing capacity,Yes,NRSA 2324 Water Chemistry,Units of measurement: acid neutralizing capacity,2018–2019 + 2023–2024,Same/equivalent EPA label across available cycles
Water Chemistry,CALCIUM_BATCH_ID,No,,,Yes,NRSA 1819 Water Chemistry and Chlorophyll-a,Laboratory Batch ID for Calcium,Yes,NRSA 2324 Water Chemistry,Laboratory Batch ID for Calcium,2018–2019 + 2023–2024,Same/equivalent EPA label across available cycles
Water Chemistry,CALCIUM_DATE_ANALYZED,Yes,NRSA 1314 Water Chemistry,Calcium for NA,Yes,NRSA 1819 Water Chemistry and Chlorophyll-a,Date sample analyzed for analyte: calcium,Yes,NRSA 2324 Water Chemistry,Date sample analyzed for analyte: calcium,All three cycles,EPA label differs and/or is blank across cycles
Water Chemistry,CALCIUM_DATE_FILTERED,Yes,NRSA 1314 Water Chemistry,Calcium for NA,No,,,No,,,2013–2014 only,Not comparable across cycles
Water Chemistry,CALCIUM_DATE_PROCESSED,Yes,NRSA 1314 Water Chemistry,Calcium for NA,No,,,No,,,2013–2014 only,Not comparable across cycles
Water Chemistry,CALCIUM_DATE_RECEIVED,Yes,NRSA 1314 Water Chemistry,Calcium for NA,No,,,No,,,2013–2014 only,Not comparable across cycles
Water Chemistry,CALCIUM_DILUTION_FACTOR,No,,,Yes,NRSA 1819 Water Chemistry and Chlorophyll-a,Factor used to correct results based on dilution of sample by lab: Calcium,Yes,NRSA 2324 Water Chemistry,Factor used to correct results based on dilution of sample by lab: Calcium,2018–2019 + 2023–2024,Same/equivalent EPA label across available cycles
Water Chemistry,CALCIUM_HOLDING_TIME,Yes,NRSA 1314 Water Chemistry,Calcium for NA,Yes,NRSA 1819 Water Chemistry and Chlorophyll-a,Time from sampling to analysis (days): calcium,Yes,NRSA 2324 Water Chemistry,Time from sampling to analysis (days): calcium,All three cycles,EPA label differs and/or is blank across cycles
Water Chemistry,CALCIUM_LAB_SAMPLE_ID,Yes,NRSA 1314 Water Chemistry,Calcium for NA,No,,,No,,,2013–2014 only,Not comparable across cycles
Water Chemistry,CALCIUM_MDL,Yes,NRSA 1314 Water Chemistry,Calcium for NA,Yes,NRSA 1819 Water Chemistry and Chlorophyll-a,Method detection limit of calcium,Yes,NRSA 2324 Water Chemistry,Method detection limit of calcium,All three cycles,EPA label differs and/or is blank across cycles
Water Chemistry,CALCIUM_NARS_FLAG,Yes,NRSA 1314 Water Chemistry,Calcium for NA,Yes,NRSA 1819 Water Chemistry and Chlorophyll-a,NARS flag translated from QA flag by lab: Calcium,Yes,NRSA 2324 Water Chemistry,"NARS flag translated from QA flag by lab: Calcium. ND = Non-detect, L = Estimated, Q = Quality-related issue, S = Shipping time exceedence, H = Holding time exceedence, NR = No lab result for analyte",All three cycles,EPA label differs and/or is blank across cycles
Water Chemistry,CALCIUM_QA_FLAG,Yes,NRSA 1314 Water Chemistry,Calcium for NA,Yes,NRSA 1819 Water Chemistry and Chlorophyll-a,QA flag assigned by lab: calcium,Yes,NRSA 2324 Water Chemistry,QA flag assigned by lab: calcium,All three cycles,EPA label differs and/or is blank across cycles
Water Chemistry,CALCIUM_RESULT,Yes,NRSA 1314 Water Chemistry,Calcium for NA,Yes,NRSA 1819 Water Chemistry and Chlorophyll-a,Analyte value: calcium,Yes,NRSA 2324 Water Chemistry,Analyte value: calcium,All three cycles,EPA label differs and/or is blank across cycles
Water Chemistry,CALCIUM_RL,Yes,NRSA 1314 Water Chemistry,Calcium for NA,Yes,NRSA 1819 Water Chemistry and Chlorophyll-a,Method Reporting Limit: Calcium,Yes,NRSA 2324 Water Chemistry,Method Reporting Limit: Calcium,All three cycles,EPA label differs and/or is blank across cycles
Water Chemistry,CALCIUM_SAMPLE_ID,Yes,NRSA 1314 Water Chemistry,Calcium for NA,No,,,No,,,2013–2014 only,Not comparable across cycles
Water Chemistry,CALCIUM_SHIP_FLAG,Yes,NRSA 1314 Water Chemistry,Calcium for NA,No,,,No,,,2013–2014 only,Not comparable across cycles
Water Chemistry,CALCIUM_UNITS,No,,,Yes,NRSA 1819 Water Chemistry and Chlorophyll-a,Units of measurement: calcium,Yes,NRSA 2324 Water Chemistry,Units of measurement: calcium,2018–2019 + 2023–2024,Same/equivalent EPA label across available cycles
Water Chemistry,CHEM_DATE_RECEIVED,No,,,Yes,NRSA 1819 Water Chemistry and Chlorophyll-a,Water chemistry date received in laboratory,Yes,NRSA 2324 Water Chemistry,Water chemistry date received in laboratory,2018–2019 + 2023–2024,Same/equivalent EPA label across available cycles
Water Chemistry,CHEM_LAB_SAMPLE_ID,No,,,Yes,NRSA 1819 Water Chemistry and Chlorophyll-a,Water chemistry lab sample ID,Yes,NRSA 2324 Water Chemistry,Water chemistry lab sample ID,2018–2019 + 2023–2024,Same/equivalent EPA label across available cycles
Water Chemistry,CHEM_NOT_COLLECTED,No,,,Yes,NRSA 1819 Water Chemistry and Chlorophyll-a,Water chemistry sample not collected,No,,,2018–2019 only,Not comparable across cycles
Water Chemistry,CHEM_SAMPLE_ID,No,,,No,,,Yes,NRSA 2324 Water Chemistry,Sample identification number: Water chemistry sample,2023–2024 only,Not comparable across cycles
Water Chemistry,CHLA_BATCH_ID,No,,,Yes,NRSA 1819 Water Chemistry and Chlorophyll-a,Lab batch id - Chlorophyll-a as ug/L in water sample,Yes,NRSA 2324 Water Chemistry,Lab batch id - Chlorophyll-a as ug/L in water sample,2018–2019 + 2023–2024,Same/equivalent EPA label across available cycles
Water Chemistry,CHLA_DATE_ANALYZED,No,,,Yes,NRSA 1819 Water Chemistry and Chlorophyll-a,Date sample analyzed for analyte: chlorophyll-a,Yes,NRSA 2324 Water Chemistry,Date sample analyzed for analyte: chlorophyll-a,2018–2019 + 2023–2024,Same/equivalent EPA label across available cycles
Water Chemistry,CHLA_DILUTION_FACTOR,No,,,No,,,Yes,NRSA 2324 Water Chemistry,Factor used to correct results based on dilution of sample by lab: Chlorophyll-a,2023–2024 only,Not comparable across cycles
Water Chemistry,CHLA_EXTRACT,No,,,No,,,Yes,NRSA 2324 Water Chemistry,chlorophyll-a amount in extract by volume (ug/L),2023–2024 only,Not comparable across cycles
Water Chemistry,CHLA_EXTRACT_UNITS,No,,,No,,,Yes,NRSA 2324 Water Chemistry,Chlorophyll a: Extract units,2023–2024 only,Not comparable across cycles
Water Chemistry,CHLA_HOLDING_TIME,No,,,Yes,NRSA 1819 Water Chemistry and Chlorophyll-a,Time from sampling to analysis (days): chlorophyll-a,Yes,NRSA 2324 Water Chemistry,Time from sampling to analysis (days): chlorophyll-a,2018–2019 + 2023–2024,Same/equivalent EPA label across available cycles
Water Chemistry,CHLA_MDL,No,,,Yes,NRSA 1819 Water Chemistry and Chlorophyll-a,Method detection limit of chlorophyll-a,Yes,NRSA 2324 Water Chemistry,Method detection limit of chlorophyll-a,2018–2019 + 2023–2024,Same/equivalent EPA label across available cycles
Water Chemistry,CHLA_NARS_FLAG,No,,,Yes,NRSA 1819 Water Chemistry and Chlorophyll-a,NARS flag translated from QA flag by lab: Chlorophyll a,Yes,NRSA 2324 Water Chemistry,"NARS flag translated from QA flag by lab: Chlorophyll a. ND = Non-detect, L = Estimated, Q = Quality-related issue, S = Shipping time exceedence, H = Holding time exceedence, NR = No lab result for analyte",2018–2019 + 2023–2024,EPA label differs and/or is blank across cycles
Water Chemistry,CHLA_QA_FLAG,No,,,No,,,Yes,NRSA 2324 Water Chemistry,QA flag assigned by lab: Chlorophyll a,2023–2024 only,Not comparable across cycles
Water Chemistry,CHLA_RESULT,No,,,Yes,NRSA 1819 Water Chemistry and Chlorophyll-a,Analyte value: chlorophyll-a,Yes,NRSA 2324 Water Chemistry,Analyte value: chlorophyll-a,2018–2019 + 2023–2024,Same/equivalent EPA label across available cycles
Water Chemistry,CHLA_RL,No,,,Yes,NRSA 1819 Water Chemistry and Chlorophyll-a,Method Reporting Limit: Chlorophyll a,Yes,NRSA 2324 Water Chemistry,Method Reporting Limit: Chlorophyll a,2018–2019 + 2023–2024,Same/equivalent EPA label across available cycles
Water Chemistry,CHLA_UNITS,No,,,Yes,NRSA 1819 Water Chemistry and Chlorophyll-a,Units - Chlorophyll-a as ug/L in water sample,Yes,NRSA 2324 Water Chemistry,Units - Chlorophyll-a as ug/L in water sample,2018–2019 + 2023–2024,Same/equivalent EPA label across available cycles
Water Chemistry,CHLA_VOLUME_ADJUST,No,,,No,,,Yes,NRSA 2324 Water Chemistry,--,2023–2024 only,Not comparable across cycles
Water Chemistry,CHLA_VOLUME_FILTERED,No,,,Yes,NRSA 1819 Water Chemistry and Chlorophyll-a,Volume filtered for chlorophyll-a sample,Yes,NRSA 2324 Water Chemistry,Volume filtered for chlorophyll-a sample,2018–2019 + 2023–2024,Same/equivalent EPA label across available cycles
Water Chemistry,CHLORIDE_BATCH_ID,No,,,Yes,NRSA 1819 Water Chemistry and Chlorophyll-a,Laboratory Batch ID for Chloride,Yes,NRSA 2324 Water Chemistry,Laboratory Batch ID for Chloride,2018–2019 + 2023–2024,Same/equivalent EPA label across available cycles
Water Chemistry,CHLORIDE_DATE_ANALYZED,Yes,NRSA 1314 Water Chemistry,Chloride ion for NA,Yes,NRSA 1819 Water Chemistry and Chlorophyll-a,Date sample analyzed for analyte: chloride,Yes,NRSA 2324 Water Chemistry,Date sample analyzed for analyte: chloride,All three cycles,EPA label differs and/or is blank across cycles
Water Chemistry,CHLORIDE_DATE_FILTERED,Yes,NRSA 1314 Water Chemistry,Chloride ion for NA,No,,,No,,,2013–2014 only,Not comparable across cycles
Water Chemistry,CHLORIDE_DATE_PROCESSED,Yes,NRSA 1314 Water Chemistry,Chloride ion for NA,No,,,No,,,2013–2014 only,Not comparable across cycles
Water Chemistry,CHLORIDE_DATE_RECEIVED,Yes,NRSA 1314 Water Chemistry,Chloride ion for NA,No,,,No,,,2013–2014 only,Not comparable across cycles
Water Chemistry,CHLORIDE_DILUTION_FACTOR,No,,,Yes,NRSA 1819 Water Chemistry and Chlorophyll-a,Factor used to correct results based on dilution of sample by lab: Chloride,Yes,NRSA 2324 Water Chemistry,Factor used to correct results based on dilution of sample by lab: Chloride,2018–2019 + 2023–2024,Same/equivalent EPA label across available cycles
Water Chemistry,CHLORIDE_HOLDING_TIME,Yes,NRSA 1314 Water Chemistry,Chloride ion for NA,Yes,NRSA 1819 Water Chemistry and Chlorophyll-a,Time from sampling to analysis (days): chloride,Yes,NRSA 2324 Water Chemistry,Time from sampling to analysis (days): chloride,All three cycles,EPA label differs and/or is blank across cycles
Water Chemistry,CHLORIDE_LAB_SAMPLE_ID,Yes,NRSA 1314 Water Chemistry,Chloride ion for NA,No,,,No,,,2013–2014 only,Not comparable across cycles
Water Chemistry,CHLORIDE_LRL,Yes,NRSA 1314 Water Chemistry,Chloride ion for NA,No,,,No,,,2013–2014 only,Not comparable across cycles
Water Chemistry,CHLORIDE_MDL,Yes,NRSA 1314 Water Chemistry,Chloride ion for NA,Yes,NRSA 1819 Water Chemistry and Chlorophyll-a,Method detection limit of chloride,Yes,NRSA 2324 Water Chemistry,Method detection limit of chloride,All three cycles,EPA label differs and/or is blank across cycles
Water Chemistry,CHLORIDE_NARS_FLAG,Yes,NRSA 1314 Water Chemistry,Chloride ion for NA,Yes,NRSA 1819 Water Chemistry and Chlorophyll-a,NARS flag translated from QA flag by lab: Chloride,Yes,NRSA 2324 Water Chemistry,"NARS flag translated from QA flag by lab: Chloride. ND = Non-detect, L = Estimated, Q = Quality-related issue, S = Shipping time exceedence, H = Holding time exceedence, NR = No lab result for analyte",All three cycles,EPA label differs and/or is blank across cycles
Water Chemistry,CHLORIDE_QA_FLAG,Yes,NRSA 1314 Water Chemistry,Chloride ion for NA,Yes,NRSA 1819 Water Chemistry and Chlorophyll-a,QA flag assigned by lab: chloride,Yes,NRSA 2324 Water Chemistry,QA flag assigned by lab: chloride,All three cycles,EPA label differs and/or is blank across cycles
Water Chemistry,CHLORIDE_RESULT,Yes,NRSA 1314 Water Chemistry,Chloride ion for NA,Yes,NRSA 1819 Water Chemistry and Chlorophyll-a,Analyte value: chloride,Yes,NRSA 2324 Water Chemistry,Analyte value: chloride,All three cycles,EPA label differs and/or is blank across cycles
Water Chemistry,CHLORIDE_RL,Yes,NRSA 1314 Water Chemistry,Chloride ion for NA,Yes,NRSA 1819 Water Chemistry and Chlorophyll-a,Reporting limit of analyte: chloride,Yes,NRSA 2324 Water Chemistry,Reporting limit of analyte: chloride,All three cycles,EPA label differs and/or is blank across cycles
Water Chemistry,CHLORIDE_SAMPLE_ID,Yes,NRSA 1314 Water Chemistry,Chloride ion for NA,No,,,No,,,2013–2014 only,Not comparable across cycles
Water Chemistry,CHLORIDE_SHIP_FLAG,Yes,NRSA 1314 Water Chemistry,Chloride ion for NA,No,,,No,,,2013–2014 only,Not comparable across cycles
Water Chemistry,CHLORIDE_UNITS,No,,,Yes,NRSA 1819 Water Chemistry and Chlorophyll-a,Units of measurement: chloride,Yes,NRSA 2324 Water Chemistry,Units of measurement: chloride,2018–2019 + 2023–2024,Same/equivalent EPA label across available cycles
Water Chemistry,COLOR_BATCH_ID,No,,,Yes,NRSA 1819 Water Chemistry and Chlorophyll-a,Laboratory Batch ID for Color,Yes,NRSA 2324 Water Chemistry,Laboratory Batch ID for Color,2018–2019 + 2023–2024,Same/equivalent EPA label across available cycles
Water Chemistry,COLOR_DATE_ANALYZED,Yes,NRSA 1314 Water Chemistry,Color for NA,Yes,NRSA 1819 Water Chemistry and Chlorophyll-a,Date sample analyzed for analyte: color,Yes,NRSA 2324 Water Chemistry,Date sample analyzed for analyte: color,All three cycles,EPA label differs and/or is blank across cycles
Water Chemistry,COLOR_DATE_FILTERED,Yes,NRSA 1314 Water Chemistry,Color for NA,No,,,No,,,2013–2014 only,Not comparable across cycles
Water Chemistry,COLOR_DATE_PROCESSED,Yes,NRSA 1314 Water Chemistry,Color for NA,No,,,No,,,2013–2014 only,Not comparable across cycles
Water Chemistry,COLOR_DATE_RECEIVED,Yes,NRSA 1314 Water Chemistry,Color for NA,No,,,No,,,2013–2014 only,Not comparable across cycles
Water Chemistry,COLOR_DILUTION_FACTOR,No,,,No,,,Yes,NRSA 2324 Water Chemistry,Factor used to correct results based on dilution of sample by lab: Color,2023–2024 only,Not comparable across cycles
Water Chemistry,COLOR_HOLDING_TIME,Yes,NRSA 1314 Water Chemistry,Color for NA,Yes,NRSA 1819 Water Chemistry and Chlorophyll-a,Time from sampling to analysis (days): color,Yes,NRSA 2324 Water Chemistry,Time from sampling to analysis (days): color,All three cycles,EPA label differs and/or is blank across cycles
Water Chemistry,COLOR_LAB_SAMPLE_ID,Yes,NRSA 1314 Water Chemistry,Color for NA,No,,,No,,,2013–2014 only,Not comparable across cycles
Water Chemistry,COLOR_MDL,Yes,NRSA 1314 Water Chemistry,Color for NA,Yes,NRSA 1819 Water Chemistry and Chlorophyll-a,Method Detection Limit: Color,Yes,NRSA 2324 Water Chemistry,Method Detection Limit: Color,All three cycles,EPA label differs and/or is blank across cycles
Water Chemistry,COLOR_NARS_FLAG,Yes,NRSA 1314 Water Chemistry,Color for NA,Yes,NRSA 1819 Water Chemistry and Chlorophyll-a,NARS flag translated from QA flag by lab: Color,Yes,NRSA 2324 Water Chemistry,"NARS flag translated from QA flag by lab: Color. ND = Non-detect, L = Estimated, Q = Quality-related issue, S = Shipping time exceedence, H = Holding time exceedence, NR = No lab result for analyte",All three cycles,EPA label differs and/or is blank across cycles
Water Chemistry,COLOR_QA_FLAG,Yes,NRSA 1314 Water Chemistry,Color for NA,Yes,NRSA 1819 Water Chemistry and Chlorophyll-a,QA flag assigned by lab: color,Yes,NRSA 2324 Water Chemistry,QA flag assigned by lab: color,All three cycles,EPA label differs and/or is blank across cycles
Water Chemistry,COLOR_RESULT,Yes,NRSA 1314 Water Chemistry,Color for NA,Yes,NRSA 1819 Water Chemistry and Chlorophyll-a,Analyte value: color,Yes,NRSA 2324 Water Chemistry,Analyte value: color,All three cycles,EPA label differs and/or is blank across cycles
Water Chemistry,COLOR_RL,Yes,NRSA 1314 Water Chemistry,Color for NA,Yes,NRSA 1819 Water Chemistry and Chlorophyll-a,Method Reporting Limit: Color,Yes,NRSA 2324 Water Chemistry,Method Reporting Limit: Color,All three cycles,EPA label differs and/or is blank across cycles
Water Chemistry,COLOR_SAMPLE_ID,Yes,NRSA 1314 Water Chemistry,Color for NA,No,,,No,,,2013–2014 only,Not comparable across cycles
Water Chemistry,COLOR_SHIP_FLAG,Yes,NRSA 1314 Water Chemistry,Color for NA,No,,,No,,,2013–2014 only,Not comparable across cycles
Water Chemistry,COLOR_UNITS,No,,,Yes,NRSA 1819 Water Chemistry and Chlorophyll-a,Units of measurement: color,Yes,NRSA 2324 Water Chemistry,Units of measurement: color,2018–2019 + 2023–2024,Same/equivalent EPA label across available cycles
Water Chemistry,COND_BATCH_ID,No,,,Yes,NRSA 1819 Water Chemistry and Chlorophyll-a,Laboratory Batch ID for Conductivity,Yes,NRSA 2324 Water Chemistry,Laboratory Batch ID for Conductivity,2018–2019 + 2023–2024,Same/equivalent EPA label across available cycles
Water Chemistry,COND_DATE_ANALYZED,Yes,NRSA 1314 Water Chemistry,Conductivity for NA,Yes,NRSA 1819 Water Chemistry and Chlorophyll-a,Date sample analyzed for analyte: conductivity,Yes,NRSA 2324 Water Chemistry,Date sample analyzed for analyte: conductivity,All three cycles,EPA label differs and/or is blank across cycles
Water Chemistry,COND_DATE_FILTERED,Yes,NRSA 1314 Water Chemistry,Conductivity for NA,No,,,No,,,2013–2014 only,Not comparable across cycles
Water Chemistry,COND_DATE_PROCESSED,Yes,NRSA 1314 Water Chemistry,Conductivity for NA,No,,,No,,,2013–2014 only,Not comparable across cycles
Water Chemistry,COND_DATE_RECEIVED,Yes,NRSA 1314 Water Chemistry,Conductivity for NA,No,,,No,,,2013–2014 only,Not comparable across cycles
Water Chemistry,COND_HOLDING_TIME,Yes,NRSA 1314 Water Chemistry,Conductivity for NA,Yes,NRSA 1819 Water Chemistry and Chlorophyll-a,Time from sampling to analysis (days): conductivity,Yes,NRSA 2324 Water Chemistry,Time from sampling to analysis (days): conductivity,All three cycles,EPA label differs and/or is blank across cycles
Water Chemistry,COND_LAB_SAMPLE_ID,Yes,NRSA 1314 Water Chemistry,Conductivity for NA,No,,,No,,,2013–2014 only,Not comparable across cycles
Water Chemistry,COND_MDL,Yes,NRSA 1314 Water Chemistry,Conductivity for NA,Yes,NRSA 1819 Water Chemistry and Chlorophyll-a,Method Detection Limit: Conductivity,Yes,NRSA 2324 Water Chemistry,Method Detection Limit: Conductivity,All three cycles,EPA label differs and/or is blank across cycles
Water Chemistry,COND_NARS_FLAG,Yes,NRSA 1314 Water Chemistry,Conductivity for NA,Yes,NRSA 1819 Water Chemistry and Chlorophyll-a,NARS flag translated from QA flag by lab: Conductivity,Yes,NRSA 2324 Water Chemistry,"NARS flag translated from QA flag by lab: Conductivity. ND = Non-detect, L = Estimated, Q = Quality-related issue, S = Shipping time exceedence, H = Holding time exceedence, NR = No lab result for analyte",All three cycles,EPA label differs and/or is blank across cycles
Water Chemistry,COND_QA_FLAG,Yes,NRSA 1314 Water Chemistry,Conductivity for NA,Yes,NRSA 1819 Water Chemistry and Chlorophyll-a,QA flag assigned by lab: conductivity,Yes,NRSA 2324 Water Chemistry,QA flag assigned by lab: conductivity,All three cycles,EPA label differs and/or is blank across cycles
Water Chemistry,COND_RESULT,Yes,NRSA 1314 Water Chemistry,Conductivity for NA,Yes,NRSA 1819 Water Chemistry and Chlorophyll-a,Analyte value: conductivity,Yes,NRSA 2324 Water Chemistry,Analyte value: conductivity,All three cycles,EPA label differs and/or is blank across cycles
Water Chemistry,COND_RL,Yes,NRSA 1314 Water Chemistry,Conductivity for NA,Yes,NRSA 1819 Water Chemistry and Chlorophyll-a,Method Reporting Limit: Conductivity,Yes,NRSA 2324 Water Chemistry,Method Reporting Limit: Conductivity,All three cycles,EPA label differs and/or is blank across cycles
Water Chemistry,COND_SAMPLE_ID,Yes,NRSA 1314 Water Chemistry,Conductivity for NA,No,,,No,,,2013–2014 only,Not comparable across cycles
Water Chemistry,COND_SHIP_FLAG,Yes,NRSA 1314 Water Chemistry,Conductivity for NA,No,,,No,,,2013–2014 only,Not comparable across cycles
Water Chemistry,COND_UNITS,No,,,Yes,NRSA 1819 Water Chemistry and Chlorophyll-a,Units of measurement: conductivity,Yes,NRSA 2324 Water Chemistry,Units of measurement: conductivity,2018–2019 + 2023–2024,Same/equivalent EPA label across available cycles
Water Chemistry,DATE_COL,Yes,NRSA 1314 Water Chemistry Indicator Values,,Yes,NRSA 1819 Water Chemistry and Chlorophyll-a,Date collected,Yes,NRSA 2324 Water Chemistry,Date of data collection in field,All three cycles,EPA label differs and/or is blank across cycles
Water Chemistry,DOC,Yes,NRSA 1314 Water Chemistry Indicator Values,Dissolved Organic Carbon - MG/L,No,,,No,,,2013–2014 only,Not comparable across cycles
Water Chemistry,DOC_BATCH_ID,No,,,Yes,NRSA 1819 Water Chemistry and Chlorophyll-a,Laboratory Batch ID for Dissolved Organic Carbon,Yes,NRSA 2324 Water Chemistry,Laboratory Batch ID for Dissolved Organic Carbon,2018–2019 + 2023–2024,Same/equivalent EPA label across available cycles
Water Chemistry,DOC_DATE_ANALYZED,Yes,NRSA 1314 Water Chemistry,Dissolved Organic Carbon for NA,Yes,NRSA 1819 Water Chemistry and Chlorophyll-a,Date sample analyzed for analyte: dissolved organic carbon,Yes,NRSA 2324 Water Chemistry,Date sample analyzed for analyte: dissolved organic carbon,All three cycles,EPA label differs and/or is blank across cycles
Water Chemistry,DOC_DATE_FILTERED,Yes,NRSA 1314 Water Chemistry,Dissolved Organic Carbon for NA,No,,,No,,,2013–2014 only,Not comparable across cycles
Water Chemistry,DOC_DATE_PROCESSED,Yes,NRSA 1314 Water Chemistry,Dissolved Organic Carbon for NA,No,,,No,,,2013–2014 only,Not comparable across cycles
Water Chemistry,DOC_DATE_RECEIVED,Yes,NRSA 1314 Water Chemistry,Dissolved Organic Carbon for NA,No,,,No,,,2013–2014 only,Not comparable across cycles
Water Chemistry,DOC_DILUTION_FACTOR,No,,,Yes,NRSA 1819 Water Chemistry and Chlorophyll-a,Factor used to correct results based on dilution of sample by lab: Dissolved Organic Carbon,Yes,NRSA 2324 Water Chemistry,Factor used to correct results based on dilution of sample by lab: Dissolved Organic Carbon,2018–2019 + 2023–2024,Same/equivalent EPA label across available cycles
Water Chemistry,DOC_HOLDING_TIME,Yes,NRSA 1314 Water Chemistry,Dissolved Organic Carbon for NA,Yes,NRSA 1819 Water Chemistry and Chlorophyll-a,Time from sampling to analysis (days): dissolved organic carbon,Yes,NRSA 2324 Water Chemistry,Time from sampling to analysis (days): dissolved organic carbon,All three cycles,EPA label differs and/or is blank across cycles
Water Chemistry,DOC_LAB_SAMPLE_ID,Yes,NRSA 1314 Water Chemistry,Dissolved Organic Carbon for NA,No,,,No,,,2013–2014 only,Not comparable across cycles
Water Chemistry,DOC_LRL,Yes,NRSA 1314 Water Chemistry,Dissolved Organic Carbon for NA,No,,,No,,,2013–2014 only,Not comparable across cycles
Water Chemistry,DOC_MDL,Yes,NRSA 1314 Water Chemistry,Dissolved Organic Carbon for NA,Yes,NRSA 1819 Water Chemistry and Chlorophyll-a,Method detection limit of dissolved organic carbon,Yes,NRSA 2324 Water Chemistry,Method detection limit of dissolved organic carbon,All three cycles,EPA label differs and/or is blank across cycles
Water Chemistry,DOC_NARS_COMMENT,No,,,No,,,Yes,NRSA 2324 Water Chemistry,Comment to explain NARS_FLAG for dissolved organic carbon,2023–2024 only,Not comparable across cycles
Water Chemistry,DOC_NARS_FLAG,Yes,NRSA 1314 Water Chemistry,Dissolved Organic Carbon for NA,Yes,NRSA 1819 Water Chemistry and Chlorophyll-a,NARS flag translated from QA flag by lab: Dissolved Organic Carbon,Yes,NRSA 2324 Water Chemistry,"NARS flag translated from QA flag by lab: Dissolved Organic Carbon. ND = Non-detect, L = Estimated, Q = Quality-related issue, S = Shipping time exceedence, H = Holding time exceedence, NR = No lab result for analyte",All three cycles,EPA label differs and/or is blank across cycles
Water Chemistry,DOC_QA_FLAG,Yes,NRSA 1314 Water Chemistry,Dissolved Organic Carbon for NA,Yes,NRSA 1819 Water Chemistry and Chlorophyll-a,QA flag assigned by lab: dissolved organic carbon,Yes,NRSA 2324 Water Chemistry,QA flag assigned by lab: dissolved organic carbon,All three cycles,EPA label differs and/or is blank across cycles
Water Chemistry,DOC_RESULT,Yes,NRSA 1314 Water Chemistry,Dissolved Organic Carbon for NA,Yes,NRSA 1819 Water Chemistry and Chlorophyll-a,Analyte value: dissolved organic carbon,Yes,NRSA 2324 Water Chemistry,Analyte value: dissolved organic carbon,All three cycles,EPA label differs and/or is blank across cycles
Water Chemistry,DOC_RL,Yes,NRSA 1314 Water Chemistry,Dissolved Organic Carbon for NA,Yes,NRSA 1819 Water Chemistry and Chlorophyll-a,Method Reporting Limit: Dissolved Organic Carbon,Yes,NRSA 2324 Water Chemistry,Method Reporting Limit: Dissolved Organic Carbon,All three cycles,EPA label differs and/or is blank across cycles
Water Chemistry,DOC_SAMPLE_ID,Yes,NRSA 1314 Water Chemistry,Dissolved Organic Carbon for NA,No,,,No,,,2013–2014 only,Not comparable across cycles
Water Chemistry,DOC_SHIP_FLAG,Yes,NRSA 1314 Water Chemistry,Dissolved Organic Carbon for NA,No,,,No,,,2013–2014 only,Not comparable across cycles
Water Chemistry,DOC_UNITS,No,,,Yes,NRSA 1819 Water Chemistry and Chlorophyll-a,Units of measurement: dissolved organic carbon,Yes,NRSA 2324 Water Chemistry,Units of measurement: dissolved organic carbon,2018–2019 + 2023–2024,Same/equivalent EPA label across available cycles
Water Chemistry,EPA_REG,No,,,Yes,NRSA 1819 Water Chemistry and Chlorophyll-a,EPA Region,No,,,2018–2019 only,Not comparable across cycles
Water Chemistry,INDEX_VISIT,Yes,NRSA 1314 Water Chemistry Indicator Values,,No,,,No,,,2013–2014 only,Not comparable across cycles
Water Chemistry,LAB,No,,,Yes,NRSA 1819 Water Chemistry and Chlorophyll-a,Laboratory processing sample,Yes,NRSA 2324 Water Chemistry,Laboratory processing sample,2018–2019 + 2023–2024,Same/equivalent EPA label across available cycles
Water Chemistry,MAGNESIUM_BATCH_ID,No,,,Yes,NRSA 1819 Water Chemistry and Chlorophyll-a,Laboratory Batch ID for Magnesium,Yes,NRSA 2324 Water Chemistry,Laboratory Batch ID for Magnesium,2018–2019 + 2023–2024,Same/equivalent EPA label across available cycles
Water Chemistry,MAGNESIUM_DATE_ANALYZED,Yes,NRSA 1314 Water Chemistry,Magnesium for NA,Yes,NRSA 1819 Water Chemistry and Chlorophyll-a,Date sample analyzed for analyte: magnesium,Yes,NRSA 2324 Water Chemistry,Date sample analyzed for analyte: magnesium,All three cycles,EPA label differs and/or is blank across cycles
Water Chemistry,MAGNESIUM_DATE_FILTERED,Yes,NRSA 1314 Water Chemistry,Magnesium for NA,No,,,No,,,2013–2014 only,Not comparable across cycles
Water Chemistry,MAGNESIUM_DATE_PROCESSED,Yes,NRSA 1314 Water Chemistry,Magnesium for NA,No,,,No,,,2013–2014 only,Not comparable across cycles
Water Chemistry,MAGNESIUM_DATE_RECEIVED,Yes,NRSA 1314 Water Chemistry,Magnesium for NA,No,,,No,,,2013–2014 only,Not comparable across cycles
Water Chemistry,MAGNESIUM_DILUTION_FACTOR,No,,,Yes,NRSA 1819 Water Chemistry and Chlorophyll-a,Factor used to correct results based on dilution of sample by lab: Magnesium,Yes,NRSA 2324 Water Chemistry,Factor used to correct results based on dilution of sample by lab: Magnesium,2018–2019 + 2023–2024,Same/equivalent EPA label across available cycles
Water Chemistry,MAGNESIUM_HOLDING_TIME,Yes,NRSA 1314 Water Chemistry,Magnesium for NA,Yes,NRSA 1819 Water Chemistry and Chlorophyll-a,Time from sampling to analysis (days): magnesium,Yes,NRSA 2324 Water Chemistry,Time from sampling to analysis (days): magnesium,All three cycles,EPA label differs and/or is blank across cycles
Water Chemistry,MAGNESIUM_LAB_SAMPLE_ID,Yes,NRSA 1314 Water Chemistry,Magnesium for NA,No,,,No,,,2013–2014 only,Not comparable across cycles
Water Chemistry,MAGNESIUM_MDL,Yes,NRSA 1314 Water Chemistry,Magnesium for NA,Yes,NRSA 1819 Water Chemistry and Chlorophyll-a,Method detection limit of magnesium,Yes,NRSA 2324 Water Chemistry,Method detection limit of magnesium,All three cycles,EPA label differs and/or is blank across cycles
Water Chemistry,MAGNESIUM_NARS_FLAG,Yes,NRSA 1314 Water Chemistry,Magnesium for NA,Yes,NRSA 1819 Water Chemistry and Chlorophyll-a,NARS flag translated from QA flag by lab: Magnesium,Yes,NRSA 2324 Water Chemistry,"NARS flag translated from QA flag by lab: Magnesium. ND = Non-detect, L = Estimated, Q = Quality-related issue, S = Shipping time exceedence, H = Holding time exceedence, NR = No lab result for analyte",All three cycles,EPA label differs and/or is blank across cycles
Water Chemistry,MAGNESIUM_QA_FLAG,Yes,NRSA 1314 Water Chemistry,Magnesium for NA,Yes,NRSA 1819 Water Chemistry and Chlorophyll-a,QA flag assigned by lab: magnesium,Yes,NRSA 2324 Water Chemistry,QA flag assigned by lab: magnesium,All three cycles,EPA label differs and/or is blank across cycles
Water Chemistry,MAGNESIUM_RESULT,Yes,NRSA 1314 Water Chemistry,Magnesium for NA,Yes,NRSA 1819 Water Chemistry and Chlorophyll-a,Analyte value: magnesium,Yes,NRSA 2324 Water Chemistry,Analyte value: magnesium,All three cycles,EPA label differs and/or is blank across cycles
Water Chemistry,MAGNESIUM_RL,Yes,NRSA 1314 Water Chemistry,Magnesium for NA,Yes,NRSA 1819 Water Chemistry and Chlorophyll-a,Method Reporting Limit: Magnesium,Yes,NRSA 2324 Water Chemistry,Method Reporting Limit: Magnesium,All three cycles,EPA label differs and/or is blank across cycles
Water Chemistry,MAGNESIUM_SAMPLE_ID,Yes,NRSA 1314 Water Chemistry,Magnesium for NA,No,,,No,,,2013–2014 only,Not comparable across cycles
Water Chemistry,MAGNESIUM_SHIP_FLAG,Yes,NRSA 1314 Water Chemistry,Magnesium for NA,No,,,No,,,2013–2014 only,Not comparable across cycles
Water Chemistry,MAGNESIUM_UNITS,No,,,Yes,NRSA 1819 Water Chemistry and Chlorophyll-a,Units of measurement: magnesium,Yes,NRSA 2324 Water Chemistry,Units of measurement: magnesium,2018–2019 + 2023–2024,Same/equivalent EPA label across available cycles
Water Chemistry,MATRIX,No,,,Yes,NRSA 1819 Water Chemistry and Chlorophyll-a,Material used for analysis,Yes,NRSA 2324 Water Chemistry,"Type of sample (e.g., water, sediment, tissue)",2018–2019 + 2023–2024,EPA label differs and/or is blank across cycles
Water Chemistry,NITRATE_N_BATCH_ID,No,,,Yes,NRSA 1819 Water Chemistry and Chlorophyll-a,Laboratory Batch ID for Nitrate as N,Yes,NRSA 2324 Water Chemistry,Laboratory Batch ID for Nitrate as N,2018–2019 + 2023–2024,Same/equivalent EPA label across available cycles
Water Chemistry,NITRATE_N_DATE_ANALYZED,Yes,NRSA 1314 Water Chemistry,Nitrate as N for NA,Yes,NRSA 1819 Water Chemistry and Chlorophyll-a,Date sample analyzed for analyte: nitrate,Yes,NRSA 2324 Water Chemistry,Date sample analyzed for analyte: nitrate,All three cycles,EPA label differs and/or is blank across cycles
Water Chemistry,NITRATE_N_DATE_FILTERED,Yes,NRSA 1314 Water Chemistry,Nitrate as N for NA,No,,,No,,,2013–2014 only,Not comparable across cycles
Water Chemistry,NITRATE_N_DATE_PROCESSED,Yes,NRSA 1314 Water Chemistry,Nitrate as N for NA,No,,,No,,,2013–2014 only,Not comparable across cycles
Water Chemistry,NITRATE_N_DATE_RECEIVED,Yes,NRSA 1314 Water Chemistry,Nitrate as N for NA,No,,,No,,,2013–2014 only,Not comparable across cycles
Water Chemistry,NITRATE_N_DILUTION_FACTOR,No,,,Yes,NRSA 1819 Water Chemistry and Chlorophyll-a,Factor used to correct results based on dilution of sample by lab: Nitrate as N,Yes,NRSA 2324 Water Chemistry,Factor used to correct results based on dilution of sample by lab: Nitrate as N,2018–2019 + 2023–2024,Same/equivalent EPA label across available cycles
Water Chemistry,NITRATE_N_HOLDING_TIME,Yes,NRSA 1314 Water Chemistry,Nitrate as N for NA,Yes,NRSA 1819 Water Chemistry and Chlorophyll-a,Time from sampling to analysis (days): nitrate,Yes,NRSA 2324 Water Chemistry,Time from sampling to analysis (days): nitrate,All three cycles,EPA label differs and/or is blank across cycles
Water Chemistry,NITRATE_N_LAB_SAMPLE_ID,Yes,NRSA 1314 Water Chemistry,Nitrate as N for NA,No,,,No,,,2013–2014 only,Not comparable across cycles
Water Chemistry,NITRATE_N_LRL,Yes,NRSA 1314 Water Chemistry,Nitrate as N for NA,No,,,No,,,2013–2014 only,Not comparable across cycles
Water Chemistry,NITRATE_N_MDL,Yes,NRSA 1314 Water Chemistry,Nitrate as N for NA,Yes,NRSA 1819 Water Chemistry and Chlorophyll-a,Method detection limit of nitrate,Yes,NRSA 2324 Water Chemistry,Method detection limit of nitrate,All three cycles,EPA label differs and/or is blank across cycles
Water Chemistry,NITRATE_N_NARS_FLAG,Yes,NRSA 1314 Water Chemistry,Nitrate as N for NA,Yes,NRSA 1819 Water Chemistry and Chlorophyll-a,NARS flag translated from QA flag by lab: Nitrate as N,Yes,NRSA 2324 Water Chemistry,"NARS flag translated from QA flag by lab: Nitrate as N. ND = Non-detect, L = Estimated, Q = Quality-related issue, S = Shipping time exceedence, H = Holding time exceedence, NR = No lab result for analyte",All three cycles,EPA label differs and/or is blank across cycles
Water Chemistry,NITRATE_N_QA_FLAG,Yes,NRSA 1314 Water Chemistry,Nitrate as N for NA,Yes,NRSA 1819 Water Chemistry and Chlorophyll-a,QA flag assigned by lab: nitrate,Yes,NRSA 2324 Water Chemistry,QA flag assigned by lab: nitrate,All three cycles,EPA label differs and/or is blank across cycles
Water Chemistry,NITRATE_N_RESULT,Yes,NRSA 1314 Water Chemistry,Nitrate as N for NA,Yes,NRSA 1819 Water Chemistry and Chlorophyll-a,Analyte value: nitrate,Yes,NRSA 2324 Water Chemistry,Analyte value: nitrate,All three cycles,EPA label differs and/or is blank across cycles
Water Chemistry,NITRATE_N_RL,Yes,NRSA 1314 Water Chemistry,Nitrate as N for NA,Yes,NRSA 1819 Water Chemistry and Chlorophyll-a,Reporting limit of nitrate,Yes,NRSA 2324 Water Chemistry,Reporting limit of nitrate,All three cycles,EPA label differs and/or is blank across cycles
Water Chemistry,NITRATE_N_SAMPLE_ID,Yes,NRSA 1314 Water Chemistry,Nitrate as N for NA,No,,,No,,,2013–2014 only,Not comparable across cycles
Water Chemistry,NITRATE_N_SHIP_FLAG,Yes,NRSA 1314 Water Chemistry,Nitrate as N for NA,No,,,No,,,2013–2014 only,Not comparable across cycles
Water Chemistry,NITRATE_N_UNITS,No,,,Yes,NRSA 1819 Water Chemistry and Chlorophyll-a,Units of measurement: nitrate,Yes,NRSA 2324 Water Chemistry,Units of measurement: nitrate,2018–2019 + 2023–2024,Same/equivalent EPA label across available cycles
Water Chemistry,NITRATE_NITRITE_N_BATCH_ID,No,,,Yes,NRSA 1819 Water Chemistry and Chlorophyll-a,Laboratory Batch ID for Nitrate+Nitrite as N,Yes,NRSA 2324 Water Chemistry,Laboratory Batch ID for Nitrate+Nitrite as N,2018–2019 + 2023–2024,Same/equivalent EPA label across available cycles
Water Chemistry,NITRATE_NITRITE_N_DATE_ANALYZED,Yes,NRSA 1314 Water Chemistry,Nitrate + Nitrite as N for NA,Yes,NRSA 1819 Water Chemistry and Chlorophyll-a,Date sample analyzed for analyte: Nitrate+Nitrite as N,Yes,NRSA 2324 Water Chemistry,Date sample analyzed for analyte: Nitrate+Nitrite as N,All three cycles,EPA label differs and/or is blank across cycles
Water Chemistry,NITRATE_NITRITE_N_DATE_FILTERED,Yes,NRSA 1314 Water Chemistry,Nitrate + Nitrite as N for NA,No,,,No,,,2013–2014 only,Not comparable across cycles
Water Chemistry,NITRATE_NITRITE_N_DATE_PROCESSED,Yes,NRSA 1314 Water Chemistry,Nitrate + Nitrite as N for NA,No,,,No,,,2013–2014 only,Not comparable across cycles
Water Chemistry,NITRATE_NITRITE_N_DATE_RECEIVED,Yes,NRSA 1314 Water Chemistry,Nitrate + Nitrite as N for NA,No,,,No,,,2013–2014 only,Not comparable across cycles
Water Chemistry,NITRATE_NITRITE_N_HOLDING_TIME,Yes,NRSA 1314 Water Chemistry,Nitrate + Nitrite as N for NA,Yes,NRSA 1819 Water Chemistry and Chlorophyll-a,Time from sampling to analysis (days): Nitrate+Nitrite as N,Yes,NRSA 2324 Water Chemistry,Time from sampling to analysis (days): Nitrate+Nitrite as N,All three cycles,EPA label differs and/or is blank across cycles
Water Chemistry,NITRATE_NITRITE_N_LAB_SAMPLE_ID,Yes,NRSA 1314 Water Chemistry,Nitrate + Nitrite as N for NA,No,,,No,,,2013–2014 only,Not comparable across cycles
Water Chemistry,NITRATE_NITRITE_N_MDL,Yes,NRSA 1314 Water Chemistry,Nitrate + Nitrite as N for NA,Yes,NRSA 1819 Water Chemistry and Chlorophyll-a,Method detection limit of nitrate-nitrite,Yes,NRSA 2324 Water Chemistry,Method detection limit of nitrate-nitrite,All three cycles,EPA label differs and/or is blank across cycles
Water Chemistry,NITRATE_NITRITE_N_NARS_FLAG,Yes,NRSA 1314 Water Chemistry,Nitrate + Nitrite as N for NA,Yes,NRSA 1819 Water Chemistry and Chlorophyll-a,Flag assigned by NARS: nitrate-nitrite,Yes,NRSA 2324 Water Chemistry,"Flag assigned by NARS: nitrate-nitrite. ND = Non-detect, L = Estimated, Q = Quality-related issue, S = Shipping time exceedence, H = Holding time exceedence, NR = No lab result for analyte",All three cycles,EPA label differs and/or is blank across cycles
Water Chemistry,NITRATE_NITRITE_N_QA_FLAG,Yes,NRSA 1314 Water Chemistry,Nitrate + Nitrite as N for NA,Yes,NRSA 1819 Water Chemistry and Chlorophyll-a,QA flag assigned by lab: Nitrate+Nitrite as N,Yes,NRSA 2324 Water Chemistry,QA flag assigned by lab: Nitrate+Nitrite as N,All three cycles,EPA label differs and/or is blank across cycles
Water Chemistry,NITRATE_NITRITE_N_RESULT,Yes,NRSA 1314 Water Chemistry,Nitrate + Nitrite as N for NA,Yes,NRSA 1819 Water Chemistry and Chlorophyll-a,Analyte value: nitrate-nitrite,Yes,NRSA 2324 Water Chemistry,Analyte value: nitrate-nitrite,All three cycles,EPA label differs and/or is blank across cycles
Water Chemistry,NITRATE_NITRITE_N_RL,Yes,NRSA 1314 Water Chemistry,Nitrate + Nitrite as N for NA,Yes,NRSA 1819 Water Chemistry and Chlorophyll-a,Method Reporting Limit: Nitrate+Nitrite as N,Yes,NRSA 2324 Water Chemistry,Method Reporting Limit: Nitrate+Nitrite as N,All three cycles,EPA label differs and/or is blank across cycles
Water Chemistry,NITRATE_NITRITE_N_SAMPLE_ID,Yes,NRSA 1314 Water Chemistry,Nitrate + Nitrite as N for NA,No,,,No,,,2013–2014 only,Not comparable across cycles
Water Chemistry,NITRATE_NITRITE_N_UNITS,No,,,Yes,NRSA 1819 Water Chemistry and Chlorophyll-a,Units of measurement: nitrate-nitrite,Yes,NRSA 2324 Water Chemistry,Units of measurement: nitrate-nitrite,2018–2019 + 2023–2024,Same/equivalent EPA label across available cycles
Water Chemistry,NITRITE_N_BATCH_ID,No,,,Yes,NRSA 1819 Water Chemistry and Chlorophyll-a,Laboratory Batch ID for Nitrite as N,Yes,NRSA 2324 Water Chemistry,Laboratory Batch ID for Nitrite as N,2018–2019 + 2023–2024,Same/equivalent EPA label across available cycles
Water Chemistry,NITRITE_N_DATE_ANALYZED,Yes,NRSA 1314 Water Chemistry,Nitrite as N for NA,Yes,NRSA 1819 Water Chemistry and Chlorophyll-a,Date sample analyzed for analyte: nitrite,Yes,NRSA 2324 Water Chemistry,Date sample analyzed for analyte: nitrite,All three cycles,EPA label differs and/or is blank across cycles
Water Chemistry,NITRITE_N_DILUTION_FACTOR,No,,,Yes,NRSA 1819 Water Chemistry and Chlorophyll-a,Factor used to correct results based on dilution of sample by lab: Nitrite as N,Yes,NRSA 2324 Water Chemistry,Factor used to correct results based on dilution of sample by lab: Nitrite as N,2018–2019 + 2023–2024,Same/equivalent EPA label across available cycles
Water Chemistry,NITRITE_N_HOLDING_TIME,Yes,NRSA 1314 Water Chemistry,Nitrite as N for NA,Yes,NRSA 1819 Water Chemistry and Chlorophyll-a,Time from sampling to analysis (days): nitrite,Yes,NRSA 2324 Water Chemistry,Time from sampling to analysis (days): nitrite,All three cycles,EPA label differs and/or is blank across cycles
Water Chemistry,NITRITE_N_LAB_SAMPLE_ID,Yes,NRSA 1314 Water Chemistry,Nitrite as N for NA,No,,,No,,,2013–2014 only,Not comparable across cycles
Water Chemistry,NITRITE_N_LRL,Yes,NRSA 1314 Water Chemistry,Nitrite as N for NA,No,,,No,,,2013–2014 only,Not comparable across cycles
Water Chemistry,NITRITE_N_MDL,Yes,NRSA 1314 Water Chemistry,Nitrite as N for NA,Yes,NRSA 1819 Water Chemistry and Chlorophyll-a,Method detection limit of nitrite,Yes,NRSA 2324 Water Chemistry,Method detection limit of nitrite,All three cycles,EPA label differs and/or is blank across cycles
Water Chemistry,NITRITE_N_NARS_FLAG,No,,,Yes,NRSA 1819 Water Chemistry and Chlorophyll-a,NARS flag translated from QA flag by lab: Nitrite as N,Yes,NRSA 2324 Water Chemistry,"NARS flag translated from QA flag by lab: Nitrite as N. ND = Non-detect, L = Estimated, Q = Quality-related issue, S = Shipping time exceedence, H = Holding time exceedence, NR = No lab result for analyte",2018–2019 + 2023–2024,EPA label differs and/or is blank across cycles
Water Chemistry,NITRITE_N_QA_FLAG,Yes,NRSA 1314 Water Chemistry,Nitrite as N for NA,Yes,NRSA 1819 Water Chemistry and Chlorophyll-a,QA flag assigned by lab: nitrite,Yes,NRSA 2324 Water Chemistry,QA flag assigned by lab: nitrite,All three cycles,EPA label differs and/or is blank across cycles
Water Chemistry,NITRITE_N_RESULT,Yes,NRSA 1314 Water Chemistry,Nitrite as N for NA,Yes,NRSA 1819 Water Chemistry and Chlorophyll-a,Analyte value: nitrite,Yes,NRSA 2324 Water Chemistry,Analyte value: nitrite,All three cycles,EPA label differs and/or is blank across cycles
Water Chemistry,NITRITE_N_RL,No,,,Yes,NRSA 1819 Water Chemistry and Chlorophyll-a,Method Reporting Limit: Nitrite as N,Yes,NRSA 2324 Water Chemistry,Method Reporting Limit: Nitrite as N,2018–2019 + 2023–2024,Same/equivalent EPA label across available cycles
Water Chemistry,NITRITE_N_SAMPLE_ID,Yes,NRSA 1314 Water Chemistry,Nitrite as N for NA,No,,,No,,,2013–2014 only,Not comparable across cycles
Water Chemistry,NITRITE_N_SHIP_FLAG,Yes,NRSA 1314 Water Chemistry,Nitrite as N for NA,No,,,No,,,2013–2014 only,Not comparable across cycles
Water Chemistry,NITRITE_N_UNITS,No,,,Yes,NRSA 1819 Water Chemistry and Chlorophyll-a,Units of measurement: nitrite,Yes,NRSA 2324 Water Chemistry,Units of measurement: nitrite,2018–2019 + 2023–2024,Same/equivalent EPA label across available cycles
Water Chemistry,NTL_BATCH_ID,No,,,Yes,NRSA 1819 Water Chemistry and Chlorophyll-a,Lab batch id - Total nitrogen,Yes,NRSA 2324 Water Chemistry,Lab batch id - Total nitrogen,2018–2019 + 2023–2024,Same/equivalent EPA label across available cycles
Water Chemistry,NTL_DATE_ANALYZED,Yes,NRSA 1314 Water Chemistry,Total Nitrogen for NA,Yes,NRSA 1819 Water Chemistry and Chlorophyll-a,Date of lab analysis - Total nitrogen,Yes,NRSA 2324 Water Chemistry,Date of lab analysis - Total nitrogen,All three cycles,EPA label differs and/or is blank across cycles
Water Chemistry,NTL_DATE_FILTERED,Yes,NRSA 1314 Water Chemistry,Total Nitrogen for NA,No,,,No,,,2013–2014 only,Not comparable across cycles
Water Chemistry,NTL_DATE_PROCESSED,Yes,NRSA 1314 Water Chemistry,Total Nitrogen for NA,No,,,No,,,2013–2014 only,Not comparable across cycles
Water Chemistry,NTL_DATE_RECEIVED,Yes,NRSA 1314 Water Chemistry,Total Nitrogen for NA,No,,,No,,,2013–2014 only,Not comparable across cycles
Water Chemistry,NTL_DILUTION_FACTOR,No,,,No,,,Yes,NRSA 2324 Water Chemistry,Factor used to correct results based on dilution of sample by lab: Total nitrogen,2023–2024 only,Not comparable across cycles
Water Chemistry,NTL_DISS_BATCH_ID,No,,,Yes,NRSA 1819 Water Chemistry and Chlorophyll-a,Laboratory Batch ID for Dissolved Total Nitrogen,No,,,2018–2019 only,Not comparable across cycles
Water Chemistry,NTL_DISS_DATE_ANALYZED,No,,,Yes,NRSA 1819 Water Chemistry and Chlorophyll-a,Date sample analyzed for analyte: Dissolved Total Nitrogen,No,,,2018–2019 only,Not comparable across cycles
Water Chemistry,NTL_DISS_HOLDING_TIME,No,,,Yes,NRSA 1819 Water Chemistry and Chlorophyll-a,Time from sampling to analysis (days): Dissolved Total Nitrogen,No,,,2018–2019 only,Not comparable across cycles
Water Chemistry,NTL_DISS_MDL,No,,,Yes,NRSA 1819 Water Chemistry and Chlorophyll-a,Method Detection Limit: Dissolved Total Nitrogen,No,,,2018–2019 only,Not comparable across cycles
Water Chemistry,NTL_DISS_NARS_FLAG,No,,,Yes,NRSA 1819 Water Chemistry and Chlorophyll-a,NARS flag translated from QA flag by lab: Dissolved Total Nitrogen,No,,,2018–2019 only,Not comparable across cycles
Water Chemistry,NTL_DISS_QA_FLAG,No,,,Yes,NRSA 1819 Water Chemistry and Chlorophyll-a,QA flag assigned by lab: Dissolved Total Nitrogen,No,,,2018–2019 only,Not comparable across cycles
Water Chemistry,NTL_DISS_RESULT,No,,,Yes,NRSA 1819 Water Chemistry and Chlorophyll-a,Analyte value: Dissolved Total Nitrogen,No,,,2018–2019 only,Not comparable across cycles
Water Chemistry,NTL_DISS_UNITS,No,,,Yes,NRSA 1819 Water Chemistry and Chlorophyll-a,Units for Dissolved Total Nitrogen,No,,,2018–2019 only,Not comparable across cycles
Water Chemistry,NTL_HOLDING_TIME,Yes,NRSA 1314 Water Chemistry,Total Nitrogen for NA,Yes,NRSA 1819 Water Chemistry and Chlorophyll-a,Holding time (days) - Total nitrogen,Yes,NRSA 2324 Water Chemistry,Holding time (days) - Total nitrogen,All three cycles,EPA label differs and/or is blank across cycles
Water Chemistry,NTL_LAB_SAMPLE_ID,Yes,NRSA 1314 Water Chemistry,Total Nitrogen for NA,No,,,No,,,2013–2014 only,Not comparable across cycles
Water Chemistry,NTL_LRL,Yes,NRSA 1314 Water Chemistry,Total Nitrogen for NA,No,,,No,,,2013–2014 only,Not comparable across cycles
Water Chemistry,NTL_MDL,Yes,NRSA 1314 Water Chemistry,Total Nitrogen for NA,Yes,NRSA 1819 Water Chemistry and Chlorophyll-a,Method Detection Limit: Total Nitrogen,Yes,NRSA 2324 Water Chemistry,Method Detection Limit: Total Nitrogen,All three cycles,EPA label differs and/or is blank across cycles
Water Chemistry,NTL_NARS_FLAG,Yes,NRSA 1314 Water Chemistry,Total Nitrogen for NA,Yes,NRSA 1819 Water Chemistry and Chlorophyll-a,NARS flag translated from QA flag by lab: Total Nitrogen,Yes,NRSA 2324 Water Chemistry,"NARS flag translated from QA flag by lab: Total Nitrogen. ND = Non-detect, L = Estimated, Q = Quality-related issue, S = Shipping time exceedence, H = Holding time exceedence, NR = No lab result for analyte",All three cycles,EPA label differs and/or is blank across cycles
Water Chemistry,NTL_QA_FLAG,Yes,NRSA 1314 Water Chemistry,Total Nitrogen for NA,Yes,NRSA 1819 Water Chemistry and Chlorophyll-a,QA flag assigned by lab: Total Nitrogen,Yes,NRSA 2324 Water Chemistry,QA flag assigned by lab: Total Nitrogen,All three cycles,EPA label differs and/or is blank across cycles
Water Chemistry,NTL_RESULT,Yes,NRSA 1314 Water Chemistry,Total Nitrogen for NA,Yes,NRSA 1819 Water Chemistry and Chlorophyll-a,Total Nitrogen,Yes,NRSA 2324 Water Chemistry,Total Nitrogen,All three cycles,EPA label differs and/or is blank across cycles
Water Chemistry,NTL_RL,Yes,NRSA 1314 Water Chemistry,Total Nitrogen for NA,Yes,NRSA 1819 Water Chemistry and Chlorophyll-a,Method Reporting Limit: Total Nitrogen,Yes,NRSA 2324 Water Chemistry,Method Reporting Limit: Total Nitrogen,All three cycles,EPA label differs and/or is blank across cycles
Water Chemistry,NTL_SAMPLE_ID,Yes,NRSA 1314 Water Chemistry,Total Nitrogen for NA,No,,,No,,,2013–2014 only,Not comparable across cycles
Water Chemistry,NTL_SHIP_FLAG,Yes,NRSA 1314 Water Chemistry,Total Nitrogen for NA,No,,,No,,,2013–2014 only,Not comparable across cycles
Water Chemistry,NTL_UG_L,Yes,NRSA 1314 Water Chemistry Indicator Values,Total Nitrogen - UG N/L,No,,,No,,,2013–2014 only,Not comparable across cycles
Water Chemistry,NTL_UNITS,No,,,Yes,NRSA 1819 Water Chemistry and Chlorophyll-a,Units - Total nitrogen,Yes,NRSA 2324 Water Chemistry,Units - Total nitrogen,2018–2019 + 2023–2024,Same/equivalent EPA label across available cycles
Water Chemistry,PH,Yes,NRSA 1314 Water Chemistry Indicator Values,pH - STD. UNITS,No,,,No,,,2013–2014 only,Not comparable across cycles
Water Chemistry,PH_BATCH_ID,No,,,Yes,NRSA 1819 Water Chemistry and Chlorophyll-a,Laboratory Batch ID for pH,Yes,NRSA 2324 Water Chemistry,Laboratory Batch ID for pH,2018–2019 + 2023–2024,Same/equivalent EPA label across available cycles
Water Chemistry,PH_DATE_ANALYZED,Yes,NRSA 1314 Water Chemistry,pH for NA,Yes,NRSA 1819 Water Chemistry and Chlorophyll-a,Date sample analyzed for analyte: pH,Yes,NRSA 2324 Water Chemistry,Date sample analyzed for analyte: pH,All three cycles,EPA label differs and/or is blank across cycles
Water Chemistry,PH_DATE_FILTERED,Yes,NRSA 1314 Water Chemistry,pH for NA,No,,,No,,,2013–2014 only,Not comparable across cycles
Water Chemistry,PH_DATE_PROCESSED,Yes,NRSA 1314 Water Chemistry,pH for NA,No,,,No,,,2013–2014 only,Not comparable across cycles
Water Chemistry,PH_DATE_RECEIVED,Yes,NRSA 1314 Water Chemistry,pH for NA,No,,,No,,,2013–2014 only,Not comparable across cycles
Water Chemistry,PH_HOLDING_TIME,Yes,NRSA 1314 Water Chemistry,pH for NA,Yes,NRSA 1819 Water Chemistry and Chlorophyll-a,Time from sampling to analysis (days): pH,Yes,NRSA 2324 Water Chemistry,Time from sampling to analysis (days): pH,All three cycles,EPA label differs and/or is blank across cycles
Water Chemistry,PH_LAB_SAMPLE_ID,Yes,NRSA 1314 Water Chemistry,pH for NA,No,,,No,,,2013–2014 only,Not comparable across cycles
Water Chemistry,PH_MDL,Yes,NRSA 1314 Water Chemistry,pH for NA,No,,,No,,,2013–2014 only,Not comparable across cycles
Water Chemistry,PH_NARS_FLAG,Yes,NRSA 1314 Water Chemistry,pH for NA,Yes,NRSA 1819 Water Chemistry and Chlorophyll-a,NARS flag translated from QA flag by lab: pH,Yes,NRSA 2324 Water Chemistry,"NARS flag translated from QA flag by lab: pH. ND = Non-detect, L = Estimated, Q = Quality-related issue, S = Shipping time exceedence, H = Holding time exceedence, NR = No lab result for analyte",All three cycles,EPA label differs and/or is blank across cycles
Water Chemistry,PH_QA_FLAG,Yes,NRSA 1314 Water Chemistry,pH for NA,Yes,NRSA 1819 Water Chemistry and Chlorophyll-a,QA flag assigned by lab: pH,Yes,NRSA 2324 Water Chemistry,QA flag assigned by lab: pH,All three cycles,EPA label differs and/or is blank across cycles
Water Chemistry,PH_RESULT,Yes,NRSA 1314 Water Chemistry,pH for NA,Yes,NRSA 1819 Water Chemistry and Chlorophyll-a,Analyte value: pH,Yes,NRSA 2324 Water Chemistry,Analyte value: pH,All three cycles,EPA label differs and/or is blank across cycles
Water Chemistry,PH_RL,Yes,NRSA 1314 Water Chemistry,pH for NA,No,,,No,,,2013–2014 only,Not comparable across cycles
Water Chemistry,PH_SAMPLE_ID,Yes,NRSA 1314 Water Chemistry,pH for NA,No,,,No,,,2013–2014 only,Not comparable across cycles
Water Chemistry,PH_SHIP_FLAG,Yes,NRSA 1314 Water Chemistry,pH for NA,No,,,No,,,2013–2014 only,Not comparable across cycles
Water Chemistry,PH_UNITS,No,,,Yes,NRSA 1819 Water Chemistry and Chlorophyll-a,Units of measurement: pH,Yes,NRSA 2324 Water Chemistry,Units of measurement: pH,2018–2019 + 2023–2024,Same/equivalent EPA label across available cycles
Water Chemistry,PHEO_BATCH_ID,No,,,Yes,NRSA 1819 Water Chemistry and Chlorophyll-a,Laboratory Batch ID for Pheophytin,No,,,2018–2019 only,Not comparable across cycles
Water Chemistry,PHEO_DATE_ANALYZED,No,,,Yes,NRSA 1819 Water Chemistry and Chlorophyll-a,Date sample analyzed for analyte: Pheophytin,No,,,2018–2019 only,Not comparable across cycles
Water Chemistry,PHEO_HOLDING_TIME,No,,,Yes,NRSA 1819 Water Chemistry and Chlorophyll-a,Time from sampling to analysis (days): Pheophytin,No,,,2018–2019 only,Not comparable across cycles
Water Chemistry,PHEO_NARS_FLAG,No,,,Yes,NRSA 1819 Water Chemistry and Chlorophyll-a,NARS flag translated from QA flag by lab: Pheophytin,No,,,2018–2019 only,Not comparable across cycles
Water Chemistry,PHEO_RESULT,No,,,Yes,NRSA 1819 Water Chemistry and Chlorophyll-a,Analyte value: Pheophytin,No,,,2018–2019 only,Not comparable across cycles
Water Chemistry,PHEO_RL,No,,,Yes,NRSA 1819 Water Chemistry and Chlorophyll-a,Method Reporting Limit: Pheophytin,No,,,2018–2019 only,Not comparable across cycles
Water Chemistry,POTASSIUM_BATCH_ID,No,,,Yes,NRSA 1819 Water Chemistry and Chlorophyll-a,Laboratory Batch ID for Potassium,Yes,NRSA 2324 Water Chemistry,Laboratory Batch ID for Potassium,2018–2019 + 2023–2024,Same/equivalent EPA label across available cycles
Water Chemistry,POTASSIUM_DATE_ANALYZED,Yes,NRSA 1314 Water Chemistry,Potassium for NA,Yes,NRSA 1819 Water Chemistry and Chlorophyll-a,Date sample analyzed for analyte: potassium,Yes,NRSA 2324 Water Chemistry,Date sample analyzed for analyte: potassium,All three cycles,EPA label differs and/or is blank across cycles
Water Chemistry,POTASSIUM_DATE_FILTERED,Yes,NRSA 1314 Water Chemistry,Potassium for NA,No,,,No,,,2013–2014 only,Not comparable across cycles
Water Chemistry,POTASSIUM_DATE_PROCESSED,Yes,NRSA 1314 Water Chemistry,Potassium for NA,No,,,No,,,2013–2014 only,Not comparable across cycles
Water Chemistry,POTASSIUM_DATE_RECEIVED,Yes,NRSA 1314 Water Chemistry,Potassium for NA,No,,,No,,,2013–2014 only,Not comparable across cycles
Water Chemistry,POTASSIUM_DILUTION_FACTOR,No,,,Yes,NRSA 1819 Water Chemistry and Chlorophyll-a,Factor used to correct results based on dilution of sample by lab: Potassium,Yes,NRSA 2324 Water Chemistry,Factor used to correct results based on dilution of sample by lab: Potassium,2018–2019 + 2023–2024,Same/equivalent EPA label across available cycles
Water Chemistry,POTASSIUM_HOLDING_TIME,Yes,NRSA 1314 Water Chemistry,Potassium for NA,Yes,NRSA 1819 Water Chemistry and Chlorophyll-a,Time from sampling to analysis (days): potassium,Yes,NRSA 2324 Water Chemistry,Time from sampling to analysis (days): potassium,All three cycles,EPA label differs and/or is blank across cycles
Water Chemistry,POTASSIUM_LAB_SAMPLE_ID,Yes,NRSA 1314 Water Chemistry,Potassium for NA,No,,,No,,,2013–2014 only,Not comparable across cycles
Water Chemistry,POTASSIUM_MDL,Yes,NRSA 1314 Water Chemistry,Potassium for NA,Yes,NRSA 1819 Water Chemistry and Chlorophyll-a,Method detection limit of potassium,Yes,NRSA 2324 Water Chemistry,Method detection limit of potassium,All three cycles,EPA label differs and/or is blank across cycles
Water Chemistry,POTASSIUM_NARS_FLAG,Yes,NRSA 1314 Water Chemistry,Potassium for NA,Yes,NRSA 1819 Water Chemistry and Chlorophyll-a,NARS flag translated from QA flag by lab: Potassium,Yes,NRSA 2324 Water Chemistry,"NARS flag translated from QA flag by lab: Potassium. ND = Non-detect, L = Estimated, Q = Quality-related issue, S = Shipping time exceedence, H = Holding time exceedence, NR = No lab result for analyte",All three cycles,EPA label differs and/or is blank across cycles
Water Chemistry,POTASSIUM_QA_FLAG,Yes,NRSA 1314 Water Chemistry,Potassium for NA,Yes,NRSA 1819 Water Chemistry and Chlorophyll-a,QA flag assigned by lab: potassium,Yes,NRSA 2324 Water Chemistry,QA flag assigned by lab: potassium,All three cycles,EPA label differs and/or is blank across cycles
Water Chemistry,POTASSIUM_RESULT,Yes,NRSA 1314 Water Chemistry,Potassium for NA,Yes,NRSA 1819 Water Chemistry and Chlorophyll-a,Analyte value: potassium,Yes,NRSA 2324 Water Chemistry,Analyte value: potassium,All three cycles,EPA label differs and/or is blank across cycles
Water Chemistry,POTASSIUM_RL,Yes,NRSA 1314 Water Chemistry,Potassium for NA,Yes,NRSA 1819 Water Chemistry and Chlorophyll-a,Reporting limit of potassium,Yes,NRSA 2324 Water Chemistry,Reporting limit of potassium,All three cycles,EPA label differs and/or is blank across cycles
Water Chemistry,POTASSIUM_SAMPLE_ID,Yes,NRSA 1314 Water Chemistry,Potassium for NA,No,,,No,,,2013–2014 only,Not comparable across cycles
Water Chemistry,POTASSIUM_SHIP_FLAG,Yes,NRSA 1314 Water Chemistry,Potassium for NA,No,,,No,,,2013–2014 only,Not comparable across cycles
Water Chemistry,POTASSIUM_UNITS,No,,,Yes,NRSA 1819 Water Chemistry and Chlorophyll-a,Units of measurement: potassium,Yes,NRSA 2324 Water Chemistry,Units of measurement: potassium,2018–2019 + 2023–2024,Same/equivalent EPA label across available cycles
Water Chemistry,PSTL_CODE,No,,,No,,,Yes,NRSA 2324 Water Chemistry,"State two letter postal code for site sampled. 50 state postal codes plus AS, MP, GU, PR, VI for American Samoa, Commonwealth of Northern Marianas, Guam, Puerto Rico and Virgin Islands. No missing or \blank\"" values allowed.""",2023–2024 only,Not comparable across cycles
Water Chemistry,PTL,Yes,NRSA 1314 Water Chemistry Indicator Values,Total Phosphorus - UG/L,No,,,No,,,2013–2014 only,Not comparable across cycles
Water Chemistry,PTL_BATCH_ID,No,,,Yes,NRSA 1819 Water Chemistry and Chlorophyll-a,Lab batch id - Total phosphorus,Yes,NRSA 2324 Water Chemistry,Lab batch id - Total phosphorus,2018–2019 + 2023–2024,Same/equivalent EPA label across available cycles
Water Chemistry,PTL_DATE_ANALYZED,Yes,NRSA 1314 Water Chemistry,Total Phosphorus for NA,Yes,NRSA 1819 Water Chemistry and Chlorophyll-a,Date of lab analysis - Total phosphorus,Yes,NRSA 2324 Water Chemistry,Date of lab analysis - Total phosphorus,All three cycles,EPA label differs and/or is blank across cycles
Water Chemistry,PTL_DATE_FILTERED,Yes,NRSA 1314 Water Chemistry,Total Phosphorus for NA,No,,,No,,,2013–2014 only,Not comparable across cycles
Water Chemistry,PTL_DATE_PROCESSED,Yes,NRSA 1314 Water Chemistry,Total Phosphorus for NA,No,,,No,,,2013–2014 only,Not comparable across cycles
Water Chemistry,PTL_DATE_RECEIVED,Yes,NRSA 1314 Water Chemistry,Total Phosphorus for NA,No,,,No,,,2013–2014 only,Not comparable across cycles
Water Chemistry,PTL_DILUTION_FACTOR,No,,,No,,,Yes,NRSA 2324 Water Chemistry,Factor used to correct results based on dilution of sample by lab: Total Phosphorus,2023–2024 only,Not comparable across cycles
Water Chemistry,PTL_DISS_BATCH_ID,No,,,Yes,NRSA 1819 Water Chemistry and Chlorophyll-a,Laboratory Batch ID for Dissolved Total Phosphorus,No,,,2018–2019 only,Not comparable across cycles
Water Chemistry,PTL_DISS_DATE_ANALYZED,No,,,Yes,NRSA 1819 Water Chemistry and Chlorophyll-a,Date sample analyzed for analyte: Dissolved Total Phosphorus,No,,,2018–2019 only,Not comparable across cycles
Water Chemistry,PTL_DISS_HOLDING_TIME,No,,,Yes,NRSA 1819 Water Chemistry and Chlorophyll-a,Time from sampling to analysis (days): Dissolved Total Phosphorus,No,,,2018–2019 only,Not comparable across cycles
Water Chemistry,PTL_DISS_MDL,No,,,Yes,NRSA 1819 Water Chemistry and Chlorophyll-a,Method Detection Limit: Dissolved Total Phosphorus,No,,,2018–2019 only,Not comparable across cycles
Water Chemistry,PTL_DISS_NARS_FLAG,No,,,Yes,NRSA 1819 Water Chemistry and Chlorophyll-a,NARS flag translated from QA flag by lab: Dissolved Total Phosphorus,No,,,2018–2019 only,Not comparable across cycles
Water Chemistry,PTL_DISS_QA_FLAG,No,,,Yes,NRSA 1819 Water Chemistry and Chlorophyll-a,QA flag assigned by lab: Dissolved Total Phosphorus,No,,,2018–2019 only,Not comparable across cycles
Water Chemistry,PTL_DISS_RESULT,No,,,Yes,NRSA 1819 Water Chemistry and Chlorophyll-a,Analyte value: Dissolved Total Phosphorus,No,,,2018–2019 only,Not comparable across cycles
Water Chemistry,PTL_DISS_UNITS,No,,,Yes,NRSA 1819 Water Chemistry and Chlorophyll-a,Units for Dissolved Total Phosphorus,No,,,2018–2019 only,Not comparable across cycles
Water Chemistry,PTL_HOLDING_TIME,Yes,NRSA 1314 Water Chemistry,Total Phosphorus for NA,Yes,NRSA 1819 Water Chemistry and Chlorophyll-a,Holding time (days) - Total phosphorus,Yes,NRSA 2324 Water Chemistry,Holding time (days) - Total phosphorus,All three cycles,EPA label differs and/or is blank across cycles
Water Chemistry,PTL_LAB_SAMPLE_ID,Yes,NRSA 1314 Water Chemistry,Total Phosphorus for NA,No,,,No,,,2013–2014 only,Not comparable across cycles
Water Chemistry,PTL_LRL,Yes,NRSA 1314 Water Chemistry,Total Phosphorus for NA,No,,,No,,,2013–2014 only,Not comparable across cycles
Water Chemistry,PTL_MDL,Yes,NRSA 1314 Water Chemistry,Total Phosphorus for NA,Yes,NRSA 1819 Water Chemistry and Chlorophyll-a,Method Detection Limit: Total Phosphorus,Yes,NRSA 2324 Water Chemistry,Method Detection Limit: Total Phosphorus,All three cycles,EPA label differs and/or is blank across cycles
Water Chemistry,PTL_NARS_FLAG,Yes,NRSA 1314 Water Chemistry,Total Phosphorus for NA,Yes,NRSA 1819 Water Chemistry and Chlorophyll-a,NARS flag translated from QA flag by lab: Total Phosphorus,Yes,NRSA 2324 Water Chemistry,"NARS flag translated from QA flag by lab: Total Phosphorus. ND = Non-detect, L = Estimated, Q = Quality-related issue, S = Shipping time exceedence, H = Holding time exceedence, NR = No lab result for analyte",All three cycles,EPA label differs and/or is blank across cycles
Water Chemistry,PTL_QA_FLAG,Yes,NRSA 1314 Water Chemistry,Total Phosphorus for NA,Yes,NRSA 1819 Water Chemistry and Chlorophyll-a,QA flag assigned by lab: Total Phosphorus,Yes,NRSA 2324 Water Chemistry,QA flag assigned by lab: Total Phosphorus,All three cycles,EPA label differs and/or is blank across cycles
Water Chemistry,PTL_RESULT,Yes,NRSA 1314 Water Chemistry,Total Phosphorus for NA,Yes,NRSA 1819 Water Chemistry and Chlorophyll-a,Total Phosphorus,Yes,NRSA 2324 Water Chemistry,Total Phosphorus,All three cycles,EPA label differs and/or is blank across cycles
Water Chemistry,PTL_RL,Yes,NRSA 1314 Water Chemistry,Total Phosphorus for NA,Yes,NRSA 1819 Water Chemistry and Chlorophyll-a,Method Reporting Limit: Total Phosphorus,Yes,NRSA 2324 Water Chemistry,Method Reporting Limit: Total Phosphorus,All three cycles,EPA label differs and/or is blank across cycles
Water Chemistry,PTL_SAMPLE_ID,Yes,NRSA 1314 Water Chemistry,Total Phosphorus for NA,No,,,No,,,2013–2014 only,Not comparable across cycles
Water Chemistry,PTL_SHIP_FLAG,Yes,NRSA 1314 Water Chemistry,Total Phosphorus for NA,No,,,No,,,2013–2014 only,Not comparable across cycles
Water Chemistry,PTL_UNITS,No,,,Yes,NRSA 1819 Water Chemistry and Chlorophyll-a,Units - Total phosphorus,Yes,NRSA 2324 Water Chemistry,Units - Total phosphorus,2018–2019 + 2023–2024,Same/equivalent EPA label across available cycles
Water Chemistry,PUBLICATION_DATE,No,,,Yes,NRSA 1819 Water Chemistry and Chlorophyll-a,Date the dataset was published to the NARS site,Yes,NRSA 2324 Water Chemistry,Date of data file publication,2018–2019 + 2023–2024,EPA label differs and/or is blank across cycles
Water Chemistry,SAM_CODE,No,,,Yes,NRSA 1819 Water Chemistry and Chlorophyll-a,Sample code (Regular/Lab duplicate/Lab split),Yes,NRSA 2324 Water Chemistry,"Sample code (e.g., regular, lab duplicate, lab split)",2018–2019 + 2023–2024,EPA label differs and/or is blank across cycles
Water Chemistry,SILICA_BATCH_ID,No,,,Yes,NRSA 1819 Water Chemistry and Chlorophyll-a,Laboratory Batch ID for Silica,Yes,NRSA 2324 Water Chemistry,Laboratory Batch ID for Silica,2018–2019 + 2023–2024,Same/equivalent EPA label across available cycles
Water Chemistry,SILICA_DATE_ANALYZED,Yes,NRSA 1314 Water Chemistry,Silica for NA,Yes,NRSA 1819 Water Chemistry and Chlorophyll-a,Date sample analyzed for analyte: silica,Yes,NRSA 2324 Water Chemistry,Date sample analyzed for analyte: silica,All three cycles,EPA label differs and/or is blank across cycles
Water Chemistry,SILICA_DATE_FILTERED,Yes,NRSA 1314 Water Chemistry,Silica for NA,No,,,No,,,2013–2014 only,Not comparable across cycles
Water Chemistry,SILICA_DATE_PROCESSED,Yes,NRSA 1314 Water Chemistry,Silica for NA,No,,,No,,,2013–2014 only,Not comparable across cycles
Water Chemistry,SILICA_DATE_RECEIVED,Yes,NRSA 1314 Water Chemistry,Silica for NA,No,,,No,,,2013–2014 only,Not comparable across cycles
Water Chemistry,SILICA_DILUTION_FACTOR,No,,,No,,,Yes,NRSA 2324 Water Chemistry,Factor used to correct results based on dilution of sample by lab: Silica,2023–2024 only,Not comparable across cycles
Water Chemistry,SILICA_HOLDING_TIME,Yes,NRSA 1314 Water Chemistry,Silica for NA,Yes,NRSA 1819 Water Chemistry and Chlorophyll-a,Time from sampling to analysis (days): silica,Yes,NRSA 2324 Water Chemistry,Time from sampling to analysis (days): silica,All three cycles,EPA label differs and/or is blank across cycles
Water Chemistry,SILICA_LAB_SAMPLE_ID,Yes,NRSA 1314 Water Chemistry,Silica for NA,No,,,No,,,2013–2014 only,Not comparable across cycles
Water Chemistry,SILICA_MDL,Yes,NRSA 1314 Water Chemistry,Silica for NA,Yes,NRSA 1819 Water Chemistry and Chlorophyll-a,Method detection limit of silica,Yes,NRSA 2324 Water Chemistry,Method detection limit of silica,All three cycles,EPA label differs and/or is blank across cycles
Water Chemistry,SILICA_NARS_FLAG,Yes,NRSA 1314 Water Chemistry,Silica for NA,Yes,NRSA 1819 Water Chemistry and Chlorophyll-a,NARS flag translated from QA flag by lab: Silica,Yes,NRSA 2324 Water Chemistry,"NARS flag translated from QA flag by lab: Silica. ND = Non-detect, L = Estimated, Q = Quality-related issue, S = Shipping time exceedence, H = Holding time exceedence, NR = No lab result for analyte",All three cycles,EPA label differs and/or is blank across cycles
Water Chemistry,SILICA_QA_FLAG,Yes,NRSA 1314 Water Chemistry,Silica for NA,Yes,NRSA 1819 Water Chemistry and Chlorophyll-a,QA flag assigned by lab: silica,Yes,NRSA 2324 Water Chemistry,QA flag assigned by lab: silica,All three cycles,EPA label differs and/or is blank across cycles
Water Chemistry,SILICA_RESULT,Yes,NRSA 1314 Water Chemistry,Silica for NA,Yes,NRSA 1819 Water Chemistry and Chlorophyll-a,Analyte value: silica,Yes,NRSA 2324 Water Chemistry,Analyte value: silica,All three cycles,EPA label differs and/or is blank across cycles
Water Chemistry,SILICA_RL,Yes,NRSA 1314 Water Chemistry,Silica for NA,Yes,NRSA 1819 Water Chemistry and Chlorophyll-a,Method Reporting Limit: Silica,Yes,NRSA 2324 Water Chemistry,Method Reporting Limit: Silica,All three cycles,EPA label differs and/or is blank across cycles
Water Chemistry,SILICA_SAMPLE_ID,Yes,NRSA 1314 Water Chemistry,Silica for NA,No,,,No,,,2013–2014 only,Not comparable across cycles
Water Chemistry,SILICA_SHIP_FLAG,Yes,NRSA 1314 Water Chemistry,Silica for NA,No,,,No,,,2013–2014 only,Not comparable across cycles
Water Chemistry,SILICA_UNITS,No,,,Yes,NRSA 1819 Water Chemistry and Chlorophyll-a,Units of measurement: silica,Yes,NRSA 2324 Water Chemistry,Units of measurement: silica,2018–2019 + 2023–2024,Same/equivalent EPA label across available cycles
Water Chemistry,SITE_ID,Yes,NRSA 1314 Water Chemistry Indicator Values,,Yes,NRSA 1819 Water Chemistry and Chlorophyll-a,"Site ID for the study and year sampled. Preferred form is NRSnn_MM-xxxxx where nn is current cycle year (04, 08, 13, 18, etc), MM is two letter state code, and xxxxx is between 10001 and 99999. Text. No missing values allowed. | Identification code for site",Yes,NRSA 2324 Water Chemistry,"Site ID for the study and year sampled. Preferred form is NRSnn_MM-xxxxx where nn is current cycle year (04, 08, 13, 18, etc), MM is two letter state code, and xxxxx is between 10001 and 99999. No missing or \blank\"" values allowed.""",All three cycles,EPA label differs and/or is blank across cycles
Water Chemistry,SODIUM_BATCH_ID,No,,,Yes,NRSA 1819 Water Chemistry and Chlorophyll-a,Laboratory Batch ID for Sodium,Yes,NRSA 2324 Water Chemistry,Laboratory Batch ID for Sodium,2018–2019 + 2023–2024,Same/equivalent EPA label across available cycles
Water Chemistry,SODIUM_DATE_ANALYZED,Yes,NRSA 1314 Water Chemistry,Sodium for NA,Yes,NRSA 1819 Water Chemistry and Chlorophyll-a,Date sample analyzed for analyte: sodium,Yes,NRSA 2324 Water Chemistry,Date sample analyzed for analyte: sodium,All three cycles,EPA label differs and/or is blank across cycles
Water Chemistry,SODIUM_DATE_FILTERED,Yes,NRSA 1314 Water Chemistry,Sodium for NA,No,,,No,,,2013–2014 only,Not comparable across cycles
Water Chemistry,SODIUM_DATE_PROCESSED,Yes,NRSA 1314 Water Chemistry,Sodium for NA,No,,,No,,,2013–2014 only,Not comparable across cycles
Water Chemistry,SODIUM_DATE_RECEIVED,Yes,NRSA 1314 Water Chemistry,Sodium for NA,No,,,No,,,2013–2014 only,Not comparable across cycles
Water Chemistry,SODIUM_DILUTION_FACTOR,No,,,Yes,NRSA 1819 Water Chemistry and Chlorophyll-a,Factor used to correct results based on dilution of sample by lab: Sodium,Yes,NRSA 2324 Water Chemistry,Factor used to correct results based on dilution of sample by lab: Sodium,2018–2019 + 2023–2024,Same/equivalent EPA label across available cycles
Water Chemistry,SODIUM_HOLDING_TIME,Yes,NRSA 1314 Water Chemistry,Sodium for NA,Yes,NRSA 1819 Water Chemistry and Chlorophyll-a,Time from sampling to analysis (days): sodium,Yes,NRSA 2324 Water Chemistry,Time from sampling to analysis (days): sodium,All three cycles,EPA label differs and/or is blank across cycles
Water Chemistry,SODIUM_LAB_SAMPLE_ID,Yes,NRSA 1314 Water Chemistry,Sodium for NA,No,,,No,,,2013–2014 only,Not comparable across cycles
Water Chemistry,SODIUM_MDL,Yes,NRSA 1314 Water Chemistry,Sodium for NA,Yes,NRSA 1819 Water Chemistry and Chlorophyll-a,Method detection limit of sodium,Yes,NRSA 2324 Water Chemistry,Method detection limit of sodium,All three cycles,EPA label differs and/or is blank across cycles
Water Chemistry,SODIUM_NARS_FLAG,Yes,NRSA 1314 Water Chemistry,Sodium for NA,Yes,NRSA 1819 Water Chemistry and Chlorophyll-a,NARS flag translated from QA flag by lab: Sodium,Yes,NRSA 2324 Water Chemistry,"NARS flag translated from QA flag by lab: Sodium. ND = Non-detect, L = Estimated, Q = Quality-related issue, S = Shipping time exceedence, H = Holding time exceedence, NR = No lab result for analyte",All three cycles,EPA label differs and/or is blank across cycles
Water Chemistry,SODIUM_QA_FLAG,Yes,NRSA 1314 Water Chemistry,Sodium for NA,Yes,NRSA 1819 Water Chemistry and Chlorophyll-a,QA flag assigned by lab: sodium,Yes,NRSA 2324 Water Chemistry,QA flag assigned by lab: sodium,All three cycles,EPA label differs and/or is blank across cycles
Water Chemistry,SODIUM_RESULT,Yes,NRSA 1314 Water Chemistry,Sodium for NA,Yes,NRSA 1819 Water Chemistry and Chlorophyll-a,Analyte value: sodium,Yes,NRSA 2324 Water Chemistry,Analyte value: sodium,All three cycles,EPA label differs and/or is blank across cycles
Water Chemistry,SODIUM_RL,Yes,NRSA 1314 Water Chemistry,Sodium for NA,Yes,NRSA 1819 Water Chemistry and Chlorophyll-a,Method Reporting Limit: Sodium,Yes,NRSA 2324 Water Chemistry,Method Reporting Limit: Sodium,All three cycles,EPA label differs and/or is blank across cycles
Water Chemistry,SODIUM_SAMPLE_ID,Yes,NRSA 1314 Water Chemistry,Sodium for NA,No,,,No,,,2013–2014 only,Not comparable across cycles
Water Chemistry,SODIUM_SHIP_FLAG,Yes,NRSA 1314 Water Chemistry,Sodium for NA,No,,,No,,,2013–2014 only,Not comparable across cycles
Water Chemistry,SODIUM_UNITS,No,,,Yes,NRSA 1819 Water Chemistry and Chlorophyll-a,Units of measurement: sodium,Yes,NRSA 2324 Water Chemistry,Units of measurement: sodium,2018–2019 + 2023–2024,Same/equivalent EPA label across available cycles
Water Chemistry,STATE,No,,,Yes,NRSA 1819 Water Chemistry and Chlorophyll-a,State,No,,,2018–2019 only,Not comparable across cycles
Water Chemistry,SULFATE_BATCH_ID,No,,,Yes,NRSA 1819 Water Chemistry and Chlorophyll-a,Laboratory Batch ID for Sulfate,Yes,NRSA 2324 Water Chemistry,Laboratory Batch ID for Sulfate,2018–2019 + 2023–2024,Same/equivalent EPA label across available cycles
Water Chemistry,SULFATE_DATE_ANALYZED,Yes,NRSA 1314 Water Chemistry,Sulfate for NA,Yes,NRSA 1819 Water Chemistry and Chlorophyll-a,Date sample analyzed for analyte: sulfate,Yes,NRSA 2324 Water Chemistry,Date sample analyzed for analyte: sulfate,All three cycles,EPA label differs and/or is blank across cycles
Water Chemistry,SULFATE_DATE_FILTERED,Yes,NRSA 1314 Water Chemistry,Sulfate for NA,No,,,No,,,2013–2014 only,Not comparable across cycles
Water Chemistry,SULFATE_DATE_PROCESSED,Yes,NRSA 1314 Water Chemistry,Sulfate for NA,No,,,No,,,2013–2014 only,Not comparable across cycles
Water Chemistry,SULFATE_DATE_RECEIVED,Yes,NRSA 1314 Water Chemistry,Sulfate for NA,No,,,No,,,2013–2014 only,Not comparable across cycles
Water Chemistry,SULFATE_DILUTION_FACTOR,No,,,Yes,NRSA 1819 Water Chemistry and Chlorophyll-a,Factor used to correct results based on dilution of sample by lab: Sulfate,Yes,NRSA 2324 Water Chemistry,Factor used to correct results based on dilution of sample by lab: Sulfate,2018–2019 + 2023–2024,Same/equivalent EPA label across available cycles
Water Chemistry,SULFATE_HOLDING_TIME,Yes,NRSA 1314 Water Chemistry,Sulfate for NA,Yes,NRSA 1819 Water Chemistry and Chlorophyll-a,Time from sampling to analysis (days): sulfate,Yes,NRSA 2324 Water Chemistry,Time from sampling to analysis (days): sulfate,All three cycles,EPA label differs and/or is blank across cycles
Water Chemistry,SULFATE_LAB_SAMPLE_ID,Yes,NRSA 1314 Water Chemistry,Sulfate for NA,No,,,No,,,2013–2014 only,Not comparable across cycles
Water Chemistry,SULFATE_LRL,Yes,NRSA 1314 Water Chemistry,Sulfate for NA,No,,,No,,,2013–2014 only,Not comparable across cycles
Water Chemistry,SULFATE_MDL,Yes,NRSA 1314 Water Chemistry,Sulfate for NA,Yes,NRSA 1819 Water Chemistry and Chlorophyll-a,Method detection limit of sulfate,Yes,NRSA 2324 Water Chemistry,Method detection limit of sulfate,All three cycles,EPA label differs and/or is blank across cycles
Water Chemistry,SULFATE_NARS_FLAG,Yes,NRSA 1314 Water Chemistry,Sulfate for NA,Yes,NRSA 1819 Water Chemistry and Chlorophyll-a,NARS flag translated from QA flag by lab: Sulfate,Yes,NRSA 2324 Water Chemistry,"NARS flag translated from QA flag by lab: Sulfate. ND = Non-detect, L = Estimated, Q = Quality-related issue, S = Shipping time exceedence, H = Holding time exceedence, NR = No lab result for analyte",All three cycles,EPA label differs and/or is blank across cycles
Water Chemistry,SULFATE_QA_FLAG,Yes,NRSA 1314 Water Chemistry,Sulfate for NA,Yes,NRSA 1819 Water Chemistry and Chlorophyll-a,QA flag assigned by lab: sulfate,Yes,NRSA 2324 Water Chemistry,QA flag assigned by lab: sulfate,All three cycles,EPA label differs and/or is blank across cycles
Water Chemistry,SULFATE_RESULT,Yes,NRSA 1314 Water Chemistry,Sulfate for NA,Yes,NRSA 1819 Water Chemistry and Chlorophyll-a,Analyte value: sulfate,Yes,NRSA 2324 Water Chemistry,Analyte value: sulfate,All three cycles,EPA label differs and/or is blank across cycles
Water Chemistry,SULFATE_RL,Yes,NRSA 1314 Water Chemistry,Sulfate for NA,Yes,NRSA 1819 Water Chemistry and Chlorophyll-a,Method Reporting Limit: Sulfate,Yes,NRSA 2324 Water Chemistry,Method Reporting Limit: Sulfate,All three cycles,EPA label differs and/or is blank across cycles
Water Chemistry,SULFATE_SAMPLE_ID,Yes,NRSA 1314 Water Chemistry,Sulfate for NA,No,,,No,,,2013–2014 only,Not comparable across cycles
Water Chemistry,SULFATE_SHIP_FLAG,Yes,NRSA 1314 Water Chemistry,Sulfate for NA,No,,,No,,,2013–2014 only,Not comparable across cycles
Water Chemistry,SULFATE_UNITS,No,,,Yes,NRSA 1819 Water Chemistry and Chlorophyll-a,Units of measurement: sulfate,Yes,NRSA 2324 Water Chemistry,Units of measurement: sulfate,2018–2019 + 2023–2024,Same/equivalent EPA label across available cycles
Water Chemistry,TKN_BATCH_ID,No,,,Yes,NRSA 1819 Water Chemistry and Chlorophyll-a,Laboratory Batch ID for Total Kjeldahl Nitrogen,No,,,2018–2019 only,Not comparable across cycles
Water Chemistry,TKN_DATE_ANALYZED,No,,,Yes,NRSA 1819 Water Chemistry and Chlorophyll-a,Date sample analyzed for analyte: Total Kjeldahl Nitrogen,No,,,2018–2019 only,Not comparable across cycles
Water Chemistry,TKN_HOLDING_TIME,No,,,Yes,NRSA 1819 Water Chemistry and Chlorophyll-a,Time from sampling to analysis (days): Total Kjeldahl Nitrogen,No,,,2018–2019 only,Not comparable across cycles
Water Chemistry,TKN_MDL,No,,,Yes,NRSA 1819 Water Chemistry and Chlorophyll-a,Method Detection Limit: Total Kjeldahl Nitrogen,No,,,2018–2019 only,Not comparable across cycles
Water Chemistry,TKN_NARS_FLAG,No,,,Yes,NRSA 1819 Water Chemistry and Chlorophyll-a,NARS flag translated from QA flag by lab: Total Kjeldahl Nitrogen,No,,,2018–2019 only,Not comparable across cycles
Water Chemistry,TKN_QA_FLAG,No,,,Yes,NRSA 1819 Water Chemistry and Chlorophyll-a,QA flag assigned by lab: Total Kjeldahl Nitrogen,No,,,2018–2019 only,Not comparable across cycles
Water Chemistry,TKN_RESULT,No,,,Yes,NRSA 1819 Water Chemistry and Chlorophyll-a,Analyte value: Total Kjeldahl Nitrogen,No,,,2018–2019 only,Not comparable across cycles
Water Chemistry,TKN_RL,No,,,Yes,NRSA 1819 Water Chemistry and Chlorophyll-a,Method Reporting Limit: Total Kjeldahl Nitrogen,No,,,2018–2019 only,Not comparable across cycles
Water Chemistry,TKN_UNITS,No,,,Yes,NRSA 1819 Water Chemistry and Chlorophyll-a,Units for Total Kjeldahl Nitrogen,No,,,2018–2019 only,Not comparable across cycles
Water Chemistry,TSS_BATCH_ID,No,,,Yes,NRSA 1819 Water Chemistry and Chlorophyll-a,Laboratory Batch ID for Total Suspended Solids,Yes,NRSA 2324 Water Chemistry,Laboratory Batch ID for Total Suspended Solids,2018–2019 + 2023–2024,Same/equivalent EPA label across available cycles
Water Chemistry,TSS_DATE_ANALYZED,Yes,NRSA 1314 Water Chemistry,Total Suspended Solids for NA,Yes,NRSA 1819 Water Chemistry and Chlorophyll-a,Date sample analyzed for analyte: Total Suspended Solids,Yes,NRSA 2324 Water Chemistry,Date sample analyzed for analyte: Total Suspended Solids,All three cycles,EPA label differs and/or is blank across cycles
Water Chemistry,TSS_DATE_FILTERED,Yes,NRSA 1314 Water Chemistry,Total Suspended Solids for NA,No,,,No,,,2013–2014 only,Not comparable across cycles
Water Chemistry,TSS_DATE_PROCESSED,Yes,NRSA 1314 Water Chemistry,Total Suspended Solids for NA,No,,,No,,,2013–2014 only,Not comparable across cycles
Water Chemistry,TSS_DATE_RECEIVED,Yes,NRSA 1314 Water Chemistry,Total Suspended Solids for NA,No,,,No,,,2013–2014 only,Not comparable across cycles
Water Chemistry,TSS_HOLDING_TIME,Yes,NRSA 1314 Water Chemistry,Total Suspended Solids for NA,Yes,NRSA 1819 Water Chemistry and Chlorophyll-a,Time from sampling to analysis (days): Total Suspended Solids,Yes,NRSA 2324 Water Chemistry,Time from sampling to analysis (days): Total Suspended Solids,All three cycles,EPA label differs and/or is blank across cycles
Water Chemistry,TSS_LAB_SAMPLE_ID,Yes,NRSA 1314 Water Chemistry,Total Suspended Solids for NA,No,,,No,,,2013–2014 only,Not comparable across cycles
Water Chemistry,TSS_LRL,Yes,NRSA 1314 Water Chemistry,Total Suspended Solids for NA,No,,,No,,,2013–2014 only,Not comparable across cycles
Water Chemistry,TSS_MDL,Yes,NRSA 1314 Water Chemistry,Total Suspended Solids for NA,Yes,NRSA 1819 Water Chemistry and Chlorophyll-a,Method Detection Limit: Total Suspended Solids,Yes,NRSA 2324 Water Chemistry,Method Detection Limit: Total Suspended Solids,All three cycles,EPA label differs and/or is blank across cycles
Water Chemistry,TSS_NARS_FLAG,Yes,NRSA 1314 Water Chemistry,Total Suspended Solids for NA,Yes,NRSA 1819 Water Chemistry and Chlorophyll-a,NARS flag translated from QA flag by lab: Total Suspended Solids,Yes,NRSA 2324 Water Chemistry,"NARS flag translated from QA flag by lab: Total Suspended Solids. ND = Non-detect, L = Estimated, Q = Quality-related issue, S = Shipping time exceedence, H = Holding time exceedence, NR = No lab result for analyte",All three cycles,EPA label differs and/or is blank across cycles
Water Chemistry,TSS_QA_FLAG,Yes,NRSA 1314 Water Chemistry,Total Suspended Solids for NA,Yes,NRSA 1819 Water Chemistry and Chlorophyll-a,QA flag assigned by lab: Total Suspended Solids,Yes,NRSA 2324 Water Chemistry,QA flag assigned by lab: Total Suspended Solids,All three cycles,EPA label differs and/or is blank across cycles
Water Chemistry,TSS_RESULT,Yes,NRSA 1314 Water Chemistry,Total Suspended Solids for NA,Yes,NRSA 1819 Water Chemistry and Chlorophyll-a,Total Suspended Solids,Yes,NRSA 2324 Water Chemistry,Total Suspended Solids,All three cycles,EPA label differs and/or is blank across cycles
Water Chemistry,TSS_RL,Yes,NRSA 1314 Water Chemistry,Total Suspended Solids for NA,Yes,NRSA 1819 Water Chemistry and Chlorophyll-a,Method Reporting Limit: Total Suspended Solids,Yes,NRSA 2324 Water Chemistry,Method Reporting Limit: Total Suspended Solids,All three cycles,EPA label differs and/or is blank across cycles
Water Chemistry,TSS_SAMPLE_ID,Yes,NRSA 1314 Water Chemistry,Total Suspended Solids for NA,No,,,No,,,2013–2014 only,Not comparable across cycles
Water Chemistry,TSS_SHIP_FLAG,Yes,NRSA 1314 Water Chemistry,Total Suspended Solids for NA,No,,,No,,,2013–2014 only,Not comparable across cycles
Water Chemistry,TSS_UNITS,No,,,Yes,NRSA 1819 Water Chemistry and Chlorophyll-a,Units for Total Suspended Solids,Yes,NRSA 2324 Water Chemistry,Units for Total Suspended Solids,2018–2019 + 2023–2024,Same/equivalent EPA label across available cycles
Water Chemistry,TURB_BATCH_ID,No,,,Yes,NRSA 1819 Water Chemistry and Chlorophyll-a,Laboratory Batch ID for Turbidity,Yes,NRSA 2324 Water Chemistry,Laboratory Batch ID for Turbidity,2018–2019 + 2023–2024,Same/equivalent EPA label across available cycles
Water Chemistry,TURB_DATE_ANALYZED,Yes,NRSA 1314 Water Chemistry,Turbidity for NA,Yes,NRSA 1819 Water Chemistry and Chlorophyll-a,Date sample analyzed for analyte: turbidity,Yes,NRSA 2324 Water Chemistry,Date sample analyzed for analyte: turbidity,All three cycles,EPA label differs and/or is blank across cycles
Water Chemistry,TURB_DATE_FILTERED,Yes,NRSA 1314 Water Chemistry,Turbidity for NA,No,,,No,,,2013–2014 only,Not comparable across cycles
Water Chemistry,TURB_DATE_PROCESSED,Yes,NRSA 1314 Water Chemistry,Turbidity for NA,No,,,No,,,2013–2014 only,Not comparable across cycles
Water Chemistry,TURB_DATE_RECEIVED,Yes,NRSA 1314 Water Chemistry,Turbidity for NA,No,,,No,,,2013–2014 only,Not comparable across cycles
Water Chemistry,TURB_DILUTION_FACTOR,No,,,No,,,Yes,NRSA 2324 Water Chemistry,Factor used to correct results based on dilution of sample by lab: Turbidity,2023–2024 only,Not comparable across cycles
Water Chemistry,TURB_HOLDING_TIME,Yes,NRSA 1314 Water Chemistry,Turbidity for NA,Yes,NRSA 1819 Water Chemistry and Chlorophyll-a,Time from sampling to analysis (days): turbidity,Yes,NRSA 2324 Water Chemistry,Time from sampling to analysis (days): turbidity,All three cycles,EPA label differs and/or is blank across cycles
Water Chemistry,TURB_LAB_SAMPLE_ID,Yes,NRSA 1314 Water Chemistry,Turbidity for NA,No,,,No,,,2013–2014 only,Not comparable across cycles
Water Chemistry,TURB_MDL,Yes,NRSA 1314 Water Chemistry,Turbidity for NA,Yes,NRSA 1819 Water Chemistry and Chlorophyll-a,Method Detection Limit: Turbidity,Yes,NRSA 2324 Water Chemistry,Method Detection Limit: Turbidity,All three cycles,EPA label differs and/or is blank across cycles
Water Chemistry,TURB_NARS_FLAG,Yes,NRSA 1314 Water Chemistry,Turbidity for NA,Yes,NRSA 1819 Water Chemistry and Chlorophyll-a,NARS flag translated from QA flag by lab: Turbidity,Yes,NRSA 2324 Water Chemistry,"NARS flag translated from QA flag by lab: Turbidity. ND = Non-detect, L = Estimated, Q = Quality-related issue, S = Shipping time exceedence, H = Holding time exceedence, NR = No lab result for analyte",All three cycles,EPA label differs and/or is blank across cycles
Water Chemistry,TURB_QA_FLAG,Yes,NRSA 1314 Water Chemistry,Turbidity for NA,Yes,NRSA 1819 Water Chemistry and Chlorophyll-a,QA flag assigned by lab: turbidity,Yes,NRSA 2324 Water Chemistry,QA flag assigned by lab: turbidity,All three cycles,EPA label differs and/or is blank across cycles
Water Chemistry,TURB_RESULT,Yes,NRSA 1314 Water Chemistry,Turbidity for NA,Yes,NRSA 1819 Water Chemistry and Chlorophyll-a,Analyte value: turbidity,Yes,NRSA 2324 Water Chemistry,Analyte value: turbidity,All three cycles,EPA label differs and/or is blank across cycles
Water Chemistry,TURB_RL,Yes,NRSA 1314 Water Chemistry,Turbidity for NA,Yes,NRSA 1819 Water Chemistry and Chlorophyll-a,Method Reporting Limit: Turbidity,Yes,NRSA 2324 Water Chemistry,Method Reporting Limit: Turbidity,All three cycles,EPA label differs and/or is blank across cycles
Water Chemistry,TURB_SAMPLE_ID,Yes,NRSA 1314 Water Chemistry,Turbidity for NA,No,,,No,,,2013–2014 only,Not comparable across cycles
Water Chemistry,TURB_SHIP_FLAG,Yes,NRSA 1314 Water Chemistry,Turbidity for NA,No,,,No,,,2013–2014 only,Not comparable across cycles
Water Chemistry,TURB_UNITS,No,,,Yes,NRSA 1819 Water Chemistry and Chlorophyll-a,Units of measurement: turbidity,Yes,NRSA 2324 Water Chemistry,Units of measurement: turbidity,2018–2019 + 2023–2024,Same/equivalent EPA label across available cycles
Water Chemistry,UID,Yes,NRSA 1314 Water Chemistry Indicator Values,Unique site visit ID,Yes,NRSA 1819 Water Chemistry and Chlorophyll-a,Unique identifier for the site/visit,Yes,NRSA 2324 Water Chemistry,Unique site visit ID,All three cycles,EPA label differs and/or is blank across cycles
Water Chemistry,UNIQUE_ID,No,,,No,,,Yes,NRSA 2324 Water Chemistry,Unique site ID based on location that does not depend on year sampled or any other factor. Form is NRS_ss_nnnnn where ss state and nnnnn is number that starts at 10001. No missing values allowed.,2023–2024 only,Not comparable across cycles
Water Chemistry,VISIT_NO,Yes,NRSA 1314 Water Chemistry Indicator Values,,Yes,NRSA 1819 Water Chemistry and Chlorophyll-a,Sequential number of visit to site,Yes,NRSA 2324 Water Chemistry,Number identifying which visit this is,All three cycles,EPA label differs and/or is blank across cycles
Water Chemistry,WCHL_BATCH_ID,No,,,No,,,Yes,NRSA 2324 Water Chemistry,Lab batch id - Chlorophyll-a as ug/L in water sample,2023–2024 only,Not comparable across cycles
Water Chemistry,WCHL_DATE_RECEIVED,No,,,Yes,NRSA 1819 Water Chemistry and Chlorophyll-a,Water chlorophyll sample data received by laboratory,Yes,NRSA 2324 Water Chemistry,Date sample received by laboratory: Chlorophyll a,2018–2019 + 2023–2024,EPA label differs and/or is blank across cycles
Water Chemistry,WCHL_LAB_SAMPLE_ID,No,,,Yes,NRSA 1819 Water Chemistry and Chlorophyll-a,Water chlorophyll lab sample ID,Yes,NRSA 2324 Water Chemistry,Lab Sample ID: Chlorophyll a,2018–2019 + 2023–2024,EPA label differs and/or is blank across cycles
Water Chemistry,WCHL_NARS_FLAG,No,,,No,,,Yes,NRSA 2324 Water Chemistry,"NARS flag translated from QA flag by lab: Chlorophyll a. ND = Non-detect, L = Estimated, Q = Quality-related issue, S = Shipping time exceedence, H = Holding time exceedence, NR = No lab result for analyte",2023–2024 only,Not comparable across cycles
Water Chemistry,WCHL_NOT_COLLECTED,No,,,Yes,NRSA 1819 Water Chemistry and Chlorophyll-a,Water chlorophyll a sample not collected,No,,,2018–2019 only,Not comparable across cycles
Water Chemistry,WCHL_SAMPLE_ID,No,,,No,,,Yes,NRSA 2324 Water Chemistry,Sample identification number: Chlorophyll a,2023–2024 only,Not comparable across cycles
Water Chemistry,WCHL_SHIP_FLAG,No,,,No,,,Yes,NRSA 2324 Water Chemistry,Shipping flag associated with water chlorophyll,2023–2024 only,Not comparable across cycles
Water Chemistry,YEAR,Yes,NRSA 1314 Water Chemistry Indicator Values,,No,,,No,,,2013–2014 only,Not comparable across cycles
All / Key Variables,AG_ECO3_NM,Yes,NRSA 1314 Key Variables and Classification Categories,NARS 3-level reporting region Name,No,,,No,,,2013–2014 only,Not comparable across cycles
All / Key Variables,AG_ECO9_NM,Yes,NRSA 1314 Key Variables and Classification Categories,NARS 9-level reporting region Name,No,,,No,,,2013–2014 only,Not comparable across cycles
All / Key Variables,ANC,Yes,NRSA 1314 Key Variables and Classification Categories,Acid Neutralizing Capacity - MG N/L,No,,,No,,,2013–2014 only,Not comparable across cycles
All / Key Variables,ANC_COND,Yes,NRSA 1314 Key Variables and Classification Categories,Site condition class based on acidity,No,,,No,,,2013–2014 only,Not comparable across cycles
All / Key Variables,BEDSED_COND,Yes,NRSA 1314 Key Variables and Classification Categories,"Bed sediment condition, based on log relative bed stability (LRBS_use)",No,,,No,,,2013–2014 only,Not comparable across cycles
All / Key Variables,BENT_MMI_COND,Yes,NRSA 1314 Key Variables and Classification Categories,Condition class based on benthic MMI score,No,,,No,,,2013–2014 only,Not comparable across cycles
All / Key Variables,COND,Yes,NRSA 1314 Key Variables and Classification Categories,Conductivity - US/CM AT 25 C,No,,,No,,,2013–2014 only,Not comparable across cycles
All / Key Variables,DATE_COL,Yes,NRSA 1314 Key Variables and Classification Categories,Date of data collection in field,No,,,No,,,2013–2014 only,Not comparable across cycles
All / Key Variables,DOC,Yes,NRSA 1314 Key Variables and Classification Categories,Dissolved Organic Carbon - MG/L,No,,,No,,,2013–2014 only,Not comparable across cycles
All / Key Variables,ENT_1X_CCE_100ML,Yes,NRSA 1314 Key Variables and Classification Categories,"Estimated enterococci CCE / 100 mL of water sample volume from ORD analysis of undiluted DNA extracts and CCE / extract calculations from EPA Method 1609 calculation spreadsheet. CCE are based on 15:1 calibrator target sequence equivalent (CSE) to CCE ratio established for RWQC guideline values. CCE / extract was multiplied by 100 ÷ filtered sample volume to obtain final estimate /100 ml. ""QC fail"" denotes analysis results that did not meet Method 1609 control assay acceptance criteria.",No,,,No,,,2013–2014 only,Not comparable across cycles
All / Key Variables,ENT_1X_STV_COND,Yes,NRSA 1314 Key Variables and Classification Categories,Estimated enterococci CCE / 100 mL of water sample volume from ORD analyses of undiluted DNA extract and calculations from EPA Method 1609 calculation spreadsheet exceeds (1) or is less than (0) RWQC STV value of 1280 CCE/100 mL.,No,,,No,,,2013–2014 only,Not comparable across cycles
All / Key Variables,EPA_REG,Yes,NRSA 1314 Key Variables and Classification Categories,EPA Region,No,,,No,,,2013–2014 only,Not comparable across cycles
All / Key Variables,FISH_MMI_COND,Yes,NRSA 1314 Key Variables and Classification Categories,"Fish assemblage condition, based on regional Fish MMI.",No,,,No,,,2013–2014 only,Not comparable across cycles
All / Key Variables,FS_EW,Yes,NRSA 1314 Key Variables and Classification Categories,Eastern or western US Forest Service land,No,,,No,,,2013–2014 only,Not comparable across cycles
All / Key Variables,HG_COND,Yes,NRSA 1314 Key Variables and Classification Categories,Site condition class based on mercury concentration in fish tissue,No,,,No,,,2013–2014 only,Not comparable across cycles
All / Key Variables,INSTRMCVR_COND,Yes,NRSA 1314 Key Variables and Classification Categories,"Instream cover condition, based in log natural fish cover (L_XFC_NAT)",No,,,No,,,2013–2014 only,Not comparable across cycles
All / Key Variables,L_XCMGW,Yes,NRSA 1314 Key Variables and Classification Categories,Log10(XCMGW + 0.01,No,,,No,,,2013–2014 only,Not comparable across cycles
All / Key Variables,L_XFC_NAT,Yes,NRSA 1314 Key Variables and Classification Categories,Log10(XFC_NAT + 0.01),No,,,No,,,2013–2014 only,Not comparable across cycles
All / Key Variables,LAT_DD83,Yes,NRSA 1314 Key Variables and Classification Categories,Latitude (based on NAD83 datum) for stream site from NHD-based sample frame. | Latitude in decimal degrees NAD83,No,,,No,,,2013–2014 only,Not comparable across cycles
All / Key Variables,LON_DD83,Yes,NRSA 1314 Key Variables and Classification Categories,Longitude (based on NAD83 datum) for stream site from NHD-based sample frame. | Longitude in decimal degrees NAD83,No,,,No,,,2013–2014 only,Not comparable across cycles
All / Key Variables,LRBS_USE,Yes,NRSA 1314 Key Variables and Classification Categories,"Log relative bed stability to use in assessing BEDSED_COND, filled in from other variables as needed",No,,,No,,,2013–2014 only,Not comparable across cycles
All / Key Variables,MAJ_BAS_NM,Yes,NRSA 1314 Key Variables and Classification Categories,Major USGS Hydrologic Basins derived from NHDPlus Names,No,,,No,,,2013–2014 only,Not comparable across cycles
All / Key Variables,MERCURY_COMMENT,Yes,NRSA 1314 Key Variables and Classification Categories,Comment to indicate reason mercury data not used in assessment,No,,,No,,,2013–2014 only,Not comparable across cycles
All / Key Variables,MERCURY_DATA_FLAG,Yes,NRSA 1314 Key Variables and Classification Categories,Laboratory or OW flag of result for Mercury,No,,,No,,,2013–2014 only,Not comparable across cycles
All / Key Variables,MERCURY_FLAG,Yes,NRSA 1314 Key Variables and Classification Categories,NARS flag for analyte Mercury,No,,,No,,,2013–2014 only,Not comparable across cycles
All / Key Variables,MERCURY_MDL,Yes,NRSA 1314 Key Variables and Classification Categories,Minimum Detection Limit for Mercury in Fish Tissue - NG/G,No,,,No,,,2013–2014 only,Not comparable across cycles
All / Key Variables,MERCURY_RESULT,Yes,NRSA 1314 Key Variables and Classification Categories,Result for Mercury in Fish Tissue - NG/G,No,,,No,,,2013–2014 only,Not comparable across cycles
All / Key Variables,MERCURY_RL,Yes,NRSA 1314 Key Variables and Classification Categories,Reporting Limit for Mercury in Fish Tissue - NG/G,No,,,No,,,2013–2014 only,Not comparable across cycles
All / Key Variables,MICX_COND,Yes,NRSA 1314 Key Variables and Classification Categories,Microcystin condition class,No,,,No,,,2013–2014 only,Not comparable across cycles
All / Key Variables,MICX_FLAG,Yes,NRSA 1314 Key Variables and Classification Categories,NARS flag for analyte Microcystin,No,,,No,,,2013–2014 only,Not comparable across cycles
All / Key Variables,MICX_MDL,Yes,NRSA 1314 Key Variables and Classification Categories,Minimum Detection Limit for Microcystin - UG/L,No,,,No,,,2013–2014 only,Not comparable across cycles
All / Key Variables,MICX_RESULT,Yes,NRSA 1314 Key Variables and Classification Categories,Result for Microcystin - UG/L,No,,,No,,,2013–2014 only,Not comparable across cycles
All / Key Variables,MICX_RL,Yes,NRSA 1314 Key Variables and Classification Categories,Reporting Limit for Microcystin - UG/L,No,,,No,,,2013–2014 only,Not comparable across cycles
All / Key Variables,MISS_BASIN_NM,Yes,NRSA 1314 Key Variables and Classification Categories,Mississippi basin name,No,,,No,,,2013–2014 only,Not comparable across cycles
All / Key Variables,MMI_BENT,Yes,NRSA 1314 Key Variables and Classification Categories,Benthic MMI score,No,,,No,,,2013–2014 only,Not comparable across cycles
All / Key Variables,MMI_FISH,Yes,NRSA 1314 Key Variables and Classification Categories,Traditional MMI watershed adjusted value for MMI_FISH,No,,,No,,,2013–2014 only,Not comparable across cycles
All / Key Variables,NARS_OWN,Yes,NRSA 1314 Key Variables and Classification Categories,Land ownership category used by NARS,No,,,No,,,2013–2014 only,Not comparable across cycles
All / Key Variables,NRS13_EVAL,Yes,NRSA 1314 Key Variables and Classification Categories,NRSA 2013/14 site evaluation result.,No,,,No,,,2013–2014 only,Not comparable across cycles
All / Key Variables,NRS13_MDC,Yes,NRSA 1314 Key Variables and Classification Categories,Multi-density categories used in NRSA 2013/14 survey design within a stratum,No,,,No,,,2013–2014 only,Not comparable across cycles
All / Key Variables,NRS13_PNL,Yes,NRSA 1314 Key Variables and Classification Categories,NRSA 2013/14 Panel Assignment,No,,,No,,,2013–2014 only,Not comparable across cycles
All / Key Variables,NRS13_SF,Yes,NRSA 1314 Key Variables and Classification Categories,Lake included/excluded from NRSA 2013/14 survey design,No,,,No,,,2013–2014 only,Not comparable across cycles
All / Key Variables,NRS13_STRA,Yes,NRSA 1314 Key Variables and Classification Categories,Strata used in NRSA 2013/14 survey design,No,,,No,,,2013–2014 only,Not comparable across cycles
All / Key Variables,NRS13_TNT,Yes,NRSA 1314 Key Variables and Classification Categories,NRS 2013/14 target status assigned based on stream site evaluation for use in national assessments.,No,,,No,,,2013–2014 only,Not comparable across cycles
All / Key Variables,NRS13_URBN,Yes,NRSA 1314 Key Variables and Classification Categories,Stream site identified as an urban or non-urban stream. Source: https://www.census.gov/geo/maps-data/data/cbf/cbf_ua.html. Used 2015 Urban Areas cartographic boundaries shapefile,No,,,No,,,2013–2014 only,Not comparable across cycles
All / Key Variables,NRS13_VST,Yes,NRSA 1314 Key Variables and Classification Categories,Number of times NRSA 2013/14 site was actually sampled in 2013/14,No,,,No,,,2013–2014 only,Not comparable across cycles
All / Key Variables,NTL_COND,Yes,NRSA 1314 Key Variables and Classification Categories,Site condition class based on total nitrogen concentration,No,,,No,,,2013–2014 only,Not comparable across cycles
All / Key Variables,NTL_UG_L,Yes,NRSA 1314 Key Variables and Classification Categories,Total Nitrogen - UG N/L,No,,,No,,,2013–2014 only,Not comparable across cycles
All / Key Variables,OE_COND,Yes,NRSA 1314 Key Variables and Classification Categories,Condition class based on O/E score,No,,,No,,,2013–2014 only,Not comparable across cycles
All / Key Variables,OE_SCORE,Yes,NRSA 1314 Key Variables and Classification Categories,O/E score for benthic sample,No,,,No,,,2013–2014 only,Not comparable across cycles
All / Key Variables,PH,Yes,NRSA 1314 Key Variables and Classification Categories,pH - STD. UNITS | PH,No,,,No,,,2013–2014 only,Not comparable across cycles
All / Key Variables,PTL,Yes,NRSA 1314 Key Variables and Classification Categories,Total Phosphorus - UG/L,No,,,No,,,2013–2014 only,Not comparable across cycles
All / Key Variables,PTL_COND,Yes,NRSA 1314 Key Variables and Classification Categories,Site condition class based on total phosphorus concentration,No,,,No,,,2013–2014 only,Not comparable across cycles
All / Key Variables,PUBLICATION_DATE,Yes,NRSA 1314 Key Variables and Classification Categories,Date of data file publication,No,,,No,,,2013–2014 only,Not comparable across cycles
All / Key Variables,RIPDIST_COND,Yes,NRSA 1314 Key Variables and Classification Categories,"Riparian disturbance condition, based on W1_HALL",No,,,No,,,2013–2014 only,Not comparable across cycles
All / Key Variables,RIPVEG_COND,Yes,NRSA 1314 Key Variables and Classification Categories,"Riparian vegetation condition, based on L_XCMGW",No,,,No,,,2013–2014 only,Not comparable across cycles
All / Key Variables,SAL_COND,Yes,NRSA 1314 Key Variables and Classification Categories,Site condition class based on conductivity,No,,,No,,,2013–2014 only,Not comparable across cycles
All / Key Variables,SITE_ID,Yes,NRSA 1314 Key Variables and Classification Categories,Site ID | Unique Site ID assigned for NRSA13-14 | NRSA site id as used on sample label,No,,,No,,,2013–2014 only,Not comparable across cycles
All / Key Variables,STRAH_CAT,Yes,NRSA 1314 Key Variables and Classification Categories,Strahler category used to classify reaches. RiversMajor (5th and higher) RiversOther (5th and higher) LargeStreams (3rd and 4th) SmallStreams (1st and 2nd),No,,,No,,,2013–2014 only,Not comparable across cycles
All / Key Variables,UID,Yes,NRSA 1314 Key Variables and Classification Categories,Unique site visit ID,No,,,No,,,2013–2014 only,Not comparable across cycles
All / Key Variables,VISIT_NO,Yes,NRSA 1314 Key Variables and Classification Categories,Number identifying which visit this is,No,,,No,,,2013–2014 only,Not comparable across cycles
All / Key Variables,W1_HALL,Yes,NRSA 1314 Key Variables and Classification Categories,Human Disturbance Index(distance-wtd tally of types and presence used for condition | Human Disturbance Index(distance-wtd tally of types and presence,No,,,No,,,2013–2014 only,Not comparable across cycles
All / Key Variables,WGT_EXT_SP,Yes,NRSA 1314 Key Variables and Classification Categories,Length of sampled streams represented by site in km,No,,,No,,,2013–2014 only,Not comparable across cycles
All / Key Variables,XCOORD,Yes,NRSA 1314 Key Variables and Classification Categories,x-coordinate from US Contiguous Albers Equal Area Conic projection EXCEPT Hawaii sites which are calculated from Hawaii Albers Equal Area Conic projection,No,,,No,,,2013–2014 only,Not comparable across cycles
All / Key Variables,YCOORD,Yes,NRSA 1314 Key Variables and Classification Categories,y-coordinate from US Contiguous Albers Equal Area Conic projection EXCEPT Hawaii sites which are calculated from Hawaii Albers Equal Area Conic projection,No,,,No,,,2013–2014 only,Not comparable across cycles
All / Key Variables,YEAR,Yes,NRSA 1314 Key Variables and Classification Categories,Year of site visit.,No,,,No,,,2013–2014 only,Not comparable across cycles
Field Chemistry Measures,AG_ECO9_NM,Yes,NRSA 1314 Field Chemistry Measures,NARS 9-level reporting region Name,No,,,No,,,2013–2014 only,Not comparable across cycles
Field Chemistry Measures,CONDUCTIVITY,Yes,NRSA 1314 Field Chemistry Measures,Conductivity (uS/cm),No,,,No,,,2013–2014 only,Not comparable across cycles
Field Chemistry Measures,DATE_COL,Yes,NRSA 1314 Field Chemistry Measures,Date of data collection in field,Yes,NRSA 1819 Field Chemistry,Date collected,No,,,2013–2014 + 2018–2019,EPA label differs and/or is blank across cycles
Field Chemistry Measures,INDEX_VISIT,Yes,NRSA 1314 Field Chemistry Measures,Index visit Y/blank,No,,,No,,,2013–2014 only,Not comparable across cycles
Field Chemistry Measures,LAT_DD83,Yes,NRSA 1314 Field Chemistry Measures,Latitude in decimal degrees NAD83,No,,,No,,,2013–2014 only,Not comparable across cycles
Field Chemistry Measures,LOCATION,Yes,NRSA 1314 Field Chemistry Measures,Location of gps lat/long taken,No,,,No,,,2013–2014 only,Not comparable across cycles
Field Chemistry Measures,LON_DD83,Yes,NRSA 1314 Field Chemistry Measures,Longitude in decimal degrees NAD83,No,,,No,,,2013–2014 only,Not comparable across cycles
Field Chemistry Measures,PSTL_CODE,Yes,NRSA 1314 Field Chemistry Measures,State two-letter postal code,No,,,No,,,2013–2014 only,Not comparable across cycles
Field Chemistry Measures,PUBLICATION_DATE,Yes,NRSA 1314 Field Chemistry Measures,Date of data file publication,Yes,NRSA 1819 Field Chemistry,Date the dataset was published to the NARS site,No,,,2013–2014 + 2018–2019,EPA label differs and/or is blank across cycles
Field Chemistry Measures,RESULT,No,,,Yes,NRSA 1819 Field Chemistry,Value of associated parameter,No,,,2018–2019 only,Not comparable across cycles
Field Chemistry Measures,SAMPLE_TYPE,Yes,NRSA 1314 Field Chemistry Measures,Sample type,Yes,NRSA 1819 Field Chemistry,Code identifying sample type,No,,,2013–2014 + 2018–2019,EPA label differs and/or is blank across cycles
Field Chemistry Measures,SITE_ID,Yes,NRSA 1314 Field Chemistry Measures,Unique Site ID assigned for NRSA13-14,Yes,NRSA 1819 Field Chemistry,Identification code for site,No,,,2013–2014 + 2018–2019,EPA label differs and/or is blank across cycles
Field Chemistry Measures,SITETYPE,Yes,NRSA 1314 Field Chemistry Measures,Site type (Probability-based or hand-picked),No,,,No,,,2013–2014 only,Not comparable across cycles
Field Chemistry Measures,STATE,No,,,Yes,NRSA 1819 Field Chemistry,State,No,,,2018–2019 only,Not comparable across cycles
Field Chemistry Measures,TEMPERATURE,Yes,NRSA 1314 Field Chemistry Measures,Temperature (C),No,,,No,,,2013–2014 only,Not comparable across cycles
Field Chemistry Measures,UID,Yes,NRSA 1314 Field Chemistry Measures,Unique site visit ID,Yes,NRSA 1819 Field Chemistry,Unique identifier for the site/visit,No,,,2013–2014 + 2018–2019,EPA label differs and/or is blank across cycles
Field Chemistry Measures,VISIT_NO,Yes,NRSA 1314 Field Chemistry Measures,Number identifying which visit this is,Yes,NRSA 1819 Field Chemistry,Sequential number of visit to site,No,,,2013–2014 + 2018–2019,EPA label differs and/or is blank across cycles
Landscape Data,AG_ECO9,No,,,Yes,NRSA 1819 Landscape,"NARS 9-level reporting region, based on aggregated Omernik Level III ecoregions. No missing or \blank\"" values allowed.""",No,,,2018–2019 only,Not comparable across cycles
Landscape Data,AG2006HISLP_WS_PCTFULL,No,,,Yes,NRSA 1819 Landscape,Percent of area with data for Percentage of Agricultural Land (NLCD 2006) that lies on slopes greater than 20 degrees within the watershed (Ws).,No,,,2018–2019 only,Not comparable across cycles
Landscape Data,AG2006MIDSLP_WS_PCTFULL,No,,,Yes,NRSA 1819 Landscape,Percent of area with data for Percentage of Agricultural Land (NLCD 2006)that lies on slopes greater than 10 degrees within the watershed (Ws).,No,,,2018–2019 only,Not comparable across cycles
Landscape Data,AGKFFACT_WS_PCTFULL,No,,,Yes,NRSA 1819 Landscape,"Percent of area with data for Mean surface soil erodibility factors adjusted (KFFACT) on agricultural land (NLCD 2006), within the upstream watershed (Ws).",No,,,2018–2019 only,Not comparable across cycles
Landscape Data,AGKFFACTWS,No,,,Yes,NRSA 1819 Landscape,"Mean surface soil erodibility factors adjusted (KFFACT) on agricultural land (NLCD 2006), within the upstream watershed (Ws).",No,,,2018–2019 only,Not comparable across cycles
Landscape Data,AL2O3_WS_PCTFULL,No,,,Yes,NRSA 1819 Landscape,Percent of area with data for Mean of all Al2O3 values within the upstream watershed (Ws).,No,,,2018–2019 only,Not comparable across cycles
Landscape Data,AL2O3WS,No,,,Yes,NRSA 1819 Landscape,Mean of all Al2O3 values within the upstream watershed (Ws).,No,,,2018–2019 only,Not comparable across cycles
Landscape Data,AWCH_WS,Yes,NRSA 1314 Landscape Metrics,Mean high values of available water capacity of soils (fraction) at sampling point. From State Soil Geographic (STATSGO) Database.,No,,,No,,,2013–2014 only,Not comparable across cycles
Landscape Data,AWCH_WS_PCTFULL,No,,,Yes,NRSA 1819 Landscape,Percent of area with data for Mean high values of available water capacity of soils (fraction) within the upstream watershed (Ws). From State Soil Geographic (STATSGO) Database.,No,,,2018–2019 only,Not comparable across cycles
Landscape Data,AWCHWS,No,,,Yes,NRSA 1819 Landscape,Mean high values of available water capacity of soils (fraction) within the upstream watershed (Ws). From State Soil Geographic (STATSGO) Database.,No,,,2018–2019 only,Not comparable across cycles
Landscape Data,BDH_WS,Yes,NRSA 1314 Landscape Metrics,Mean high values of soil bulk density of soil types at the sampling point (grams per cubic centimeter) from State Soil Geographic (STATSGO) Database.,No,,,No,,,2013–2014 only,Not comparable across cycles
Landscape Data,BDH_WS_PCTFULL,No,,,Yes,NRSA 1819 Landscape,Percent of area with data for Mean high values of soil bulk density of soil types within the upstream watershed (Ws) (grams per cubic centimeter) from State Soil Geographic (STATSGO) Database.,No,,,2018–2019 only,Not comparable across cycles
Landscape Data,BDHWS,No,,,Yes,NRSA 1819 Landscape,Mean high values of soil bulk density of soil types within the upstream watershed (Ws) (grams per cubic centimeter) from State Soil Geographic (STATSGO) Database.,No,,,2018–2019 only,Not comparable across cycles
Landscape Data,BEDROCK_PERM_WS,Yes,NRSA 1314 Landscape Metrics,"Bedrock permeability, based on principal aquifer permeability classes. 1 is the lowest permeability, 7 is the highest. Floating point mean value of 7 permeability classes. (Based on National Atlas lithologic groups of principal aquifers. 1 is lowest permeability and 7 is the highest: 1 = Not a prinicpal aquifer, 2 = Sandstone, 3 = Semiconsolidated sand, 4 = Basalt and other volcanic rocks, 5 = Sandstone and carbonate rocks, 6 = Unconsolidated sand and gravel, 7 = Carbonate rock)",No,,,No,,,2013–2014 only,Not comparable across cycles
Landscape Data,BEDROCK_PERM_WS_PCTFULL,No,,,Yes,NRSA 1819 Landscape,"Percent of area with data for bedrock permeability, based on principal aquifer permeability classes.",No,,,2018–2019 only,Not comparable across cycles
Landscape Data,BFI_WS,Yes,NRSA 1314 Landscape Metrics,"Base Flow Index (BFI), The BFI is a ratio of base flow to total streamflow, expressed as a percentage and ranging from 0 to 100. Base flow is the sustained, slowly varying component of streamflow, usually attributed to ground-water discharge to a stream.",No,,,No,,,2013–2014 only,Not comparable across cycles
Landscape Data,BFI_WS_PCTFULL,No,,,Yes,NRSA 1819 Landscape,"Percent of area with data for Bfi is the ratio of base flow to total flow, expressed as a percentage. %, within the upstream watershed (Ws).",No,,,2018–2019 only,Not comparable across cycles
Landscape Data,BFIWS,No,,,Yes,NRSA 1819 Landscape,"Bfi is the ratio of base flow to total flow, expressed as a percentage. %, within the upstream watershed (Ws).",No,,,2018–2019 only,Not comparable across cycles
Landscape Data,CANALDENSITY_WS_PCTFULL,No,,,Yes,NRSA 1819 Landscape,"Percent of area with data for density of NHDPlus line features classified as canal, ditch, or pipeline within the upstream watershed (Ws).",No,,,2018–2019 only,Not comparable across cycles
Landscape Data,CANALDENSWS,No,,,Yes,NRSA 1819 Landscape,"Density of NHDPlus line features classified as canal, ditch, or pipeline within the upstream watershed (Ws).",No,,,2018–2019 only,Not comparable across cycles
Landscape Data,CAO_WS_PCTFULL,No,,,Yes,NRSA 1819 Landscape,Percent of area with data for Mean of all CaO values within the upstream watershed (Ws).,No,,,2018–2019 only,Not comparable across cycles
Landscape Data,CAOWS,No,,,Yes,NRSA 1819 Landscape,Mean of all CaO values within the upstream watershed (Ws).,No,,,2018–2019 only,Not comparable across cycles
Landscape Data,CAT_COMID,Yes,NRSA 1314 Landscape Metrics,NHDPlus COMID for the stream catchment,Yes,NRSA 1819 Landscape,"Catchment COMID that the site falls in, from NHDPlusV21.",No,,,2013–2014 + 2018–2019,EPA label differs and/or is blank across cycles
Landscape Data,CATAREASQKM,No,,,Yes,NRSA 1819 Landscape,Area in square kilometers of the sub-catchment created by accumulating from the survey site upstream within the NHDPlusV21 catchment.,No,,,2018–2019 only,Not comparable across cycles
Landscape Data,CATAREASQKMRP100,No,,,Yes,NRSA 1819 Landscape,Area in square kilometers within 100-m buffer of NHD stream lines (Rp100) of the sub-catchment created by accumulating from the survey site upstream within the NHDPlusV21 catchment.,No,,,2018–2019 only,Not comparable across cycles
Landscape Data,CBNF_WS_PCTFULL,No,,,Yes,NRSA 1819 Landscape,"Percent of area with data for Mean rate of biological nitrogen fixation from the cultivation of crops in kg N/ha/yr, within the upstream watershed (Ws).",No,,,2018–2019 only,Not comparable across cycles
Landscape Data,CBNFWS,No,,,Yes,NRSA 1819 Landscape,"Mean rate of biological nitrogen fixation from the cultivation of crops in kg N/ha/yr, within the upstream watershed (Ws).",No,,,2018–2019 only,Not comparable across cycles
Landscape Data,CLAY_WS_PCTFULL,No,,,Yes,NRSA 1819 Landscape,Percent of area with data for Mean of all clay values within the upstream watershed (Ws).,No,,,2018–2019 only,Not comparable across cycles
Landscape Data,CLAYWS,No,,,Yes,NRSA 1819 Landscape,Mean of all clay values within the upstream watershed (Ws).,No,,,2018–2019 only,Not comparable across cycles
Landscape Data,COALMINEDENSWS,No,,,Yes,NRSA 1819 Landscape,Density of georeferenced coal mine sites (USTRAT.shp) within the upstream watershed (Ws).,No,,,2018–2019 only,Not comparable across cycles
Landscape Data,COALMINES_WS_PCTFULL,No,,,Yes,NRSA 1819 Landscape,Percent of area with data for density of georeferenced coal mine sites (USTRAT.shp) within the upstream watershed (Ws).,No,,,2018–2019 only,Not comparable across cycles
Landscape Data,COMPSTRGTH_WS_PCTFULL,No,,,Yes,NRSA 1819 Landscape,Percent of area with data for Mean of all CompStrgth values within the upstream watershed (Ws).,No,,,2018–2019 only,Not comparable across cycles
Landscape Data,COMPSTRGTHWS,No,,,Yes,NRSA 1819 Landscape,Mean of all CompStrgth values within the upstream watershed (Ws).,No,,,2018–2019 only,Not comparable across cycles
Landscape Data,CROP_1KM_BUF,Yes,NRSA 1314 Landscape Metrics,Percent cropland use within 1 km buffer of point,No,,,No,,,2013–2014 only,Not comparable across cycles
Landscape Data,DAM_KM3WTD_200KM,Yes,NRSA 1314 Landscape Metrics,Maximum weighted reservoir volume (km3) within 200 km upstream,No,,,No,,,2013–2014 only,Not comparable across cycles
Landscape Data,DAMDENSWS,No,,,Yes,NRSA 1819 Landscape,Density of georeferenced dams within the upstream watershed (Ws).,No,,,2018–2019 only,Not comparable across cycles
Landscape Data,DAMNIDSTORWS,No,,,Yes,NRSA 1819 Landscape,Volume all reservoirs (NID_STORA in NID) per unit area of the upstream watershed (Ws).,No,,,2018–2019 only,Not comparable across cycles
Landscape Data,DAMNRMSTORWS,No,,,Yes,NRSA 1819 Landscape,Volume all reservoirs (NORM_STORA in NID) per unit area of the upstream watershed (Ws),No,,,2018–2019 only,Not comparable across cycles
Landscape Data,DAMS_WS_PCTFULL,No,,,Yes,NRSA 1819 Landscape,Percent of area with data for Density of georeferenced dams within the upstream watershed (Ws).,No,,,2018–2019 only,Not comparable across cycles
Landscape Data,DATE_COL,Yes,NRSA 1314 Landscape Metrics,Date of data collection in field,No,,,No,,,2013–2014 only,Not comparable across cycles
Landscape Data,DRAINAGEID,No,,,Yes,NRSA 1819 Landscape,"Hydreoregion of the Drainage Basin that the site falls in, from NHDPlusV21.",No,,,2018–2019 only,Not comparable across cycles
Landscape Data,ELEV_PT,Yes,NRSA 1314 Landscape Metrics,Elevation at gage location (meters) from 30m NHDPlusV2 which uses National Elevation Data (NED) snapshots from 2010 and 2011,Yes,NRSA 1819 Landscape,Elevation at site location (meters) from 30m NHDPlusV2 which uses National Elevation Data (NED) snapshots from 2010 and 2011,No,,,2013–2014 + 2018–2019,EPA label differs and/or is blank across cycles
Landscape Data,ELEV_WS,Yes,NRSA 1314 Landscape Metrics,Mean watershed elevation (meters) from 30m NHDPlusV2 which uses National Elevation Data (NED) snapshots from 2010 and 2011,No,,,No,,,2013–2014 only,Not comparable across cycles
Landscape Data,ELEV_WS_MAX,Yes,NRSA 1314 Landscape Metrics,Maximum watershed elevation (meters) from 30m NHDPlusV2 which uses National Elevation Data (NED) snapshots from 2010 and 2011,Yes,NRSA 1819 Landscape,Maximum of all elev_cm values within the upstream watershed (Ws) divided by 100 to convert cm to m.,No,,,2013–2014 + 2018–2019,EPA label differs and/or is blank across cycles
Landscape Data,ELEV_WS_MIN,Yes,NRSA 1314 Landscape Metrics,Minimum watershed elevation (meters) from 30m NHDPlusV2 which uses National Elevation Data (NED) snapshots from 2010 and 2011,Yes,NRSA 1819 Landscape,Minimum of all elev_cm values within the upstream watershed (Ws) divided by 100 to convert cm to m.,No,,,2013–2014 + 2018–2019,EPA label differs and/or is blank across cycles
Landscape Data,ELEV_WS_PCTFULL,No,,,Yes,NRSA 1819 Landscape,Percent of area with data for Mean of all elev_cm values within the upstream watershed (Ws) divided by 100 to convert cm to m.,No,,,2018–2019 only,Not comparable across cycles
Landscape Data,ELEVWS,No,,,Yes,NRSA 1819 Landscape,Mean of all elev_cm values within the upstream watershed (Ws) divided by 100 to convert cm to m.,No,,,2018–2019 only,Not comparable across cycles
Landscape Data,ET_WS,Yes,NRSA 1314 Landscape Metrics,"Mean-annual actual evapotranspiration (ET), estimated using regression equation of Sanford and Selnick (2013)",No,,,No,,,2013–2014 only,Not comparable across cycles
Landscape Data,ET_WS_PCTFULL,No,,,Yes,NRSA 1819 Landscape,"Percent of area with data for Mean-annual actual evapotranspiration (ET), estimated using regression equation of Sanford and Selnick (2013)",No,,,2018–2019 only,Not comparable across cycles
Landscape Data,ETWS,No,,,Yes,NRSA 1819 Landscape,"Mean-annual actual evapotranspiration (ET), estimated using regression equation of Sanford and Selnick (2013)",No,,,2018–2019 only,Not comparable across cycles
Landscape Data,FE2O3_WS_PCTFULL,No,,,Yes,NRSA 1819 Landscape,Percent of area with data for Mean of all Fe2O3 values within the upstream watershed (Ws).,No,,,2018–2019 only,Not comparable across cycles
Landscape Data,FE2O3WS,No,,,Yes,NRSA 1819 Landscape,Mean of all Fe2O3 values within the upstream watershed (Ws).,No,,,2018–2019 only,Not comparable across cycles
Landscape Data,FERT_WS_PCTFULL,No,,,Yes,NRSA 1819 Landscape,"Percent of area with data for Mean rate of synthetic nitrogen fertilizer application to agricultural land in kg N/ha/yr, within the upstream watershed (Ws).",No,,,2018–2019 only,Not comparable across cycles
Landscape Data,FERTWS,No,,,Yes,NRSA 1819 Landscape,"Mean rate of synthetic nitrogen fertilizer application to agricultural land in kg N/ha/yr, within the upstream watershed (Ws).",No,,,2018–2019 only,Not comparable across cycles
Landscape Data,FIRE2000_WS_PCTFULL,No,,,Yes,NRSA 1819 Landscape,Percent of area with data for % Forest loss to fire (fire perimeter) for 2000 within the upstream watershed (Ws).,No,,,2018–2019 only,Not comparable across cycles
Landscape Data,FIRE2000_WS_PCTFULLRP100,No,,,Yes,NRSA 1819 Landscape,Percent of area with data for % Forest loss to fire (fire perimeter) for year 2000 within the upstream watershed (Ws) and within 100-m buffer of NHD stream lines (Rp100).,No,,,2018–2019 only,Not comparable across cycles
Landscape Data,FIRE2001_WS_PCTFULL,No,,,Yes,NRSA 1819 Landscape,Percent of area with data for % Forest loss to fire (fire perimeter) for 2001 within the upstream watershed (Ws).,No,,,2018–2019 only,Not comparable across cycles
Landscape Data,FIRE2001_WS_PCTFULLRP100,No,,,Yes,NRSA 1819 Landscape,Percent of area with data for % Forest loss to fire (fire perimeter) for year 2001 within the upstream watershed (Ws) and within 100-m buffer of NHD stream lines (Rp100).,No,,,2018–2019 only,Not comparable across cycles
Landscape Data,FIRE2002_WS_PCTFULL,No,,,Yes,NRSA 1819 Landscape,Percent of area with data for % Forest loss to fire (fire perimeter) for 2002 within the upstream watershed (Ws).,No,,,2018–2019 only,Not comparable across cycles
Landscape Data,FIRE2002_WS_PCTFULLRP100,No,,,Yes,NRSA 1819 Landscape,Percent of area with data for % Forest loss to fire (fire perimeter) for year 2002 within the upstream watershed (Ws) and within 100-m buffer of NHD stream lines (Rp100).,No,,,2018–2019 only,Not comparable across cycles
Landscape Data,FIRE2003_WS_PCTFULL,No,,,Yes,NRSA 1819 Landscape,Percent of area with data for % Forest loss to fire (fire perimeter) for 2003 within the upstream watershed (Ws).,No,,,2018–2019 only,Not comparable across cycles
Landscape Data,FIRE2003_WS_PCTFULLRP100,No,,,Yes,NRSA 1819 Landscape,Percent of area with data for % Forest loss to fire (fire perimeter) for year 2003 within the upstream watershed (Ws) and within 100-m buffer of NHD stream lines (Rp100).,No,,,2018–2019 only,Not comparable across cycles
Landscape Data,FIRE2004_WS_PCTFULL,No,,,Yes,NRSA 1819 Landscape,Percent of area with data for % Forest loss to fire (fire perimeter) for 2004 within the upstream watershed (Ws).,No,,,2018–2019 only,Not comparable across cycles
Landscape Data,FIRE2004_WS_PCTFULLRP100,No,,,Yes,NRSA 1819 Landscape,Percent of area with data for % Forest loss to fire (fire perimeter) for year 2004 within the upstream watershed (Ws) and within 100-m buffer of NHD stream lines (Rp100).,No,,,2018–2019 only,Not comparable across cycles
Landscape Data,FIRE2005_WS_PCTFULL,No,,,Yes,NRSA 1819 Landscape,Percent of area with data for % Forest loss to fire (fire perimeter) for 2005 within the upstream watershed (Ws).,No,,,2018–2019 only,Not comparable across cycles
Landscape Data,FIRE2005_WS_PCTFULLRP100,No,,,Yes,NRSA 1819 Landscape,Percent of area with data for % Forest loss to fire (fire perimeter) for year 2005 within the upstream watershed (Ws) and within 100-m buffer of NHD stream lines (Rp100).,No,,,2018–2019 only,Not comparable across cycles
Landscape Data,FIRE2006_WS_PCTFULL,No,,,Yes,NRSA 1819 Landscape,Percent of area with data for % Forest loss to fire (fire perimeter) for 2006 within the upstream watershed (Ws).,No,,,2018–2019 only,Not comparable across cycles
Landscape Data,FIRE2006_WS_PCTFULLRP100,No,,,Yes,NRSA 1819 Landscape,Percent of area with data for % Forest loss to fire (fire perimeter) for year 2006 within the upstream watershed (Ws) and within 100-m buffer of NHD stream lines (Rp100).,No,,,2018–2019 only,Not comparable across cycles
Landscape Data,FIRE2007_WS_PCTFULL,No,,,Yes,NRSA 1819 Landscape,Percent of area with data for % Forest loss to fire (fire perimeter) for 2007 within the upstream watershed (Ws).,No,,,2018–2019 only,Not comparable across cycles
Landscape Data,FIRE2007_WS_PCTFULLRP100,No,,,Yes,NRSA 1819 Landscape,Percent of area with data for % Forest loss to fire (fire perimeter) for year 2007 within the upstream watershed (Ws) and within 100-m buffer of NHD stream lines (Rp100).,No,,,2018–2019 only,Not comparable across cycles
Landscape Data,FIRE2008_WS_PCTFULL,No,,,Yes,NRSA 1819 Landscape,Percent of area with data for % Forest loss to fire (fire perimeter) for 2008 within the upstream watershed (Ws).,No,,,2018–2019 only,Not comparable across cycles
Landscape Data,FIRE2008_WS_PCTFULLRP100,No,,,Yes,NRSA 1819 Landscape,Percent of area with data for % Forest loss to fire (fire perimeter) for year 2008 within the upstream watershed (Ws) and within 100-m buffer of NHD stream lines (Rp100).,No,,,2018–2019 only,Not comparable across cycles
Landscape Data,FIRE2009_WS_PCTFULL,No,,,Yes,NRSA 1819 Landscape,Percent of area with data for % Forest loss to fire (fire perimeter) for 2009 within the upstream watershed (Ws).,No,,,2018–2019 only,Not comparable across cycles
Landscape Data,FIRE2009_WS_PCTFULLRP100,No,,,Yes,NRSA 1819 Landscape,Percent of area with data for % Forest loss to fire (fire perimeter) for year 2009 within the upstream watershed (Ws) and within 100-m buffer of NHD stream lines (Rp100).,No,,,2018–2019 only,Not comparable across cycles
Landscape Data,FIRE2010_WS_PCTFULL,No,,,Yes,NRSA 1819 Landscape,Percent of area with data for % Forest loss to fire (fire perimeter) for 2010 within the upstream watershed (Ws).,No,,,2018–2019 only,Not comparable across cycles
Landscape Data,FIRE2010_WS_PCTFULLRP100,No,,,Yes,NRSA 1819 Landscape,Percent of area with data for % Forest loss to fire (fire perimeter) for year 2010 within the upstream watershed (Ws) and within 100-m buffer of NHD stream lines (Rp100).,No,,,2018–2019 only,Not comparable across cycles
Landscape Data,FSTFRZ_PT,No,,,Yes,NRSA 1819 Landscape,"Site mean day of the year of first freeze, derived from 30 years of record (1961-1990), 2km PRISM. For example, value of 300 is the 300th day of the year (Oct 27th). Values > 365 mean that the first freeze occurs after Dec 31. It is done this way so that (first_freeze - last_freeze) should always give a positive number; high numbers for an area with a long frost-free period (e.g. Florida), low numbers for an area with a short frost-free period.",No,,,2018–2019 only,Not comparable across cycles
Landscape Data,FSTFRZ_WS,Yes,NRSA 1314 Landscape Metrics,"Site average of mean day of the year of first freeze, derived from 30 years of record (1961-1990), 2km PRISM. For example, value of 300 is the 300th day of the year (Oct 27th). Values > 365 mean that the first freeze occurs after Dec 31. It is done this way so that (first_freeze - last_freeze) should always give a positive number; high numbers for an area with a long frost-free period (e.g. Florida), low numbers for an area with a short frost-free period.",No,,,No,,,2013–2014 only,Not comparable across cycles
Landscape Data,FSTFRZ_WS_PCTFULL,No,,,Yes,NRSA 1819 Landscape,"Percent of area with data for Site average of mean day of the year of first freeze, derived from 30 years of record (1961-1990), 2km PRISM. For example, value of 300 is the 300th day of the year (Oct 27th). Values > 365 mean that the first freeze occurs after Dec 31. It is done this way so that (first_freeze - last_freeze) should always give a positive number; high numbers for an area with a long frost-free period (e.g. Florida), low numbers for an area with a short frost-free period.",No,,,2018–2019 only,Not comparable across cycles
Landscape Data,FSTFRZWS,No,,,Yes,NRSA 1819 Landscape,"Site average of mean day of the year of first freeze, derived from 30 years of record (1961-1990), 2km PRISM. For example, value of 300 is the 300th day of the year (Oct 27th). Values > 365 mean that the first freeze occurs after Dec 31. It is done this way so that (first_freeze - last_freeze) should always give a positive number; high numbers for an area with a long frost-free period (e.g. Florida), low numbers for an area with a short frost-free period.",No,,,2018–2019 only,Not comparable across cycles
Landscape Data,GEOL_HUNT_DOM_DESC,Yes,NRSA 1314 Landscape Metrics,"Text description of the dominant (highest percent of area) geology, derived from Hunt (1979) coverage",No,,,No,,,2013–2014 only,Not comparable across cycles
Landscape Data,GEOL_HUNT_DOM_PCT,Yes,NRSA 1314 Landscape Metrics,"Percentage of the watershed covered by the dominant geology type (Hunt, 1979)",No,,,No,,,2013–2014 only,Not comparable across cycles
Landscape Data,GEOL_HUNT_DOM_PCT_WS,No,,,Yes,NRSA 1819 Landscape,"Dominant (highest percent of area) geology, derived from Hunt (1979) coverage",No,,,2018–2019 only,Not comparable across cycles
Landscape Data,GEOL_HUNT_DOM_WS,Yes,NRSA 1314 Landscape Metrics,"Dominant (highest percent of area) geology, derived from Hunt (1979) coverage",Yes,NRSA 1819 Landscape,"Percentage of the watershed covered by the dominant geology type (Hunt, 1979)",No,,,2013–2014 + 2018–2019,EPA label differs and/or is blank across cycles
Landscape Data,GEOL_HUNT_PT,Yes,NRSA 1314 Landscape Metrics,Geology type at the gage location derived from Hunt (1979),Yes,NRSA 1819 Landscape,"Value of categorized geology at site location, derived from a simplified version of Hunt (1979).",No,,,2013–2014 + 2018–2019,EPA label differs and/or is blank across cycles
Landscape Data,GEOL_HUNT_WS_PCTFULL,No,,,Yes,NRSA 1819 Landscape,"Percent of area with data for categorized geology (Hunt, 1979) in watershed.",No,,,2018–2019 only,Not comparable across cycles
Landscape Data,GEOL_REEDBUSH_DOM_PCT,Yes,NRSA 1314 Landscape Metrics,"Percentage of the watershed covered by the dominant geology type (Reed & Bush, 2001)",No,,,No,,,2013–2014 only,Not comparable across cycles
Landscape Data,GEOL_REEDBUSH_DOM_PCT_WS,No,,,Yes,NRSA 1819 Landscape,"Percentage of the watershed covered by the dominant geology type (Reed & Bush, 2001)",No,,,2018–2019 only,Not comparable across cycles
Landscape Data,GEOL_REEDBUSH_DOM_WS,Yes,NRSA 1314 Landscape Metrics,"Dominant (highest percent of area) geology, derived from a simplified version of Reed & Bush (2001) - Generalized Geologic Map of the Conterminous United States.",Yes,NRSA 1819 Landscape,"Dominant (highest percent of area) geology, derived from a simplified version of Reed & Bush (2001) - Generalized Geologic Map of the Conterminous United States.",No,,,2013–2014 + 2018–2019,Same/equivalent EPA label across available cycles
Landscape Data,GEOL_REEDBUSH_PT,Yes,NRSA 1314 Landscape Metrics,Geology type at the gage location derived from a simplified version of Reed & Bush (2001) - Generalized Geologic Map of the Conterminous United States.,Yes,NRSA 1819 Landscape,"Value of categorized geology at site location, derived from a simplified version of Reed & Bush (2001).",No,,,2013–2014 + 2018–2019,EPA label differs and/or is blank across cycles
Landscape Data,GEOL_REEDBUSH_WS_PCTFULL,No,,,Yes,NRSA 1819 Landscape,"Percent of area with data for categorized geology (Reed & Bush, 2001) in watershed.",No,,,2018–2019 only,Not comparable across cycles
Landscape Data,GNIS_NAME,No,,,Yes,NRSA 1819 Landscape,"Name of the stream reach that the site was snapped to from the NHDPlusV21. | USGS Geographic Names Information System name (from NHD). Value of \None\"" if no GNIS_NAME available. . No missing or \""blank\"" values allowed.""",No,,,2018–2019 only,Not comparable across cycles
Landscape Data,HUDEN2010_WS_PCTFULL,No,,,Yes,NRSA 1819 Landscape,Percent of area with data for Mean of all housing density values (housing units / km2) within the upstream watershed.,No,,,2018–2019 only,Not comparable across cycles
Landscape Data,HUDEN2010_WS_PCTFULLRP100,No,,,Yes,NRSA 1819 Landscape,Percent of area with data for Mean of all housing density values (housing units / km2) within the upstream watershed and within 100-m buffer of NHD stream lines (Rp100).,No,,,2018–2019 only,Not comparable across cycles
Landscape Data,HUDEN2010WS,No,,,Yes,NRSA 1819 Landscape,Mean of all housing density values (housing units / km2) within the upstream watershed.,No,,,2018–2019 only,Not comparable across cycles
Landscape Data,HUDEN2010WSRP100,No,,,Yes,NRSA 1819 Landscape,Mean of all housing density values (housing units / km2) within the upstream watershed and within 100-m buffer of NHD stream lines (Rp100).,No,,,2018–2019 only,Not comparable across cycles
Landscape Data,HYDRLCOND_WS_PCTFULL,No,,,Yes,NRSA 1819 Landscape,Percent of area with data for Mean of all hydraulic conductivity (in micrometers per second) of surface or near surface geology values within the upstream watershed (Ws).,No,,,2018–2019 only,Not comparable across cycles
Landscape Data,HYDRLCONDWS,No,,,Yes,NRSA 1819 Landscape,Mean of all hydraulic conductivity (in micrometers per second) of surface or near surface geology values within the upstream watershed (Ws).,No,,,2018–2019 only,Not comparable across cycles
Landscape Data,INORGNWETDEP_2008_WS_PCTFULL,No,,,Yes,NRSA 1819 Landscape,"Percent of area with data for Annual average of preciptiation-weighted mean wet deposition for inorganic nitrogen concentration from nitrate and ammonium for year, 2008, within the upstream watershed (Ws).",No,,,2018–2019 only,Not comparable across cycles
Landscape Data,INORGNWETDEP_2008WS,No,,,Yes,NRSA 1819 Landscape,"Annual average of preciptiation-weighted mean wet deposition for inorganic nitrogen concentration from nitrate and ammonium for year, 2008, within the upstream watershed (Ws).",No,,,2018–2019 only,Not comparable across cycles
Landscape Data,K2O_WS_PCTFULL,No,,,Yes,NRSA 1819 Landscape,Percent of area with data for Mean of all lithological potassium oxide (K2O) content in surface or near surface geology values within the upstream watershed (Ws).,No,,,2018–2019 only,Not comparable across cycles
Landscape Data,K2OWS,No,,,Yes,NRSA 1819 Landscape,Mean of all lithological potassium oxide (K2O) content in surface or near surface geology values within the upstream watershed (Ws).,No,,,2018–2019 only,Not comparable across cycles
Landscape Data,KFACT_PT,Yes,NRSA 1314 Landscape Metrics,Site mean of the soil erodibility factor (no units) of soils from the State Soil Geographic (STATSGO) Database.,No,,,No,,,2013–2014 only,Not comparable across cycles
Landscape Data,KFACT_WS,Yes,NRSA 1314 Landscape Metrics,Watershed mean of the soil erodibility factor (no units) of soils from the State Soil Geographic (STATSGO) Database.,No,,,No,,,2013–2014 only,Not comparable across cycles
Landscape Data,KFFACT_PT,No,,,Yes,NRSA 1819 Landscape,Site mean of the soil erodibility factor (no units) of soils from the State Soil Geographic (STATSGO) Database.,No,,,2018–2019 only,Not comparable across cycles
Landscape Data,KFFACT_WS_PCTFULL,No,,,Yes,NRSA 1819 Landscape,"Percent of area with data for Mean surface soil erodibility factors adjusted (KFFACT) , within the upstream watershed (Ws).",No,,,2018–2019 only,Not comparable across cycles
Landscape Data,KFFACTWS,No,,,Yes,NRSA 1819 Landscape,"Mean surface soil erodibility factors adjusted (KFFACT) , within the upstream watershed (Ws).",No,,,2018–2019 only,Not comparable across cycles
Landscape Data,LAT_DD83,Yes,NRSA 1314 Landscape Metrics,Latitude (based on NAD83 datum) for stream site from NHD-based sample frame. | Latitude (based on NAD83 datum) for stream site from NHDPlusV2 Numeric. No missing values allowed. | Latitude in decimal degrees NAD83,No,,,No,,,2013–2014 only,Not comparable across cycles
Landscape Data,LITH_WS_PCTFULL,No,,,Yes,NRSA 1819 Landscape,Percent of area with data for lithology type metrics for the watershed.,No,,,2018–2019 only,Not comparable across cycles
Landscape Data,LON_DD83,Yes,NRSA 1314 Landscape Metrics,Longitude (based on NAD83 datum) for stream site from NHD-based sample frame. | Longitude (based on NAD83 datum) for stream site from NHDPlusV2 Numeric. No missing values allowed. | Longitude in decimal degrees NAD83,No,,,No,,,2013–2014 only,Not comparable across cycles
Landscape Data,LSTFRZ_PT,Yes,NRSA 1314 Landscape Metrics,"Site average of mean day of the year of last freeze, derived from 30 years of record (1961-1990), 2km PRISM. For example, value of 100 is the 100th day of the year (April 10th). Values of 0 here indicate there is no freeze",Yes,NRSA 1819 Landscape,"Site average of mean day of the year of last freeze, derived from 30 years of record (1961-1990), 2km PRISM. For example, value of 100 is the 100th day of the year (April 10th). Values of 0 here indicate there is no freeze",No,,,2013–2014 + 2018–2019,Same/equivalent EPA label across available cycles
Landscape Data,LSTFRZ_WS,Yes,NRSA 1314 Landscape Metrics,"Watershed average of mean day of the year of last freeze, derived from 30 years of record (1961-1990), 2km PRISM. For example, value of 100 is the 100th day of the year (April 10th). Values of 0 here indicate there is no freeze",No,,,No,,,2013–2014 only,Not comparable across cycles
Landscape Data,LSTFRZ_WS_PCTFULL,No,,,Yes,NRSA 1819 Landscape,"Percent of area with data for Watershed average of mean day of the year of last freeze, derived from 30 years of record (1961-1990), 2km PRISM. For example, value of 100 is the 100th day of the year (April 10th). Values of 0 here indicate there is no freeze",No,,,2018–2019 only,Not comparable across cycles
Landscape Data,LSTFRZWS,No,,,Yes,NRSA 1819 Landscape,"Watershed average of mean day of the year of last freeze, derived from 30 years of record (1961-1990), 2km PRISM. For example, value of 100 is the 100th day of the year (April 10th). Values of 0 here indicate there is no freeze",No,,,2018–2019 only,Not comparable across cycles
Landscape Data,MAFLOWU,Yes,NRSA 1314 Landscape Metrics,Mean Annual Flow (cfs) at bottom of flowline as computed by Unit Runoff Method.,No,,,No,,,2013–2014 only,Not comparable across cycles
Landscape Data,MANURE_WS_PCTFULL,No,,,Yes,NRSA 1819 Landscape,"Percent of area with data for Mean rate of manure application to agricultural land from confined animal feeding operations in kg N/ha/yr, within the upstream watershed (Ws).",No,,,2018–2019 only,Not comparable across cycles
Landscape Data,MANUREWS,No,,,Yes,NRSA 1819 Landscape,"Mean rate of manure application to agricultural land from confined animal feeding operations in kg N/ha/yr, within the upstream watershed (Ws).",No,,,2018–2019 only,Not comparable across cycles
Landscape Data,MAST_2013,Yes,NRSA 1314 Landscape Metrics,Mean annual stream temperature from USU model,No,,,No,,,2013–2014 only,Not comparable across cycles
Landscape Data,MAST_2014,Yes,NRSA 1314 Landscape Metrics,Mean annual stream temperature from USU model,No,,,No,,,2013–2014 only,Not comparable across cycles
Landscape Data,MAST_2018,No,,,Yes,NRSA 1819 Landscape,Predicted reference-condition mean annual stream temperatures. These temperatures are predictions of what stream temperatures could be under minimal human-related alterations to watersheds - not current conditions,No,,,2018–2019 only,Not comparable across cycles
Landscape Data,MAST_2019,No,,,Yes,NRSA 1819 Landscape,Predicted reference-condition mean annual stream temperatures. These temperatures are predictions of what stream temperatures could be under minimal human-related alterations to watersheds - not current conditions,No,,,2018–2019 only,Not comparable across cycles
Landscape Data,MAVELU,Yes,NRSA 1314 Landscape Metrics,Mean Annual Velocity (fps) at bottom of flowline as computed by Jobson Method (1996) using the flow in MAFlowU.,No,,,No,,,2013–2014 only,Not comparable across cycles
Landscape Data,MGO_WS_PCTFULL,No,,,Yes,NRSA 1819 Landscape,Percent of area with data for Mean of all lithological magnesium oxide (MgO) content in surface or near surface geology values within the upstream watershed (Ws).,No,,,2018–2019 only,Not comparable across cycles
Landscape Data,MGOWS,No,,,Yes,NRSA 1819 Landscape,Mean of all lithological magnesium oxide (MgO) content in surface or near surface geology values within the upstream watershed (Ws).,No,,,2018–2019 only,Not comparable across cycles
Landscape Data,MINE_WS_PCTFULL,No,,,Yes,NRSA 1819 Landscape,Percent of area with data for density of georeferenced mine sites within the upstream watershed (Ws).,No,,,2018–2019 only,Not comparable across cycles
Landscape Data,MINE_WS_PCTFULLRP100,No,,,Yes,NRSA 1819 Landscape,Percent of area with data for density of georeferenced mine sites within the upstream watershed (Ws) and within 100-m buffer of NHD stream lines (Rp100).,No,,,2018–2019 only,Not comparable across cycles
Landscape Data,MINEDENSWS,No,,,Yes,NRSA 1819 Landscape,Density of georeferenced mine sites within the upstream watershed (Ws).,No,,,2018–2019 only,Not comparable across cycles
Landscape Data,MINEDENSWSRP100,No,,,Yes,NRSA 1819 Landscape,Density of georeferenced mine sites within the upstream watershed (Ws) and within 100-m buffer of NHD stream lines (Rp100).,No,,,2018–2019 only,Not comparable across cycles
Landscape Data,MSST_2013,Yes,NRSA 1314 Landscape Metrics,Mean summer stream temperature from USU model,No,,,No,,,2013–2014 only,Not comparable across cycles
Landscape Data,MSST_2014,Yes,NRSA 1314 Landscape Metrics,Mean summer stream temperature from USU model,No,,,No,,,2013–2014 only,Not comparable across cycles
Landscape Data,MSST_2018,No,,,Yes,NRSA 1819 Landscape,Predicted reference-condition mean summer stream temperatures. These temperatures are predictions of what stream temperatures could be under minimal human-related alterations to watersheds - not current conditions,No,,,2018–2019 only,Not comparable across cycles
Landscape Data,MSST_2019,No,,,Yes,NRSA 1819 Landscape,Predicted reference-condition mean summer stream temperatures. These temperatures are predictions of what stream temperatures could be under minimal human-related alterations to watersheds - not current conditions,No,,,2018–2019 only,Not comparable across cycles
Landscape Data,MWST_2013,Yes,NRSA 1314 Landscape Metrics,Mean winter stream temperature from USU model,No,,,No,,,2013–2014 only,Not comparable across cycles
Landscape Data,MWST_2014,Yes,NRSA 1314 Landscape Metrics,Mean winter stream temperature from USU model,No,,,No,,,2013–2014 only,Not comparable across cycles
Landscape Data,MWST_2018,No,,,Yes,NRSA 1819 Landscape,Predicted reference-condition mean winter stream temperatures. These temperatures are predictions of what stream temperatures could be under minimal human-related alterations to watersheds - not current conditions,No,,,2018–2019 only,Not comparable across cycles
Landscape Data,MWST_2019,No,,,Yes,NRSA 1819 Landscape,Predicted reference-condition mean winter stream temperatures. These temperatures are predictions of what stream temperatures could be under minimal human-related alterations to watersheds - not current conditions,No,,,2018–2019 only,Not comparable across cycles
Landscape Data,N_WS_PCTFULL,No,,,Yes,NRSA 1819 Landscape,Percent of area with data for Mean of all lithological nitrogen (N) content in surface or near surface geology values within the upstream watershed (Ws).,No,,,2018–2019 only,Not comparable across cycles
Landscape Data,NA2O_WS_PCTFULL,No,,,Yes,NRSA 1819 Landscape,Percent of area with data for Mean of all lithological sodium oxide (Na2O) content in surface or near surface geology values within the upstream watershed (Ws).,No,,,2018–2019 only,Not comparable across cycles
Landscape Data,NA2OWS,No,,,Yes,NRSA 1819 Landscape,Mean of all lithological sodium oxide (Na2O) content in surface or near surface geology values within the upstream watershed (Ws).,No,,,2018–2019 only,Not comparable across cycles
Landscape Data,NABD_DENSWS,No,,,Yes,NRSA 1819 Landscape,Density of georeferenced dams within the upstream watershed (Ws).,No,,,2018–2019 only,Not comparable across cycles
Landscape Data,NABD_NIDSTORWS,No,,,Yes,NRSA 1819 Landscape,Volume of all reservoirs (NID_stor in NABD) per unit area of the upstream watershed (Ws).,No,,,2018–2019 only,Not comparable across cycles
Landscape Data,NABD_NRMSTORWS,No,,,Yes,NRSA 1819 Landscape,Volume of all reservoirs (Norm_stor in NABD) per unit area of the upstream watershed (Ws).,No,,,2018–2019 only,Not comparable across cycles
Landscape Data,NABD_WS_PCTFULL,No,,,Yes,NRSA 1819 Landscape,Percent of area with data for density of georeferenced dams within the upstream watershed (Ws).,No,,,2018–2019 only,Not comparable across cycles
Landscape Data,NH4_2008_WS_PCTFULL,No,,,Yes,NRSA 1819 Landscape,"Percent of area with data for Annual average of preciptiation-weighted mean deposition for ammonium ion concentration for year, 2008, within the upstream watershed (Ws).",No,,,2018–2019 only,Not comparable across cycles
Landscape Data,NH4_2008WS,No,,,Yes,NRSA 1819 Landscape,"Annual average of preciptiation-weighted mean deposition for ammonium ion concentration for year, 2008, within the upstream watershed (Ws).",No,,,2018–2019 only,Not comparable across cycles
Landscape Data,NLCD2001_WS_PCTFULL,No,,,Yes,NRSA 1819 Landscape,Percent of area with data for NLCD 2001 for upstream watershed.,No,,,2018–2019 only,Not comparable across cycles
Landscape Data,NLCD2001_WS_PCTFULLRP100,No,,,Yes,NRSA 1819 Landscape,Percent of area with data for NLCD 2001 for upstream watershed withing a 100-m buffer of the NHD stream lines.,No,,,2018–2019 only,Not comparable across cycles
Landscape Data,NLCD2004_WS_PCTFULL,No,,,Yes,NRSA 1819 Landscape,Percent of area with data for NLCD 2004 for upstream watershed.,No,,,2018–2019 only,Not comparable across cycles
Landscape Data,NLCD2004_WS_PCTFULLRP100,No,,,Yes,NRSA 1819 Landscape,Percent of area with data for NLCD 2004 for upstream watershed within a 100-m buffer of the NHD stream lines.,No,,,2018–2019 only,Not comparable across cycles
Landscape Data,NLCD2006_WS_PCTFULL,No,,,Yes,NRSA 1819 Landscape,Percent of area with data for NLCD 2006 for upstream watershed.,No,,,2018–2019 only,Not comparable across cycles
Landscape Data,NLCD2006_WS_PCTFULLRP100,No,,,Yes,NRSA 1819 Landscape,Percent of area with data for NLCD 2006 for upstream watershed withing a 100-m buffer of the NHD stream lines.,No,,,2018–2019 only,Not comparable across cycles
Landscape Data,NLCD2008_WS_PCTFULL,No,,,Yes,NRSA 1819 Landscape,Percent of area with data for NLCD 2008 for upstream watershed.,No,,,2018–2019 only,Not comparable across cycles
Landscape Data,NLCD2008_WS_PCTFULLRP100,No,,,Yes,NRSA 1819 Landscape,Percent of area with data for NLCD 2008 for upstream watershed within a 100-m buffer of the NHD stream lines.,No,,,2018–2019 only,Not comparable across cycles
Landscape Data,NLCD2011_WS_PCTFULL,No,,,Yes,NRSA 1819 Landscape,Percent of area with data for NLCD 2011 for upstream watershed.,No,,,2018–2019 only,Not comparable across cycles
Landscape Data,NLCD2011_WS_PCTFULLRP100,No,,,Yes,NRSA 1819 Landscape,Percent of area with data for NLCD 2011 for upstream watershed withing a 100-m buffer of the NHD stream lines.,No,,,2018–2019 only,Not comparable across cycles
Landscape Data,NLCD2013_WS_PCTFULL,No,,,Yes,NRSA 1819 Landscape,Percent of area with data for NLCD 2013 for upstream watershed.,No,,,2018–2019 only,Not comparable across cycles
Landscape Data,NLCD2013_WS_PCTFULLRP100,No,,,Yes,NRSA 1819 Landscape,Percent of area with data for NLCD 2013 for upstream watershed within a 100-m buffer of the NHD stream lines.,No,,,2018–2019 only,Not comparable across cycles
Landscape Data,NLCD2016_WS_PCTFULL,No,,,Yes,NRSA 1819 Landscape,Percent of area with data for NLCD 2016 for upstream watershed.,No,,,2018–2019 only,Not comparable across cycles
Landscape Data,NLCD2016_WS_PCTFULLRP100,No,,,Yes,NRSA 1819 Landscape,Percent of area with data for NLCD 2016 for upstream watershed withing a 100-m buffer of the NHD stream lines.,No,,,2018–2019 only,Not comparable across cycles
Landscape Data,NLCD2019_WS_PCTFULL,No,,,Yes,NRSA 1819 Landscape,Percent of area with data for NLCD 2019 for upstream watershed.,No,,,2018–2019 only,Not comparable across cycles
Landscape Data,NLCD2019_WS_PCTFULLRP100,No,,,Yes,NRSA 1819 Landscape,Percent of area with data for NLCD 2019 for upstream watershed within a 100-m buffer of the NHD stream lines.,No,,,2018–2019 only,Not comparable across cycles
Landscape Data,NO3_2008_WS_PCTFULL,No,,,Yes,NRSA 1819 Landscape,"Percent of area with data for Annual average of preciptiation-weighted mean deposition for nitrate ion concentration for year, 2008, within the upstream watershed (Ws).",No,,,2018–2019 only,Not comparable across cycles
Landscape Data,NO3_2008WS,No,,,Yes,NRSA 1819 Landscape,"Annual average of preciptiation-weighted mean deposition for nitrate ion concentration for year, 2008, within the upstream watershed (Ws).",No,,,2018–2019 only,Not comparable across cycles
Landscape Data,NPDES_WS_PCTFULL,No,,,Yes,NRSA 1819 Landscape,Percent of area with data for density of georeferenced NPDES sites (NPDES_Major.shp) within the upstream watershed (Ws).,No,,,2018–2019 only,Not comparable across cycles
Landscape Data,NPDES_WS_PCTFULLRP100,No,,,Yes,NRSA 1819 Landscape,Percent of area with data for density of georeferenced NPDES sites (NPDES_Major.shp) within a 100-m buffer (Rp100) of the NHD stream lines. Derived as the intersection between RpRp100 and NPDES_Major.shp landscape layers.,No,,,2018–2019 only,Not comparable across cycles
Landscape Data,NPDESDENSWS,No,,,Yes,NRSA 1819 Landscape,Density of georeferenced NPDES sites (NPDES_Major.shp) within the upstream watershed (Ws).,No,,,2018–2019 only,Not comparable across cycles
Landscape Data,NPDESDENSWSRP100,No,,,Yes,NRSA 1819 Landscape,Density of georeferenced NPDES sites (NPDES_Major.shp) within a 100-m buffer (Rp100) of the NHD stream lines. Derived as the intersection between RpRp100 and NPDES_Major.shp landscape layers.,No,,,2018–2019 only,Not comparable across cycles
Landscape Data,NWS,No,,,Yes,NRSA 1819 Landscape,Mean of all lithological nitrogen (N) content in surface or near surface geology values within the upstream watershed (Ws).,No,,,2018–2019 only,Not comparable across cycles
Landscape Data,OM_WS_PCTFULL,No,,,Yes,NRSA 1819 Landscape,Percent of area with data for Mean of all om values within the upstream watershed (Ws).,No,,,2018–2019 only,Not comparable across cycles
Landscape Data,OMH_WS,Yes,NRSA 1314 Landscape Metrics,Watershed mean of the high value of organic matter content (percent by weight) of soils from State Soil Geographic (STATSGO) Database.,No,,,No,,,2013–2014 only,Not comparable across cycles
Landscape Data,OMH_WS_PCTFULL,No,,,Yes,NRSA 1819 Landscape,Percent of area with data for Watershed mean of the high value of organic matter content (percent by weight) of soils from State Soil Geographic (STATSGO) Database.,No,,,2018–2019 only,Not comparable across cycles
Landscape Data,OMHWS,No,,,Yes,NRSA 1819 Landscape,Watershed mean of the high value of organic matter content (percent by weight) of soils from State Soil Geographic (STATSGO) Database.,No,,,2018–2019 only,Not comparable across cycles
Landscape Data,OMWS,No,,,Yes,NRSA 1819 Landscape,Mean of all om values within the upstream watershed (Ws).,No,,,2018–2019 only,Not comparable across cycles
Landscape Data,P2O5_WS_PCTFULL,No,,,Yes,NRSA 1819 Landscape,Percent of area with data for Mean of all P2O5 values within the upstream watershed (Ws).,No,,,2018–2019 only,Not comparable across cycles
Landscape Data,P2O5WS,No,,,Yes,NRSA 1819 Landscape,Mean of all P2O5 values within the upstream watershed (Ws).,No,,,2018–2019 only,Not comparable across cycles
Landscape Data,PCTAG2006SLP10WS,No,,,Yes,NRSA 1819 Landscape,Percentage of Agricultural Land (NLCD 2006)that lies on slopes greater than 10 degrees within the watershed (Ws).,No,,,2018–2019 only,Not comparable across cycles
Landscape Data,PCTAG2006SLP20WS,No,,,Yes,NRSA 1819 Landscape,Percentage of Agricultural Land (NLCD 2006) that lies on slopes greater than 20 degrees within the watershed (Ws).,No,,,2018–2019 only,Not comparable across cycles
Landscape Data,PCTALKINTRUVOLWS,No,,,Yes,NRSA 1819 Landscape,% of the upstream watershed (Ws) classified as lithology type: alkaline intrusive volcanic rock.,No,,,2018–2019 only,Not comparable across cycles
Landscape Data,PCTALLUVCOASTWS,No,,,Yes,NRSA 1819 Landscape,% of the upstream watershed (Ws) classified as lithology type: alluvium and fine-textured coastal zone sediment.,No,,,2018–2019 only,Not comparable across cycles
Landscape Data,PCTBL2001_WSRP100,No,,,Yes,NRSA 1819 Landscape,"% of the upstream watershed (Ws) areas classified as areas of bedrock, desert pavement, scarps, talus, slides, volcanic materical, glacial debris, sand dunes, strip mines, gravel pits, and other accumulations of earthen material and within 100-m buffer of NHD stream lines (Rp100). Derived from the nlcd2001.tif (class 31) landscape raster.",No,,,2018–2019 only,Not comparable across cycles
Landscape Data,PCTBL2001WS,No,,,Yes,NRSA 1819 Landscape,"% of the upstream watershed (Ws) areas classified as areas of bedrock, desert pavement, scarps, talus, slides, volcanic materical, glacial debris, sand dunes, strip mines, gravel pits, and other accumulations of earthen material. Derived from the nlcd2001.tif (class 31) landscape raster.",No,,,2018–2019 only,Not comparable across cycles
Landscape Data,PCTBL2004_WSRP100,No,,,Yes,NRSA 1819 Landscape,"% of the upstream watershed (Ws) areas classified as areas of bedrock, desert pavement, scarps, talus, slides, volcanic materical, glacial debris, sand dunes, strip mines, gravel pits, and other accumulations of earthen material and within 100-m buffer of NHD stream lines (Rp100). Derived from the nlcd2004.tif (class 31) landscape raster.",No,,,2018–2019 only,Not comparable across cycles
Landscape Data,PCTBL2004WS,No,,,Yes,NRSA 1819 Landscape,"% of the upstream watershed (Ws) areas classified as areas of bedrock, desert pavement, scarps, talus, slides, volcanic materical, glacial debris, sand dunes, strip mines, gravel pits, and other accumulations of earthen material. Derived from the nlcd2004.tif (class 31) landscape raster.",No,,,2018–2019 only,Not comparable across cycles
Landscape Data,PCTBL2006_WSRP100,No,,,Yes,NRSA 1819 Landscape,"% of the upstream watershed (Ws) areas classified as areas of bedrock, desert pavement, scarps, talus, slides, volcanic materical, glacial debris, sand dunes, strip mines, gravel pits, and other accumulations of earthen material and within 100-m buffer of NHD stream lines (Rp100). Derived from the nlcd2006.tif (class 31) landscape raster.",No,,,2018–2019 only,Not comparable across cycles
Landscape Data,PCTBL2006WS,No,,,Yes,NRSA 1819 Landscape,"% of the upstream watershed (Ws) areas classified as areas of bedrock, desert pavement, scarps, talus, slides, volcanic materical, glacial debris, sand dunes, strip mines, gravel pits, and other accumulations of earthen material. Derived from the nlcd2006.tif (class 31) landscape raster.",No,,,2018–2019 only,Not comparable across cycles
Landscape Data,PCTBL2008_WSRP100,No,,,Yes,NRSA 1819 Landscape,"% of the upstream watershed (Ws) areas classified as areas of bedrock, desert pavement, scarps, talus, slides, volcanic materical, glacial debris, sand dunes, strip mines, gravel pits, and other accumulations of earthen material and within 100-m buffer of NHD stream lines (Rp100). Derived from the nlcd2008.tif (class 31) landscape raster.",No,,,2018–2019 only,Not comparable across cycles
Landscape Data,PCTBL2008WS,No,,,Yes,NRSA 1819 Landscape,"% of the upstream watershed (Ws) areas classified as areas of bedrock, desert pavement, scarps, talus, slides, volcanic materical, glacial debris, sand dunes, strip mines, gravel pits, and other accumulations of earthen material. Derived from the nlcd2008.tif (class 31) landscape raster.",No,,,2018–2019 only,Not comparable across cycles
Landscape Data,PCTBL2011_WS,Yes,NRSA 1314 Landscape Metrics,% of watershed area classified as barren land cover (NLCD 2011 class 31),No,,,No,,,2013–2014 only,Not comparable across cycles
Landscape Data,PCTBL2011_WSRP100,No,,,Yes,NRSA 1819 Landscape,"% of the upstream watershed (Ws) areas classified as areas of bedrock, desert pavement, scarps, talus, slides, volcanic materical, glacial debris, sand dunes, strip mines, gravel pits, and other accumulations of earthen material and within 100-m buffer of NHD stream lines (Rp100). Derived from the nlcd2011.tif (class 31) landscape raster.",No,,,2018–2019 only,Not comparable across cycles
Landscape Data,PCTBL2011WS,No,,,Yes,NRSA 1819 Landscape,"% of the upstream watershed (Ws) areas classified as areas of bedrock, desert pavement, scarps, talus, slides, volcanic materical, glacial debris, sand dunes, strip mines, gravel pits, and other accumulations of earthen material. Derived from the nlcd2011.tif (class 31) landscape raster.",No,,,2018–2019 only,Not comparable across cycles
Landscape Data,PCTBL2013_WSRP100,No,,,Yes,NRSA 1819 Landscape,"% of the upstream watershed (Ws) areas classified as areas of bedrock, desert pavement, scarps, talus, slides, volcanic materical, glacial debris, sand dunes, strip mines, gravel pits, and other accumulations of earthen material and within 100-m buffer of NHD stream lines (Rp100). Derived from the nlcd2013.tif (class 31) landscape raster.",No,,,2018–2019 only,Not comparable across cycles
Landscape Data,PCTBL2013WS,No,,,Yes,NRSA 1819 Landscape,"% of the upstream watershed (Ws) areas classified as areas of bedrock, desert pavement, scarps, talus, slides, volcanic materical, glacial debris, sand dunes, strip mines, gravel pits, and other accumulations of earthen material. Derived from the nlcd2013.tif (class 31) landscape raster.",No,,,2018–2019 only,Not comparable across cycles
Landscape Data,PCTBL2016_WSRP100,No,,,Yes,NRSA 1819 Landscape,"% of the upstream watershed (Ws) areas classified as areas of bedrock, desert pavement, scarps, talus, slides, volcanic materical, glacial debris, sand dunes, strip mines, gravel pits, and other accumulations of earthen material and within 100-m buffer of NHD stream lines (Rp100). Derived from the nlcd2016.tif (class 31) landscape raster.",No,,,2018–2019 only,Not comparable across cycles
Landscape Data,PCTBL2016WS,No,,,Yes,NRSA 1819 Landscape,"% of the upstream watershed (Ws) areas classified as areas of bedrock, desert pavement, scarps, talus, slides, volcanic materical, glacial debris, sand dunes, strip mines, gravel pits, and other accumulations of earthen material. Derived from the nlcd2016.tif (class 31) landscape raster.",No,,,2018–2019 only,Not comparable across cycles
Landscape Data,PCTBL2019_WSRP100,No,,,Yes,NRSA 1819 Landscape,"% of the upstream watershed (Ws) areas classified as areas of bedrock, desert pavement, scarps, talus, slides, volcanic materical, glacial debris, sand dunes, strip mines, gravel pits, and other accumulations of earthen material and within 100-m buffer of NHD stream lines (Rp100). Derived from the nlcd2019.tif (class 31) landscape raster.",No,,,2018–2019 only,Not comparable across cycles
Landscape Data,PCTBL2019WS,No,,,Yes,NRSA 1819 Landscape,"% of the upstream watershed (Ws) areas classified as areas of bedrock, desert pavement, scarps, talus, slides, volcanic materical, glacial debris, sand dunes, strip mines, gravel pits, and other accumulations of earthen material. Derived from the nlcd2019.tif (class 31) landscape raster.",No,,,2018–2019 only,Not comparable across cycles
Landscape Data,PCTCARBONATEWS,No,,,Yes,NRSA 1819 Landscape,% of the upstream watershed (Ws) classified as bedrock permeability type: Carbonate rock.,No,,,2018–2019 only,Not comparable across cycles
Landscape Data,PCTCARBRESIDWS,No,,,Yes,NRSA 1819 Landscape,% of the upstream watershed (Ws) classified as lithology type: carbonate residual material.,No,,,2018–2019 only,Not comparable across cycles
Landscape Data,PCTCOASTCRSWS,No,,,Yes,NRSA 1819 Landscape,"% of the upstream watershed (Ws) classified as lithology type: coastal zone sediment, coarse-textured.",No,,,2018–2019 only,Not comparable across cycles
Landscape Data,PCTCOLLUVSEDWS,No,,,Yes,NRSA 1819 Landscape,% of the upstream watershed (Ws) classified as lithology type: colluvial sediment.,No,,,2018–2019 only,Not comparable across cycles
Landscape Data,PCTCONIF2001_WSRP100,No,,,Yes,NRSA 1819 Landscape,% of the upstream watershed (Ws) areas classified as evergreen forest land cover and within 100-m buffer of NHD stream lines (Rp100). Derived from the nlcd2001.tif (class 42) landscape raster.,No,,,2018–2019 only,Not comparable across cycles
Landscape Data,PCTCONIF2001WS,No,,,Yes,NRSA 1819 Landscape,% of the upstream watershed (Ws) areas classified as evergreen forest land cover. Derived from the nlcd2001.tif (class 42) landscape raster.,No,,,2018–2019 only,Not comparable across cycles
Landscape Data,PCTCONIF2004_WSRP100,No,,,Yes,NRSA 1819 Landscape,% of the upstream watershed (Ws) areas classified as evergreen forest land cover and within 100-m buffer of NHD stream lines (Rp100). Derived from the nlcd2004.tif (class 42) landscape raster.,No,,,2018–2019 only,Not comparable across cycles
Landscape Data,PCTCONIF2004WS,No,,,Yes,NRSA 1819 Landscape,% of the upstream watershed (Ws) areas classified as evergreen forest land cover. Derived from the nlcd2004.tif (class 42) landscape raster.,No,,,2018–2019 only,Not comparable across cycles
Landscape Data,PCTCONIF2006_WSRP100,No,,,Yes,NRSA 1819 Landscape,% of the upstream watershed (Ws) areas classified as evergreen forest land cover and within 100-m buffer of NHD stream lines (Rp100). Derived from the nlcd2006.tif (class 42) landscape raster.,No,,,2018–2019 only,Not comparable across cycles
Landscape Data,PCTCONIF2006WS,No,,,Yes,NRSA 1819 Landscape,% of the upstream watershed (Ws) areas classified as evergreen forest land cover. Derived from the nlcd2006.tif (class 42) landscape raster.,No,,,2018–2019 only,Not comparable across cycles
Landscape Data,PCTCONIF2008_WSRP100,No,,,Yes,NRSA 1819 Landscape,% of the upstream watershed (Ws) areas classified as evergreen forest land cover and within 100-m buffer of NHD stream lines (Rp100). Derived from the nlcd2008.tif (class 42) landscape raster.,No,,,2018–2019 only,Not comparable across cycles
Landscape Data,PCTCONIF2008WS,No,,,Yes,NRSA 1819 Landscape,% of the upstream watershed (Ws) areas classified as evergreen forest land cover. Derived from the nlcd2008.tif (class 42) landscape raster.,No,,,2018–2019 only,Not comparable across cycles
Landscape Data,PCTCONIF2011_WS,Yes,NRSA 1314 Landscape Metrics,% of watershed area classified as evergreen forest land cover (NLCD 2011 class 42),No,,,No,,,2013–2014 only,Not comparable across cycles
Landscape Data,PCTCONIF2011_WSRP100,No,,,Yes,NRSA 1819 Landscape,% of the upstream watershed (Ws) areas classified as evergreen forest land cover and within 100-m buffer of NHD stream lines (Rp100). Derived from the nlcd2011.tif (class 42) landscape raster.,No,,,2018–2019 only,Not comparable across cycles
Landscape Data,PCTCONIF2011WS,No,,,Yes,NRSA 1819 Landscape,% of the upstream watershed (Ws) areas classified as evergreen forest land cover. Derived from the nlcd2011.tif (class 42) landscape raster.,No,,,2018–2019 only,Not comparable across cycles
Landscape Data,PCTCONIF2013_WSRP100,No,,,Yes,NRSA 1819 Landscape,% of the upstream watershed (Ws) areas classified as evergreen forest land cover and within 100-m buffer of NHD stream lines (Rp100). Derived from the nlcd2013.tif (class 42) landscape raster.,No,,,2018–2019 only,Not comparable across cycles
Landscape Data,PCTCONIF2013WS,No,,,Yes,NRSA 1819 Landscape,% of the upstream watershed (Ws) areas classified as evergreen forest land cover. Derived from the nlcd2013.tif (class 42) landscape raster.,No,,,2018–2019 only,Not comparable across cycles
Landscape Data,PCTCONIF2016_WSRP100,No,,,Yes,NRSA 1819 Landscape,% of the upstream watershed (Ws) areas classified as evergreen forest land cover and within 100-m buffer of NHD stream lines (Rp100). Derived from the nlcd2016.tif (class 42) landscape raster.,No,,,2018–2019 only,Not comparable across cycles
Landscape Data,PCTCONIF2016WS,No,,,Yes,NRSA 1819 Landscape,% of the upstream watershed (Ws) areas classified as evergreen forest land cover. Derived from the nlcd2016.tif (class 42) landscape raster.,No,,,2018–2019 only,Not comparable across cycles
Landscape Data,PCTCONIF2019_WSRP100,No,,,Yes,NRSA 1819 Landscape,% of the upstream watershed (Ws) areas classified as evergreen forest land cover and within 100-m buffer of NHD stream lines (Rp100). Derived from the nlcd2019.tif (class 42) landscape raster.,No,,,2018–2019 only,Not comparable across cycles
Landscape Data,PCTCONIF2019WS,No,,,Yes,NRSA 1819 Landscape,% of the upstream watershed (Ws) areas classified as evergreen forest land cover. Derived from the nlcd2019.tif (class 42) landscape raster.,No,,,2018–2019 only,Not comparable across cycles
Landscape Data,PCTCROP2001_WSRP100,No,,,Yes,NRSA 1819 Landscape,% of the upstream watershed (Ws) areas classified as row crop land use and within 100-m buffer of NHD stream lines (Rp100). Derived from the nlcd2001.tif (class 82) landscape raster,No,,,2018–2019 only,Not comparable across cycles
Landscape Data,PCTCROP2001WS,No,,,Yes,NRSA 1819 Landscape,% of the upstream watershed (Ws) areas classified as row crop land use. Derived from the nlcd2001.tif (class 82) landscape raster,No,,,2018–2019 only,Not comparable across cycles
Landscape Data,PCTCROP2004_WSRP100,No,,,Yes,NRSA 1819 Landscape,% of the upstream watershed (Ws) areas classified as row crop land use and within 100-m buffer of NHD stream lines (Rp100). Derived from the nlcd2004.tif (class 82) landscape raster,No,,,2018–2019 only,Not comparable across cycles
Landscape Data,PCTCROP2004WS,No,,,Yes,NRSA 1819 Landscape,% of the upstream watershed (Ws) areas classified as row crop land use. Derived from the nlcd2004.tif (class 82) landscape raster,No,,,2018–2019 only,Not comparable across cycles
Landscape Data,PCTCROP2006_WSRP100,No,,,Yes,NRSA 1819 Landscape,% of the upstream watershed (Ws) areas classified as row crop land use and within 100-m buffer of NHD stream lines (Rp100). Derived from the nlcd2006.tif (class 82) landscape raster,No,,,2018–2019 only,Not comparable across cycles
Landscape Data,PCTCROP2006WS,No,,,Yes,NRSA 1819 Landscape,% of the upstream watershed (Ws) areas classified as row crop land use. Derived from the nlcd2006.tif (class 82) landscape raster,No,,,2018–2019 only,Not comparable across cycles
Landscape Data,PCTCROP2008_WSRP100,No,,,Yes,NRSA 1819 Landscape,% of the upstream watershed (Ws) areas classified as row crop land use and within 100-m buffer of NHD stream lines (Rp100). Derived from the nlcd2008.tif (class 82) landscape raster,No,,,2018–2019 only,Not comparable across cycles
Landscape Data,PCTCROP2008WS,No,,,Yes,NRSA 1819 Landscape,% of the upstream watershed (Ws) areas classified as row crop land use. Derived from the nlcd2008.tif (class 82) landscape raster,No,,,2018–2019 only,Not comparable across cycles
Landscape Data,PCTCROP2011_WS,Yes,NRSA 1314 Landscape Metrics,% of watershed area classified as crop land use (NLCD 2011 class 82),No,,,No,,,2013–2014 only,Not comparable across cycles
Landscape Data,PCTCROP2011_WSRP100,No,,,Yes,NRSA 1819 Landscape,% of the upstream watershed (Ws) areas classified as row crop land use and within 100-m buffer of NHD stream lines (Rp100). Derived from the nlcd2011.tif (class 82) landscape raster,No,,,2018–2019 only,Not comparable across cycles
Landscape Data,PCTCROP2011WS,No,,,Yes,NRSA 1819 Landscape,% of the upstream watershed (Ws) areas classified as row crop land use. Derived from the nlcd2011.tif (class 82) landscape raster,No,,,2018–2019 only,Not comparable across cycles
Landscape Data,PCTCROP2013_WSRP100,No,,,Yes,NRSA 1819 Landscape,% of the upstream watershed (Ws) areas classified as row crop land use and within 100-m buffer of NHD stream lines (Rp100). Derived from the nlcd2013.tif (class 82) landscape raster,No,,,2018–2019 only,Not comparable across cycles
Landscape Data,PCTCROP2013WS,No,,,Yes,NRSA 1819 Landscape,% of the upstream watershed (Ws) areas classified as row crop land use. Derived from the nlcd2013.tif (class 82) landscape raster,No,,,2018–2019 only,Not comparable across cycles
Landscape Data,PCTCROP2016_WSRP100,No,,,Yes,NRSA 1819 Landscape,% of the upstream watershed (Ws) areas classified as row crop land use and within 100-m buffer of NHD stream lines (Rp100). Derived from the nlcd2016.tif (class 82) landscape raster,No,,,2018–2019 only,Not comparable across cycles
Landscape Data,PCTCROP2016WS,No,,,Yes,NRSA 1819 Landscape,% of the upstream watershed (Ws) areas classified as row crop land use. Derived from the nlcd2016.tif (class 82) landscape raster,No,,,2018–2019 only,Not comparable across cycles
Landscape Data,PCTCROP2019_WSRP100,No,,,Yes,NRSA 1819 Landscape,% of the upstream watershed (Ws) areas classified as row crop land use and within 100-m buffer of NHD stream lines (Rp100). Derived from the nlcd2019.tif (class 82) landscape raster,No,,,2018–2019 only,Not comparable across cycles
Landscape Data,PCTCROP2019WS,No,,,Yes,NRSA 1819 Landscape,% of the upstream watershed (Ws) areas classified as row crop land use. Derived from the nlcd2019.tif (class 82) landscape raster,No,,,2018–2019 only,Not comparable across cycles
Landscape Data,PCTDECID2001_WSRP100,No,,,Yes,NRSA 1819 Landscape,% of the upstream watershed (Ws) areas classified as deciduous forest land cover and within 100-m buffer of NHD stream lines (Rp100). Derived from the nlcd2001.tif (class 41) landscape raster.,No,,,2018–2019 only,Not comparable across cycles
Landscape Data,PCTDECID2001WS,No,,,Yes,NRSA 1819 Landscape,% of the upstream watershed (Ws) areas classified as deciduous forest land cover. Derived from the nlcd2001.tif (class 41) landscape raster.,No,,,2018–2019 only,Not comparable across cycles
Landscape Data,PCTDECID2004_WSRP100,No,,,Yes,NRSA 1819 Landscape,% of the upstream watershed (Ws) areas classified as deciduous forest land cover and within 100-m buffer of NHD stream lines (Rp100). Derived from the nlcd2004.tif (class 41) landscape raster.,No,,,2018–2019 only,Not comparable across cycles
Landscape Data,PCTDECID2004WS,No,,,Yes,NRSA 1819 Landscape,% of the upstream watershed (Ws) areas classified as deciduous forest land cover. Derived from the nlcd2004.tif (class 41) landscape raster.,No,,,2018–2019 only,Not comparable across cycles
Landscape Data,PCTDECID2006_WSRP100,No,,,Yes,NRSA 1819 Landscape,% of the upstream watershed (Ws) areas classified as deciduous forest land cover and within 100-m buffer of NHD stream lines (Rp100). Derived from the nlcd2006.tif (class 41) landscape raster.,No,,,2018–2019 only,Not comparable across cycles
Landscape Data,PCTDECID2006WS,No,,,Yes,NRSA 1819 Landscape,% of the upstream watershed (Ws) areas classified as deciduous forest land cover. Derived from the nlcd2006.tif (class 41) landscape raster.,No,,,2018–2019 only,Not comparable across cycles
Landscape Data,PCTDECID2008_WSRP100,No,,,Yes,NRSA 1819 Landscape,% of the upstream watershed (Ws) areas classified as deciduous forest land cover and within 100-m buffer of NHD stream lines (Rp100). Derived from the nlcd2008.tif (class 41) landscape raster.,No,,,2018–2019 only,Not comparable across cycles
Landscape Data,PCTDECID2008WS,No,,,Yes,NRSA 1819 Landscape,% of the upstream watershed (Ws) areas classified as deciduous forest land cover. Derived from the nlcd2008.tif (class 41) landscape raster.,No,,,2018–2019 only,Not comparable across cycles
Landscape Data,PCTDECID2011_WS,Yes,NRSA 1314 Landscape Metrics,% of watershed area classified as deciduous forest land cover (NLCD 2011 class 41),No,,,No,,,2013–2014 only,Not comparable across cycles
Landscape Data,PCTDECID2011_WSRP100,No,,,Yes,NRSA 1819 Landscape,% of the upstream watershed (Ws) areas classified as deciduous forest land cover and within 100-m buffer of NHD stream lines (Rp100). Derived from the nlcd2011.tif (class 41) landscape raster.,No,,,2018–2019 only,Not comparable across cycles
Landscape Data,PCTDECID2011WS,No,,,Yes,NRSA 1819 Landscape,% of the upstream watershed (Ws) areas classified as deciduous forest land cover. Derived from the nlcd2011.tif (class 41) landscape raster.,No,,,2018–2019 only,Not comparable across cycles
Landscape Data,PCTDECID2013_WSRP100,No,,,Yes,NRSA 1819 Landscape,% of the upstream watershed (Ws) areas classified as deciduous forest land cover and within 100-m buffer of NHD stream lines (Rp100). Derived from the nlcd2013.tif (class 41) landscape raster.,No,,,2018–2019 only,Not comparable across cycles
Landscape Data,PCTDECID2013WS,No,,,Yes,NRSA 1819 Landscape,% of the upstream watershed (Ws) areas classified as deciduous forest land cover. Derived from the nlcd2013.tif (class 41) landscape raster.,No,,,2018–2019 only,Not comparable across cycles
Landscape Data,PCTDECID2016_WSRP100,No,,,Yes,NRSA 1819 Landscape,% of the upstream watershed (Ws) areas classified as deciduous forest land cover and within 100-m buffer of NHD stream lines (Rp100). Derived from the nlcd2016.tif (class 41) landscape raster.,No,,,2018–2019 only,Not comparable across cycles
Landscape Data,PCTDECID2016WS,No,,,Yes,NRSA 1819 Landscape,% of the upstream watershed (Ws) areas classified as deciduous forest land cover. Derived from the nlcd2016.tif (class 41) landscape raster.,No,,,2018–2019 only,Not comparable across cycles
Landscape Data,PCTDECID2019_WSRP100,No,,,Yes,NRSA 1819 Landscape,% of the upstream watershed (Ws) areas classified as deciduous forest land cover and within 100-m buffer of NHD stream lines (Rp100). Derived from the nlcd2019.tif (class 41) landscape raster.,No,,,2018–2019 only,Not comparable across cycles
Landscape Data,PCTDECID2019WS,No,,,Yes,NRSA 1819 Landscape,% of the upstream watershed (Ws) areas classified as deciduous forest land cover. Derived from the nlcd2019.tif (class 41) landscape raster.,No,,,2018–2019 only,Not comparable across cycles
Landscape Data,PCTEOLCRSWS,No,,,Yes,NRSA 1819 Landscape,"% of the upstream watershed (Ws) classified as lithology type: eolian sediment, coarse-textured (sand dunes).",No,,,2018–2019 only,Not comparable across cycles
Landscape Data,PCTEOLFINEWS,No,,,Yes,NRSA 1819 Landscape,"% of the upstream watershed (Ws) classified as lithology type: eolian sediment, fine-textured (glacial loess).",No,,,2018–2019 only,Not comparable across cycles
Landscape Data,PCTEXTRUVOLWS,No,,,Yes,NRSA 1819 Landscape,% of the upstream watershed (Ws) classified as lithology type: extrusive volcanic rock.,No,,,2018–2019 only,Not comparable across cycles
Landscape Data,PCTFIRE2000WS,No,,,Yes,NRSA 1819 Landscape,% Forest loss to fire (fire perimeter) for 2000 within the upstream watershed (Ws).,No,,,2018–2019 only,Not comparable across cycles
Landscape Data,PCTFIRE2000WSRP100,No,,,Yes,NRSA 1819 Landscape,% Forest loss to fire (fire perimeter) for year 2000 within the upstream watershed (Ws) and within 100-m buffer of NHD stream lines (Rp100).,No,,,2018–2019 only,Not comparable across cycles
Landscape Data,PCTFIRE2001WS,No,,,Yes,NRSA 1819 Landscape,% Forest loss to fire (fire perimeter) for 2001 within the upstream watershed (Ws).,No,,,2018–2019 only,Not comparable across cycles
Landscape Data,PCTFIRE2001WSRP100,No,,,Yes,NRSA 1819 Landscape,% Forest loss to fire (fire perimeter) for year 2001 within the upstream watershed (Ws) and within 100-m buffer of NHD stream lines (Rp100).,No,,,2018–2019 only,Not comparable across cycles
Landscape Data,PCTFIRE2002WS,No,,,Yes,NRSA 1819 Landscape,% Forest loss to fire (fire perimeter) for 2002 within the upstream watershed (Ws).,No,,,2018–2019 only,Not comparable across cycles
Landscape Data,PCTFIRE2002WSRP100,No,,,Yes,NRSA 1819 Landscape,% Forest loss to fire (fire perimeter) for year 2002 within the upstream watershed (Ws) and within 100-m buffer of NHD stream lines (Rp100).,No,,,2018–2019 only,Not comparable across cycles
Landscape Data,PCTFIRE2003WS,No,,,Yes,NRSA 1819 Landscape,% Forest loss to fire (fire perimeter) for 2003 within the upstream watershed (Ws).,No,,,2018–2019 only,Not comparable across cycles
Landscape Data,PCTFIRE2003WSRP100,No,,,Yes,NRSA 1819 Landscape,% Forest loss to fire (fire perimeter) for year 2003 within the upstream watershed (Ws) and within 100-m buffer of NHD stream lines (Rp100).,No,,,2018–2019 only,Not comparable across cycles
Landscape Data,PCTFIRE2004WS,No,,,Yes,NRSA 1819 Landscape,% Forest loss to fire (fire perimeter) for 2004 within the upstream watershed (Ws).,No,,,2018–2019 only,Not comparable across cycles
Landscape Data,PCTFIRE2004WSRP100,No,,,Yes,NRSA 1819 Landscape,% Forest loss to fire (fire perimeter) for year 2004 within the upstream watershed (Ws) and within 100-m buffer of NHD stream lines (Rp100).,No,,,2018–2019 only,Not comparable across cycles
Landscape Data,PCTFIRE2005WS,No,,,Yes,NRSA 1819 Landscape,% Forest loss to fire (fire perimeter) for 2005 within the upstream watershed (Ws).,No,,,2018–2019 only,Not comparable across cycles
Landscape Data,PCTFIRE2005WSRP100,No,,,Yes,NRSA 1819 Landscape,% Forest loss to fire (fire perimeter) for year 2005 within the upstream watershed (Ws) and within 100-m buffer of NHD stream lines (Rp100).,No,,,2018–2019 only,Not comparable across cycles
Landscape Data,PCTFIRE2006WS,No,,,Yes,NRSA 1819 Landscape,% Forest loss to fire (fire perimeter) for 2006 within the upstream watershed (Ws).,No,,,2018–2019 only,Not comparable across cycles
Landscape Data,PCTFIRE2006WSRP100,No,,,Yes,NRSA 1819 Landscape,% Forest loss to fire (fire perimeter) for year 2006 within the upstream watershed (Ws) and within 100-m buffer of NHD stream lines (Rp100).,No,,,2018–2019 only,Not comparable across cycles
Landscape Data,PCTFIRE2007WS,No,,,Yes,NRSA 1819 Landscape,% Forest loss to fire (fire perimeter) for 2007 within the upstream watershed (Ws).,No,,,2018–2019 only,Not comparable across cycles
Landscape Data,PCTFIRE2007WSRP100,No,,,Yes,NRSA 1819 Landscape,% Forest loss to fire (fire perimeter) for year 2007 within the upstream watershed (Ws) and within 100-m buffer of NHD stream lines (Rp100).,No,,,2018–2019 only,Not comparable across cycles
Landscape Data,PCTFIRE2008WS,No,,,Yes,NRSA 1819 Landscape,% Forest loss to fire (fire perimeter) for 2008 within the upstream watershed (Ws).,No,,,2018–2019 only,Not comparable across cycles
Landscape Data,PCTFIRE2008WSRP100,No,,,Yes,NRSA 1819 Landscape,% Forest loss to fire (fire perimeter) for year 2008 within the upstream watershed (Ws) and within 100-m buffer of NHD stream lines (Rp100).,No,,,2018–2019 only,Not comparable across cycles
Landscape Data,PCTFIRE2009WS,No,,,Yes,NRSA 1819 Landscape,% Forest loss to fire (fire perimeter) for 2009 within the upstream watershed (Ws).,No,,,2018–2019 only,Not comparable across cycles
Landscape Data,PCTFIRE2009WSRP100,No,,,Yes,NRSA 1819 Landscape,% Forest loss to fire (fire perimeter) for year 2009 within the upstream watershed (Ws) and within 100-m buffer of NHD stream lines (Rp100).,No,,,2018–2019 only,Not comparable across cycles
Landscape Data,PCTFIRE2010WS,No,,,Yes,NRSA 1819 Landscape,% Forest loss to fire (fire perimeter) for 2010 within the upstream watershed (Ws).,No,,,2018–2019 only,Not comparable across cycles
Landscape Data,PCTFIRE2010WSRP100,No,,,Yes,NRSA 1819 Landscape,% Forest loss to fire (fire perimeter) for year 2010 within the upstream watershed (Ws) and within 100-m buffer of NHD stream lines (Rp100).,No,,,2018–2019 only,Not comparable across cycles
Landscape Data,PCTFRSTLOSS2001WS,No,,,Yes,NRSA 1819 Landscape,% Forest cover loss (Tree canopy cover change) for 2001 within watershed,No,,,2018–2019 only,Not comparable across cycles
Landscape Data,PCTFRSTLOSS2001WSRP100,No,,,Yes,NRSA 1819 Landscape,% Forest cover loss (Tree canopy cover change) for 2001 within watershed and within 100-m buffer of NHD stream lines,No,,,2018–2019 only,Not comparable across cycles
Landscape Data,PCTFRSTLOSS2002WS,No,,,Yes,NRSA 1819 Landscape,% Forest cover loss (Tree canopy cover change) for 2002 within watershed,No,,,2018–2019 only,Not comparable across cycles
Landscape Data,PCTFRSTLOSS2002WSRP100,No,,,Yes,NRSA 1819 Landscape,% Forest cover loss (Tree canopy cover change) for 2002 within watershed and within 100-m buffer of NHD stream lines,No,,,2018–2019 only,Not comparable across cycles
Landscape Data,PCTFRSTLOSS2003WS,No,,,Yes,NRSA 1819 Landscape,% Forest cover loss (Tree canopy cover change) for 2003 within watershed,No,,,2018–2019 only,Not comparable across cycles
Landscape Data,PCTFRSTLOSS2003WSRP100,No,,,Yes,NRSA 1819 Landscape,% Forest cover loss (Tree canopy cover change) for 2003 within watershed and within 100-m buffer of NHD stream lines,No,,,2018–2019 only,Not comparable across cycles
Landscape Data,PCTFRSTLOSS2004WS,No,,,Yes,NRSA 1819 Landscape,% Forest cover loss (Tree canopy cover change) for 2004 within watershed,No,,,2018–2019 only,Not comparable across cycles
Landscape Data,PCTFRSTLOSS2004WSRP100,No,,,Yes,NRSA 1819 Landscape,% Forest cover loss (Tree canopy cover change) for 2004 within watershed and within 100-m buffer of NHD stream lines,No,,,2018–2019 only,Not comparable across cycles
Landscape Data,PCTFRSTLOSS2005WS,No,,,Yes,NRSA 1819 Landscape,% Forest cover loss (Tree canopy cover change) for 2005 within watershed,No,,,2018–2019 only,Not comparable across cycles
Landscape Data,PCTFRSTLOSS2005WSRP100,No,,,Yes,NRSA 1819 Landscape,% Forest cover loss (Tree canopy cover change) for 2005 within watershed and within 100-m buffer of NHD stream lines,No,,,2018–2019 only,Not comparable across cycles
Landscape Data,PCTFRSTLOSS2006WS,No,,,Yes,NRSA 1819 Landscape,% Forest cover loss (Tree canopy cover change) for 2006 within watershed,No,,,2018–2019 only,Not comparable across cycles
Landscape Data,PCTFRSTLOSS2006WSRP100,No,,,Yes,NRSA 1819 Landscape,% Forest cover loss (Tree canopy cover change) for 2006 within watershed and within 100-m buffer of NHD stream lines,No,,,2018–2019 only,Not comparable across cycles
Landscape Data,PCTFRSTLOSS2007WS,No,,,Yes,NRSA 1819 Landscape,% Forest cover loss (Tree canopy cover change) for 2007 within watershed,No,,,2018–2019 only,Not comparable across cycles
Landscape Data,PCTFRSTLOSS2007WSRP100,No,,,Yes,NRSA 1819 Landscape,% Forest cover loss (Tree canopy cover change) for 2007 within watershed and within 100-m buffer of NHD stream lines,No,,,2018–2019 only,Not comparable across cycles
Landscape Data,PCTFRSTLOSS2008WS,No,,,Yes,NRSA 1819 Landscape,% Forest cover loss (Tree canopy cover change) for 2008 within watershed,No,,,2018–2019 only,Not comparable across cycles
Landscape Data,PCTFRSTLOSS2008WSRP100,No,,,Yes,NRSA 1819 Landscape,% Forest cover loss (Tree canopy cover change) for 2008 within watershed and within 100-m buffer of NHD stream lines,No,,,2018–2019 only,Not comparable across cycles
Landscape Data,PCTFRSTLOSS2009WS,No,,,Yes,NRSA 1819 Landscape,% Forest cover loss (Tree canopy cover change) for 2009 within watershed,No,,,2018–2019 only,Not comparable across cycles
Landscape Data,PCTFRSTLOSS2009WSRP100,No,,,Yes,NRSA 1819 Landscape,% Forest cover loss (Tree canopy cover change) for 2009 within watershed and within 100-m buffer of NHD stream lines,No,,,2018–2019 only,Not comparable across cycles
Landscape Data,PCTFRSTLOSS2010WS,No,,,Yes,NRSA 1819 Landscape,% Forest cover loss (Tree canopy cover change) for 2010 within watershed,No,,,2018–2019 only,Not comparable across cycles
Landscape Data,PCTFRSTLOSS2010WSRP100,No,,,Yes,NRSA 1819 Landscape,% Forest cover loss (Tree canopy cover change) for 2010 within watershed and within 100-m buffer of NHD stream lines,No,,,2018–2019 only,Not comparable across cycles
Landscape Data,PCTFRSTLOSS2011WS,No,,,Yes,NRSA 1819 Landscape,% Forest cover loss (Tree canopy cover change) for 2011 within watershed,No,,,2018–2019 only,Not comparable across cycles
Landscape Data,PCTFRSTLOSS2011WSRP100,No,,,Yes,NRSA 1819 Landscape,% Forest cover loss (Tree canopy cover change) for 2011 within watershed and within 100-m buffer of NHD stream lines,No,,,2018–2019 only,Not comparable across cycles
Landscape Data,PCTFRSTLOSS2012WS,No,,,Yes,NRSA 1819 Landscape,% Forest cover loss (Tree canopy cover change) for 2012 within watershed,No,,,2018–2019 only,Not comparable across cycles
Landscape Data,PCTFRSTLOSS2012WSRP100,No,,,Yes,NRSA 1819 Landscape,% Forest cover loss (Tree canopy cover change) for 2012 within watershed and within 100-m buffer of NHD stream lines,No,,,2018–2019 only,Not comparable across cycles
Landscape Data,PCTFRSTLOSS2013WS,No,,,Yes,NRSA 1819 Landscape,% Forest cover loss (Tree canopy cover change) for 2013 within watershed,No,,,2018–2019 only,Not comparable across cycles
Landscape Data,PCTFRSTLOSS2013WSRP100,No,,,Yes,NRSA 1819 Landscape,% Forest cover loss (Tree canopy cover change) for 2013 within watershed and within 100-m buffer of NHD stream lines,No,,,2018–2019 only,Not comparable across cycles
Landscape Data,PCTFRSTLOSSBYYEAR_WS_PCTFULL,No,,,Yes,NRSA 1819 Landscape,Percent of area with data for % Forest cover loss (Tree canopy cover change) within watershed,No,,,2018–2019 only,Not comparable across cycles
Landscape Data,PCTFRSTLOSSBYYEAR_WS_PCTFULLRP100,No,,,Yes,NRSA 1819 Landscape,Percent of area with data for % Forest cover loss (Tree canopy cover change) within watershed and within 100-m buffer of NHD stream lines,No,,,2018–2019 only,Not comparable across cycles
Landscape Data,PCTGLACLAKECRSWS,No,,,Yes,NRSA 1819 Landscape,"% of the upstream watershed (Ws) classified as lithology type: glacial outwash and glacial lake sediment, coarse-textured.",No,,,2018–2019 only,Not comparable across cycles
Landscape Data,PCTGLACLAKEFINEWS,No,,,Yes,NRSA 1819 Landscape,"% of the upstream watershed (Ws) classified as lithology type: glacial outwash and glacial lake sediment, fine-textured.",No,,,2018–2019 only,Not comparable across cycles
Landscape Data,PCTGLACTILCLAYWS,No,,,Yes,NRSA 1819 Landscape,"% of the upstream watershed (Ws) classified as lithology type: glacial till, clayey.",No,,,2018–2019 only,Not comparable across cycles
Landscape Data,PCTGLACTILCRSWS,No,,,Yes,NRSA 1819 Landscape,"% of the upstream watershed (Ws) classified as lithology type: glacial till, coarse-textured.",No,,,2018–2019 only,Not comparable across cycles
Landscape Data,PCTGLACTILLOAMWS,No,,,Yes,NRSA 1819 Landscape,"% of the upstream watershed (Ws) classified as lithology type: glacial till, loamy.",No,,,2018–2019 only,Not comparable across cycles
Landscape Data,PCTGRS2001_WSRP100,No,,,Yes,NRSA 1819 Landscape,% of the upstream watershed (Ws) areas classified as grassland/herbaceous land cover and within 100-m buffer of NHD stream lines (Rp100). Derived from the nlcd2001.tif (class 71) landscape raster.,No,,,2018–2019 only,Not comparable across cycles
Landscape Data,PCTGRS2001WS,No,,,Yes,NRSA 1819 Landscape,% of the upstream watershed (Ws) areas classified as grassland/herbaceous land cover. Derived from the nlcd2001.tif (class 71) landscape raster.,No,,,2018–2019 only,Not comparable across cycles
Landscape Data,PCTGRS2004_WSRP100,No,,,Yes,NRSA 1819 Landscape,% of the upstream watershed (Ws) areas classified as grassland/herbaceous land cover and within 100-m buffer of NHD stream lines (Rp100). Derived from the nlcd2004.tif (class 71) landscape raster.,No,,,2018–2019 only,Not comparable across cycles
Landscape Data,PCTGRS2004WS,No,,,Yes,NRSA 1819 Landscape,% of the upstream watershed (Ws) areas classified as grassland/herbaceous land cover. Derived from the nlcd2004.tif (class 71) landscape raster.,No,,,2018–2019 only,Not comparable across cycles
Landscape Data,PCTGRS2006_WSRP100,No,,,Yes,NRSA 1819 Landscape,% of the upstream watershed (Ws) areas classified as grassland/herbaceous land cover and within 100-m buffer of NHD stream lines (Rp100). Derived from the nlcd2006.tif (class 71) landscape raster.,No,,,2018–2019 only,Not comparable across cycles
Landscape Data,PCTGRS2006WS,No,,,Yes,NRSA 1819 Landscape,% of the upstream watershed (Ws) areas classified as grassland/herbaceous land cover. Derived from the nlcd2006.tif (class 71) landscape raster.,No,,,2018–2019 only,Not comparable across cycles
Landscape Data,PCTGRS2008_WSRP100,No,,,Yes,NRSA 1819 Landscape,% of the upstream watershed (Ws) areas classified as grassland/herbaceous land cover and within 100-m buffer of NHD stream lines (Rp100). Derived from the nlcd2008.tif (class 71) landscape raster.,No,,,2018–2019 only,Not comparable across cycles
Landscape Data,PCTGRS2008WS,No,,,Yes,NRSA 1819 Landscape,% of the upstream watershed (Ws) areas classified as grassland/herbaceous land cover. Derived from the nlcd2008.tif (class 71) landscape raster.,No,,,2018–2019 only,Not comparable across cycles
Landscape Data,PCTGRS2011_WS,Yes,NRSA 1314 Landscape Metrics,% of watershed area classified as grassland/herbaceous land cover (NLCD 2011 class 71),No,,,No,,,2013–2014 only,Not comparable across cycles
Landscape Data,PCTGRS2011_WSRP100,No,,,Yes,NRSA 1819 Landscape,% of the upstream watershed (Ws) areas classified as grassland/herbaceous land cover and within 100-m buffer of NHD stream lines (Rp100). Derived from the nlcd2011.tif (class 71) landscape raster.,No,,,2018–2019 only,Not comparable across cycles
Landscape Data,PCTGRS2011WS,No,,,Yes,NRSA 1819 Landscape,% of the upstream watershed (Ws) areas classified as grassland/herbaceous land cover. Derived from the nlcd2011.tif (class 71) landscape raster.,No,,,2018–2019 only,Not comparable across cycles
Landscape Data,PCTGRS2013_WSRP100,No,,,Yes,NRSA 1819 Landscape,% of the upstream watershed (Ws) areas classified as grassland/herbaceous land cover and within 100-m buffer of NHD stream lines (Rp100). Derived from the nlcd2013.tif (class 71) landscape raster.,No,,,2018–2019 only,Not comparable across cycles
Landscape Data,PCTGRS2013WS,No,,,Yes,NRSA 1819 Landscape,% of the upstream watershed (Ws) areas classified as grassland/herbaceous land cover. Derived from the nlcd2013.tif (class 71) landscape raster.,No,,,2018–2019 only,Not comparable across cycles
Landscape Data,PCTGRS2016_WSRP100,No,,,Yes,NRSA 1819 Landscape,% of the upstream watershed (Ws) areas classified as grassland/herbaceous land cover and within 100-m buffer of NHD stream lines (Rp100). Derived from the nlcd2016.tif (class 71) landscape raster.,No,,,2018–2019 only,Not comparable across cycles
Landscape Data,PCTGRS2016WS,No,,,Yes,NRSA 1819 Landscape,% of the upstream watershed (Ws) areas classified as grassland/herbaceous land cover. Derived from the nlcd2016.tif (class 71) landscape raster.,No,,,2018–2019 only,Not comparable across cycles
Landscape Data,PCTGRS2019_WSRP100,No,,,Yes,NRSA 1819 Landscape,% of the upstream watershed (Ws) areas classified as grassland/herbaceous land cover and within 100-m buffer of NHD stream lines (Rp100). Derived from the nlcd2019.tif (class 71) landscape raster.,No,,,2018–2019 only,Not comparable across cycles
Landscape Data,PCTGRS2019WS,No,,,Yes,NRSA 1819 Landscape,% of the upstream watershed (Ws) areas classified as grassland/herbaceous land cover. Derived from the nlcd2019.tif (class 71) landscape raster.,No,,,2018–2019 only,Not comparable across cycles
Landscape Data,PCTHAY2001_WSRP100,No,,,Yes,NRSA 1819 Landscape,% of the upstream watershed (Ws) areas classified as pasture/hay land use and within 100-m buffer of NHD stream lines (Rp100). Derived from the nlcd2001.tif (class 81) landscape raster.,No,,,2018–2019 only,Not comparable across cycles
Landscape Data,PCTHAY2001WS,No,,,Yes,NRSA 1819 Landscape,% of the upstream watershed (Ws) areas classified as pasture/hay land use. Derived from the nlcd2001.tif (class 81) landscape raster.,No,,,2018–2019 only,Not comparable across cycles
Landscape Data,PCTHAY2004_WSRP100,No,,,Yes,NRSA 1819 Landscape,% of the upstream watershed (Ws) areas classified as pasture/hay land use and within 100-m buffer of NHD stream lines (Rp100). Derived from the nlcd2004.tif (class 81) landscape raster.,No,,,2018–2019 only,Not comparable across cycles
Landscape Data,PCTHAY2004WS,No,,,Yes,NRSA 1819 Landscape,% of the upstream watershed (Ws) areas classified as pasture/hay land use. Derived from the nlcd2004.tif (class 81) landscape raster.,No,,,2018–2019 only,Not comparable across cycles
Landscape Data,PCTHAY2006_WSRP100,No,,,Yes,NRSA 1819 Landscape,% of the upstream watershed (Ws) areas classified as pasture/hay land use and within 100-m buffer of NHD stream lines (Rp100). Derived from the nlcd2006.tif (class 81) landscape raster.,No,,,2018–2019 only,Not comparable across cycles
Landscape Data,PCTHAY2006WS,No,,,Yes,NRSA 1819 Landscape,% of the upstream watershed (Ws) areas classified as pasture/hay land use. Derived from the nlcd2006.tif (class 81) landscape raster.,No,,,2018–2019 only,Not comparable across cycles
Landscape Data,PCTHAY2008_WSRP100,No,,,Yes,NRSA 1819 Landscape,% of the upstream watershed (Ws) areas classified as pasture/hay land use and within 100-m buffer of NHD stream lines (Rp100). Derived from the nlcd2008.tif (class 81) landscape raster.,No,,,2018–2019 only,Not comparable across cycles
Landscape Data,PCTHAY2008WS,No,,,Yes,NRSA 1819 Landscape,% of the upstream watershed (Ws) areas classified as pasture/hay land use. Derived from the nlcd2008.tif (class 81) landscape raster.,No,,,2018–2019 only,Not comparable across cycles
Landscape Data,PCTHAY2011_WS,Yes,NRSA 1314 Landscape Metrics,% of watershed area classified as hay land use (NLCD 2011 class 81),No,,,No,,,2013–2014 only,Not comparable across cycles
Landscape Data,PCTHAY2011_WSRP100,No,,,Yes,NRSA 1819 Landscape,% of the upstream watershed (Ws) areas classified as pasture/hay land use and within 100-m buffer of NHD stream lines (Rp100). Derived from the nlcd2011.tif (class 81) landscape raster.,No,,,2018–2019 only,Not comparable across cycles
Landscape Data,PCTHAY2011WS,No,,,Yes,NRSA 1819 Landscape,% of the upstream watershed (Ws) areas classified as pasture/hay land use. Derived from the nlcd2011.tif (class 81) landscape raster.,No,,,2018–2019 only,Not comparable across cycles
Landscape Data,PCTHAY2013_WSRP100,No,,,Yes,NRSA 1819 Landscape,% of the upstream watershed (Ws) areas classified as pasture/hay land use and within 100-m buffer of NHD stream lines (Rp100). Derived from the nlcd2013.tif (class 81) landscape raster.,No,,,2018–2019 only,Not comparable across cycles
Landscape Data,PCTHAY2013WS,No,,,Yes,NRSA 1819 Landscape,% of the upstream watershed (Ws) areas classified as pasture/hay land use. Derived from the nlcd2013.tif (class 81) landscape raster.,No,,,2018–2019 only,Not comparable across cycles
Landscape Data,PCTHAY2016_WSRP100,No,,,Yes,NRSA 1819 Landscape,% of the upstream watershed (Ws) areas classified as pasture/hay land use and within 100-m buffer of NHD stream lines (Rp100). Derived from the nlcd2016.tif (class 81) landscape raster.,No,,,2018–2019 only,Not comparable across cycles
Landscape Data,PCTHAY2016WS,No,,,Yes,NRSA 1819 Landscape,% of the upstream watershed (Ws) areas classified as pasture/hay land use. Derived from the nlcd2016.tif (class 81) landscape raster.,No,,,2018–2019 only,Not comparable across cycles
Landscape Data,PCTHAY2019_WSRP100,No,,,Yes,NRSA 1819 Landscape,% of the upstream watershed (Ws) areas classified as pasture/hay land use and within 100-m buffer of NHD stream lines (Rp100). Derived from the nlcd2019.tif (class 81) landscape raster.,No,,,2018–2019 only,Not comparable across cycles
Landscape Data,PCTHAY2019WS,No,,,Yes,NRSA 1819 Landscape,% of the upstream watershed (Ws) areas classified as pasture/hay land use. Derived from the nlcd2019.tif (class 81) landscape raster.,No,,,2018–2019 only,Not comparable across cycles
Landscape Data,PCTHBWET2001_WSRP100,No,,,Yes,NRSA 1819 Landscape,% of the upstream watershed (Ws) areas classified as herbaceous wetland land cover and within 100-m buffer of NHD stream lines (Rp100). Derived from the nlcd2001.tif (class 95) landscape raster.,No,,,2018–2019 only,Not comparable across cycles
Landscape Data,PCTHBWET2001WS,No,,,Yes,NRSA 1819 Landscape,% of the upstream watershed (Ws) areas classified as herbaceous wetland land cover. Derived from the nlcd2001.tif (class 95) landscape raster.,No,,,2018–2019 only,Not comparable across cycles
Landscape Data,PCTHBWET2004_WSRP100,No,,,Yes,NRSA 1819 Landscape,% of the upstream watershed (Ws) areas classified as herbaceous wetland land cover and within 100-m buffer of NHD stream lines (Rp100). Derived from the nlcd2004.tif (class 95) landscape raster.,No,,,2018–2019 only,Not comparable across cycles
Landscape Data,PCTHBWET2004WS,No,,,Yes,NRSA 1819 Landscape,% of the upstream watershed (Ws) areas classified as herbaceous wetland land cover. Derived from the nlcd2004.tif (class 95) landscape raster.,No,,,2018–2019 only,Not comparable across cycles
Landscape Data,PCTHBWET2006_WSRP100,No,,,Yes,NRSA 1819 Landscape,% of the upstream watershed (Ws) areas classified as herbaceous wetland land cover and within 100-m buffer of NHD stream lines (Rp100). Derived from the nlcd2006.tif (class 95) landscape raster.,No,,,2018–2019 only,Not comparable across cycles
Landscape Data,PCTHBWET2006WS,No,,,Yes,NRSA 1819 Landscape,% of the upstream watershed (Ws) areas classified as herbaceous wetland land cover. Derived from the nlcd2006.tif (class 95) landscape raster.,No,,,2018–2019 only,Not comparable across cycles
Landscape Data,PCTHBWET2008_WSRP100,No,,,Yes,NRSA 1819 Landscape,% of the upstream watershed (Ws) areas classified as herbaceous wetland land cover and within 100-m buffer of NHD stream lines (Rp100). Derived from the nlcd2008.tif (class 95) landscape raster.,No,,,2018–2019 only,Not comparable across cycles
Landscape Data,PCTHBWET2008WS,No,,,Yes,NRSA 1819 Landscape,% of the upstream watershed (Ws) areas classified as herbaceous wetland land cover. Derived from the nlcd2008.tif (class 95) landscape raster.,No,,,2018–2019 only,Not comparable across cycles
Landscape Data,PCTHBWET2011_WS,Yes,NRSA 1314 Landscape Metrics,% of watershed area classified as herbaceous wetland land cover (NLCD 2011 class 95),No,,,No,,,2013–2014 only,Not comparable across cycles
Landscape Data,PCTHBWET2011_WSRP100,No,,,Yes,NRSA 1819 Landscape,% of the upstream watershed (Ws) areas classified as herbaceous wetland land cover and within 100-m buffer of NHD stream lines (Rp100). Derived from the nlcd2011.tif (class 95) landscape raster.,No,,,2018–2019 only,Not comparable across cycles
Landscape Data,PCTHBWET2011WS,No,,,Yes,NRSA 1819 Landscape,% of the upstream watershed (Ws) areas classified as herbaceous wetland land cover. Derived from the nlcd2011.tif (class 95) landscape raster.,No,,,2018–2019 only,Not comparable across cycles
Landscape Data,PCTHBWET2013_WSRP100,No,,,Yes,NRSA 1819 Landscape,% of the upstream watershed (Ws) areas classified as herbaceous wetland land cover and within 100-m buffer of NHD stream lines (Rp100). Derived from the nlcd2013.tif (class 95) landscape raster.,No,,,2018–2019 only,Not comparable across cycles
Landscape Data,PCTHBWET2013WS,No,,,Yes,NRSA 1819 Landscape,% of the upstream watershed (Ws) areas classified as herbaceous wetland land cover. Derived from the nlcd2013.tif (class 95) landscape raster.,No,,,2018–2019 only,Not comparable across cycles
Landscape Data,PCTHBWET2016_WSRP100,No,,,Yes,NRSA 1819 Landscape,% of the upstream watershed (Ws) areas classified as herbaceous wetland land cover and within 100-m buffer of NHD stream lines (Rp100). Derived from the nlcd2016.tif (class 95) landscape raster.,No,,,2018–2019 only,Not comparable across cycles
Landscape Data,PCTHBWET2016WS,No,,,Yes,NRSA 1819 Landscape,% of the upstream watershed (Ws) areas classified as herbaceous wetland land cover. Derived from the nlcd2016.tif (class 95) landscape raster.,No,,,2018–2019 only,Not comparable across cycles
Landscape Data,PCTHBWET2019_WSRP100,No,,,Yes,NRSA 1819 Landscape,% of the upstream watershed (Ws) areas classified as herbaceous wetland land cover and within 100-m buffer of NHD stream lines (Rp100). Derived from the nlcd2019.tif (class 95) landscape raster.,No,,,2018–2019 only,Not comparable across cycles
Landscape Data,PCTHBWET2019WS,No,,,Yes,NRSA 1819 Landscape,% of the upstream watershed (Ws) areas classified as herbaceous wetland land cover. Derived from the nlcd2019.tif (class 95) landscape raster.,No,,,2018–2019 only,Not comparable across cycles
Landscape Data,PCTHYDRICWS,No,,,Yes,NRSA 1819 Landscape,"% of the upstream watershed (Ws) classified as lithology type: hydric, peat and muck.",No,,,2018–2019 only,Not comparable across cycles
Landscape Data,PCTICE2001_WSRP100,No,,,Yes,NRSA 1819 Landscape,% of the upstream watershed (Ws) areas classified as ice/snow land cover and within 100-m buffer of NHD stream lines (Rp100). Derived from the nlcd2001.tif (class 12) landscape raster.,No,,,2018–2019 only,Not comparable across cycles
Landscape Data,PCTICE2001WS,No,,,Yes,NRSA 1819 Landscape,% of the upstream watershed (Ws) areas classified as ice/snow land cover. Derived from the nlcd2001.tif (class 12) landscape raster.,No,,,2018–2019 only,Not comparable across cycles
Landscape Data,PCTICE2004_WSRP100,No,,,Yes,NRSA 1819 Landscape,% of the upstream watershed (Ws) areas classified as ice/snow land cover and within 100-m buffer of NHD stream lines (Rp100). Derived from the nlcd2004.tif (class 12) landscape raster.,No,,,2018–2019 only,Not comparable across cycles
Landscape Data,PCTICE2004WS,No,,,Yes,NRSA 1819 Landscape,% of the upstream watershed (Ws) areas classified as ice/snow land cover. Derived from the nlcd2004.tif (class 12) landscape raster.,No,,,2018–2019 only,Not comparable across cycles
Landscape Data,PCTICE2006_WSRP100,No,,,Yes,NRSA 1819 Landscape,% of the upstream watershed (Ws) areas classified as ice/snow land cover and within 100-m buffer of NHD stream lines (Rp100). Derived from the nlcd2006.tif (class 12) landscape raster.,No,,,2018–2019 only,Not comparable across cycles
Landscape Data,PCTICE2006WS,No,,,Yes,NRSA 1819 Landscape,% of the upstream watershed (Ws) areas classified as ice/snow land cover. Derived from the nlcd2006.tif (class 12) landscape raster.,No,,,2018–2019 only,Not comparable across cycles
Landscape Data,PCTICE2008_WSRP100,No,,,Yes,NRSA 1819 Landscape,% of the upstream watershed (Ws) areas classified as ice/snow land cover and within 100-m buffer of NHD stream lines (Rp100). Derived from the nlcd2008.tif (class 12) landscape raster.,No,,,2018–2019 only,Not comparable across cycles
Landscape Data,PCTICE2008WS,No,,,Yes,NRSA 1819 Landscape,% of the upstream watershed (Ws) areas classified as ice/snow land cover. Derived from the nlcd2008.tif (class 12) landscape raster.,No,,,2018–2019 only,Not comparable across cycles
Landscape Data,PCTICE2011_WS,Yes,NRSA 1314 Landscape Metrics,% of watershed area classified as ice/snow land cover (NLCD 2011 class 12),No,,,No,,,2013–2014 only,Not comparable across cycles
Landscape Data,PCTICE2011_WSRP100,No,,,Yes,NRSA 1819 Landscape,% of the upstream watershed (Ws) areas classified as ice/snow land cover and within 100-m buffer of NHD stream lines (Rp100). Derived from the nlcd2011.tif (class 12) landscape raster.,No,,,2018–2019 only,Not comparable across cycles
Landscape Data,PCTICE2011WS,No,,,Yes,NRSA 1819 Landscape,% of the upstream watershed (Ws) areas classified as ice/snow land cover. Derived from the nlcd2011.tif (class 12) landscape raster.,No,,,2018–2019 only,Not comparable across cycles
Landscape Data,PCTICE2013_WSRP100,No,,,Yes,NRSA 1819 Landscape,% of the upstream watershed (Ws) areas classified as ice/snow land cover and within 100-m buffer of NHD stream lines (Rp100). Derived from the nlcd2013.tif (class 12) landscape raster.,No,,,2018–2019 only,Not comparable across cycles
Landscape Data,PCTICE2013WS,No,,,Yes,NRSA 1819 Landscape,% of the upstream watershed (Ws) areas classified as ice/snow land cover. Derived from the nlcd2013.tif (class 12) landscape raster.,No,,,2018–2019 only,Not comparable across cycles
Landscape Data,PCTICE2016_WSRP100,No,,,Yes,NRSA 1819 Landscape,% of the upstream watershed (Ws) areas classified as ice/snow land cover and within 100-m buffer of NHD stream lines (Rp100). Derived from the nlcd2016.tif (class 12) landscape raster.,No,,,2018–2019 only,Not comparable across cycles
Landscape Data,PCTICE2016WS,No,,,Yes,NRSA 1819 Landscape,% of the upstream watershed (Ws) areas classified as ice/snow land cover. Derived from the nlcd2016.tif (class 12) landscape raster.,No,,,2018–2019 only,Not comparable across cycles
Landscape Data,PCTICE2019_WSRP100,No,,,Yes,NRSA 1819 Landscape,% of the upstream watershed (Ws) areas classified as ice/snow land cover and within 100-m buffer of NHD stream lines (Rp100). Derived from the nlcd2019.tif (class 12) landscape raster.,No,,,2018–2019 only,Not comparable across cycles
Landscape Data,PCTICE2019WS,No,,,Yes,NRSA 1819 Landscape,% of the upstream watershed (Ws) areas classified as ice/snow land cover. Derived from the nlcd2019.tif (class 12) landscape raster.,No,,,2018–2019 only,Not comparable across cycles
Landscape Data,PCTIMP2001_WS_PCTFULL,No,,,Yes,NRSA 1819 Landscape,Percent of area with data for Mean imperviousness of anthropogenic surfaces (NLCD 2001) within the upstream watershed (Ws).,No,,,2018–2019 only,Not comparable across cycles
Landscape Data,PCTIMP2001_WS_PCTFULLRP100,No,,,Yes,NRSA 1819 Landscape,Percent of area with data for Mean imperviousness of anthropogenic surfaces (NLCD 2001) within watershed (Ws) and within 100-m buffer of NHD stream lines (Rp100).,No,,,2018–2019 only,Not comparable across cycles
Landscape Data,PCTIMP2001WS,No,,,Yes,NRSA 1819 Landscape,Mean imperviousness of anthropogenic surfaces (NLCD 2001) within the upstream watershed (Ws).,No,,,2018–2019 only,Not comparable across cycles
Landscape Data,PCTIMP2001WSRP100,No,,,Yes,NRSA 1819 Landscape,Mean imperviousness of anthropogenic surfaces (NLCD 2001) within watershed (Ws) and within 100-m buffer of NHD stream lines (Rp100).,No,,,2018–2019 only,Not comparable across cycles
Landscape Data,PCTIMP2004_WS_PCTFULL,No,,,Yes,NRSA 1819 Landscape,Percent of area with data for Mean imperviousness of anthropogenic surfaces (NLCD 2004) within the upstream watershed (Ws).,No,,,2018–2019 only,Not comparable across cycles
Landscape Data,PCTIMP2004_WS_PCTFULLRP100,No,,,Yes,NRSA 1819 Landscape,Percent of area with data for Mean imperviousness of anthropogenic surfaces (NLCD 2004) within watershed (Ws) and within 100-m buffer of NHD stream lines (Rp100).,No,,,2018–2019 only,Not comparable across cycles
Landscape Data,PCTIMP2004WS,No,,,Yes,NRSA 1819 Landscape,Mean imperviousness of anthropogenic surfaces (NLCD 2004) within the upstream watershed (Ws).,No,,,2018–2019 only,Not comparable across cycles
Landscape Data,PCTIMP2004WSRP100,No,,,Yes,NRSA 1819 Landscape,Mean imperviousness of anthropogenic surfaces (NLCD 2004) within watershed (Ws) and within 100-m buffer of NHD stream lines (Rp100).,No,,,2018–2019 only,Not comparable across cycles
Landscape Data,PCTIMP2006_WS_PCTFULL,No,,,Yes,NRSA 1819 Landscape,Percent of area with data for Mean imperviousness of anthropogenic surfaces (NLCD 2006) within the upstream watershed (Ws).,No,,,2018–2019 only,Not comparable across cycles
Landscape Data,PCTIMP2006_WS_PCTFULLRP100,No,,,Yes,NRSA 1819 Landscape,Percent of area with data for Mean imperviousness of anthropogenic surfaces (NLCD 2006) within watershed (Ws) and within 100-m buffer of NHD stream lines (Rp100).,No,,,2018–2019 only,Not comparable across cycles
Landscape Data,PCTIMP2006WS,No,,,Yes,NRSA 1819 Landscape,Mean imperviousness of anthropogenic surfaces (NLCD 2006) within the upstream watershed (Ws).,No,,,2018–2019 only,Not comparable across cycles
Landscape Data,PCTIMP2006WSRP100,No,,,Yes,NRSA 1819 Landscape,Mean imperviousness of anthropogenic surfaces (NLCD 2006) within watershed (Ws) and within 100-m buffer of NHD stream lines (Rp100).,No,,,2018–2019 only,Not comparable across cycles
Landscape Data,PCTIMP2008_WS_PCTFULL,No,,,Yes,NRSA 1819 Landscape,Percent of area with data for Mean imperviousness of anthropogenic surfaces (NLCD 2008) within the upstream watershed (Ws).,No,,,2018–2019 only,Not comparable across cycles
Landscape Data,PCTIMP2008_WS_PCTFULLRP100,No,,,Yes,NRSA 1819 Landscape,Percent of area with data for Mean imperviousness of anthropogenic surfaces (NLCD 2008) within watershed (Ws) and within 100-m buffer of NHD stream lines (Rp100).,No,,,2018–2019 only,Not comparable across cycles
Landscape Data,PCTIMP2008WS,No,,,Yes,NRSA 1819 Landscape,Mean imperviousness of anthropogenic surfaces (NLCD 2008) within the upstream watershed (Ws).,No,,,2018–2019 only,Not comparable across cycles
Landscape Data,PCTIMP2008WSRP100,No,,,Yes,NRSA 1819 Landscape,Mean imperviousness of anthropogenic surfaces (NLCD 2008) within watershed (Ws) and within 100-m buffer of NHD stream lines (Rp100).,No,,,2018–2019 only,Not comparable across cycles
Landscape Data,PCTIMP2011_WS_PCTFULL,No,,,Yes,NRSA 1819 Landscape,Percent of area with data for Mean imperviousness of anthropogenic surfaces (NLCD 2011) within the upstream watershed (Ws).,No,,,2018–2019 only,Not comparable across cycles
Landscape Data,PCTIMP2011_WS_PCTFULLRP100,No,,,Yes,NRSA 1819 Landscape,Percent of area with data for Mean imperviousness of anthropogenic surfaces (NLCD 2011) within watershed (Ws) and within 100-m buffer of NHD stream lines (Rp100).,No,,,2018–2019 only,Not comparable across cycles
Landscape Data,PCTIMP2011WS,No,,,Yes,NRSA 1819 Landscape,Mean imperviousness of anthropogenic surfaces (NLCD 2011) within the upstream watershed (Ws).,No,,,2018–2019 only,Not comparable across cycles
Landscape Data,PCTIMP2011WSRP100,No,,,Yes,NRSA 1819 Landscape,Mean imperviousness of anthropogenic surfaces (NLCD 2011) within watershed (Ws) and within 100-m buffer of NHD stream lines (Rp100).,No,,,2018–2019 only,Not comparable across cycles
Landscape Data,PCTIMP2013_WS_PCTFULL,No,,,Yes,NRSA 1819 Landscape,Percent of area with data for Mean imperviousness of anthropogenic surfaces (NLCD 2013) within the upstream watershed (Ws).,No,,,2018–2019 only,Not comparable across cycles
Landscape Data,PCTIMP2013_WS_PCTFULLRP100,No,,,Yes,NRSA 1819 Landscape,Percent of area with data for Mean imperviousness of anthropogenic surfaces (NLCD 2013) within watershed (Ws) and within 100-m buffer of NHD stream lines (Rp100).,No,,,2018–2019 only,Not comparable across cycles
Landscape Data,PCTIMP2013_WSRP100,No,,,Yes,NRSA 1819 Landscape,Percent of area with data for Mean imperviousness of anthropogenic surfaces (NLCD 2013) within watershed (Ws) and within 100-m buffer of NHD stream lines (Rp100).,No,,,2018–2019 only,Not comparable across cycles
Landscape Data,PCTIMP2013WS,No,,,Yes,NRSA 1819 Landscape,Mean imperviousness of anthropogenic surfaces (NLCD 2013) within the upstream watershed (Ws).,No,,,2018–2019 only,Not comparable across cycles
Landscape Data,PCTIMP2016_WS_PCTFULL,No,,,Yes,NRSA 1819 Landscape,Percent of area with data for Mean imperviousness of anthropogenic surfaces (NLCD 2016) within the upstream watershed (Ws).,No,,,2018–2019 only,Not comparable across cycles
Landscape Data,PCTIMP2016_WS_PCTFULLRP100,No,,,Yes,NRSA 1819 Landscape,Percent of area with data for Mean imperviousness of anthropogenic surfaces (NLCD 2016) within watershed (Ws) and within 100-m buffer of NHD stream lines (Rp100).,No,,,2018–2019 only,Not comparable across cycles
Landscape Data,PCTIMP2016WS,No,,,Yes,NRSA 1819 Landscape,Mean imperviousness of anthropogenic surfaces (NLCD 2016) within the upstream watershed (Ws).,No,,,2018–2019 only,Not comparable across cycles
Landscape Data,PCTIMP2016WSRP100,No,,,Yes,NRSA 1819 Landscape,Mean imperviousness of anthropogenic surfaces (NLCD 2016) within watershed (Ws) and within 100-m buffer of NHD stream lines (Rp100).,No,,,2018–2019 only,Not comparable across cycles
Landscape Data,PCTIMP2019_WS_PCTFULL,No,,,Yes,NRSA 1819 Landscape,Percent of area with data for Mean imperviousness of anthropogenic surfaces (NLCD 2019) within the upstream watershed (Ws).,No,,,2018–2019 only,Not comparable across cycles
Landscape Data,PCTIMP2019_WS_PCTFULLRP100,No,,,Yes,NRSA 1819 Landscape,Percent of area with data for Mean imperviousness of anthropogenic surfaces (NLCD 2019) within watershed (Ws) and within 100-m buffer of NHD stream lines (Rp100).,No,,,2018–2019 only,Not comparable across cycles
Landscape Data,PCTIMP2019_WSRP100,No,,,Yes,NRSA 1819 Landscape,Percent of area with data for Mean imperviousness of anthropogenic surfaces (NLCD 2019) within watershed (Ws) and within 100-m buffer of NHD stream lines (Rp100).,No,,,2018–2019 only,Not comparable across cycles
Landscape Data,PCTIMP2019WS,No,,,Yes,NRSA 1819 Landscape,Mean imperviousness of anthropogenic surfaces (NLCD 2019) within the upstream watershed (Ws).,No,,,2018–2019 only,Not comparable across cycles
Landscape Data,PCTMXFST2001_WSRP100,No,,,Yes,NRSA 1819 Landscape,% of the upstream watershed (Ws) areas classified as mixed deciduous/evergreen forest land cover and within 100-m buffer of NHD stream lines (Rp100). Derived from the nlcd2001.tif (class 43) landscape raster.,No,,,2018–2019 only,Not comparable across cycles
Landscape Data,PCTMXFST2001WS,No,,,Yes,NRSA 1819 Landscape,% of the upstream watershed (Ws) areas classified as mixed deciduous/evergreen forest land cover. Derived from the nlcd2001.tif (class 43) landscape raster.,No,,,2018–2019 only,Not comparable across cycles
Landscape Data,PCTMXFST2004_WSRP100,No,,,Yes,NRSA 1819 Landscape,% of the upstream watershed (Ws) areas classified as mixed deciduous/evergreen forest land cover and within 100-m buffer of NHD stream lines (Rp100). Derived from the nlcd2004.tif (class 43) landscape raster.,No,,,2018–2019 only,Not comparable across cycles
Landscape Data,PCTMXFST2004WS,No,,,Yes,NRSA 1819 Landscape,% of the upstream watershed (Ws) areas classified as mixed deciduous/evergreen forest land cover. Derived from the nlcd2004.tif (class 43) landscape raster.,No,,,2018–2019 only,Not comparable across cycles
Landscape Data,PCTMXFST2006_WSRP100,No,,,Yes,NRSA 1819 Landscape,% of the upstream watershed (Ws) areas classified as mixed deciduous/evergreen forest land cover and within 100-m buffer of NHD stream lines (Rp100). Derived from the nlcd2006.tif (class 43) landscape raster.,No,,,2018–2019 only,Not comparable across cycles
Landscape Data,PCTMXFST2006WS,No,,,Yes,NRSA 1819 Landscape,% of the upstream watershed (Ws) areas classified as mixed deciduous/evergreen forest land cover. Derived from the nlcd2006.tif (class 43) landscape raster.,No,,,2018–2019 only,Not comparable across cycles
Landscape Data,PCTMXFST2008_WSRP100,No,,,Yes,NRSA 1819 Landscape,% of the upstream watershed (Ws) areas classified as mixed deciduous/evergreen forest land cover and within 100-m buffer of NHD stream lines (Rp100). Derived from the nlcd2008.tif (class 43) landscape raster.,No,,,2018–2019 only,Not comparable across cycles
Landscape Data,PCTMXFST2008WS,No,,,Yes,NRSA 1819 Landscape,% of the upstream watershed (Ws) areas classified as mixed deciduous/evergreen forest land cover. Derived from the nlcd2008.tif (class 43) landscape raster.,No,,,2018–2019 only,Not comparable across cycles
Landscape Data,PCTMXFST2011_WS,Yes,NRSA 1314 Landscape Metrics,% of watershed area classified as mixed deciduous/evergreen forest land cover (NLCD 2011 class 43),No,,,No,,,2013–2014 only,Not comparable across cycles
Landscape Data,PCTMXFST2011_WSRP100,No,,,Yes,NRSA 1819 Landscape,% of the upstream watershed (Ws) areas classified as mixed deciduous/evergreen forest land cover and within 100-m buffer of NHD stream lines (Rp100). Derived from the nlcd2011.tif (class 43) landscape raster.,No,,,2018–2019 only,Not comparable across cycles
Landscape Data,PCTMXFST2011WS,No,,,Yes,NRSA 1819 Landscape,% of the upstream watershed (Ws) areas classified as mixed deciduous/evergreen forest land cover. Derived from the nlcd2011.tif (class 43) landscape raster.,No,,,2018–2019 only,Not comparable across cycles
Landscape Data,PCTMXFST2013_WSRP100,No,,,Yes,NRSA 1819 Landscape,% of the upstream watershed (Ws) areas classified as mixed deciduous/evergreen forest land cover and within 100-m buffer of NHD stream lines (Rp100). Derived from the nlcd2013.tif (class 43) landscape raster.,No,,,2018–2019 only,Not comparable across cycles
Landscape Data,PCTMXFST2013WS,No,,,Yes,NRSA 1819 Landscape,% of the upstream watershed (Ws) areas classified as mixed deciduous/evergreen forest land cover. Derived from the nlcd2013.tif (class 43) landscape raster.,No,,,2018–2019 only,Not comparable across cycles
Landscape Data,PCTMXFST2016_WSRP100,No,,,Yes,NRSA 1819 Landscape,% of the upstream watershed (Ws) areas classified as mixed deciduous/evergreen forest land cover and within 100-m buffer of NHD stream lines (Rp100). Derived from the nlcd2016.tif (class 43) landscape raster.,No,,,2018–2019 only,Not comparable across cycles
Landscape Data,PCTMXFST2016WS,No,,,Yes,NRSA 1819 Landscape,% of the upstream watershed (Ws) areas classified as mixed deciduous/evergreen forest land cover. Derived from the nlcd2016.tif (class 43) landscape raster.,No,,,2018–2019 only,Not comparable across cycles
Landscape Data,PCTMXFST2019_WSRP100,No,,,Yes,NRSA 1819 Landscape,% of the upstream watershed (Ws) areas classified as mixed deciduous/evergreen forest land cover and within 100-m buffer of NHD stream lines (Rp100). Derived from the nlcd2019.tif (class 43) landscape raster.,No,,,2018–2019 only,Not comparable across cycles
Landscape Data,PCTMXFST2019WS,No,,,Yes,NRSA 1819 Landscape,% of the upstream watershed (Ws) areas classified as mixed deciduous/evergreen forest land cover. Derived from the nlcd2019.tif (class 43) landscape raster.,No,,,2018–2019 only,Not comparable across cycles
Landscape Data,PCTNONAGINTRODMANAGVEG_WS_PCTFULL,No,,,Yes,NRSA 1819 Landscape,"Percent of area with data for % Nonnative vegetation landcover type reclassed from LANDFIRE Existing Vegetation Type (EVT), within upstream watershed (Ws).",No,,,2018–2019 only,Not comparable across cycles
Landscape Data,PCTNONAGINTRODMANAGVEG_WS_PCTFULLRP100,No,,,Yes,NRSA 1819 Landscape,"Percent of area with data for % Nonnative vegetation landcover type reclassed from LANDFIRE Existing Vegetation Type (EVT), within upstream watershed (Ws) and within 100-m buffer of NHD stream lines (Rp100).",No,,,2018–2019 only,Not comparable across cycles
Landscape Data,PCTNONAGINTRODMANAGVEGWS,No,,,Yes,NRSA 1819 Landscape,"% Nonnative vegetation landcover type reclassed from LANDFIRE Existing Vegetation Type (EVT), within upstream watershed (Ws).",No,,,2018–2019 only,Not comparable across cycles
Landscape Data,PCTNONAGINTRODMANAGVEGWSRP100,No,,,Yes,NRSA 1819 Landscape,"% Nonnative vegetation landcover type reclassed from LANDFIRE Existing Vegetation Type (EVT), within upstream watershed (Ws) and within 100-m buffer of NHD stream lines (Rp100).",No,,,2018–2019 only,Not comparable across cycles
Landscape Data,PCTNONCARBRESIDWS,No,,,Yes,NRSA 1819 Landscape,% of the upstream watershed (Ws) classified as lithology type: non-carbonate residual material.,No,,,2018–2019 only,Not comparable across cycles
Landscape Data,PCTNOT_PRINCIPLEWS,No,,,Yes,NRSA 1819 Landscape,% of the upstream watershed (Ws) classified as bedrock permeability type: Not a prinicpal aquifer.,No,,,2018–2019 only,Not comparable across cycles
Landscape Data,PCTOW2001_WSRP100,No,,,Yes,NRSA 1819 Landscape,% of the upstream watershed (Ws) areas classified as open water land cover and within 100-m buffer of NHD stream lines (Rp100). Derived from the nlcd2001.tif (class 11) landscape raster.,No,,,2018–2019 only,Not comparable across cycles
Landscape Data,PCTOW2001WS,No,,,Yes,NRSA 1819 Landscape,% of the upstream watershed (Ws) areas classified as open water land cover. Derived from the nlcd2001.tif (class 11) landscape raster.,No,,,2018–2019 only,Not comparable across cycles
Landscape Data,PCTOW2004_WSRP100,No,,,Yes,NRSA 1819 Landscape,% of the upstream watershed (Ws) areas classified as open water land cover and within 100-m buffer of NHD stream lines (Rp100). Derived from the nlcd2004.tif (class 11) landscape raster.,No,,,2018–2019 only,Not comparable across cycles
Landscape Data,PCTOW2004WS,No,,,Yes,NRSA 1819 Landscape,% of the upstream watershed (Ws) areas classified as open water land cover. Derived from the nlcd2004.tif (class 11) landscape raster.,No,,,2018–2019 only,Not comparable across cycles
Landscape Data,PCTOW2006_WSRP100,No,,,Yes,NRSA 1819 Landscape,% of the upstream watershed (Ws) areas classified as open water land cover and within 100-m buffer of NHD stream lines (Rp100). Derived from the nlcd2006.tif (class 11) landscape raster.,No,,,2018–2019 only,Not comparable across cycles
Landscape Data,PCTOW2006WS,No,,,Yes,NRSA 1819 Landscape,% of the upstream watershed (Ws) areas classified as open water land cover. Derived from the nlcd2006.tif (class 11) landscape raster.,No,,,2018–2019 only,Not comparable across cycles
Landscape Data,PCTOW2008_WSRP100,No,,,Yes,NRSA 1819 Landscape,% of the upstream watershed (Ws) areas classified as open water land cover and within 100-m buffer of NHD stream lines (Rp100). Derived from the nlcd2008.tif (class 11) landscape raster.,No,,,2018–2019 only,Not comparable across cycles
Landscape Data,PCTOW2008WS,No,,,Yes,NRSA 1819 Landscape,% of the upstream watershed (Ws) areas classified as open water land cover. Derived from the nlcd2008.tif (class 11) landscape raster.,No,,,2018–2019 only,Not comparable across cycles
Landscape Data,PCTOW2011_WS,Yes,NRSA 1314 Landscape Metrics,% of watershed area classified as open water land cover (NLCD 2011 class 11),No,,,No,,,2013–2014 only,Not comparable across cycles
Landscape Data,PCTOW2011_WSRP100,No,,,Yes,NRSA 1819 Landscape,% of the upstream watershed (Ws) areas classified as open water land cover and within 100-m buffer of NHD stream lines (Rp100). Derived from the nlcd2011.tif (class 11) landscape raster.,No,,,2018–2019 only,Not comparable across cycles
Landscape Data,PCTOW2011WS,No,,,Yes,NRSA 1819 Landscape,% of the upstream watershed (Ws) areas classified as open water land cover. Derived from the nlcd2011.tif (class 11) landscape raster.,No,,,2018–2019 only,Not comparable across cycles
Landscape Data,PCTOW2013_WSRP100,No,,,Yes,NRSA 1819 Landscape,% of the upstream watershed (Ws) areas classified as open water land cover and within 100-m buffer of NHD stream lines (Rp100). Derived from the nlcd2013.tif (class 11) landscape raster.,No,,,2018–2019 only,Not comparable across cycles
Landscape Data,PCTOW2013WS,No,,,Yes,NRSA 1819 Landscape,% of the upstream watershed (Ws) areas classified as open water land cover. Derived from the nlcd2013.tif (class 11) landscape raster.,No,,,2018–2019 only,Not comparable across cycles
Landscape Data,PCTOW2016_WSRP100,No,,,Yes,NRSA 1819 Landscape,% of the upstream watershed (Ws) areas classified as open water land cover and within 100-m buffer of NHD stream lines (Rp100). Derived from the nlcd2016.tif (class 11) landscape raster.,No,,,2018–2019 only,Not comparable across cycles
Landscape Data,PCTOW2016WS,No,,,Yes,NRSA 1819 Landscape,% of the upstream watershed (Ws) areas classified as open water land cover. Derived from the nlcd2016.tif (class 11) landscape raster.,No,,,2018–2019 only,Not comparable across cycles
Landscape Data,PCTOW2019_WSRP100,No,,,Yes,NRSA 1819 Landscape,% of the upstream watershed (Ws) areas classified as open water land cover and within 100-m buffer of NHD stream lines (Rp100). Derived from the nlcd2019.tif (class 11) landscape raster.,No,,,2018–2019 only,Not comparable across cycles
Landscape Data,PCTOW2019WS,No,,,Yes,NRSA 1819 Landscape,% of the upstream watershed (Ws) areas classified as open water land cover. Derived from the nlcd2019.tif (class 11) landscape raster.,No,,,2018–2019 only,Not comparable across cycles
Landscape Data,PCTSALLAKEWS,No,,,Yes,NRSA 1819 Landscape,% of the upstream watershed (Ws) classified as lithology type: saline like sediment.,No,,,2018–2019 only,Not comparable across cycles
Landscape Data,PCTSANDSTONE_CARBONATEWS,No,,,Yes,NRSA 1819 Landscape,% of the upstream watershed (Ws) classified as bedrock permeability type: Sandstone and carbonate rocks.,No,,,2018–2019 only,Not comparable across cycles
Landscape Data,PCTSANDSTONEWS,No,,,Yes,NRSA 1819 Landscape,% of the upstream watershed (Ws) classified as bedrock permeability type: Sandstone.,No,,,2018–2019 only,Not comparable across cycles
Landscape Data,PCTSEMICONSOL_SANDWS,No,,,Yes,NRSA 1819 Landscape,% of the upstream watershed (Ws) classified as bedrock permeability type: Semiconsolidated sand.,No,,,2018–2019 only,Not comparable across cycles
Landscape Data,PCTSHRB2001_WSRP100,No,,,Yes,NRSA 1819 Landscape,% of the upstream watershed (Ws) areas classified as shrub/scrub land cover and within 100-m buffer of NHD stream lines (Rp100). Derived from the nlcd2001.tif (class 52) landscape raster.,No,,,2018–2019 only,Not comparable across cycles
Landscape Data,PCTSHRB2001WS,No,,,Yes,NRSA 1819 Landscape,% of the upstream watershed (Ws) areas classified as shrub/scrub land cover. Derived from the nlcd2001.tif (class 52) landscape raster.,No,,,2018–2019 only,Not comparable across cycles
Landscape Data,PCTSHRB2004_WSRP100,No,,,Yes,NRSA 1819 Landscape,% of the upstream watershed (Ws) areas classified as shrub/scrub land cover and within 100-m buffer of NHD stream lines (Rp100). Derived from the nlcd2004.tif (class 52) landscape raster.,No,,,2018–2019 only,Not comparable across cycles
Landscape Data,PCTSHRB2004WS,No,,,Yes,NRSA 1819 Landscape,% of the upstream watershed (Ws) areas classified as shrub/scrub land cover. Derived from the nlcd2004.tif (class 52) landscape raster.,No,,,2018–2019 only,Not comparable across cycles
Landscape Data,PCTSHRB2006_WSRP100,No,,,Yes,NRSA 1819 Landscape,% of the upstream watershed (Ws) areas classified as shrub/scrub land cover and within 100-m buffer of NHD stream lines (Rp100). Derived from the nlcd2006.tif (class 52) landscape raster.,No,,,2018–2019 only,Not comparable across cycles
Landscape Data,PCTSHRB2006WS,No,,,Yes,NRSA 1819 Landscape,% of the upstream watershed (Ws) areas classified as shrub/scrub land cover. Derived from the nlcd2006.tif (class 52) landscape raster.,No,,,2018–2019 only,Not comparable across cycles
Landscape Data,PCTSHRB2008_WSRP100,No,,,Yes,NRSA 1819 Landscape,% of the upstream watershed (Ws) areas classified as shrub/scrub land cover and within 100-m buffer of NHD stream lines (Rp100). Derived from the nlcd2008.tif (class 52) landscape raster.,No,,,2018–2019 only,Not comparable across cycles
Landscape Data,PCTSHRB2008WS,No,,,Yes,NRSA 1819 Landscape,% of the upstream watershed (Ws) areas classified as shrub/scrub land cover. Derived from the nlcd2008.tif (class 52) landscape raster.,No,,,2018–2019 only,Not comparable across cycles
Landscape Data,PCTSHRB2011_WS,Yes,NRSA 1314 Landscape Metrics,% of watershed area classified as shrub/scrub land cover (NLCD 2011 class 52),No,,,No,,,2013–2014 only,Not comparable across cycles
Landscape Data,PCTSHRB2011_WSRP100,No,,,Yes,NRSA 1819 Landscape,% of the upstream watershed (Ws) areas classified as shrub/scrub land cover and within 100-m buffer of NHD stream lines (Rp100). Derived from the nlcd2011.tif (class 52) landscape raster.,No,,,2018–2019 only,Not comparable across cycles
Landscape Data,PCTSHRB2011WS,No,,,Yes,NRSA 1819 Landscape,% of the upstream watershed (Ws) areas classified as shrub/scrub land cover. Derived from the nlcd2011.tif (class 52) landscape raster.,No,,,2018–2019 only,Not comparable across cycles
Landscape Data,PCTSHRB2013_WSRP100,No,,,Yes,NRSA 1819 Landscape,% of the upstream watershed (Ws) areas classified as shrub/scrub land cover and within 100-m buffer of NHD stream lines (Rp100). Derived from the nlcd2013.tif (class 52) landscape raster.,No,,,2018–2019 only,Not comparable across cycles
Landscape Data,PCTSHRB2013WS,No,,,Yes,NRSA 1819 Landscape,% of the upstream watershed (Ws) areas classified as shrub/scrub land cover. Derived from the nlcd2013.tif (class 52) landscape raster.,No,,,2018–2019 only,Not comparable across cycles
Landscape Data,PCTSHRB2016_WSRP100,No,,,Yes,NRSA 1819 Landscape,% of the upstream watershed (Ws) areas classified as shrub/scrub land cover and within 100-m buffer of NHD stream lines (Rp100). Derived from the nlcd2016.tif (class 52) landscape raster.,No,,,2018–2019 only,Not comparable across cycles
Landscape Data,PCTSHRB2016WS,No,,,Yes,NRSA 1819 Landscape,% of the upstream watershed (Ws) areas classified as shrub/scrub land cover. Derived from the nlcd2016.tif (class 52) landscape raster.,No,,,2018–2019 only,Not comparable across cycles
Landscape Data,PCTSHRB2019_WSRP100,No,,,Yes,NRSA 1819 Landscape,% of the upstream watershed (Ws) areas classified as shrub/scrub land cover and within 100-m buffer of NHD stream lines (Rp100). Derived from the nlcd2019.tif (class 52) landscape raster.,No,,,2018–2019 only,Not comparable across cycles
Landscape Data,PCTSHRB2019WS,No,,,Yes,NRSA 1819 Landscape,% of the upstream watershed (Ws) areas classified as shrub/scrub land cover. Derived from the nlcd2019.tif (class 52) landscape raster.,No,,,2018–2019 only,Not comparable across cycles
Landscape Data,PCTSILICICWS,No,,,Yes,NRSA 1819 Landscape,% of the upstream watershed (Ws) classified as lithology type: silicic residual material.,No,,,2018–2019 only,Not comparable across cycles
Landscape Data,PCTUNCONSOL_SAND_GRAVELWS,No,,,Yes,NRSA 1819 Landscape,% of the upstream watershed (Ws) classified as bedrock permeability type: Unconsolidated sand and gravel.,No,,,2018–2019 only,Not comparable across cycles
Landscape Data,PCTURBHI2001_WSRP100,No,,,Yes,NRSA 1819 Landscape,"% of the upstream watershed (Ws) areas classified as developed, high intensity land use and within 100-m buffer of NHD stream lines (Rp100). Derived from the nlcd2001.tif (class 24) landscape raster.",No,,,2018–2019 only,Not comparable across cycles
Landscape Data,PCTURBHI2001WS,No,,,Yes,NRSA 1819 Landscape,"% of the upstream watershed (Ws) areas classified as developed, high intensity land use. Derived from the nlcd2001.tif (class 24) landscape raster.",No,,,2018–2019 only,Not comparable across cycles
Landscape Data,PCTURBHI2004_WSRP100,No,,,Yes,NRSA 1819 Landscape,"% of the upstream watershed (Ws) areas classified as developed, high intensity land use and within 100-m buffer of NHD stream lines (Rp100). Derived from the nlcd2004.tif (class 24) landscape raster.",No,,,2018–2019 only,Not comparable across cycles
Landscape Data,PCTURBHI2004WS,No,,,Yes,NRSA 1819 Landscape,"% of the upstream watershed (Ws) areas classified as developed, high intensity land use. Derived from the nlcd2004.tif (class 24) landscape raster.",No,,,2018–2019 only,Not comparable across cycles
Landscape Data,PCTURBHI2006_WSRP100,No,,,Yes,NRSA 1819 Landscape,"% of the upstream watershed (Ws) areas classified as developed, high intensity land use and within 100-m buffer of NHD stream lines (Rp100). Derived from the nlcd2006.tif (class 24) landscape raster.",No,,,2018–2019 only,Not comparable across cycles
Landscape Data,PCTURBHI2006WS,No,,,Yes,NRSA 1819 Landscape,"% of the upstream watershed (Ws) areas classified as developed, high intensity land use. Derived from the nlcd2006.tif (class 24) landscape raster.",No,,,2018–2019 only,Not comparable across cycles
Landscape Data,PCTURBHI2008_WSRP100,No,,,Yes,NRSA 1819 Landscape,"% of the upstream watershed (Ws) areas classified as developed, high intensity land use and within 100-m buffer of NHD stream lines (Rp100). Derived from the nlcd2008.tif (class 24) landscape raster.",No,,,2018–2019 only,Not comparable across cycles
Landscape Data,PCTURBHI2008WS,No,,,Yes,NRSA 1819 Landscape,"% of the upstream watershed (Ws) areas classified as developed, high intensity land use. Derived from the nlcd2008.tif (class 24) landscape raster.",No,,,2018–2019 only,Not comparable across cycles
Landscape Data,PCTURBHI2011_WS,Yes,NRSA 1314 Landscape Metrics,"% of watershed area classified as developed, high-intensity land use (NLCD 2011 class 24)",No,,,No,,,2013–2014 only,Not comparable across cycles
Landscape Data,PCTURBHI2011_WSRP100,No,,,Yes,NRSA 1819 Landscape,"% of the upstream watershed (Ws) areas classified as developed, high intensity land use and within 100-m buffer of NHD stream lines (Rp100). Derived from the nlcd2011.tif (class 24) landscape raster.",No,,,2018–2019 only,Not comparable across cycles
Landscape Data,PCTURBHI2011WS,No,,,Yes,NRSA 1819 Landscape,"% of the upstream watershed (Ws) areas classified as developed, high intensity land use. Derived from the nlcd2011.tif (class 24) landscape raster.",No,,,2018–2019 only,Not comparable across cycles
Landscape Data,PCTURBHI2013_WSRP100,No,,,Yes,NRSA 1819 Landscape,"% of the upstream watershed (Ws) areas classified as developed, high intensity land use and within 100-m buffer of NHD stream lines (Rp100). Derived from the nlcd2013.tif (class 24) landscape raster.",No,,,2018–2019 only,Not comparable across cycles
Landscape Data,PCTURBHI2013WS,No,,,Yes,NRSA 1819 Landscape,"% of the upstream watershed (Ws) areas classified as developed, high intensity land use. Derived from the nlcd2013.tif (class 24) landscape raster.",No,,,2018–2019 only,Not comparable across cycles
Landscape Data,PCTURBHI2016_WSRP100,No,,,Yes,NRSA 1819 Landscape,"% of the upstream watershed (Ws) areas classified as developed, high intensity land use and within 100-m buffer of NHD stream lines (Rp100). Derived from the nlcd2016.tif (class 24) landscape raster.",No,,,2018–2019 only,Not comparable across cycles
Landscape Data,PCTURBHI2016WS,No,,,Yes,NRSA 1819 Landscape,"% of the upstream watershed (Ws) areas classified as developed, high intensity land use. Derived from the nlcd2016.tif (class 24) landscape raster.",No,,,2018–2019 only,Not comparable across cycles
Landscape Data,PCTURBHI2019_WSRP100,No,,,Yes,NRSA 1819 Landscape,"% of the upstream watershed (Ws) areas classified as developed, high intensity land use and within 100-m buffer of NHD stream lines (Rp100). Derived from the nlcd2019.tif (class 24) landscape raster.",No,,,2018–2019 only,Not comparable across cycles
Landscape Data,PCTURBHI2019WS,No,,,Yes,NRSA 1819 Landscape,"% of the upstream watershed (Ws) areas classified as developed, high intensity land use. Derived from the nlcd2019.tif (class 24) landscape raster.",No,,,2018–2019 only,Not comparable across cycles
Landscape Data,PCTURBLO2001_WSRP100,No,,,Yes,NRSA 1819 Landscape,"% of the upstream watershed (Ws) areas classified as developed, low intensity land use and within 100-m buffer of NHD stream lines (Rp100). Derived from the nlcd2001.tif (class 22) landscape raster.",No,,,2018–2019 only,Not comparable across cycles
Landscape Data,PCTURBLO2001WS,No,,,Yes,NRSA 1819 Landscape,"% of the upstream watershed (Ws) areas classified as developed, low intensity land use. Derived from the nlcd2001.tif (class 22) landscape raster.",No,,,2018–2019 only,Not comparable across cycles
Landscape Data,PCTURBLO2004_WSRP100,No,,,Yes,NRSA 1819 Landscape,"% of the upstream watershed (Ws) areas classified as developed, low intensity land use and within 100-m buffer of NHD stream lines (Rp100). Derived from the nlcd2004.tif (class 22) landscape raster.",No,,,2018–2019 only,Not comparable across cycles
Landscape Data,PCTURBLO2004WS,No,,,Yes,NRSA 1819 Landscape,"% of the upstream watershed (Ws) areas classified as developed, low intensity land use. Derived from the nlcd2004.tif (class 22) landscape raster.",No,,,2018–2019 only,Not comparable across cycles
Landscape Data,PCTURBLO2006_WSRP100,No,,,Yes,NRSA 1819 Landscape,"% of the upstream watershed (Ws) areas classified as developed, low intensity land use and within 100-m buffer of NHD stream lines (Rp100). Derived from the nlcd2006.tif (class 22) landscape raster.",No,,,2018–2019 only,Not comparable across cycles
Landscape Data,PCTURBLO2006WS,No,,,Yes,NRSA 1819 Landscape,"% of the upstream watershed (Ws) areas classified as developed, low intensity land use. Derived from the nlcd2006.tif (class 22) landscape raster.",No,,,2018–2019 only,Not comparable across cycles
Landscape Data,PCTURBLO2008_WSRP100,No,,,Yes,NRSA 1819 Landscape,"% of the upstream watershed (Ws) areas classified as developed, low intensity land use and within 100-m buffer of NHD stream lines (Rp100). Derived from the nlcd2008.tif (class 22) landscape raster.",No,,,2018–2019 only,Not comparable across cycles
Landscape Data,PCTURBLO2008WS,No,,,Yes,NRSA 1819 Landscape,"% of the upstream watershed (Ws) areas classified as developed, low intensity land use. Derived from the nlcd2008.tif (class 22) landscape raster.",No,,,2018–2019 only,Not comparable across cycles
Landscape Data,PCTURBLO2011_WS,Yes,NRSA 1314 Landscape Metrics,"% of watershed area classified as developed, low-intensity land use (NLCD 2011 class 22)",No,,,No,,,2013–2014 only,Not comparable across cycles
Landscape Data,PCTURBLO2011_WSRP100,No,,,Yes,NRSA 1819 Landscape,"% of the upstream watershed (Ws) areas classified as developed, low intensity land use and within 100-m buffer of NHD stream lines (Rp100). Derived from the nlcd2011.tif (class 22) landscape raster.",No,,,2018–2019 only,Not comparable across cycles
Landscape Data,PCTURBLO2011WS,No,,,Yes,NRSA 1819 Landscape,"% of the upstream watershed (Ws) areas classified as developed, low intensity land use. Derived from the nlcd2011.tif (class 22) landscape raster.",No,,,2018–2019 only,Not comparable across cycles
Landscape Data,PCTURBLO2013_WSRP100,No,,,Yes,NRSA 1819 Landscape,"% of the upstream watershed (Ws) areas classified as developed, low intensity land use and within 100-m buffer of NHD stream lines (Rp100). Derived from the nlcd2013.tif (class 22) landscape raster.",No,,,2018–2019 only,Not comparable across cycles
Landscape Data,PCTURBLO2013WS,No,,,Yes,NRSA 1819 Landscape,"% of the upstream watershed (Ws) areas classified as developed, low intensity land use. Derived from the nlcd2013.tif (class 22) landscape raster.",No,,,2018–2019 only,Not comparable across cycles
Landscape Data,PCTURBLO2016_WSRP100,No,,,Yes,NRSA 1819 Landscape,"% of the upstream watershed (Ws) areas classified as developed, low intensity land use and within 100-m buffer of NHD stream lines (Rp100). Derived from the nlcd2016.tif (class 22) landscape raster.",No,,,2018–2019 only,Not comparable across cycles
Landscape Data,PCTURBLO2016WS,No,,,Yes,NRSA 1819 Landscape,"% of the upstream watershed (Ws) areas classified as developed, low intensity land use. Derived from the nlcd2016.tif (class 22) landscape raster.",No,,,2018–2019 only,Not comparable across cycles
Landscape Data,PCTURBLO2019_WSRP100,No,,,Yes,NRSA 1819 Landscape,"% of the upstream watershed (Ws) areas classified as developed, low intensity land use and within 100-m buffer of NHD stream lines (Rp100). Derived from the nlcd2019.tif (class 22) landscape raster.",No,,,2018–2019 only,Not comparable across cycles
Landscape Data,PCTURBLO2019WS,No,,,Yes,NRSA 1819 Landscape,"% of the upstream watershed (Ws) areas classified as developed, low intensity land use. Derived from the nlcd2019.tif (class 22) landscape raster.",No,,,2018–2019 only,Not comparable across cycles
Landscape Data,PCTURBMD2001_WSRP100,No,,,Yes,NRSA 1819 Landscape,"% of the upstream watershed (Ws) areas classified as developed, medium intensity land use and within 100-m buffer of NHD stream lines (Rp100). Derived from the nlcd2001.tif (class 23) landscape raster.",No,,,2018–2019 only,Not comparable across cycles
Landscape Data,PCTURBMD2001WS,No,,,Yes,NRSA 1819 Landscape,"% of the upstream watershed (Ws) areas classified as developed, medium intensity land use. Derived from the nlcd2001.tif (class 23) landscape raster.",No,,,2018–2019 only,Not comparable across cycles
Landscape Data,PCTURBMD2004_WSRP100,No,,,Yes,NRSA 1819 Landscape,"% of the upstream watershed (Ws) areas classified as developed, medium intensity land use and within 100-m buffer of NHD stream lines (Rp100). Derived from the nlcd2004.tif (class 23) landscape raster.",No,,,2018–2019 only,Not comparable across cycles
Landscape Data,PCTURBMD2004WS,No,,,Yes,NRSA 1819 Landscape,"% of the upstream watershed (Ws) areas classified as developed, medium intensity land use. Derived from the nlcd2004.tif (class 23) landscape raster.",No,,,2018–2019 only,Not comparable across cycles
Landscape Data,PCTURBMD2006_WSRP100,No,,,Yes,NRSA 1819 Landscape,"% of the upstream watershed (Ws) areas classified as developed, medium intensity land use and within 100-m buffer of NHD stream lines (Rp100). Derived from the nlcd2006.tif (class 23) landscape raster.",No,,,2018–2019 only,Not comparable across cycles
Landscape Data,PCTURBMD2006WS,No,,,Yes,NRSA 1819 Landscape,"% of the upstream watershed (Ws) areas classified as developed, medium intensity land use. Derived from the nlcd2006.tif (class 23) landscape raster.",No,,,2018–2019 only,Not comparable across cycles
Landscape Data,PCTURBMD2008_WSRP100,No,,,Yes,NRSA 1819 Landscape,"% of the upstream watershed (Ws) areas classified as developed, medium intensity land use and within 100-m buffer of NHD stream lines (Rp100). Derived from the nlcd2008.tif (class 23) landscape raster.",No,,,2018–2019 only,Not comparable across cycles
Landscape Data,PCTURBMD2008WS,No,,,Yes,NRSA 1819 Landscape,"% of the upstream watershed (Ws) areas classified as developed, medium intensity land use. Derived from the nlcd2008.tif (class 23) landscape raster.",No,,,2018–2019 only,Not comparable across cycles
Landscape Data,PCTURBMD2011_WS,Yes,NRSA 1314 Landscape Metrics,"% of watershed area classified as developed, medium-intensity land use (NLCD 2011 class 23)",No,,,No,,,2013–2014 only,Not comparable across cycles
Landscape Data,PCTURBMD2011_WSRP100,No,,,Yes,NRSA 1819 Landscape,"% of the upstream watershed (Ws) areas classified as developed, medium intensity land use and within 100-m buffer of NHD stream lines (Rp100). Derived from the nlcd2011.tif (class 23) landscape raster.",No,,,2018–2019 only,Not comparable across cycles
Landscape Data,PCTURBMD2011WS,No,,,Yes,NRSA 1819 Landscape,"% of the upstream watershed (Ws) areas classified as developed, medium intensity land use. Derived from the nlcd2011.tif (class 23) landscape raster.",No,,,2018–2019 only,Not comparable across cycles
Landscape Data,PCTURBMD2013_WSRP100,No,,,Yes,NRSA 1819 Landscape,"% of the upstream watershed (Ws) areas classified as developed, medium intensity land use and within 100-m buffer of NHD stream lines (Rp100). Derived from the nlcd2013.tif (class 23) landscape raster.",No,,,2018–2019 only,Not comparable across cycles
Landscape Data,PCTURBMD2013WS,No,,,Yes,NRSA 1819 Landscape,"% of the upstream watershed (Ws) areas classified as developed, medium intensity land use. Derived from the nlcd2013.tif (class 23) landscape raster.",No,,,2018–2019 only,Not comparable across cycles
Landscape Data,PCTURBMD2016_WSRP100,No,,,Yes,NRSA 1819 Landscape,"% of the upstream watershed (Ws) areas classified as developed, medium intensity land use and within 100-m buffer of NHD stream lines (Rp100). Derived from the nlcd2016.tif (class 23) landscape raster.",No,,,2018–2019 only,Not comparable across cycles
Landscape Data,PCTURBMD2016WS,No,,,Yes,NRSA 1819 Landscape,"% of the upstream watershed (Ws) areas classified as developed, medium intensity land use. Derived from the nlcd2016.tif (class 23) landscape raster.",No,,,2018–2019 only,Not comparable across cycles
Landscape Data,PCTURBMD2019_WSRP100,No,,,Yes,NRSA 1819 Landscape,"% of the upstream watershed (Ws) areas classified as developed, medium intensity land use and within 100-m buffer of NHD stream lines (Rp100). Derived from the nlcd2019.tif (class 23) landscape raster.",No,,,2018–2019 only,Not comparable across cycles
Landscape Data,PCTURBMD2019WS,No,,,Yes,NRSA 1819 Landscape,"% of the upstream watershed (Ws) areas classified as developed, medium intensity land use. Derived from the nlcd2019.tif (class 23) landscape raster.",No,,,2018–2019 only,Not comparable across cycles
Landscape Data,PCTURBOP2001_WSRP100,No,,,Yes,NRSA 1819 Landscape,"% of the upstream watershed (Ws) areas classified as developed, open space land use and within 100-m buffer of NHD stream lines (Rp100). Derived from the nlcd2001.tif (class 21) landscape raster.",No,,,2018–2019 only,Not comparable across cycles
Landscape Data,PCTURBOP2001WS,No,,,Yes,NRSA 1819 Landscape,"% of the upstream watershed (Ws) areas classified as developed, open space land use. Derived from the nlcd2001.tif (class 21) landscape raster.",No,,,2018–2019 only,Not comparable across cycles
Landscape Data,PCTURBOP2004_WSRP100,No,,,Yes,NRSA 1819 Landscape,"% of the upstream watershed (Ws) areas classified as developed, open space land use and within 100-m buffer of NHD stream lines (Rp100). Derived from the nlcd2004.tif (class 21) landscape raster.",No,,,2018–2019 only,Not comparable across cycles
Landscape Data,PCTURBOP2004WS,No,,,Yes,NRSA 1819 Landscape,"% of the upstream watershed (Ws) areas classified as developed, open space land use. Derived from the nlcd2004.tif (class 21) landscape raster.",No,,,2018–2019 only,Not comparable across cycles
Landscape Data,PCTURBOP2006_WSRP100,No,,,Yes,NRSA 1819 Landscape,"% of the upstream watershed (Ws) areas classified as developed, open space land use and within 100-m buffer of NHD stream lines (Rp100). Derived from the nlcd2006.tif (class 21) landscape raster.",No,,,2018–2019 only,Not comparable across cycles
Landscape Data,PCTURBOP2006WS,No,,,Yes,NRSA 1819 Landscape,"% of the upstream watershed (Ws) areas classified as developed, open space land use. Derived from the nlcd2006.tif (class 21) landscape raster.",No,,,2018–2019 only,Not comparable across cycles
Landscape Data,PCTURBOP2008_WSRP100,No,,,Yes,NRSA 1819 Landscape,"% of the upstream watershed (Ws) areas classified as developed, open space land use and within 100-m buffer of NHD stream lines (Rp100). Derived from the nlcd2008.tif (class 21) landscape raster.",No,,,2018–2019 only,Not comparable across cycles
Landscape Data,PCTURBOP2008WS,No,,,Yes,NRSA 1819 Landscape,"% of the upstream watershed (Ws) areas classified as developed, open space land use. Derived from the nlcd2008.tif (class 21) landscape raster.",No,,,2018–2019 only,Not comparable across cycles
Landscape Data,PCTURBOP2011_WS,Yes,NRSA 1314 Landscape Metrics,"% of watershed area classified as developed, open space land use (NLCD 2011 class 21)",No,,,No,,,2013–2014 only,Not comparable across cycles
Landscape Data,PCTURBOP2011_WSRP100,No,,,Yes,NRSA 1819 Landscape,"% of the upstream watershed (Ws) areas classified as developed, open space land use and within 100-m buffer of NHD stream lines (Rp100). Derived from the nlcd2011.tif (class 21) landscape raster.",No,,,2018–2019 only,Not comparable across cycles
Landscape Data,PCTURBOP2011WS,No,,,Yes,NRSA 1819 Landscape,"% of the upstream watershed (Ws) areas classified as developed, open space land use. Derived from the nlcd2011.tif (class 21) landscape raster.",No,,,2018–2019 only,Not comparable across cycles
Landscape Data,PCTURBOP2013_WSRP100,No,,,Yes,NRSA 1819 Landscape,"% of the upstream watershed (Ws) areas classified as developed, open space land use and within 100-m buffer of NHD stream lines (Rp100). Derived from the nlcd2013.tif (class 21) landscape raster.",No,,,2018–2019 only,Not comparable across cycles
Landscape Data,PCTURBOP2013WS,No,,,Yes,NRSA 1819 Landscape,"% of the upstream watershed (Ws) areas classified as developed, open space land use. Derived from the nlcd2013.tif (class 21) landscape raster.",No,,,2018–2019 only,Not comparable across cycles
Landscape Data,PCTURBOP2016_WSRP100,No,,,Yes,NRSA 1819 Landscape,"% of the upstream watershed (Ws) areas classified as developed, open space land use and within 100-m buffer of NHD stream lines (Rp100). Derived from the nlcd2016.tif (class 21) landscape raster.",No,,,2018–2019 only,Not comparable across cycles
Landscape Data,PCTURBOP2016WS,No,,,Yes,NRSA 1819 Landscape,"% of the upstream watershed (Ws) areas classified as developed, open space land use. Derived from the nlcd2016.tif (class 21) landscape raster.",No,,,2018–2019 only,Not comparable across cycles
Landscape Data,PCTURBOP2019_WSRP100,No,,,Yes,NRSA 1819 Landscape,"% of the upstream watershed (Ws) areas classified as developed, open space land use and within 100-m buffer of NHD stream lines (Rp100). Derived from the nlcd2019.tif (class 21) landscape raster.",No,,,2018–2019 only,Not comparable across cycles
Landscape Data,PCTURBOP2019WS,No,,,Yes,NRSA 1819 Landscape,"% of the upstream watershed (Ws) areas classified as developed, open space land use. Derived from the nlcd2019.tif (class 21) landscape raster.",No,,,2018–2019 only,Not comparable across cycles
Landscape Data,PCTVOLCANICWS,No,,,Yes,NRSA 1819 Landscape,% of the upstream watershed (Ws) classified as bedrock permeability type: Basalt and other volcanic rocks.,No,,,2018–2019 only,Not comparable across cycles
Landscape Data,PCTWATERWS,No,,,Yes,NRSA 1819 Landscape,% of the upstream watershed (Ws) classified as lithology type: water.,No,,,2018–2019 only,Not comparable across cycles
Landscape Data,PCTWDWET2001_WSRP100,No,,,Yes,NRSA 1819 Landscape,% of the upstream watershed (Ws) areas classified as woody wetland land cover and within 100-m buffer of NHD stream lines (Rp100). Derived from the nlcd2001.tif (class 90) landscape raster.,No,,,2018–2019 only,Not comparable across cycles
Landscape Data,PCTWDWET2001WS,No,,,Yes,NRSA 1819 Landscape,% of the upstream watershed (Ws) areas classified as woody wetland land cover. Derived from the nlcd2001.tif (class 90) landscape raster.,No,,,2018–2019 only,Not comparable across cycles
Landscape Data,PCTWDWET2004_WSRP100,No,,,Yes,NRSA 1819 Landscape,% of the upstream watershed (Ws) areas classified as woody wetland land cover and within 100-m buffer of NHD stream lines (Rp100). Derived from the nlcd2004.tif (class 90) landscape raster.,No,,,2018–2019 only,Not comparable across cycles
Landscape Data,PCTWDWET2004WS,No,,,Yes,NRSA 1819 Landscape,% of the upstream watershed (Ws) areas classified as woody wetland land cover. Derived from the nlcd2004.tif (class 90) landscape raster.,No,,,2018–2019 only,Not comparable across cycles
Landscape Data,PCTWDWET2006_WSRP100,No,,,Yes,NRSA 1819 Landscape,% of the upstream watershed (Ws) areas classified as woody wetland land cover and within 100-m buffer of NHD stream lines (Rp100). Derived from the nlcd2006.tif (class 90) landscape raster.,No,,,2018–2019 only,Not comparable across cycles
Landscape Data,PCTWDWET2006WS,No,,,Yes,NRSA 1819 Landscape,% of the upstream watershed (Ws) areas classified as woody wetland land cover. Derived from the nlcd2006.tif (class 90) landscape raster.,No,,,2018–2019 only,Not comparable across cycles
Landscape Data,PCTWDWET2008_WSRP100,No,,,Yes,NRSA 1819 Landscape,% of the upstream watershed (Ws) areas classified as woody wetland land cover and within 100-m buffer of NHD stream lines (Rp100). Derived from the nlcd2008.tif (class 90) landscape raster.,No,,,2018–2019 only,Not comparable across cycles
Landscape Data,PCTWDWET2008WS,No,,,Yes,NRSA 1819 Landscape,% of the upstream watershed (Ws) areas classified as woody wetland land cover. Derived from the nlcd2008.tif (class 90) landscape raster.,No,,,2018–2019 only,Not comparable across cycles
Landscape Data,PCTWDWET2011_WS,Yes,NRSA 1314 Landscape Metrics,% of watershed area classified as woody wetland land cover (NLCD 2011 class 90),No,,,No,,,2013–2014 only,Not comparable across cycles
Landscape Data,PCTWDWET2011_WSRP100,No,,,Yes,NRSA 1819 Landscape,% of the upstream watershed (Ws) areas classified as woody wetland land cover and within 100-m buffer of NHD stream lines (Rp100). Derived from the nlcd2011.tif (class 90) landscape raster.,No,,,2018–2019 only,Not comparable across cycles
Landscape Data,PCTWDWET2011WS,No,,,Yes,NRSA 1819 Landscape,% of the upstream watershed (Ws) areas classified as woody wetland land cover. Derived from the nlcd2011.tif (class 90) landscape raster.,No,,,2018–2019 only,Not comparable across cycles
Landscape Data,PCTWDWET2013_WSRP100,No,,,Yes,NRSA 1819 Landscape,% of the upstream watershed (Ws) areas classified as woody wetland land cover and within 100-m buffer of NHD stream lines (Rp100). Derived from the nlcd2013.tif (class 90) landscape raster.,No,,,2018–2019 only,Not comparable across cycles
Landscape Data,PCTWDWET2013WS,No,,,Yes,NRSA 1819 Landscape,% of the upstream watershed (Ws) areas classified as woody wetland land cover. Derived from the nlcd2013.tif (class 90) landscape raster.,No,,,2018–2019 only,Not comparable across cycles
Landscape Data,PCTWDWET2016_WSRP100,No,,,Yes,NRSA 1819 Landscape,% of the upstream watershed (Ws) areas classified as woody wetland land cover and within 100-m buffer of NHD stream lines (Rp100). Derived from the nlcd2016.tif (class 90) landscape raster.,No,,,2018–2019 only,Not comparable across cycles
Landscape Data,PCTWDWET2016WS,No,,,Yes,NRSA 1819 Landscape,% of the upstream watershed (Ws) areas classified as woody wetland land cover. Derived from the nlcd2016.tif (class 90) landscape raster.,No,,,2018–2019 only,Not comparable across cycles
Landscape Data,PCTWDWET2019_WSRP100,No,,,Yes,NRSA 1819 Landscape,% of the upstream watershed (Ws) areas classified as woody wetland land cover and within 100-m buffer of NHD stream lines (Rp100). Derived from the nlcd2019.tif (class 90) landscape raster.,No,,,2018–2019 only,Not comparable across cycles
Landscape Data,PCTWDWET2019WS,No,,,Yes,NRSA 1819 Landscape,% of the upstream watershed (Ws) areas classified as woody wetland land cover. Derived from the nlcd2019.tif (class 90) landscape raster.,No,,,2018–2019 only,Not comparable across cycles
Landscape Data,PERDUN_WS,Yes,NRSA 1314 Landscape Metrics,"Dunne overland flow, also know as saturation overland flow, is generated in a basin when the water table ""outcrops"" on the land surface (due to the infiltration and redistribution of soil moisture within the basin), thereby producing temporary saturated areas. These saturated areas generate Dunne overland flow through exfiltration of shallow ground water and by routing precipitation directly to the stream network. The data are estimated from a watershed simulation model called TOPMODEL (Wolock, 1993). The model was run throughout the conterminous U.S. and estimated percentage of Dunne overland flow in total streamflow was quantified (Wolock, 2003).",No,,,No,,,2013–2014 only,Not comparable across cycles
Landscape Data,PERDUN_WS_PCTFULL,No,,,Yes,NRSA 1819 Landscape,"Percent of area with data for Dunne overland flow, also know as saturation overland flow, is generated in a basin when the water table \outcrops\\ on the land surface (due to the infiltration and redistribution of soil moisture within the basin), thereby producing temporary saturated areas. These saturated areas generate Dunne overland flow through exfiltration of shallow ground water and by routing precipitation directly to the stream network. The data are estimated from a watershed simulation model called TOPMODEL (Wolock, 1993). The model was run throughout the conterminous U.S. and estimated percentage of Dunne overland flow in total streamflow was quantified (Wolock, 2003).\""""",No,,,2018–2019 only,Not comparable across cycles
Landscape Data,PERDUNWS,No,,,Yes,NRSA 1819 Landscape,"Dunne overland flow, also know as saturation overland flow, is generated in a basin when the water table \outcrops\\ on the land surface (due to the infiltration and redistribution of soil moisture within the basin), thereby producing temporary saturated areas. These saturated areas generate Dunne overland flow through exfiltration of shallow ground water and by routing precipitation directly to the stream network. The data are estimated from a watershed simulation model called TOPMODEL (Wolock, 1993). The model was run throughout the conterminous U.S. and estimated percentage of Dunne overland flow in total streamflow was quantified (Wolock, 2003).\""""",No,,,2018–2019 only,Not comparable across cycles
Landscape Data,PERHOR_WS,Yes,NRSA 1314 Landscape Metrics,"Horton overland flow, also known as infiltration-excess overland flow, is generated in a basin when infiltration rates are exceeded by precipitation rates. The data are estimated from a watershed simulation model called TOPMODEL (Wolock, 1993). The model was run throughout the conterminous U.S. and estimated percentage of Horton overland flow in total streamflow was quantified (Wolock, 2003).",No,,,No,,,2013–2014 only,Not comparable across cycles
Landscape Data,PERHOR_WS_PCTFULL,No,,,Yes,NRSA 1819 Landscape,"Percent of area with data for Horton overland flow, also known as infiltration-excess overland flow, is generated in a basin when infiltration rates are exceeded by precipitation rates. The data are estimated from a watershed simulation model called TOPMODEL (Wolock, 1993). The model was run throughout the conterminous U.S. and estimated percentage of Horton overland flow in total streamflow was quantified (Wolock, 2003).",No,,,2018–2019 only,Not comparable across cycles
Landscape Data,PERHORWS,No,,,Yes,NRSA 1819 Landscape,"Horton overland flow, also known as infiltration-excess overland flow, is generated in a basin when infiltration rates are exceeded by precipitation rates. The data are estimated from a watershed simulation model called TOPMODEL (Wolock, 1993). The model was run throughout the conterminous U.S. and estimated percentage of Horton overland flow in total streamflow was quantified (Wolock, 2003).",No,,,2018–2019 only,Not comparable across cycles
Landscape Data,PERM_WS_PCTFULL,No,,,Yes,NRSA 1819 Landscape,Percent of area with data for Mean of all perm values within upstream watershed (Ws).,No,,,2018–2019 only,Not comparable across cycles
Landscape Data,PERMH_WS,Yes,NRSA 1314 Landscape Metrics,Watershed mean of the high values of permeability (inches/hour) of soils from the State Soil Geographic (STATSGO) Database,No,,,No,,,2013–2014 only,Not comparable across cycles
Landscape Data,PERMH_WS_PCTFULL,No,,,Yes,NRSA 1819 Landscape,Percent of area with data for Watershed mean of the high values of permeability (inches/hour) of soils from the State Soil Geographic (STATSGO) Database,No,,,2018–2019 only,Not comparable across cycles
Landscape Data,PERMHWS,No,,,Yes,NRSA 1819 Landscape,Watershed mean of the high values of permeability (inches/hour) of soils from the State Soil Geographic (STATSGO) Database,No,,,2018–2019 only,Not comparable across cycles
Landscape Data,PERMWS,No,,,Yes,NRSA 1819 Landscape,Mean of all perm values within upstream watershed (Ws).,No,,,2018–2019 only,Not comparable across cycles
Landscape Data,PESTIC97_WS_PCTFULL,No,,,Yes,NRSA 1819 Landscape,Percent of area with data for Mean of all pestic.tif values within upstream watershed (Ws).,No,,,2018–2019 only,Not comparable across cycles
Landscape Data,PESTIC97WS,No,,,Yes,NRSA 1819 Landscape,Mean of all pestic.tif values within upstream watershed (Ws).,No,,,2018–2019 only,Not comparable across cycles
Landscape Data,PMAX_WS,Yes,NRSA 1314 Landscape Metrics,"GIS raster calculated as ?(MAXxi) / 30, where xi = the modeled total precipitation (mm) for month i (1-12). Values based on 30 years (1971-2000) of PRISM climate estimates. Each value represents a 900 x 900 meter cell. Mean of all Pmax values within the watershed upstream of the sampling point (?Pmax i / n, where i = each of n pixels within the watershed).",No,,,No,,,2013–2014 only,Not comparable across cycles
Landscape Data,PMAX_WS_PCTFULL,No,,,Yes,NRSA 1819 Landscape,"Percent of area with data for GIS raster calculated as (MAXxi) / 30, where xi = the modeled total precipitation (mm) for month i (1-12). Values based on 30 years (1971-2000) of PRISM climate estimates. Each value represents a 900 x 900 meter cell. Mean of all Pmax values within the watershed upstream of the sampling point (?Pmax i / n, where i = each of n pixels within the watershed).",No,,,2018–2019 only,Not comparable across cycles
Landscape Data,PMAXWS,No,,,Yes,NRSA 1819 Landscape,"GIS raster calculated as (MAXxi) / 30, where xi = the modeled total precipitation (mm) for month i (1-12). Values based on 30 years (1971-2000) of PRISM climate estimates. Each value represents a 900 x 900 meter cell. Mean of all Pmax values within the watershed upstream of the sampling point (?Pmax i / n, where i = each of n pixels within the watershed).",No,,,2018–2019 only,Not comparable across cycles
Landscape Data,PMIN_WS,Yes,NRSA 1314 Landscape Metrics,"GIS raster calculated as ?MINxi / 30, where xi = the modeled total precipitation (mm) for month i (1-12). Values based on 30 years (1971-2000) of PRISM climate estimates. Each value represents a 900 x 900 meter cell. Mean of all Pmin values within the watershed upstream of the sampling point (?Pmin i / n, where i = each of n pixels within the watershed).",No,,,No,,,2013–2014 only,Not comparable across cycles
Landscape Data,PMIN_WS_PCTFULL,No,,,Yes,NRSA 1819 Landscape,"Percent of area with data for GIS raster calculated as (MINxi) / 30, where xi = the modeled total precipitation (mm) for month i (1-12). Values based on 30 years (1971-2000) of PRISM climate estimates. Each value represents a 900 x 900 meter cell. Mean of all Pmin values within the watershed upstream of the sampling point (?Pmin i / n, where i = each of n pixels within the watershed).",No,,,2018–2019 only,Not comparable across cycles
Landscape Data,PMINWS,No,,,Yes,NRSA 1819 Landscape,"GIS raster calculated as (MINxi) / 30, where xi = the modeled total precipitation (mm) for month i (1-12). Values based on 30 years (1971-2000) of PRISM climate estimates. Each value represents a 900 x 900 meter cell. Mean of all Pmin values within the watershed upstream of the sampling point (?Pmin i / n, where i = each of n pixels within the watershed).",No,,,2018–2019 only,Not comparable across cycles
Landscape Data,POPDEN2010_WS_PCTFULL,No,,,Yes,NRSA 1819 Landscape,Percent of area with data for Mean of all popden2010 values within the upstream watershed (Ws).,No,,,2018–2019 only,Not comparable across cycles
Landscape Data,POPDEN2010_WS_PCTFULLRP100,No,,,Yes,NRSA 1819 Landscape,Percent of area with data for Mean of all popden2010 values within the upstream watershed (Ws) within a 100-m wide buffer of the NHD stream lines (Rp100). Derived as the intersection between Rp100 and popden2010 landscape layers.,No,,,2018–2019 only,Not comparable across cycles
Landscape Data,POPDEN2010WS,No,,,Yes,NRSA 1819 Landscape,Mean of all popden2010 values within the upstream watershed (Ws).,No,,,2018–2019 only,Not comparable across cycles
Landscape Data,POPDEN2010WSRP100,No,,,Yes,NRSA 1819 Landscape,Mean of all popden2010 values within the upstream watershed (Ws) within a 100-m wide buffer of the NHD stream lines (Rp100). Derived as the intersection between Rp100 and popden2010 landscape layers.,No,,,2018–2019 only,Not comparable across cycles
Landscape Data,PRECIP_WS,Yes,NRSA 1314 Landscape Metrics,"Mean annual precip (cm) for the watershed, from 800m PRISM data. 30 years period of record 1971-2000.",No,,,No,,,2013–2014 only,Not comparable across cycles
Landscape Data,PRECIP_WS_PCTFULL,No,,,Yes,NRSA 1819 Landscape,"Percent of area with data for mean annual precip (cm) for the watershed, from 800m PRISM data. 30 years period of record 1971-2000.",No,,,2018–2019 only,Not comparable across cycles
Landscape Data,PRECIP08WS,No,,,Yes,NRSA 1819 Landscape,"PRISM climate data - mean precipitation (mm):, within the upstream watershed (Ws). This metric was derived to support modeling of stream biological condition based on the 2008-2009 NRSA.",No,,,2018–2019 only,Not comparable across cycles
Landscape Data,PRECIP09WS,No,,,Yes,NRSA 1819 Landscape,"PRISM climate data - mean precipitation (mm):, within the upstream watershed (Ws). This metric was derived to support modeling of stream biological condition based on the 2008-2009 NRSA.",No,,,2018–2019 only,Not comparable across cycles
Landscape Data,PRECIP8110WS,No,,,Yes,NRSA 1819 Landscape,"PRISM climate data - 30-year average annual normal precipitation (mm):, within the upstream watershed (Ws)",No,,,2018–2019 only,Not comparable across cycles
Landscape Data,PRISMPPT_2008_WS_PCTFULL,No,,,Yes,NRSA 1819 Landscape,"Percent of area with data for PRISM climate data - mean precipitation (mm):, within the upstream watershed (Ws). This metric was derived to support modeling of stream biological condition based on the 2008-2009 NRSA.",No,,,2018–2019 only,Not comparable across cycles
Landscape Data,PRISMPPT_2009_WS_PCTFULL,No,,,Yes,NRSA 1819 Landscape,"Percent of area with data for PRISM climate data - mean precipitation (mm):, within the upstream watershed (Ws). This metric was derived to support modeling of stream biological condition based on the 2008-2009 NRSA.",No,,,2018–2019 only,Not comparable across cycles
Landscape Data,PSUM_PT,Yes,NRSA 1314 Landscape Metrics,"Annual sum of the predicted mean monthly precipitation (mm) derived from the PRISM data for the sampling site. Calculated as sum Xi, where Xi = the predicted mean precipitation for month i (1-12) derived from 29 years of record (1961-1990).",No,,,No,,,2013–2014 only,Not comparable across cycles
Landscape Data,PSUM_WS,Yes,NRSA 1314 Landscape Metrics,"Annual sum of the predicted mean monthly precipitation (mm) derived from the PRISM data for the watershed. Calculated as sum Xi, where Xi = the predicted mean precipitation for month i (1-12) derived from 29 years of record (1961-1990).",No,,,No,,,2013–2014 only,Not comparable across cycles
Landscape Data,PSUMPY_2004_PT,No,,,Yes,NRSA 1819 Landscape,"GIS raster value at site location calculated as xi, where xi = the modeled total precipitation (mm) for month i (5-12) of the previous year and month i (1-4) of the sampling year. This value estimates the total precipitation for the 12 months prior to the field sampling season. Each value represents a 2 x 2 kilometer cell (http://www.prism.oregonstate.edu).",No,,,2018–2019 only,Not comparable across cycles
Landscape Data,PSUMPY_2004_WS_PCTFULL,No,,,Yes,NRSA 1819 Landscape,"Percent of area with data for GIS raster calculated as xi, where xi = the modeled total precipitation (mm) for month i (5-12) of the previous year and month i (1-4) of the sampling year. This value estimates the total precipitation for the 12 months prior to the field sampling season. Each value represents a 2 x 2 kilometer cell (http://www.prism.oregonstate.edu).",No,,,2018–2019 only,Not comparable across cycles
Landscape Data,PSUMPY_2004WS,No,,,Yes,NRSA 1819 Landscape,"GIS raster calculated as xi, where xi = the modeled total precipitation (mm) for month i (5-12) of the previous year and month i (1-4) of the sampling year. This value estimates the total precipitation for the 12 months prior to the field sampling season. Each value represents a 2 x 2 kilometer cell (http://www.prism.oregonstate.edu).",No,,,2018–2019 only,Not comparable across cycles
Landscape Data,PSUMPY_2005_PT,No,,,Yes,NRSA 1819 Landscape,"GIS raster value at site location calculated as xi, where xi = the modeled total precipitation (mm) for month i (5-12) of the previous year and month i (1-4) of the sampling year. This value estimates the total precipitation for the 12 months prior to the field sampling season. Each value represents a 2 x 2 kilometer cell (http://www.prism.oregonstate.edu).",No,,,2018–2019 only,Not comparable across cycles
Landscape Data,PSUMPY_2005_WS_PCTFULL,No,,,Yes,NRSA 1819 Landscape,"Percent of area with data for GIS raster calculated as xi, where xi = the modeled total precipitation (mm) for month i (5-12) of the previous year and month i (1-4) of the sampling year. This value estimates the total precipitation for the 12 months prior to the field sampling season. Each value represents a 2 x 2 kilometer cell (http://www.prism.oregonstate.edu).",No,,,2018–2019 only,Not comparable across cycles
Landscape Data,PSUMPY_2005WS,No,,,Yes,NRSA 1819 Landscape,"GIS raster calculated as xi, where xi = the modeled total precipitation (mm) for month i (5-12) of the previous year and month i (1-4) of the sampling year. This value estimates the total precipitation for the 12 months prior to the field sampling season. Each value represents a 2 x 2 kilometer cell (http://www.prism.oregonstate.edu).",No,,,2018–2019 only,Not comparable across cycles
Landscape Data,PSUMPY_2008_PT,No,,,Yes,NRSA 1819 Landscape,"GIS raster value at site location calculated as xi, where xi = the modeled total precipitation (mm) for month i (5-12) of the previous year and month i (1-4) of the sampling year. This value estimates the total precipitation for the 12 months prior to the field sampling season. Each value represents a 2 x 2 kilometer cell (http://www.prism.oregonstate.edu).",No,,,2018–2019 only,Not comparable across cycles
Landscape Data,PSUMPY_2008_WS_PCTFULL,No,,,Yes,NRSA 1819 Landscape,"Percent of area with data for GIS raster calculated as xi, where xi = the modeled total precipitation (mm) for month i (5-12) of the previous year and month i (1-4) of the sampling year. This value estimates the total precipitation for the 12 months prior to the field sampling season. Each value represents a 2 x 2 kilometer cell (http://www.prism.oregonstate.edu).",No,,,2018–2019 only,Not comparable across cycles
Landscape Data,PSUMPY_2008WS,No,,,Yes,NRSA 1819 Landscape,"GIS raster calculated as xi, where xi = the modeled total precipitation (mm) for month i (5-12) of the previous year and month i (1-4) of the sampling year. This value estimates the total precipitation for the 12 months prior to the field sampling season. Each value represents a 2 x 2 kilometer cell (http://www.prism.oregonstate.edu).",No,,,2018–2019 only,Not comparable across cycles
Landscape Data,PSUMPY_2009_PT,No,,,Yes,NRSA 1819 Landscape,"GIS raster value at site location calculated as xi, where xi = the modeled total precipitation (mm) for month i (5-12) of the previous year and month i (1-4) of the sampling year. This value estimates the total precipitation for the 12 months prior to the field sampling season. Each value represents a 2 x 2 kilometer cell (http://www.prism.oregonstate.edu).",No,,,2018–2019 only,Not comparable across cycles
Landscape Data,PSUMPY_2009_WS_PCTFULL,No,,,Yes,NRSA 1819 Landscape,"Percent of area with data for GIS raster calculated as xi, where xi = the modeled total precipitation (mm) for month i (5-12) of the previous year and month i (1-4) of the sampling year. This value estimates the total precipitation for the 12 months prior to the field sampling season. Each value represents a 2 x 2 kilometer cell (http://www.prism.oregonstate.edu).",No,,,2018–2019 only,Not comparable across cycles
Landscape Data,PSUMPY_2009WS,No,,,Yes,NRSA 1819 Landscape,"GIS raster calculated as xi, where xi = the modeled total precipitation (mm) for month i (5-12) of the previous year and month i (1-4) of the sampling year. This value estimates the total precipitation for the 12 months prior to the field sampling season. Each value represents a 2 x 2 kilometer cell (http://www.prism.oregonstate.edu).",No,,,2018–2019 only,Not comparable across cycles
Landscape Data,PSUMPY_2013_PT,Yes,NRSA 1314 Landscape Metrics,"GIS raster calculated as xi, where xi = the modeled total precipitation (mm) for month i (5-12) of the previous year and month i (1-4) of the sampling year. This value estimates the total precipitation for the 12 months prior to the field sampling season. Each value represents a 2 x 2 kilometer cell (http://www.prism.oregonstate.edu).",Yes,NRSA 1819 Landscape,"GIS raster value at site location calculated as xi, where xi = the modeled total precipitation (mm) for month i (5-12) of the previous year and month i (1-4) of the sampling year. This value estimates the total precipitation for the 12 months prior to the field sampling season. Each value represents a 2 x 2 kilometer cell (http://www.prism.oregonstate.edu).",No,,,2013–2014 + 2018–2019,EPA label differs and/or is blank across cycles
Landscape Data,PSUMPY_2013_WS,Yes,NRSA 1314 Landscape Metrics,"GIS raster calculated as xi, where xi = the modeled total precipitation (mm) for month i (5-12) of the previous year and month i (1-4) of the sampling year. This value estimates the total precipitation for the 12 months prior to the field sampling season. Each value represents a 2 x 2 kilometer cell (http://www.prism.oregonstate.edu).",No,,,No,,,2013–2014 only,Not comparable across cycles
Landscape Data,PSUMPY_2013_WS_PCTFULL,No,,,Yes,NRSA 1819 Landscape,"Percent of area with data for GIS raster calculated as xi, where xi = the modeled total precipitation (mm) for month i (5-12) of the previous year and month i (1-4) of the sampling year. This value estimates the total precipitation for the 12 months prior to the field sampling season. Each value represents a 2 x 2 kilometer cell (http://www.prism.oregonstate.edu).",No,,,2018–2019 only,Not comparable across cycles
Landscape Data,PSUMPY_2013WS,No,,,Yes,NRSA 1819 Landscape,"GIS raster calculated as xi, where xi = the modeled total precipitation (mm) for month i (5-12) of the previous year and month i (1-4) of the sampling year. This value estimates the total precipitation for the 12 months prior to the field sampling season. Each value represents a 2 x 2 kilometer cell (http://www.prism.oregonstate.edu).",No,,,2018–2019 only,Not comparable across cycles
Landscape Data,PSUMPY_2014_PT,Yes,NRSA 1314 Landscape Metrics,"GIS raster calculated as xi, where xi = the modeled total precipitation (mm) for month i (5-12) of the previous year and month i (1-4) of the sampling year. This value estimates the total precipitation for the 12 months prior to the field sampling season. Each value represents a 2 x 2 kilometer cell (http://www.prism.oregonstate.edu).",Yes,NRSA 1819 Landscape,"GIS raster value at site location calculated as xi, where xi = the modeled total precipitation (mm) for month i (5-12) of the previous year and month i (1-4) of the sampling year. This value estimates the total precipitation for the 12 months prior to the field sampling season. Each value represents a 2 x 2 kilometer cell (http://www.prism.oregonstate.edu).",No,,,2013–2014 + 2018–2019,EPA label differs and/or is blank across cycles
Landscape Data,PSUMPY_2014_WS,Yes,NRSA 1314 Landscape Metrics,"GIS raster calculated as xi, where xi = the modeled total precipitation (mm) for month i (5-12) of the previous year and month i (1-4) of the sampling year. This value estimates the total precipitation for the 12 months prior to the field sampling season. Each value represents a 2 x 2 kilometer cell (http://www.prism.oregonstate.edu).",No,,,No,,,2013–2014 only,Not comparable across cycles
Landscape Data,PSUMPY_2014_WS_PCTFULL,No,,,Yes,NRSA 1819 Landscape,"Percent of area with data for GIS raster calculated as xi, where xi = the modeled total precipitation (mm) for month i (5-12) of the previous year and month i (1-4) of the sampling year. This value estimates the total precipitation for the 12 months prior to the field sampling season. Each value represents a 2 x 2 kilometer cell (http://www.prism.oregonstate.edu).",No,,,2018–2019 only,Not comparable across cycles
Landscape Data,PSUMPY_2014WS,No,,,Yes,NRSA 1819 Landscape,"GIS raster calculated as xi, where xi = the modeled total precipitation (mm) for month i (5-12) of the previous year and month i (1-4) of the sampling year. This value estimates the total precipitation for the 12 months prior to the field sampling season. Each value represents a 2 x 2 kilometer cell (http://www.prism.oregonstate.edu).",No,,,2018–2019 only,Not comparable across cycles
Landscape Data,PSUMPY_2018_PT,No,,,Yes,NRSA 1819 Landscape,"GIS raster value at site location calculated as xi, where xi = the modeled total precipitation (mm) for month i (5-12) of the previous year and month i (1-4) of the sampling year. This value estimates the total precipitation for the 12 months prior to the field sampling season. Each value represents a 2 x 2 kilometer cell (http://www.prism.oregonstate.edu).",No,,,2018–2019 only,Not comparable across cycles
Landscape Data,PSUMPY_2018_WS_PCTFULL,No,,,Yes,NRSA 1819 Landscape,"Percent of area with data for GIS raster calculated as xi, where xi = the modeled total precipitation (mm) for month i (5-12) of the previous year and month i (1-4) of the sampling year. This value estimates the total precipitation for the 12 months prior to the field sampling season. Each value represents a 2 x 2 kilometer cell (http://www.prism.oregonstate.edu).",No,,,2018–2019 only,Not comparable across cycles
Landscape Data,PSUMPY_2018WS,No,,,Yes,NRSA 1819 Landscape,"GIS raster calculated as xi, where xi = the modeled total precipitation (mm) for month i (5-12) of the previous year and month i (1-4) of the sampling year. This value estimates the total precipitation for the 12 months prior to the field sampling season. Each value represents a 2 x 2 kilometer cell (http://www.prism.oregonstate.edu).",No,,,2018–2019 only,Not comparable across cycles
Landscape Data,PSUMPY_2019_PT,No,,,Yes,NRSA 1819 Landscape,"GIS raster value at site location calculated as xi, where xi = the modeled total precipitation (mm) for month i (5-12) of the previous year and month i (1-4) of the sampling year. This value estimates the total precipitation for the 12 months prior to the field sampling season. Each value represents a 2 x 2 kilometer cell (http://www.prism.oregonstate.edu).",No,,,2018–2019 only,Not comparable across cycles
Landscape Data,PSUMPY_2019_WS_PCTFULL,No,,,Yes,NRSA 1819 Landscape,"Percent of area with data for GIS raster calculated as xi, where xi = the modeled total precipitation (mm) for month i (5-12) of the previous year and month i (1-4) of the sampling year. This value estimates the total precipitation for the 12 months prior to the field sampling season. Each value represents a 2 x 2 kilometer cell (http://www.prism.oregonstate.edu).",No,,,2018–2019 only,Not comparable across cycles
Landscape Data,PSUMPY_2019WS,No,,,Yes,NRSA 1819 Landscape,"GIS raster calculated as xi, where xi = the modeled total precipitation (mm) for month i (5-12) of the previous year and month i (1-4) of the sampling year. This value estimates the total precipitation for the 12 months prior to the field sampling season. Each value represents a 2 x 2 kilometer cell (http://www.prism.oregonstate.edu).",No,,,2018–2019 only,Not comparable across cycles
Landscape Data,QTSDVOL,No,,,Yes,NRSA 1819 Landscape,"Percentage of the watershed covered by any of the geology types QTRNRY, SDMNTRY, or VOLCANIC. Values 5, 6, or 7. (Reed & Bush, 2001)",No,,,2018–2019 only,Not comparable across cycles
Landscape Data,RCKDEP_WS_PCTFULL,No,,,Yes,NRSA 1819 Landscape,Percent of area with data for Mean of all rckdep values within the upstream watershed (Ws).,No,,,2018–2019 only,Not comparable across cycles
Landscape Data,RCKDEPWS,No,,,Yes,NRSA 1819 Landscape,Mean of all rckdep values within the upstream watershed (Ws).,No,,,2018–2019 only,Not comparable across cycles
Landscape Data,RDCRS_WS_PCTFULL,No,,,Yes,NRSA 1819 Landscape,Percent of area with data for Sum of all rdstrcrs values within the upstream watershed (Ws) divided by the area of each Cat and Ws.,No,,,2018–2019 only,Not comparable across cycles
Landscape Data,RDCRSSLPWTDWS,No,,,Yes,NRSA 1819 Landscape,Sum of all rdstrcrs values within the upstream watershed (Ws) multiplied by NHDPlusV21 slope and divided by the area of each Cat and Ws.,No,,,2018–2019 only,Not comparable across cycles
Landscape Data,RDCRSWS,No,,,Yes,NRSA 1819 Landscape,Sum of all rdstrcrs values within the upstream watershed (Ws) divided by the area of each Cat and Ws.,No,,,2018–2019 only,Not comparable across cycles
Landscape Data,RDDENS_WS,Yes,NRSA 1314 Landscape Metrics,Watershed road density (km/km2),No,,,No,,,2013–2014 only,Not comparable across cycles
Landscape Data,RDDENS_WS_PCTFULL,No,,,Yes,NRSA 1819 Landscape,Percent of area with data for Mean of all rddens values within the upstream watershed (Ws).,No,,,2018–2019 only,Not comparable across cycles
Landscape Data,RDDENS_WS_PCTFULLRP100,No,,,Yes,NRSA 1819 Landscape,Percent of area with data for Density of roads (2010 Census Tiger Lines) within watershed and within a 100-m buffer of NHD stream lines (km/square km),No,,,2018–2019 only,Not comparable across cycles
Landscape Data,RDDENSWS,No,,,Yes,NRSA 1819 Landscape,Mean of all rddens values within the upstream watershed (Ws).,No,,,2018–2019 only,Not comparable across cycles
Landscape Data,RDDENSWSRP100,No,,,Yes,NRSA 1819 Landscape,Density of roads (2010 Census Tiger Lines) within watershed and within a 100-m buffer of NHD stream lines (km/square km),No,,,2018–2019 only,Not comparable across cycles
Landscape Data,RDH_PT,Yes,NRSA 1314 Landscape Metrics,Site mean of the high values of depth to bedrock (inches) of soils from the State Soil Geographic (STATSGO) Database.,Yes,NRSA 1819 Landscape,Site mean of the high values of depth to bedrock (inches) of soils from the State Soil Geographic (STATSGO) Database.,No,,,2013–2014 + 2018–2019,Same/equivalent EPA label across available cycles
Landscape Data,RDH_WS,Yes,NRSA 1314 Landscape Metrics,Site mean of the high values of depth to bedrock (inches) of soils from the State Soil Geographic (STATSGO) Database.,No,,,No,,,2013–2014 only,Not comparable across cycles
Landscape Data,RDH_WS_PCTFULL,No,,,Yes,NRSA 1819 Landscape,Percent of area with data for Site mean of the high values of depth to bedrock (inches) of soils from the State Soil Geographic (STATSGO) Database.,No,,,2018–2019 only,Not comparable across cycles
Landscape Data,RDHWS,No,,,Yes,NRSA 1819 Landscape,Site mean of the high values of depth to bedrock (inches) of soils from the State Soil Geographic (STATSGO) Database.,No,,,2018–2019 only,Not comparable across cycles
Landscape Data,REACH_COMID,Yes,NRSA 1314 Landscape Metrics,NHDPlus COMID for the stream reach,No,,,No,,,2013–2014 only,Not comparable across cycles
Landscape Data,RHMEAN_PT,Yes,NRSA 1314 Landscape Metrics,"GIS raster calculated as (SUMxi / 12) / 30, where xi = the modeled mean relative humidity (%) for month i (1-12). Values based on 30 years (1961-1990) of PRISM climate estimates. Each value represents a 2 x 2 kilometer cell",Yes,NRSA 1819 Landscape,"GIS raster calculated as (SUMxi / 12) / 30, where xi = the modeled mean relative humidity (%) for month i (1-12). Values based on 30 years (1961-1990) of PRISM climate estimates. Each value represents a 2 x 2 kilometer cell",No,,,2013–2014 + 2018–2019,Same/equivalent EPA label across available cycles
Landscape Data,RHMEAN_WS,Yes,NRSA 1314 Landscape Metrics,"Watershed average relative humidity (percent), from 2km PRISM, derived from 30 years of record (1961-1990).",No,,,No,,,2013–2014 only,Not comparable across cycles
Landscape Data,RHMEAN_WS_PCTFULL,No,,,Yes,NRSA 1819 Landscape,"Percent of area with data for Watershed average relative humidity (percent), from 2km PRISM, derived from 30 years of record (1961-1990).",No,,,2018–2019 only,Not comparable across cycles
Landscape Data,RHMEANWS,No,,,Yes,NRSA 1819 Landscape,"Watershed average relative humidity (percent), from 2km PRISM, derived from 30 years of record (1961-1990).",No,,,2018–2019 only,Not comparable across cycles
Landscape Data,RPU,No,,,Yes,NRSA 1819 Landscape,"Raster Processing Unit that the site falls in, from NHDPlusV21.",No,,,2018–2019 only,Not comparable across cycles
Landscape Data,RUNOFF_WS,Yes,NRSA 1314 Landscape Metrics,"Estimated watershed annual runoff, mm/year, mean for the period 1971-2000. Estimation method integrated effects of climate, land use, water use, regulation, etc. The base data layer was estimated from historical USGS streamflow data and hydrologic cataloging units in the conterminous U.S., following the appraoch of Krug and others (1989).",No,,,No,,,2013–2014 only,Not comparable across cycles
Landscape Data,RUNOFF_WS_PCTFULL,No,,,Yes,NRSA 1819 Landscape,Percent of area with data for Mean of all runoff values within the upstream watershed (Ws).,No,,,2018–2019 only,Not comparable across cycles
Landscape Data,RUNOFFWS,No,,,Yes,NRSA 1819 Landscape,Mean of all runoff values within the upstream watershed (Ws).,No,,,2018–2019 only,Not comparable across cycles
Landscape Data,S_WS_PCTFULL,No,,,Yes,NRSA 1819 Landscape,Percent of area with data for Mean of all S values within the upstream watershed (Ws).,No,,,2018–2019 only,Not comparable across cycles
Landscape Data,SAND_WS_PCTFULL,No,,,Yes,NRSA 1819 Landscape,Percent of area with data for Mean of all sand values within the upstream watershed (Ws).,No,,,2018–2019 only,Not comparable across cycles
Landscape Data,SANDWS,No,,,Yes,NRSA 1819 Landscape,Mean of all sand values within the upstream watershed (Ws).,No,,,2018–2019 only,Not comparable across cycles
Landscape Data,SIO2_WS_PCTFULL,No,,,Yes,NRSA 1819 Landscape,Percent of area with data for Mean of all SiO2 values within the upstream watershed (Ws).,No,,,2018–2019 only,Not comparable across cycles
Landscape Data,SIO2WS,No,,,Yes,NRSA 1819 Landscape,Mean of all SiO2 values within the upstream watershed (Ws).,No,,,2018–2019 only,Not comparable across cycles
Landscape Data,SITE_ID,Yes,NRSA 1314 Landscape Metrics,"Site ID for the study and year sampled. Preferred form is NRSnn_MM-xxxxx where nn is current cycle year (04, 08, 13, 18, etc), MM is two letter state code, and xxxxx is between 10001 and 99999. Text. No missing values allowed. | Unique Site ID assigned for NRSA13-14 | Site ID",Yes,NRSA 1819 Landscape,"Site ID | Site ID for the study and year sampled. Preferred form is NRSnn_MM-xxxxx where nn is current cycle year (04, 08, 13, 18, etc), MM is two letter state code, and xxxxx is between 10001 and 99999. No missing or \blank\"" values allowed."" | Unique Site ID assigned for NRSA13-14",No,,,2013–2014 + 2018–2019,Same/equivalent EPA label across available cycles
Landscape Data,SITETYPE,Yes,NRSA 1314 Landscape Metrics,Site type (Probability-based or hand-picked),No,,,No,,,2013–2014 only,Not comparable across cycles
Landscape Data,SN_2008_WS_PCTFULL,No,,,Yes,NRSA 1819 Landscape,"Percent of area with data for Annual average of preciptiation-weighted mean deposition for average sulfur & nitrogen concentration for year, 2008, within the upstream watershed (Ws).",No,,,2018–2019 only,Not comparable across cycles
Landscape Data,SN_2008WS,No,,,Yes,NRSA 1819 Landscape,"Annual average of preciptiation-weighted mean deposition for average sulfur & nitrogen concentration for year, 2008, within the upstream watershed (Ws).",No,,,2018–2019 only,Not comparable across cycles
Landscape Data,SUPERFUND_WS_PCTFULL,No,,,Yes,NRSA 1819 Landscape,Percent of area with data for density of georeferenced Superfund sites (Superfund.shp) within the upstream watershed (Ws).,No,,,2018–2019 only,Not comparable across cycles
Landscape Data,SUPERFUND_WS_PCTFULLRP100,No,,,Yes,NRSA 1819 Landscape,Percent of area with data for density of georeferenced Superfund sites (Superfund.shp) within the upstream watershed (Ws) within a 100-m buffer (Rp100) of the NHD stream lines. Derived as the intersection between RpRp100 and Superfund.shp landscape layers.,No,,,2018–2019 only,Not comparable across cycles
Landscape Data,SUPERFUNDDENSWS,No,,,Yes,NRSA 1819 Landscape,Density of georeferenced Superfund sites (Superfund.shp) within the upstream watershed (Ws).,No,,,2018–2019 only,Not comparable across cycles
Landscape Data,SUPERFUNDDENSWSRP100,No,,,Yes,NRSA 1819 Landscape,Density of georeferenced Superfund sites (Superfund.shp) within the upstream watershed (Ws) within a 100-m buffer (Rp100) of the NHD stream lines. Derived as the intersection between RpRp100 and Superfund.shp landscape layers.,No,,,2018–2019 only,Not comparable across cycles
Landscape Data,SWS,No,,,Yes,NRSA 1819 Landscape,Mean of all S values within the upstream watershed (Ws).,No,,,2018–2019 only,Not comparable across cycles
Landscape Data,TMAX_WS,Yes,NRSA 1314 Landscape Metrics,"Watershed average of maximum monthly air temperature (degrees C) from 800m PRISM, derived from 30 years of record (1971-2000).",No,,,No,,,2013–2014 only,Not comparable across cycles
Landscape Data,TMAX_WS_PCTFULL,No,,,Yes,NRSA 1819 Landscape,"Percent of area with data for PRISM climate data - 30-year average annual normal maxmum air temperature (C°):, within the upstream watershed (Ws)",No,,,2018–2019 only,Not comparable across cycles
Landscape Data,TMAX8110WS,No,,,Yes,NRSA 1819 Landscape,"PRISM climate data - 30-year average annual normal maxmum air temperature (C°):, within the upstream watershed (Ws)",No,,,2018–2019 only,Not comparable across cycles
Landscape Data,TMEAN_PW_2004_PT,No,,,Yes,NRSA 1819 Landscape,"GIS raster value at site location calculated as xi / 3, where xi = the modeled mean air temperature (°C) for month i (12) of the previous year and month i (1-2) of the sample year. The modeled monthly mean air temperature (xi) is the average of the minimum and maximum monthly air temperatures (http://www.prism.oregonstate.edu/faq.phtml). This value estimates the average temperature of the winter just prior to when field sampling was done. Each value represents a 2 x 2 kilometer cell",No,,,2018–2019 only,Not comparable across cycles
Landscape Data,TMEAN_PW_2004_WS_PCTFULL,No,,,Yes,NRSA 1819 Landscape,"Percent of area with data for GIS raster calculated as xi / 3, where xi = the modeled mean air temperature (°C) for month i (12) of the previous year and month i (1-2) of the sample year. The modeled monthly mean air temperature (xi) is the average of the minimum and maximum monthly air temperatures (http://www.prism.oregonstate.edu/faq.phtml). This value estimates the average temperature of the winter just prior to when field sampling was done. Each value represents a 2 x 2 kilometer cell",No,,,2018–2019 only,Not comparable across cycles
Landscape Data,TMEAN_PW_2004WS,No,,,Yes,NRSA 1819 Landscape,"GIS raster calculated as xi / 3, where xi = the modeled mean air temperature (°C) for month i (12) of the previous year and month i (1-2) of the sample year. The modeled monthly mean air temperature (xi) is the average of the minimum and maximum monthly air temperatures (http://www.prism.oregonstate.edu/faq.phtml). This value estimates the average temperature of the winter just prior to when field sampling was done. Each value represents a 2 x 2 kilometer cell",No,,,2018–2019 only,Not comparable across cycles
Landscape Data,TMEAN_PW_2005_PT,No,,,Yes,NRSA 1819 Landscape,"GIS raster value at site location calculated as xi / 3, where xi = the modeled mean air temperature (°C) for month i (12) of the previous year and month i (1-2) of the sample year. The modeled monthly mean air temperature (xi) is the average of the minimum and maximum monthly air temperatures (http://www.prism.oregonstate.edu/faq.phtml). This value estimates the average temperature of the winter just prior to when field sampling was done. Each value represents a 2 x 2 kilometer cell",No,,,2018–2019 only,Not comparable across cycles
Landscape Data,TMEAN_PW_2005_WS_PCTFULL,No,,,Yes,NRSA 1819 Landscape,"Percent of area with data for GIS raster calculated as xi / 3, where xi = the modeled mean air temperature (°C) for month i (12) of the previous year and month i (1-2) of the sample year. The modeled monthly mean air temperature (xi) is the average of the minimum and maximum monthly air temperatures (http://www.prism.oregonstate.edu/faq.phtml). This value estimates the average temperature of the winter just prior to when field sampling was done. Each value represents a 2 x 2 kilometer cell",No,,,2018–2019 only,Not comparable across cycles
Landscape Data,TMEAN_PW_2005WS,No,,,Yes,NRSA 1819 Landscape,"GIS raster calculated as xi / 3, where xi = the modeled mean air temperature (°C) for month i (12) of the previous year and month i (1-2) of the sample year. The modeled monthly mean air temperature (xi) is the average of the minimum and maximum monthly air temperatures (http://www.prism.oregonstate.edu/faq.phtml). This value estimates the average temperature of the winter just prior to when field sampling was done. Each value represents a 2 x 2 kilometer cell",No,,,2018–2019 only,Not comparable across cycles
Landscape Data,TMEAN_PW_2008_PT,No,,,Yes,NRSA 1819 Landscape,"GIS raster value at site location calculated as xi / 3, where xi = the modeled mean air temperature (°C) for month i (12) of the previous year and month i (1-2) of the sample year. The modeled monthly mean air temperature (xi) is the average of the minimum and maximum monthly air temperatures (http://www.prism.oregonstate.edu/faq.phtml). This value estimates the average temperature of the winter just prior to when field sampling was done. Each value represents a 2 x 2 kilometer cell",No,,,2018–2019 only,Not comparable across cycles
Landscape Data,TMEAN_PW_2008_WS_PCTFULL,No,,,Yes,NRSA 1819 Landscape,"Percent of area with data for GIS raster calculated as xi / 3, where xi = the modeled mean air temperature (°C) for month i (12) of the previous year and month i (1-2) of the sample year. The modeled monthly mean air temperature (xi) is the average of the minimum and maximum monthly air temperatures (http://www.prism.oregonstate.edu/faq.phtml). This value estimates the average temperature of the winter just prior to when field sampling was done. Each value represents a 2 x 2 kilometer cell",No,,,2018–2019 only,Not comparable across cycles
Landscape Data,TMEAN_PW_2008WS,No,,,Yes,NRSA 1819 Landscape,"GIS raster calculated as xi / 3, where xi = the modeled mean air temperature (°C) for month i (12) of the previous year and month i (1-2) of the sample year. The modeled monthly mean air temperature (xi) is the average of the minimum and maximum monthly air temperatures (http://www.prism.oregonstate.edu/faq.phtml). This value estimates the average temperature of the winter just prior to when field sampling was done. Each value represents a 2 x 2 kilometer cell",No,,,2018–2019 only,Not comparable across cycles
Landscape Data,TMEAN_PW_2009_PT,No,,,Yes,NRSA 1819 Landscape,"GIS raster value at site location calculated as xi / 3, where xi = the modeled mean air temperature (°C) for month i (12) of the previous year and month i (1-2) of the sample year. The modeled monthly mean air temperature (xi) is the average of the minimum and maximum monthly air temperatures (http://www.prism.oregonstate.edu/faq.phtml). This value estimates the average temperature of the winter just prior to when field sampling was done. Each value represents a 2 x 2 kilometer cell",No,,,2018–2019 only,Not comparable across cycles
Landscape Data,TMEAN_PW_2009_WS_PCTFULL,No,,,Yes,NRSA 1819 Landscape,"Percent of area with data for GIS raster calculated as xi / 3, where xi = the modeled mean air temperature (°C) for month i (12) of the previous year and month i (1-2) of the sample year. The modeled monthly mean air temperature (xi) is the average of the minimum and maximum monthly air temperatures (http://www.prism.oregonstate.edu/faq.phtml). This value estimates the average temperature of the winter just prior to when field sampling was done. Each value represents a 2 x 2 kilometer cell",No,,,2018–2019 only,Not comparable across cycles
Landscape Data,TMEAN_PW_2009WS,No,,,Yes,NRSA 1819 Landscape,"GIS raster calculated as xi / 3, where xi = the modeled mean air temperature (°C) for month i (12) of the previous year and month i (1-2) of the sample year. The modeled monthly mean air temperature (xi) is the average of the minimum and maximum monthly air temperatures (http://www.prism.oregonstate.edu/faq.phtml). This value estimates the average temperature of the winter just prior to when field sampling was done. Each value represents a 2 x 2 kilometer cell",No,,,2018–2019 only,Not comparable across cycles
Landscape Data,TMEAN_PW_2013_PT,No,,,Yes,NRSA 1819 Landscape,"GIS raster value at site location calculated as xi / 3, where xi = the modeled mean air temperature (°C) for month i (12) of the previous year and month i (1-2) of the sample year. The modeled monthly mean air temperature (xi) is the average of the minimum and maximum monthly air temperatures (http://www.prism.oregonstate.edu/faq.phtml). This value estimates the average temperature of the winter just prior to when field sampling was done. Each value represents a 2 x 2 kilometer cell",No,,,2018–2019 only,Not comparable across cycles
Landscape Data,TMEAN_PW_2013_WS_PCTFULL,No,,,Yes,NRSA 1819 Landscape,"Percent of area with data for GIS raster calculated as xi / 3, where xi = the modeled mean air temperature (°C) for month i (12) of the previous year and month i (1-2) of the sample year. The modeled monthly mean air temperature (xi) is the average of the minimum and maximum monthly air temperatures (http://www.prism.oregonstate.edu/faq.phtml). This value estimates the average temperature of the winter just prior to when field sampling was done. Each value represents a 2 x 2 kilometer cell",No,,,2018–2019 only,Not comparable across cycles
Landscape Data,TMEAN_PW_2013WS,No,,,Yes,NRSA 1819 Landscape,"GIS raster calculated as xi / 3, where xi = the modeled mean air temperature (°C) for month i (12) of the previous year and month i (1-2) of the sample year. The modeled monthly mean air temperature (xi) is the average of the minimum and maximum monthly air temperatures (http://www.prism.oregonstate.edu/faq.phtml). This value estimates the average temperature of the winter just prior to when field sampling was done. Each value represents a 2 x 2 kilometer cell",No,,,2018–2019 only,Not comparable across cycles
Landscape Data,TMEAN_PW_2014_PT,No,,,Yes,NRSA 1819 Landscape,"GIS raster value at site location calculated as xi / 3, where xi = the modeled mean air temperature (°C) for month i (12) of the previous year and month i (1-2) of the sample year. The modeled monthly mean air temperature (xi) is the average of the minimum and maximum monthly air temperatures (http://www.prism.oregonstate.edu/faq.phtml). This value estimates the average temperature of the winter just prior to when field sampling was done. Each value represents a 2 x 2 kilometer cell",No,,,2018–2019 only,Not comparable across cycles
Landscape Data,TMEAN_PW_2014_WS_PCTFULL,No,,,Yes,NRSA 1819 Landscape,"Percent of area with data for GIS raster calculated as xi / 3, where xi = the modeled mean air temperature (°C) for month i (12) of the previous year and month i (1-2) of the sample year. The modeled monthly mean air temperature (xi) is the average of the minimum and maximum monthly air temperatures (http://www.prism.oregonstate.edu/faq.phtml). This value estimates the average temperature of the winter just prior to when field sampling was done. Each value represents a 2 x 2 kilometer cell",No,,,2018–2019 only,Not comparable across cycles
Landscape Data,TMEAN_PW_2014WS,No,,,Yes,NRSA 1819 Landscape,"GIS raster calculated as xi / 3, where xi = the modeled mean air temperature (°C) for month i (12) of the previous year and month i (1-2) of the sample year. The modeled monthly mean air temperature (xi) is the average of the minimum and maximum monthly air temperatures (http://www.prism.oregonstate.edu/faq.phtml). This value estimates the average temperature of the winter just prior to when field sampling was done. Each value represents a 2 x 2 kilometer cell",No,,,2018–2019 only,Not comparable across cycles
Landscape Data,TMEAN_PW_2018_PT,No,,,Yes,NRSA 1819 Landscape,"GIS raster value at site location calculated as xi / 3, where xi = the modeled mean air temperature (°C) for month i (12) of the previous year and month i (1-2) of the sample year. The modeled monthly mean air temperature (xi) is the average of the minimum and maximum monthly air temperatures (http://www.prism.oregonstate.edu/faq.phtml). This value estimates the average temperature of the winter just prior to when field sampling was done. Each value represents a 2 x 2 kilometer cell",No,,,2018–2019 only,Not comparable across cycles
Landscape Data,TMEAN_PW_2018_WS_PCTFULL,No,,,Yes,NRSA 1819 Landscape,"Percent of area with data for GIS raster calculated as xi / 3, where xi = the modeled mean air temperature (°C) for month i (12) of the previous year and month i (1-2) of the sample year. The modeled monthly mean air temperature (xi) is the average of the minimum and maximum monthly air temperatures (http://www.prism.oregonstate.edu/faq.phtml). This value estimates the average temperature of the winter just prior to when field sampling was done. Each value represents a 2 x 2 kilometer cell",No,,,2018–2019 only,Not comparable across cycles
Landscape Data,TMEAN_PW_2018WS,No,,,Yes,NRSA 1819 Landscape,"GIS raster calculated as xi / 3, where xi = the modeled mean air temperature (°C) for month i (12) of the previous year and month i (1-2) of the sample year. The modeled monthly mean air temperature (xi) is the average of the minimum and maximum monthly air temperatures (http://www.prism.oregonstate.edu/faq.phtml). This value estimates the average temperature of the winter just prior to when field sampling was done. Each value represents a 2 x 2 kilometer cell",No,,,2018–2019 only,Not comparable across cycles
Landscape Data,TMEAN_PW_2019_PT,No,,,Yes,NRSA 1819 Landscape,"GIS raster value at site location calculated as xi / 3, where xi = the modeled mean air temperature (°C) for month i (12) of the previous year and month i (1-2) of the sample year. The modeled monthly mean air temperature (xi) is the average of the minimum and maximum monthly air temperatures (http://www.prism.oregonstate.edu/faq.phtml). This value estimates the average temperature of the winter just prior to when field sampling was done. Each value represents a 2 x 2 kilometer cell",No,,,2018–2019 only,Not comparable across cycles
Landscape Data,TMEAN_PW_2019_WS_PCTFULL,No,,,Yes,NRSA 1819 Landscape,"Percent of area with data for GIS raster calculated as xi / 3, where xi = the modeled mean air temperature (°C) for month i (12) of the previous year and month i (1-2) of the sample year. The modeled monthly mean air temperature (xi) is the average of the minimum and maximum monthly air temperatures (http://www.prism.oregonstate.edu/faq.phtml). This value estimates the average temperature of the winter just prior to when field sampling was done. Each value represents a 2 x 2 kilometer cell",No,,,2018–2019 only,Not comparable across cycles
Landscape Data,TMEAN_PW_2019WS,No,,,Yes,NRSA 1819 Landscape,"GIS raster calculated as xi / 3, where xi = the modeled mean air temperature (°C) for month i (12) of the previous year and month i (1-2) of the sample year. The modeled monthly mean air temperature (xi) is the average of the minimum and maximum monthly air temperatures (http://www.prism.oregonstate.edu/faq.phtml). This value estimates the average temperature of the winter just prior to when field sampling was done. Each value represents a 2 x 2 kilometer cell",No,,,2018–2019 only,Not comparable across cycles
Landscape Data,TMEAN_S_2004_PT,No,,,Yes,NRSA 1819 Landscape,"GIS raster value at site location calculated as xi / 4, where xi = the modeled mean air temperature (°C) for month i (6-9) of the sample year. The modeled monthly mean air temperature (xi) is the average of the minimum and maximum monthly air temperatures (http://www.prism.oregonstate.edu/faq.phtml). This value estimates the average temperature of the specific summer that field sampling was done. Each value represents a 2 x 2 kilometer cell",No,,,2018–2019 only,Not comparable across cycles
Landscape Data,TMEAN_S_2004_WS_PCTFULL,No,,,Yes,NRSA 1819 Landscape,"Percent of area with data for GIS raster calculated as xi / 4, where xi = the modeled mean air temperature (°C) for month i (6-9) of the sample year. The modeled monthly mean air temperature (xi) is the average of the minimum and maximum monthly air temperatures (http://www.prism.oregonstate.edu/faq.phtml). This value estimates the average temperature of the specific summer that field sampling was done. Each value represents a 2 x 2 kilometer cell",No,,,2018–2019 only,Not comparable across cycles
Landscape Data,TMEAN_S_2004WS,No,,,Yes,NRSA 1819 Landscape,"GIS raster calculated as xi / 4, where xi = the modeled mean air temperature (°C) for month i (6-9) of the sample year. The modeled monthly mean air temperature (xi) is the average of the minimum and maximum monthly air temperatures (http://www.prism.oregonstate.edu/faq.phtml). This value estimates the average temperature of the specific summer that field sampling was done. Each value represents a 2 x 2 kilometer cell",No,,,2018–2019 only,Not comparable across cycles
Landscape Data,TMEAN_S_2005_PT,No,,,Yes,NRSA 1819 Landscape,"GIS raster value at site location calculated as xi / 4, where xi = the modeled mean air temperature (°C) for month i (6-9) of the sample year. The modeled monthly mean air temperature (xi) is the average of the minimum and maximum monthly air temperatures (http://www.prism.oregonstate.edu/faq.phtml). This value estimates the average temperature of the specific summer that field sampling was done. Each value represents a 2 x 2 kilometer cell",No,,,2018–2019 only,Not comparable across cycles
Landscape Data,TMEAN_S_2005_WS_PCTFULL,No,,,Yes,NRSA 1819 Landscape,"Percent of area with data for GIS raster calculated as xi / 4, where xi = the modeled mean air temperature (°C) for month i (6-9) of the sample year. The modeled monthly mean air temperature (xi) is the average of the minimum and maximum monthly air temperatures (http://www.prism.oregonstate.edu/faq.phtml). This value estimates the average temperature of the specific summer that field sampling was done. Each value represents a 2 x 2 kilometer cell",No,,,2018–2019 only,Not comparable across cycles
Landscape Data,TMEAN_S_2005WS,No,,,Yes,NRSA 1819 Landscape,"GIS raster calculated as xi / 4, where xi = the modeled mean air temperature (°C) for month i (6-9) of the sample year. The modeled monthly mean air temperature (xi) is the average of the minimum and maximum monthly air temperatures (http://www.prism.oregonstate.edu/faq.phtml). This value estimates the average temperature of the specific summer that field sampling was done. Each value represents a 2 x 2 kilometer cell",No,,,2018–2019 only,Not comparable across cycles
Landscape Data,TMEAN_S_2008_PT,No,,,Yes,NRSA 1819 Landscape,"GIS raster value at site location calculated as xi / 4, where xi = the modeled mean air temperature (°C) for month i (6-9) of the sample year. The modeled monthly mean air temperature (xi) is the average of the minimum and maximum monthly air temperatures (http://www.prism.oregonstate.edu/faq.phtml). This value estimates the average temperature of the specific summer that field sampling was done. Each value represents a 2 x 2 kilometer cell",No,,,2018–2019 only,Not comparable across cycles
Landscape Data,TMEAN_S_2008_WS_PCTFULL,No,,,Yes,NRSA 1819 Landscape,"Percent of area with data for GIS raster calculated as xi / 4, where xi = the modeled mean air temperature (°C) for month i (6-9) of the sample year. The modeled monthly mean air temperature (xi) is the average of the minimum and maximum monthly air temperatures (http://www.prism.oregonstate.edu/faq.phtml). This value estimates the average temperature of the specific summer that field sampling was done. Each value represents a 2 x 2 kilometer cell",No,,,2018–2019 only,Not comparable across cycles
Landscape Data,TMEAN_S_2008WS,No,,,Yes,NRSA 1819 Landscape,"GIS raster calculated as xi / 4, where xi = the modeled mean air temperature (°C) for month i (6-9) of the sample year. The modeled monthly mean air temperature (xi) is the average of the minimum and maximum monthly air temperatures (http://www.prism.oregonstate.edu/faq.phtml). This value estimates the average temperature of the specific summer that field sampling was done. Each value represents a 2 x 2 kilometer cell",No,,,2018–2019 only,Not comparable across cycles
Landscape Data,TMEAN_S_2009_PT,No,,,Yes,NRSA 1819 Landscape,"GIS raster value at site location calculated as xi / 4, where xi = the modeled mean air temperature (°C) for month i (6-9) of the sample year. The modeled monthly mean air temperature (xi) is the average of the minimum and maximum monthly air temperatures (http://www.prism.oregonstate.edu/faq.phtml). This value estimates the average temperature of the specific summer that field sampling was done. Each value represents a 2 x 2 kilometer cell",No,,,2018–2019 only,Not comparable across cycles
Landscape Data,TMEAN_S_2009_WS_PCTFULL,No,,,Yes,NRSA 1819 Landscape,"Percent of area with data for GIS raster calculated as xi / 4, where xi = the modeled mean air temperature (°C) for month i (6-9) of the sample year. The modeled monthly mean air temperature (xi) is the average of the minimum and maximum monthly air temperatures (http://www.prism.oregonstate.edu/faq.phtml). This value estimates the average temperature of the specific summer that field sampling was done. Each value represents a 2 x 2 kilometer cell",No,,,2018–2019 only,Not comparable across cycles
Landscape Data,TMEAN_S_2009WS,No,,,Yes,NRSA 1819 Landscape,"GIS raster calculated as xi / 4, where xi = the modeled mean air temperature (°C) for month i (6-9) of the sample year. The modeled monthly mean air temperature (xi) is the average of the minimum and maximum monthly air temperatures (http://www.prism.oregonstate.edu/faq.phtml). This value estimates the average temperature of the specific summer that field sampling was done. Each value represents a 2 x 2 kilometer cell",No,,,2018–2019 only,Not comparable across cycles
Landscape Data,TMEAN_S_2013_PT,No,,,Yes,NRSA 1819 Landscape,"GIS raster value at site location calculated as xi / 4, where xi = the modeled mean air temperature (°C) for month i (6-9) of the sample year. The modeled monthly mean air temperature (xi) is the average of the minimum and maximum monthly air temperatures (http://www.prism.oregonstate.edu/faq.phtml). This value estimates the average temperature of the specific summer that field sampling was done. Each value represents a 2 x 2 kilometer cell",No,,,2018–2019 only,Not comparable across cycles
Landscape Data,TMEAN_S_2013_WS_PCTFULL,No,,,Yes,NRSA 1819 Landscape,"Percent of area with data for GIS raster calculated as xi / 4, where xi = the modeled mean air temperature (°C) for month i (6-9) of the sample year. The modeled monthly mean air temperature (xi) is the average of the minimum and maximum monthly air temperatures (http://www.prism.oregonstate.edu/faq.phtml). This value estimates the average temperature of the specific summer that field sampling was done. Each value represents a 2 x 2 kilometer cell",No,,,2018–2019 only,Not comparable across cycles
Landscape Data,TMEAN_S_2013WS,No,,,Yes,NRSA 1819 Landscape,"GIS raster calculated as xi / 4, where xi = the modeled mean air temperature (°C) for month i (6-9) of the sample year. The modeled monthly mean air temperature (xi) is the average of the minimum and maximum monthly air temperatures (http://www.prism.oregonstate.edu/faq.phtml). This value estimates the average temperature of the specific summer that field sampling was done. Each value represents a 2 x 2 kilometer cell",No,,,2018–2019 only,Not comparable across cycles
Landscape Data,TMEAN_S_2014_PT,No,,,Yes,NRSA 1819 Landscape,"GIS raster value at site location calculated as xi / 4, where xi = the modeled mean air temperature (°C) for month i (6-9) of the sample year. The modeled monthly mean air temperature (xi) is the average of the minimum and maximum monthly air temperatures (http://www.prism.oregonstate.edu/faq.phtml). This value estimates the average temperature of the specific summer that field sampling was done. Each value represents a 2 x 2 kilometer cell",No,,,2018–2019 only,Not comparable across cycles
Landscape Data,TMEAN_S_2014_WS_PCTFULL,No,,,Yes,NRSA 1819 Landscape,"Percent of area with data for GIS raster calculated as xi / 4, where xi = the modeled mean air temperature (°C) for month i (6-9) of the sample year. The modeled monthly mean air temperature (xi) is the average of the minimum and maximum monthly air temperatures (http://www.prism.oregonstate.edu/faq.phtml). This value estimates the average temperature of the specific summer that field sampling was done. Each value represents a 2 x 2 kilometer cell",No,,,2018–2019 only,Not comparable across cycles
Landscape Data,TMEAN_S_2014WS,No,,,Yes,NRSA 1819 Landscape,"GIS raster calculated as xi / 4, where xi = the modeled mean air temperature (°C) for month i (6-9) of the sample year. The modeled monthly mean air temperature (xi) is the average of the minimum and maximum monthly air temperatures (http://www.prism.oregonstate.edu/faq.phtml). This value estimates the average temperature of the specific summer that field sampling was done. Each value represents a 2 x 2 kilometer cell",No,,,2018–2019 only,Not comparable across cycles
Landscape Data,TMEAN_S_2018_PT,No,,,Yes,NRSA 1819 Landscape,"GIS raster value at site location calculated as xi / 4, where xi = the modeled mean air temperature (°C) for month i (6-9) of the sample year. The modeled monthly mean air temperature (xi) is the average of the minimum and maximum monthly air temperatures (http://www.prism.oregonstate.edu/faq.phtml). This value estimates the average temperature of the specific summer that field sampling was done. Each value represents a 2 x 2 kilometer cell",No,,,2018–2019 only,Not comparable across cycles
Landscape Data,TMEAN_S_2018_WS_PCTFULL,No,,,Yes,NRSA 1819 Landscape,"Percent of area with data for GIS raster calculated as xi / 4, where xi = the modeled mean air temperature (°C) for month i (6-9) of the sample year. The modeled monthly mean air temperature (xi) is the average of the minimum and maximum monthly air temperatures (http://www.prism.oregonstate.edu/faq.phtml). This value estimates the average temperature of the specific summer that field sampling was done. Each value represents a 2 x 2 kilometer cell",No,,,2018–2019 only,Not comparable across cycles
Landscape Data,TMEAN_S_2018WS,No,,,Yes,NRSA 1819 Landscape,"GIS raster calculated as xi / 4, where xi = the modeled mean air temperature (°C) for month i (6-9) of the sample year. The modeled monthly mean air temperature (xi) is the average of the minimum and maximum monthly air temperatures (http://www.prism.oregonstate.edu/faq.phtml). This value estimates the average temperature of the specific summer that field sampling was done. Each value represents a 2 x 2 kilometer cell",No,,,2018–2019 only,Not comparable across cycles
Landscape Data,TMEAN_S_2019_PT,No,,,Yes,NRSA 1819 Landscape,"GIS raster value at site location calculated as xi / 4, where xi = the modeled mean air temperature (°C) for month i (6-9) of the sample year. The modeled monthly mean air temperature (xi) is the average of the minimum and maximum monthly air temperatures (http://www.prism.oregonstate.edu/faq.phtml). This value estimates the average temperature of the specific summer that field sampling was done. Each value represents a 2 x 2 kilometer cell",No,,,2018–2019 only,Not comparable across cycles
Landscape Data,TMEAN_S_2019_WS_PCTFULL,No,,,Yes,NRSA 1819 Landscape,"Percent of area with data for GIS raster calculated as xi / 4, where xi = the modeled mean air temperature (°C) for month i (6-9) of the sample year. The modeled monthly mean air temperature (xi) is the average of the minimum and maximum monthly air temperatures (http://www.prism.oregonstate.edu/faq.phtml). This value estimates the average temperature of the specific summer that field sampling was done. Each value represents a 2 x 2 kilometer cell",No,,,2018–2019 only,Not comparable across cycles
Landscape Data,TMEAN_S_2019WS,No,,,Yes,NRSA 1819 Landscape,"GIS raster calculated as xi / 4, where xi = the modeled mean air temperature (°C) for month i (6-9) of the sample year. The modeled monthly mean air temperature (xi) is the average of the minimum and maximum monthly air temperatures (http://www.prism.oregonstate.edu/faq.phtml). This value estimates the average temperature of the specific summer that field sampling was done. Each value represents a 2 x 2 kilometer cell",No,,,2018–2019 only,Not comparable across cycles
Landscape Data,TMEAN_SY_2004_PT,No,,,Yes,NRSA 1819 Landscape,"GIS raster value at site location calculated as xi / 12, where xi = the modeled mean air temperature (°C) for month i (1-12) of the sample year. The modeled monthly mean air temperature (xi) is the average of the minimum and maximum monthly air temperatures (http://www.prism.oregonstate.edu/faq.phtml). This value estimates the average temperature of the specific year that field sampling was done.",No,,,2018–2019 only,Not comparable across cycles
Landscape Data,TMEAN_SY_2004_WS_PCTFULL,No,,,Yes,NRSA 1819 Landscape,"Percent of area with data for GIS raster calculated as xi / 12, where xi = the modeled mean air temperature (°C) for month i (1-12) of the sample year. The modeled monthly mean air temperature (xi) is the average of the minimum and maximum monthly air temperatures (http://www.prism.oregonstate.edu/faq.phtml). This value estimates the average temperature of the specific year that field sampling was done. Each value represents a 2 x 2 kilometer cell",No,,,2018–2019 only,Not comparable across cycles
Landscape Data,TMEAN_SY_2004WS,No,,,Yes,NRSA 1819 Landscape,"GIS raster calculated as xi / 12, where xi = the modeled mean air temperature (°C) for month i (1-12) of the sample year. The modeled monthly mean air temperature (xi) is the average of the minimum and maximum monthly air temperatures (http://www.prism.oregonstate.edu/faq.phtml). This value estimates the average temperature of the specific year that field sampling was done. Each value represents a 2 x 2 kilometer cell",No,,,2018–2019 only,Not comparable across cycles
Landscape Data,TMEAN_SY_2005_PT,No,,,Yes,NRSA 1819 Landscape,"GIS raster value at site location calculated as xi / 12, where xi = the modeled mean air temperature (°C) for month i (1-12) of the sample year. The modeled monthly mean air temperature (xi) is the average of the minimum and maximum monthly air temperatures (http://www.prism.oregonstate.edu/faq.phtml). This value estimates the average temperature of the specific year that field sampling was done.",No,,,2018–2019 only,Not comparable across cycles
Landscape Data,TMEAN_SY_2005_WS_PCTFULL,No,,,Yes,NRSA 1819 Landscape,"Percent of area with data for GIS raster calculated as xi / 12, where xi = the modeled mean air temperature (°C) for month i (1-12) of the sample year. The modeled monthly mean air temperature (xi) is the average of the minimum and maximum monthly air temperatures (http://www.prism.oregonstate.edu/faq.phtml). This value estimates the average temperature of the specific year that field sampling was done. Each value represents a 2 x 2 kilometer cell",No,,,2018–2019 only,Not comparable across cycles
Landscape Data,TMEAN_SY_2005WS,No,,,Yes,NRSA 1819 Landscape,"GIS raster calculated as xi / 12, where xi = the modeled mean air temperature (°C) for month i (1-12) of the sample year. The modeled monthly mean air temperature (xi) is the average of the minimum and maximum monthly air temperatures (http://www.prism.oregonstate.edu/faq.phtml). This value estimates the average temperature of the specific year that field sampling was done. Each value represents a 2 x 2 kilometer cell",No,,,2018–2019 only,Not comparable across cycles
Landscape Data,TMEAN_SY_2008_PT,No,,,Yes,NRSA 1819 Landscape,"GIS raster value at site location calculated as xi / 12, where xi = the modeled mean air temperature (°C) for month i (1-12) of the sample year. The modeled monthly mean air temperature (xi) is the average of the minimum and maximum monthly air temperatures (http://www.prism.oregonstate.edu/faq.phtml). This value estimates the average temperature of the specific year that field sampling was done.",No,,,2018–2019 only,Not comparable across cycles
Landscape Data,TMEAN_SY_2008_WS_PCTFULL,No,,,Yes,NRSA 1819 Landscape,"Percent of area with data for GIS raster calculated as xi / 12, where xi = the modeled mean air temperature (°C) for month i (1-12) of the sample year. The modeled monthly mean air temperature (xi) is the average of the minimum and maximum monthly air temperatures (http://www.prism.oregonstate.edu/faq.phtml). This value estimates the average temperature of the specific year that field sampling was done. Each value represents a 2 x 2 kilometer cell",No,,,2018–2019 only,Not comparable across cycles
Landscape Data,TMEAN_SY_2008WS,No,,,Yes,NRSA 1819 Landscape,"GIS raster calculated as xi / 12, where xi = the modeled mean air temperature (°C) for month i (1-12) of the sample year. The modeled monthly mean air temperature (xi) is the average of the minimum and maximum monthly air temperatures (http://www.prism.oregonstate.edu/faq.phtml). This value estimates the average temperature of the specific year that field sampling was done. Each value represents a 2 x 2 kilometer cell",No,,,2018–2019 only,Not comparable across cycles
Landscape Data,TMEAN_SY_2009_PT,No,,,Yes,NRSA 1819 Landscape,"GIS raster value at site location calculated as xi / 12, where xi = the modeled mean air temperature (°C) for month i (1-12) of the sample year. The modeled monthly mean air temperature (xi) is the average of the minimum and maximum monthly air temperatures (http://www.prism.oregonstate.edu/faq.phtml). This value estimates the average temperature of the specific year that field sampling was done.",No,,,2018–2019 only,Not comparable across cycles
Landscape Data,TMEAN_SY_2009_WS_PCTFULL,No,,,Yes,NRSA 1819 Landscape,"Percent of area with data for GIS raster calculated as xi / 12, where xi = the modeled mean air temperature (°C) for month i (1-12) of the sample year. The modeled monthly mean air temperature (xi) is the average of the minimum and maximum monthly air temperatures (http://www.prism.oregonstate.edu/faq.phtml). This value estimates the average temperature of the specific year that field sampling was done. Each value represents a 2 x 2 kilometer cell",No,,,2018–2019 only,Not comparable across cycles
Landscape Data,TMEAN_SY_2009WS,No,,,Yes,NRSA 1819 Landscape,"GIS raster calculated as xi / 12, where xi = the modeled mean air temperature (°C) for month i (1-12) of the sample year. The modeled monthly mean air temperature (xi) is the average of the minimum and maximum monthly air temperatures (http://www.prism.oregonstate.edu/faq.phtml). This value estimates the average temperature of the specific year that field sampling was done. Each value represents a 2 x 2 kilometer cell",No,,,2018–2019 only,Not comparable across cycles
Landscape Data,TMEAN_SY_2013_PT,No,,,Yes,NRSA 1819 Landscape,"GIS raster value at site location calculated as xi / 12, where xi = the modeled mean air temperature (°C) for month i (1-12) of the sample year. The modeled monthly mean air temperature (xi) is the average of the minimum and maximum monthly air temperatures (http://www.prism.oregonstate.edu/faq.phtml). This value estimates the average temperature of the specific year that field sampling was done.",No,,,2018–2019 only,Not comparable across cycles
Landscape Data,TMEAN_SY_2013_WS_PCTFULL,No,,,Yes,NRSA 1819 Landscape,"Percent of area with data for GIS raster calculated as xi / 12, where xi = the modeled mean air temperature (°C) for month i (1-12) of the sample year. The modeled monthly mean air temperature (xi) is the average of the minimum and maximum monthly air temperatures (http://www.prism.oregonstate.edu/faq.phtml). This value estimates the average temperature of the specific year that field sampling was done. Each value represents a 2 x 2 kilometer cell",No,,,2018–2019 only,Not comparable across cycles
Landscape Data,TMEAN_SY_2013WS,No,,,Yes,NRSA 1819 Landscape,"GIS raster calculated as xi / 12, where xi = the modeled mean air temperature (°C) for month i (1-12) of the sample year. The modeled monthly mean air temperature (xi) is the average of the minimum and maximum monthly air temperatures (http://www.prism.oregonstate.edu/faq.phtml). This value estimates the average temperature of the specific year that field sampling was done. Each value represents a 2 x 2 kilometer cell",No,,,2018–2019 only,Not comparable across cycles
Landscape Data,TMEAN_SY_2014_PT,No,,,Yes,NRSA 1819 Landscape,"GIS raster value at site location calculated as xi / 12, where xi = the modeled mean air temperature (°C) for month i (1-12) of the sample year. The modeled monthly mean air temperature (xi) is the average of the minimum and maximum monthly air temperatures (http://www.prism.oregonstate.edu/faq.phtml). This value estimates the average temperature of the specific year that field sampling was done.",No,,,2018–2019 only,Not comparable across cycles
Landscape Data,TMEAN_SY_2014_WS_PCTFULL,No,,,Yes,NRSA 1819 Landscape,"Percent of area with data for GIS raster calculated as xi / 12, where xi = the modeled mean air temperature (°C) for month i (1-12) of the sample year. The modeled monthly mean air temperature (xi) is the average of the minimum and maximum monthly air temperatures (http://www.prism.oregonstate.edu/faq.phtml). This value estimates the average temperature of the specific year that field sampling was done. Each value represents a 2 x 2 kilometer cell",No,,,2018–2019 only,Not comparable across cycles
Landscape Data,TMEAN_SY_2014WS,No,,,Yes,NRSA 1819 Landscape,"GIS raster calculated as xi / 12, where xi = the modeled mean air temperature (°C) for month i (1-12) of the sample year. The modeled monthly mean air temperature (xi) is the average of the minimum and maximum monthly air temperatures (http://www.prism.oregonstate.edu/faq.phtml). This value estimates the average temperature of the specific year that field sampling was done. Each value represents a 2 x 2 kilometer cell",No,,,2018–2019 only,Not comparable across cycles
Landscape Data,TMEAN_SY_2018_PT,No,,,Yes,NRSA 1819 Landscape,"GIS raster value at site location calculated as xi / 12, where xi = the modeled mean air temperature (°C) for month i (1-12) of the sample year. The modeled monthly mean air temperature (xi) is the average of the minimum and maximum monthly air temperatures (http://www.prism.oregonstate.edu/faq.phtml). This value estimates the average temperature of the specific year that field sampling was done.",No,,,2018–2019 only,Not comparable across cycles
Landscape Data,TMEAN_SY_2018_WS_PCTFULL,No,,,Yes,NRSA 1819 Landscape,"Percent of area with data for GIS raster calculated as xi / 12, where xi = the modeled mean air temperature (°C) for month i (1-12) of the sample year. The modeled monthly mean air temperature (xi) is the average of the minimum and maximum monthly air temperatures (http://www.prism.oregonstate.edu/faq.phtml). This value estimates the average temperature of the specific year that field sampling was done. Each value represents a 2 x 2 kilometer cell",No,,,2018–2019 only,Not comparable across cycles
Landscape Data,TMEAN_SY_2018WS,No,,,Yes,NRSA 1819 Landscape,"GIS raster calculated as xi / 12, where xi = the modeled mean air temperature (°C) for month i (1-12) of the sample year. The modeled monthly mean air temperature (xi) is the average of the minimum and maximum monthly air temperatures (http://www.prism.oregonstate.edu/faq.phtml). This value estimates the average temperature of the specific year that field sampling was done. Each value represents a 2 x 2 kilometer cell",No,,,2018–2019 only,Not comparable across cycles
Landscape Data,TMEAN_SY_2019_PT,No,,,Yes,NRSA 1819 Landscape,"GIS raster value at site location calculated as xi / 12, where xi = the modeled mean air temperature (°C) for month i (1-12) of the sample year. The modeled monthly mean air temperature (xi) is the average of the minimum and maximum monthly air temperatures (http://www.prism.oregonstate.edu/faq.phtml). This value estimates the average temperature of the specific year that field sampling was done.",No,,,2018–2019 only,Not comparable across cycles
Landscape Data,TMEAN_SY_2019_WS_PCTFULL,No,,,Yes,NRSA 1819 Landscape,"Percent of area with data for GIS raster calculated as xi / 12, where xi = the modeled mean air temperature (°C) for month i (1-12) of the sample year. The modeled monthly mean air temperature (xi) is the average of the minimum and maximum monthly air temperatures (http://www.prism.oregonstate.edu/faq.phtml). This value estimates the average temperature of the specific year that field sampling was done. Each value represents a 2 x 2 kilometer cell",No,,,2018–2019 only,Not comparable across cycles
Landscape Data,TMEAN_SY_2019WS,No,,,Yes,NRSA 1819 Landscape,"GIS raster calculated as xi / 12, where xi = the modeled mean air temperature (°C) for month i (1-12) of the sample year. The modeled monthly mean air temperature (xi) is the average of the minimum and maximum monthly air temperatures (http://www.prism.oregonstate.edu/faq.phtml). This value estimates the average temperature of the specific year that field sampling was done. Each value represents a 2 x 2 kilometer cell",No,,,2018–2019 only,Not comparable across cycles
Landscape Data,TMEAN_W_2004_PT,No,,,Yes,NRSA 1819 Landscape,"GIS raster value at site location calculated as xi / 4, where xi = the modeled mean air temperature (°C) for month i (1-2) of the sample year. The modeled monthly mean air temperature (xi) is the average of the minimum and maximum monthly air temperatures (http://www.prism.oregonstate.edu/faq.phtml). This value estimates the average temperature of the specific summer that field sampling was done. Each value represents a 2 x 2 kilometer cell",No,,,2018–2019 only,Not comparable across cycles
Landscape Data,TMEAN_W_2004_WS_PCTFULL,No,,,Yes,NRSA 1819 Landscape,"Percent of area with data for GIS raster calculated as xi / 4, where xi = the modeled mean air temperature (°C) for month i (1-2) of the sample year. The modeled monthly mean air temperature (xi) is the average of the minimum and maximum monthly air temperatures (http://www.prism.oregonstate.edu/faq.phtml). This value estimates the average temperature of the specific summer that field sampling was done. Each value represents a 2 x 2 kilometer cell",No,,,2018–2019 only,Not comparable across cycles
Landscape Data,TMEAN_W_2004WS,No,,,Yes,NRSA 1819 Landscape,"GIS raster calculated as xi / 4, where xi = the modeled mean air temperature (°C) for month i (1-2) of the sample year. The modeled monthly mean air temperature (xi) is the average of the minimum and maximum monthly air temperatures (http://www.prism.oregonstate.edu/faq.phtml). This value estimates the average temperature of the specific summer that field sampling was done. Each value represents a 2 x 2 kilometer cell",No,,,2018–2019 only,Not comparable across cycles
Landscape Data,TMEAN_W_2005_PT,No,,,Yes,NRSA 1819 Landscape,"GIS raster value at site location calculated as xi / 4, where xi = the modeled mean air temperature (°C) for month i (1-2) of the sample year. The modeled monthly mean air temperature (xi) is the average of the minimum and maximum monthly air temperatures (http://www.prism.oregonstate.edu/faq.phtml). This value estimates the average temperature of the specific summer that field sampling was done. Each value represents a 2 x 2 kilometer cell",No,,,2018–2019 only,Not comparable across cycles
Landscape Data,TMEAN_W_2005_WS_PCTFULL,No,,,Yes,NRSA 1819 Landscape,"Percent of area with data for GIS raster calculated as xi / 4, where xi = the modeled mean air temperature (°C) for month i (1-2) of the sample year. The modeled monthly mean air temperature (xi) is the average of the minimum and maximum monthly air temperatures (http://www.prism.oregonstate.edu/faq.phtml). This value estimates the average temperature of the specific summer that field sampling was done. Each value represents a 2 x 2 kilometer cell",No,,,2018–2019 only,Not comparable across cycles
Landscape Data,TMEAN_W_2005WS,No,,,Yes,NRSA 1819 Landscape,"GIS raster calculated as xi / 4, where xi = the modeled mean air temperature (°C) for month i (1-2) of the sample year. The modeled monthly mean air temperature (xi) is the average of the minimum and maximum monthly air temperatures (http://www.prism.oregonstate.edu/faq.phtml). This value estimates the average temperature of the specific summer that field sampling was done. Each value represents a 2 x 2 kilometer cell",No,,,2018–2019 only,Not comparable across cycles
Landscape Data,TMEAN_W_2008_PT,No,,,Yes,NRSA 1819 Landscape,"GIS raster value at site location calculated as xi / 4, where xi = the modeled mean air temperature (°C) for month i (1-2) of the sample year. The modeled monthly mean air temperature (xi) is the average of the minimum and maximum monthly air temperatures (http://www.prism.oregonstate.edu/faq.phtml). This value estimates the average temperature of the specific summer that field sampling was done. Each value represents a 2 x 2 kilometer cell",No,,,2018–2019 only,Not comparable across cycles
Landscape Data,TMEAN_W_2008_WS_PCTFULL,No,,,Yes,NRSA 1819 Landscape,"Percent of area with data for GIS raster calculated as xi / 4, where xi = the modeled mean air temperature (°C) for month i (1-2) of the sample year. The modeled monthly mean air temperature (xi) is the average of the minimum and maximum monthly air temperatures (http://www.prism.oregonstate.edu/faq.phtml). This value estimates the average temperature of the specific summer that field sampling was done. Each value represents a 2 x 2 kilometer cell",No,,,2018–2019 only,Not comparable across cycles
Landscape Data,TMEAN_W_2008WS,No,,,Yes,NRSA 1819 Landscape,"GIS raster calculated as xi / 4, where xi = the modeled mean air temperature (°C) for month i (1-2) of the sample year. The modeled monthly mean air temperature (xi) is the average of the minimum and maximum monthly air temperatures (http://www.prism.oregonstate.edu/faq.phtml). This value estimates the average temperature of the specific summer that field sampling was done. Each value represents a 2 x 2 kilometer cell",No,,,2018–2019 only,Not comparable across cycles
Landscape Data,TMEAN_W_2009_PT,No,,,Yes,NRSA 1819 Landscape,"GIS raster value at site location calculated as xi / 4, where xi = the modeled mean air temperature (°C) for month i (1-2) of the sample year. The modeled monthly mean air temperature (xi) is the average of the minimum and maximum monthly air temperatures (http://www.prism.oregonstate.edu/faq.phtml). This value estimates the average temperature of the specific summer that field sampling was done. Each value represents a 2 x 2 kilometer cell",No,,,2018–2019 only,Not comparable across cycles
Landscape Data,TMEAN_W_2009_WS_PCTFULL,No,,,Yes,NRSA 1819 Landscape,"Percent of area with data for GIS raster calculated as xi / 4, where xi = the modeled mean air temperature (°C) for month i (1-2) of the sample year. The modeled monthly mean air temperature (xi) is the average of the minimum and maximum monthly air temperatures (http://www.prism.oregonstate.edu/faq.phtml). This value estimates the average temperature of the specific summer that field sampling was done. Each value represents a 2 x 2 kilometer cell",No,,,2018–2019 only,Not comparable across cycles
Landscape Data,TMEAN_W_2009WS,No,,,Yes,NRSA 1819 Landscape,"GIS raster calculated as xi / 4, where xi = the modeled mean air temperature (°C) for month i (1-2) of the sample year. The modeled monthly mean air temperature (xi) is the average of the minimum and maximum monthly air temperatures (http://www.prism.oregonstate.edu/faq.phtml). This value estimates the average temperature of the specific summer that field sampling was done. Each value represents a 2 x 2 kilometer cell",No,,,2018–2019 only,Not comparable across cycles
Landscape Data,TMEAN_W_2013_PT,No,,,Yes,NRSA 1819 Landscape,"GIS raster value at site location calculated as xi / 4, where xi = the modeled mean air temperature (°C) for month i (1-2) of the sample year. The modeled monthly mean air temperature (xi) is the average of the minimum and maximum monthly air temperatures (http://www.prism.oregonstate.edu/faq.phtml). This value estimates the average temperature of the specific summer that field sampling was done. Each value represents a 2 x 2 kilometer cell",No,,,2018–2019 only,Not comparable across cycles
Landscape Data,TMEAN_W_2013_WS_PCTFULL,No,,,Yes,NRSA 1819 Landscape,"Percent of area with data for GIS raster calculated as xi / 4, where xi = the modeled mean air temperature (°C) for month i (1-2) of the sample year. The modeled monthly mean air temperature (xi) is the average of the minimum and maximum monthly air temperatures (http://www.prism.oregonstate.edu/faq.phtml). This value estimates the average temperature of the specific summer that field sampling was done. Each value represents a 2 x 2 kilometer cell",No,,,2018–2019 only,Not comparable across cycles
Landscape Data,TMEAN_W_2013WS,No,,,Yes,NRSA 1819 Landscape,"GIS raster calculated as xi / 4, where xi = the modeled mean air temperature (°C) for month i (1-2) of the sample year. The modeled monthly mean air temperature (xi) is the average of the minimum and maximum monthly air temperatures (http://www.prism.oregonstate.edu/faq.phtml). This value estimates the average temperature of the specific summer that field sampling was done. Each value represents a 2 x 2 kilometer cell",No,,,2018–2019 only,Not comparable across cycles
Landscape Data,TMEAN_W_2014_PT,No,,,Yes,NRSA 1819 Landscape,"GIS raster value at site location calculated as xi / 4, where xi = the modeled mean air temperature (°C) for month i (1-2) of the sample year. The modeled monthly mean air temperature (xi) is the average of the minimum and maximum monthly air temperatures (http://www.prism.oregonstate.edu/faq.phtml). This value estimates the average temperature of the specific summer that field sampling was done. Each value represents a 2 x 2 kilometer cell",No,,,2018–2019 only,Not comparable across cycles
Landscape Data,TMEAN_W_2014_WS_PCTFULL,No,,,Yes,NRSA 1819 Landscape,"Percent of area with data for GIS raster calculated as xi / 4, where xi = the modeled mean air temperature (°C) for month i (1-2) of the sample year. The modeled monthly mean air temperature (xi) is the average of the minimum and maximum monthly air temperatures (http://www.prism.oregonstate.edu/faq.phtml). This value estimates the average temperature of the specific summer that field sampling was done. Each value represents a 2 x 2 kilometer cell",No,,,2018–2019 only,Not comparable across cycles
Landscape Data,TMEAN_W_2014WS,No,,,Yes,NRSA 1819 Landscape,"GIS raster calculated as xi / 4, where xi = the modeled mean air temperature (°C) for month i (1-2) of the sample year. The modeled monthly mean air temperature (xi) is the average of the minimum and maximum monthly air temperatures (http://www.prism.oregonstate.edu/faq.phtml). This value estimates the average temperature of the specific summer that field sampling was done. Each value represents a 2 x 2 kilometer cell",No,,,2018–2019 only,Not comparable across cycles
Landscape Data,TMEAN_W_2018_PT,No,,,Yes,NRSA 1819 Landscape,"GIS raster value at site location calculated as xi / 4, where xi = the modeled mean air temperature (°C) for month i (1-2) of the sample year. The modeled monthly mean air temperature (xi) is the average of the minimum and maximum monthly air temperatures (http://www.prism.oregonstate.edu/faq.phtml). This value estimates the average temperature of the specific summer that field sampling was done. Each value represents a 2 x 2 kilometer cell",No,,,2018–2019 only,Not comparable across cycles
Landscape Data,TMEAN_W_2018_WS_PCTFULL,No,,,Yes,NRSA 1819 Landscape,"Percent of area with data for GIS raster calculated as xi / 4, where xi = the modeled mean air temperature (°C) for month i (1-2) of the sample year. The modeled monthly mean air temperature (xi) is the average of the minimum and maximum monthly air temperatures (http://www.prism.oregonstate.edu/faq.phtml). This value estimates the average temperature of the specific summer that field sampling was done. Each value represents a 2 x 2 kilometer cell",No,,,2018–2019 only,Not comparable across cycles
Landscape Data,TMEAN_W_2018WS,No,,,Yes,NRSA 1819 Landscape,"GIS raster calculated as xi / 4, where xi = the modeled mean air temperature (°C) for month i (1-2) of the sample year. The modeled monthly mean air temperature (xi) is the average of the minimum and maximum monthly air temperatures (http://www.prism.oregonstate.edu/faq.phtml). This value estimates the average temperature of the specific summer that field sampling was done. Each value represents a 2 x 2 kilometer cell",No,,,2018–2019 only,Not comparable across cycles
Landscape Data,TMEAN_W_2019_PT,No,,,Yes,NRSA 1819 Landscape,"GIS raster value at site location calculated as xi / 4, where xi = the modeled mean air temperature (°C) for month i (1-2) of the sample year. The modeled monthly mean air temperature (xi) is the average of the minimum and maximum monthly air temperatures (http://www.prism.oregonstate.edu/faq.phtml). This value estimates the average temperature of the specific summer that field sampling was done. Each value represents a 2 x 2 kilometer cell",No,,,2018–2019 only,Not comparable across cycles
Landscape Data,TMEAN_W_2019_WS_PCTFULL,No,,,Yes,NRSA 1819 Landscape,"Percent of area with data for GIS raster calculated as xi / 4, where xi = the modeled mean air temperature (°C) for month i (1-2) of the sample year. The modeled monthly mean air temperature (xi) is the average of the minimum and maximum monthly air temperatures (http://www.prism.oregonstate.edu/faq.phtml). This value estimates the average temperature of the specific summer that field sampling was done. Each value represents a 2 x 2 kilometer cell",No,,,2018–2019 only,Not comparable across cycles
Landscape Data,TMEAN_W_2019WS,No,,,Yes,NRSA 1819 Landscape,"GIS raster calculated as xi / 4, where xi = the modeled mean air temperature (°C) for month i (1-2) of the sample year. The modeled monthly mean air temperature (xi) is the average of the minimum and maximum monthly air temperatures (http://www.prism.oregonstate.edu/faq.phtml). This value estimates the average temperature of the specific summer that field sampling was done. Each value represents a 2 x 2 kilometer cell",No,,,2018–2019 only,Not comparable across cycles
Landscape Data,TMEAN_WS,Yes,NRSA 1314 Landscape Metrics,"Average annual air temperature for the watershed, degrees C, from 2km PRISM data. 30 years period of record 1971-2000.",No,,,No,,,2013–2014 only,Not comparable across cycles
Landscape Data,TMEAN_WS_PCTFULL,No,,,Yes,NRSA 1819 Landscape,"Percent of area with data for PRISM climate data - 30-year average annual normal mean air temperature (C°):, within the upstream watershed (Ws)",No,,,2018–2019 only,Not comparable across cycles
Landscape Data,TMEAN8110WS,No,,,Yes,NRSA 1819 Landscape,"PRISM climate data - 30-year average annual normal mean air temperature (C°):, within the upstream watershed (Ws)",No,,,2018–2019 only,Not comparable across cycles
Landscape Data,TMEANPW_2013_PT,Yes,NRSA 1314 Landscape Metrics,"GIS raster calculated as xi / 3, where xi = the modeled mean air temperature (°C) for month i (12) of the previous year and month i (1-2) of the sample year. The modeled monthly mean air temperature (xi) is the average of the minimum and maximum monthly air temperatures (http://www.prism.oregonstate.edu/faq.phtml). This value estimates the average temperature of the winter just prior to when field sampling was done. Each value represents a 2 x 2 kilometer cell",No,,,No,,,2013–2014 only,Not comparable across cycles
Landscape Data,TMEANPW_2013_WS,Yes,NRSA 1314 Landscape Metrics,"GIS raster calculated as xi / 3, where xi = the modeled mean air temperature (°C) for month i (12) of the previous year and month i (1-2) of the sample year. The modeled monthly mean air temperature (xi) is the average of the minimum and maximum monthly air temperatures (http://www.prism.oregonstate.edu/faq.phtml). This value estimates the average temperature of the winter just prior to when field sampling was done. Each value represents a 2 x 2 kilometer cell",No,,,No,,,2013–2014 only,Not comparable across cycles
Landscape Data,TMEANPW_2014_PT,Yes,NRSA 1314 Landscape Metrics,"GIS raster calculated as xi / 3, where xi = the modeled mean air temperature (°C) for month i (12) of the previous year and month i (1-2) of the sample year. The modeled monthly mean air temperature (xi) is the average of the minimum and maximum monthly air temperatures (http://www.prism.oregonstate.edu/faq.phtml). This value estimates the average temperature of the winter just prior to when field sampling was done. Each value represents a 2 x 2 kilometer cell",No,,,No,,,2013–2014 only,Not comparable across cycles
Landscape Data,TMEANPW_2014_WS,Yes,NRSA 1314 Landscape Metrics,"GIS raster calculated as xi / 3, where xi = the modeled mean air temperature (°C) for month i (12) of the previous year and month i (1-2) of the sample year. The modeled monthly mean air temperature (xi) is the average of the minimum and maximum monthly air temperatures (http://www.prism.oregonstate.edu/faq.phtml). This value estimates the average temperature of the winter just prior to when field sampling was done. Each value represents a 2 x 2 kilometer cell",No,,,No,,,2013–2014 only,Not comparable across cycles
Landscape Data,TMEANSS_2013_PT,Yes,NRSA 1314 Landscape Metrics,"GIS raster calculated as xi / 4, where xi = the modeled mean air temperature (°C) for month i (6-9) of the sample year. The modeled monthly mean air temperature (xi) is the average of the minimum and maximum monthly air temperatures (http://www.prism.oregonstate.edu/faq.phtml). This value estimates the average temperature of the specific summer that field sampling was done. Each value represents a 2 x 2 kilometer cell",No,,,No,,,2013–2014 only,Not comparable across cycles
Landscape Data,TMEANSS_2013_WS,Yes,NRSA 1314 Landscape Metrics,"GIS raster calculated as xi / 4, where xi = the modeled mean air temperature (°C) for month i (6-9) of the sample year. The modeled monthly mean air temperature (xi) is the average of the minimum and maximum monthly air temperatures (http://www.prism.oregonstate.edu/faq.phtml). This value estimates the average temperature of the specific summer that field sampling was done. Each value represents a 2 x 2 kilometer cell",No,,,No,,,2013–2014 only,Not comparable across cycles
Landscape Data,TMEANSS_2014_PT,Yes,NRSA 1314 Landscape Metrics,"GIS raster calculated as xi / 4, where xi = the modeled mean air temperature (°C) for month i (6-9) of the sample year. The modeled monthly mean air temperature (xi) is the average of the minimum and maximum monthly air temperatures (http://www.prism.oregonstate.edu/faq.phtml). This value estimates the average temperature of the specific summer that field sampling was done. Each value represents a 2 x 2 kilometer cell",No,,,No,,,2013–2014 only,Not comparable across cycles
Landscape Data,TMEANSS_2014_WS,Yes,NRSA 1314 Landscape Metrics,"GIS raster calculated as xi / 4, where xi = the modeled mean air temperature (°C) for month i (6-9) of the sample year. The modeled monthly mean air temperature (xi) is the average of the minimum and maximum monthly air temperatures (http://www.prism.oregonstate.edu/faq.phtml). This value estimates the average temperature of the specific summer that field sampling was done. Each value represents a 2 x 2 kilometer cell",No,,,No,,,2013–2014 only,Not comparable across cycles
Landscape Data,TMEANSY_2013_PT,Yes,NRSA 1314 Landscape Metrics,"GIS raster calculated as xi / 12, where xi = the modeled mean air temperature (°C) for month i (1-12) of the sample year. The modeled monthly mean air temperature (xi) is the average of the minimum and maximum monthly air temperatures (http://www.prism.oregonstate.edu/faq.phtml). This value estimates the average temperature of the specific year that field sampling was done. Each value represents a 2 x 2 kilometer cell",No,,,No,,,2013–2014 only,Not comparable across cycles
Landscape Data,TMEANSY_2013_WS,Yes,NRSA 1314 Landscape Metrics,"GIS raster calculated as xi / 12, where xi = the modeled mean air temperature (°C) for month i (1-12) of the sample year. The modeled monthly mean air temperature (xi) is the average of the minimum and maximum monthly air temperatures (http://www.prism.oregonstate.edu/faq.phtml). This value estimates the average temperature of the specific year that field sampling was done. Each value represents a 2 x 2 kilometer cell",No,,,No,,,2013–2014 only,Not comparable across cycles
Landscape Data,TMEANSY_2014_PT,Yes,NRSA 1314 Landscape Metrics,"GIS raster calculated as xi / 12, where xi = the modeled mean air temperature (°C) for month i (1-12) of the sample year. The modeled monthly mean air temperature (xi) is the average of the minimum and maximum monthly air temperatures (http://www.prism.oregonstate.edu/faq.phtml). This value estimates the average temperature of the specific year that field sampling was done. Each value represents a 2 x 2 kilometer cell",No,,,No,,,2013–2014 only,Not comparable across cycles
Landscape Data,TMEANSY_2014_WS,Yes,NRSA 1314 Landscape Metrics,"GIS raster calculated as xi / 12, where xi = the modeled mean air temperature (°C) for month i (1-12) of the sample year. The modeled monthly mean air temperature (xi) is the average of the minimum and maximum monthly air temperatures (http://www.prism.oregonstate.edu/faq.phtml). This value estimates the average temperature of the specific year that field sampling was done. Each value represents a 2 x 2 kilometer cell",No,,,No,,,2013–2014 only,Not comparable across cycles
Landscape Data,TMIN_PT,Yes,NRSA 1314 Landscape Metrics,"GIS raster calculated as MINxi / 30, where xi = the modeled monthly average minimum air temperature (°C) for month i (1-12). Values based on 30 years (1971-2000) of PRISM climate estimates. Each value represents a 900 x 900 meter cell. Note that these values are modified from the PRISM annual maximum air temperature grid available at: http://www.prism.oregonstate.edu, that are calculated as (SUMxi / 12) / 30, where xi = the modeled monthly average minimum air temperature (°C) for month i (1-12).",No,,,No,,,2013–2014 only,Not comparable across cycles
Landscape Data,TMIN_WS,Yes,NRSA 1314 Landscape Metrics,"GIS raster calculated as MINxi / 30, where xi = the modeled monthly average minimum air temperature (°C) for month i (1-12). Values based on 30 years (1971-2000) of PRISM climate estimates. Each value represents a 900 x 900 meter cell. Note that these values are modified from the PRISM annual maximum air temperature grid available at: http://www.prism.oregonstate.edu, that are calculated as (SUMxi / 12) / 30, where xi = the modeled monthly average minimum air temperature (°C) for month i (1-12).",No,,,No,,,2013–2014 only,Not comparable across cycles
Landscape Data,TMIN_WS_PCTFULL,No,,,Yes,NRSA 1819 Landscape,"Percent of area with data for PRISM climate data - 30-year average annual normal minimum air temperature (C°):, within the upstream watershed (Ws)",No,,,2018–2019 only,Not comparable across cycles
Landscape Data,TMIN8110WS,No,,,Yes,NRSA 1819 Landscape,"PRISM climate data - 30-year average annual normal minimum air temperature (C°):, within the upstream watershed (Ws)",No,,,2018–2019 only,Not comparable across cycles
Landscape Data,TOPWET_WS,Yes,NRSA 1314 Landscape Metrics,"Topographic wetness index, ln(a/S); where ""ln"" is the natural log, ""a"" is the upslope area per unit contour length and ""S"" is the slope at that point. See http://ks.water.usgs.gov/Kansas/pubs/reports/wrir.99-4242.html and Wolock and McCabe, 1995 for more detail/ TWI is computed as ln(a/S), where ""ln"" is the natural log, ""a"" is the upslope area per unit contour length and ""S"" is the slope at that point. A single flow direction algorithm was used to compute this version of theTWI (Wolock and McCabe, 1995);TWI values were derived from 1-km USGS digital elevation data.",No,,,No,,,2013–2014 only,Not comparable across cycles
Landscape Data,TRI_WS_PCTFULL,No,,,Yes,NRSA 1819 Landscape,Percent of area with data for density of georeferenced Toxic Release Inventory sites (TRI.shp) within the upstream watershed (Ws).,No,,,2018–2019 only,Not comparable across cycles
Landscape Data,TRI_WS_PCTFULLRP100,No,,,Yes,NRSA 1819 Landscape,Percent of area with data for density of georeferenced Toxic Release Inventory sites (TRI.shp) within the upstream watershed (Ws) within a 100-m buffer (Rp100) of the NHD stream lines. Derived as the intersection between RpRp100 and TRI.shp landscape layers.,No,,,2018–2019 only,Not comparable across cycles
Landscape Data,TRIDENSWS,No,,,Yes,NRSA 1819 Landscape,Density of georeferenced Toxic Release Inventory sites (TRI.shp) within the upstream watershed (Ws).,No,,,2018–2019 only,Not comparable across cycles
Landscape Data,TRIDENSWSRP100,No,,,Yes,NRSA 1819 Landscape,Density of georeferenced Toxic Release Inventory sites (TRI.shp) within the upstream watershed (Ws) within a 100-m buffer (Rp100) of the NHD stream lines. Derived as the intersection between RpRp100 and TRI.shp landscape layers.,No,,,2018–2019 only,Not comparable across cycles
Landscape Data,UNIQUE_ID,No,,,Yes,NRSA 1819 Landscape,Unique site ID based on location that does not depend on year sampled or any other factor. Form is NRS_ss_nnnnn where ss state and nnnnn is number that starts at 10001. No missing values allowed.,No,,,2018–2019 only,Not comparable across cycles
Landscape Data,URB_1KM_BUF,Yes,NRSA 1314 Landscape Metrics,Percent urban land use within 1 km buffer of point,No,,,No,,,2013–2014 only,Not comparable across cycles
Landscape Data,VISIT_NO,Yes,NRSA 1314 Landscape Metrics,Number identifying which visit this is,No,,,No,,,2013–2014 only,Not comparable across cycles
Landscape Data,VPU,No,,,Yes,NRSA 1819 Landscape,"Vector Processing Unit that the site falls in, from NHDPlusV21.",No,,,2018–2019 only,Not comparable across cycles
Landscape Data,WDMAX_PT,Yes,NRSA 1314 Landscape Metrics,"GIS raster calculated as (SUMxi / 12) / 30, where xi = the modeled maximum number of days with measurable precipitation (i.e., ""wetdays"", days) for month i (1-12). Values based on 30 years (1961-1990) of PRISM climate estimates. Each value represents a 2 x 2 kilometer cell",Yes,NRSA 1819 Landscape,"GIS raster calculated as (SUMxi / 12) / 30, where xi = the modeled maximum number of days with measurable precipitation (i.e., \wetdays\\, days) for month i (1-12). Values based on 30 years (1961-1990) of PRISM climate estimates. Each value represents a 2 x 2 kilometer cell\""""",No,,,2013–2014 + 2018–2019,Same/equivalent EPA label across available cycles
Landscape Data,WDMAX_WS,Yes,NRSA 1314 Landscape Metrics,"GIS raster calculated as (SUMxi / 12) / 30, where xi = the modeled maximum number of days with measurable precipitation (i.e., ""wetdays"", days) for month i (1-12). Values based on 30 years (1961-1990) of PRISM climate estimates. Each value represents a 2 x 2 kilometer cell",No,,,No,,,2013–2014 only,Not comparable across cycles
Landscape Data,WDMAX_WS_PCTFULL,No,,,Yes,NRSA 1819 Landscape,"Percent of area with data for GIS raster calculated as (SUMxi / 12) / 30, where xi = the modeled maximum number of days with measurable precipitation (i.e., \wetdays\\, days) for month i (1-12). Values based on 30 years (1961-1990) of PRISM climate estimates. Each value represents a 2 x 2 kilometer cell\""""",No,,,2018–2019 only,Not comparable across cycles
Landscape Data,WDMAXWS,No,,,Yes,NRSA 1819 Landscape,"GIS raster calculated as (SUMxi / 12) / 30, where xi = the modeled maximum number of days with measurable precipitation (i.e., \wetdays\\, days) for month i (1-12). Values based on 30 years (1961-1990) of PRISM climate estimates. Each value represents a 2 x 2 kilometer cell\""""",No,,,2018–2019 only,Not comparable across cycles
Landscape Data,WDMIN_PT,Yes,NRSA 1314 Landscape Metrics,"GIS raster calculated as (SUMxi / 12) / 30, where xi = the modeled minimum number of days with measurable precipitation (i.e., ""wetdays"", days) for month i (1-12). Values based on 30 years (1961-1990) of PRISM climate estimates. Each value represents a 2 x 2 kilometer cell",Yes,NRSA 1819 Landscape,"GIS raster calculated as (SUMxi / 12) / 30, where xi = the modeled minimum number of days with measurable precipitation (i.e., \wetdays\\, days) for month i (1-12). Values based on 30 years (1961-1990) of PRISM climate estimates. Each value represents a 2 x 2 kilometer cell\""""",No,,,2013–2014 + 2018–2019,Same/equivalent EPA label across available cycles
Landscape Data,WDMIN_WS,Yes,NRSA 1314 Landscape Metrics,"GIS raster calculated as (SUMxi / 12) / 30, where xi = the modeled minimum number of days with measurable precipitation (i.e., ""wetdays"", days) for month i (1-12). Values based on 30 years (1961-1990) of PRISM climate estimates. Each value represents a 2 x 2 kilometer cell",No,,,No,,,2013–2014 only,Not comparable across cycles
Landscape Data,WDMIN_WS_PCTFULL,No,,,Yes,NRSA 1819 Landscape,"Percent of area with data for GIS raster calculated as (SUMxi / 12) / 30, where xi = the modeled minimum number of days with measurable precipitation (i.e., \wetdays\\, days) for month i (1-12). Values based on 30 years (1961-1990) of PRISM climate estimates. Each value represents a 2 x 2 kilometer cell\""""",No,,,2018–2019 only,Not comparable across cycles
Landscape Data,WDMINWS,No,,,Yes,NRSA 1819 Landscape,"GIS raster calculated as (SUMxi / 12) / 30, where xi = the modeled minimum number of days with measurable precipitation (i.e., \wetdays\\, days) for month i (1-12). Values based on 30 years (1961-1990) of PRISM climate estimates. Each value represents a 2 x 2 kilometer cell\""""",No,,,2018–2019 only,Not comparable across cycles
Landscape Data,WDSUM_PT,Yes,NRSA 1314 Landscape Metrics,"GIS raster calculated as (SUMxi / 12) / 30, where xi = the modeled mean number of days with measurable precipitation (i.e., ""wetdays"", days) for month i (1-12). Values based on 30 years (1961-1990) of PRISM climate estimates. Each value represents a 2 x 2 kilometer cell",Yes,NRSA 1819 Landscape,"GIS raster calculated as (SUMxi / 12) / 30, where xi = the modeled mean number of days with measurable precipitation (i.e., \wetdays\\, days) for month i (1-12). Values based on 30 years (1961-1990) of PRISM climate estimates. Each value represents a 2 x 2 kilometer cell \""""",No,,,2013–2014 + 2018–2019,Same/equivalent EPA label across available cycles
Landscape Data,WDSUM_WS,Yes,NRSA 1314 Landscape Metrics,"GIS raster calculated as (SUMxi / 12) / 30, where xi = the modeled mean number of days with measurable precipitation (i.e., ""wetdays"", days) for month i (1-12). Values based on 30 years (1961-1990) of PRISM climate estimates. Each value represents a 2 x 2 kilometer cell",No,,,No,,,2013–2014 only,Not comparable across cycles
Landscape Data,WDSUM_WS_PCTFULL,No,,,Yes,NRSA 1819 Landscape,"Percent of area with data for GIS raster calculated as (SUMxi / 12) / 30, where xi = the modeled mean number of days with measurable precipitation (i.e., \wetdays\\, days) for month i (1-12). Values based on 30 years (1961-1990) of PRISM climate estimates. Each value represents a 2 x 2 kilometer cell \""""",No,,,2018–2019 only,Not comparable across cycles
Landscape Data,WDSUMWS,No,,,Yes,NRSA 1819 Landscape,"GIS raster calculated as (SUMxi / 12) / 30, where xi = the modeled mean number of days with measurable precipitation (i.e., \wetdays\\, days) for month i (1-12). Values based on 30 years (1961-1990) of PRISM climate estimates. Each value represents a 2 x 2 kilometer cell \""""",No,,,2018–2019 only,Not comparable across cycles
Landscape Data,WETINDEXWS,No,,,Yes,NRSA 1819 Landscape,"Mean Composite Topographic Index (CTI)[Wetness Index]:, within the upstream watershed (Ws)",No,,,2018–2019 only,Not comparable across cycles
Landscape Data,WETNESSINDEX_WS_PCTFULL,No,,,Yes,NRSA 1819 Landscape,"Percent of area with data for Mean Composite Topographic Index (CTI)[Wetness Index]:, within the upstream watershed (Ws)",No,,,2018–2019 only,Not comparable across cycles
Landscape Data,WSAREASQKM,Yes,NRSA 1314 Landscape Metrics,Watershed area in square kilometers based on the pour point and using NHDPlus catchments,Yes,NRSA 1819 Landscape,Area in square kilometers of the watershed basin. Summarized by joining the sub-catchment area of the catchment with all of the upstream catchments of the NHDPlusV21.,No,,,2013–2014 + 2018–2019,EPA label differs and/or is blank across cycles
Landscape Data,WSAREASQKMRP100,No,,,Yes,NRSA 1819 Landscape,Area in square kilometers within 100-m buffer of NHD stream lines (Rp100) of the watershed basin. Summarized by joining the sub-catchment riparian zone area of the catchment with all of the upstream catchment's riparian zone areas.,No,,,2018–2019 only,Not comparable across cycles
Landscape Data,WTDEP_WS_PCTFULL,No,,,Yes,NRSA 1819 Landscape,Percent of area with data for Mean of all wtdep values within the upstream watershed (Ws).,No,,,2018–2019 only,Not comparable across cycles
Landscape Data,WTDEPWS,No,,,Yes,NRSA 1819 Landscape,Mean of all wtdep values within the upstream watershed (Ws).,No,,,2018–2019 only,Not comparable across cycles
Landscape Data,WTDH_PT,Yes,NRSA 1314 Landscape Metrics,Watershed mean of the high values of seasonal water table depth (feet) of soils from the State Soil Geographic (STATSGO) Database,No,,,No,,,2013–2014 only,Not comparable across cycles
Landscape Data,WTDPH_WS,Yes,NRSA 1314 Landscape Metrics,Watershed mean of the high values of seasonal water table depth (feet) of soils from the State Soil Geographic (STATSGO) Database,No,,,No,,,2013–2014 only,Not comparable across cycles
Landscape Data,YEAR,Yes,NRSA 1314 Landscape Metrics,Year of sampling,No,,,No,,,2013–2014 only,Not comparable across cycles
Population Estimates,ACID_COND,No,,,Yes,NRSA 1819 Data for Population Estimates,"Condition based on ANC, DOC, and sulfate",No,,,2018–2019 only,Not comparable across cycles
Population Estimates,AG_ECO3,No,,,Yes,NRSA 1819 Data for Population Estimates,"NARS 3-level reporting region (2015), based on aggregating AG_ECO9 reporting regions. No missing or ""blank"" values allowed.",No,,,2018–2019 only,Not comparable across cycles
Population Estimates,AG_ECO9,No,,,Yes,NRSA 1819 Data for Population Estimates,"NARS 9-level reporting region, based on aggregated Omernik Level III ecoregions. No missing or ""blank"" values allowed.",No,,,2018–2019 only,Not comparable across cycles
Population Estimates,ANC_COND,No,,,Yes,NRSA 1819 Data for Population Estimates,Site condition class based on acidity,No,,,2018–2019 only,Not comparable across cycles
Population Estimates,BEDSED_COND,No,,,Yes,NRSA 1819 Data for Population Estimates,"Bed sediment condition, based on log relative bed stability (LRBS_use)",No,,,2018–2019 only,Not comparable across cycles
Population Estimates,BENT_MMI_COND,No,,,Yes,NRSA 1819 Data for Population Estimates,Condition class based on benthic MMI score,No,,,2018–2019 only,Not comparable across cycles
Population Estimates,CYLSPER_DETECT,No,,,Yes,NRSA 1819 Data for Population Estimates,Cylindrospermopsin Detection,No,,,2018–2019 only,Not comparable across cycles
Population Estimates,CYLSPER_EPA_COND,No,,,Yes,NRSA 1819 Data for Population Estimates,Cylindrospermopsin condition based on EPA benchmark,No,,,2018–2019 only,Not comparable across cycles
Population Estimates,DATE_COL,No,,,Yes,NRSA 1819 Data for Population Estimates,Date of data collection in field,No,,,2018–2019 only,Not comparable across cycles
Population Estimates,DSGN_CYCLE,No,,,Yes,NRSA 1819 Data for Population Estimates,NRSA survey design time period 2000-04| 2008-09 | 2013-14 | 2018-19 | etc. No missing values allowed.,No,,,2018–2019 only,Not comparable across cycles
Population Estimates,ENT_1X_STV_COND,No,,,Yes,NRSA 1819 Data for Population Estimates,Estimated enterococci CCE / 100 mL of water sample volume from ORD analyses of undiluted DNA extract and calculations from EPA Method 1609 calculation spreadsheet exceeds (1) or is less than (0) RWQC STV value of 1280 CCE/100 mL.,No,,,2018–2019 only,Not comparable across cycles
Population Estimates,EPA_REG,No,,,Yes,NRSA 1819 Data for Population Estimates,"EPA Region. No missing or ""blank"" values allowed.",No,,,2018–2019 only,Not comparable across cycles
Population Estimates,EVAL_CAT,No,,,Yes,NRSA 1819 Data for Population Estimates,"NRSA site evaluation result. For hand-picked sites evaluation is Target_Sampled. No missing or ""blank"" values allowed.",No,,,2018–2019 only,Not comparable across cycles
Population Estimates,FED_NONFED,No,,,Yes,NRSA 1819 Data for Population Estimates,"Federal or Non-Federal land, based on OWN_NARS. OWN_NARS in FWS, Other Fed, USFS, NPS, NOAA, BLM, DOD, BOR considered Federal and all others Non-Federal.",No,,,2018–2019 only,Not comparable across cycles
Population Estimates,FISH_MMI_COND,No,,,Yes,NRSA 1819 Data for Population Estimates,"Fish assemblage condition, based on regional Fish MMI.",No,,,2018–2019 only,Not comparable across cycles
Population Estimates,FS_EW,No,,,Yes,NRSA 1819 Data for Population Estimates,"Eastern or western US Forest Service land. Not_USFS if not US Forest Service land. No missing or ""blank"" values allowed.",No,,,2018–2019 only,Not comparable across cycles
Population Estimates,HG_COND,No,,,Yes,NRSA 1819 Data for Population Estimates,Site condition class based on mercury concentration in fish tissue,No,,,2018–2019 only,Not comparable across cycles
Population Estimates,HUC2_NM,No,,,Yes,NRSA 1819 Data for Population Estimates,"USGS Level 2 Hydrologic Unit Region Name where stream reach is located (based on NHDPlusV2 use of HUCs). No missing or ""blank"" values allowed.",No,,,2018–2019 only,Not comparable across cycles
Population Estimates,INSTRMCVR_COND,No,,,Yes,NRSA 1819 Data for Population Estimates,"Instream cover condition, based in log natural fish cover (L_XFC_NAT)",No,,,2018–2019 only,Not comparable across cycles
Population Estimates,LAT_DD83,No,,,Yes,NRSA 1819 Data for Population Estimates,"Latitude in decimal degrees (based on NAD83 datum) for stream site from NHDPlusV2, i.e., ""design latitude."". No missing or ""blank"" values allowed.",No,,,2018–2019 only,Not comparable across cycles
Population Estimates,LON_DD83,No,,,Yes,NRSA 1819 Data for Population Estimates,"Longitude in decimal degrees (based on NAD83 datum) for stream site from NHDPlusV2, i.e., ""design longitude."" No missing or ""blank"" values allowed.",No,,,2018–2019 only,Not comparable across cycles
Population Estimates,MAJ_BAS_NM,No,,,Yes,NRSA 1819 Data for Population Estimates,"Name of major USGS Hydrologic Basins derived from NHDPlus names. No missing or ""blank"" values allowed.",No,,,2018–2019 only,Not comparable across cycles
Population Estimates,MICX_DETECT,No,,,Yes,NRSA 1819 Data for Population Estimates,Microcystin Detection,No,,,2018–2019 only,Not comparable across cycles
Population Estimates,MICX_EPA_COND,No,,,Yes,NRSA 1819 Data for Population Estimates,Microcystin condition based on EPA benchmark,No,,,2018–2019 only,Not comparable across cycles
Population Estimates,MIS_BAS_NM,No,,,Yes,NRSA 1819 Data for Population Estimates,"The hydrologic basin name for streams in the Mississippi Basin derived from NHDPlus names. ""Not Miss River Basin"" for streams not in the Mississippi Basin. No missing values allowed.",No,,,2018–2019 only,Not comparable across cycles
Population Estimates,MISS_BASIN,No,,,Yes,NRSA 1819 Data for Population Estimates,"Within Mississippi Basin or outside, based on MIS_BAS_NM values",No,,,2018–2019 only,Not comparable across cycles
Population Estimates,NTL_COND,No,,,Yes,NRSA 1819 Data for Population Estimates,Site condition class based on total nitrogen concentration,No,,,2018–2019 only,Not comparable across cycles
Population Estimates,OE_COND,No,,,Yes,NRSA 1819 Data for Population Estimates,Condition class based on O/E score,No,,,2018–2019 only,Not comparable across cycles
Population Estimates,OWN_NARS,No,,,Yes,NRSA 1819 Data for Population Estimates,"Land ownership code derived from USGS PADUS (http://gapanalysis.usgs.gov/padus/data/) - pulled May 2016 version of database. Aggregated to categories used by NARS. Text of 13 land ownership category names. Similar to OWN_TYPE in USGS PADUS dataset except that Federal_Land is separated into major federal agencies. No missing or ""blank"" values allowed.",No,,,2018–2019 only,Not comparable across cycles
Population Estimates,PSTL_CODE,No,,,Yes,NRSA 1819 Data for Population Estimates,"State two letter postal code for site sampled. 50 state postal codes plus AS, MP, GU, PR, VI for American Samoa, Commonwealth of Northern Marianas, Guam, Puerto Rico and Virgin Islands. No missing or ""blank"" values allowed.",No,,,2018–2019 only,Not comparable across cycles
Population Estimates,PTL_COND,No,,,Yes,NRSA 1819 Data for Population Estimates,Site condition class based on total phosphorus concentration,No,,,2018–2019 only,Not comparable across cycles
Population Estimates,PUBLICATION_DATE,No,,,Yes,NRSA 1819 Data for Population Estimates,Date of data file publication,No,,,2018–2019 only,Not comparable across cycles
Population Estimates,RIPDIST_COND,No,,,Yes,NRSA 1819 Data for Population Estimates,"Riparian disturbance condition, based on W1_HALL",No,,,2018–2019 only,Not comparable across cycles
Population Estimates,RIPVEG_COND,No,,,Yes,NRSA 1819 Data for Population Estimates,"Riparian vegetation condition, based on L_XCMGW",No,,,2018–2019 only,Not comparable across cycles
Population Estimates,SAL_COND,No,,,Yes,NRSA 1819 Data for Population Estimates,Site condition class based on conductivity,No,,,2018–2019 only,Not comparable across cycles
Population Estimates,SALINITY_CLASS,No,,,Yes,NRSA 1819 Data for Population Estimates,"Salinity class, based on total salts in sample",No,,,2018–2019 only,Not comparable across cycles
Population Estimates,SITE_ID,No,,,Yes,NRSA 1819 Data for Population Estimates,"Site ID for the study and year sampled. Preferred form is NRSnn_MM-xxxxx where nn is current cycle year (04, 08, 13, 18, etc), MM is two letter state code, and xxxxx is between 10001 and 99999. No missing or ""blank"" values allowed.",No,,,2018–2019 only,Not comparable across cycles
Population Estimates,SITESAMP,No,,,Yes,NRSA 1819 Data for Population Estimates,Was site sampled: Y/N.,No,,,2018–2019 only,Not comparable across cycles
Population Estimates,STRAH_CAT,No,,,Yes,NRSA 1819 Data for Population Estimates,"Strahler category used to classify reaches. SmallStreams – 1st and 2nd order; LargeStreams – 3rd and 4th order; MajorRivers – 5th order and higher that are identified as MajorRiver/Additional in MAJ_RIVER variable; and OtherRivers – 5th and higher that are not MajorRivers. No missing or ""blank"" values allowed.",No,,,2018–2019 only,Not comparable across cycles
Population Estimates,UID,No,,,Yes,NRSA 1819 Data for Population Estimates,Unique site visit ID,No,,,2018–2019 only,Not comparable across cycles
Population Estimates,UNIQUE_ID,No,,,Yes,NRSA 1819 Data for Population Estimates,Unique site ID based on location that does not depend on year sampled or any other factor. Form is NRS_ss_nnnnn where ss state and nnnnn is number that starts at 10001. No missing values allowed.,No,,,2018–2019 only,Not comparable across cycles
Population Estimates,URBN_NRS18,No,,,Yes,NRSA 1819 Data for Population Estimates,"Stream identified as an urban stream based on urban definition used in NRSA 2018-19 design. Urban based on 2010 Census polygons of urban areas. No 3km buffer to ensure census waters included since census polygons now include census waters. No missing or ""blank"" values allowed.",No,,,2018–2019 only,Not comparable across cycles
Population Estimates,USFS,No,,,Yes,NRSA 1819 Data for Population Estimates,"US Forest Service land or other, based on OWN_NARS.",No,,,2018–2019 only,Not comparable across cycles
Population Estimates,VISIT_NO,No,,,Yes,NRSA 1819 Data for Population Estimates,Number identifying which visit this is,No,,,2018–2019 only,Not comparable across cycles
Population Estimates,WGT_TP,No,,,Yes,NRSA 1819 Data for Population Estimates,NRSA adjusted weight for site when want estimates to be for the Target Population. Includes weight adjustments to account for sites with unknown status and when site status is known to be target but not sampled. >0 or 0 if site is not to be used for population estimation. Units: miles.,No,,,2018–2019 only,Not comparable across cycles
Population Estimates,XCOORD,No,,,Yes,NRSA 1819 Data for Population Estimates,"x-coordinate from US Contiguous Albers Equal Area Conic projection EXCEPT Hawaii sites which are calculated from Hawaii Albers Equal Area Conic projection. No missing or ""blank"" values allowed. Projection: clon = -96, clat = 37.5, sp1 = 29.5, sp2 = 45.5",No,,,2018–2019 only,Not comparable across cycles
Population Estimates,YCOORD,No,,,Yes,NRSA 1819 Data for Population Estimates,"y-coordinate from US Contiguous Albers Equal Area Conic projection EXCEPT Hawaii sites which are calculated from Hawaii Albers Equal Area Conic projection. No missing or ""blank"" values allowed. Projection: sph = ""GRS80"", clon = -96, clat = 37.5, sp1 = 29.5, sp2 = 45.5",No,,,2018–2019 only,Not comparable across cycles
Population Estimates,YEAR,No,,,Yes,NRSA 1819 Data for Population Estimates,Year of sampling,No,,,2018–2019 only,Not comparable across cycles
Sample Design,BCUL,No,,,No,,,Yes,NRSA 2324 Sample Grid,Either sample ID or Not Collected for bacteria culture sample.,2023–2024 only,Not comparable across cycles
Sample Design,BDNA,No,,,No,,,Yes,NRSA 2324 Sample Grid,Either sample ID or Not Collected for bacteria DNA sample.,2023–2024 only,Not comparable across cycles
Sample Design,BERW,No,,,No,,,Yes,NRSA 2324 Sample Grid,Either sample ID or Not Collected for wadeable benthos sample.,2023–2024 only,Not comparable across cycles
Sample Design,BETB,No,,,No,,,Yes,NRSA 2324 Sample Grid,Either sample ID or Not Collected for boatable benthos sample.,2023–2024 only,Not comparable across cycles
Sample Design,CHEM,No,,,No,,,Yes,NRSA 2324 Sample Grid,Either sample ID or Not Collected for water chemistry sample.,2023–2024 only,Not comparable across cycles
Sample Design,DATE_COL,No,,,No,,,Yes,NRSA 2324 Sample Grid,Date of data collection in field,2023–2024 only,Not comparable across cycles
Sample Design,ENTE,No,,,No,,,Yes,NRSA 2324 Sample Grid,Either sample ID or Not Collected for enterococci sample.,2023–2024 only,Not comparable across cycles
Sample Design,FIELD,No,,,No,,,Yes,NRSA 2324 Sample Grid,Either Collected or Not Collected for field in situ measurements,2023–2024 only,Not comparable across cycles
Sample Design,FISH,No,,,No,,,Yes,NRSA 2324 Sample Grid,Either fishing protocol or reason for not sampling for fish.,2023–2024 only,Not comparable across cycles
Sample Design,FPLG,No,,,No,,,Yes,NRSA 2324 Sample Grid,Either sample ID or Not Collected for fish plug sample.,2023–2024 only,Not comparable across cycles
Sample Design,MICX,No,,,No,,,Yes,NRSA 2324 Sample Grid,Either sample ID or Not Collected for microcystin sample.,2023–2024 only,Not comparable across cycles
Sample Design,PBIO,No,,,No,,,Yes,NRSA 2324 Sample Grid,Either sample ID or Not Collected for periphyton biomass sample.,2023–2024 only,Not comparable across cycles
Sample Design,PCHL,No,,,No,,,Yes,NRSA 2324 Sample Grid,Either sample ID or Not Collected for periphyton chlorophyll a sample.,2023–2024 only,Not comparable across cycles
Sample Design,PDNA,No,,,No,,,Yes,NRSA 2324 Sample Grid,Either sample ID or Not Collected for periphyton metagenomic sample.,2023–2024 only,Not comparable across cycles
Sample Design,PERI,No,,,No,,,Yes,NRSA 2324 Sample Grid,Either sample ID or Not Collected for periphyton assemblage sample.,2023–2024 only,Not comparable across cycles
Sample Design,PSTL_CODE,No,,,No,,,Yes,NRSA 2324 Sample Grid,"State two letter postal code for site sampled. 50 state postal codes plus AS, MP, GU, PR, VI for American Samoa, Commonwealth of Northern Marianas, Guam, Puerto Rico and Virgin Islands. No missing or \blank\"" values allowed.""",2023–2024 only,Not comparable across cycles
Sample Design,PUBLICATION_DATE,No,,,No,,,Yes,NRSA 2324 Sample Grid,Date of data file publication,2023–2024 only,Not comparable across cycles
Sample Design,SITE_ID,No,,,No,,,Yes,NRSA 2324 Sample Grid,"Site ID for the study and year sampled. Preferred form is NRSnn_MM-xxxxx where nn is current cycle year (04, 08, 13, 18, etc), MM is two letter state code, and xxxxx is between 10001 and 99999. No missing or \blank\"" values allowed.""",2023–2024 only,Not comparable across cycles
Sample Design,UID,No,,,No,,,Yes,NRSA 2324 Sample Grid,Unique site visit ID,2023–2024 only,Not comparable across cycles
Sample Design,UNIQUE_ID,No,,,No,,,Yes,NRSA 2324 Sample Grid,Unique site ID based on location that does not depend on year sampled or any other factor. Form is NRS_ss_nnnnn where ss state and nnnnn is number that starts at 10001. No missing values allowed.,2023–2024 only,Not comparable across cycles
Sample Design,VISIT_NO,No,,,No,,,Yes,NRSA 2324 Sample Grid,Number identifying which visit this is,2023–2024 only,Not comparable across cycles
Sample Design,WCHL,No,,,No,,,Yes,NRSA 2324 Sample Grid,Either sample ID or Not Collected for water chlorophyll a sample.,2023–2024 only,Not comparable across cycles
