cycle,source_dataset,indicator,database_style_key,epa_short_name,epa_definition_what_it_measures,sample_or_record_type,legal_values_format,range_low,range_high,metadata_name_column,convenience_prefix
2324,NRSA 2324 Algal Toxin,Algal Toxin,algaltox_ABSORBANCE,ABSORBANCE,Absorbance,MICX,,,,PARAMETER,algaltox
2324,NRSA 2324 Algal Toxin,Algal Toxin,algaltox_ABSORBANCE_UNITS,ABSORBANCE_UNITS,Units for parameter ABSORBANCE,COLUMN,,,,PARAMETER,algaltox
2324,NRSA 2324 Algal Toxin,Algal Toxin,algaltox_ANALYST,ANALYST,Laboratory analyst,MICX,,,,PARAMETER,algaltox
2324,NRSA 2324 Algal Toxin,Algal Toxin,algaltox_ANALYTE,ANALYTE,Analyte,COLUMN,,,,PARAMETER,algaltox
2324,NRSA 2324 Algal Toxin,Algal Toxin,algaltox_BATCH_ID,BATCH_ID,Laboratory Batch ID,COLUMN,,,,PARAMETER,algaltox
2324,NRSA 2324 Algal Toxin,Algal Toxin,algaltox_COND_COMMENT,COND_COMMENT,Condition of sample on arrival at laboratory,MICX,,,,PARAMETER,algaltox
2324,NRSA 2324 Algal Toxin,Algal Toxin,algaltox_CONDITION_CODE,CONDITION_CODE,Condition of sample code,MICX,,,,PARAMETER,algaltox
2324,NRSA 2324 Algal Toxin,Algal Toxin,algaltox_DATE_ANALYZED,DATE_ANALYZED,Date sample analyzed,MICX,,,,PARAMETER,algaltox
2324,NRSA 2324 Algal Toxin,Algal Toxin,algaltox_DATE_COL,DATE_COL,Date of data collection in field,VERIF,,,,PARAMETER,algaltox
2324,NRSA 2324 Algal Toxin,Algal Toxin,algaltox_DATE_RECEIVED,DATE_RECEIVED,Date sample received,MICX,,,,PARAMETER,algaltox
2324,NRSA 2324 Algal Toxin,Algal Toxin,algaltox_DILUTION_FACTOR,DILUTION_FACTOR,Dilution factor,MICX,,,,PARAMETER,algaltox
2324,NRSA 2324 Algal Toxin,Algal Toxin,algaltox_KIT_ID,KIT_ID,"Kit identification code. If one does not exist, assign a unique code to each kit.",MICX,,,,PARAMETER,algaltox
2324,NRSA 2324 Algal Toxin,Algal Toxin,algaltox_LAB,LAB,Laboratory processing sample,COLUMN,,,,PARAMETER,algaltox
2324,NRSA 2324 Algal Toxin,Algal Toxin,algaltox_LAB_COMMENT,LAB_COMMENT,Laboratory comment,COLUMN,,,,PARAMETER,algaltox
2324,NRSA 2324 Algal Toxin,Algal Toxin,algaltox_MATRIX,MATRIX,"Type of sample (e.g., water, sediment, tissue)",COLUMN,,,,PARAMETER,algaltox
2324,NRSA 2324 Algal Toxin,Algal Toxin,algaltox_MDL,MDL,Minimum Detection Limit,MICX,,,,PARAMETER,algaltox
2324,NRSA 2324 Algal Toxin,Algal Toxin,algaltox_NARS_COMMENT,NARS_COMMENT,Comment to explain NARS_COMMENT when necessary,COLUMN,,,,PARAMETER,algaltox
2324,NRSA 2324 Algal Toxin,Algal Toxin,algaltox_NARS_FLAG,NARS_FLAG,"Flag assigned by NARS: ND = Non-detect, L = Estimated, Q = Quality-related issue, S = Shipping time exceedence, H = Holding time exceedence, NR = No lab result for analyte",MICX,,,,PARAMETER,algaltox
2324,NRSA 2324 Algal Toxin,Algal Toxin,algaltox_PSTL_CODE,PSTL_CODE,"State two letter postal code for site sampled. 50 state postal codes plus AS, MP, GU, PR, VI for American Samoa, Commonwealth of Northern Marianas, Guam, Puerto Rico and Virgin Islands. No missing or \blank\"" values allowed.""",DESIGN,,,,PARAMETER,algaltox
2324,NRSA 2324 Algal Toxin,Algal Toxin,algaltox_PUBLICATION_DATE,PUBLICATION_DATE,Date of data file publication,COLUMN,,,,PARAMETER,algaltox
2324,NRSA 2324 Algal Toxin,Algal Toxin,algaltox_QA_FLAG,QA_FLAG,QA flag from laboratory,MICX,,,,PARAMETER,algaltox
2324,NRSA 2324 Algal Toxin,Algal Toxin,algaltox_RESULT,RESULT,Value of associated parameter,COLUMN,,,,PARAMETER,algaltox
2324,NRSA 2324 Algal Toxin,Algal Toxin,algaltox_RESULT_UNITS,RESULT_UNITS,Result unit,COLUMN,,,,PARAMETER,algaltox
2324,NRSA 2324 Algal Toxin,Algal Toxin,algaltox_RL,RL,Reporting Limit,MICX,,,,PARAMETER,algaltox
2324,NRSA 2324 Algal Toxin,Algal Toxin,algaltox_SAM_CODE,SAM_CODE,"Sample code (e.g., regular, lab duplicate, lab split)",COLUMN,,,,PARAMETER,algaltox
2324,NRSA 2324 Algal Toxin,Algal Toxin,algaltox_SAMPLE_ID,SAMPLE_ID,Field sample ID,MICX,,,,PARAMETER,algaltox
2324,NRSA 2324 Algal Toxin,Algal Toxin,algaltox_SAMPLE_TYPE,SAMPLE_TYPE,"Code identifying sample type: MICX=Microcystin, CYLSPER=Cylindrospermopsin, MICZ=Microcystin in legacy bottle type",COLUMN,,,,PARAMETER,algaltox
2324,NRSA 2324 Algal Toxin,Algal Toxin,algaltox_SITE_ID,SITE_ID,"Site ID for the study and year sampled. Preferred form is NRSnn_MM-xxxxx where nn is current cycle year (04, 08, 13, 18, etc), MM is two letter state code, and xxxxx is between 10001 and 99999. No missing or \blank\"" values allowed.""",DESIGN,,,,PARAMETER,algaltox
2324,NRSA 2324 Algal Toxin,Algal Toxin,algaltox_UID,UID,Unique site visit ID,COLUMN,,,,PARAMETER,algaltox
2324,NRSA 2324 Algal Toxin,Algal Toxin,algaltox_UNIQUE_ID,UNIQUE_ID,Unique site ID based on location that does not depend on year sampled or any other factor. Form is NRS_ss_nnnnn where ss state and nnnnn is number that starts at 10001. No missing values allowed.,COLUMN,,,,PARAMETER,algaltox
2324,NRSA 2324 Algal Toxin,Algal Toxin,algaltox_VISIT_NO,VISIT_NO,Number identifying which visit this is,VERIF,|1|2,,,PARAMETER,algaltox
2324,NRSA 2324 Benthic Count,Benthic Macroinvertebrates,benthic_count_CLASS,CLASS,Class of taxon,TAXA: Invertebrates,,,,COLUMN_NAME,benthic_count
2324,NRSA 2324 Benthic Count,Benthic Macroinvertebrates,benthic_count_DATE_COL,DATE_COL,Date of data collection in field,VERIF,,,,COLUMN_NAME,benthic_count
2324,NRSA 2324 Benthic Count,Benthic Macroinvertebrates,benthic_count_FAMILY,FAMILY,Family of taxon,TAXA: Invertebrates,,,,COLUMN_NAME,benthic_count
2324,NRSA 2324 Benthic Count,Benthic Macroinvertebrates,benthic_count_FFG,FFG,"Functional feeding group used in metric calculations;Collector-filterer(CF),Collector-gatherer(CG),Parasite(PA),Piercer(PI),Scraper(SC),Shredder(SH)",TAXA: Invertebrates,,,,COLUMN_NAME,benthic_count
2324,NRSA 2324 Benthic Count,Benthic Macroinvertebrates,benthic_count_GENUS,GENUS,Genus of taxon,TAXA: Invertebrates,,,,COLUMN_NAME,benthic_count
2324,NRSA 2324 Benthic Count,Benthic Macroinvertebrates,benthic_count_HABIT,HABIT,"Habit used in metric calculations;Burrower(BU),Climber(CB),Clinger(CN),Diver(DV),Planktonic(PK),Skater(SK),Sprawler(SP),Swimmer(SW)",TAXA: Invertebrates,,,,COLUMN_NAME,benthic_count
2324,NRSA 2324 Benthic Count,Benthic Macroinvertebrates,benthic_count_IS_DISTINCT,IS_DISTINCT,Distinctness of taxon within sample,BERW,0|1,,,COLUMN_NAME,benthic_count
2324,NRSA 2324 Benthic Count,Benthic Macroinvertebrates,benthic_count_IS_DISTINCT,IS_DISTINCT,Distinctness of taxon within sample,BETB,0|1,,,COLUMN_NAME,benthic_count
2324,NRSA 2324 Benthic Count,Benthic Macroinvertebrates,benthic_count_NON_TARGET,NON_TARGET,Operational taxon unit for NRSA O/E,TAXA: Invertebrates,,,,COLUMN_NAME,benthic_count
2324,NRSA 2324 Benthic Count,Benthic Macroinvertebrates,benthic_count_ORDER,ORDER,Order of taxon,TAXA: Invertebrates,,,,COLUMN_NAME,benthic_count
2324,NRSA 2324 Benthic Count,Benthic Macroinvertebrates,benthic_count_PHYLUM,PHYLUM,Phylum of taxon,TAXA: Invertebrates,,,,COLUMN_NAME,benthic_count
2324,NRSA 2324 Benthic Count,Benthic Macroinvertebrates,benthic_count_PSTL_CODE,PSTL_CODE,"State two letter postal code for site sampled. 50 state postal codes plus AS, MP, GU, PR, VI for American Samoa, Commonwealth of Northern Marianas, Guam, Puerto Rico and Virgin Islands. No missing or \blank\"" values allowed.""",DESIGN,,,,COLUMN_NAME,benthic_count
2324,NRSA 2324 Benthic Count,Benthic Macroinvertebrates,benthic_count_PTV,PTV,Pollution tolerance value as assigned for NWSA,TAXA: Invertebrates,,,,COLUMN_NAME,benthic_count
2324,NRSA 2324 Benthic Count,Benthic Macroinvertebrates,benthic_count_SAMPLE_TYPE,SAMPLE_TYPE,Sample type; BETB = non-wadable method (Benthic Boatable) and BERW = wadeable method (Benthic Reach Wide),,,,,COLUMN_NAME,benthic_count
2324,NRSA 2324 Benthic Count,Benthic Macroinvertebrates,benthic_count_SITE_ID,SITE_ID,"Site ID for the study and year sampled. Preferred form is NRSnn_MM-xxxxx where nn is current cycle year (04, 08, 13, 18, etc), MM is two letter state code, and xxxxx is between 10001 and 99999. No missing or \blank\"" values allowed.""",DESIGN,,,,COLUMN_NAME,benthic_count
2324,NRSA 2324 Benthic Count,Benthic Macroinvertebrates,benthic_count_SUBFAMILY,SUBFAMILY,Subfamily of taxon,TAXA: Invertebrates,,,,COLUMN_NAME,benthic_count
2324,NRSA 2324 Benthic Count,Benthic Macroinvertebrates,benthic_count_TARGET_TAXON,TARGET_TAXON,Name of taxon at target taxon level,TAXA: Invertebrates,,,,COLUMN_NAME,benthic_count
2324,NRSA 2324 Benthic Count,Benthic Macroinvertebrates,benthic_count_TAXA_ID,TAXA_ID,Taxonomic ID number,,,,,COLUMN_NAME,benthic_count
2324,NRSA 2324 Benthic Count,Benthic Macroinvertebrates,benthic_count_TOTAL,TOTAL,Total number of individuals sorted for given taxon,BERW,,,,COLUMN_NAME,benthic_count
2324,NRSA 2324 Benthic Count,Benthic Macroinvertebrates,benthic_count_TOTAL,TOTAL,Total number of individuals sorted for given taxon,BETB,,,,COLUMN_NAME,benthic_count
2324,NRSA 2324 Benthic Count,Benthic Macroinvertebrates,benthic_count_TRIBE,TRIBE,Tribe of taxon,TAXA: Invertebrates,,,,COLUMN_NAME,benthic_count
2324,NRSA 2324 Benthic Count,Benthic Macroinvertebrates,benthic_count_UID,UID,Unique site visit ID,,,,,COLUMN_NAME,benthic_count
2324,NRSA 2324 Benthic Count,Benthic Macroinvertebrates,benthic_count_UNIQUE_ID,UNIQUE_ID,Unique site ID based on location that does not depend on year sampled or any other factor. Form is NRS_ss_nnnnn where ss state and nnnnn is number that starts at 10001. No missing values allowed.,,,,,COLUMN_NAME,benthic_count
2324,NRSA 2324 Benthic Count,Benthic Macroinvertebrates,benthic_count_VISIT_NO,VISIT_NO,Number identifying which visit this is,VERIF,|1|2,,,COLUMN_NAME,benthic_count
2324,NRSA 2324 Benthic Metrics,Benthic Macroinvertebrates,benthic_metrics_AMPHNTAX,AMPHNTAX,No. of Amphipoda taxa,BERW,,,,COLUMN_NAME,benthic_metrics
2324,NRSA 2324 Benthic Metrics,Benthic Macroinvertebrates,benthic_metrics_AMPHNTAX,AMPHNTAX,No. of Amphipoda taxa,BETB,,,,COLUMN_NAME,benthic_metrics
2324,NRSA 2324 Benthic Metrics,Benthic Macroinvertebrates,benthic_metrics_AMPHPIND,AMPHPIND,% Amphipoda individuals,BERW,,,,COLUMN_NAME,benthic_metrics
2324,NRSA 2324 Benthic Metrics,Benthic Macroinvertebrates,benthic_metrics_AMPHPIND,AMPHPIND,% Amphipoda individuals,BETB,,,,COLUMN_NAME,benthic_metrics
2324,NRSA 2324 Benthic Metrics,Benthic Macroinvertebrates,benthic_metrics_AMPHPTAX,AMPHPTAX,% Amphipoda taxa,BERW,,,,COLUMN_NAME,benthic_metrics
2324,NRSA 2324 Benthic Metrics,Benthic Macroinvertebrates,benthic_metrics_AMPHPTAX,AMPHPTAX,% Amphipoda taxa,BETB,,,,COLUMN_NAME,benthic_metrics
2324,NRSA 2324 Benthic Metrics,Benthic Macroinvertebrates,benthic_metrics_BURRNTAX,BURRNTAX,No. of Burrowers taxa,BERW,,,,COLUMN_NAME,benthic_metrics
2324,NRSA 2324 Benthic Metrics,Benthic Macroinvertebrates,benthic_metrics_BURRNTAX,BURRNTAX,No. of Burrowers taxa,BETB,,,,COLUMN_NAME,benthic_metrics
2324,NRSA 2324 Benthic Metrics,Benthic Macroinvertebrates,benthic_metrics_BURRPIND,BURRPIND,% Burrowers individuals,BERW,,,,COLUMN_NAME,benthic_metrics
2324,NRSA 2324 Benthic Metrics,Benthic Macroinvertebrates,benthic_metrics_BURRPIND,BURRPIND,% Burrowers individuals,BETB,,,,COLUMN_NAME,benthic_metrics
2324,NRSA 2324 Benthic Metrics,Benthic Macroinvertebrates,benthic_metrics_BURRPTAX,BURRPTAX,% Burrowers taxa,BERW,,,,COLUMN_NAME,benthic_metrics
2324,NRSA 2324 Benthic Metrics,Benthic Macroinvertebrates,benthic_metrics_BURRPTAX,BURRPTAX,% Burrowers taxa,BETB,,,,COLUMN_NAME,benthic_metrics
2324,NRSA 2324 Benthic Metrics,Benthic Macroinvertebrates,benthic_metrics_CHIRDOM1PIND,CHIRDOM1PIND,% individuals in most abundant distinct Chironomidae taxon,BERW,,,,COLUMN_NAME,benthic_metrics
2324,NRSA 2324 Benthic Metrics,Benthic Macroinvertebrates,benthic_metrics_CHIRDOM1PIND,CHIRDOM1PIND,% individuals in most abundant distinct Chironomidae taxon,BETB,,,,COLUMN_NAME,benthic_metrics
2324,NRSA 2324 Benthic Metrics,Benthic Macroinvertebrates,benthic_metrics_CHIRDOM3PIND,CHIRDOM3PIND,% individuals in most abundant 3 distinct Chironomidae taxa,BERW,,,,COLUMN_NAME,benthic_metrics
2324,NRSA 2324 Benthic Metrics,Benthic Macroinvertebrates,benthic_metrics_CHIRDOM3PIND,CHIRDOM3PIND,% individuals in most abundant 3 distinct Chironomidae taxa,BETB,,,,COLUMN_NAME,benthic_metrics
2324,NRSA 2324 Benthic Metrics,Benthic Macroinvertebrates,benthic_metrics_CHIRDOM5PIND,CHIRDOM5PIND,% individuals in most abundant 5 distinct Chironomidae taxa,BERW,,,,COLUMN_NAME,benthic_metrics
2324,NRSA 2324 Benthic Metrics,Benthic Macroinvertebrates,benthic_metrics_CHIRDOM5PIND,CHIRDOM5PIND,% individuals in most abundant 5 distinct Chironomidae taxa,BETB,,,,COLUMN_NAME,benthic_metrics
2324,NRSA 2324 Benthic Metrics,Benthic Macroinvertebrates,benthic_metrics_CHIRNTAX,CHIRNTAX,No. of Chironomidae taxa,BERW,,,,COLUMN_NAME,benthic_metrics
2324,NRSA 2324 Benthic Metrics,Benthic Macroinvertebrates,benthic_metrics_CHIRNTAX,CHIRNTAX,No. of Chironomidae taxa,BETB,,,,COLUMN_NAME,benthic_metrics
2324,NRSA 2324 Benthic Metrics,Benthic Macroinvertebrates,benthic_metrics_CHIRPIND,CHIRPIND,% Chironomidae individuals,BERW,,,,COLUMN_NAME,benthic_metrics
2324,NRSA 2324 Benthic Metrics,Benthic Macroinvertebrates,benthic_metrics_CHIRPIND,CHIRPIND,% Chironomidae individuals,BETB,,,,COLUMN_NAME,benthic_metrics
2324,NRSA 2324 Benthic Metrics,Benthic Macroinvertebrates,benthic_metrics_CHIRPTAX,CHIRPTAX,% Chironomidae taxa,BERW,,,,COLUMN_NAME,benthic_metrics
2324,NRSA 2324 Benthic Metrics,Benthic Macroinvertebrates,benthic_metrics_CHIRPTAX,CHIRPTAX,% Chironomidae taxa,BETB,,,,COLUMN_NAME,benthic_metrics
2324,NRSA 2324 Benthic Metrics,Benthic Macroinvertebrates,benthic_metrics_CLMBNTAX,CLMBNTAX,No. of Climbers taxa,BERW,,,,COLUMN_NAME,benthic_metrics
2324,NRSA 2324 Benthic Metrics,Benthic Macroinvertebrates,benthic_metrics_CLMBNTAX,CLMBNTAX,No. of Climbers taxa,BETB,,,,COLUMN_NAME,benthic_metrics
2324,NRSA 2324 Benthic Metrics,Benthic Macroinvertebrates,benthic_metrics_CLMBPIND,CLMBPIND,% Climbers individuals,BERW,,,,COLUMN_NAME,benthic_metrics
2324,NRSA 2324 Benthic Metrics,Benthic Macroinvertebrates,benthic_metrics_CLMBPIND,CLMBPIND,% Climbers individuals,BETB,,,,COLUMN_NAME,benthic_metrics
2324,NRSA 2324 Benthic Metrics,Benthic Macroinvertebrates,benthic_metrics_CLMBPTAX,CLMBPTAX,% Climbers taxa,BERW,,,,COLUMN_NAME,benthic_metrics
2324,NRSA 2324 Benthic Metrics,Benthic Macroinvertebrates,benthic_metrics_CLMBPTAX,CLMBPTAX,% Climbers taxa,BETB,,,,COLUMN_NAME,benthic_metrics
2324,NRSA 2324 Benthic Metrics,Benthic Macroinvertebrates,benthic_metrics_CLNGNTAX,CLNGNTAX,No. of Clingers taxa,BERW,,,,COLUMN_NAME,benthic_metrics
2324,NRSA 2324 Benthic Metrics,Benthic Macroinvertebrates,benthic_metrics_CLNGNTAX,CLNGNTAX,No. of Clingers taxa,BETB,,,,COLUMN_NAME,benthic_metrics
2324,NRSA 2324 Benthic Metrics,Benthic Macroinvertebrates,benthic_metrics_CLNGPIND,CLNGPIND,% Clingers individuals,BERW,,,,COLUMN_NAME,benthic_metrics
2324,NRSA 2324 Benthic Metrics,Benthic Macroinvertebrates,benthic_metrics_CLNGPIND,CLNGPIND,% Clingers individuals,BETB,,,,COLUMN_NAME,benthic_metrics
2324,NRSA 2324 Benthic Metrics,Benthic Macroinvertebrates,benthic_metrics_CLNGPTAX,CLNGPTAX,% Clingers taxa,BERW,,,,COLUMN_NAME,benthic_metrics
2324,NRSA 2324 Benthic Metrics,Benthic Macroinvertebrates,benthic_metrics_CLNGPTAX,CLNGPTAX,% Clingers taxa,BETB,,,,COLUMN_NAME,benthic_metrics
2324,NRSA 2324 Benthic Metrics,Benthic Macroinvertebrates,benthic_metrics_COFINTAX,COFINTAX,No. of Collecter-filterer taxa,BERW,,,,COLUMN_NAME,benthic_metrics
2324,NRSA 2324 Benthic Metrics,Benthic Macroinvertebrates,benthic_metrics_COFINTAX,COFINTAX,No. of Collecter-filterer taxa,BETB,,,,COLUMN_NAME,benthic_metrics
2324,NRSA 2324 Benthic Metrics,Benthic Macroinvertebrates,benthic_metrics_COFIPIND,COFIPIND,% Collecter-filterer individuals,BERW,,,,COLUMN_NAME,benthic_metrics
2324,NRSA 2324 Benthic Metrics,Benthic Macroinvertebrates,benthic_metrics_COFIPIND,COFIPIND,% Collecter-filterer individuals,BETB,,,,COLUMN_NAME,benthic_metrics
2324,NRSA 2324 Benthic Metrics,Benthic Macroinvertebrates,benthic_metrics_COFIPTAX,COFIPTAX,% Collecter-filterer taxa,BERW,,,,COLUMN_NAME,benthic_metrics
2324,NRSA 2324 Benthic Metrics,Benthic Macroinvertebrates,benthic_metrics_COFIPTAX,COFIPTAX,% Collecter-filterer taxa,BETB,,,,COLUMN_NAME,benthic_metrics
2324,NRSA 2324 Benthic Metrics,Benthic Macroinvertebrates,benthic_metrics_COFITRICNTAX,COFITRICNTAX,No. of Collector-filterer Trichoptera taxa,BERW,,,,COLUMN_NAME,benthic_metrics
2324,NRSA 2324 Benthic Metrics,Benthic Macroinvertebrates,benthic_metrics_COFITRICNTAX,COFITRICNTAX,No. of Collector-filterer Trichoptera taxa,BETB,,,,COLUMN_NAME,benthic_metrics
2324,NRSA 2324 Benthic Metrics,Benthic Macroinvertebrates,benthic_metrics_COFITRICPIND,COFITRICPIND,% Collector-filterer Trichoptera individuals,BERW,,,,COLUMN_NAME,benthic_metrics
2324,NRSA 2324 Benthic Metrics,Benthic Macroinvertebrates,benthic_metrics_COFITRICPIND,COFITRICPIND,% Collector-filterer Trichoptera individuals,BETB,,,,COLUMN_NAME,benthic_metrics
2324,NRSA 2324 Benthic Metrics,Benthic Macroinvertebrates,benthic_metrics_COFITRICPTAX,COFITRICPTAX,% Collector-filterer Trichoptera taxa,BERW,,,,COLUMN_NAME,benthic_metrics
2324,NRSA 2324 Benthic Metrics,Benthic Macroinvertebrates,benthic_metrics_COFITRICPTAX,COFITRICPTAX,% Collector-filterer Trichoptera taxa,BETB,,,,COLUMN_NAME,benthic_metrics
2324,NRSA 2324 Benthic Metrics,Benthic Macroinvertebrates,benthic_metrics_COGANTAX,COGANTAX,No. of Collecter-gatherer taxa,BERW,,,,COLUMN_NAME,benthic_metrics
2324,NRSA 2324 Benthic Metrics,Benthic Macroinvertebrates,benthic_metrics_COGANTAX,COGANTAX,No. of Collecter-gatherer taxa,BETB,,,,COLUMN_NAME,benthic_metrics
2324,NRSA 2324 Benthic Metrics,Benthic Macroinvertebrates,benthic_metrics_COGAPIND,COGAPIND,% Collecter-gatherer individuals,BERW,,,,COLUMN_NAME,benthic_metrics
2324,NRSA 2324 Benthic Metrics,Benthic Macroinvertebrates,benthic_metrics_COGAPIND,COGAPIND,% Collecter-gatherer individuals,BETB,,,,COLUMN_NAME,benthic_metrics
2324,NRSA 2324 Benthic Metrics,Benthic Macroinvertebrates,benthic_metrics_COGAPTAX,COGAPTAX,% Collecter-gatherer taxa,BERW,,,,COLUMN_NAME,benthic_metrics
2324,NRSA 2324 Benthic Metrics,Benthic Macroinvertebrates,benthic_metrics_COGAPTAX,COGAPTAX,% Collecter-gatherer taxa,BETB,,,,COLUMN_NAME,benthic_metrics
2324,NRSA 2324 Benthic Metrics,Benthic Macroinvertebrates,benthic_metrics_CRUSNTAX,CRUSNTAX,No. of Crustaceans taxa,BERW,,,,COLUMN_NAME,benthic_metrics
2324,NRSA 2324 Benthic Metrics,Benthic Macroinvertebrates,benthic_metrics_CRUSNTAX,CRUSNTAX,No. of Crustaceans taxa,BETB,,,,COLUMN_NAME,benthic_metrics
2324,NRSA 2324 Benthic Metrics,Benthic Macroinvertebrates,benthic_metrics_CRUSPIND,CRUSPIND,% Crustaceans individuals,BERW,,,,COLUMN_NAME,benthic_metrics
2324,NRSA 2324 Benthic Metrics,Benthic Macroinvertebrates,benthic_metrics_CRUSPIND,CRUSPIND,% Crustaceans individuals,BETB,,,,COLUMN_NAME,benthic_metrics
2324,NRSA 2324 Benthic Metrics,Benthic Macroinvertebrates,benthic_metrics_CRUSPTAX,CRUSPTAX,% Crustaceans taxa,BERW,,,,COLUMN_NAME,benthic_metrics
2324,NRSA 2324 Benthic Metrics,Benthic Macroinvertebrates,benthic_metrics_CRUSPTAX,CRUSPTAX,% Crustaceans taxa,BETB,,,,COLUMN_NAME,benthic_metrics
2324,NRSA 2324 Benthic Metrics,Benthic Macroinvertebrates,benthic_metrics_DATE_COL,DATE_COL,Date of data collection in field,VERIF,,,,COLUMN_NAME,benthic_metrics
2324,NRSA 2324 Benthic Metrics,Benthic Macroinvertebrates,benthic_metrics_DIPTNTAX,DIPTNTAX,No. of Diptera taxa,BERW,,,,COLUMN_NAME,benthic_metrics
2324,NRSA 2324 Benthic Metrics,Benthic Macroinvertebrates,benthic_metrics_DIPTNTAX,DIPTNTAX,No. of Diptera taxa,BETB,,,,COLUMN_NAME,benthic_metrics
2324,NRSA 2324 Benthic Metrics,Benthic Macroinvertebrates,benthic_metrics_DIPTPIND,DIPTPIND,% Diptera individuals,BERW,,,,COLUMN_NAME,benthic_metrics
2324,NRSA 2324 Benthic Metrics,Benthic Macroinvertebrates,benthic_metrics_DIPTPIND,DIPTPIND,% Diptera individuals,BETB,,,,COLUMN_NAME,benthic_metrics
2324,NRSA 2324 Benthic Metrics,Benthic Macroinvertebrates,benthic_metrics_DIPTPTAX,DIPTPTAX,% Diptera taxa,BERW,,,,COLUMN_NAME,benthic_metrics
2324,NRSA 2324 Benthic Metrics,Benthic Macroinvertebrates,benthic_metrics_DIPTPTAX,DIPTPTAX,% Diptera taxa,BETB,,,,COLUMN_NAME,benthic_metrics
2324,NRSA 2324 Benthic Metrics,Benthic Macroinvertebrates,benthic_metrics_DOM1PIND,DOM1PIND,% individuals in dominant distinct taxon,BERW,,,,COLUMN_NAME,benthic_metrics
2324,NRSA 2324 Benthic Metrics,Benthic Macroinvertebrates,benthic_metrics_DOM1PIND,DOM1PIND,% individuals in dominant distinct taxon,BETB,,,,COLUMN_NAME,benthic_metrics
2324,NRSA 2324 Benthic Metrics,Benthic Macroinvertebrates,benthic_metrics_DOM3PIND,DOM3PIND,% individuals in dominant 3 distinct taxa,BERW,,,,COLUMN_NAME,benthic_metrics
2324,NRSA 2324 Benthic Metrics,Benthic Macroinvertebrates,benthic_metrics_DOM3PIND,DOM3PIND,% individuals in dominant 3 distinct taxa,BETB,,,,COLUMN_NAME,benthic_metrics
2324,NRSA 2324 Benthic Metrics,Benthic Macroinvertebrates,benthic_metrics_DOM5PIND,DOM5PIND,% individuals in dominant 5 distinct taxa,BERW,,,,COLUMN_NAME,benthic_metrics
2324,NRSA 2324 Benthic Metrics,Benthic Macroinvertebrates,benthic_metrics_DOM5PIND,DOM5PIND,% individuals in dominant 5 distinct taxa,BETB,,,,COLUMN_NAME,benthic_metrics
2324,NRSA 2324 Benthic Metrics,Benthic Macroinvertebrates,benthic_metrics_EPHENTAX,EPHENTAX,No. of Ephemeroptera taxa,BERW,,,,COLUMN_NAME,benthic_metrics
2324,NRSA 2324 Benthic Metrics,Benthic Macroinvertebrates,benthic_metrics_EPHENTAX,EPHENTAX,No. of Ephemeroptera taxa,BETB,,,,COLUMN_NAME,benthic_metrics
2324,NRSA 2324 Benthic Metrics,Benthic Macroinvertebrates,benthic_metrics_EPHEPIND,EPHEPIND,% Ephemeroptera individuals,BERW,,,,COLUMN_NAME,benthic_metrics
2324,NRSA 2324 Benthic Metrics,Benthic Macroinvertebrates,benthic_metrics_EPHEPIND,EPHEPIND,% Ephemeroptera individuals,BETB,,,,COLUMN_NAME,benthic_metrics
2324,NRSA 2324 Benthic Metrics,Benthic Macroinvertebrates,benthic_metrics_EPHEPTAX,EPHEPTAX,% Ephemeroptera taxa,BERW,,,,COLUMN_NAME,benthic_metrics
2324,NRSA 2324 Benthic Metrics,Benthic Macroinvertebrates,benthic_metrics_EPHEPTAX,EPHEPTAX,% Ephemeroptera taxa,BETB,,,,COLUMN_NAME,benthic_metrics
2324,NRSA 2324 Benthic Metrics,Benthic Macroinvertebrates,benthic_metrics_EPOTNTAX,EPOTNTAX,"No. of Ephemeroptera, Plecoptera, Odonata, & Trichoptera taxa",BERW,,,,COLUMN_NAME,benthic_metrics
2324,NRSA 2324 Benthic Metrics,Benthic Macroinvertebrates,benthic_metrics_EPOTNTAX,EPOTNTAX,"No. of Ephemeroptera, Plecoptera, Odonata, & Trichoptera taxa",BETB,,,,COLUMN_NAME,benthic_metrics
2324,NRSA 2324 Benthic Metrics,Benthic Macroinvertebrates,benthic_metrics_EPOTPIND,EPOTPIND,"% Ephemeroptera, Plecoptera, Odonata, & Trichoptera individuals",BERW,,,,COLUMN_NAME,benthic_metrics
2324,NRSA 2324 Benthic Metrics,Benthic Macroinvertebrates,benthic_metrics_EPOTPIND,EPOTPIND,"% Ephemeroptera, Plecoptera, Odonata, & Trichoptera individuals",BETB,,,,COLUMN_NAME,benthic_metrics
2324,NRSA 2324 Benthic Metrics,Benthic Macroinvertebrates,benthic_metrics_EPOTPTAX,EPOTPTAX,"% Ephemeroptera, Plecoptera, Odonata, & Trichoptera taxa",BERW,,,,COLUMN_NAME,benthic_metrics
2324,NRSA 2324 Benthic Metrics,Benthic Macroinvertebrates,benthic_metrics_EPOTPTAX,EPOTPTAX,"% Ephemeroptera, Plecoptera, Odonata, & Trichoptera taxa",BETB,,,,COLUMN_NAME,benthic_metrics
2324,NRSA 2324 Benthic Metrics,Benthic Macroinvertebrates,benthic_metrics_EPT_NTAX,EPT_NTAX,No. of EPT taxa,BERW,,,,COLUMN_NAME,benthic_metrics
2324,NRSA 2324 Benthic Metrics,Benthic Macroinvertebrates,benthic_metrics_EPT_NTAX,EPT_NTAX,No. of EPT taxa,BETB,,,,COLUMN_NAME,benthic_metrics
2324,NRSA 2324 Benthic Metrics,Benthic Macroinvertebrates,benthic_metrics_EPT_PIND,EPT_PIND,% EPT individuals,BERW,,,,COLUMN_NAME,benthic_metrics
2324,NRSA 2324 Benthic Metrics,Benthic Macroinvertebrates,benthic_metrics_EPT_PIND,EPT_PIND,% EPT individuals,BETB,,,,COLUMN_NAME,benthic_metrics
2324,NRSA 2324 Benthic Metrics,Benthic Macroinvertebrates,benthic_metrics_EPT_PTAX,EPT_PTAX,% EPT taxa,BERW,,,,COLUMN_NAME,benthic_metrics
2324,NRSA 2324 Benthic Metrics,Benthic Macroinvertebrates,benthic_metrics_EPT_PTAX,EPT_PTAX,% EPT taxa,BETB,,,,COLUMN_NAME,benthic_metrics
2324,NRSA 2324 Benthic Metrics,Benthic Macroinvertebrates,benthic_metrics_FACLNTAX,FACLNTAX,No. of Facultative (3< PTV <7) taxa,BERW,,,,COLUMN_NAME,benthic_metrics
2324,NRSA 2324 Benthic Metrics,Benthic Macroinvertebrates,benthic_metrics_FACLNTAX,FACLNTAX,No. of Facultative (3< PTV <7) taxa,BETB,,,,COLUMN_NAME,benthic_metrics
2324,NRSA 2324 Benthic Metrics,Benthic Macroinvertebrates,benthic_metrics_FACLPIND,FACLPIND,% Facultative (3< PTV <7) individuals,BERW,,,,COLUMN_NAME,benthic_metrics
2324,NRSA 2324 Benthic Metrics,Benthic Macroinvertebrates,benthic_metrics_FACLPIND,FACLPIND,% Facultative (3< PTV <7) individuals,BETB,,,,COLUMN_NAME,benthic_metrics
2324,NRSA 2324 Benthic Metrics,Benthic Macroinvertebrates,benthic_metrics_FACLPTAX,FACLPTAX,% Facultative (3< PTV <7) taxa,BERW,,,,COLUMN_NAME,benthic_metrics
2324,NRSA 2324 Benthic Metrics,Benthic Macroinvertebrates,benthic_metrics_FACLPTAX,FACLPTAX,% Facultative (3< PTV <7) taxa,BETB,,,,COLUMN_NAME,benthic_metrics
2324,NRSA 2324 Benthic Metrics,Benthic Macroinvertebrates,benthic_metrics_HEMINTAX,HEMINTAX,No. of Hemiptera taxa,BERW,,,,COLUMN_NAME,benthic_metrics
2324,NRSA 2324 Benthic Metrics,Benthic Macroinvertebrates,benthic_metrics_HEMINTAX,HEMINTAX,No. of Hemiptera taxa,BETB,,,,COLUMN_NAME,benthic_metrics
2324,NRSA 2324 Benthic Metrics,Benthic Macroinvertebrates,benthic_metrics_HEMIPIND,HEMIPIND,% Hemiptera individuals,BERW,,,,COLUMN_NAME,benthic_metrics
2324,NRSA 2324 Benthic Metrics,Benthic Macroinvertebrates,benthic_metrics_HEMIPIND,HEMIPIND,% Hemiptera individuals,BETB,,,,COLUMN_NAME,benthic_metrics
2324,NRSA 2324 Benthic Metrics,Benthic Macroinvertebrates,benthic_metrics_HEMIPTAX,HEMIPTAX,% Hemiptera taxa,BERW,,,,COLUMN_NAME,benthic_metrics
2324,NRSA 2324 Benthic Metrics,Benthic Macroinvertebrates,benthic_metrics_HEMIPTAX,HEMIPTAX,% Hemiptera taxa,BETB,,,,COLUMN_NAME,benthic_metrics
2324,NRSA 2324 Benthic Metrics,Benthic Macroinvertebrates,benthic_metrics_HPRIME,HPRIME,"Shannon diversity- sum of prop_i*ln(prop_i) based only on distinct taxa, where prop_i=proportion of species i in sample",BERW,,,,COLUMN_NAME,benthic_metrics
2324,NRSA 2324 Benthic Metrics,Benthic Macroinvertebrates,benthic_metrics_HPRIME,HPRIME,"Shannon diversity- sum of prop_i*ln(prop_i) based only on distinct taxa, where prop_i=proportion of species i in sample",BETB,,,,COLUMN_NAME,benthic_metrics
2324,NRSA 2324 Benthic Metrics,Benthic Macroinvertebrates,benthic_metrics_INTLNTAX,INTLNTAX,No. of Intolerant (PTV<=3) taxa,BERW,,,,COLUMN_NAME,benthic_metrics
2324,NRSA 2324 Benthic Metrics,Benthic Macroinvertebrates,benthic_metrics_INTLNTAX,INTLNTAX,No. of Intolerant (PTV<=3) taxa,BETB,,,,COLUMN_NAME,benthic_metrics
2324,NRSA 2324 Benthic Metrics,Benthic Macroinvertebrates,benthic_metrics_INTLPIND,INTLPIND,% Intolerant (PTV<=3) individuals,BERW,,,,COLUMN_NAME,benthic_metrics
2324,NRSA 2324 Benthic Metrics,Benthic Macroinvertebrates,benthic_metrics_INTLPIND,INTLPIND,% Intolerant (PTV<=3) individuals,BETB,,,,COLUMN_NAME,benthic_metrics
2324,NRSA 2324 Benthic Metrics,Benthic Macroinvertebrates,benthic_metrics_INTLPTAX,INTLPTAX,% Intolerant (PTV<=3) taxa,BERW,,,,COLUMN_NAME,benthic_metrics
2324,NRSA 2324 Benthic Metrics,Benthic Macroinvertebrates,benthic_metrics_INTLPTAX,INTLPTAX,% Intolerant (PTV<=3) taxa,BETB,,,,COLUMN_NAME,benthic_metrics
2324,NRSA 2324 Benthic Metrics,Benthic Macroinvertebrates,benthic_metrics_MITENTAX,MITENTAX,No. of Mite taxa,BERW,,,,COLUMN_NAME,benthic_metrics
2324,NRSA 2324 Benthic Metrics,Benthic Macroinvertebrates,benthic_metrics_MITENTAX,MITENTAX,No. of Mite taxa,BETB,,,,COLUMN_NAME,benthic_metrics
2324,NRSA 2324 Benthic Metrics,Benthic Macroinvertebrates,benthic_metrics_MITEPIND,MITEPIND,% Mite individuals,BERW,,,,COLUMN_NAME,benthic_metrics
2324,NRSA 2324 Benthic Metrics,Benthic Macroinvertebrates,benthic_metrics_MITEPIND,MITEPIND,% Mite individuals,BETB,,,,COLUMN_NAME,benthic_metrics
2324,NRSA 2324 Benthic Metrics,Benthic Macroinvertebrates,benthic_metrics_MITEPTAX,MITEPTAX,% Mite taxa,BERW,,,,COLUMN_NAME,benthic_metrics
2324,NRSA 2324 Benthic Metrics,Benthic Macroinvertebrates,benthic_metrics_MITEPTAX,MITEPTAX,% Mite taxa,BETB,,,,COLUMN_NAME,benthic_metrics
2324,NRSA 2324 Benthic Metrics,Benthic Macroinvertebrates,benthic_metrics_MOLLNTAX,MOLLNTAX,No. of Mollusca taxa,BERW,,,,COLUMN_NAME,benthic_metrics
2324,NRSA 2324 Benthic Metrics,Benthic Macroinvertebrates,benthic_metrics_MOLLNTAX,MOLLNTAX,No. of Mollusca taxa,BETB,,,,COLUMN_NAME,benthic_metrics
2324,NRSA 2324 Benthic Metrics,Benthic Macroinvertebrates,benthic_metrics_MOLLPIND,MOLLPIND,% Mollusca individuals,BERW,,,,COLUMN_NAME,benthic_metrics
2324,NRSA 2324 Benthic Metrics,Benthic Macroinvertebrates,benthic_metrics_MOLLPIND,MOLLPIND,% Mollusca individuals,BETB,,,,COLUMN_NAME,benthic_metrics
2324,NRSA 2324 Benthic Metrics,Benthic Macroinvertebrates,benthic_metrics_MOLLPTAX,MOLLPTAX,% Mollusca taxa,BERW,,,,COLUMN_NAME,benthic_metrics
2324,NRSA 2324 Benthic Metrics,Benthic Macroinvertebrates,benthic_metrics_MOLLPTAX,MOLLPTAX,% Mollusca taxa,BETB,,,,COLUMN_NAME,benthic_metrics
2324,NRSA 2324 Benthic Metrics,Benthic Macroinvertebrates,benthic_metrics_NOINNTAX,NOINNTAX,No. of Non-insects taxa,BERW,,,,COLUMN_NAME,benthic_metrics
2324,NRSA 2324 Benthic Metrics,Benthic Macroinvertebrates,benthic_metrics_NOINNTAX,NOINNTAX,No. of Non-insects taxa,BETB,,,,COLUMN_NAME,benthic_metrics
2324,NRSA 2324 Benthic Metrics,Benthic Macroinvertebrates,benthic_metrics_NOINPIND,NOINPIND,% Non-insects individuals,BERW,,,,COLUMN_NAME,benthic_metrics
2324,NRSA 2324 Benthic Metrics,Benthic Macroinvertebrates,benthic_metrics_NOINPIND,NOINPIND,% Non-insects individuals,BETB,,,,COLUMN_NAME,benthic_metrics
2324,NRSA 2324 Benthic Metrics,Benthic Macroinvertebrates,benthic_metrics_NOINPTAX,NOINPTAX,% Non-insects taxa,BERW,,,,COLUMN_NAME,benthic_metrics
2324,NRSA 2324 Benthic Metrics,Benthic Macroinvertebrates,benthic_metrics_NOINPTAX,NOINPTAX,% Non-insects taxa,BETB,,,,COLUMN_NAME,benthic_metrics
2324,NRSA 2324 Benthic Metrics,Benthic Macroinvertebrates,benthic_metrics_NTOLNTAX,NTOLNTAX,No. of non-tolerants (PTV<6) taxa,BERW,,,,COLUMN_NAME,benthic_metrics
2324,NRSA 2324 Benthic Metrics,Benthic Macroinvertebrates,benthic_metrics_NTOLNTAX,NTOLNTAX,No. of non-tolerants (PTV<6) taxa,BETB,,,,COLUMN_NAME,benthic_metrics
2324,NRSA 2324 Benthic Metrics,Benthic Macroinvertebrates,benthic_metrics_NTOLPIND,NTOLPIND,% non-tolerants (PTV<6) individuals,BERW,,,,COLUMN_NAME,benthic_metrics
2324,NRSA 2324 Benthic Metrics,Benthic Macroinvertebrates,benthic_metrics_NTOLPIND,NTOLPIND,% non-tolerants (PTV<6) individuals,BETB,,,,COLUMN_NAME,benthic_metrics
2324,NRSA 2324 Benthic Metrics,Benthic Macroinvertebrates,benthic_metrics_NTOLPTAX,NTOLPTAX,% non-tolerants (PTV<6) taxa,BERW,,,,COLUMN_NAME,benthic_metrics
2324,NRSA 2324 Benthic Metrics,Benthic Macroinvertebrates,benthic_metrics_NTOLPTAX,NTOLPTAX,% non-tolerants (PTV<6) taxa,BETB,,,,COLUMN_NAME,benthic_metrics
2324,NRSA 2324 Benthic Metrics,Benthic Macroinvertebrates,benthic_metrics_ODONNTAX,ODONNTAX,No. of Odonata taxa,BERW,,,,COLUMN_NAME,benthic_metrics
2324,NRSA 2324 Benthic Metrics,Benthic Macroinvertebrates,benthic_metrics_ODONNTAX,ODONNTAX,No. of Odonata taxa,BETB,,,,COLUMN_NAME,benthic_metrics
2324,NRSA 2324 Benthic Metrics,Benthic Macroinvertebrates,benthic_metrics_ODONPIND,ODONPIND,% Odonata individuals,BERW,,,,COLUMN_NAME,benthic_metrics
2324,NRSA 2324 Benthic Metrics,Benthic Macroinvertebrates,benthic_metrics_ODONPIND,ODONPIND,% Odonata individuals,BETB,,,,COLUMN_NAME,benthic_metrics
2324,NRSA 2324 Benthic Metrics,Benthic Macroinvertebrates,benthic_metrics_ODONPTAX,ODONPTAX,% Odonata taxa,BERW,,,,COLUMN_NAME,benthic_metrics
2324,NRSA 2324 Benthic Metrics,Benthic Macroinvertebrates,benthic_metrics_ODONPTAX,ODONPTAX,% Odonata taxa,BETB,,,,COLUMN_NAME,benthic_metrics
2324,NRSA 2324 Benthic Metrics,Benthic Macroinvertebrates,benthic_metrics_OLLENTAX,OLLENTAX,No. of Oligochaete and leech taxa,BERW,,,,COLUMN_NAME,benthic_metrics
2324,NRSA 2324 Benthic Metrics,Benthic Macroinvertebrates,benthic_metrics_OLLENTAX,OLLENTAX,No. of Oligochaete and leech taxa,BETB,,,,COLUMN_NAME,benthic_metrics
2324,NRSA 2324 Benthic Metrics,Benthic Macroinvertebrates,benthic_metrics_OLLEPIND,OLLEPIND,% Oligochaete and leech individuals,BERW,,,,COLUMN_NAME,benthic_metrics
2324,NRSA 2324 Benthic Metrics,Benthic Macroinvertebrates,benthic_metrics_OLLEPIND,OLLEPIND,% Oligochaete and leech individuals,BETB,,,,COLUMN_NAME,benthic_metrics
2324,NRSA 2324 Benthic Metrics,Benthic Macroinvertebrates,benthic_metrics_OLLEPTAX,OLLEPTAX,% Oligochaete and leech taxa,BERW,,,,COLUMN_NAME,benthic_metrics
2324,NRSA 2324 Benthic Metrics,Benthic Macroinvertebrates,benthic_metrics_OLLEPTAX,OLLEPTAX,% Oligochaete and leech taxa,BETB,,,,COLUMN_NAME,benthic_metrics
2324,NRSA 2324 Benthic Metrics,Benthic Macroinvertebrates,benthic_metrics_ORTHCHIRPIND,ORTHCHIRPIND,% Chironomidae individuals in Orthocladiinae,BERW,,,,COLUMN_NAME,benthic_metrics
2324,NRSA 2324 Benthic Metrics,Benthic Macroinvertebrates,benthic_metrics_ORTHCHIRPIND,ORTHCHIRPIND,% Chironomidae individuals in Orthocladiinae,BETB,,,,COLUMN_NAME,benthic_metrics
2324,NRSA 2324 Benthic Metrics,Benthic Macroinvertebrates,benthic_metrics_ORTHNTAX,ORTHNTAX,No. of Orthocladiinae chironomid taxa,BERW,,,,COLUMN_NAME,benthic_metrics
2324,NRSA 2324 Benthic Metrics,Benthic Macroinvertebrates,benthic_metrics_ORTHNTAX,ORTHNTAX,No. of Orthocladiinae chironomid taxa,BETB,,,,COLUMN_NAME,benthic_metrics
2324,NRSA 2324 Benthic Metrics,Benthic Macroinvertebrates,benthic_metrics_ORTHPIND,ORTHPIND,% Orthocladiinae chironomid individuals,BERW,,,,COLUMN_NAME,benthic_metrics
2324,NRSA 2324 Benthic Metrics,Benthic Macroinvertebrates,benthic_metrics_ORTHPIND,ORTHPIND,% Orthocladiinae chironomid individuals,BETB,,,,COLUMN_NAME,benthic_metrics
2324,NRSA 2324 Benthic Metrics,Benthic Macroinvertebrates,benthic_metrics_ORTHPTAX,ORTHPTAX,% Orthocladiinae chironomid taxa,BERW,,,,COLUMN_NAME,benthic_metrics
2324,NRSA 2324 Benthic Metrics,Benthic Macroinvertebrates,benthic_metrics_ORTHPTAX,ORTHPTAX,% Orthocladiinae chironomid taxa,BETB,,,,COLUMN_NAME,benthic_metrics
2324,NRSA 2324 Benthic Metrics,Benthic Macroinvertebrates,benthic_metrics_PLECNTAX,PLECNTAX,No. of Plecoptera taxa,BERW,,,,COLUMN_NAME,benthic_metrics
2324,NRSA 2324 Benthic Metrics,Benthic Macroinvertebrates,benthic_metrics_PLECNTAX,PLECNTAX,No. of Plecoptera taxa,BETB,,,,COLUMN_NAME,benthic_metrics
2324,NRSA 2324 Benthic Metrics,Benthic Macroinvertebrates,benthic_metrics_PLECPIND,PLECPIND,% Plecoptera individuals,BERW,,,,COLUMN_NAME,benthic_metrics
2324,NRSA 2324 Benthic Metrics,Benthic Macroinvertebrates,benthic_metrics_PLECPIND,PLECPIND,% Plecoptera individuals,BETB,,,,COLUMN_NAME,benthic_metrics
2324,NRSA 2324 Benthic Metrics,Benthic Macroinvertebrates,benthic_metrics_PLECPTAX,PLECPTAX,% Plecoptera taxa,BERW,,,,COLUMN_NAME,benthic_metrics
2324,NRSA 2324 Benthic Metrics,Benthic Macroinvertebrates,benthic_metrics_PLECPTAX,PLECPTAX,% Plecoptera taxa,BETB,,,,COLUMN_NAME,benthic_metrics
2324,NRSA 2324 Benthic Metrics,Benthic Macroinvertebrates,benthic_metrics_PREDNTAX,PREDNTAX,No. of Predators taxa,BERW,,,,COLUMN_NAME,benthic_metrics
2324,NRSA 2324 Benthic Metrics,Benthic Macroinvertebrates,benthic_metrics_PREDNTAX,PREDNTAX,No. of Predators taxa,BETB,,,,COLUMN_NAME,benthic_metrics
2324,NRSA 2324 Benthic Metrics,Benthic Macroinvertebrates,benthic_metrics_PREDPIND,PREDPIND,% Predators individuals,BERW,,,,COLUMN_NAME,benthic_metrics
2324,NRSA 2324 Benthic Metrics,Benthic Macroinvertebrates,benthic_metrics_PREDPIND,PREDPIND,% Predators individuals,BETB,,,,COLUMN_NAME,benthic_metrics
2324,NRSA 2324 Benthic Metrics,Benthic Macroinvertebrates,benthic_metrics_PREDPTAX,PREDPTAX,% Predators taxa,BERW,,,,COLUMN_NAME,benthic_metrics
2324,NRSA 2324 Benthic Metrics,Benthic Macroinvertebrates,benthic_metrics_PREDPTAX,PREDPTAX,% Predators taxa,BETB,,,,COLUMN_NAME,benthic_metrics
2324,NRSA 2324 Benthic Metrics,Benthic Macroinvertebrates,benthic_metrics_PSTL_CODE,PSTL_CODE,"State two letter postal code for site sampled. 50 state postal codes plus AS, MP, GU, PR, VI for American Samoa, Commonwealth of Northern Marianas, Guam, Puerto Rico and Virgin Islands. No missing or \blank\"" values allowed.""",DESIGN,,,,COLUMN_NAME,benthic_metrics
2324,NRSA 2324 Benthic Metrics,Benthic Macroinvertebrates,benthic_metrics_PUBLICATION_DATE,PUBLICATION_DATE,Date of data file publication,,,,,COLUMN_NAME,benthic_metrics
2324,NRSA 2324 Benthic Metrics,Benthic Macroinvertebrates,benthic_metrics_SAMPLE_TYPE,SAMPLE_TYPE,Sample type; BETB = non-wadable method (Benthic Boatable) and BERW = wadeable method (Benthic Reach Wide),,,,,COLUMN_NAME,benthic_metrics
2324,NRSA 2324 Benthic Metrics,Benthic Macroinvertebrates,benthic_metrics_SCRPNTAX,SCRPNTAX,No. of Scrapers taxa,BERW,,,,COLUMN_NAME,benthic_metrics
2324,NRSA 2324 Benthic Metrics,Benthic Macroinvertebrates,benthic_metrics_SCRPNTAX,SCRPNTAX,No. of Scrapers taxa,BETB,,,,COLUMN_NAME,benthic_metrics
2324,NRSA 2324 Benthic Metrics,Benthic Macroinvertebrates,benthic_metrics_SCRPPIND,SCRPPIND,% Scrapers individuals,BERW,,,,COLUMN_NAME,benthic_metrics
2324,NRSA 2324 Benthic Metrics,Benthic Macroinvertebrates,benthic_metrics_SCRPPIND,SCRPPIND,% Scrapers individuals,BETB,,,,COLUMN_NAME,benthic_metrics
2324,NRSA 2324 Benthic Metrics,Benthic Macroinvertebrates,benthic_metrics_SCRPPTAX,SCRPPTAX,% Scrapers taxa,BERW,,,,COLUMN_NAME,benthic_metrics
2324,NRSA 2324 Benthic Metrics,Benthic Macroinvertebrates,benthic_metrics_SCRPPTAX,SCRPPTAX,% Scrapers taxa,BETB,,,,COLUMN_NAME,benthic_metrics
2324,NRSA 2324 Benthic Metrics,Benthic Macroinvertebrates,benthic_metrics_SHRDNTAX,SHRDNTAX,No. of Shredders taxa,BERW,,,,COLUMN_NAME,benthic_metrics
2324,NRSA 2324 Benthic Metrics,Benthic Macroinvertebrates,benthic_metrics_SHRDNTAX,SHRDNTAX,No. of Shredders taxa,BETB,,,,COLUMN_NAME,benthic_metrics
2324,NRSA 2324 Benthic Metrics,Benthic Macroinvertebrates,benthic_metrics_SHRDPIND,SHRDPIND,% Shredders individuals,BERW,,,,COLUMN_NAME,benthic_metrics
2324,NRSA 2324 Benthic Metrics,Benthic Macroinvertebrates,benthic_metrics_SHRDPIND,SHRDPIND,% Shredders individuals,BETB,,,,COLUMN_NAME,benthic_metrics
2324,NRSA 2324 Benthic Metrics,Benthic Macroinvertebrates,benthic_metrics_SHRDPTAX,SHRDPTAX,% Shredders taxa,BERW,,,,COLUMN_NAME,benthic_metrics
2324,NRSA 2324 Benthic Metrics,Benthic Macroinvertebrates,benthic_metrics_SHRDPTAX,SHRDPTAX,% Shredders taxa,BETB,,,,COLUMN_NAME,benthic_metrics
2324,NRSA 2324 Benthic Metrics,Benthic Macroinvertebrates,benthic_metrics_SITE_ID,SITE_ID,"Site ID for the study and year sampled. Preferred form is NRSnn_MM-xxxxx where nn is current cycle year (04, 08, 13, 18, etc), MM is two letter state code, and xxxxx is between 10001 and 99999. No missing or \blank\"" values allowed.""",DESIGN,,,,COLUMN_NAME,benthic_metrics
2324,NRSA 2324 Benthic Metrics,Benthic Macroinvertebrates,benthic_metrics_SPWLNTAX,SPWLNTAX,No. of Sprawlers taxa,BERW,,,,COLUMN_NAME,benthic_metrics
2324,NRSA 2324 Benthic Metrics,Benthic Macroinvertebrates,benthic_metrics_SPWLNTAX,SPWLNTAX,No. of Sprawlers taxa,BETB,,,,COLUMN_NAME,benthic_metrics
2324,NRSA 2324 Benthic Metrics,Benthic Macroinvertebrates,benthic_metrics_SPWLPIND,SPWLPIND,% Sprawlers individuals,BERW,,,,COLUMN_NAME,benthic_metrics
2324,NRSA 2324 Benthic Metrics,Benthic Macroinvertebrates,benthic_metrics_SPWLPIND,SPWLPIND,% Sprawlers individuals,BETB,,,,COLUMN_NAME,benthic_metrics
2324,NRSA 2324 Benthic Metrics,Benthic Macroinvertebrates,benthic_metrics_SPWLPTAX,SPWLPTAX,% Sprawlers taxa,BERW,,,,COLUMN_NAME,benthic_metrics
2324,NRSA 2324 Benthic Metrics,Benthic Macroinvertebrates,benthic_metrics_SPWLPTAX,SPWLPTAX,% Sprawlers taxa,BETB,,,,COLUMN_NAME,benthic_metrics
2324,NRSA 2324 Benthic Metrics,Benthic Macroinvertebrates,benthic_metrics_STOLNTAX,STOLNTAX,No. of taxa with PTV>=8,BERW,,,,COLUMN_NAME,benthic_metrics
2324,NRSA 2324 Benthic Metrics,Benthic Macroinvertebrates,benthic_metrics_STOLNTAX,STOLNTAX,No. of taxa with PTV>=8,BETB,,,,COLUMN_NAME,benthic_metrics
2324,NRSA 2324 Benthic Metrics,Benthic Macroinvertebrates,benthic_metrics_STOLPIND,STOLPIND,% Individuals with PTV>=8,BERW,,,,COLUMN_NAME,benthic_metrics
2324,NRSA 2324 Benthic Metrics,Benthic Macroinvertebrates,benthic_metrics_STOLPIND,STOLPIND,% Individuals with PTV>=8,BETB,,,,COLUMN_NAME,benthic_metrics
2324,NRSA 2324 Benthic Metrics,Benthic Macroinvertebrates,benthic_metrics_STOLPTAX,STOLPTAX,% taxa with PTV>=8,BERW,,,,COLUMN_NAME,benthic_metrics
2324,NRSA 2324 Benthic Metrics,Benthic Macroinvertebrates,benthic_metrics_STOLPTAX,STOLPTAX,% taxa with PTV>=8,BETB,,,,COLUMN_NAME,benthic_metrics
2324,NRSA 2324 Benthic Metrics,Benthic Macroinvertebrates,benthic_metrics_SWIMNTAX,SWIMNTAX,No. of Swimmers taxa,BERW,,,,COLUMN_NAME,benthic_metrics
2324,NRSA 2324 Benthic Metrics,Benthic Macroinvertebrates,benthic_metrics_SWIMNTAX,SWIMNTAX,No. of Swimmers taxa,BETB,,,,COLUMN_NAME,benthic_metrics
2324,NRSA 2324 Benthic Metrics,Benthic Macroinvertebrates,benthic_metrics_SWIMPIND,SWIMPIND,% Swimmers individuals,BERW,,,,COLUMN_NAME,benthic_metrics
2324,NRSA 2324 Benthic Metrics,Benthic Macroinvertebrates,benthic_metrics_SWIMPIND,SWIMPIND,% Swimmers individuals,BETB,,,,COLUMN_NAME,benthic_metrics
2324,NRSA 2324 Benthic Metrics,Benthic Macroinvertebrates,benthic_metrics_SWIMPTAX,SWIMPTAX,% Swimmers taxa,BERW,,,,COLUMN_NAME,benthic_metrics
2324,NRSA 2324 Benthic Metrics,Benthic Macroinvertebrates,benthic_metrics_SWIMPTAX,SWIMPTAX,% Swimmers taxa,BETB,,,,COLUMN_NAME,benthic_metrics
2324,NRSA 2324 Benthic Metrics,Benthic Macroinvertebrates,benthic_metrics_TANYNTAX,TANYNTAX,No. of Tanytarsini taxa,BERW,,,,COLUMN_NAME,benthic_metrics
2324,NRSA 2324 Benthic Metrics,Benthic Macroinvertebrates,benthic_metrics_TANYNTAX,TANYNTAX,No. of Tanytarsini taxa,BETB,,,,COLUMN_NAME,benthic_metrics
2324,NRSA 2324 Benthic Metrics,Benthic Macroinvertebrates,benthic_metrics_TANYPIND,TANYPIND,% Tanytarsini individuals,BERW,,,,COLUMN_NAME,benthic_metrics
2324,NRSA 2324 Benthic Metrics,Benthic Macroinvertebrates,benthic_metrics_TANYPIND,TANYPIND,% Tanytarsini individuals,BETB,,,,COLUMN_NAME,benthic_metrics
2324,NRSA 2324 Benthic Metrics,Benthic Macroinvertebrates,benthic_metrics_TANYPTAX,TANYPTAX,% Tanytarsini taxa,BERW,,,,COLUMN_NAME,benthic_metrics
2324,NRSA 2324 Benthic Metrics,Benthic Macroinvertebrates,benthic_metrics_TANYPTAX,TANYPTAX,% Tanytarsini taxa,BETB,,,,COLUMN_NAME,benthic_metrics
2324,NRSA 2324 Benthic Metrics,Benthic Macroinvertebrates,benthic_metrics_TL01NTAX,TL01NTAX,No. of taxa with PTV<2,BERW,,,,COLUMN_NAME,benthic_metrics
2324,NRSA 2324 Benthic Metrics,Benthic Macroinvertebrates,benthic_metrics_TL01NTAX,TL01NTAX,No. of taxa with PTV<2,BETB,,,,COLUMN_NAME,benthic_metrics
2324,NRSA 2324 Benthic Metrics,Benthic Macroinvertebrates,benthic_metrics_TL01PIND,TL01PIND,% Individuals with PTV <2,BERW,,,,COLUMN_NAME,benthic_metrics
2324,NRSA 2324 Benthic Metrics,Benthic Macroinvertebrates,benthic_metrics_TL01PIND,TL01PIND,% Individuals with PTV <2,BETB,,,,COLUMN_NAME,benthic_metrics
2324,NRSA 2324 Benthic Metrics,Benthic Macroinvertebrates,benthic_metrics_TL01PTAX,TL01PTAX,% taxa with PTV<2,BERW,,,,COLUMN_NAME,benthic_metrics
2324,NRSA 2324 Benthic Metrics,Benthic Macroinvertebrates,benthic_metrics_TL01PTAX,TL01PTAX,% taxa with PTV<2,BETB,,,,COLUMN_NAME,benthic_metrics
2324,NRSA 2324 Benthic Metrics,Benthic Macroinvertebrates,benthic_metrics_TL23NTAX,TL23NTAX,No. taxa with PTV >=2 & <4,BERW,,,,COLUMN_NAME,benthic_metrics
2324,NRSA 2324 Benthic Metrics,Benthic Macroinvertebrates,benthic_metrics_TL23NTAX,TL23NTAX,No. taxa with PTV >=2 & <4,BETB,,,,COLUMN_NAME,benthic_metrics
2324,NRSA 2324 Benthic Metrics,Benthic Macroinvertebrates,benthic_metrics_TL23PIND,TL23PIND,% individuals with PTV >=2 & <4,BERW,,,,COLUMN_NAME,benthic_metrics
2324,NRSA 2324 Benthic Metrics,Benthic Macroinvertebrates,benthic_metrics_TL23PIND,TL23PIND,% individuals with PTV >=2 & <4,BETB,,,,COLUMN_NAME,benthic_metrics
2324,NRSA 2324 Benthic Metrics,Benthic Macroinvertebrates,benthic_metrics_TL23PTAX,TL23PTAX,% taxa with PTV>=2 & <4,BERW,,,,COLUMN_NAME,benthic_metrics
2324,NRSA 2324 Benthic Metrics,Benthic Macroinvertebrates,benthic_metrics_TL23PTAX,TL23PTAX,% taxa with PTV>=2 & <4,BETB,,,,COLUMN_NAME,benthic_metrics
2324,NRSA 2324 Benthic Metrics,Benthic Macroinvertebrates,benthic_metrics_TL45NTAX,TL45NTAX,No. taxa with PTV >=4 & <6,BERW,,,,COLUMN_NAME,benthic_metrics
2324,NRSA 2324 Benthic Metrics,Benthic Macroinvertebrates,benthic_metrics_TL45NTAX,TL45NTAX,No. taxa with PTV >=4 & <6,BETB,,,,COLUMN_NAME,benthic_metrics
2324,NRSA 2324 Benthic Metrics,Benthic Macroinvertebrates,benthic_metrics_TL45PIND,TL45PIND,% individuals with PTV >=4 & <6,BERW,,,,COLUMN_NAME,benthic_metrics
2324,NRSA 2324 Benthic Metrics,Benthic Macroinvertebrates,benthic_metrics_TL45PIND,TL45PIND,% individuals with PTV >=4 & <6,BETB,,,,COLUMN_NAME,benthic_metrics
2324,NRSA 2324 Benthic Metrics,Benthic Macroinvertebrates,benthic_metrics_TL45PTAX,TL45PTAX,% taxa with PTV>=4 & <6,BERW,,,,COLUMN_NAME,benthic_metrics
2324,NRSA 2324 Benthic Metrics,Benthic Macroinvertebrates,benthic_metrics_TL45PTAX,TL45PTAX,% taxa with PTV>=4 & <6,BETB,,,,COLUMN_NAME,benthic_metrics
2324,NRSA 2324 Benthic Metrics,Benthic Macroinvertebrates,benthic_metrics_TL67NTAX,TL67NTAX,No. taxa with PTV >=6 & <8,BERW,,,,COLUMN_NAME,benthic_metrics
2324,NRSA 2324 Benthic Metrics,Benthic Macroinvertebrates,benthic_metrics_TL67NTAX,TL67NTAX,No. taxa with PTV >=6 & <8,BETB,,,,COLUMN_NAME,benthic_metrics
2324,NRSA 2324 Benthic Metrics,Benthic Macroinvertebrates,benthic_metrics_TL67PIND,TL67PIND,% individuals with PTV >=6 & <8,BERW,,,,COLUMN_NAME,benthic_metrics
2324,NRSA 2324 Benthic Metrics,Benthic Macroinvertebrates,benthic_metrics_TL67PIND,TL67PIND,% individuals with PTV >=6 & <8,BETB,,,,COLUMN_NAME,benthic_metrics
2324,NRSA 2324 Benthic Metrics,Benthic Macroinvertebrates,benthic_metrics_TL67PTAX,TL67PTAX,% taxa with PTV>=6 & <8,BERW,,,,COLUMN_NAME,benthic_metrics
2324,NRSA 2324 Benthic Metrics,Benthic Macroinvertebrates,benthic_metrics_TL67PTAX,TL67PTAX,% taxa with PTV>=6 & <8,BETB,,,,COLUMN_NAME,benthic_metrics
2324,NRSA 2324 Benthic Metrics,Benthic Macroinvertebrates,benthic_metrics_TOLRNTAX,TOLRNTAX,No. of Tolerant (PTV>=7) taxa,BERW,,,,COLUMN_NAME,benthic_metrics
2324,NRSA 2324 Benthic Metrics,Benthic Macroinvertebrates,benthic_metrics_TOLRNTAX,TOLRNTAX,No. of Tolerant (PTV>=7) taxa,BETB,,,,COLUMN_NAME,benthic_metrics
2324,NRSA 2324 Benthic Metrics,Benthic Macroinvertebrates,benthic_metrics_TOLRPIND,TOLRPIND,% Tolerant (PTV>=7) individuals,BERW,,,,COLUMN_NAME,benthic_metrics
2324,NRSA 2324 Benthic Metrics,Benthic Macroinvertebrates,benthic_metrics_TOLRPIND,TOLRPIND,% Tolerant (PTV>=7) individuals,BETB,,,,COLUMN_NAME,benthic_metrics
2324,NRSA 2324 Benthic Metrics,Benthic Macroinvertebrates,benthic_metrics_TOLRPTAX,TOLRPTAX,% Tolerant (PTV>=7) taxa,BERW,,,,COLUMN_NAME,benthic_metrics
2324,NRSA 2324 Benthic Metrics,Benthic Macroinvertebrates,benthic_metrics_TOLRPTAX,TOLRPTAX,% Tolerant (PTV>=7) taxa,BETB,,,,COLUMN_NAME,benthic_metrics
2324,NRSA 2324 Benthic Metrics,Benthic Macroinvertebrates,benthic_metrics_TOTLNIND,TOTLNIND,Number of individuals in sample,BERW,,,,COLUMN_NAME,benthic_metrics
2324,NRSA 2324 Benthic Metrics,Benthic Macroinvertebrates,benthic_metrics_TOTLNIND,TOTLNIND,Number of individuals in sample,BETB,,,,COLUMN_NAME,benthic_metrics
2324,NRSA 2324 Benthic Metrics,Benthic Macroinvertebrates,benthic_metrics_TOTLNTAX,TOTLNTAX,Number of distinct taxa in sample,BERW,,,,COLUMN_NAME,benthic_metrics
2324,NRSA 2324 Benthic Metrics,Benthic Macroinvertebrates,benthic_metrics_TOTLNTAX,TOTLNTAX,Number of distinct taxa in sample,BETB,,,,COLUMN_NAME,benthic_metrics
2324,NRSA 2324 Benthic Metrics,Benthic Macroinvertebrates,benthic_metrics_TRICNTAX,TRICNTAX,No. of Trichoptera taxa,BERW,,,,COLUMN_NAME,benthic_metrics
2324,NRSA 2324 Benthic Metrics,Benthic Macroinvertebrates,benthic_metrics_TRICNTAX,TRICNTAX,No. of Trichoptera taxa,BETB,,,,COLUMN_NAME,benthic_metrics
2324,NRSA 2324 Benthic Metrics,Benthic Macroinvertebrates,benthic_metrics_TRICPIND,TRICPIND,% Trichoptera individuals,BERW,,,,COLUMN_NAME,benthic_metrics
2324,NRSA 2324 Benthic Metrics,Benthic Macroinvertebrates,benthic_metrics_TRICPIND,TRICPIND,% Trichoptera individuals,BETB,,,,COLUMN_NAME,benthic_metrics
2324,NRSA 2324 Benthic Metrics,Benthic Macroinvertebrates,benthic_metrics_TRICPTAX,TRICPTAX,% Trichoptera taxa,BERW,,,,COLUMN_NAME,benthic_metrics
2324,NRSA 2324 Benthic Metrics,Benthic Macroinvertebrates,benthic_metrics_TRICPTAX,TRICPTAX,% Trichoptera taxa,BETB,,,,COLUMN_NAME,benthic_metrics
2324,NRSA 2324 Benthic Metrics,Benthic Macroinvertebrates,benthic_metrics_TUBINAIDNTAX,TUBINAIDNTAX,No. of Tubificidae and Naididae taxa,BERW,,,,COLUMN_NAME,benthic_metrics
2324,NRSA 2324 Benthic Metrics,Benthic Macroinvertebrates,benthic_metrics_TUBINAIDNTAX,TUBINAIDNTAX,No. of Tubificidae and Naididae taxa,BETB,,,,COLUMN_NAME,benthic_metrics
2324,NRSA 2324 Benthic Metrics,Benthic Macroinvertebrates,benthic_metrics_TUBINAIDPIND,TUBINAIDPIND,% Tubificidae and Naididae individuals,BERW,,,,COLUMN_NAME,benthic_metrics
2324,NRSA 2324 Benthic Metrics,Benthic Macroinvertebrates,benthic_metrics_TUBINAIDPIND,TUBINAIDPIND,% Tubificidae and Naididae individuals,BETB,,,,COLUMN_NAME,benthic_metrics
2324,NRSA 2324 Benthic Metrics,Benthic Macroinvertebrates,benthic_metrics_TUBINAIDPTAX,TUBINAIDPTAX,% Tubificidae and Naididae taxa,BERW,,,,COLUMN_NAME,benthic_metrics
2324,NRSA 2324 Benthic Metrics,Benthic Macroinvertebrates,benthic_metrics_TUBINAIDPTAX,TUBINAIDPTAX,% Tubificidae and Naididae taxa,BETB,,,,COLUMN_NAME,benthic_metrics
2324,NRSA 2324 Benthic Metrics,Benthic Macroinvertebrates,benthic_metrics_UID,UID,Unique site visit ID,,,,,COLUMN_NAME,benthic_metrics
2324,NRSA 2324 Benthic Metrics,Benthic Macroinvertebrates,benthic_metrics_UNIQUE_ID,UNIQUE_ID,Unique site ID based on location that does not depend on year sampled or any other factor. Form is NRS_ss_nnnnn where ss state and nnnnn is number that starts at 10001. No missing values allowed.,,,,,COLUMN_NAME,benthic_metrics
2324,NRSA 2324 Benthic Metrics,Benthic Macroinvertebrates,benthic_metrics_VISIT_NO,VISIT_NO,Number identifying which visit this is,VERIF,|1|2,,,COLUMN_NAME,benthic_metrics
2324,NRSA 2324 Benthic Metrics,Benthic Macroinvertebrates,benthic_metrics_WTD_TV,WTD_TV,"Hilsenhoff Biotic Index (HBI), sum of TV_i*prop_i, where TV_i=tolerance value for species i and prop_i=proportion of taxon i in sample, based on all taxa in sample",BERW,,,,COLUMN_NAME,benthic_metrics
2324,NRSA 2324 Benthic Metrics,Benthic Macroinvertebrates,benthic_metrics_WTD_TV,WTD_TV,"Hilsenhoff Biotic Index (HBI), sum of TV_i*prop_i, where TV_i=tolerance value for species i and prop_i=proportion of taxon i in sample, based on all taxa in sample",BETB,,,,COLUMN_NAME,benthic_metrics
2324,NRSA 2324 Benthic MMI,Benthic Macroinvertebrates,benthic_mmi_BENT_MMI_COND,BENT_MMI_COND,Condition class based on benthic MMI score,BERW,Good|Fair|Poor|Not Assessed,,,COLUMN_NAME,benthic_mmi
2324,NRSA 2324 Benthic MMI,Benthic Macroinvertebrates,benthic_mmi_BENT_MMI_COND,BENT_MMI_COND,Condition class based on benthic MMI score,BETB,Good|Fair|Poor|Not Assessed,,,COLUMN_NAME,benthic_mmi
2324,NRSA 2324 Benthic MMI,Benthic Macroinvertebrates,benthic_mmi_COMP_PT,COMP_PT,Metric score for composition metric,BERW,Good|Fair|Poor|Not Assessed,,,COLUMN_NAME,benthic_mmi
2324,NRSA 2324 Benthic MMI,Benthic Macroinvertebrates,benthic_mmi_COMP_PT,COMP_PT,Metric score for composition metric,BETB,Good|Fair|Poor|Not Assessed,,,COLUMN_NAME,benthic_mmi
2324,NRSA 2324 Benthic MMI,Benthic Macroinvertebrates,benthic_mmi_DATE_COL,DATE_COL,Date of data collection in field,VERIF,,,,COLUMN_NAME,benthic_mmi
2324,NRSA 2324 Benthic MMI,Benthic Macroinvertebrates,benthic_mmi_DIVS_PT,DIVS_PT,Metric score for diversity metric,BERW,Good|Fair|Poor|Not Assessed,,,COLUMN_NAME,benthic_mmi
2324,NRSA 2324 Benthic MMI,Benthic Macroinvertebrates,benthic_mmi_DIVS_PT,DIVS_PT,Metric score for diversity metric,BETB,Good|Fair|Poor|Not Assessed,,,COLUMN_NAME,benthic_mmi
2324,NRSA 2324 Benthic MMI,Benthic Macroinvertebrates,benthic_mmi_FEED_PT,FEED_PT,Metric score for functional feeding group,BERW,Good|Fair|Poor|Not Assessed,,,COLUMN_NAME,benthic_mmi
2324,NRSA 2324 Benthic MMI,Benthic Macroinvertebrates,benthic_mmi_FEED_PT,FEED_PT,Metric score for functional feeding group,BETB,Good|Fair|Poor|Not Assessed,,,COLUMN_NAME,benthic_mmi
2324,NRSA 2324 Benthic MMI,Benthic Macroinvertebrates,benthic_mmi_HABT_PT,HABT_PT,Metric score for habit,BERW,Good|Fair|Poor|Not Assessed,,,COLUMN_NAME,benthic_mmi
2324,NRSA 2324 Benthic MMI,Benthic Macroinvertebrates,benthic_mmi_HABT_PT,HABT_PT,Metric score for habit,BETB,Good|Fair|Poor|Not Assessed,,,COLUMN_NAME,benthic_mmi
2324,NRSA 2324 Benthic MMI,Benthic Macroinvertebrates,benthic_mmi_MMI_BENT,MMI_BENT,Benthic MMI score,BERW,Good|Fair|Poor|Not Assessed,,,COLUMN_NAME,benthic_mmi
2324,NRSA 2324 Benthic MMI,Benthic Macroinvertebrates,benthic_mmi_MMI_BENT,MMI_BENT,Benthic MMI score,BETB,Good|Fair|Poor|Not Assessed,,,COLUMN_NAME,benthic_mmi
2324,NRSA 2324 Benthic MMI,Benthic Macroinvertebrates,benthic_mmi_PSTL_CODE,PSTL_CODE,"State two letter postal code for site sampled. 50 state postal codes plus AS, MP, GU, PR, VI for American Samoa, Commonwealth of Northern Marianas, Guam, Puerto Rico and Virgin Islands. No missing or \blank\"" values allowed.""",DESIGN,,,,COLUMN_NAME,benthic_mmi
2324,NRSA 2324 Benthic MMI,Benthic Macroinvertebrates,benthic_mmi_PUBLICATION_DATE,PUBLICATION_DATE,Date of data file publication,,,,,COLUMN_NAME,benthic_mmi
2324,NRSA 2324 Benthic MMI,Benthic Macroinvertebrates,benthic_mmi_RICH_PT,RICH_PT,Metric score for taxa richness,BERW,Good|Fair|Poor|Not Assessed,,,COLUMN_NAME,benthic_mmi
2324,NRSA 2324 Benthic MMI,Benthic Macroinvertebrates,benthic_mmi_RICH_PT,RICH_PT,Metric score for taxa richness,BETB,Good|Fair|Poor|Not Assessed,,,COLUMN_NAME,benthic_mmi
2324,NRSA 2324 Benthic MMI,Benthic Macroinvertebrates,benthic_mmi_SAMPLE_TYPE,SAMPLE_TYPE,Sample type; BETB = non-wadable method (Benthic Boatable) and BERW = wadeable method (Benthic Reach Wide),,,,,COLUMN_NAME,benthic_mmi
2324,NRSA 2324 Benthic MMI,Benthic Macroinvertebrates,benthic_mmi_SITE_ID,SITE_ID,"Site ID for the study and year sampled. Preferred form is NRSnn_MM-xxxxx where nn is current cycle year (04, 08, 13, 18, etc), MM is two letter state code, and xxxxx is between 10001 and 99999. No missing or \blank\"" values allowed.""",DESIGN,,,,COLUMN_NAME,benthic_mmi
2324,NRSA 2324 Benthic MMI,Benthic Macroinvertebrates,benthic_mmi_TOLR_PT,TOLR_PT,Metric score for tolerance metric,BERW,Good|Fair|Poor|Not Assessed,,,COLUMN_NAME,benthic_mmi
2324,NRSA 2324 Benthic MMI,Benthic Macroinvertebrates,benthic_mmi_TOLR_PT,TOLR_PT,Metric score for tolerance metric,BETB,Good|Fair|Poor|Not Assessed,,,COLUMN_NAME,benthic_mmi
2324,NRSA 2324 Benthic MMI,Benthic Macroinvertebrates,benthic_mmi_UID,UID,Unique site visit ID,,,,,COLUMN_NAME,benthic_mmi
2324,NRSA 2324 Benthic MMI,Benthic Macroinvertebrates,benthic_mmi_UNIQUE_ID,UNIQUE_ID,Unique site ID based on location that does not depend on year sampled or any other factor. Form is NRS_ss_nnnnn where ss state and nnnnn is number that starts at 10001. No missing values allowed.,,,,,COLUMN_NAME,benthic_mmi
2324,NRSA 2324 Benthic MMI,Benthic Macroinvertebrates,benthic_mmi_VISIT_NO,VISIT_NO,Number identifying which visit this is,VERIF,|1|2,,,COLUMN_NAME,benthic_mmi
2324,NRSA 2324 Benthic Taxa List,Benthic Macroinvertebrates,benthic_taxa_CLASS,CLASS,Class name,TAXA: Algae,,,,COLUMN_NAME,benthic_taxa
2324,NRSA 2324 Benthic Taxa List,Benthic Macroinvertebrates,benthic_taxa_CLASS,CLASS,Class of taxon,TAXA: Invertebrates,,,,COLUMN_NAME,benthic_taxa
2324,NRSA 2324 Benthic Taxa List,Benthic Macroinvertebrates,benthic_taxa_FAMILY,FAMILY,Family name,TAXA: Algae,,,,COLUMN_NAME,benthic_taxa
2324,NRSA 2324 Benthic Taxa List,Benthic Macroinvertebrates,benthic_taxa_FAMILY,FAMILY,Family of taxon,TAXA: Invertebrates,,,,COLUMN_NAME,benthic_taxa
2324,NRSA 2324 Benthic Taxa List,Benthic Macroinvertebrates,benthic_taxa_FAMILY,FAMILY,Final taxon name within fish samples,TAXA: Vertebrate,,,,COLUMN_NAME,benthic_taxa
2324,NRSA 2324 Benthic Taxa List,Benthic Macroinvertebrates,benthic_taxa_FFG,FFG,"Functional feeding group used in metric calculations;Collector-filterer(CF),Collector-gatherer(CG),Parasite(PA),Piercer(PI),Scraper(SC),Shredder(SH)",TAXA: Invertebrates,,,,COLUMN_NAME,benthic_taxa
2324,NRSA 2324 Benthic Taxa List,Benthic Macroinvertebrates,benthic_taxa_GENUS,GENUS,Genus name,TAXA: Algae,,,,COLUMN_NAME,benthic_taxa
2324,NRSA 2324 Benthic Taxa List,Benthic Macroinvertebrates,benthic_taxa_GENUS,GENUS,Genus of taxon,TAXA: Invertebrates,,,,COLUMN_NAME,benthic_taxa
2324,NRSA 2324 Benthic Taxa List,Benthic Macroinvertebrates,benthic_taxa_GENUS,GENUS,"Genus of taxon, if available",TAXA: Vertebrate,,,,COLUMN_NAME,benthic_taxa
2324,NRSA 2324 Benthic Taxa List,Benthic Macroinvertebrates,benthic_taxa_HABIT,HABIT,"Habit used in metric calculations;Burrower(BU),Climber(CB),Clinger(CN),Diver(DV),Planktonic(PK),Skater(SK),Sprawler(SP),Swimmer(SW)",TAXA: Invertebrates,,,,COLUMN_NAME,benthic_taxa
2324,NRSA 2324 Benthic Taxa List,Benthic Macroinvertebrates,benthic_taxa_NON_TARGET,NON_TARGET,Operational taxon unit for NRSA O/E,TAXA: Invertebrates,,,,COLUMN_NAME,benthic_taxa
2324,NRSA 2324 Benthic Taxa List,Benthic Macroinvertebrates,benthic_taxa_ORDER,ORDER,Order name,TAXA: Algae,,,,COLUMN_NAME,benthic_taxa
2324,NRSA 2324 Benthic Taxa List,Benthic Macroinvertebrates,benthic_taxa_ORDER,ORDER,Order of taxon,TAXA: Invertebrates,,,,COLUMN_NAME,benthic_taxa
2324,NRSA 2324 Benthic Taxa List,Benthic Macroinvertebrates,benthic_taxa_PHYLUM,PHYLUM,Phylum name,TAXA: Algae,,,,COLUMN_NAME,benthic_taxa
2324,NRSA 2324 Benthic Taxa List,Benthic Macroinvertebrates,benthic_taxa_PHYLUM,PHYLUM,Phylum of taxon,TAXA: Invertebrates,,,,COLUMN_NAME,benthic_taxa
2324,NRSA 2324 Benthic Taxa List,Benthic Macroinvertebrates,benthic_taxa_PTV,PTV,Pollution tolerance value as assigned for NWSA,TAXA: Invertebrates,,,,COLUMN_NAME,benthic_taxa
2324,NRSA 2324 Benthic Taxa List,Benthic Macroinvertebrates,benthic_taxa_PUBLICATION_DATE,PUBLICATION_DATE,Date of data file publication,,,,,COLUMN_NAME,benthic_taxa
2324,NRSA 2324 Benthic Taxa List,Benthic Macroinvertebrates,benthic_taxa_SUBFAMILY,SUBFAMILY,Subfamily of taxon,TAXA: Invertebrates,,,,COLUMN_NAME,benthic_taxa
2324,NRSA 2324 Benthic Taxa List,Benthic Macroinvertebrates,benthic_taxa_TARGET_TAXON,TARGET_TAXON,Name of taxon at target taxon level,TAXA: Invertebrates,,,,COLUMN_NAME,benthic_taxa
2324,NRSA 2324 Benthic Taxa List,Benthic Macroinvertebrates,benthic_taxa_TAXA_ID,TAXA_ID,Taxonomic ID number,,,,,COLUMN_NAME,benthic_taxa
2324,NRSA 2324 Benthic Taxa List,Benthic Macroinvertebrates,benthic_taxa_TRIBE,TRIBE,Tribe of taxon,TAXA: Invertebrates,,,,COLUMN_NAME,benthic_taxa
2324,NRSA 2324 Enterococci,Enterococci,enterococci_ANALYTE,ANALYTE,Analyte,,,,,COLUMN_NAME,enterococci
2324,NRSA 2324 Enterococci,Enterococci,enterococci_BATCH_ID,BATCH_ID,Laboratory Batch ID,,,,,COLUMN_NAME,enterococci
2324,NRSA 2324 Enterococci,Enterococci,enterococci_COMMENT,COMMENT,Descriptive comment.,,,,,COLUMN_NAME,enterococci
2324,NRSA 2324 Enterococci,Enterococci,enterococci_DATE_COL,DATE_COL,Date of data collection in field,VERIF,,,,COLUMN_NAME,enterococci
2324,NRSA 2324 Enterococci,Enterococci,enterococci_ENT_1X_CCE_100ML,ENT_1X_CCE_100ML,"Estimated enterococci CCE / 100 mL of water sample volume from ORD analysis of undiluted DNA extracts and CCE / extract calculations from EPA Method 1609 calculation spreadsheet. CCE are based on 15:1 calibrator target sequence equivalent (CSE) to CCE ratio established for RWQC guideline values. CCE / extract was multiplied by 100 ÷ filtered sample volume to obtain final estimate /100 ml. \QC fail\"" denotes analysis results that did not meet Method 1609 control assay acceptance criteria.""",ENTE,,,,COLUMN_NAME,enterococci
2324,NRSA 2324 Enterococci,Enterococci,enterococci_LAB,LAB,Laboratory processing sample,,,,,COLUMN_NAME,enterococci
2324,NRSA 2324 Enterococci,Enterococci,enterococci_MATRIX,MATRIX,"Type of sample (e.g., water, sediment, tissue)",,,,,COLUMN_NAME,enterococci
2324,NRSA 2324 Enterococci,Enterococci,enterococci_NARS_FLAG,NARS_FLAG,"Flag assigned by NARS: ND = Non-detect, L = Estimated, Q = Quality-related issue, S = Shipping time exceedence, H = Holding time exceedence, NR = No lab result for analyte",ENTE,,,,COLUMN_NAME,enterococci
2324,NRSA 2324 Enterococci,Enterococci,enterococci_PSTL_CODE,PSTL_CODE,"State two letter postal code for site sampled. 50 state postal codes plus AS, MP, GU, PR, VI for American Samoa, Commonwealth of Northern Marianas, Guam, Puerto Rico and Virgin Islands. No missing or \blank\"" values allowed.""",DESIGN,,,,COLUMN_NAME,enterococci
2324,NRSA 2324 Enterococci,Enterococci,enterococci_PUBLICATION_DATE,PUBLICATION_DATE,Date of data file publication,,,,,COLUMN_NAME,enterococci
2324,NRSA 2324 Enterococci,Enterococci,enterococci_SAM_CODE,SAM_CODE,"Sample code (e.g., regular, lab duplicate, lab split)",,,,,COLUMN_NAME,enterococci
2324,NRSA 2324 Enterococci,Enterococci,enterococci_SAMPLE_TYPE,SAMPLE_TYPE,Sample type,,,,,COLUMN_NAME,enterococci
2324,NRSA 2324 Enterococci,Enterococci,enterococci_SITE_ID,SITE_ID,"Site ID for the study and year sampled. Preferred form is NRSnn_MM-xxxxx where nn is current cycle year (04, 08, 13, 18, etc), MM is two letter state code, and xxxxx is between 10001 and 99999. No missing or \blank\"" values allowed.""",DESIGN,,,,COLUMN_NAME,enterococci
2324,NRSA 2324 Enterococci,Enterococci,enterococci_UID,UID,Unique site visit ID,,,,,COLUMN_NAME,enterococci
2324,NRSA 2324 Enterococci,Enterococci,enterococci_UNIQUE_ID,UNIQUE_ID,Unique site ID based on location that does not depend on year sampled or any other factor. Form is NRS_ss_nnnnn where ss state and nnnnn is number that starts at 10001. No missing values allowed.,,,,,COLUMN_NAME,enterococci
2324,NRSA 2324 Enterococci,Enterococci,enterococci_UNITS,UNITS,Units,,,,,COLUMN_NAME,enterococci
2324,NRSA 2324 Enterococci,Enterococci,enterococci_VISIT_NO,VISIT_NO,Number identifying which visit this is,VERIF,|1|2,,,COLUMN_NAME,enterococci
2324,NRSA 2324 Fish Count,Fish,fish_count_ANOM_CT,ANOM_CT,Total number of anomalies for taxon in sample,,,,,COLUMN_NAME,fish_count
2324,NRSA 2324 Fish Count,Fish,fish_count_COUNT_12,COUNT_12,Tally of fish between 150 and 300 mm total length,,,,,COLUMN_NAME,fish_count
2324,NRSA 2324 Fish Count,Fish,fish_count_COUNT_18,COUNT_18,Tally of fish between 300 and 450 mm total length,,,,,COLUMN_NAME,fish_count
2324,NRSA 2324 Fish Count,Fish,fish_count_COUNT_19,COUNT_19,Tally of fish > 450 mm total length,,,,,COLUMN_NAME,fish_count
2324,NRSA 2324 Fish Count,Fish,fish_count_COUNT_6,COUNT_6,Tally of fish < 150 mm total length,,,,,COLUMN_NAME,fish_count
2324,NRSA 2324 Fish Count,Fish,fish_count_DATE_COL,DATE_COL,Date of data collection in field,,,,,COLUMN_NAME,fish_count
2324,NRSA 2324 Fish Count,Fish,fish_count_FINAL_NAME,FINAL_NAME,Final common name assigned to fish count data,,,,,COLUMN_NAME,fish_count
2324,NRSA 2324 Fish Count,Fish,fish_count_FISH_SAMPLING,FISH_SAMPLING,Fish Sampling - not conducted or suspended,,|NO_FISH|NOT_FISHED_REACH_MIN|NO_PERMIT|SITE_CONDITIONS|PERMIT_RESTRICT|EQUIPMENT_FAILURE|OTHER,,,COLUMN_NAME,fish_count
2324,NRSA 2324 Fish Count,Fish,fish_count_IS_DISTINCT,IS_DISTINCT,Distinctness of taxon within sample,,0|1,,,COLUMN_NAME,fish_count
2324,NRSA 2324 Fish Count,Fish,fish_count_NON_NATIVE,NON_NATIVE,Non-native status (Y/N),,N|Y,,,COLUMN_NAME,fish_count
2324,NRSA 2324 Fish Count,Fish,fish_count_PSTL_CODE,PSTL_CODE,"State two letter postal code for site sampled. 50 state postal codes plus AS, MP, GU, PR, VI for American Samoa, Commonwealth of Northern Marianas, Guam, Puerto Rico and Virgin Islands. No missing or \blank\"" values allowed.""",,,,,COLUMN_NAME,fish_count
2324,NRSA 2324 Fish Count,Fish,fish_count_PUBLICATION_DATE,PUBLICATION_DATE,Date of data file publication,,,,,COLUMN_NAME,fish_count
2324,NRSA 2324 Fish Count,Fish,fish_count_SAMPLED_FISH,SAMPLED_FISH,Whether site sampled sufficiently,,,,,COLUMN_NAME,fish_count
2324,NRSA 2324 Fish Count,Fish,fish_count_SITE_ID,SITE_ID,"Site ID for the study and year sampled. Preferred form is NRSnn_MM-xxxxx where nn is current cycle year (04, 08, 13, 18, etc), MM is two letter state code, and xxxxx is between 10001 and 99999. No missing or \blank\"" values allowed.""",,,,,COLUMN_NAME,fish_count
2324,NRSA 2324 Fish Count,Fish,fish_count_TAXA_ID,TAXA_ID,Taxonomic ID number,,,,,COLUMN_NAME,fish_count
2324,NRSA 2324 Fish Count,Fish,fish_count_TOTAL,TOTAL,Total number of individuals for taxon in sample,,,,,COLUMN_NAME,fish_count
2324,NRSA 2324 Fish Count,Fish,fish_count_UID,UID,Unique site visit ID,,,,,COLUMN_NAME,fish_count
2324,NRSA 2324 Fish Count,Fish,fish_count_UNIQUE_ID,UNIQUE_ID,Unique site ID based on location that does not depend on year sampled or any other factor. Form is NRS_ss_nnnnn where ss state and nnnnn is number that starts at 10001. No missing values allowed.,,,,,COLUMN_NAME,fish_count
2324,NRSA 2324 Fish Count,Fish,fish_count_VISIT_NO,VISIT_NO,Number identifying which visit this is,,|1|2,,,COLUMN_NAME,fish_count
2324,NRSA 2324 Fish Metrics,Fish,fish_metrics_ALIENNTAX,ALIENNTAX,Number of non-native (alien) taxa,,,,,COLUMN_NAME,fish_metrics
2324,NRSA 2324 Fish Metrics,Fish,fish_metrics_ALIENPIND,ALIENPIND,% alien individuals,,,,,COLUMN_NAME,fish_metrics
2324,NRSA 2324 Fish Metrics,Fish,fish_metrics_ALIENPTAX,ALIENPTAX,% alien taxa,,,,,COLUMN_NAME,fish_metrics
2324,NRSA 2324 Fish Metrics,Fish,fish_metrics_ANOMPIND,ANOMPIND,% individuals with anomalies (% DELT anomalies),,,,,COLUMN_NAME,fish_metrics
2324,NRSA 2324 Fish Metrics,Fish,fish_metrics_BENTINVNTAX,BENTINVNTAX,Number of benthic invertivore taxa,,,,,COLUMN_NAME,fish_metrics
2324,NRSA 2324 Fish Metrics,Fish,fish_metrics_BENTINVPIND,BENTINVPIND,% benthic invertivore individuals,,,,,COLUMN_NAME,fish_metrics
2324,NRSA 2324 Fish Metrics,Fish,fish_metrics_BENTINVPTAX,BENTINVPTAX,% benthic invertivore taxa,,,,,COLUMN_NAME,fish_metrics
2324,NRSA 2324 Fish Metrics,Fish,fish_metrics_CARNNTAX,CARNNTAX,Number of carnivore taxa,,,,,COLUMN_NAME,fish_metrics
2324,NRSA 2324 Fish Metrics,Fish,fish_metrics_CARNPIND,CARNPIND,% carnivore individuals,,,,,COLUMN_NAME,fish_metrics
2324,NRSA 2324 Fish Metrics,Fish,fish_metrics_CARNPTAX,CARNPTAX,% carnivore taxa,,,,,COLUMN_NAME,fish_metrics
2324,NRSA 2324 Fish Metrics,Fish,fish_metrics_CATONTAX,CATONTAX,No. Catostomid taxa,,,,,COLUMN_NAME,fish_metrics
2324,NRSA 2324 Fish Metrics,Fish,fish_metrics_CATOPIND,CATOPIND,% Catostomid individuals,,,,,COLUMN_NAME,fish_metrics
2324,NRSA 2324 Fish Metrics,Fish,fish_metrics_CATOPTAX,CATOPTAX,% Catostomid taxa,,,,,COLUMN_NAME,fish_metrics
2324,NRSA 2324 Fish Metrics,Fish,fish_metrics_CENTNTAX,CENTNTAX,Number of Centrarchidae taxa (minus Micropterus),,,,,COLUMN_NAME,fish_metrics
2324,NRSA 2324 Fish Metrics,Fish,fish_metrics_CENTPIND,CENTPIND,% Centrarchidae individuals (minus Micropterus),,,,,COLUMN_NAME,fish_metrics
2324,NRSA 2324 Fish Metrics,Fish,fish_metrics_CENTPTAX,CENTPTAX,% Centrarchidae taxa (minus Micropterus),,,,,COLUMN_NAME,fish_metrics
2324,NRSA 2324 Fish Metrics,Fish,fish_metrics_COLDNTAX,COLDNTAX,No. coldwater taxa,,,,,COLUMN_NAME,fish_metrics
2324,NRSA 2324 Fish Metrics,Fish,fish_metrics_COLDPIND,COLDPIND,% coldwater individuals,,,,,COLUMN_NAME,fish_metrics
2324,NRSA 2324 Fish Metrics,Fish,fish_metrics_COLDPTAX,COLDPTAX,% coldwater taxa,,,,,COLUMN_NAME,fish_metrics
2324,NRSA 2324 Fish Metrics,Fish,fish_metrics_CYPRNTAX,CYPRNTAX,Number of Cyprinidae taxa,,,,,COLUMN_NAME,fish_metrics
2324,NRSA 2324 Fish Metrics,Fish,fish_metrics_CYPRPIND,CYPRPIND,% Cyprinidae individuals,,,,,COLUMN_NAME,fish_metrics
2324,NRSA 2324 Fish Metrics,Fish,fish_metrics_CYPRPTAX,CYPRPTAX,% Cyprinidae taxa,,,,,COLUMN_NAME,fish_metrics
2324,NRSA 2324 Fish Metrics,Fish,fish_metrics_DATE_COL,DATE_COL,Date of data collection in field,,,,,COLUMN_NAME,fish_metrics
2324,NRSA 2324 Fish Metrics,Fish,fish_metrics_HERBNTAX,HERBNTAX,Number of herbivores taxa,,,,,COLUMN_NAME,fish_metrics
2324,NRSA 2324 Fish Metrics,Fish,fish_metrics_HERBPIND,HERBPIND,% herbivores individuals,,,,,COLUMN_NAME,fish_metrics
2324,NRSA 2324 Fish Metrics,Fish,fish_metrics_HERBPTAX,HERBPTAX,% herbivores taxa,,,,,COLUMN_NAME,fish_metrics
2324,NRSA 2324 Fish Metrics,Fish,fish_metrics_ICTANTAX,ICTANTAX,No. Ictalurid taxa,,,,,COLUMN_NAME,fish_metrics
2324,NRSA 2324 Fish Metrics,Fish,fish_metrics_ICTAPIND,ICTAPIND,% Ictalurid individuals,,,,,COLUMN_NAME,fish_metrics
2324,NRSA 2324 Fish Metrics,Fish,fish_metrics_ICTAPTAX,ICTAPTAX,% Ictalurid taxa,,,,,COLUMN_NAME,fish_metrics
2324,NRSA 2324 Fish Metrics,Fish,fish_metrics_INTLCARNNTAX,INTLCARNNTAX,No. of intolerant carnivore taxa,,,,,COLUMN_NAME,fish_metrics
2324,NRSA 2324 Fish Metrics,Fish,fish_metrics_INTLCARNPIND,INTLCARNPIND,% intolerant carnivore individuals,,,,,COLUMN_NAME,fish_metrics
2324,NRSA 2324 Fish Metrics,Fish,fish_metrics_INTLCARNPTAX,INTLCARNPTAX,% intolerant carnivore taxa,,,,,COLUMN_NAME,fish_metrics
2324,NRSA 2324 Fish Metrics,Fish,fish_metrics_INTLINVNTAX,INTLINVNTAX,Number of intolerant invertivore taxa,,,,,COLUMN_NAME,fish_metrics
2324,NRSA 2324 Fish Metrics,Fish,fish_metrics_INTLINVPIND,INTLINVPIND,% intolerant invertivore individuals,,,,,COLUMN_NAME,fish_metrics
2324,NRSA 2324 Fish Metrics,Fish,fish_metrics_INTLINVPTAX,INTLINVPTAX,% intolerant invertivore taxa,,,,,COLUMN_NAME,fish_metrics
2324,NRSA 2324 Fish Metrics,Fish,fish_metrics_INTLLOTNTAX,INTLLOTNTAX,Number of intolerant lotic taxa,,,,,COLUMN_NAME,fish_metrics
2324,NRSA 2324 Fish Metrics,Fish,fish_metrics_INTLLOTPIND,INTLLOTPIND,% intolerant lotic individuals,,,,,COLUMN_NAME,fish_metrics
2324,NRSA 2324 Fish Metrics,Fish,fish_metrics_INTLLOTPTAX,INTLLOTPTAX,% intolerant lotic taxa,,,,,COLUMN_NAME,fish_metrics
2324,NRSA 2324 Fish Metrics,Fish,fish_metrics_INTLMIGRNTAX,INTLMIGRNTAX,Number of intolerant migratory taxa,,,,,COLUMN_NAME,fish_metrics
2324,NRSA 2324 Fish Metrics,Fish,fish_metrics_INTLMIGRPIND,INTLMIGRPIND,% intolerant migratory individuals,,,,,COLUMN_NAME,fish_metrics
2324,NRSA 2324 Fish Metrics,Fish,fish_metrics_INTLMIGRPTAX,INTLMIGRPTAX,% intolerant migratory taxa,,,,,COLUMN_NAME,fish_metrics
2324,NRSA 2324 Fish Metrics,Fish,fish_metrics_INTLNTAX,INTLNTAX,No. distinct intolerant taxa based on TOLERANCE_NRSA,,,,,COLUMN_NAME,fish_metrics
2324,NRSA 2324 Fish Metrics,Fish,fish_metrics_INTLPIND,INTLPIND,% Intolerant individuals based on TOLERANCE_NRSA,,,,,COLUMN_NAME,fish_metrics
2324,NRSA 2324 Fish Metrics,Fish,fish_metrics_INTLPTAX,INTLPTAX,% Intolerant taxa based on TOLERANCE_NRSA,,,,,COLUMN_NAME,fish_metrics
2324,NRSA 2324 Fish Metrics,Fish,fish_metrics_INTLRHEONTAX,INTLRHEONTAX,Number of intolerant rheophilic taxa,,,,,COLUMN_NAME,fish_metrics
2324,NRSA 2324 Fish Metrics,Fish,fish_metrics_INTLRHEOPIND,INTLRHEOPIND,% intolerant rheophilic individuals,,,,,COLUMN_NAME,fish_metrics
2324,NRSA 2324 Fish Metrics,Fish,fish_metrics_INTLRHEOPTAX,INTLRHEOPTAX,% intolerant rheophilic taxa,,,,,COLUMN_NAME,fish_metrics
2324,NRSA 2324 Fish Metrics,Fish,fish_metrics_INVNTAX,INVNTAX,Number of invertivore taxa,,,,,COLUMN_NAME,fish_metrics
2324,NRSA 2324 Fish Metrics,Fish,fish_metrics_INVPIND,INVPIND,% invertivore individuals,,,,,COLUMN_NAME,fish_metrics
2324,NRSA 2324 Fish Metrics,Fish,fish_metrics_INVPTAX,INVPTAX,% invertivore taxa,,,,,COLUMN_NAME,fish_metrics
2324,NRSA 2324 Fish Metrics,Fish,fish_metrics_LITHNTAX,LITHNTAX,No. lithophilic taxa,,,,,COLUMN_NAME,fish_metrics
2324,NRSA 2324 Fish Metrics,Fish,fish_metrics_LITHPIND,LITHPIND,% lithophilic individuals,,,,,COLUMN_NAME,fish_metrics
2324,NRSA 2324 Fish Metrics,Fish,fish_metrics_LITHPTAX,LITHPTAX,% lithophilic taxa,,,,,COLUMN_NAME,fish_metrics
2324,NRSA 2324 Fish Metrics,Fish,fish_metrics_LOTNTAX,LOTNTAX,Number of lotic taxa,,,,,COLUMN_NAME,fish_metrics
2324,NRSA 2324 Fish Metrics,Fish,fish_metrics_LOTPIND,LOTPIND,% lotic individuals,,,,,COLUMN_NAME,fish_metrics
2324,NRSA 2324 Fish Metrics,Fish,fish_metrics_LOTPTAX,LOTPTAX,% lotic taxa,,,,,COLUMN_NAME,fish_metrics
2324,NRSA 2324 Fish Metrics,Fish,fish_metrics_MIGRNTAX,MIGRNTAX,Number of migratory taxa,,,,,COLUMN_NAME,fish_metrics
2324,NRSA 2324 Fish Metrics,Fish,fish_metrics_MIGRPIND,MIGRPIND,% migratory individuals,,,,,COLUMN_NAME,fish_metrics
2324,NRSA 2324 Fish Metrics,Fish,fish_metrics_MIGRPTAX,MIGRPTAX,% migratory taxa,,,,,COLUMN_NAME,fish_metrics
2324,NRSA 2324 Fish Metrics,Fish,fish_metrics_MTOLNTAX,MTOLNTAX,No. distinct intermediate tolerant taxa based on TOLERANCE_NRSA,,,,,COLUMN_NAME,fish_metrics
2324,NRSA 2324 Fish Metrics,Fish,fish_metrics_MTOLPIND,MTOLPIND,% Intermediate tolerant individuals based on TOLERANCE_NRSA,,,,,COLUMN_NAME,fish_metrics
2324,NRSA 2324 Fish Metrics,Fish,fish_metrics_MTOLPTAX,MTOLPTAX,% intermediate tolerant taxa based on TOLERANCE_NRSA,,,,,COLUMN_NAME,fish_metrics
2324,NRSA 2324 Fish Metrics,Fish,fish_metrics_NAT_BENTINVNTAX,NAT_BENTINVNTAX,Number of native benthic invertivore taxa,,,,,COLUMN_NAME,fish_metrics
2324,NRSA 2324 Fish Metrics,Fish,fish_metrics_NAT_BENTINVPIND,NAT_BENTINVPIND,% native individuals as benthic invertivore,,,,,COLUMN_NAME,fish_metrics
2324,NRSA 2324 Fish Metrics,Fish,fish_metrics_NAT_BENTINVPTAX,NAT_BENTINVPTAX,% native taxa as benthic invertivore,,,,,COLUMN_NAME,fish_metrics
2324,NRSA 2324 Fish Metrics,Fish,fish_metrics_NAT_CARNNTAX,NAT_CARNNTAX,Number of native carnivore taxa,,,,,COLUMN_NAME,fish_metrics
2324,NRSA 2324 Fish Metrics,Fish,fish_metrics_NAT_CARNPIND,NAT_CARNPIND,% native individuals as carnivore,,,,,COLUMN_NAME,fish_metrics
2324,NRSA 2324 Fish Metrics,Fish,fish_metrics_NAT_CARNPTAX,NAT_CARNPTAX,% native taxa as carnivore,,,,,COLUMN_NAME,fish_metrics
2324,NRSA 2324 Fish Metrics,Fish,fish_metrics_NAT_CATONTAX,NAT_CATONTAX,No. native Catostomid taxa,,,,,COLUMN_NAME,fish_metrics
2324,NRSA 2324 Fish Metrics,Fish,fish_metrics_NAT_CATOPIND,NAT_CATOPIND,% native individuals as Catostomid,,,,,COLUMN_NAME,fish_metrics
2324,NRSA 2324 Fish Metrics,Fish,fish_metrics_NAT_CATOPTAX,NAT_CATOPTAX,% native taxa as Catostomid,,,,,COLUMN_NAME,fish_metrics
2324,NRSA 2324 Fish Metrics,Fish,fish_metrics_NAT_CENTNTAX,NAT_CENTNTAX,Number of native Centrarchidae (minus Micropterus) taxa,,,,,COLUMN_NAME,fish_metrics
2324,NRSA 2324 Fish Metrics,Fish,fish_metrics_NAT_CENTPIND,NAT_CENTPIND,% native individuals as Centrarchidae (minus Micropterus),,,,,COLUMN_NAME,fish_metrics
2324,NRSA 2324 Fish Metrics,Fish,fish_metrics_NAT_CENTPTAX,NAT_CENTPTAX,% native taxa as Centrarchidae (minus Micropterus),,,,,COLUMN_NAME,fish_metrics
2324,NRSA 2324 Fish Metrics,Fish,fish_metrics_NAT_COLDNTAX,NAT_COLDNTAX,Number of native coldwater taxa,,,,,COLUMN_NAME,fish_metrics
2324,NRSA 2324 Fish Metrics,Fish,fish_metrics_NAT_COLDPIND,NAT_COLDPIND,% native individuals as coldwater,,,,,COLUMN_NAME,fish_metrics
2324,NRSA 2324 Fish Metrics,Fish,fish_metrics_NAT_COLDPTAX,NAT_COLDPTAX,% native taxa as coldwater,,,,,COLUMN_NAME,fish_metrics
2324,NRSA 2324 Fish Metrics,Fish,fish_metrics_NAT_CYPRNTAX,NAT_CYPRNTAX,Number of native Cyprinidae taxa,,,,,COLUMN_NAME,fish_metrics
2324,NRSA 2324 Fish Metrics,Fish,fish_metrics_NAT_CYPRPIND,NAT_CYPRPIND,% native individuals as Cyprinidae,,,,,COLUMN_NAME,fish_metrics
2324,NRSA 2324 Fish Metrics,Fish,fish_metrics_NAT_CYPRPTAX,NAT_CYPRPTAX,% native taxa as Cyprinidae,,,,,COLUMN_NAME,fish_metrics
2324,NRSA 2324 Fish Metrics,Fish,fish_metrics_NAT_HERBNTAX,NAT_HERBNTAX,Number of native herbivores taxa,,,,,COLUMN_NAME,fish_metrics
2324,NRSA 2324 Fish Metrics,Fish,fish_metrics_NAT_HERBPIND,NAT_HERBPIND,% native individuals as native herbivores,,,,,COLUMN_NAME,fish_metrics
2324,NRSA 2324 Fish Metrics,Fish,fish_metrics_NAT_HERBPTAX,NAT_HERBPTAX,% native taxa as native herbivores,,,,,COLUMN_NAME,fish_metrics
2324,NRSA 2324 Fish Metrics,Fish,fish_metrics_NAT_ICTANTAX,NAT_ICTANTAX,Number of native Ictaluridae taxa,,,,,COLUMN_NAME,fish_metrics
2324,NRSA 2324 Fish Metrics,Fish,fish_metrics_NAT_ICTAPIND,NAT_ICTAPIND,% native individuals as Ictaluridae,,,,,COLUMN_NAME,fish_metrics
2324,NRSA 2324 Fish Metrics,Fish,fish_metrics_NAT_ICTAPTAX,NAT_ICTAPTAX,% native taxa as Ictaluridae,,,,,COLUMN_NAME,fish_metrics
2324,NRSA 2324 Fish Metrics,Fish,fish_metrics_NAT_INTLCARNNTAX,NAT_INTLCARNNTAX,No. of native intolerant carnivore taxa,,,,,COLUMN_NAME,fish_metrics
2324,NRSA 2324 Fish Metrics,Fish,fish_metrics_NAT_INTLCARNPIND,NAT_INTLCARNPIND,% native intolerant carnivore individuals,,,,,COLUMN_NAME,fish_metrics
2324,NRSA 2324 Fish Metrics,Fish,fish_metrics_NAT_INTLCARNPTAX,NAT_INTLCARNPTAX,% native intolerant carnivore taxa,,,,,COLUMN_NAME,fish_metrics
2324,NRSA 2324 Fish Metrics,Fish,fish_metrics_NAT_INTLINVNTAX,NAT_INTLINVNTAX,Number of native intolerant invertivore taxa,,,,,COLUMN_NAME,fish_metrics
2324,NRSA 2324 Fish Metrics,Fish,fish_metrics_NAT_INTLINVPIND,NAT_INTLINVPIND,% native individuals as intolerant invertivore,,,,,COLUMN_NAME,fish_metrics
2324,NRSA 2324 Fish Metrics,Fish,fish_metrics_NAT_INTLINVPTAX,NAT_INTLINVPTAX,% native taxa as intolerant invertivore,,,,,COLUMN_NAME,fish_metrics
2324,NRSA 2324 Fish Metrics,Fish,fish_metrics_NAT_INTLLOTNTAX,NAT_INTLLOTNTAX,Number of native intolerant lotic taxa,,,,,COLUMN_NAME,fish_metrics
2324,NRSA 2324 Fish Metrics,Fish,fish_metrics_NAT_INTLLOTPIND,NAT_INTLLOTPIND,% native individuals as intolerant lotic,,,,,COLUMN_NAME,fish_metrics
2324,NRSA 2324 Fish Metrics,Fish,fish_metrics_NAT_INTLLOTPTAX,NAT_INTLLOTPTAX,% native taxa as intolerant lotic,,,,,COLUMN_NAME,fish_metrics
2324,NRSA 2324 Fish Metrics,Fish,fish_metrics_NAT_INTLMIGRNTAX,NAT_INTLMIGRNTAX,Number of native intolerant migratory taxa,,,,,COLUMN_NAME,fish_metrics
2324,NRSA 2324 Fish Metrics,Fish,fish_metrics_NAT_INTLMIGRPIND,NAT_INTLMIGRPIND,% native individuals as intolerant migratory,,,,,COLUMN_NAME,fish_metrics
2324,NRSA 2324 Fish Metrics,Fish,fish_metrics_NAT_INTLMIGRPTAX,NAT_INTLMIGRPTAX,% native taxa as intolerant migratory,,,,,COLUMN_NAME,fish_metrics
2324,NRSA 2324 Fish Metrics,Fish,fish_metrics_NAT_INTLNTAX,NAT_INTLNTAX,No. distinct intolerant native taxa based on TOLERANCE_NRSA,,,,,COLUMN_NAME,fish_metrics
2324,NRSA 2324 Fish Metrics,Fish,fish_metrics_NAT_INTLPIND,NAT_INTLPIND,% Intolerant native individuals based on TOLERANCE_NRSA,,,,,COLUMN_NAME,fish_metrics
2324,NRSA 2324 Fish Metrics,Fish,fish_metrics_NAT_INTLPTAX,NAT_INTLPTAX,% Intolerant native taxa based on TOLERANCE_NRSA,,,,,COLUMN_NAME,fish_metrics
2324,NRSA 2324 Fish Metrics,Fish,fish_metrics_NAT_INTLRHEONTAX,NAT_INTLRHEONTAX,Number of native intolerant rheophilic taxa,,,,,COLUMN_NAME,fish_metrics
2324,NRSA 2324 Fish Metrics,Fish,fish_metrics_NAT_INTLRHEOPIND,NAT_INTLRHEOPIND,% native individuals as intolerant rheophilic,,,,,COLUMN_NAME,fish_metrics
2324,NRSA 2324 Fish Metrics,Fish,fish_metrics_NAT_INTLRHEOPTAX,NAT_INTLRHEOPTAX,% native taxa as intolerant rheophilic,,,,,COLUMN_NAME,fish_metrics
2324,NRSA 2324 Fish Metrics,Fish,fish_metrics_NAT_INVNTAX,NAT_INVNTAX,Number of native invertivores taxa,,,,,COLUMN_NAME,fish_metrics
2324,NRSA 2324 Fish Metrics,Fish,fish_metrics_NAT_INVPIND,NAT_INVPIND,% native individuals as invertivores,,,,,COLUMN_NAME,fish_metrics
2324,NRSA 2324 Fish Metrics,Fish,fish_metrics_NAT_INVPTAX,NAT_INVPTAX,% native taxa as invertivores,,,,,COLUMN_NAME,fish_metrics
2324,NRSA 2324 Fish Metrics,Fish,fish_metrics_NAT_LITHNTAX,NAT_LITHNTAX,Number of native simple lithophils taxa,,,,,COLUMN_NAME,fish_metrics
2324,NRSA 2324 Fish Metrics,Fish,fish_metrics_NAT_LITHPIND,NAT_LITHPIND,% native individuals as simple lithophils,,,,,COLUMN_NAME,fish_metrics
2324,NRSA 2324 Fish Metrics,Fish,fish_metrics_NAT_LITHPTAX,NAT_LITHPTAX,% native taxa as simple lithophils,,,,,COLUMN_NAME,fish_metrics
2324,NRSA 2324 Fish Metrics,Fish,fish_metrics_NAT_LOTNTAX,NAT_LOTNTAX,Number of native lotic taxa,,,,,COLUMN_NAME,fish_metrics
2324,NRSA 2324 Fish Metrics,Fish,fish_metrics_NAT_LOTPIND,NAT_LOTPIND,% native individuals as lotic,,,,,COLUMN_NAME,fish_metrics
2324,NRSA 2324 Fish Metrics,Fish,fish_metrics_NAT_LOTPTAX,NAT_LOTPTAX,% native taxa as lotic,,,,,COLUMN_NAME,fish_metrics
2324,NRSA 2324 Fish Metrics,Fish,fish_metrics_NAT_MIGRNTAX,NAT_MIGRNTAX,No. native migratory taxa,,,,,COLUMN_NAME,fish_metrics
2324,NRSA 2324 Fish Metrics,Fish,fish_metrics_NAT_MIGRPIND,NAT_MIGRPIND,% native individuals as migratory,,,,,COLUMN_NAME,fish_metrics
2324,NRSA 2324 Fish Metrics,Fish,fish_metrics_NAT_MIGRPTAX,NAT_MIGRPTAX,% native taxa as migratory,,,,,COLUMN_NAME,fish_metrics
2324,NRSA 2324 Fish Metrics,Fish,fish_metrics_NAT_MTOLNTAX,NAT_MTOLNTAX,No. distinct intermediate tolerant native taxa based on TOLERANCE_NRSA,,,,,COLUMN_NAME,fish_metrics
2324,NRSA 2324 Fish Metrics,Fish,fish_metrics_NAT_MTOLPIND,NAT_MTOLPIND,% Intermediate tolerant native individuals based on TOLERANCE_NRSA,,,,,COLUMN_NAME,fish_metrics
2324,NRSA 2324 Fish Metrics,Fish,fish_metrics_NAT_MTOLPTAX,NAT_MTOLPTAX,% intermediate tolerant native taxa based on TOLERANCE_NRSA,,,,,COLUMN_NAME,fish_metrics
2324,NRSA 2324 Fish Metrics,Fish,fish_metrics_NAT_NTOLBENTNTAX,NAT_NTOLBENTNTAX,No. native non-tolerant benthic taxa based on TOLERANCE_NRSA,,,,,COLUMN_NAME,fish_metrics
2324,NRSA 2324 Fish Metrics,Fish,fish_metrics_NAT_NTOLBENTPIND,NAT_NTOLBENTPIND,% native non-tolerant benthic individuals based on TOLERANCE_NRSA,,,,,COLUMN_NAME,fish_metrics
2324,NRSA 2324 Fish Metrics,Fish,fish_metrics_NAT_NTOLBENTPTAX,NAT_NTOLBENTPTAX,% native non-tolerant benthic taxa based on TOLERANCE_NRSA,,,,,COLUMN_NAME,fish_metrics
2324,NRSA 2324 Fish Metrics,Fish,fish_metrics_NAT_NTOLCARNNTAX,NAT_NTOLCARNNTAX,No. native non-tolerant carnivore taxa based on TOLERANCE_NRSA,,,,,COLUMN_NAME,fish_metrics
2324,NRSA 2324 Fish Metrics,Fish,fish_metrics_NAT_NTOLCARNPIND,NAT_NTOLCARNPIND,% native non-tolerant carnivore individuals based on TOLERANCE_NRSA,,,,,COLUMN_NAME,fish_metrics
2324,NRSA 2324 Fish Metrics,Fish,fish_metrics_NAT_NTOLCARNPTAX,NAT_NTOLCARNPTAX,% native non-tolerant carnivore taxa based on TOLERANCE_NRSA,,,,,COLUMN_NAME,fish_metrics
2324,NRSA 2324 Fish Metrics,Fish,fish_metrics_NAT_NTOLINVNTAX,NAT_NTOLINVNTAX,No. native non-tolerant invertivore taxa based on TOLERANCE_NRSA,,,,,COLUMN_NAME,fish_metrics
2324,NRSA 2324 Fish Metrics,Fish,fish_metrics_NAT_NTOLINVPIND,NAT_NTOLINVPIND,% native non-tolerant invertivore individuals based on TOLERANCE_NRSA,,,,,COLUMN_NAME,fish_metrics
2324,NRSA 2324 Fish Metrics,Fish,fish_metrics_NAT_NTOLINVPTAX,NAT_NTOLINVPTAX,% native non-tolerant invertivore taxa based on TOLERANCE_NRSA,,,,,COLUMN_NAME,fish_metrics
2324,NRSA 2324 Fish Metrics,Fish,fish_metrics_NAT_NTOLNTAX,NAT_NTOLNTAX,No. native non-tolerant taxa based on TOLERANCE_NRSA,,,,,COLUMN_NAME,fish_metrics
2324,NRSA 2324 Fish Metrics,Fish,fish_metrics_NAT_NTOLPIND,NAT_NTOLPIND,% native non-tolerant individuals based on TOLERANCE_NRSA,,,,,COLUMN_NAME,fish_metrics
2324,NRSA 2324 Fish Metrics,Fish,fish_metrics_NAT_NTOLPTAX,NAT_NTOLPTAX,% native non-tolerant taxa based on TOLERANCE_NRSA,,,,,COLUMN_NAME,fish_metrics
2324,NRSA 2324 Fish Metrics,Fish,fish_metrics_NAT_OMNINTAX,NAT_OMNINTAX,No. native omnivore taxa,,,,,COLUMN_NAME,fish_metrics
2324,NRSA 2324 Fish Metrics,Fish,fish_metrics_NAT_OMNIPIND,NAT_OMNIPIND,% native individuals as omnivore,,,,,COLUMN_NAME,fish_metrics
2324,NRSA 2324 Fish Metrics,Fish,fish_metrics_NAT_OMNIPTAX,NAT_OMNIPTAX,% native taxa as omnivore,,,,,COLUMN_NAME,fish_metrics
2324,NRSA 2324 Fish Metrics,Fish,fish_metrics_NAT_PIND,NAT_PIND,native % of total individuals,,,,,COLUMN_NAME,fish_metrics
2324,NRSA 2324 Fish Metrics,Fish,fish_metrics_NAT_PTAX,NAT_PTAX,native % of total taxa,,,,,COLUMN_NAME,fish_metrics
2324,NRSA 2324 Fish Metrics,Fish,fish_metrics_NAT_RBCATONTAX,NAT_RBCATONTAX,No. native round-bodied sucker taxa,,,,,COLUMN_NAME,fish_metrics
2324,NRSA 2324 Fish Metrics,Fish,fish_metrics_NAT_RBCATOPIND,NAT_RBCATOPIND,% native individuals as round-bodied sucker,,,,,COLUMN_NAME,fish_metrics
2324,NRSA 2324 Fish Metrics,Fish,fish_metrics_NAT_RBCATOPTAX,NAT_RBCATOPTAX,% native taxa as round-bodied sucker,,,,,COLUMN_NAME,fish_metrics
2324,NRSA 2324 Fish Metrics,Fish,fish_metrics_NAT_RHEONTAX,NAT_RHEONTAX,No. native rheophilic taxa,,,,,COLUMN_NAME,fish_metrics
2324,NRSA 2324 Fish Metrics,Fish,fish_metrics_NAT_RHEOPIND,NAT_RHEOPIND,% native individuals as rheophilic,,,,,COLUMN_NAME,fish_metrics
2324,NRSA 2324 Fish Metrics,Fish,fish_metrics_NAT_RHEOPTAX,NAT_RHEOPTAX,% native taxa as rheophilic,,,,,COLUMN_NAME,fish_metrics
2324,NRSA 2324 Fish Metrics,Fish,fish_metrics_NAT_SALMNTAX,NAT_SALMNTAX,No. native salmonid taxa,,,,,COLUMN_NAME,fish_metrics
2324,NRSA 2324 Fish Metrics,Fish,fish_metrics_NAT_SALMPIND,NAT_SALMPIND,% native individuals as salmonid,,,,,COLUMN_NAME,fish_metrics
2324,NRSA 2324 Fish Metrics,Fish,fish_metrics_NAT_SALMPTAX,NAT_SALMPTAX,% native taxa as salmonid,,,,,COLUMN_NAME,fish_metrics
2324,NRSA 2324 Fish Metrics,Fish,fish_metrics_NAT_TOLRNTAX,NAT_TOLRNTAX,No. distinct Tolerant native taxa based on TOLERANCE_NRSA,,,,,COLUMN_NAME,fish_metrics
2324,NRSA 2324 Fish Metrics,Fish,fish_metrics_NAT_TOLRPIND,NAT_TOLRPIND,% Tolerant native individuals based on TOLERANCE_NRSA,,,,,COLUMN_NAME,fish_metrics
2324,NRSA 2324 Fish Metrics,Fish,fish_metrics_NAT_TOLRPTAX,NAT_TOLRPTAX,% Tolerant native taxa based on TOLERANCE_NRSA,,,,,COLUMN_NAME,fish_metrics
2324,NRSA 2324 Fish Metrics,Fish,fish_metrics_NAT_TOTLNIND,NAT_TOTLNIND,Total native individuals,,,,,COLUMN_NAME,fish_metrics
2324,NRSA 2324 Fish Metrics,Fish,fish_metrics_NAT_TOTLNTAX,NAT_TOTLNTAX,Total native taxa,,,,,COLUMN_NAME,fish_metrics
2324,NRSA 2324 Fish Metrics,Fish,fish_metrics_NAT_WTD_TV,NAT_WTD_TV,Weighted average tolerance value among natives,,,,,COLUMN_NAME,fish_metrics
2324,NRSA 2324 Fish Metrics,Fish,fish_metrics_NTOLBENTNTAX,NTOLBENTNTAX,No. non-tolerant benthic taxa,,,,,COLUMN_NAME,fish_metrics
2324,NRSA 2324 Fish Metrics,Fish,fish_metrics_NTOLBENTPIND,NTOLBENTPIND,% non-tolerant benthic individuals,,,,,COLUMN_NAME,fish_metrics
2324,NRSA 2324 Fish Metrics,Fish,fish_metrics_NTOLBENTPTAX,NTOLBENTPTAX,% non-tolerant benthic taxa,,,,,COLUMN_NAME,fish_metrics
2324,NRSA 2324 Fish Metrics,Fish,fish_metrics_NTOLCARNNTAX,NTOLCARNNTAX,No. non-tolerant carnivore taxa,,,,,COLUMN_NAME,fish_metrics
2324,NRSA 2324 Fish Metrics,Fish,fish_metrics_NTOLCARNPIND,NTOLCARNPIND,% non-tolerant carnivore individuals,,,,,COLUMN_NAME,fish_metrics
2324,NRSA 2324 Fish Metrics,Fish,fish_metrics_NTOLCARNPTAX,NTOLCARNPTAX,% non-tolerant carnivore taxa,,,,,COLUMN_NAME,fish_metrics
2324,NRSA 2324 Fish Metrics,Fish,fish_metrics_NTOLINVNTAX,NTOLINVNTAX,No. non-tolerant invertivore taxa,,,,,COLUMN_NAME,fish_metrics
2324,NRSA 2324 Fish Metrics,Fish,fish_metrics_NTOLINVPIND,NTOLINVPIND,% non-tolerant invertivore individuals,,,,,COLUMN_NAME,fish_metrics
2324,NRSA 2324 Fish Metrics,Fish,fish_metrics_NTOLINVPTAX,NTOLINVPTAX,% non-tolerant invertivore taxa,,,,,COLUMN_NAME,fish_metrics
2324,NRSA 2324 Fish Metrics,Fish,fish_metrics_NTOLNTAX,NTOLNTAX,no. non-tolerant (TOLERANCE_NRSA=(S)ensitive/(I)ntermediate) taxa,,,,,COLUMN_NAME,fish_metrics
2324,NRSA 2324 Fish Metrics,Fish,fish_metrics_NTOLPIND,NTOLPIND,% non-tolerant (TOLERANCE_NRSA=(S)ensitive/(I)ntermediate) individuals,,,,,COLUMN_NAME,fish_metrics
2324,NRSA 2324 Fish Metrics,Fish,fish_metrics_NTOLPTAX,NTOLPTAX,% non-tolerant (TOLERANCE_NRSA=(S)ensitive/(I)ntermediate) taxa,,,,,COLUMN_NAME,fish_metrics
2324,NRSA 2324 Fish Metrics,Fish,fish_metrics_OMNINTAX,OMNINTAX,No. omnivore taxa,,,,,COLUMN_NAME,fish_metrics
2324,NRSA 2324 Fish Metrics,Fish,fish_metrics_OMNIPIND,OMNIPIND,% omnivore individuals,,,,,COLUMN_NAME,fish_metrics
2324,NRSA 2324 Fish Metrics,Fish,fish_metrics_OMNIPTAX,OMNIPTAX,% omnivore taxa,,,,,COLUMN_NAME,fish_metrics
2324,NRSA 2324 Fish Metrics,Fish,fish_metrics_PSTL_CODE,PSTL_CODE,"State two letter postal code for site sampled. 50 state postal codes plus AS, MP, GU, PR, VI for American Samoa, Commonwealth of Northern Marianas, Guam, Puerto Rico and Virgin Islands. No missing or \blank\"" values allowed.""",,,,,COLUMN_NAME,fish_metrics
2324,NRSA 2324 Fish Metrics,Fish,fish_metrics_PUBLICATION_DATE,PUBLICATION_DATE,Date of data file publication,,,,,COLUMN_NAME,fish_metrics
2324,NRSA 2324 Fish Metrics,Fish,fish_metrics_RBCATONTAX,RBCATONTAX,No. round-bodied sucker taxa,,,,,COLUMN_NAME,fish_metrics
2324,NRSA 2324 Fish Metrics,Fish,fish_metrics_RBCATOPIND,RBCATOPIND,% round-bodied sucker individuals,,,,,COLUMN_NAME,fish_metrics
2324,NRSA 2324 Fish Metrics,Fish,fish_metrics_RBCATOPTAX,RBCATOPTAX,% round-bodied sucker taxa,,,,,COLUMN_NAME,fish_metrics
2324,NRSA 2324 Fish Metrics,Fish,fish_metrics_RHEONTAX,RHEONTAX,No. rheophilic taxa,,,,,COLUMN_NAME,fish_metrics
2324,NRSA 2324 Fish Metrics,Fish,fish_metrics_RHEOPIND,RHEOPIND,% rheophilic individuals,,,,,COLUMN_NAME,fish_metrics
2324,NRSA 2324 Fish Metrics,Fish,fish_metrics_RHEOPTAX,RHEOPTAX,% rheophilic taxa,,,,,COLUMN_NAME,fish_metrics
2324,NRSA 2324 Fish Metrics,Fish,fish_metrics_SALMNTAX,SALMNTAX,No. Salmonid taxa,,,,,COLUMN_NAME,fish_metrics
2324,NRSA 2324 Fish Metrics,Fish,fish_metrics_SALMPIND,SALMPIND,% Salmonid individuals,,,,,COLUMN_NAME,fish_metrics
2324,NRSA 2324 Fish Metrics,Fish,fish_metrics_SALMPTAX,SALMPTAX,% Salmonid taxa,,,,,COLUMN_NAME,fish_metrics
2324,NRSA 2324 Fish Metrics,Fish,fish_metrics_SITE_ID,SITE_ID,"Site ID for the study and year sampled. Preferred form is NRSnn_MM-xxxxx where nn is current cycle year (04, 08, 13, 18, etc), MM is two letter state code, and xxxxx is between 10001 and 99999. No missing or \blank\"" values allowed.""",,,,,COLUMN_NAME,fish_metrics
2324,NRSA 2324 Fish Metrics,Fish,fish_metrics_TOLRNTAX,TOLRNTAX,No. distinct Tolerant taxa based on TOLERANCE_NRSA,,,,,COLUMN_NAME,fish_metrics
2324,NRSA 2324 Fish Metrics,Fish,fish_metrics_TOLRPIND,TOLRPIND,% Tolerant individuals based on TOLERANCE_NRSA,,,,,COLUMN_NAME,fish_metrics
2324,NRSA 2324 Fish Metrics,Fish,fish_metrics_TOLRPTAX,TOLRPTAX,% Tolerant taxa based on TOLERANCE_NRSA,,,,,COLUMN_NAME,fish_metrics
2324,NRSA 2324 Fish Metrics,Fish,fish_metrics_TOTLNIND,TOTLNIND,Total no. individuals,,,,,COLUMN_NAME,fish_metrics
2324,NRSA 2324 Fish Metrics,Fish,fish_metrics_TOTLNTAX,TOTLNTAX,Total no. distinct taxa,,,,,COLUMN_NAME,fish_metrics
2324,NRSA 2324 Fish Metrics,Fish,fish_metrics_UID,UID,Unique site visit ID,,,,,COLUMN_NAME,fish_metrics
2324,NRSA 2324 Fish Metrics,Fish,fish_metrics_UNIQUE_ID,UNIQUE_ID,Unique site ID based on location that does not depend on year sampled or any other factor. Form is NRS_ss_nnnnn where ss state and nnnnn is number that starts at 10001. No missing values allowed.,,,,,COLUMN_NAME,fish_metrics
2324,NRSA 2324 Fish Metrics,Fish,fish_metrics_VISIT_NO,VISIT_NO,Number identifying which visit this is,,|1|2,,,COLUMN_NAME,fish_metrics
2324,NRSA 2324 Fish Metrics,Fish,fish_metrics_WTD_TV,WTD_TV,"Hilsenhoff Biotic Index (HBI), sum of TV_i*prop_i, where TV_i=tolerance value for species i and prop_i=proportion of taxon i in sample, based on all taxa in sample",,,,,COLUMN_NAME,fish_metrics
2324,NRSA 2324 Fish MMI,Fish,fish_mmi_ALIENNTAX_PT,ALIENNTAX_PT,Score for ALIENNTAX used in MMI,,,,,COLUMN_NAME,fish_mmi
2324,NRSA 2324 Fish MMI,Fish,fish_mmi_ALIENNTAX_WS,ALIENNTAX_WS,Traditional MMI watershed adjusted value for ALIENNTAX,,,,,COLUMN_NAME,fish_mmi
2324,NRSA 2324 Fish MMI,Fish,fish_mmi_ALIENNTAX_WS_PT,ALIENNTAX_WS_PT,Traditional MMI watershed adjusted metric score for ALIENNTAX,,,,,COLUMN_NAME,fish_mmi
2324,NRSA 2324 Fish MMI,Fish,fish_mmi_ALIENPIND_WS,ALIENPIND_WS,Traditional MMI watershed adjusted value for ALIENPIND,,,,,COLUMN_NAME,fish_mmi
2324,NRSA 2324 Fish MMI,Fish,fish_mmi_ALIENPIND_WS_PT,ALIENPIND_WS_PT,Traditional MMI watershed adjusted metric score for ALIENPIND,,,,,COLUMN_NAME,fish_mmi
2324,NRSA 2324 Fish MMI,Fish,fish_mmi_BENTINVPTAX_WS,BENTINVPTAX_WS,Traditional MMI watershed adjusted value for BENTINVPTAX,,,,,COLUMN_NAME,fish_mmi
2324,NRSA 2324 Fish MMI,Fish,fish_mmi_BENTINVPTAX_WS_PT,BENTINVPTAX_WS_PT,Traditional MMI watershed adjusted metric score for BENTINVPTAX,,,,,COLUMN_NAME,fish_mmi
2324,NRSA 2324 Fish MMI,Fish,fish_mmi_CARNNTAX_WS,CARNNTAX_WS,Traditional MMI watershed adjusted value for CARNNTAX,,,,,COLUMN_NAME,fish_mmi
2324,NRSA 2324 Fish MMI,Fish,fish_mmi_CARNNTAX_WS_PT,CARNNTAX_WS_PT,Traditional MMI watershed adjusted metric score for CARNNTAX,,,,,COLUMN_NAME,fish_mmi
2324,NRSA 2324 Fish MMI,Fish,fish_mmi_CENTPTAX_PT,CENTPTAX_PT,Traditional MMI metric score for CENTPTAX,,,,,COLUMN_NAME,fish_mmi
2324,NRSA 2324 Fish MMI,Fish,fish_mmi_CYPRNTAX_PT,CYPRNTAX_PT,Traditional MMI metric score for CYPRNTAX,,,,,COLUMN_NAME,fish_mmi
2324,NRSA 2324 Fish MMI,Fish,fish_mmi_CYPRPTAX_WS,CYPRPTAX_WS,Traditional MMI watershed adjusted value for CYPRPTAX,,,,,COLUMN_NAME,fish_mmi
2324,NRSA 2324 Fish MMI,Fish,fish_mmi_CYPRPTAX_WS_PT,CYPRPTAX_WS_PT,Traditional MMI watershed adjusted metric score for CYPRPTAX,,,,,COLUMN_NAME,fish_mmi
2324,NRSA 2324 Fish MMI,Fish,fish_mmi_DATE_COL,DATE_COL,Date of data collection in field,,,,,COLUMN_NAME,fish_mmi
2324,NRSA 2324 Fish MMI,Fish,fish_mmi_FISH_MMI_COND,FISH_MMI_COND,"Fish assemblage condition, based on regional Fish MMI.",,Good|Fair|Poor|Not Assessed,,,COLUMN_NAME,fish_mmi
2324,NRSA 2324 Fish MMI,Fish,fish_mmi_HERBPTAX_PT,HERBPTAX_PT,Traditional MMI metric score for HERBPTAX,,,,,COLUMN_NAME,fish_mmi
2324,NRSA 2324 Fish MMI,Fish,fish_mmi_INTLINVPTAX_PT,INTLINVPTAX_PT,Traditional MMI metric score for INTLINVPTAX,,,,,COLUMN_NAME,fish_mmi
2324,NRSA 2324 Fish MMI,Fish,fish_mmi_INTLLOTNTAX_WS,INTLLOTNTAX_WS,Traditional MMI watershed adjusted value for INTLLOTNTAX,,,,,COLUMN_NAME,fish_mmi
2324,NRSA 2324 Fish MMI,Fish,fish_mmi_INTLLOTNTAX_WS_PT,INTLLOTNTAX_WS_PT,Traditional MMI watershed adjusted metric score for INTLLOTNTAX,,,,,COLUMN_NAME,fish_mmi
2324,NRSA 2324 Fish MMI,Fish,fish_mmi_INTLLOTPTAX_WS,INTLLOTPTAX_WS,Traditional MMI watershed adjusted value for INTLLOTPTAX,,,,,COLUMN_NAME,fish_mmi
2324,NRSA 2324 Fish MMI,Fish,fish_mmi_INTLLOTPTAX_WS_PT,INTLLOTPTAX_WS_PT,Traditional MMI watershed adjusted metric score for INTLLOTPTAX,,,,,COLUMN_NAME,fish_mmi
2324,NRSA 2324 Fish MMI,Fish,fish_mmi_INTLMIGRNTAX_PT,INTLMIGRNTAX_PT,Traditional MMI metric score for INTLMIGRNTAX,,,,,COLUMN_NAME,fish_mmi
2324,NRSA 2324 Fish MMI,Fish,fish_mmi_INTLMIGRPIND_PT,INTLMIGRPIND_PT,Traditional MMI metric score for INTLMIGRPIND,,,,,COLUMN_NAME,fish_mmi
2324,NRSA 2324 Fish MMI,Fish,fish_mmi_INTLMIGRPTAX_PT,INTLMIGRPTAX_PT,Score for INTLMIGRPTAX used in MMI,,,,,COLUMN_NAME,fish_mmi
2324,NRSA 2324 Fish MMI,Fish,fish_mmi_INTLPTAX_PT,INTLPTAX_PT,Traditional MMI metric score for INTLPTAX,,,,,COLUMN_NAME,fish_mmi
2324,NRSA 2324 Fish MMI,Fish,fish_mmi_INVNTAX_PT,INVNTAX_PT,Traditional MMI metric score for INVNTAX,,,,,COLUMN_NAME,fish_mmi
2324,NRSA 2324 Fish MMI,Fish,fish_mmi_INVPIND_WS,INVPIND_WS,Traditional MMI watershed adjusted value for INVPIND,,,,,COLUMN_NAME,fish_mmi
2324,NRSA 2324 Fish MMI,Fish,fish_mmi_INVPIND_WS_PT,INVPIND_WS_PT,Traditional MMI watershed adjusted metric score for INVPIND,,,,,COLUMN_NAME,fish_mmi
2324,NRSA 2324 Fish MMI,Fish,fish_mmi_INVPTAX_PT,INVPTAX_PT,Score for INVPTAX used in MMI,,,,,COLUMN_NAME,fish_mmi
2324,NRSA 2324 Fish MMI,Fish,fish_mmi_LITHNTAX_PT,LITHNTAX_PT,Traditional MMI metric score for LITHNTAX,,,,,COLUMN_NAME,fish_mmi
2324,NRSA 2324 Fish MMI,Fish,fish_mmi_LITHNTAX_WS,LITHNTAX_WS,Traditional MMI watershed adjusted value for LITHNTAX,,,,,COLUMN_NAME,fish_mmi
2324,NRSA 2324 Fish MMI,Fish,fish_mmi_LITHNTAX_WS_PT,LITHNTAX_WS_PT,Traditional MMI watershed adjusted metric score for LITHNTAX,,,,,COLUMN_NAME,fish_mmi
2324,NRSA 2324 Fish MMI,Fish,fish_mmi_LITHPIND_PT,LITHPIND_PT,Score for LITHPIND used in MMI,,,,,COLUMN_NAME,fish_mmi
2324,NRSA 2324 Fish MMI,Fish,fish_mmi_LITHPIND_WS,LITHPIND_WS,Traditional MMI watershed adjusted value for LITHPIND,,,,,COLUMN_NAME,fish_mmi
2324,NRSA 2324 Fish MMI,Fish,fish_mmi_LITHPIND_WS_PT,LITHPIND_WS_PT,Traditional MMI watershed adjusted metric score for LITHPIND,,,,,COLUMN_NAME,fish_mmi
2324,NRSA 2324 Fish MMI,Fish,fish_mmi_LITHPTAX_PT,LITHPTAX_PT,Score for LITHPTAX used in MMI,,,,,COLUMN_NAME,fish_mmi
2324,NRSA 2324 Fish MMI,Fish,fish_mmi_LITHPTAX_WS,LITHPTAX_WS,Traditional MMI watershed adjusted value for LITHPTAX,,,,,COLUMN_NAME,fish_mmi
2324,NRSA 2324 Fish MMI,Fish,fish_mmi_LITHPTAX_WS_PT,LITHPTAX_WS_PT,Traditional MMI watershed adjusted metric score for LITHPTAX,,,,,COLUMN_NAME,fish_mmi
2324,NRSA 2324 Fish MMI,Fish,fish_mmi_LOTNTAX_WS,LOTNTAX_WS,Traditional MMI watershed adjusted value for LOTNTAX,,,,,COLUMN_NAME,fish_mmi
2324,NRSA 2324 Fish MMI,Fish,fish_mmi_LOTNTAX_WS_PT,LOTNTAX_WS_PT,Traditional MMI watershed adjusted metric score for LOTNTAX,,,,,COLUMN_NAME,fish_mmi
2324,NRSA 2324 Fish MMI,Fish,fish_mmi_LOTPIND_WS,LOTPIND_WS,Traditional MMI watershed adjusted value for LOTPIND,,,,,COLUMN_NAME,fish_mmi
2324,NRSA 2324 Fish MMI,Fish,fish_mmi_LOTPIND_WS_PT,LOTPIND_WS_PT,Traditional MMI watershed adjusted metric score for LOTPIND,,,,,COLUMN_NAME,fish_mmi
2324,NRSA 2324 Fish MMI,Fish,fish_mmi_MIGRNTAX_WS,MIGRNTAX_WS,Traditional MMI watershed adjusted value for MIGRNTAX,,,,,COLUMN_NAME,fish_mmi
2324,NRSA 2324 Fish MMI,Fish,fish_mmi_MIGRNTAX_WS_PT,MIGRNTAX_WS_PT,Traditional MMI watershed adjusted metric score for MIGRNTAX,,,,,COLUMN_NAME,fish_mmi
2324,NRSA 2324 Fish MMI,Fish,fish_mmi_MIGRPTAX_WS,MIGRPTAX_WS,Traditional MMI watershed adjusted value for MIGRPTAX,,,,,COLUMN_NAME,fish_mmi
2324,NRSA 2324 Fish MMI,Fish,fish_mmi_MIGRPTAX_WS_PT,MIGRPTAX_WS_PT,Traditional MMI watershed adjusted metric score for MIGRPTAX,,,,,COLUMN_NAME,fish_mmi
2324,NRSA 2324 Fish MMI,Fish,fish_mmi_MMI_FISH,MMI_FISH,Traditional MMI watershed adjusted value for MMI_FISH,,,,,COLUMN_NAME,fish_mmi
2324,NRSA 2324 Fish MMI,Fish,fish_mmi_NAT_CARNNTAX_WS,NAT_CARNNTAX_WS,Traditional MMI watershed adjusted value for NAT_CARNNTAX,,,,,COLUMN_NAME,fish_mmi
2324,NRSA 2324 Fish MMI,Fish,fish_mmi_NAT_CARNNTAX_WS_PT,NAT_CARNNTAX_WS_PT,Traditional MMI watershed adjusted metric score for NAT_CARNNTAX,,,,,COLUMN_NAME,fish_mmi
2324,NRSA 2324 Fish MMI,Fish,fish_mmi_NAT_CATOPIND_PT,NAT_CATOPIND_PT,Traditional MMI metric score for NAT_CATOPIND,,,,,COLUMN_NAME,fish_mmi
2324,NRSA 2324 Fish MMI,Fish,fish_mmi_NAT_CENTNTAX_WS,NAT_CENTNTAX_WS,Traditional MMI watershed adjusted value for NAT_CENTNTAX,,,,,COLUMN_NAME,fish_mmi
2324,NRSA 2324 Fish MMI,Fish,fish_mmi_NAT_CENTNTAX_WS_PT,NAT_CENTNTAX_WS_PT,Traditional MMI watershed adjusted metric score for NAT_CENTNTAX,,,,,COLUMN_NAME,fish_mmi
2324,NRSA 2324 Fish MMI,Fish,fish_mmi_NAT_CYPRPIND_PT,NAT_CYPRPIND_PT,Traditional MMI metric score for NAT_CYPRPIND,,,,,COLUMN_NAME,fish_mmi
2324,NRSA 2324 Fish MMI,Fish,fish_mmi_NAT_HERBPTAX_PT,NAT_HERBPTAX_PT,Score for NAT_HERBPTAX used in MMI,,,,,COLUMN_NAME,fish_mmi
2324,NRSA 2324 Fish MMI,Fish,fish_mmi_NAT_ICTAPIND_WS,NAT_ICTAPIND_WS,Traditional MMI watershed adjusted value for NAT_ICTAPIND,,,,,COLUMN_NAME,fish_mmi
2324,NRSA 2324 Fish MMI,Fish,fish_mmi_NAT_ICTAPIND_WS_PT,NAT_ICTAPIND_WS_PT,Traditional MMI watershed adjusted metric score for NAT_ICTAPIND,,,,,COLUMN_NAME,fish_mmi
2324,NRSA 2324 Fish MMI,Fish,fish_mmi_NAT_INTLPIND_WS,NAT_INTLPIND_WS,Traditional MMI watershed adjusted value for NAT_INTLPIND,,,,,COLUMN_NAME,fish_mmi
2324,NRSA 2324 Fish MMI,Fish,fish_mmi_NAT_INTLPIND_WS_PT,NAT_INTLPIND_WS_PT,Traditional MMI watershed adjusted metric score for NAT_INTLPIND,,,,,COLUMN_NAME,fish_mmi
2324,NRSA 2324 Fish MMI,Fish,fish_mmi_NAT_LITHPIND_WS,NAT_LITHPIND_WS,Traditional MMI watershed adjusted value for NAT_LITHPIND,,,,,COLUMN_NAME,fish_mmi
2324,NRSA 2324 Fish MMI,Fish,fish_mmi_NAT_LITHPIND_WS_PT,NAT_LITHPIND_WS_PT,Traditional MMI watershed adjusted metric score for NAT_LITHPIND,,,,,COLUMN_NAME,fish_mmi
2324,NRSA 2324 Fish MMI,Fish,fish_mmi_NAT_MIGRNTAX_PT,NAT_MIGRNTAX_PT,Traditional MMI metric score for NAT_MIGRNTAX,,,,,COLUMN_NAME,fish_mmi
2324,NRSA 2324 Fish MMI,Fish,fish_mmi_NAT_MIGRPTAX_WS,NAT_MIGRPTAX_WS,Traditional MMI watershed adjusted value for NAT_MIGRPTAX,,,,,COLUMN_NAME,fish_mmi
2324,NRSA 2324 Fish MMI,Fish,fish_mmi_NAT_MIGRPTAX_WS_PT,NAT_MIGRPTAX_WS_PT,Traditional MMI watershed adjusted metric score for NAT_MIGRPTAX,,,,,COLUMN_NAME,fish_mmi
2324,NRSA 2324 Fish MMI,Fish,fish_mmi_NAT_NTOLBENTPTAX_PT,NAT_NTOLBENTPTAX_PT,Score for NAT_NTOLBENTPTAX used in MMI,,,,,COLUMN_NAME,fish_mmi
2324,NRSA 2324 Fish MMI,Fish,fish_mmi_NAT_NTOLNTAX_PT,NAT_NTOLNTAX_PT,Traditional MMI metric score for NAT_NTOLNTAX,,,,,COLUMN_NAME,fish_mmi
2324,NRSA 2324 Fish MMI,Fish,fish_mmi_NAT_NTOLNTAX_WS,NAT_NTOLNTAX_WS,Traditional MMI watershed adjusted value for NAT_NTOLNTAX,,,,,COLUMN_NAME,fish_mmi
2324,NRSA 2324 Fish MMI,Fish,fish_mmi_NAT_NTOLNTAX_WS_PT,NAT_NTOLNTAX_WS_PT,Traditional MMI watershed adjusted metric score for NAT_NTOLNTAX,,,,,COLUMN_NAME,fish_mmi
2324,NRSA 2324 Fish MMI,Fish,fish_mmi_NAT_PIND_PT,NAT_PIND_PT,Score for NAT_PIND used in MMI,,,,,COLUMN_NAME,fish_mmi
2324,NRSA 2324 Fish MMI,Fish,fish_mmi_NAT_PTAX_PT,NAT_PTAX_PT,Score for NAT_PTAX used in MMI,,,,,COLUMN_NAME,fish_mmi
2324,NRSA 2324 Fish MMI,Fish,fish_mmi_NAT_RHEOPIND_PT,NAT_RHEOPIND_PT,Traditional MMI metric score for NAT_RHEOPIND,,,,,COLUMN_NAME,fish_mmi
2324,NRSA 2324 Fish MMI,Fish,fish_mmi_NAT_TOTLNTAX_WS,NAT_TOTLNTAX_WS,Traditional MMI watershed adjusted value for NAT_TOTLNTAX,,,,,COLUMN_NAME,fish_mmi
2324,NRSA 2324 Fish MMI,Fish,fish_mmi_NAT_TOTLNTAX_WS_PT,NAT_TOTLNTAX_WS_PT,Traditional MMI watershed adjusted metric score for NAT_TOTLNTAX,,,,,COLUMN_NAME,fish_mmi
2324,NRSA 2324 Fish MMI,Fish,fish_mmi_NTOLNTAX_WS,NTOLNTAX_WS,Traditional MMI watershed adjusted value for NTOLNTAX,,,,,COLUMN_NAME,fish_mmi
2324,NRSA 2324 Fish MMI,Fish,fish_mmi_NTOLNTAX_WS_PT,NTOLNTAX_WS_PT,Traditional MMI watershed adjusted metric score for NTOLNTAX,,,,,COLUMN_NAME,fish_mmi
2324,NRSA 2324 Fish MMI,Fish,fish_mmi_NTOLPTAX_PT,NTOLPTAX_PT,Score for NTOLPTAX used in MMI,,,,,COLUMN_NAME,fish_mmi
2324,NRSA 2324 Fish MMI,Fish,fish_mmi_NTOLPTAX_WS,NTOLPTAX_WS,Traditional MMI watershed adjusted value for NTOLPTAX,,,,,COLUMN_NAME,fish_mmi
2324,NRSA 2324 Fish MMI,Fish,fish_mmi_NTOLPTAX_WS_PT,NTOLPTAX_WS_PT,Traditional MMI watershed adjusted metric score for NTOLPTAX,,,,,COLUMN_NAME,fish_mmi
2324,NRSA 2324 Fish MMI,Fish,fish_mmi_PSTL_CODE,PSTL_CODE,"State two letter postal code for site sampled. 50 state postal codes plus AS, MP, GU, PR, VI for American Samoa, Commonwealth of Northern Marianas, Guam, Puerto Rico and Virgin Islands. No missing or \blank\"" values allowed.""",,,,,COLUMN_NAME,fish_mmi
2324,NRSA 2324 Fish MMI,Fish,fish_mmi_PUBLICATION_DATE,PUBLICATION_DATE,Date of data file publication,,,,,COLUMN_NAME,fish_mmi
2324,NRSA 2324 Fish MMI,Fish,fish_mmi_RBCATONTAX_PT,RBCATONTAX_PT,Traditional MMI metric score for RBCATONTAX,,,,,COLUMN_NAME,fish_mmi
2324,NRSA 2324 Fish MMI,Fish,fish_mmi_RHEONTAX_PT,RHEONTAX_PT,Traditional MMI metric score for RHEONTAX,,,,,COLUMN_NAME,fish_mmi
2324,NRSA 2324 Fish MMI,Fish,fish_mmi_RHEOPIND_PT,RHEOPIND_PT,Traditional MMI metric score for RHEOPIND,,,,,COLUMN_NAME,fish_mmi
2324,NRSA 2324 Fish MMI,Fish,fish_mmi_SALMNTAX_PT,SALMNTAX_PT,Traditional MMI metric score for SALMNTAX,,,,,COLUMN_NAME,fish_mmi
2324,NRSA 2324 Fish MMI,Fish,fish_mmi_SITE_ID,SITE_ID,"Site ID for the study and year sampled. Preferred form is NRSnn_MM-xxxxx where nn is current cycle year (04, 08, 13, 18, etc), MM is two letter state code, and xxxxx is between 10001 and 99999. No missing or \blank\"" values allowed.""",,,,,COLUMN_NAME,fish_mmi
2324,NRSA 2324 Fish MMI,Fish,fish_mmi_TOLRNTAX_PT,TOLRNTAX_PT,Score for TOLRNTAX used in MMI,,,,,COLUMN_NAME,fish_mmi
2324,NRSA 2324 Fish MMI,Fish,fish_mmi_TOLRNTAX_WS,TOLRNTAX_WS,Traditional MMI watershed adjusted value for TOLRNTAX,,,,,COLUMN_NAME,fish_mmi
2324,NRSA 2324 Fish MMI,Fish,fish_mmi_TOLRNTAX_WS_PT,TOLRNTAX_WS_PT,Traditional MMI watershed adjusted metric score for TOLRNTAX,,,,,COLUMN_NAME,fish_mmi
2324,NRSA 2324 Fish MMI,Fish,fish_mmi_TOLRPTAX_PT,TOLRPTAX_PT,Score for TOLRPTAX used in MMI,,,,,COLUMN_NAME,fish_mmi
2324,NRSA 2324 Fish MMI,Fish,fish_mmi_UID,UID,Unique site visit ID,,,,,COLUMN_NAME,fish_mmi
2324,NRSA 2324 Fish MMI,Fish,fish_mmi_UNIQUE_ID,UNIQUE_ID,Unique site ID based on location that does not depend on year sampled or any other factor. Form is NRS_ss_nnnnn where ss state and nnnnn is number that starts at 10001. No missing values allowed.,,,,,COLUMN_NAME,fish_mmi
2324,NRSA 2324 Fish MMI,Fish,fish_mmi_VISIT_NO,VISIT_NO,Number identifying which visit this is,,|1|2,,,COLUMN_NAME,fish_mmi
2324,NRSA 2324 Mercury in Fish Tissue Plugs,Fish,fish_hg_ANALYST,ANALYST,Laboratory analyst,FPLG,,,,PARAMETER,fish_hg
2324,NRSA 2324 Mercury in Fish Tissue Plugs,Fish,fish_hg_ANALYTE,ANALYTE,Analyte,COLUMN,,,,PARAMETER,fish_hg
2324,NRSA 2324 Mercury in Fish Tissue Plugs,Fish,fish_hg_ARRIVAL_TEMP,ARRIVAL_TEMP,Temperature upon arrival at lab,FPLG,,,,PARAMETER,fish_hg
2324,NRSA 2324 Mercury in Fish Tissue Plugs,Fish,fish_hg_BATCH_ID,BATCH_ID,Laboratory Batch ID,COLUMN,,,,PARAMETER,fish_hg
2324,NRSA 2324 Mercury in Fish Tissue Plugs,Fish,fish_hg_CAS_NO,CAS_NO,Chemical Abstracts Service number,FPLG,,,,PARAMETER,fish_hg
2324,NRSA 2324 Mercury in Fish Tissue Plugs,Fish,fish_hg_CONDITION_CODE,CONDITION_CODE,Condition of sample code,FPLG,,,,PARAMETER,fish_hg
2324,NRSA 2324 Mercury in Fish Tissue Plugs,Fish,fish_hg_DATE_COL,DATE_COL,Date of data collection in field,VERIF,,,,PARAMETER,fish_hg
2324,NRSA 2324 Mercury in Fish Tissue Plugs,Fish,fish_hg_DATE_PROCESSED,DATE_PROCESSED,Date sample processed,FPLG,,,,PARAMETER,fish_hg
2324,NRSA 2324 Mercury in Fish Tissue Plugs,Fish,fish_hg_DILUTION,DILUTION,Dilution of sample,FPLG,,,,PARAMETER,fish_hg
2324,NRSA 2324 Mercury in Fish Tissue Plugs,Fish,fish_hg_INSTRUMENT,INSTRUMENT,Instrument used,FPLG,,,,PARAMETER,fish_hg
2324,NRSA 2324 Mercury in Fish Tissue Plugs,Fish,fish_hg_LAB,LAB,Laboratory processing sample,COLUMN,,,,PARAMETER,fish_hg
2324,NRSA 2324 Mercury in Fish Tissue Plugs,Fish,fish_hg_LENGTH_1,LENGTH_1,Fish length 1 (mm),COLUMN,,,,PARAMETER,fish_hg
2324,NRSA 2324 Mercury in Fish Tissue Plugs,Fish,fish_hg_LENGTH_2,LENGTH_2,Fish length 1 (mm),COLUMN,,,,PARAMETER,fish_hg
2324,NRSA 2324 Mercury in Fish Tissue Plugs,Fish,fish_hg_MATRIX,MATRIX,"Type of sample (e.g., water, sediment, tissue)",COLUMN,,,,PARAMETER,fish_hg
2324,NRSA 2324 Mercury in Fish Tissue Plugs,Fish,fish_hg_MDL,MDL,Minimum Detection Limit,FPLG,,,,PARAMETER,fish_hg
2324,NRSA 2324 Mercury in Fish Tissue Plugs,Fish,fish_hg_METHOD,METHOD,Fish collection method for fish plug sample,FPLG,,,,PARAMETER,fish_hg
2324,NRSA 2324 Mercury in Fish Tissue Plugs,Fish,fish_hg_NAME_COM,NAME_COM,Common Name,FTIS,,,,PARAMETER,fish_hg
2324,NRSA 2324 Mercury in Fish Tissue Plugs,Fish,fish_hg_NARS_FLAG,NARS_FLAG,"Flag assigned by NARS: ND = Non-detect, L = Estimated, Q = Quality-related issue, S = Shipping time exceedence, H = Holding time exceedence, NR = No lab result for analyte",FPLG,,,,PARAMETER,fish_hg
2324,NRSA 2324 Mercury in Fish Tissue Plugs,Fish,fish_hg_PSTL_CODE,PSTL_CODE,"State two letter postal code for site sampled. 50 state postal codes plus AS, MP, GU, PR, VI for American Samoa, Commonwealth of Northern Marianas, Guam, Puerto Rico and Virgin Islands. No missing or \blank\"" values allowed.""",DESIGN,,,,PARAMETER,fish_hg
2324,NRSA 2324 Mercury in Fish Tissue Plugs,Fish,fish_hg_PUBLICATION_DATE,PUBLICATION_DATE,Date of data file publication,COLUMN,,,,PARAMETER,fish_hg
2324,NRSA 2324 Mercury in Fish Tissue Plugs,Fish,fish_hg_RESULT,RESULT,Value of associated parameter,COLUMN,,,,PARAMETER,fish_hg
2324,NRSA 2324 Mercury in Fish Tissue Plugs,Fish,fish_hg_RL,RL,Reporting Limit,FPLG,,,,PARAMETER,fish_hg
2324,NRSA 2324 Mercury in Fish Tissue Plugs,Fish,fish_hg_SAM_CODE,SAM_CODE,"Sample code (e.g., regular, lab duplicate, lab split)",COLUMN,,,,PARAMETER,fish_hg
2324,NRSA 2324 Mercury in Fish Tissue Plugs,Fish,fish_hg_SAMPLE_ID,SAMPLE_ID,Field Sample ID,FPLG,,,,PARAMETER,fish_hg
2324,NRSA 2324 Mercury in Fish Tissue Plugs,Fish,fish_hg_SAMPLE_TYPE,SAMPLE_TYPE,Sample type,COLUMN,,,,PARAMETER,fish_hg
2324,NRSA 2324 Mercury in Fish Tissue Plugs,Fish,fish_hg_SITE_ID,SITE_ID,"Site ID for the study and year sampled. Preferred form is NRSnn_MM-xxxxx where nn is current cycle year (04, 08, 13, 18, etc), MM is two letter state code, and xxxxx is between 10001 and 99999. No missing or \blank\"" values allowed.""",DESIGN,,,,PARAMETER,fish_hg
2324,NRSA 2324 Mercury in Fish Tissue Plugs,Fish,fish_hg_UID,UID,Unique site visit ID,COLUMN,,,,PARAMETER,fish_hg
2324,NRSA 2324 Mercury in Fish Tissue Plugs,Fish,fish_hg_UNIQUE_ID,UNIQUE_ID,Unique site ID based on location that does not depend on year sampled or any other factor. Form is NRS_ss_nnnnn where ss state and nnnnn is number that starts at 10001. No missing values allowed.,COLUMN,,,,PARAMETER,fish_hg
2324,NRSA 2324 Mercury in Fish Tissue Plugs,Fish,fish_hg_UNITS,UNITS,Units,COLUMN,,,,PARAMETER,fish_hg
2324,NRSA 2324 Mercury in Fish Tissue Plugs,Fish,fish_hg_VISIT_NO,VISIT_NO,Number identifying which visit this is,VERIF,|1|2,,,PARAMETER,fish_hg
2324,NRSA 2324 Fish Taxa List,Fish,fish_taxa_FAM_OR_CLS,FAM_OR_CLS,Family or class,,,,,COLUMN_NAME,fish_taxa
2324,NRSA 2324 Fish Taxa List,Fish,fish_taxa_FAMILY,FAMILY,Final taxon name within fish samples,,,,,COLUMN_NAME,fish_taxa
2324,NRSA 2324 Fish Taxa List,Fish,fish_taxa_FINAL_NAME,FINAL_NAME,Final common name assigned to fish count data,,,,,COLUMN_NAME,fish_taxa
2324,NRSA 2324 Fish Taxa List,Fish,fish_taxa_GENUS,GENUS,"Genus of taxon, if available",,,,,COLUMN_NAME,fish_taxa
2324,NRSA 2324 Fish Taxa List,Fish,fish_taxa_HABITAT_NRSA,HABITAT_NRSA,"Habitat preferences,W-water column,B-Benthic,E-Edge",,,,,COLUMN_NAME,fish_taxa
2324,NRSA 2324 Fish Taxa List,Fish,fish_taxa_ITISTSN,ITISTSN,Unique Taxonmoic Serial Number (TSN) based on ITIS,,,,,COLUMN_NAME,fish_taxa
2324,NRSA 2324 Fish Taxa List,Fish,fish_taxa_MIGR_NRSA,MIGR_NRSA,Migratory or not,,,,,COLUMN_NAME,fish_taxa
2324,NRSA 2324 Fish Taxa List,Fish,fish_taxa_PUBLICATION_DATE,PUBLICATION_DATE,Date of data file publication,,,,,COLUMN_NAME,fish_taxa
2324,NRSA 2324 Fish Taxa List,Fish,fish_taxa_REPROD_NRSA,REPROD_NRSA,"Reproductive strategy,C-clean,coarse(lithophil),D-drifter,G-guarder,O-other",,,,,COLUMN_NAME,fish_taxa
2324,NRSA 2324 Fish Taxa List,Fish,fish_taxa_SPECIES,SPECIES,"Species of taxon, if available",,,,,COLUMN_NAME,fish_taxa
2324,NRSA 2324 Fish Taxa List,Fish,fish_taxa_TAXA_ID,TAXA_ID,Taxonomic ID number,,,,,COLUMN_NAME,fish_taxa
2324,NRSA 2324 Fish Taxa List,Fish,fish_taxa_TEMP_NRSA,TEMP_NRSA,"Temperature preferences,WM-warm,CD-coldwater,CL-coolwater",,,,,COLUMN_NAME,fish_taxa
2324,NRSA 2324 Fish Taxa List,Fish,fish_taxa_TOL_VAL_EMAPW,TOL_VAL_EMAPW,Species Tolerance Values,,,,,COLUMN_NAME,fish_taxa
2324,NRSA 2324 Fish Taxa List,Fish,fish_taxa_TOLERANCE_NRSA,TOLERANCE_NRSA,"Tolerance categories Sensitive/Intolerant (S), Intermediate (I), Tolerant (T), based on WEMAP, USGS, Region 7",,,,,COLUMN_NAME,fish_taxa
2324,NRSA 2324 Fish Taxa List,Fish,fish_taxa_TROPHIC_NRSA,TROPHIC_NRSA,"Trophic guild,C-carnivore,I-invertivore,H-herbivore,O-omnivore",,,,,COLUMN_NAME,fish_taxa
2324,NRSA 2324 Fish Taxa List,Fish,fish_taxa_VEL_NRSA,VEL_NRSA,"Velocity preferences,O-other,R-rheophil,P-pool",,,,,COLUMN_NAME,fish_taxa
2324,NRSA 2324 Periphyton Biomass,Periphyton Biomass,periphyton_biomass_ANALYTE,ANALYTE,Analyte,COLUMN,,,,PARAMETER,periphyton_biomass
2324,NRSA 2324 Periphyton Biomass,Periphyton Biomass,periphyton_biomass_BATCH_ID,BATCH_ID,Laboratory Batch ID,COLUMN,,,,PARAMETER,periphyton_biomass
2324,NRSA 2324 Periphyton Biomass,Periphyton Biomass,periphyton_biomass_DATE_ANALYZED,DATE_ANALYZED,Date sample analyzed,PBIO,,,,PARAMETER,periphyton_biomass
2324,NRSA 2324 Periphyton Biomass,Periphyton Biomass,periphyton_biomass_DATE_COL,DATE_COL,Date of data collection in field,VERIF,,,,PARAMETER,periphyton_biomass
2324,NRSA 2324 Periphyton Biomass,Periphyton Biomass,periphyton_biomass_DATE_RECEIVED,DATE_RECEIVED,Date sample received,PBIO,,,,PARAMETER,periphyton_biomass
2324,NRSA 2324 Periphyton Biomass,Periphyton Biomass,periphyton_biomass_EXTRACT,EXTRACT,Amount in extract,PBIO,,,,PARAMETER,periphyton_biomass
2324,NRSA 2324 Periphyton Biomass,Periphyton Biomass,periphyton_biomass_EXTRACT_UNITS,EXTRACT_UNITS,Units for chlorophyll a extract,COLUMN,,,,PARAMETER,periphyton_biomass
2324,NRSA 2324 Periphyton Biomass,Periphyton Biomass,periphyton_biomass_HOLDING_TIME,HOLDING_TIME,Holding time,PBIO,,,,PARAMETER,periphyton_biomass
2324,NRSA 2324 Periphyton Biomass,Periphyton Biomass,periphyton_biomass_HOLDING_TIME_UNITS,HOLDING_TIME_UNITS,Units of holding time,COLUMN,,,,PARAMETER,periphyton_biomass
2324,NRSA 2324 Periphyton Biomass,Periphyton Biomass,periphyton_biomass_LAB,LAB,Laboratory processing sample,COLUMN,,,,PARAMETER,periphyton_biomass
2324,NRSA 2324 Periphyton Biomass,Periphyton Biomass,periphyton_biomass_LAB_SAMPLE_ID,LAB_SAMPLE_ID,Laboratory Sample ID,PBIO,,,,PARAMETER,periphyton_biomass
2324,NRSA 2324 Periphyton Biomass,Periphyton Biomass,periphyton_biomass_MATRIX,MATRIX,"Type of sample (e.g., water, sediment, tissue)",COLUMN,,,,PARAMETER,periphyton_biomass
2324,NRSA 2324 Periphyton Biomass,Periphyton Biomass,periphyton_biomass_NARS_COMMENT,NARS_COMMENT,Comment to explain NARS_COMMENT when necessary,COLUMN,,,,PARAMETER,periphyton_biomass
2324,NRSA 2324 Periphyton Biomass,Periphyton Biomass,periphyton_biomass_NARS_FLAG,NARS_FLAG,"Flag assigned by NARS: ND = Non-detect, L = Estimated, Q = Quality-related issue, S = Shipping time exceedence, H = Holding time exceedence, NR = No lab result for analyte",PBIO,,,,PARAMETER,periphyton_biomass
2324,NRSA 2324 Periphyton Biomass,Periphyton Biomass,periphyton_biomass_PSTL_CODE,PSTL_CODE,"State two letter postal code for site sampled. 50 state postal codes plus AS, MP, GU, PR, VI for American Samoa, Commonwealth of Northern Marianas, Guam, Puerto Rico and Virgin Islands. No missing or \blank\"" values allowed.""",DESIGN,,,,PARAMETER,periphyton_biomass
2324,NRSA 2324 Periphyton Biomass,Periphyton Biomass,periphyton_biomass_PUBLICATION_DATE,PUBLICATION_DATE,Date of data file publication,COLUMN,,,,PARAMETER,periphyton_biomass
2324,NRSA 2324 Periphyton Biomass,Periphyton Biomass,periphyton_biomass_QA_FLAG,QA_FLAG,QA flag from laboratory,PBIO,,,,PARAMETER,periphyton_biomass
2324,NRSA 2324 Periphyton Biomass,Periphyton Biomass,periphyton_biomass_RESULT,RESULT,Value of associated parameter,COLUMN,,,,PARAMETER,periphyton_biomass
2324,NRSA 2324 Periphyton Biomass,Periphyton Biomass,periphyton_biomass_RESULT_UNITS,RESULT_UNITS,Result unit,COLUMN,,,,PARAMETER,periphyton_biomass
2324,NRSA 2324 Periphyton Biomass,Periphyton Biomass,periphyton_biomass_RESULT_VOL,RESULT_VOL,"Result by volume, before correcting for area sampled",PBIO,,,,PARAMETER,periphyton_biomass
2324,NRSA 2324 Periphyton Biomass,Periphyton Biomass,periphyton_biomass_RESULT_VOL_UNITS,RESULT_VOL_UNITS,Units for result by volume (ug/L),COLUMN,,,,PARAMETER,periphyton_biomass
2324,NRSA 2324 Periphyton Biomass,Periphyton Biomass,periphyton_biomass_RL,RL,"Reporting Limit, units varying",PBIO,,,,PARAMETER,periphyton_biomass
2324,NRSA 2324 Periphyton Biomass,Periphyton Biomass,periphyton_biomass_RL_UNITS,RL_UNITS,Units for reporting limit,COLUMN,,,,PARAMETER,periphyton_biomass
2324,NRSA 2324 Periphyton Biomass,Periphyton Biomass,periphyton_biomass_SAM_CODE,SAM_CODE,"Sample code (e.g., regular, lab duplicate, lab split)",COLUMN,,,,PARAMETER,periphyton_biomass
2324,NRSA 2324 Periphyton Biomass,Periphyton Biomass,periphyton_biomass_SAMPLE_ID,SAMPLE_ID,Periphyton Biomass (PBIO) sample id,PBIO,,,,PARAMETER,periphyton_biomass
2324,NRSA 2324 Periphyton Biomass,Periphyton Biomass,periphyton_biomass_SAMPLE_TYPE,SAMPLE_TYPE,Code identifying sample type: PBIO=Periphyton biomass,COLUMN,,,,PARAMETER,periphyton_biomass
2324,NRSA 2324 Periphyton Biomass,Periphyton Biomass,periphyton_biomass_SITE_ID,SITE_ID,"Site ID for the study and year sampled. Preferred form is NRSnn_MM-xxxxx where nn is current cycle year (04, 08, 13, 18, etc), MM is two letter state code, and xxxxx is between 10001 and 99999. No missing or \blank\"" values allowed.""",DESIGN,,,,PARAMETER,periphyton_biomass
2324,NRSA 2324 Periphyton Biomass,Periphyton Biomass,periphyton_biomass_UID,UID,Unique site visit ID,COLUMN,,,,PARAMETER,periphyton_biomass
2324,NRSA 2324 Periphyton Biomass,Periphyton Biomass,periphyton_biomass_UNIQUE_ID,UNIQUE_ID,Unique site ID based on location that does not depend on year sampled or any other factor. Form is NRS_ss_nnnnn where ss state and nnnnn is number that starts at 10001. No missing values allowed.,COLUMN,,,,PARAMETER,periphyton_biomass
2324,NRSA 2324 Periphyton Biomass,Periphyton Biomass,periphyton_biomass_VISIT_NO,VISIT_NO,Number identifying which visit this is,VERIF,|1|2,,,PARAMETER,periphyton_biomass
2324,NRSA 2324 Periphyton Biomass,Periphyton Biomass,periphyton_biomass_VOLUME_FILTERED,VOLUME_FILTERED,Volume of water filtered,PBIO,,,,PARAMETER,periphyton_biomass
2324,NRSA 2324 Periphyton Biomass,Periphyton Biomass,periphyton_biomass_VOLUME_FILTERED_UNITS,VOLUME_FILTERED_UNITS,Units for volume filtered for chlorophyll a,COLUMN,,,,PARAMETER,periphyton_biomass
2324,NRSA 2324 Periphyton Chlorophyll-a,Chlorophyll-a,periphyton_chla_BATCH_ID,BATCH_ID,Laboratory Batch ID,COLUMN,,,,VARIABLE,periphyton_chla
2324,NRSA 2324 Periphyton Chlorophyll-a,Chlorophyll-a,periphyton_chla_DATE_ANALYZED,DATE_ANALYZED,Date sample analyzed,PCHL,,,,VARIABLE,periphyton_chla
2324,NRSA 2324 Periphyton Chlorophyll-a,Chlorophyll-a,periphyton_chla_DATE_COL,DATE_COL,Date of data collection in field,VERIF,,,,VARIABLE,periphyton_chla
2324,NRSA 2324 Periphyton Chlorophyll-a,Chlorophyll-a,periphyton_chla_DATE_RECEIVED,DATE_RECEIVED,Date sample received,PCHL,,,,VARIABLE,periphyton_chla
2324,NRSA 2324 Periphyton Chlorophyll-a,Chlorophyll-a,periphyton_chla_DILUTION_FACTOR,DILUTION_FACTOR,Dilution factor,PCHL,,,,VARIABLE,periphyton_chla
2324,NRSA 2324 Periphyton Chlorophyll-a,Chlorophyll-a,periphyton_chla_EXTRACT,EXTRACT,Amount in extract by volume,PCHL,,,,VARIABLE,periphyton_chla
2324,NRSA 2324 Periphyton Chlorophyll-a,Chlorophyll-a,periphyton_chla_HOLDING_TIME,HOLDING_TIME,Holding time,PCHL,,,,VARIABLE,periphyton_chla
2324,NRSA 2324 Periphyton Chlorophyll-a,Chlorophyll-a,periphyton_chla_LAB,LAB,Laboratory processing sample,COLUMN,,,,VARIABLE,periphyton_chla
2324,NRSA 2324 Periphyton Chlorophyll-a,Chlorophyll-a,periphyton_chla_LAB_SAMPLE_ID,LAB_SAMPLE_ID,Laboratory Sample ID,PCHL,,,,VARIABLE,periphyton_chla
2324,NRSA 2324 Periphyton Chlorophyll-a,Chlorophyll-a,periphyton_chla_MATRIX,MATRIX,"Type of sample (e.g., water, sediment, tissue)",COLUMN,,,,VARIABLE,periphyton_chla
2324,NRSA 2324 Periphyton Chlorophyll-a,Chlorophyll-a,periphyton_chla_MDL,MDL,Minimum Detection Limit,PCHL,,,,VARIABLE,periphyton_chla
2324,NRSA 2324 Periphyton Chlorophyll-a,Chlorophyll-a,periphyton_chla_NARS_FLAG,NARS_FLAG,"Flag assigned by NARS: ND = Non-detect, L = Estimated, Q = Quality-related issue, S = Shipping time exceedence, H = Holding time exceedence, NR = No lab result for analyte",PCHL,,,,VARIABLE,periphyton_chla
2324,NRSA 2324 Periphyton Chlorophyll-a,Chlorophyll-a,periphyton_chla_PSTL_CODE,PSTL_CODE,"State two letter postal code for site sampled. 50 state postal codes plus AS, MP, GU, PR, VI for American Samoa, Commonwealth of Northern Marianas, Guam, Puerto Rico and Virgin Islands. No missing or \blank\"" values allowed.""",DESIGN,,,,VARIABLE,periphyton_chla
2324,NRSA 2324 Periphyton Chlorophyll-a,Chlorophyll-a,periphyton_chla_PUBLICATION_DATE,PUBLICATION_DATE,Date of data file publication,COLUMN,,,,VARIABLE,periphyton_chla
2324,NRSA 2324 Periphyton Chlorophyll-a,Chlorophyll-a,periphyton_chla_QA_FLAG,QA_FLAG,QA flag from laboratory,PCHL,,,,VARIABLE,periphyton_chla
2324,NRSA 2324 Periphyton Chlorophyll-a,Chlorophyll-a,periphyton_chla_RESULT,RESULT,Value of associated parameter,COLUMN,,,,VARIABLE,periphyton_chla
2324,NRSA 2324 Periphyton Chlorophyll-a,Chlorophyll-a,periphyton_chla_RESULT_UNITS,RESULT_UNITS,Result unit,COLUMN,,,,VARIABLE,periphyton_chla
2324,NRSA 2324 Periphyton Chlorophyll-a,Chlorophyll-a,periphyton_chla_RESULT_VOL,RESULT_VOL,"Result by volume, before correcting for area sampled",PCHL,,,,VARIABLE,periphyton_chla
2324,NRSA 2324 Periphyton Chlorophyll-a,Chlorophyll-a,periphyton_chla_RESULT_VOL_UNITS,RESULT_VOL_UNITS,Units for result by volume (ug/L),COLUMN,,,,VARIABLE,periphyton_chla
2324,NRSA 2324 Periphyton Chlorophyll-a,Chlorophyll-a,periphyton_chla_RL,RL,"Reporting Limit, units varying",PCHL,,,,VARIABLE,periphyton_chla
2324,NRSA 2324 Periphyton Chlorophyll-a,Chlorophyll-a,periphyton_chla_SAM_CODE,SAM_CODE,"Sample code (e.g., regular, lab duplicate, lab split)",COLUMN,,,,VARIABLE,periphyton_chla
2324,NRSA 2324 Periphyton Chlorophyll-a,Chlorophyll-a,periphyton_chla_SAMPLE_ID,SAMPLE_ID,Periphyton Chlorophyll (PCHL) sample id,PCHL,,,,VARIABLE,periphyton_chla
2324,NRSA 2324 Periphyton Chlorophyll-a,Chlorophyll-a,periphyton_chla_SHIP_FLAG,SHIP_FLAG,Shipping flag,PCHL,,,,VARIABLE,periphyton_chla
2324,NRSA 2324 Periphyton Chlorophyll-a,Chlorophyll-a,periphyton_chla_SITE_ID,SITE_ID,"Site ID for the study and year sampled. Preferred form is NRSnn_MM-xxxxx where nn is current cycle year (04, 08, 13, 18, etc), MM is two letter state code, and xxxxx is between 10001 and 99999. No missing or \blank\"" values allowed.""",DESIGN,,,,VARIABLE,periphyton_chla
2324,NRSA 2324 Periphyton Chlorophyll-a,Chlorophyll-a,periphyton_chla_UID,UID,Unique site visit ID,COLUMN,,,,VARIABLE,periphyton_chla
2324,NRSA 2324 Periphyton Chlorophyll-a,Chlorophyll-a,periphyton_chla_UNIQUE_ID,UNIQUE_ID,Unique site ID based on location that does not depend on year sampled or any other factor. Form is NRS_ss_nnnnn where ss state and nnnnn is number that starts at 10001. No missing values allowed.,COLUMN,,,,VARIABLE,periphyton_chla
2324,NRSA 2324 Periphyton Chlorophyll-a,Chlorophyll-a,periphyton_chla_VISIT_NO,VISIT_NO,Number identifying which visit this is,VERIF,|1|2,,,VARIABLE,periphyton_chla
2324,NRSA 2324 Periphyton Chlorophyll-a,Chlorophyll-a,periphyton_chla_VOLUME_ADJUST,VOLUME_ADJUST,Volume adjustment for analysis,PCHL,,,,VARIABLE,periphyton_chla
2324,NRSA 2324 Periphyton Chlorophyll-a,Chlorophyll-a,periphyton_chla_VOLUME_FILTERED,VOLUME_FILTERED,Volume filtered,PCHL,,,,VARIABLE,periphyton_chla
2324,NRSA 2324 Physical Habitat Metrics,Physical Habitat,phab_BANGMODE,BANGMODE,Mode of bank slope category (Zar 1984),PHab boatable: bank morphology,,,,COLUMN_NAME,phab
2324,NRSA 2324 Physical Habitat Metrics,Physical Habitat,phab_BFWD_RAT,BFWD_RAT,Bankfull Width/Depth Ratio,PHab boatable: channel morphology,,,,COLUMN_NAME,phab
2324,NRSA 2324 Physical Habitat Metrics,Physical Habitat,phab_BFWD_RAT,BFWD_RAT,Bankfull Width/Depth Ratio,PHab wadeable: channel morphology,,,,COLUMN_NAME,phab
2324,NRSA 2324 Physical Habitat Metrics,Physical Habitat,phab_C1TM100,C1TM100,LWD in/above wet chan(#/100m-all sizes),PHab boatable: large woody debris,,,,COLUMN_NAME,phab
2324,NRSA 2324 Physical Habitat Metrics,Physical Habitat,phab_C1TM100,C1TM100,LWD in/above Bkfl chan(#/100m-all sizes),PHab wadeable: large woody debris,,,,COLUMN_NAME,phab
2324,NRSA 2324 Physical Habitat Metrics,Physical Habitat,phab_C1WM100,C1WM100,Woody Debris pieces/100m,PHab boatable: large woody debris,,,,COLUMN_NAME,phab
2324,NRSA 2324 Physical Habitat Metrics,Physical Habitat,phab_C1WM100,C1WM100,Woody Debris pieces/100m,PHab wadeable: large woody debris,,,,COLUMN_NAME,phab
2324,NRSA 2324 Physical Habitat Metrics,Physical Habitat,phab_C2TM100,C2TM100,LWD in/above wetted chan(#/100m-SMLX),PHab boatable: large woody debris,,,,COLUMN_NAME,phab
2324,NRSA 2324 Physical Habitat Metrics,Physical Habitat,phab_C2TM100,C2TM100,LWD in/above Bkfl chan (#/100m-SMLX),PHab wadeable: large woody debris,,,,COLUMN_NAME,phab
2324,NRSA 2324 Physical Habitat Metrics,Physical Habitat,phab_C2WM100,C2WM100,LWD in wetted chnl (#/100m-SMLX),PHab boatable: large woody debris,,,,COLUMN_NAME,phab
2324,NRSA 2324 Physical Habitat Metrics,Physical Habitat,phab_C2WM100,C2WM100,LWD in Bkf chnl (#/100m-SMLX),PHab wadeable: large woody debris,,,,COLUMN_NAME,phab
2324,NRSA 2324 Physical Habitat Metrics,Physical Habitat,phab_C4TM100,C4TM100,LWD in/above wetted chan (#/100m-LX),PHab boatable: large woody debris,,,,COLUMN_NAME,phab
2324,NRSA 2324 Physical Habitat Metrics,Physical Habitat,phab_C4TM100,C4TM100,LWD in/above Bkfl chan (#/100m-LX),PHab wadeable: large woody debris,,,,COLUMN_NAME,phab
2324,NRSA 2324 Physical Habitat Metrics,Physical Habitat,phab_C4WM100,C4WM100,LWD in wetted chnl (#/100m-LX),PHab boatable: large woody debris,,,,COLUMN_NAME,phab
2324,NRSA 2324 Physical Habitat Metrics,Physical Habitat,phab_C4WM100,C4WM100,LWD in Bkf chnl (#/100m-LX),PHab wadeable: large woody debris,,,,COLUMN_NAME,phab
2324,NRSA 2324 Physical Habitat Metrics,Physical Habitat,phab_CONFEATURES,CONFEATURES,Constraining features,PHab boatable: channel characteristics,,,,COLUMN_NAME,phab
2324,NRSA 2324 Physical Habitat Metrics,Physical Habitat,phab_CONFEATURES,CONFEATURES,Constraining features,PHab wadeable: channel characteristics,,,,COLUMN_NAME,phab
2324,NRSA 2324 Physical Habitat Metrics,Physical Habitat,phab_CONPATTERN,CONPATTERN,Channel pattern,PHab boatable: channel characteristics,,,,COLUMN_NAME,phab
2324,NRSA 2324 Physical Habitat Metrics,Physical Habitat,phab_CONPATTERN,CONPATTERN,Channel pattern,PHab wadeable: channel characteristics,,,,COLUMN_NAME,phab
2324,NRSA 2324 Physical Habitat Metrics,Physical Habitat,phab_CONPERCENT,CONPERCENT,Percent of channel length in contact with constraining features,PHab boatable: channel characteristics,,,,COLUMN_NAME,phab
2324,NRSA 2324 Physical Habitat Metrics,Physical Habitat,phab_CONPERCENT,CONPERCENT,Percent of channel length in contact with constraining features,PHab wadeable: channel characteristics,,,,COLUMN_NAME,phab
2324,NRSA 2324 Physical Habitat Metrics,Physical Habitat,phab_CONSTRAINT,CONSTRAINT,Channel constraint type,PHab boatable: channel characteristics,,,,COLUMN_NAME,phab
2324,NRSA 2324 Physical Habitat Metrics,Physical Habitat,phab_CONSTRAINT,CONSTRAINT,Channel constraint type,PHab wadeable: channel characteristics,,,,COLUMN_NAME,phab
2324,NRSA 2324 Physical Habitat Metrics,Physical Habitat,phab_DATE_COL,DATE_COL,Date of data collection in field,VERIF,,,,COLUMN_NAME,phab
2324,NRSA 2324 Physical Habitat Metrics,Physical Habitat,phab_LDCBF_G08,LDCBF_G08,Log10(Streambed Critical Diameter-at Bankfull -- mm)(PRK 2008),PHab boatable: substrate characterization,,,,COLUMN_NAME,phab
2324,NRSA 2324 Physical Habitat Metrics,Physical Habitat,phab_LDCBF_G08,LDCBF_G08,Log10(Streambed Critical Diameter-at Bankfull -- mm)(PRK 2008),PHab wadeable: substrate characterization,,,,COLUMN_NAME,phab
2324,NRSA 2324 Physical Habitat Metrics,Physical Habitat,phab_LDMB_BW5,LDMB_BW5,Log10(Streambed Critical Diameter-at Bankfull - mm) (PRK 1999),PHab boatable: bed stability,,,,COLUMN_NAME,phab
2324,NRSA 2324 Physical Habitat Metrics,Physical Habitat,phab_LDMB_BW5,LDMB_BW5,Log10(Streambed Critical Diameter-at Bankfull - mm) (PRK 1999),PHab wadeable: bed stability,,,,COLUMN_NAME,phab
2324,NRSA 2324 Physical Habitat Metrics,Physical Habitat,phab_LRBS_BW5,LRBS_BW5,Log10(Relative Bed Stability (Dgm/Dcb) (PRK 1999),PHab boatable: bed stability,,,,COLUMN_NAME,phab
2324,NRSA 2324 Physical Habitat Metrics,Physical Habitat,phab_LRBS_BW5,LRBS_BW5,Log10(Relative Bed Stability (Dgm/Dcb) (PRK 1999),PHab wadeable: bed stability,,,,COLUMN_NAME,phab
2324,NRSA 2324 Physical Habitat Metrics,Physical Habitat,phab_LRBS_G08,LRBS_G08,Log10(Relative Bed Stability (Dgm/Dcb) (PRK 2008),PHab boatable: bed stability,,,,COLUMN_NAME,phab
2324,NRSA 2324 Physical Habitat Metrics,Physical Habitat,phab_LRBS_G08,LRBS_G08,Log10(Relative Bed Stability (Dgm/Dcb) (PRK 2008),PHab wadeable: bed stability,,,,COLUMN_NAME,phab
2324,NRSA 2324 Physical Habitat Metrics,Physical Habitat,phab_LRBS_TST,LRBS_TST,Log10[Relative Bed Stability] - Fast est,PHab boatable: bed stability,,,,COLUMN_NAME,phab
2324,NRSA 2324 Physical Habitat Metrics,Physical Habitat,phab_LRBS_TST,LRBS_TST,Log10[Relative Bed Stability] - Fast est,PHab wadeable: bed stability,,,,COLUMN_NAME,phab
2324,NRSA 2324 Physical Habitat Metrics,Physical Habitat,phab_LRBS_USE,LRBS_USE,"Log relative bed stability to use in assessing BEDSED_COND, filled in from other variables as needed",PHAB,,,,COLUMN_NAME,phab
2324,NRSA 2324 Physical Habitat Metrics,Physical Habitat,phab_LSUB_DMM,LSUB_DMM,Log10(Dgm--Geometric Mean Bed Surface Particle Diameter--mm)),PHab boatable: substrate characterization,,,,COLUMN_NAME,phab
2324,NRSA 2324 Physical Habitat Metrics,Physical Habitat,phab_LSUB_DMM,LSUB_DMM,Log10(Dgm--Geometric Mean Bed Surface Particle Diameter--mm)),PHab wadeable: substrate characterization,,,,COLUMN_NAME,phab
2324,NRSA 2324 Physical Habitat Metrics,Physical Habitat,phab_LSUB_DMM_NOR,LSUB_DMM_NOR,"Log10(Dgm--Geom.Mean Bed Surf.Part Diam,exclud Bdrk+hardpan--mm)",PHab boatable: substrate characterization,,,,COLUMN_NAME,phab
2324,NRSA 2324 Physical Habitat Metrics,Physical Habitat,phab_LSUB_DMM_NOR,LSUB_DMM_NOR,"Log10(Dgm--Geom.Mean Bed Surf.Part Diam,exclud Bdrk+hardpan--mm)",PHab wadeable: substrate characterization,,,,COLUMN_NAME,phab
2324,NRSA 2324 Physical Habitat Metrics,Physical Habitat,phab_LSUBD_SD,LSUBD_SD,Thalweg sub.-StDev LOG10(Diam Class mm),PHab boatable: substrate characterization,,,,COLUMN_NAME,phab
2324,NRSA 2324 Physical Habitat Metrics,Physical Habitat,phab_LSUBD_SD,LSUBD_SD,Substrate-StDev LOG10(Diam Class mm),PHab wadeable: substrate characterization,,,,COLUMN_NAME,phab
2324,NRSA 2324 Physical Habitat Metrics,Physical Habitat,phab_LTEST,LTEST,Log10[Erodible Substr Dia.(mm)]-Fast est,PHab boatable: bed stability,,,,COLUMN_NAME,phab
2324,NRSA 2324 Physical Habitat Metrics,Physical Habitat,phab_LTEST,LTEST,Log10[Erod. Substr Dia.(mm)]-Fast est,PHab wadeable: bed stability,,,,COLUMN_NAME,phab
2324,NRSA 2324 Physical Habitat Metrics,Physical Habitat,phab_MEDBK_A,MEDBK_A,Bank Angle--Median (degrees),PHab wadeable: bank morphology,,,,COLUMN_NAME,phab
2324,NRSA 2324 Physical Habitat Metrics,Physical Habitat,phab_MEDBKUN,MEDBKUN,Undercut Distance--Median (m),PHab wadeable: bank morphology,,,,COLUMN_NAME,phab
2324,NRSA 2324 Physical Habitat Metrics,Physical Habitat,phab_PCAN_C,PCAN_C,Riparian Canopy Coniferous (Fract reach),PHab boatable: riparian vegetation,,,,COLUMN_NAME,phab
2324,NRSA 2324 Physical Habitat Metrics,Physical Habitat,phab_PCAN_C,PCAN_C,Riparian Canopy Coniferous (Fract reach),PHab wadeable: riparian vegetation,,,,COLUMN_NAME,phab
2324,NRSA 2324 Physical Habitat Metrics,Physical Habitat,phab_PCAN_D,PCAN_D,Riparian Canopy Deciduous (Fract. reach),PHab boatable: riparian vegetation,,,,COLUMN_NAME,phab
2324,NRSA 2324 Physical Habitat Metrics,Physical Habitat,phab_PCAN_D,PCAN_D,Riparian Canopy Deciduous (Fract. reach),PHab wadeable: riparian vegetation,,,,COLUMN_NAME,phab
2324,NRSA 2324 Physical Habitat Metrics,Physical Habitat,phab_PCAN_E,PCAN_E,Rip Canopy Broadlf evrgrn (Fract of rch),PHab boatable: riparian vegetation,,,,COLUMN_NAME,phab
2324,NRSA 2324 Physical Habitat Metrics,Physical Habitat,phab_PCAN_E,PCAN_E,Rip Canopy Broadlf evrgrn (Fract of rch),PHab wadeable: riparian vegetation,,,,COLUMN_NAME,phab
2324,NRSA 2324 Physical Habitat Metrics,Physical Habitat,phab_PCAN_M,PCAN_M,Rip Canopy Mix Conif-Decid (Fract reach),PHab boatable: riparian vegetation,,,,COLUMN_NAME,phab
2324,NRSA 2324 Physical Habitat Metrics,Physical Habitat,phab_PCAN_M,PCAN_M,Rip Canopy Mix Conif-Decid (Fract reach),PHab wadeable: riparian vegetation,,,,COLUMN_NAME,phab
2324,NRSA 2324 Physical Habitat Metrics,Physical Habitat,phab_PCAN_N,PCAN_N,Rip Canopy Absent (Fraction of reach),PHab boatable: riparian vegetation,,,,COLUMN_NAME,phab
2324,NRSA 2324 Physical Habitat Metrics,Physical Habitat,phab_PCAN_N,PCAN_N,Rip Canopy Absent (Fraction of reach),PHab wadeable: riparian vegetation,,,,COLUMN_NAME,phab
2324,NRSA 2324 Physical Habitat Metrics,Physical Habitat,phab_PCT_BDRK,PCT_BDRK,Bed Surface % Bedrock,PHab boatable: substrate characterization,,,,COLUMN_NAME,phab
2324,NRSA 2324 Physical Habitat Metrics,Physical Habitat,phab_PCT_BDRK,PCT_BDRK,Bed Surface % Bedrock,PHab wadeable: substrate characterization,,,,COLUMN_NAME,phab
2324,NRSA 2324 Physical Habitat Metrics,Physical Habitat,phab_PCT_BH,PCT_BH,Bed Surface % Bedrock + Hardpan,PHab boatable: substrate characterization,,,,COLUMN_NAME,phab
2324,NRSA 2324 Physical Habitat Metrics,Physical Habitat,phab_PCT_BIGR,PCT_BIGR,Bed Surface % Larger than Gravel (64mm),PHab boatable: substrate characterization,,,,COLUMN_NAME,phab
2324,NRSA 2324 Physical Habitat Metrics,Physical Habitat,phab_PCT_BIGR,PCT_BIGR,Bed Surface % Larger than Gravel (64mm),PHab wadeable: substrate characterization,,,,COLUMN_NAME,phab
2324,NRSA 2324 Physical Habitat Metrics,Physical Habitat,phab_PCT_BL,PCT_BL,Thalweg sub. Boulders -- 250-4000 mm (%),PHab boatable: substrate characterization,,,,COLUMN_NAME,phab
2324,NRSA 2324 Physical Habitat Metrics,Physical Habitat,phab_PCT_BL,PCT_BL,Substrate Boulders -- 250-4000 mm (%),PHab wadeable: substrate characterization,,,,COLUMN_NAME,phab
2324,NRSA 2324 Physical Habitat Metrics,Physical Habitat,phab_PCT_CB,PCT_CB,Thalweg sub. Cobbles -- 64-250 mm (%),PHab boatable: substrate characterization,,,,COLUMN_NAME,phab
2324,NRSA 2324 Physical Habitat Metrics,Physical Habitat,phab_PCT_CB,PCT_CB,Substrate Cobbles -- 64-250 mm (%),PHab wadeable: substrate characterization,,,,COLUMN_NAME,phab
2324,NRSA 2324 Physical Habitat Metrics,Physical Habitat,phab_PCT_DR,PCT_DR,Percent of Reach that is Dry,PHab boatable: channel habitat,,,,COLUMN_NAME,phab
2324,NRSA 2324 Physical Habitat Metrics,Physical Habitat,phab_PCT_DR,PCT_DR,Percent of Reach that is Dry,PHab wadeable: channel habitat,,,,COLUMN_NAME,phab
2324,NRSA 2324 Physical Habitat Metrics,Physical Habitat,phab_PCT_FA,PCT_FA,Falls (% of reach),PHab boatable: channel habitat,,,,COLUMN_NAME,phab
2324,NRSA 2324 Physical Habitat Metrics,Physical Habitat,phab_PCT_FA,PCT_FA,Falls (% of reach),PHab wadeable: channel habitat,,,,COLUMN_NAME,phab
2324,NRSA 2324 Physical Habitat Metrics,Physical Habitat,phab_PCT_FAST,PCT_FAST,Percent Fast Water Habitat,PHab boatable: channel habitat,,,,COLUMN_NAME,phab
2324,NRSA 2324 Physical Habitat Metrics,Physical Habitat,phab_PCT_FAST,PCT_FAST,Percent Fast Water Habitat,PHab wadeable: channel habitat,,,,COLUMN_NAME,phab
2324,NRSA 2324 Physical Habitat Metrics,Physical Habitat,phab_PCT_FN,PCT_FN,Bed Surface % Fines <0.06mm,PHab boatable: substrate characterization,,,,COLUMN_NAME,phab
2324,NRSA 2324 Physical Habitat Metrics,Physical Habitat,phab_PCT_FN,PCT_FN,Bed Surface % Fines <0.06mm,PHab wadeable: substrate characterization,,,,COLUMN_NAME,phab
2324,NRSA 2324 Physical Habitat Metrics,Physical Habitat,phab_PCT_GC,PCT_GC,Substrate Coarse Gravel -- 16-64 mm (%),PHab boatable: substrate characterization,,,,COLUMN_NAME,phab
2324,NRSA 2324 Physical Habitat Metrics,Physical Habitat,phab_PCT_GC,PCT_GC,Substrate Coarse Gravel -- 16-64 mm (%),PHab wadeable: substrate characterization,,,,COLUMN_NAME,phab
2324,NRSA 2324 Physical Habitat Metrics,Physical Habitat,phab_PCT_GF,PCT_GF,Substrate Fine Gravel -- 2-16 mm (%),PHab boatable: substrate characterization,,,,COLUMN_NAME,phab
2324,NRSA 2324 Physical Habitat Metrics,Physical Habitat,phab_PCT_GF,PCT_GF,Substrate Fine Gravel -- 2-16 mm (%),PHab wadeable: substrate characterization,,,,COLUMN_NAME,phab
2324,NRSA 2324 Physical Habitat Metrics,Physical Habitat,phab_PCT_GL,PCT_GL,Glide (% of reach),PHab boatable: channel habitat,,,,COLUMN_NAME,phab
2324,NRSA 2324 Physical Habitat Metrics,Physical Habitat,phab_PCT_GL,PCT_GL,Glide (% of reach),PHab wadeable: channel habitat,,,,COLUMN_NAME,phab
2324,NRSA 2324 Physical Habitat Metrics,Physical Habitat,phab_PCT_GR,PCT_GR,Thalweg substrate Gravel -- 16-64 mm (%),PHab boatable: substrate characterization,,,,COLUMN_NAME,phab
2324,NRSA 2324 Physical Habitat Metrics,Physical Habitat,phab_PCT_HP,PCT_HP,Bed Surface % Hardpan,PHab boatable: substrate characterization,,,,COLUMN_NAME,phab
2324,NRSA 2324 Physical Habitat Metrics,Physical Habitat,phab_PCT_HP,PCT_HP,Bed Surface % Hardpan,Phab wadeable: substrate characterization,,,,COLUMN_NAME,phab
2324,NRSA 2324 Physical Habitat Metrics,Physical Habitat,phab_PCT_OM,PCT_OM,Substrate Organic detritus -- (%),PHab boatable: substrate characterization,,,,COLUMN_NAME,phab
2324,NRSA 2324 Physical Habitat Metrics,Physical Habitat,phab_PCT_OM,PCT_OM,Substrate Organic detritus -- (%),PHab wadeable: substrate characterization,,,,COLUMN_NAME,phab
2324,NRSA 2324 Physical Habitat Metrics,Physical Habitat,phab_PCT_ORG,PCT_ORG,Substrate Wood or Detritus -- (%),PHab boatable: substrate characterization,,,,COLUMN_NAME,phab
2324,NRSA 2324 Physical Habitat Metrics,Physical Habitat,phab_PCT_ORG,PCT_ORG,Substrate Wood or Detritus -- (%),PHab wadeable: substrate characterization,,,,COLUMN_NAME,phab
2324,NRSA 2324 Physical Habitat Metrics,Physical Habitat,phab_PCT_OT,PCT_OT,Thalweg substrate Miscellaneous -- (%),PHab boatable: substrate characterization,,,,COLUMN_NAME,phab
2324,NRSA 2324 Physical Habitat Metrics,Physical Habitat,phab_PCT_OT,PCT_OT,Substrate Miscellaneous -- (%),PHab wadeable: substrate characterization,,,,COLUMN_NAME,phab
2324,NRSA 2324 Physical Habitat Metrics,Physical Habitat,phab_PCT_OVRB,PCT_OVRB,Ability to see over bank (% reach),PHab boatable: channel characteristics,,,,COLUMN_NAME,phab
2324,NRSA 2324 Physical Habitat Metrics,Physical Habitat,phab_PCT_POOL,PCT_POOL,Pools -- All Types (% of reach),PHab boatable: channel habitat,,,,COLUMN_NAME,phab
2324,NRSA 2324 Physical Habitat Metrics,Physical Habitat,phab_PCT_POOL,PCT_POOL,Pools -- All Types (% of reach),PHab wadeable: channel habitat,,,,COLUMN_NAME,phab
2324,NRSA 2324 Physical Habitat Metrics,Physical Habitat,phab_PCT_RC,PCT_RC,Substrate Concrete (%),PHab boatable: substrate characterization,,,,COLUMN_NAME,phab
2324,NRSA 2324 Physical Habitat Metrics,Physical Habitat,phab_PCT_RC,PCT_RC,Substrate Concrete (%),PHab wadeable: substrate characterization,,,,COLUMN_NAME,phab
2324,NRSA 2324 Physical Habitat Metrics,Physical Habitat,phab_PCT_RR,PCT_RR,Substrate Rough Bedrock (%),PHab boatable: substrate characterization,,,,COLUMN_NAME,phab
2324,NRSA 2324 Physical Habitat Metrics,Physical Habitat,phab_PCT_RR,PCT_RR,Substrate Rough Bedrock (%),PHab wadeable: substrate characterization,,,,COLUMN_NAME,phab
2324,NRSA 2324 Physical Habitat Metrics,Physical Habitat,phab_PCT_RS,PCT_RS,Substrate Smooth Bedrock (%),PHab boatable: substrate characterization,,,,COLUMN_NAME,phab
2324,NRSA 2324 Physical Habitat Metrics,Physical Habitat,phab_PCT_RS,PCT_RS,Substrate Smooth Bedrock (%),PHab wadeable: substrate characterization,,,,COLUMN_NAME,phab
2324,NRSA 2324 Physical Habitat Metrics,Physical Habitat,phab_PCT_SA,PCT_SA,Thalweg substrate Sand -- .06-2 mm (%),PHab boatable: substrate characterization,,,,COLUMN_NAME,phab
2324,NRSA 2324 Physical Habitat Metrics,Physical Habitat,phab_PCT_SA,PCT_SA,Substrate Sand -- .06-2 mm (%),PHab wadeable: substrate characterization,,,,COLUMN_NAME,phab
2324,NRSA 2324 Physical Habitat Metrics,Physical Habitat,phab_PCT_SAFN,PCT_SAFN,Bed Surface Percent Sand or smaller (<2.0mm),PHab boatable: substrate characterization,,,,COLUMN_NAME,phab
2324,NRSA 2324 Physical Habitat Metrics,Physical Habitat,phab_PCT_SAFN,PCT_SAFN,Bed Surface Percent Sand or smaller (<2.0mm),PHab wadeable: substrate characterization,,,,COLUMN_NAME,phab
2324,NRSA 2324 Physical Habitat Metrics,Physical Habitat,phab_PCT_SB,PCT_SB,Substrate Boulders -- 250-1000 mm (%),PHab boatable: substrate characterization,,,,COLUMN_NAME,phab
2324,NRSA 2324 Physical Habitat Metrics,Physical Habitat,phab_PCT_SB,PCT_SB,Substrate Boulders -- 250-1000 mm (%),PHab wadeable: substrate characterization,,,,COLUMN_NAME,phab
2324,NRSA 2324 Physical Habitat Metrics,Physical Habitat,phab_PCT_SFGF,PCT_SFGF,Bed Surface Fine Gravel or smaller (<16mm),PHab boatable: substrate characterization,,,,COLUMN_NAME,phab
2324,NRSA 2324 Physical Habitat Metrics,Physical Habitat,phab_PCT_SFGF,PCT_SFGF,Bed Surface Fine Gravel or smaller (<16mm),PHab wadeable: substrate characterization,,,,COLUMN_NAME,phab
2324,NRSA 2324 Physical Habitat Metrics,Physical Habitat,phab_PCT_SIDE,PCT_SIDE,Percent of reach with side Channels/Bkwtrs,PHab boatable: general,,,,COLUMN_NAME,phab
2324,NRSA 2324 Physical Habitat Metrics,Physical Habitat,phab_PCT_SIDE,PCT_SIDE,Percent of reach with side Channels/Bkwtrs,PHab wadeable: general,,,,COLUMN_NAME,phab
2324,NRSA 2324 Physical Habitat Metrics,Physical Habitat,phab_PCT_SLOW,PCT_SLOW,Percent of reach with Pool or Glide Habitat.,PHab boatable: channel habitat,,,,COLUMN_NAME,phab
2324,NRSA 2324 Physical Habitat Metrics,Physical Habitat,phab_PCT_SLOW,PCT_SLOW,Percent of reach with Pool or Glide Habitat.,PHab wadeable: channel habitat,,,,COLUMN_NAME,phab
2324,NRSA 2324 Physical Habitat Metrics,Physical Habitat,phab_PCT_WD,PCT_WD,Substrate Woody -- (%),PHab boatable: substrate characterization,,,,COLUMN_NAME,phab
2324,NRSA 2324 Physical Habitat Metrics,Physical Habitat,phab_PCT_WD,PCT_WD,Substrate Woody -- (%),PHab wadeable: substrate characterization,,,,COLUMN_NAME,phab
2324,NRSA 2324 Physical Habitat Metrics,Physical Habitat,phab_PCT_XB,PCT_XB,Substrate Boulders -- 1000-4000 mm (%),PHab boatable: substrate characterization,,,,COLUMN_NAME,phab
2324,NRSA 2324 Physical Habitat Metrics,Physical Habitat,phab_PCT_XB,PCT_XB,Substrate Boulders -- 1000-4000 mm (%),PHab wadeable: substrate characterization,,,,COLUMN_NAME,phab
2324,NRSA 2324 Physical Habitat Metrics,Physical Habitat,phab_PCTCLINOMETER,PCTCLINOMETER,Percent of slope values based on hand held clinometer,PHab boatable: slope and bearing,,,,COLUMN_NAME,phab
2324,NRSA 2324 Physical Habitat Metrics,Physical Habitat,phab_PCTCLINOMETER,PCTCLINOMETER,Percent of slope values based on hand held clinometer,PHab wadeable: slope and bearing,,,,COLUMN_NAME,phab
2324,NRSA 2324 Physical Habitat Metrics,Physical Habitat,phab_PROTOCOL,PROTOCOL,Field protocol used for site (BOATABLE/WADEABLE),,,,,COLUMN_NAME,phab
2324,NRSA 2324 Physical Habitat Metrics,Physical Habitat,phab_PSTL_CODE,PSTL_CODE,"State two letter postal code for site sampled. 50 state postal codes plus AS, MP, GU, PR, VI for American Samoa, Commonwealth of Northern Marianas, Guam, Puerto Rico and Virgin Islands. No missing or \blank\"" values allowed.""",DESIGN,,,,COLUMN_NAME,phab
2324,NRSA 2324 Physical Habitat Metrics,Physical Habitat,phab_PUBLICATION_DATE,PUBLICATION_DATE,Date of data file publication,,,,,COLUMN_NAME,phab
2324,NRSA 2324 Physical Habitat Metrics,Physical Habitat,phab_REACHLEN,REACHLEN,Sample Reach Length (m),PHab boatable: general,,,,COLUMN_NAME,phab
2324,NRSA 2324 Physical Habitat Metrics,Physical Habitat,phab_REACHLEN,REACHLEN,Sample Reach Length (m),PHab wadeable: general,,,,COLUMN_NAME,phab
2324,NRSA 2324 Physical Habitat Metrics,Physical Habitat,phab_RP100,RP100,Mean Residual Depth at thalweg (cm),PHab boatable: residual pools,,,,COLUMN_NAME,phab
2324,NRSA 2324 Physical Habitat Metrics,Physical Habitat,phab_RP100,RP100,Mean Residual Depth at thalweg (cm),PHab wadeable: residual pools,,,,COLUMN_NAME,phab
2324,NRSA 2324 Physical Habitat Metrics,Physical Habitat,phab_RPGT50,RPGT50,Resid Pools >50cm deep (number/reach),PHab boatable: residual pools,,,,COLUMN_NAME,phab
2324,NRSA 2324 Physical Habitat Metrics,Physical Habitat,phab_RPGT50,RPGT50,Resid Pools >50cm deep (number/reach),PHab wadeable: residual pools,,,,COLUMN_NAME,phab
2324,NRSA 2324 Physical Habitat Metrics,Physical Habitat,phab_RPGT75,RPGT75,Resid Pools >75cm deep (number/reach),PHab boatable: residual pools,,,,COLUMN_NAME,phab
2324,NRSA 2324 Physical Habitat Metrics,Physical Habitat,phab_RPGT75,RPGT75,Resid Pools >75cm deep (number/reach),PHab wadeable: residual pools,,,,COLUMN_NAME,phab
2324,NRSA 2324 Physical Habitat Metrics,Physical Habitat,phab_RPMXDEP,RPMXDEP,Maximum residual depth in reach (m),PHab boatable: residual pools,,,,COLUMN_NAME,phab
2324,NRSA 2324 Physical Habitat Metrics,Physical Habitat,phab_RPMXDEP,RPMXDEP,Maximum residual depth in reach (cm),PHab wadeable: residual pools,,,,COLUMN_NAME,phab
2324,NRSA 2324 Physical Habitat Metrics,Physical Habitat,phab_RPXDEP,RPXDEP,Mean RP depth in reach (m/pool),PHab boatable: residual pools,,,,COLUMN_NAME,phab
2324,NRSA 2324 Physical Habitat Metrics,Physical Habitat,phab_RPXDEP,RPXDEP,Mean RP depth in reach (cm/pool),PHab wadeable: residual pools,,,,COLUMN_NAME,phab
2324,NRSA 2324 Physical Habitat Metrics,Physical Habitat,phab_SDDEPTH,SDDEPTH,Std Dev. of Thalweg Depth (m),PHab boatable: channel morphology,,,,COLUMN_NAME,phab
2324,NRSA 2324 Physical Habitat Metrics,Physical Habitat,phab_SDDEPTH,SDDEPTH,Std Dev. of Thalweg Depth (cm),PHab wadeable: channel morphology,,,,COLUMN_NAME,phab
2324,NRSA 2324 Physical Habitat Metrics,Physical Habitat,phab_SDDEPTH_CM,SDDEPTH_CM,Std Dev. of Thalweg Depth (cm),PHab boatable: channel morphology,,,,COLUMN_NAME,phab
2324,NRSA 2324 Physical Habitat Metrics,Physical Habitat,phab_SDDEPTH_CM,SDDEPTH_CM,Std Dev. of Thalweg Depth (cm),PHab wadeable: channel morphology,,,,COLUMN_NAME,phab
2324,NRSA 2324 Physical Habitat Metrics,Physical Habitat,phab_SDINC_H,SDINC_H,Channel Incision Ht.-Std. Dev. (m),PHab boatable: channel morphology,,,,COLUMN_NAME,phab
2324,NRSA 2324 Physical Habitat Metrics,Physical Habitat,phab_SDINC_H,SDINC_H,Channel Incision Ht.-Std. Dev. (m),PHab wadeable: channel morphology,,,,COLUMN_NAME,phab
2324,NRSA 2324 Physical Habitat Metrics,Physical Habitat,phab_SDWD_RAT,SDWD_RAT,Std Dev of Width/Depth Ratio (m/m),PHab boatable: channel morphology,,,,COLUMN_NAME,phab
2324,NRSA 2324 Physical Habitat Metrics,Physical Habitat,phab_SDWD_RAT,SDWD_RAT,Std Dev of Width/Depth Ratio (m/m),PHab wadeable: channel morphology,,,,COLUMN_NAME,phab
2324,NRSA 2324 Physical Habitat Metrics,Physical Habitat,phab_SDWIDTH,SDWIDTH,Std Dev. of Wetted Width (m),PHab boatable: channel morphology,,,,COLUMN_NAME,phab
2324,NRSA 2324 Physical Habitat Metrics,Physical Habitat,phab_SDWIDTH,SDWIDTH,Std Dev. of Wetted Width (m),PHab wadeable: channel morphology,,,,COLUMN_NAME,phab
2324,NRSA 2324 Physical Habitat Metrics,Physical Habitat,phab_SDWXD,SDWXD,Std Dev. of Wetted Width x Thalweg Depth (m2),PHab boatable: channel morphology,,,,COLUMN_NAME,phab
2324,NRSA 2324 Physical Habitat Metrics,Physical Habitat,phab_SDWXD,SDWXD,Std Dev. of Wetted Width x Thalweg Depth (m2),PHab wadeable: channel morphology,,,,COLUMN_NAME,phab
2324,NRSA 2324 Physical Habitat Metrics,Physical Habitat,phab_SINU,SINU,Sinuosity of sample reach.,PHab boatable: slope & bearing,,,,COLUMN_NAME,phab
2324,NRSA 2324 Physical Habitat Metrics,Physical Habitat,phab_SINU,SINU,Sinuosity of sample reach.,PHab wadeable: slope & bearing,,,,COLUMN_NAME,phab
2324,NRSA 2324 Physical Habitat Metrics,Physical Habitat,phab_SITE_ID,SITE_ID,"Site ID for the study and year sampled. Preferred form is NRSnn_MM-xxxxx where nn is current cycle year (04, 08, 13, 18, etc), MM is two letter state code, and xxxxx is between 10001 and 99999. No missing or \blank\"" values allowed.""",DESIGN,,,,COLUMN_NAME,phab
2324,NRSA 2324 Physical Habitat Metrics,Physical Habitat,phab_SITE_ID,SITE_ID,Site ID,VERIF,,,,COLUMN_NAME,phab
2324,NRSA 2324 Physical Habitat Metrics,Physical Habitat,phab_UID,UID,Unique site visit ID,,,,,COLUMN_NAME,phab
2324,NRSA 2324 Physical Habitat Metrics,Physical Habitat,phab_UNIQUE_ID,UNIQUE_ID,Unique site ID based on location that does not depend on year sampled or any other factor. Form is NRS_ss_nnnnn where ss state and nnnnn is number that starts at 10001. No missing values allowed.,,,,,COLUMN_NAME,phab
2324,NRSA 2324 Physical Habitat Metrics,Physical Habitat,phab_V1W_MSQ,V1W_MSQ,Bankful Channel woody debris (m3/m2),PHab boatable: large woody debris,,,,COLUMN_NAME,phab
2324,NRSA 2324 Physical Habitat Metrics,Physical Habitat,phab_V1W_MSQ,V1W_MSQ,Bankful Channel woody debris (m3/m2),PHab wadeable: large woody debris,,,,COLUMN_NAME,phab
2324,NRSA 2324 Physical Habitat Metrics,Physical Habitat,phab_V1WM100,V1WM100,Bankful channel woody debris (m3/100m),PHab boatable: large woody debris,,,,COLUMN_NAME,phab
2324,NRSA 2324 Physical Habitat Metrics,Physical Habitat,phab_V1WM100,V1WM100,Bankful channel woody debris (m3/100m),PHab wadeable: large woody debris,,,,COLUMN_NAME,phab
2324,NRSA 2324 Physical Habitat Metrics,Physical Habitat,phab_V2W_MSQ,V2W_MSQ,LWD vol in Bkf chnl& dry (m3/m2-SMLX),PHab boatable: large woody debris,,,,COLUMN_NAME,phab
2324,NRSA 2324 Physical Habitat Metrics,Physical Habitat,phab_V2W_MSQ,V2W_MSQ,LWD Vol in Bkf chnl (m3/m2-SMLX),PHab wadeable: large woody debris,,,,COLUMN_NAME,phab
2324,NRSA 2324 Physical Habitat Metrics,Physical Habitat,phab_V2WM100,V2WM100,LWD vol in Bkf chnl& dry (m3/100m-SMLX),PHab boatable: large woody debris,,,,COLUMN_NAME,phab
2324,NRSA 2324 Physical Habitat Metrics,Physical Habitat,phab_V2WM100,V2WM100,LWD Vol in Bkf chnl (m3/100m-SMLX),PHab wadeable: large woody debris,,,,COLUMN_NAME,phab
2324,NRSA 2324 Physical Habitat Metrics,Physical Habitat,phab_V4W_MSQ,V4W_MSQ,LWD vol in Bkf chnl & dry (m3/m2-LX),PHab boatable: large woody debris,,,,COLUMN_NAME,phab
2324,NRSA 2324 Physical Habitat Metrics,Physical Habitat,phab_V4W_MSQ,V4W_MSQ,LWD Vol in Bkf chnl (m3/m2-LX),PHab wadeable: large woody debris,,,,COLUMN_NAME,phab
2324,NRSA 2324 Physical Habitat Metrics,Physical Habitat,phab_V4WM100,V4WM100,LWD vol in Bkf chnl & dry (m3/100m-LX),PHab boatable: large woody debris,,,,COLUMN_NAME,phab
2324,NRSA 2324 Physical Habitat Metrics,Physical Habitat,phab_V4WM100,V4WM100,LWD Vol in Bkf chnl (m3/100m-LX),PHab wadeable: large woody debris,,,,COLUMN_NAME,phab
2324,NRSA 2324 Physical Habitat Metrics,Physical Habitat,phab_VISIT_NO,VISIT_NO,Number identifying which visit this is,VERIF,|1|2,,,COLUMN_NAME,phab
2324,NRSA 2324 Physical Habitat Metrics,Physical Habitat,phab_W1_HAG,W1_HAG,Human Agricultural Influence Index(distance-wtd tally of types and presence,PHab boatable: human disturbance,,,,COLUMN_NAME,phab
2324,NRSA 2324 Physical Habitat Metrics,Physical Habitat,phab_W1_HAG,W1_HAG,Human Agricultural Influence Index(distance-wtd tally of types and presence,PHab wadeable: human disturbance,,,,COLUMN_NAME,phab
2324,NRSA 2324 Physical Habitat Metrics,Physical Habitat,phab_W1_HALL,W1_HALL,Human Disturbance Index(distance-wtd tally of types and presence used for condition,PHAB,,,,COLUMN_NAME,phab
2324,NRSA 2324 Physical Habitat Metrics,Physical Habitat,phab_W1_HALL,W1_HALL,Human Disturbance Index(distance-wtd tally of types and presence,PHab boatable: human disturbance,,,,COLUMN_NAME,phab
2324,NRSA 2324 Physical Habitat Metrics,Physical Habitat,phab_W1_HALL,W1_HALL,Human Disturbance Index(distance-wtd tally of types and presence,PHab wadeable: human disturbance,,,,COLUMN_NAME,phab
2324,NRSA 2324 Physical Habitat Metrics,Physical Habitat,phab_W1_HNOAG,W1_HNOAG,Human Non-Agricultural Disturbance Index (distance weighted tally of types and presence),PHab boatable: human disturbance,,,,COLUMN_NAME,phab
2324,NRSA 2324 Physical Habitat Metrics,Physical Habitat,phab_W1_HNOAG,W1_HNOAG,Human Non-Agricultural Disturbance Index (distance weighted tally of types and presence),PHab wadeable: human disturbance,,,,COLUMN_NAME,phab
2324,NRSA 2324 Physical Habitat Metrics,Physical Habitat,phab_W1H_BLDG,W1H_BLDG,Rip Dist--Buildings (ProxWt Pres),PHab boatable: human disturbance,,,,COLUMN_NAME,phab
2324,NRSA 2324 Physical Habitat Metrics,Physical Habitat,phab_W1H_BLDG,W1H_BLDG,Rip Dist--Buildings (ProxWt Pres),PHab wadeable: human disturbance,,,,COLUMN_NAME,phab
2324,NRSA 2324 Physical Habitat Metrics,Physical Habitat,phab_W1H_CROP,W1H_CROP,Near Channel Human Dist : Row Crops (distance-wtd tally of presence,PHab boatable: human disturbance,,,,COLUMN_NAME,phab
2324,NRSA 2324 Physical Habitat Metrics,Physical Habitat,phab_W1H_CROP,W1H_CROP,Near Channel Human Dist : Row Crops (distance-wtd tally of presence,PHab wadeable: human disturbance,,,,COLUMN_NAME,phab
2324,NRSA 2324 Physical Habitat Metrics,Physical Habitat,phab_W1H_LDFL,W1H_LDFL,Rip Dist--Trash/Landfill (ProxWt Pres),PHab boatable: human disturbance,,,,COLUMN_NAME,phab
2324,NRSA 2324 Physical Habitat Metrics,Physical Habitat,phab_W1H_LDFL,W1H_LDFL,Rip Dist--Trash/Landfill (ProxWt Pres),PHab wadeable: human disturbance,,,,COLUMN_NAME,phab
2324,NRSA 2324 Physical Habitat Metrics,Physical Habitat,phab_W1H_LOG,W1H_LOG,Rip Dist--Logging Activity (ProxWt Pres),PHab boatable: human disturbance,,,,COLUMN_NAME,phab
2324,NRSA 2324 Physical Habitat Metrics,Physical Habitat,phab_W1H_LOG,W1H_LOG,Rip Dist--Logging Activity (ProxWt Pres),PHab wadeable: human disturbance,,,,COLUMN_NAME,phab
2324,NRSA 2324 Physical Habitat Metrics,Physical Habitat,phab_W1H_MINE,W1H_MINE,Rip Dist--Mining Activity (ProxWt Pres),PHab boatable: human disturbance,,,,COLUMN_NAME,phab
2324,NRSA 2324 Physical Habitat Metrics,Physical Habitat,phab_W1H_MINE,W1H_MINE,Rip Dist--Mining Activity (ProxWt Pres),PHab wadeable: human disturbance,,,,COLUMN_NAME,phab
2324,NRSA 2324 Physical Habitat Metrics,Physical Habitat,phab_W1H_PARK,W1H_PARK,Rip Dist--Lawn/Park (ProxWt Pres),PHab boatable: human disturbance,,,,COLUMN_NAME,phab
2324,NRSA 2324 Physical Habitat Metrics,Physical Habitat,phab_W1H_PARK,W1H_PARK,Rip Dist--Lawn/Park (ProxWt Pres),PHab wadeable: human disturbance,,,,COLUMN_NAME,phab
2324,NRSA 2324 Physical Habitat Metrics,Physical Habitat,phab_W1H_PIPE,W1H_PIPE,Rip Dist--Pipes infl/effl (ProxWt Pres),PHab boatable: human disturbance,,,,COLUMN_NAME,phab
2324,NRSA 2324 Physical Habitat Metrics,Physical Habitat,phab_W1H_PIPE,W1H_PIPE,Rip Dist--Pipes infl/effl (ProxWt Pres),PHab wadeable: human disturbance,,,,COLUMN_NAME,phab
2324,NRSA 2324 Physical Habitat Metrics,Physical Habitat,phab_W1H_PSTR,W1H_PSTR,Rip Dist--Pasture/Hayfield (ProxWt Pres),PHab boatable: human disturbance,,,,COLUMN_NAME,phab
2324,NRSA 2324 Physical Habitat Metrics,Physical Habitat,phab_W1H_PSTR,W1H_PSTR,Rip Dist--Pasture/Hayfield (ProxWt Pres),PHab wadeable: human disturbance,,,,COLUMN_NAME,phab
2324,NRSA 2324 Physical Habitat Metrics,Physical Habitat,phab_W1H_PVMT,W1H_PVMT,Rip Dist--Pavement (ProxWt Pres),PHab boatable: human disturbance,,,,COLUMN_NAME,phab
2324,NRSA 2324 Physical Habitat Metrics,Physical Habitat,phab_W1H_PVMT,W1H_PVMT,Rip Dist--Pavement (ProxWt Pres),PHab wadeable: human disturbance,,,,COLUMN_NAME,phab
2324,NRSA 2324 Physical Habitat Metrics,Physical Habitat,phab_W1H_ROAD,W1H_ROAD,Rip Dist--Road/Railroad (ProxWt Pres),PHab boatable: human disturbance,,,,COLUMN_NAME,phab
2324,NRSA 2324 Physical Habitat Metrics,Physical Habitat,phab_W1H_ROAD,W1H_ROAD,Rip Dist--Road/Railroad (ProxWt Pres),PHab wadeable: human disturbance,,,,COLUMN_NAME,phab
2324,NRSA 2324 Physical Habitat Metrics,Physical Habitat,phab_W1H_WALL,W1H_WALL,Near Channel Human Dist : Walls/dikes/revetments(distance-wtd tally of presence,PHab boatable: human disturbance,,,,COLUMN_NAME,phab
2324,NRSA 2324 Physical Habitat Metrics,Physical Habitat,phab_W1H_WALL,W1H_WALL,Near Channel Human Dist : Walls/dikes/revetments(distance-wtd tally of presence,PHab wadeable: human disturbance,,,,COLUMN_NAME,phab
2324,NRSA 2324 Physical Habitat Metrics,Physical Habitat,phab_XBEARING,XBEARING,Mean Flow Direction of reach (degrees),PHab boatable: slope & bearing,,,,COLUMN_NAME,phab
2324,NRSA 2324 Physical Habitat Metrics,Physical Habitat,phab_XBEARING,XBEARING,Mean Flow Direction of reach (degrees),PHab wadeable: slope & bearing,,,,COLUMN_NAME,phab
2324,NRSA 2324 Physical Habitat Metrics,Physical Habitat,phab_XBKA,XBKA,Bank Angle--mean (degrees),PHab wadeable: bank morphology,,,,COLUMN_NAME,phab
2324,NRSA 2324 Physical Habitat Metrics,Physical Habitat,phab_XBKF_H,XBKF_H,Mean Bankfull Height above wetted channel (m),PHab boatable: channel morphology,,,,COLUMN_NAME,phab
2324,NRSA 2324 Physical Habitat Metrics,Physical Habitat,phab_XBKF_H,XBKF_H,Mean Bankfull Height above wetted channel (m),PHab wadeable: channel morphology,,,,COLUMN_NAME,phab
2324,NRSA 2324 Physical Habitat Metrics,Physical Habitat,phab_XBKF_W,XBKF_W,Mean Bankfull Width (m),PHab boatable: channel morphology,,,,COLUMN_NAME,phab
2324,NRSA 2324 Physical Habitat Metrics,Physical Habitat,phab_XBKF_W,XBKF_W,Mean Bankfull Width (m),PHab wadeable: channel morphology,,,,COLUMN_NAME,phab
2324,NRSA 2324 Physical Habitat Metrics,Physical Habitat,phab_XC,XC,Canopy Mean Areal Cover proportion,PHab boatable: riparian vegetation,,,,COLUMN_NAME,phab
2324,NRSA 2324 Physical Habitat Metrics,Physical Habitat,phab_XC,XC,Canopy Mean Areal Cover proportion,PHab wadeable: riparian vegetation,,,,COLUMN_NAME,phab
2324,NRSA 2324 Physical Habitat Metrics,Physical Habitat,phab_XCDENBK,XCDENBK,Canopy Density at bank (mean percent),PHab boatable: canopy densiometer,,,,COLUMN_NAME,phab
2324,NRSA 2324 Physical Habitat Metrics,Physical Habitat,phab_XCDENBK,XCDENBK,Canopy Density at bank (mean percent),PHab wadeable: canopy densiometer,,,,COLUMN_NAME,phab
2324,NRSA 2324 Physical Habitat Metrics,Physical Habitat,phab_XCDENMID,XCDENMID,Canopy Density at mid-channel (mean percent),PHab boatable: canopy densiometer,,,,COLUMN_NAME,phab
2324,NRSA 2324 Physical Habitat Metrics,Physical Habitat,phab_XCDENMID,XCDENMID,Canopy Density at mid-channel (mean percent),PHab wadeable: canopy densiometer,,,,COLUMN_NAME,phab
2324,NRSA 2324 Physical Habitat Metrics,Physical Habitat,phab_XCEMBED,XCEMBED,Mean Embeddedness--Channel only (%),PHab boatable: substrate embeddedness,,,,COLUMN_NAME,phab
2324,NRSA 2324 Physical Habitat Metrics,Physical Habitat,phab_XCEMBED,XCEMBED,Mean Embeddedness--Channel only (%),PHab wadeable: substrate embeddedness,,,,COLUMN_NAME,phab
2324,NRSA 2324 Physical Habitat Metrics,Physical Habitat,phab_XCL,XCL,Large diameter (Dbh>0.3m) Tree Canopy Areal Cover proportion,PHab boatable: riparian vegetation,,,,COLUMN_NAME,phab
2324,NRSA 2324 Physical Habitat Metrics,Physical Habitat,phab_XCL,XCL,Large diameter (Dbh>0.3m) Tree Canopy Areal Cover proportion,PHab wadeable: riparian vegetation,,,,COLUMN_NAME,phab
2324,NRSA 2324 Physical Habitat Metrics,Physical Habitat,phab_XCM,XCM,Rip Veg Canopy+Mid Layer Cover,PHab boatable: riparian vegetation,,,,COLUMN_NAME,phab
2324,NRSA 2324 Physical Habitat Metrics,Physical Habitat,phab_XCM,XCM,Rip Veg Canopy+Mid Layer Cover,PHab wadeable: riparian vegetation,,,,COLUMN_NAME,phab
2324,NRSA 2324 Physical Habitat Metrics,Physical Habitat,phab_XCMG,XCMG,Sum of Canopy+Mid+Ground layer areal cover proportion,PHab boatable: riparian vegetation,,,,COLUMN_NAME,phab
2324,NRSA 2324 Physical Habitat Metrics,Physical Habitat,phab_XCMG,XCMG,Sum of Canopy+Mid+Ground layer areal cover proportion,PHab wadeable: riparian vegetation,,,,COLUMN_NAME,phab
2324,NRSA 2324 Physical Habitat Metrics,Physical Habitat,phab_XCMGW,XCMGW,Sum of Woody Canopy+Mid+Ground layer areal cover proportion,PHab boatable: riparian vegetation,,,,COLUMN_NAME,phab
2324,NRSA 2324 Physical Habitat Metrics,Physical Habitat,phab_XCMGW,XCMGW,Sum of Woody Canopy+Mid+Ground layer areal cover proportion,PHab wadeable: riparian vegetation,,,,COLUMN_NAME,phab
2324,NRSA 2324 Physical Habitat Metrics,Physical Habitat,phab_XCMW,XCMW,Rip Veg Canopy+Mid Layer Woody Cover,PHab boatable: riparian vegetation,,,,COLUMN_NAME,phab
2324,NRSA 2324 Physical Habitat Metrics,Physical Habitat,phab_XCMW,XCMW,Rip Veg Canopy+Mid Layer Woody Cover,PHab wadeable: riparian vegetation,,,,COLUMN_NAME,phab
2324,NRSA 2324 Physical Habitat Metrics,Physical Habitat,phab_XCS,XCS,Riparian Canopy <= 0.3m DBH (Cover),PHab boatable: riparian vegetation,,,,COLUMN_NAME,phab
2324,NRSA 2324 Physical Habitat Metrics,Physical Habitat,phab_XCS,XCS,Riparian Canopy <= 0.3m DBH (Cover),PHab wadeable: riparian vegetation,,,,COLUMN_NAME,phab
2324,NRSA 2324 Physical Habitat Metrics,Physical Habitat,phab_XDEPTH,XDEPTH,Mean thalweg depth (m),PHab boatable: channel morphology,,,,COLUMN_NAME,phab
2324,NRSA 2324 Physical Habitat Metrics,Physical Habitat,phab_XDEPTH,XDEPTH,Mean thalweg depth (cm),PHab wadeable: channel morphology,,,,COLUMN_NAME,phab
2324,NRSA 2324 Physical Habitat Metrics,Physical Habitat,phab_XDEPTH_CM,XDEPTH_CM,Mean thalweg depth (cm),PHab boatable: channel morphology,,,,COLUMN_NAME,phab
2324,NRSA 2324 Physical Habitat Metrics,Physical Habitat,phab_XDEPTH_CM,XDEPTH_CM,Mean thalweg depth (cm),PHab wadeable: channel morphology,,,,COLUMN_NAME,phab
2324,NRSA 2324 Physical Habitat Metrics,Physical Habitat,phab_XEMBED,XEMBED,Mean streambed embeddedness (%),PHab boatable: substrate embeddedness,,,,COLUMN_NAME,phab
2324,NRSA 2324 Physical Habitat Metrics,Physical Habitat,phab_XEMBED,XEMBED,Mean streambed embeddedness (%),PHab wadeable: substrate embeddedness,,,,COLUMN_NAME,phab
2324,NRSA 2324 Physical Habitat Metrics,Physical Habitat,phab_XFC_ALG,XFC_ALG,Filamentous algae Mean areal cover,PHab boatable: fish cover,,,,COLUMN_NAME,phab
2324,NRSA 2324 Physical Habitat Metrics,Physical Habitat,phab_XFC_ALG,XFC_ALG,Filamentous algae Mean areal cover,PHab wadeable: fish cover,,,,COLUMN_NAME,phab
2324,NRSA 2324 Physical Habitat Metrics,Physical Habitat,phab_XFC_ALL,XFC_ALL,Lit. cover-sum(all) (Areal Prop),PHab boatable: fish cover,,,,COLUMN_NAME,phab
2324,NRSA 2324 Physical Habitat Metrics,Physical Habitat,phab_XFC_ALL,XFC_ALL,Fish Cvr-All Types (Sum Areal Prop),PHab wadeable: fish cover,,,,COLUMN_NAME,phab
2324,NRSA 2324 Physical Habitat Metrics,Physical Habitat,phab_XFC_AQM,XFC_AQM,Aquatic macrophyte mean areal cover,PHab boatable: fish cover,,,,COLUMN_NAME,phab
2324,NRSA 2324 Physical Habitat Metrics,Physical Habitat,phab_XFC_AQM,XFC_AQM,Aquatic macrophyte mean areal cover,PHab wadeable: fish cover,,,,COLUMN_NAME,phab
2324,NRSA 2324 Physical Habitat Metrics,Physical Habitat,phab_XFC_BIG,XFC_BIG,Lit. cvr-sum(LWDRCKUCBHUM Area Prop),PHab boatable: fish cover,,,,COLUMN_NAME,phab
2324,NRSA 2324 Physical Habitat Metrics,Physical Habitat,phab_XFC_BIG,XFC_BIG,Fish Cvr-LWDRCKUCBorHUM(Sum Area Prop),PHab wadeable: fish cover,,,,COLUMN_NAME,phab
2324,NRSA 2324 Physical Habitat Metrics,Physical Habitat,phab_XFC_BRS,XFC_BRS,Lit. cvr-brush&small debris (Areal Prop),PHab boatable: fish cover,,,,COLUMN_NAME,phab
2324,NRSA 2324 Physical Habitat Metrics,Physical Habitat,phab_XFC_BRS,XFC_BRS,Fish Cvr-Brush&Small Debris (Areal Prop),PHab wadeable: fish cover,,,,COLUMN_NAME,phab
2324,NRSA 2324 Physical Habitat Metrics,Physical Habitat,phab_XFC_HUM,XFC_HUM,Lit. cover-artif. structs. (Areal Prop),PHab boatable: fish cover,,,,COLUMN_NAME,phab
2324,NRSA 2324 Physical Habitat Metrics,Physical Habitat,phab_XFC_HUM,XFC_HUM,Fish Cvr-Artif. Structs. (Areal Prop),PHab wadeable: fish cover,,,,COLUMN_NAME,phab
2324,NRSA 2324 Physical Habitat Metrics,Physical Habitat,phab_XFC_LVT,XFC_LVT,Fish Cvr-Artif. Structs. (Areal Prop),PHab boatable: fish cover,,,,COLUMN_NAME,phab
2324,NRSA 2324 Physical Habitat Metrics,Physical Habitat,phab_XFC_LVT,XFC_LVT,Fish Cvr-Artif. Structs. (Areal Prop),PHab wadeable: fish cover,,,,COLUMN_NAME,phab
2324,NRSA 2324 Physical Habitat Metrics,Physical Habitat,phab_XFC_LWD,XFC_LWD,Large woody debris areal cover,PHab boatable: fish cover,,,,COLUMN_NAME,phab
2324,NRSA 2324 Physical Habitat Metrics,Physical Habitat,phab_XFC_LWD,XFC_LWD,Large woody debris areal cover,PHab wadeable: fish cover,,,,COLUMN_NAME,phab
2324,NRSA 2324 Physical Habitat Metrics,Physical Habitat,phab_XFC_NAT,XFC_NAT,Sum of non-anthropogenic fish areal cover types,PHab boatable: fish cover,,,,COLUMN_NAME,phab
2324,NRSA 2324 Physical Habitat Metrics,Physical Habitat,phab_XFC_NAT,XFC_NAT,Sum of non-anthropogenic fish areal cover types,PHab wadeable: fish cover,,,,COLUMN_NAME,phab
2324,NRSA 2324 Physical Habitat Metrics,Physical Habitat,phab_XFC_OHV,XFC_OHV,Lit. cover-overhang veg (Areal Prop),PHab boatable: fish cover,,,,COLUMN_NAME,phab
2324,NRSA 2324 Physical Habitat Metrics,Physical Habitat,phab_XFC_OHV,XFC_OHV,Fish Cvr-Overhang Veg (Areal Prop),PHab wadeable: fish cover,,,,COLUMN_NAME,phab
2324,NRSA 2324 Physical Habitat Metrics,Physical Habitat,phab_XFC_RCK,XFC_RCK,Littoral fish cvr-boulders (Areal Prop),PHab boatable: fish cover,,,,COLUMN_NAME,phab
2324,NRSA 2324 Physical Habitat Metrics,Physical Habitat,phab_XFC_RCK,XFC_RCK,Fish Cvr-Boulders (Areal Prop),PHab wadeable: fish cover,,,,COLUMN_NAME,phab
2324,NRSA 2324 Physical Habitat Metrics,Physical Habitat,phab_XFC_UCB,XFC_UCB,Lit. cover-undercut banks (Areal Prop),PHab boatable: fish cover,,,,COLUMN_NAME,phab
2324,NRSA 2324 Physical Habitat Metrics,Physical Habitat,phab_XFC_UCB,XFC_UCB,Fish Cvr-Undercut Banks (Areal Prop),PHab wadeable: fish cover,,,,COLUMN_NAME,phab
2324,NRSA 2324 Physical Habitat Metrics,Physical Habitat,phab_XG,XG,Riparian Veg Ground Layer Cover,PHab boatable: riparian vegetation,,,,COLUMN_NAME,phab
2324,NRSA 2324 Physical Habitat Metrics,Physical Habitat,phab_XG,XG,Riparian Veg Ground Layer Cover,PHab wadeable: riparian vegetation,,,,COLUMN_NAME,phab
2324,NRSA 2324 Physical Habitat Metrics,Physical Habitat,phab_XGB,XGB,Barren ground layer areal cover,PHab boatable: riparian vegetation,,,,COLUMN_NAME,phab
2324,NRSA 2324 Physical Habitat Metrics,Physical Habitat,phab_XGB,XGB,Barren ground layer areal cover,PHab wadeable: riparian vegetation,,,,COLUMN_NAME,phab
2324,NRSA 2324 Physical Habitat Metrics,Physical Habitat,phab_XGH,XGH,Non-woody ground layer areal cover,PHab boatable: riparian vegetation,,,,COLUMN_NAME,phab
2324,NRSA 2324 Physical Habitat Metrics,Physical Habitat,phab_XGH,XGH,Non-woody ground layer areal cover,PHab wadeable: riparian vegetation,,,,COLUMN_NAME,phab
2324,NRSA 2324 Physical Habitat Metrics,Physical Habitat,phab_XGW,XGW,Woody ground layer areal cover,PHab boatable: riparian vegetation,,,,COLUMN_NAME,phab
2324,NRSA 2324 Physical Habitat Metrics,Physical Habitat,phab_XGW,XGW,Woody ground layer areal cover,PHab wadeable: riparian vegetation,,,,COLUMN_NAME,phab
2324,NRSA 2324 Physical Habitat Metrics,Physical Habitat,phab_XINC_H,XINC_H,Terrace Height above water level (m),PHab boatable: channel morphology,,,,COLUMN_NAME,phab
2324,NRSA 2324 Physical Habitat Metrics,Physical Habitat,phab_XINC_H,XINC_H,Terrace Height above water level (m),PHab wadeable: channel morphology,,,,COLUMN_NAME,phab
2324,NRSA 2324 Physical Habitat Metrics,Physical Habitat,phab_XM,XM,Riparian Veg Mid Layer Cover,PHab boatable: riparian vegetation,,,,COLUMN_NAME,phab
2324,NRSA 2324 Physical Habitat Metrics,Physical Habitat,phab_XM,XM,Riparian Veg Mid Layer Cover,PHab wadeable: riparian vegetation,,,,COLUMN_NAME,phab
2324,NRSA 2324 Physical Habitat Metrics,Physical Habitat,phab_XMH,XMH,Rip Mid Layer Herbaceous (Cover),PHab boatable: riparian vegetation,,,,COLUMN_NAME,phab
2324,NRSA 2324 Physical Habitat Metrics,Physical Habitat,phab_XMH,XMH,Rip Mid Layer Herbaceous (Cover),PHab wadeable: riparian vegetation,,,,COLUMN_NAME,phab
2324,NRSA 2324 Physical Habitat Metrics,Physical Habitat,phab_XMW,XMW,Rip Mid Layer Woody (Cover),PHab boatable: riparian vegetation,,,,COLUMN_NAME,phab
2324,NRSA 2324 Physical Habitat Metrics,Physical Habitat,phab_XMW,XMW,Rip Mid Layer Woody (Cover),PHab wadeable: riparian vegetation,,,,COLUMN_NAME,phab
2324,NRSA 2324 Physical Habitat Metrics,Physical Habitat,phab_XPCAN,XPCAN,Rip Canopy Present (Fraction of reach),PHab boatable: riparian vegetation,,,,COLUMN_NAME,phab
2324,NRSA 2324 Physical Habitat Metrics,Physical Habitat,phab_XPCAN,XPCAN,Rip Canopy Present (Fraction of reach),PHab wadeable: riparian vegetation,,,,COLUMN_NAME,phab
2324,NRSA 2324 Physical Habitat Metrics,Physical Habitat,phab_XPCM,XPCM,Rip Can & MidLayer Present (Frac. reach),PHab boatable: riparian vegetation,,,,COLUMN_NAME,phab
2324,NRSA 2324 Physical Habitat Metrics,Physical Habitat,phab_XPCM,XPCM,Rip Can & MidLayer Present (Frac. reach),PHab wadeable: riparian vegetation,,,,COLUMN_NAME,phab
2324,NRSA 2324 Physical Habitat Metrics,Physical Habitat,phab_XPCMG,XPCMG,Riparian 3-Layers Present (Fract. reach),PHab boatable: riparian vegetation,,,,COLUMN_NAME,phab
2324,NRSA 2324 Physical Habitat Metrics,Physical Habitat,phab_XPCMG,XPCMG,Riparian 3-Layers Present (Fract. reach),PHab wadeable: riparian vegetation,,,,COLUMN_NAME,phab
2324,NRSA 2324 Physical Habitat Metrics,Physical Habitat,phab_XPMGW,XPMGW,Rip. mid & gnd wood Present (Frac. reach),PHab boatable: riparian vegetation,,,,COLUMN_NAME,phab
2324,NRSA 2324 Physical Habitat Metrics,Physical Habitat,phab_XPMGW,XPMGW,Rip. mid & gnd wood Present (Frac. reach),PHab wadeable: riparian vegetation,,,,COLUMN_NAME,phab
2324,NRSA 2324 Physical Habitat Metrics,Physical Habitat,phab_XPMID,XPMID,Rip MidLayer Present (Fraction of reach),PHab boatable: riparian vegetation,,,,COLUMN_NAME,phab
2324,NRSA 2324 Physical Habitat Metrics,Physical Habitat,phab_XPMID,XPMID,Rip MidLayer Present (Fraction of reach),PHab wadeable: riparian vegetation,,,,COLUMN_NAME,phab
2324,NRSA 2324 Physical Habitat Metrics,Physical Habitat,phab_XSHOR2VG,XSHOR2VG,Distance (m) from shoreline to vegetation Boatable only,PHab boatable: channel characteristics,,,,COLUMN_NAME,phab
2324,NRSA 2324 Physical Habitat Metrics,Physical Habitat,phab_XSLOPE,XSLOPE,Mean Slope of water surface (%),PHab boatable: slope & bearing,,,,COLUMN_NAME,phab
2324,NRSA 2324 Physical Habitat Metrics,Physical Habitat,phab_XSLOPE,XSLOPE,Mean Slope of water surface (%),PHab wadeable: slope & bearing,,,,COLUMN_NAME,phab
2324,NRSA 2324 Physical Habitat Metrics,Physical Habitat,phab_XSLOPE_FIELD,XSLOPE_FIELD,Reach mean channel slope according to field-based measurements,PHab boatable: slope and bearing,,,,COLUMN_NAME,phab
2324,NRSA 2324 Physical Habitat Metrics,Physical Habitat,phab_XSLOPE_FIELD,XSLOPE_FIELD,Reach mean channel slope according to field-based measurements,PHab wadeable: slope and bearing,,,,COLUMN_NAME,phab
2324,NRSA 2324 Physical Habitat Metrics,Physical Habitat,phab_XSLOPE_MAP,XSLOPE_MAP,Reach mean channel slope according to map-based calculations,PHab boatable: slope and bearing,,,,COLUMN_NAME,phab
2324,NRSA 2324 Physical Habitat Metrics,Physical Habitat,phab_XSLOPE_MAP,XSLOPE_MAP,Reach mean channel slope according to map-based calculations,PHab wadeable: slope and bearing,,,,COLUMN_NAME,phab
2324,NRSA 2324 Physical Habitat Metrics,Physical Habitat,phab_XSLOPE_MAP,XSLOPE_MAP,Reach mean channel slope according to map-based calculations,slope & bearing,,,,COLUMN_NAME,phab
2324,NRSA 2324 Physical Habitat Metrics,Physical Habitat,phab_XUN,XUN,Undercut Distance--Mean (m),PHab wadeable: bank morphology,,,,COLUMN_NAME,phab
2324,NRSA 2324 Physical Habitat Metrics,Physical Habitat,phab_XWD_RAT,XWD_RAT,Mean Wetted Width/Thalweg Depth ratio,PHab boatable: channel morphology,,,,COLUMN_NAME,phab
2324,NRSA 2324 Physical Habitat Metrics,Physical Habitat,phab_XWD_RAT,XWD_RAT,Mean Wetted Width/Thalweg Depth ratio,PHab wadeable: channel morphology,,,,COLUMN_NAME,phab
2324,NRSA 2324 Physical Habitat Metrics,Physical Habitat,phab_XWIDTH,XWIDTH,Mean Wetted Width (m),PHab boatable: channel morphology,,,,COLUMN_NAME,phab
2324,NRSA 2324 Physical Habitat Metrics,Physical Habitat,phab_XWIDTH,XWIDTH,Mean Wetted Width (m),PHab wadeable: channel morphology,,,,COLUMN_NAME,phab
2324,NRSA 2324 Physical Habitat Metrics,Physical Habitat,phab_XWXD,XWXD,Mean Wetted Width x Thalweg depth (m2),PHab boatable: channel morphology,,,,COLUMN_NAME,phab
2324,NRSA 2324 Physical Habitat Metrics,Physical Habitat,phab_XWXD,XWXD,Mean Wetted Width x Thalweg depth (m2),PHab wadeable: channel morphology,,,,COLUMN_NAME,phab
2324,NRSA 2324 Sample Grid,All / Sample Design,samplegrid_BCUL,BCUL,Either sample ID or Not Collected for bacteria culture sample.,,,,,COLUMN_NAME,samplegrid
2324,NRSA 2324 Sample Grid,All / Sample Design,samplegrid_BDNA,BDNA,Either sample ID or Not Collected for bacteria DNA sample.,,,,,COLUMN_NAME,samplegrid
2324,NRSA 2324 Sample Grid,All / Sample Design,samplegrid_BERW,BERW,Either sample ID or Not Collected for wadeable benthos sample.,,,,,COLUMN_NAME,samplegrid
2324,NRSA 2324 Sample Grid,All / Sample Design,samplegrid_BETB,BETB,Either sample ID or Not Collected for boatable benthos sample.,,,,,COLUMN_NAME,samplegrid
2324,NRSA 2324 Sample Grid,All / Sample Design,samplegrid_CHEM,CHEM,Either sample ID or Not Collected for water chemistry sample.,,,,,COLUMN_NAME,samplegrid
2324,NRSA 2324 Sample Grid,All / Sample Design,samplegrid_DATE_COL,DATE_COL,Date of data collection in field,,,,,COLUMN_NAME,samplegrid
2324,NRSA 2324 Sample Grid,All / Sample Design,samplegrid_ENTE,ENTE,Either sample ID or Not Collected for enterococci sample.,,,,,COLUMN_NAME,samplegrid
2324,NRSA 2324 Sample Grid,All / Sample Design,samplegrid_FIELD,FIELD,Either Collected or Not Collected for field in situ measurements,,,,,COLUMN_NAME,samplegrid
2324,NRSA 2324 Sample Grid,All / Sample Design,samplegrid_FISH,FISH,Either fishing protocol or reason for not sampling for fish.,,,,,COLUMN_NAME,samplegrid
2324,NRSA 2324 Sample Grid,All / Sample Design,samplegrid_FPLG,FPLG,Either sample ID or Not Collected for fish plug sample.,,,,,COLUMN_NAME,samplegrid
2324,NRSA 2324 Sample Grid,All / Sample Design,samplegrid_MICX,MICX,Either sample ID or Not Collected for microcystin sample.,,,,,COLUMN_NAME,samplegrid
2324,NRSA 2324 Sample Grid,All / Sample Design,samplegrid_PBIO,PBIO,Either sample ID or Not Collected for periphyton biomass sample.,,,,,COLUMN_NAME,samplegrid
2324,NRSA 2324 Sample Grid,All / Sample Design,samplegrid_PCHL,PCHL,Either sample ID or Not Collected for periphyton chlorophyll a sample.,,,,,COLUMN_NAME,samplegrid
2324,NRSA 2324 Sample Grid,All / Sample Design,samplegrid_PDNA,PDNA,Either sample ID or Not Collected for periphyton metagenomic sample.,,,,,COLUMN_NAME,samplegrid
2324,NRSA 2324 Sample Grid,All / Sample Design,samplegrid_PERI,PERI,Either sample ID or Not Collected for periphyton assemblage sample.,,,,,COLUMN_NAME,samplegrid
2324,NRSA 2324 Sample Grid,All / Sample Design,samplegrid_PSTL_CODE,PSTL_CODE,"State two letter postal code for site sampled. 50 state postal codes plus AS, MP, GU, PR, VI for American Samoa, Commonwealth of Northern Marianas, Guam, Puerto Rico and Virgin Islands. No missing or \blank\"" values allowed.""",,,,,COLUMN_NAME,samplegrid
2324,NRSA 2324 Sample Grid,All / Sample Design,samplegrid_PUBLICATION_DATE,PUBLICATION_DATE,Date of data file publication,,,,,COLUMN_NAME,samplegrid
2324,NRSA 2324 Sample Grid,All / Sample Design,samplegrid_SITE_ID,SITE_ID,"Site ID for the study and year sampled. Preferred form is NRSnn_MM-xxxxx where nn is current cycle year (04, 08, 13, 18, etc), MM is two letter state code, and xxxxx is between 10001 and 99999. No missing or \blank\"" values allowed.""",,,,,COLUMN_NAME,samplegrid
2324,NRSA 2324 Sample Grid,All / Sample Design,samplegrid_UID,UID,Unique site visit ID,,,,,COLUMN_NAME,samplegrid
2324,NRSA 2324 Sample Grid,All / Sample Design,samplegrid_UNIQUE_ID,UNIQUE_ID,Unique site ID based on location that does not depend on year sampled or any other factor. Form is NRS_ss_nnnnn where ss state and nnnnn is number that starts at 10001. No missing values allowed.,,,,,COLUMN_NAME,samplegrid
2324,NRSA 2324 Sample Grid,All / Sample Design,samplegrid_VISIT_NO,VISIT_NO,Number identifying which visit this is,,|1|2,,,COLUMN_NAME,samplegrid
2324,NRSA 2324 Sample Grid,All / Sample Design,samplegrid_WCHL,WCHL,Either sample ID or Not Collected for water chlorophyll a sample.,,,,,COLUMN_NAME,samplegrid
2324,NRSA 2324 Site Information,Site Information,siteinfo_AG_ECO3,AG_ECO3,"NARS 3-level reporting region (2015), based on aggregating AGGR_ECO9_2015 reporting regions",,EHIGH|PLNLOW|WMTNS,,,COLUMN_NAME,siteinfo
2324,NRSA 2324 Site Information,Site Information,siteinfo_AG_ECO3_NM,AG_ECO3_NM,NARS 3-level reporting region Name,,Text names,,,COLUMN_NAME,siteinfo
2324,NRSA 2324 Site Information,Site Information,siteinfo_AG_ECO9,AG_ECO9,"NARS 9-level reporting region (2015), based on aggregated Omernik Level III ecoregions",,CPL|NAP|NPL|SAP|SPL|TPL|UMW|WMT|XER,,,COLUMN_NAME,siteinfo
2324,NRSA 2324 Site Information,Site Information,siteinfo_AG_ECO9_NM,AG_ECO9_NM,NARS 9-level reporting region Name,,Text names,,,COLUMN_NAME,siteinfo
2324,NRSA 2324 Site Information,Site Information,siteinfo_BORD_RIV,BORD_RIV,Reach occurs on state or country boundaries,,Text of two postal codes: MM:NN where MM is one state and NN is other state the river is on the border. Blank if not a border river,,,COLUMN_NAME,siteinfo
2324,NRSA 2324 Site Information,Site Information,siteinfo_CNTYNAME,CNTYNAME,County name (source ESRI counties based on census 2010),,Text Names,,,COLUMN_NAME,siteinfo
2324,NRSA 2324 Site Information,Site Information,siteinfo_COMID,COMID,NHD common identifier for NRSA sampling frame and subsequent designs.,,Numeric,,,COLUMN_NAME,siteinfo
2324,NRSA 2324 Site Information,Site Information,siteinfo_DATE_COL,DATE_COL,Date of data collection in field,,,,,COLUMN_NAME,siteinfo
2324,NRSA 2324 Site Information,Site Information,siteinfo_DSGN_CYCLE,DSGN_CYCLE,,,2000-04| 2008-09|2013-14|2018-19|,,,COLUMN_NAME,siteinfo
2324,NRSA 2324 Site Information,Site Information,siteinfo_ELEVATION,ELEVATION,"Elevation at Stream site (LAT_DD83, LON_DD83) from USGS elevation point query service (30 m elevation) http://ned.usgs.gov/epqs/",,Numeric; may legitimately be negative,,,COLUMN_NAME,siteinfo
2324,NRSA 2324 Site Information,Site Information,siteinfo_EPA_REG,EPA_REG,EPA Region,,Region_1 | Region_2 | Region_3 | Region_4 | Region_5 | Region_6 | Region_7 | Region_8 | Region_9 | Region_10,,,COLUMN_NAME,siteinfo
2324,NRSA 2324 Site Information,Site Information,siteinfo_EVAL_CAT,EVAL_CAT,"NRSA site evaluation result. For hand-picked sites evaluation is Target_Sampled. No missing or \blank\"" values allowed.""",,,,,COLUMN_NAME,siteinfo
2324,NRSA 2324 Site Information,Site Information,siteinfo_FCODE,FCODE,NHD feature type code,,,,,COLUMN_NAME,siteinfo
2324,NRSA 2324 Site Information,Site Information,siteinfo_FED_NONFED,FED_NONFED,"Federal or Non-Federal land, based on OWN_NARS. OWN_NARS in FWS, Other Fed, USFS, NPS, NOAA, BLM, DOD, BOR considered Federal and all others Non-Federal.",,Federal|Non-Federal,,,COLUMN_NAME,siteinfo
2324,NRSA 2324 Site Information,Site Information,siteinfo_FEOW_ID,FEOW_ID,Freshwater Ecoregions of the World (2015) code,,Numeric,,,COLUMN_NAME,siteinfo
2324,NRSA 2324 Site Information,Site Information,siteinfo_FLOW_SIZE,FLOW_SIZE,Flow size categories based on mean annual flow from NHDPlusHR for each reach. Mean annual flow estimates are based on a model described in the NHDPlusHR Users Guide,,-8 | < 1cfs | LS | RV | SS,,,COLUMN_NAME,siteinfo
2324,NRSA 2324 Site Information,Site Information,siteinfo_FRAME23_ID,FRAME23_ID,2023 Frame ID number,,,,,COLUMN_NAME,siteinfo
2324,NRSA 2324 Site Information,Site Information,siteinfo_FS_EW,FS_EW,Eastern or western US Forest Service land,,East | West | blank if not US Forest Service land,,,COLUMN_NAME,siteinfo
2324,NRSA 2324 Site Information,Site Information,siteinfo_FTYPE,FTYPE,HD feature type name,,,,,COLUMN_NAME,siteinfo
2324,NRSA 2324 Site Information,Site Information,siteinfo_GNIS_ID,GNIS_ID,Goegraphic Names Information System ID (from NHD),,Numeric,,,COLUMN_NAME,siteinfo
2324,NRSA 2324 Site Information,Site Information,siteinfo_GNIS_NAME,GNIS_NAME,USGS Geographic Names Information System name,,Text name,,,COLUMN_NAME,siteinfo
2324,NRSA 2324 Site Information,Site Information,siteinfo_HUC10,HUC10,"USGS Level 10 Hydrologic Unit Code where wetland is located. where region 10-digit code is preceded by letter H. No missing or \blank\"" values allowed.""",,,,,COLUMN_NAME,siteinfo
2324,NRSA 2324 Site Information,Site Information,siteinfo_HUC10_NM,HUC10_NM,"USGS Level 10 Hydrologic Unit Name where wetland is located. No missing or \blank\""values allowed""",,,,,COLUMN_NAME,siteinfo
2324,NRSA 2324 Site Information,Site Information,siteinfo_HUC12,HUC12,"USGS Level 12 Hydrologic Unit Code where wetland is located. Region 12-digit code is preceded by letter H. No missing or \blank\"" values allowed.""",,,,,COLUMN_NAME,siteinfo
2324,NRSA 2324 Site Information,Site Information,siteinfo_HUC12_NM,HUC12_NM,"USGS Level 12 Hydrologic Unit Code Name where wetland is located. No missing or \blank\"" values allowed.""",,,,,COLUMN_NAME,siteinfo
2324,NRSA 2324 Site Information,Site Information,siteinfo_HUC2,HUC2,USGS Level 2 Hydrologic Unit Code where stream reach is located (based on NHDPlusV2 use of HUCs),,Alphanumeric: H01 to H20 with H03N :H 03S : H03W | H10L : H10U where region coded preceded by letter H,,,COLUMN_NAME,siteinfo
2324,NRSA 2324 Site Information,Site Information,siteinfo_HUC2_NM,HUC2_NM,"USGS Level 2 Hydrologic Unit Region Name where stream reach is located (based on NHDPlusV2 use of HUCs). No missing or \blank\"" values allowed.""",,"Arkansas-Red-White Region |California Region |Great Basin Region |Great Lakes Region |Lower Colorado Region |Lower Mississippi Region |\Lower Missouri Region |Mid-Atlantic Region |New England Region |Ohio Region |Pacific Northwest Region |Rio Grande Region |Souris-Red-Rainy Region |South Atlantic-North Region |South Atlantic-South Region |South Atlantic-West Region |Tennessee Region |Texas Region |Upper Colorado Region |Upper Mississippi Region |Upper Missouri Region |""",,,COLUMN_NAME,siteinfo
2324,NRSA 2324 Site Information,Site Information,siteinfo_HUC8,HUC8,USGS Level 8 Hydrologic Unit Code where stream reach is located (based on NHDPlusV2 use of HUCs),,Alphanumeric code; 8-digit preceded by letter H,,,COLUMN_NAME,siteinfo
2324,NRSA 2324 Site Information,Site Information,siteinfo_HUC8_NM,HUC8_NM,USGS Level 8 Hydrologic Cataloging Unit Name where stream reach is located,,Text,,,COLUMN_NAME,siteinfo
2324,NRSA 2324 Site Information,Site Information,siteinfo_IND_DOMAIN,IND_DOMAIN,"Name of the indicator group within a study or Domain within a study. Text with all sites expected to be assigned to EXTENT and CORE indicator groups. Other values will occur when a particular group of indicators is only sampled on a planned probability subsample for the main STUDY. For example, FTIS is used to identify study for fish tissue indicators only collected at subset of sites that are a probability sample of a class of streams and rivers in a study. A Domain may be a state specific design where not all the sites are included in NRSA . Hand-picked sites are assigned \HAND.\"" No missing or \""blank\"" values allowed.""",,EXTENT | CORE | FTIS | HAND |,,,COLUMN_NAME,siteinfo
2324,NRSA 2324 Site Information,Site Information,siteinfo_LAT_DD83,LAT_DD83,Latitude (based on NAD83 datum) for stream site from NHD-based sample frame.,,Numeric,,,COLUMN_NAME,siteinfo
2324,NRSA 2324 Site Information,Site Information,siteinfo_LENGTH_KM,LENGTH_KM,Stream reach length in km. No missing or zero values allowed.,,,,,COLUMN_NAME,siteinfo
2324,NRSA 2324 Site Information,Site Information,siteinfo_LON_DD83,LON_DD83,Longitude (based on NAD83 datum) for stream site from NHD-based sample frame.,,Numeric,,,COLUMN_NAME,siteinfo
2324,NRSA 2324 Site Information,Site Information,siteinfo_MAJ_BAS_NM,MAJ_BAS_NM,Major USGS Hydrologic Basins derived from NHDPlus Names,,Text of 16 basin names,,,COLUMN_NAME,siteinfo
2324,NRSA 2324 Site Information,Site Information,siteinfo_MAJ_BASIN,MAJ_BASIN,Major USGS Hydrologic Basins derived from NHDPlus Codes,,16 Major Basin Codes from 01 to 18 with 05_06 and 12_13 combined preceeded by letter H,,,COLUMN_NAME,siteinfo
2324,NRSA 2324 Site Information,Site Information,siteinfo_MEAN_FLOW,MEAN_FLOW,Mean flow value for streams (cfs),,,,,COLUMN_NAME,siteinfo
2324,NRSA 2324 Site Information,Site Information,siteinfo_MIS_BAS_NM,MIS_BAS_NM,"The hydrologic basin name for streams in the Mississippi Basin derived from NHDPlus names. \Not Miss River Basin\"" for streams not in the Mississippi Basin. No missing values allowed.""",,Ohio Region|Tennessee Region|Upper Mississippi Region|Lower Mississippi Region|Lower Missouri Region| Upper Missouri Region|Arkansas-Red-White Region|Not Mississippi River Basin,,,COLUMN_NAME,siteinfo
2324,NRSA 2324 Site Information,Site Information,siteinfo_MIS_BASIN,MIS_BASIN,"The hydrologic basin code for streams in the Mississippi Basin derived from NHDPlus codes. For streams not in the Mississippi Basin value equal to \NMRB\"". No missing values allowed.""",,H05|H06|H07|H08|H10L|H10U|H11|NMRB,,,COLUMN_NAME,siteinfo
2324,NRSA 2324 Site Information,Site Information,siteinfo_NA_L1CODE,NA_L1CODE,CEC North American Level I ecoregion code,,Numeric 5 to 15 excluding 14 and 0 designating HI,,,COLUMN_NAME,siteinfo
2324,NRSA 2324 Site Information,Site Information,siteinfo_NA_L1NAME,NA_L1NAME,CEC North American Level I ecoregion name,,Text,,,COLUMN_NAME,siteinfo
2324,NRSA 2324 Site Information,Site Information,siteinfo_NA_L2CODE,NA_L2CODE,CEC North American Level II ecoregion code,,Alphanumeric: n.n where leading position is Level I code and following position is Level 2 designation,,,COLUMN_NAME,siteinfo
2324,NRSA 2324 Site Information,Site Information,siteinfo_NA_L2NAME,NA_L2NAME,CEC North American Level II ecoregion name,,Text,,,COLUMN_NAME,siteinfo
2324,NRSA 2324 Site Information,Site Information,siteinfo_NARS_NAME,NARS_NAME,Name of lake from field evaluation or GNIS NAME if the same,,Text,,,COLUMN_NAME,siteinfo
2324,NRSA 2324 Site Information,Site Information,siteinfo_NHDPLUSID,NHDPLUSID,NHDPlus unique identifier for a flowline feature used in NRSA 23-24 and NHDPLusHR.,,,,,COLUMN_NAME,siteinfo
2324,NRSA 2324 Site Information,Site Information,siteinfo_OWN_NARS,OWN_NARS,"Land ownership code derived from USGS PADUS (http://gapanalysis.usgs.gov/padus/data/) - pulled May 2016 version of database. Aggregated to categories used by NARS. Text of 13 land ownership category names. Similar to OWN_TYPE in USGS PADUS dataset except that Federal_Land is separated into major federal agencies. No missing or \blank\"" values allowed.""",,BLM | DOD | | DOE | USFS | FWS | NOAA | Non Federal | NPS | Tribal Land| USACE | USBR | NRCS| Other Fed,,,COLUMN_NAME,siteinfo
2324,NRSA 2324 Site Information,Site Information,siteinfo_PANEL_USE,PANEL_USE,"NRSA Panel Assignment. Text that has form NRSnn_mmXXXn_YYYY, where nn is current cycle year (09, 14, 19, etc), mm is cycle year stream site was first selected for sampling, XXXn denotes revisit status, and YYYY denotes base or over sample status. XXXn equals either RVT2 (if site should be visited twice in current cycle year) or RVT (if site should be visited once in current cycle and was previously visited in a prior cycle year) and is blank otherwise. YYYY is either blank (if the stream site is a base site) or equals OverSamp (if the stream site is an over sample site). Note: For state specific designs, state two letter code is added. Hand-picked sites have value \NONE\"". No missing or \""blank\"" values allowed.""",,,,,COLUMN_NAME,siteinfo
2324,NRSA 2324 Site Information,Site Information,siteinfo_PERM_ID,PERM_ID,40-char value that uniquely identifies the occurrence of each feature in The National Map. National Database primary key. Used only for NRSA and NLA,,,,,COLUMN_NAME,siteinfo
2324,NRSA 2324 Site Information,Site Information,siteinfo_PROB_CAT,PROB_CAT,"NRSA unequal probability categories used within a stratum. Hand-picked sites equal to \None\"" as they are not a site from probability design. No missing values allowed""",,,,,COLUMN_NAME,siteinfo
2324,NRSA 2324 Site Information,Site Information,siteinfo_PSTL_CODE,PSTL_CODE,State two-letter postal code,,,,,COLUMN_NAME,siteinfo
2324,NRSA 2324 Site Information,Site Information,siteinfo_PUBLICATION_DATE,PUBLICATION_DATE,Date of data file publication,,,,,COLUMN_NAME,siteinfo
2324,NRSA 2324 Site Information,Site Information,siteinfo_REACHCODE,REACHCODE,NHD Reach code assigned,,Numeric,,,COLUMN_NAME,siteinfo
2324,NRSA 2324 Site Information,Site Information,siteinfo_SITE_ID,SITE_ID,"Site ID for the study and year sampled. Preferred form is NRSnn_MM-xxxxx where nn is current cycle year (04, 08, 13, 18, etc), MM is two letter state code, and xxxxx is between 10001 and 99999. No missing or \blank\"" values allowed.""",,,,,COLUMN_NAME,siteinfo
2324,NRSA 2324 Site Information,Site Information,siteinfo_SITESAMP,SITESAMP,Was site sampled: Y/N.,,|Y|N,,,COLUMN_NAME,siteinfo
2324,NRSA 2324 Site Information,Site Information,siteinfo_SITETYPE,SITETYPE,Site type (Probability-based or hand-picked),,PROB | HAND,,,COLUMN_NAME,siteinfo
2324,NRSA 2324 Site Information,Site Information,siteinfo_STATE_NM,STATE_NM,"State to which stream reach is assigned for sampling in NRSA. No missing or \blank\"" values allowed.""",,,,,COLUMN_NAME,siteinfo
2324,NRSA 2324 Site Information,Site Information,siteinfo_STATECTY,STATECTY,FIPS state and county code,,Text - numeric with leading zero,,,COLUMN_NAME,siteinfo
2324,NRSA 2324 Site Information,Site Information,siteinfo_STRAH_CAL,STRAH_CAL,Strahler calculator from NHDPlusv2. Used to identify braided reaches.,,Numeric: 0 to 10.,,,COLUMN_NAME,siteinfo
2324,NRSA 2324 Site Information,Site Information,siteinfo_STRAH_CAT,STRAH_CAT,Strahler category used to classify reaches. RiversMajor (5th and higher) RiversOther (5th and higher) LargeStreams (3rd and 4th) SmallStreams (1st and 2nd),,RiversMajor | RiversOther | LargeStreams | SmallStreams,,,COLUMN_NAME,siteinfo
2324,NRSA 2324 Site Information,Site Information,siteinfo_STRAH_ORD,STRAH_ORD,Strahler order from NHDPlusv2,,Numeric: 0 to 10.,,,COLUMN_NAME,siteinfo
2324,NRSA 2324 Site Information,Site Information,siteinfo_STRATUM,STRATUM,"Stratum use for survey design (national assessment). Needed for population estimates. For value definitions, see survey-specific design documentation.",,,,,COLUMN_NAME,siteinfo
2324,NRSA 2324 Site Information,Site Information,siteinfo_STUDY,STUDY,Study to which site belongs,,ALASKA|HAWAII|MSQA|BLM|CALAPOOIA|NRSA|WISCONSIN,,,COLUMN_NAME,siteinfo
2324,NRSA 2324 Site Information,Site Information,siteinfo_UID,UID,Unique site visit ID,,,,,COLUMN_NAME,siteinfo
2324,NRSA 2324 Site Information,Site Information,siteinfo_UNIQUE_ID,UNIQUE_ID,Unique site ID based on location that does not depend on year sampled or any other factor. Form is NRS_ss_nnnnn where ss state and nnnnn is number that starts at 10001. No missing values allowed.,,,,,COLUMN_NAME,siteinfo
2324,NRSA 2324 Site Information,Site Information,siteinfo_URBN_NRS08,URBN_NRS08,"Stream identified as an urban stream based on urban definition used in NRSA 2008-9 design. Urban based on 2000 Census polygons of urban areas and 3km buffer to ensure census waters included. No missing or \blank\"" values allowed.""",,Urban | Non-Urban |,,,COLUMN_NAME,siteinfo
2324,NRSA 2324 Site Information,Site Information,siteinfo_URBN_NRS18,URBN_NRS18,"Stream identified as an urban stream based on urban definition used in NRSA 2018-19 design. Urban based on 2010 Census polygons of urban areas. No 3km buffer to ensure census waters included since census polygons now include census waters. No missing or \blank\"" values allowed.""",,Urban | Non-Urban |,,,COLUMN_NAME,siteinfo
2324,NRSA 2324 Site Information,Site Information,siteinfo_URBN_NRS23,URBN_NRS23,"Stream identified as an urban stream based on urban definition used in NRSA 2018-19 design. Urban based on 2010 Census polygons of urban areas. No 3km buffer to ensure census waters included since census polygons now include census waters. No missing or \blank\"" values allowed.""",,Urban|Non-Urban,,,COLUMN_NAME,siteinfo
2324,NRSA 2324 Site Information,Site Information,siteinfo_US_L3CODE,US_L3CODE,Omernik Level III ecoregion code,,Numeric 1 to 85,,,COLUMN_NAME,siteinfo
2324,NRSA 2324 Site Information,Site Information,siteinfo_US_L3NAME,US_L3NAME,Omernik Level III ecoregion name,,Text name,,,COLUMN_NAME,siteinfo
2324,NRSA 2324 Site Information,Site Information,siteinfo_US_L4CODE,US_L4CODE,Omernik Level IV ecoregion code,,Level three codes plus aphabetic ending identifying level 4 subregion,,,COLUMN_NAME,siteinfo
2324,NRSA 2324 Site Information,Site Information,siteinfo_US_L4NAME,US_L4NAME,Omernik Level IV ecoregion name,,Text name,,,COLUMN_NAME,siteinfo
2324,NRSA 2324 Site Information,Site Information,siteinfo_VALXSITE,VALXSITE,Sample method/Nonsamp. reason,,|WADEABLE|BOATABLE|PARBYWADE|PARBYBOAT|INTWADE|INTBOAT|ALTERED|DRYVISIT|DRYNOVISIT|WETLAND|MAPERROR|IMPOUNDED|TIDAL|OTHR_NSP|OTHR_NST|NOTBOAT|NOTWADE|OTHER_NOACCESS|ACCDENIED|INACCPERM|INACCTEMP,,,COLUMN_NAME,siteinfo
2324,NRSA 2324 Site Information,Site Information,siteinfo_VISIT_NO,VISIT_NO,Number identifying which visit this is,,|1|2,,,COLUMN_NAME,siteinfo
2324,NRSA 2324 Site Information,Site Information,siteinfo_WSAREASQKM,WSAREASQKM,Area in square kilometers of the watershed basin. Summarized by joining the sub-catchment area of the catchment with all of the upstream catchments of the NHDPlusV21.,,,,,COLUMN_NAME,siteinfo
2324,NRSA 2324 Site Information,Site Information,siteinfo_YEAR,YEAR,Year of sampling,,,,,COLUMN_NAME,siteinfo
2324,NRSA 2324 Water Chemistry,Water Chemistry,waterchem_AMMONIA_N_BATCH_ID,AMMONIA_N_BATCH_ID,Laboratory Batch ID for Ammonia as N,COLUMN,,,,PARAMETER,waterchem
2324,NRSA 2324 Water Chemistry,Water Chemistry,waterchem_AMMONIA_N_DATE_ANALYZED,AMMONIA_N_DATE_ANALYZED,Date sample analyzed for analyte: ammonia,COLUMN,,,,PARAMETER,waterchem
2324,NRSA 2324 Water Chemistry,Water Chemistry,waterchem_AMMONIA_N_DILUTION_FACTOR,AMMONIA_N_DILUTION_FACTOR,Factor used to correct results based on dilution of sample by lab: Ammonia as N,COLUMN,,,,PARAMETER,waterchem
2324,NRSA 2324 Water Chemistry,Water Chemistry,waterchem_AMMONIA_N_HOLDING_TIME,AMMONIA_N_HOLDING_TIME,Time from sampling to analysis (days): ammonia,COLUMN,,,,PARAMETER,waterchem
2324,NRSA 2324 Water Chemistry,Water Chemistry,waterchem_AMMONIA_N_MDL,AMMONIA_N_MDL,Method detection limit of ammonia,COLUMN,,,,PARAMETER,waterchem
2324,NRSA 2324 Water Chemistry,Water Chemistry,waterchem_AMMONIA_N_NARS_FLAG,AMMONIA_N_NARS_FLAG,"Flag assigned by NARS: ammonia. ND = Non-detect, L = Estimated, Q = Quality-related issue, S = Shipping time exceedence, H = Holding time exceedence, NR = No lab result for analyte",COLUMN,,,,PARAMETER,waterchem
2324,NRSA 2324 Water Chemistry,Water Chemistry,waterchem_AMMONIA_N_QA_FLAG,AMMONIA_N_QA_FLAG,QA flag assigned by lab: ammonia,COLUMN,,,,PARAMETER,waterchem
2324,NRSA 2324 Water Chemistry,Water Chemistry,waterchem_AMMONIA_N_RESULT,AMMONIA_N_RESULT,Analyte value: ammonia,COLUMN,,,,PARAMETER,waterchem
2324,NRSA 2324 Water Chemistry,Water Chemistry,waterchem_AMMONIA_N_RL,AMMONIA_N_RL,Reporting limit of ammonia,COLUMN,,,,PARAMETER,waterchem
2324,NRSA 2324 Water Chemistry,Water Chemistry,waterchem_AMMONIA_N_UNITS,AMMONIA_N_UNITS,Units of measurement: ammonia,COLUMN,,,,PARAMETER,waterchem
2324,NRSA 2324 Water Chemistry,Water Chemistry,waterchem_ANC_BATCH_ID,ANC_BATCH_ID,Laboratory Batch ID for Acid Neutralizing Capacity,COLUMN,,,,PARAMETER,waterchem
2324,NRSA 2324 Water Chemistry,Water Chemistry,waterchem_ANC_DATE_ANALYZED,ANC_DATE_ANALYZED,Date sample analyzed for analyte: acid neutralizing capacity,COLUMN,,,,PARAMETER,waterchem
2324,NRSA 2324 Water Chemistry,Water Chemistry,waterchem_ANC_HOLDING_TIME,ANC_HOLDING_TIME,Time from sampling to analysis (days): acid neutralizing capacity,COLUMN,,,,PARAMETER,waterchem
2324,NRSA 2324 Water Chemistry,Water Chemistry,waterchem_ANC_MDL,ANC_MDL,Method Detection Limit: Acid Neutralizing Capacity,COLUMN,,,,PARAMETER,waterchem
2324,NRSA 2324 Water Chemistry,Water Chemistry,waterchem_ANC_NARS_FLAG,ANC_NARS_FLAG,"NARS flag translated from QA flag by lab: Acid Neutralizing Capacity. ND = Non-detect, L = Estimated, Q = Quality-related issue, S = Shipping time exceedence, H = Holding time exceedence, NR = No lab result for analyte",COLUMN,,,,PARAMETER,waterchem
2324,NRSA 2324 Water Chemistry,Water Chemistry,waterchem_ANC_QA_FLAG,ANC_QA_FLAG,QA flag assigned by lab: acid neutralizing capacity,COLUMN,,,,PARAMETER,waterchem
2324,NRSA 2324 Water Chemistry,Water Chemistry,waterchem_ANC_RESULT,ANC_RESULT,Analyte value: acid neutralizing capacity,COLUMN,,,,PARAMETER,waterchem
2324,NRSA 2324 Water Chemistry,Water Chemistry,waterchem_ANC_RL,ANC_RL,Method Reporting Limit: Acid Neutralizing Capacity,COLUMN,,,,PARAMETER,waterchem
2324,NRSA 2324 Water Chemistry,Water Chemistry,waterchem_ANC_UNITS,ANC_UNITS,Units of measurement: acid neutralizing capacity,COLUMN,,,,PARAMETER,waterchem
2324,NRSA 2324 Water Chemistry,Water Chemistry,waterchem_CALCIUM_BATCH_ID,CALCIUM_BATCH_ID,Laboratory Batch ID for Calcium,COLUMN,,,,PARAMETER,waterchem
2324,NRSA 2324 Water Chemistry,Water Chemistry,waterchem_CALCIUM_DATE_ANALYZED,CALCIUM_DATE_ANALYZED,Date sample analyzed for analyte: calcium,COLUMN,,,,PARAMETER,waterchem
2324,NRSA 2324 Water Chemistry,Water Chemistry,waterchem_CALCIUM_DILUTION_FACTOR,CALCIUM_DILUTION_FACTOR,Factor used to correct results based on dilution of sample by lab: Calcium,COLUMN,,,,PARAMETER,waterchem
2324,NRSA 2324 Water Chemistry,Water Chemistry,waterchem_CALCIUM_HOLDING_TIME,CALCIUM_HOLDING_TIME,Time from sampling to analysis (days): calcium,COLUMN,,,,PARAMETER,waterchem
2324,NRSA 2324 Water Chemistry,Water Chemistry,waterchem_CALCIUM_MDL,CALCIUM_MDL,Method detection limit of calcium,COLUMN,,,,PARAMETER,waterchem
2324,NRSA 2324 Water Chemistry,Water Chemistry,waterchem_CALCIUM_NARS_FLAG,CALCIUM_NARS_FLAG,"NARS flag translated from QA flag by lab: Calcium. ND = Non-detect, L = Estimated, Q = Quality-related issue, S = Shipping time exceedence, H = Holding time exceedence, NR = No lab result for analyte",COLUMN,,,,PARAMETER,waterchem
2324,NRSA 2324 Water Chemistry,Water Chemistry,waterchem_CALCIUM_QA_FLAG,CALCIUM_QA_FLAG,QA flag assigned by lab: calcium,COLUMN,,,,PARAMETER,waterchem
2324,NRSA 2324 Water Chemistry,Water Chemistry,waterchem_CALCIUM_RESULT,CALCIUM_RESULT,Analyte value: calcium,COLUMN,,,,PARAMETER,waterchem
2324,NRSA 2324 Water Chemistry,Water Chemistry,waterchem_CALCIUM_RL,CALCIUM_RL,Method Reporting Limit: Calcium,COLUMN,,,,PARAMETER,waterchem
2324,NRSA 2324 Water Chemistry,Water Chemistry,waterchem_CALCIUM_UNITS,CALCIUM_UNITS,Units of measurement: calcium,COLUMN,,,,PARAMETER,waterchem
2324,NRSA 2324 Water Chemistry,Water Chemistry,waterchem_CHEM_DATE_RECEIVED,CHEM_DATE_RECEIVED,Water chemistry date received in laboratory,COLUMN,,,,PARAMETER,waterchem
2324,NRSA 2324 Water Chemistry,Water Chemistry,waterchem_CHEM_LAB_SAMPLE_ID,CHEM_LAB_SAMPLE_ID,Water chemistry lab sample ID,COLUMN,,,,PARAMETER,waterchem
2324,NRSA 2324 Water Chemistry,Water Chemistry,waterchem_CHEM_SAMPLE_ID,CHEM_SAMPLE_ID,Sample identification number: Water chemistry sample,COLUMN,,,,PARAMETER,waterchem
2324,NRSA 2324 Water Chemistry,Water Chemistry,waterchem_CHLA_BATCH_ID,CHLA_BATCH_ID,Lab batch id - Chlorophyll-a as ug/L in water sample,COLUMN,,,,PARAMETER,waterchem
2324,NRSA 2324 Water Chemistry,Water Chemistry,waterchem_CHLA_DATE_ANALYZED,CHLA_DATE_ANALYZED,Date sample analyzed for analyte: chlorophyll-a,COLUMN,,,,PARAMETER,waterchem
2324,NRSA 2324 Water Chemistry,Water Chemistry,waterchem_CHLA_DILUTION_FACTOR,CHLA_DILUTION_FACTOR,Factor used to correct results based on dilution of sample by lab: Chlorophyll-a,COLUMN,,,,PARAMETER,waterchem
2324,NRSA 2324 Water Chemistry,Water Chemistry,waterchem_CHLA_EXTRACT,CHLA_EXTRACT,chlorophyll-a amount in extract by volume (ug/L),COLUMN,,,,PARAMETER,waterchem
2324,NRSA 2324 Water Chemistry,Water Chemistry,waterchem_CHLA_EXTRACT_UNITS,CHLA_EXTRACT_UNITS,Chlorophyll a: Extract units,COLUMN,,,,PARAMETER,waterchem
2324,NRSA 2324 Water Chemistry,Water Chemistry,waterchem_CHLA_HOLDING_TIME,CHLA_HOLDING_TIME,Time from sampling to analysis (days): chlorophyll-a,COLUMN,,,,PARAMETER,waterchem
2324,NRSA 2324 Water Chemistry,Water Chemistry,waterchem_CHLA_MDL,CHLA_MDL,Method detection limit of chlorophyll-a,COLUMN,,,,PARAMETER,waterchem
2324,NRSA 2324 Water Chemistry,Water Chemistry,waterchem_CHLA_NARS_FLAG,CHLA_NARS_FLAG,"NARS flag translated from QA flag by lab: Chlorophyll a. ND = Non-detect, L = Estimated, Q = Quality-related issue, S = Shipping time exceedence, H = Holding time exceedence, NR = No lab result for analyte",COLUMN,,,,PARAMETER,waterchem
2324,NRSA 2324 Water Chemistry,Water Chemistry,waterchem_CHLA_QA_FLAG,CHLA_QA_FLAG,QA flag assigned by lab: Chlorophyll a,COLUMN,,,,PARAMETER,waterchem
2324,NRSA 2324 Water Chemistry,Water Chemistry,waterchem_CHLA_RESULT,CHLA_RESULT,Analyte value: chlorophyll-a,COLUMN,,,,PARAMETER,waterchem
2324,NRSA 2324 Water Chemistry,Water Chemistry,waterchem_CHLA_RL,CHLA_RL,Method Reporting Limit: Chlorophyll a,COLUMN,,,,PARAMETER,waterchem
2324,NRSA 2324 Water Chemistry,Water Chemistry,waterchem_CHLA_UNITS,CHLA_UNITS,Units - Chlorophyll-a as ug/L in water sample,COLUMN,,,,PARAMETER,waterchem
2324,NRSA 2324 Water Chemistry,Water Chemistry,waterchem_CHLA_VOLUME_ADJUST,CHLA_VOLUME_ADJUST,--,COLUMN,,,,PARAMETER,waterchem
2324,NRSA 2324 Water Chemistry,Water Chemistry,waterchem_CHLA_VOLUME_FILTERED,CHLA_VOLUME_FILTERED,Volume filtered for chlorophyll-a sample,COLUMN,,,,PARAMETER,waterchem
2324,NRSA 2324 Water Chemistry,Water Chemistry,waterchem_CHLORIDE_BATCH_ID,CHLORIDE_BATCH_ID,Laboratory Batch ID for Chloride,COLUMN,,,,PARAMETER,waterchem
2324,NRSA 2324 Water Chemistry,Water Chemistry,waterchem_CHLORIDE_DATE_ANALYZED,CHLORIDE_DATE_ANALYZED,Date sample analyzed for analyte: chloride,COLUMN,,,,PARAMETER,waterchem
2324,NRSA 2324 Water Chemistry,Water Chemistry,waterchem_CHLORIDE_DILUTION_FACTOR,CHLORIDE_DILUTION_FACTOR,Factor used to correct results based on dilution of sample by lab: Chloride,COLUMN,,,,PARAMETER,waterchem
2324,NRSA 2324 Water Chemistry,Water Chemistry,waterchem_CHLORIDE_HOLDING_TIME,CHLORIDE_HOLDING_TIME,Time from sampling to analysis (days): chloride,COLUMN,,,,PARAMETER,waterchem
2324,NRSA 2324 Water Chemistry,Water Chemistry,waterchem_CHLORIDE_MDL,CHLORIDE_MDL,Method detection limit of chloride,COLUMN,,,,PARAMETER,waterchem
2324,NRSA 2324 Water Chemistry,Water Chemistry,waterchem_CHLORIDE_NARS_FLAG,CHLORIDE_NARS_FLAG,"NARS flag translated from QA flag by lab: Chloride. ND = Non-detect, L = Estimated, Q = Quality-related issue, S = Shipping time exceedence, H = Holding time exceedence, NR = No lab result for analyte",COLUMN,,,,PARAMETER,waterchem
2324,NRSA 2324 Water Chemistry,Water Chemistry,waterchem_CHLORIDE_QA_FLAG,CHLORIDE_QA_FLAG,QA flag assigned by lab: chloride,COLUMN,,,,PARAMETER,waterchem
2324,NRSA 2324 Water Chemistry,Water Chemistry,waterchem_CHLORIDE_RESULT,CHLORIDE_RESULT,Analyte value: chloride,COLUMN,,,,PARAMETER,waterchem
2324,NRSA 2324 Water Chemistry,Water Chemistry,waterchem_CHLORIDE_RL,CHLORIDE_RL,Reporting limit of analyte: chloride,COLUMN,,,,PARAMETER,waterchem
2324,NRSA 2324 Water Chemistry,Water Chemistry,waterchem_CHLORIDE_UNITS,CHLORIDE_UNITS,Units of measurement: chloride,COLUMN,,,,PARAMETER,waterchem
2324,NRSA 2324 Water Chemistry,Water Chemistry,waterchem_COLOR_BATCH_ID,COLOR_BATCH_ID,Laboratory Batch ID for Color,COLUMN,,,,PARAMETER,waterchem
2324,NRSA 2324 Water Chemistry,Water Chemistry,waterchem_COLOR_DATE_ANALYZED,COLOR_DATE_ANALYZED,Date sample analyzed for analyte: color,COLUMN,,,,PARAMETER,waterchem
2324,NRSA 2324 Water Chemistry,Water Chemistry,waterchem_COLOR_DILUTION_FACTOR,COLOR_DILUTION_FACTOR,Factor used to correct results based on dilution of sample by lab: Color,COLUMN,,,,PARAMETER,waterchem
2324,NRSA 2324 Water Chemistry,Water Chemistry,waterchem_COLOR_HOLDING_TIME,COLOR_HOLDING_TIME,Time from sampling to analysis (days): color,COLUMN,,,,PARAMETER,waterchem
2324,NRSA 2324 Water Chemistry,Water Chemistry,waterchem_COLOR_MDL,COLOR_MDL,Method Detection Limit: Color,COLUMN,,,,PARAMETER,waterchem
2324,NRSA 2324 Water Chemistry,Water Chemistry,waterchem_COLOR_NARS_FLAG,COLOR_NARS_FLAG,"NARS flag translated from QA flag by lab: Color. ND = Non-detect, L = Estimated, Q = Quality-related issue, S = Shipping time exceedence, H = Holding time exceedence, NR = No lab result for analyte",COLUMN,,,,PARAMETER,waterchem
2324,NRSA 2324 Water Chemistry,Water Chemistry,waterchem_COLOR_QA_FLAG,COLOR_QA_FLAG,QA flag assigned by lab: color,COLUMN,,,,PARAMETER,waterchem
2324,NRSA 2324 Water Chemistry,Water Chemistry,waterchem_COLOR_RESULT,COLOR_RESULT,Analyte value: color,COLUMN,,,,PARAMETER,waterchem
2324,NRSA 2324 Water Chemistry,Water Chemistry,waterchem_COLOR_RL,COLOR_RL,Method Reporting Limit: Color,COLUMN,,,,PARAMETER,waterchem
2324,NRSA 2324 Water Chemistry,Water Chemistry,waterchem_COLOR_UNITS,COLOR_UNITS,Units of measurement: color,COLUMN,,,,PARAMETER,waterchem
2324,NRSA 2324 Water Chemistry,Water Chemistry,waterchem_COND_BATCH_ID,COND_BATCH_ID,Laboratory Batch ID for Conductivity,COLUMN,,,,PARAMETER,waterchem
2324,NRSA 2324 Water Chemistry,Water Chemistry,waterchem_COND_DATE_ANALYZED,COND_DATE_ANALYZED,Date sample analyzed for analyte: conductivity,COLUMN,,,,PARAMETER,waterchem
2324,NRSA 2324 Water Chemistry,Water Chemistry,waterchem_COND_HOLDING_TIME,COND_HOLDING_TIME,Time from sampling to analysis (days): conductivity,COLUMN,,,,PARAMETER,waterchem
2324,NRSA 2324 Water Chemistry,Water Chemistry,waterchem_COND_MDL,COND_MDL,Method Detection Limit: Conductivity,COLUMN,,,,PARAMETER,waterchem
2324,NRSA 2324 Water Chemistry,Water Chemistry,waterchem_COND_NARS_FLAG,COND_NARS_FLAG,"NARS flag translated from QA flag by lab: Conductivity. ND = Non-detect, L = Estimated, Q = Quality-related issue, S = Shipping time exceedence, H = Holding time exceedence, NR = No lab result for analyte",COLUMN,,,,PARAMETER,waterchem
2324,NRSA 2324 Water Chemistry,Water Chemistry,waterchem_COND_QA_FLAG,COND_QA_FLAG,QA flag assigned by lab: conductivity,COLUMN,,,,PARAMETER,waterchem
2324,NRSA 2324 Water Chemistry,Water Chemistry,waterchem_COND_RESULT,COND_RESULT,Analyte value: conductivity,COLUMN,,,,PARAMETER,waterchem
2324,NRSA 2324 Water Chemistry,Water Chemistry,waterchem_COND_RL,COND_RL,Method Reporting Limit: Conductivity,COLUMN,,,,PARAMETER,waterchem
2324,NRSA 2324 Water Chemistry,Water Chemistry,waterchem_COND_UNITS,COND_UNITS,Units of measurement: conductivity,COLUMN,,,,PARAMETER,waterchem
2324,NRSA 2324 Water Chemistry,Water Chemistry,waterchem_DATE_COL,DATE_COL,Date of data collection in field,VERIF,,,,PARAMETER,waterchem
2324,NRSA 2324 Water Chemistry,Water Chemistry,waterchem_DOC_BATCH_ID,DOC_BATCH_ID,Laboratory Batch ID for Dissolved Organic Carbon,COLUMN,,,,PARAMETER,waterchem
2324,NRSA 2324 Water Chemistry,Water Chemistry,waterchem_DOC_DATE_ANALYZED,DOC_DATE_ANALYZED,Date sample analyzed for analyte: dissolved organic carbon,COLUMN,,,,PARAMETER,waterchem
2324,NRSA 2324 Water Chemistry,Water Chemistry,waterchem_DOC_DILUTION_FACTOR,DOC_DILUTION_FACTOR,Factor used to correct results based on dilution of sample by lab: Dissolved Organic Carbon,COLUMN,,,,PARAMETER,waterchem
2324,NRSA 2324 Water Chemistry,Water Chemistry,waterchem_DOC_HOLDING_TIME,DOC_HOLDING_TIME,Time from sampling to analysis (days): dissolved organic carbon,COLUMN,,,,PARAMETER,waterchem
2324,NRSA 2324 Water Chemistry,Water Chemistry,waterchem_DOC_MDL,DOC_MDL,Method detection limit of dissolved organic carbon,COLUMN,,,,PARAMETER,waterchem
2324,NRSA 2324 Water Chemistry,Water Chemistry,waterchem_DOC_NARS_COMMENT,DOC_NARS_COMMENT,Comment to explain NARS_FLAG for dissolved organic carbon,COLUMN,,,,PARAMETER,waterchem
2324,NRSA 2324 Water Chemistry,Water Chemistry,waterchem_DOC_NARS_FLAG,DOC_NARS_FLAG,"NARS flag translated from QA flag by lab: Dissolved Organic Carbon. ND = Non-detect, L = Estimated, Q = Quality-related issue, S = Shipping time exceedence, H = Holding time exceedence, NR = No lab result for analyte",COLUMN,,,,PARAMETER,waterchem
2324,NRSA 2324 Water Chemistry,Water Chemistry,waterchem_DOC_QA_FLAG,DOC_QA_FLAG,QA flag assigned by lab: dissolved organic carbon,COLUMN,,,,PARAMETER,waterchem
2324,NRSA 2324 Water Chemistry,Water Chemistry,waterchem_DOC_RESULT,DOC_RESULT,Analyte value: dissolved organic carbon,COLUMN,,,,PARAMETER,waterchem
2324,NRSA 2324 Water Chemistry,Water Chemistry,waterchem_DOC_RL,DOC_RL,Method Reporting Limit: Dissolved Organic Carbon,COLUMN,,,,PARAMETER,waterchem
2324,NRSA 2324 Water Chemistry,Water Chemistry,waterchem_DOC_UNITS,DOC_UNITS,Units of measurement: dissolved organic carbon,COLUMN,,,,PARAMETER,waterchem
2324,NRSA 2324 Water Chemistry,Water Chemistry,waterchem_LAB,LAB,Laboratory processing sample,COLUMN,,,,PARAMETER,waterchem
2324,NRSA 2324 Water Chemistry,Water Chemistry,waterchem_MAGNESIUM_BATCH_ID,MAGNESIUM_BATCH_ID,Laboratory Batch ID for Magnesium,COLUMN,,,,PARAMETER,waterchem
2324,NRSA 2324 Water Chemistry,Water Chemistry,waterchem_MAGNESIUM_DATE_ANALYZED,MAGNESIUM_DATE_ANALYZED,Date sample analyzed for analyte: magnesium,COLUMN,,,,PARAMETER,waterchem
2324,NRSA 2324 Water Chemistry,Water Chemistry,waterchem_MAGNESIUM_DILUTION_FACTOR,MAGNESIUM_DILUTION_FACTOR,Factor used to correct results based on dilution of sample by lab: Magnesium,COLUMN,,,,PARAMETER,waterchem
2324,NRSA 2324 Water Chemistry,Water Chemistry,waterchem_MAGNESIUM_HOLDING_TIME,MAGNESIUM_HOLDING_TIME,Time from sampling to analysis (days): magnesium,COLUMN,,,,PARAMETER,waterchem
2324,NRSA 2324 Water Chemistry,Water Chemistry,waterchem_MAGNESIUM_MDL,MAGNESIUM_MDL,Method detection limit of magnesium,COLUMN,,,,PARAMETER,waterchem
2324,NRSA 2324 Water Chemistry,Water Chemistry,waterchem_MAGNESIUM_NARS_FLAG,MAGNESIUM_NARS_FLAG,"NARS flag translated from QA flag by lab: Magnesium. ND = Non-detect, L = Estimated, Q = Quality-related issue, S = Shipping time exceedence, H = Holding time exceedence, NR = No lab result for analyte",COLUMN,,,,PARAMETER,waterchem
2324,NRSA 2324 Water Chemistry,Water Chemistry,waterchem_MAGNESIUM_QA_FLAG,MAGNESIUM_QA_FLAG,QA flag assigned by lab: magnesium,COLUMN,,,,PARAMETER,waterchem
2324,NRSA 2324 Water Chemistry,Water Chemistry,waterchem_MAGNESIUM_RESULT,MAGNESIUM_RESULT,Analyte value: magnesium,COLUMN,,,,PARAMETER,waterchem
2324,NRSA 2324 Water Chemistry,Water Chemistry,waterchem_MAGNESIUM_RL,MAGNESIUM_RL,Method Reporting Limit: Magnesium,COLUMN,,,,PARAMETER,waterchem
2324,NRSA 2324 Water Chemistry,Water Chemistry,waterchem_MAGNESIUM_UNITS,MAGNESIUM_UNITS,Units of measurement: magnesium,COLUMN,,,,PARAMETER,waterchem
2324,NRSA 2324 Water Chemistry,Water Chemistry,waterchem_MATRIX,MATRIX,"Type of sample (e.g., water, sediment, tissue)",COLUMN,,,,PARAMETER,waterchem
2324,NRSA 2324 Water Chemistry,Water Chemistry,waterchem_NITRATE_N_BATCH_ID,NITRATE_N_BATCH_ID,Laboratory Batch ID for Nitrate as N,COLUMN,,,,PARAMETER,waterchem
2324,NRSA 2324 Water Chemistry,Water Chemistry,waterchem_NITRATE_N_DATE_ANALYZED,NITRATE_N_DATE_ANALYZED,Date sample analyzed for analyte: nitrate,COLUMN,,,,PARAMETER,waterchem
2324,NRSA 2324 Water Chemistry,Water Chemistry,waterchem_NITRATE_N_DILUTION_FACTOR,NITRATE_N_DILUTION_FACTOR,Factor used to correct results based on dilution of sample by lab: Nitrate as N,COLUMN,,,,PARAMETER,waterchem
2324,NRSA 2324 Water Chemistry,Water Chemistry,waterchem_NITRATE_N_HOLDING_TIME,NITRATE_N_HOLDING_TIME,Time from sampling to analysis (days): nitrate,COLUMN,,,,PARAMETER,waterchem
2324,NRSA 2324 Water Chemistry,Water Chemistry,waterchem_NITRATE_N_MDL,NITRATE_N_MDL,Method detection limit of nitrate,COLUMN,,,,PARAMETER,waterchem
2324,NRSA 2324 Water Chemistry,Water Chemistry,waterchem_NITRATE_N_NARS_FLAG,NITRATE_N_NARS_FLAG,"NARS flag translated from QA flag by lab: Nitrate as N. ND = Non-detect, L = Estimated, Q = Quality-related issue, S = Shipping time exceedence, H = Holding time exceedence, NR = No lab result for analyte",COLUMN,,,,PARAMETER,waterchem
2324,NRSA 2324 Water Chemistry,Water Chemistry,waterchem_NITRATE_N_QA_FLAG,NITRATE_N_QA_FLAG,QA flag assigned by lab: nitrate,COLUMN,,,,PARAMETER,waterchem
2324,NRSA 2324 Water Chemistry,Water Chemistry,waterchem_NITRATE_N_RESULT,NITRATE_N_RESULT,Analyte value: nitrate,COLUMN,,,,PARAMETER,waterchem
2324,NRSA 2324 Water Chemistry,Water Chemistry,waterchem_NITRATE_N_RL,NITRATE_N_RL,Reporting limit of nitrate,COLUMN,,,,PARAMETER,waterchem
2324,NRSA 2324 Water Chemistry,Water Chemistry,waterchem_NITRATE_N_UNITS,NITRATE_N_UNITS,Units of measurement: nitrate,COLUMN,,,,PARAMETER,waterchem
2324,NRSA 2324 Water Chemistry,Water Chemistry,waterchem_NITRATE_NITRITE_N_BATCH_ID,NITRATE_NITRITE_N_BATCH_ID,Laboratory Batch ID for Nitrate+Nitrite as N,COLUMN,,,,PARAMETER,waterchem
2324,NRSA 2324 Water Chemistry,Water Chemistry,waterchem_NITRATE_NITRITE_N_DATE_ANALYZED,NITRATE_NITRITE_N_DATE_ANALYZED,Date sample analyzed for analyte: Nitrate+Nitrite as N,COLUMN,,,,PARAMETER,waterchem
2324,NRSA 2324 Water Chemistry,Water Chemistry,waterchem_NITRATE_NITRITE_N_HOLDING_TIME,NITRATE_NITRITE_N_HOLDING_TIME,Time from sampling to analysis (days): Nitrate+Nitrite as N,COLUMN,,,,PARAMETER,waterchem
2324,NRSA 2324 Water Chemistry,Water Chemistry,waterchem_NITRATE_NITRITE_N_MDL,NITRATE_NITRITE_N_MDL,Method detection limit of nitrate-nitrite,COLUMN,,,,PARAMETER,waterchem
2324,NRSA 2324 Water Chemistry,Water Chemistry,waterchem_NITRATE_NITRITE_N_NARS_FLAG,NITRATE_NITRITE_N_NARS_FLAG,"Flag assigned by NARS: nitrate-nitrite. ND = Non-detect, L = Estimated, Q = Quality-related issue, S = Shipping time exceedence, H = Holding time exceedence, NR = No lab result for analyte",COLUMN,,,,PARAMETER,waterchem
2324,NRSA 2324 Water Chemistry,Water Chemistry,waterchem_NITRATE_NITRITE_N_QA_FLAG,NITRATE_NITRITE_N_QA_FLAG,QA flag assigned by lab: Nitrate+Nitrite as N,COLUMN,,,,PARAMETER,waterchem
2324,NRSA 2324 Water Chemistry,Water Chemistry,waterchem_NITRATE_NITRITE_N_RESULT,NITRATE_NITRITE_N_RESULT,Analyte value: nitrate-nitrite,COLUMN,,,,PARAMETER,waterchem
2324,NRSA 2324 Water Chemistry,Water Chemistry,waterchem_NITRATE_NITRITE_N_RL,NITRATE_NITRITE_N_RL,Method Reporting Limit: Nitrate+Nitrite as N,COLUMN,,,,PARAMETER,waterchem
2324,NRSA 2324 Water Chemistry,Water Chemistry,waterchem_NITRATE_NITRITE_N_UNITS,NITRATE_NITRITE_N_UNITS,Units of measurement: nitrate-nitrite,COLUMN,,,,PARAMETER,waterchem
2324,NRSA 2324 Water Chemistry,Water Chemistry,waterchem_NITRITE_N_BATCH_ID,NITRITE_N_BATCH_ID,Laboratory Batch ID for Nitrite as N,COLUMN,,,,PARAMETER,waterchem
2324,NRSA 2324 Water Chemistry,Water Chemistry,waterchem_NITRITE_N_DATE_ANALYZED,NITRITE_N_DATE_ANALYZED,Date sample analyzed for analyte: nitrite,COLUMN,,,,PARAMETER,waterchem
2324,NRSA 2324 Water Chemistry,Water Chemistry,waterchem_NITRITE_N_DILUTION_FACTOR,NITRITE_N_DILUTION_FACTOR,Factor used to correct results based on dilution of sample by lab: Nitrite as N,COLUMN,,,,PARAMETER,waterchem
2324,NRSA 2324 Water Chemistry,Water Chemistry,waterchem_NITRITE_N_HOLDING_TIME,NITRITE_N_HOLDING_TIME,Time from sampling to analysis (days): nitrite,COLUMN,,,,PARAMETER,waterchem
2324,NRSA 2324 Water Chemistry,Water Chemistry,waterchem_NITRITE_N_MDL,NITRITE_N_MDL,Method detection limit of nitrite,COLUMN,,,,PARAMETER,waterchem
2324,NRSA 2324 Water Chemistry,Water Chemistry,waterchem_NITRITE_N_NARS_FLAG,NITRITE_N_NARS_FLAG,"NARS flag translated from QA flag by lab: Nitrite as N. ND = Non-detect, L = Estimated, Q = Quality-related issue, S = Shipping time exceedence, H = Holding time exceedence, NR = No lab result for analyte",COLUMN,,,,PARAMETER,waterchem
2324,NRSA 2324 Water Chemistry,Water Chemistry,waterchem_NITRITE_N_QA_FLAG,NITRITE_N_QA_FLAG,QA flag assigned by lab: nitrite,COLUMN,,,,PARAMETER,waterchem
2324,NRSA 2324 Water Chemistry,Water Chemistry,waterchem_NITRITE_N_RESULT,NITRITE_N_RESULT,Analyte value: nitrite,COLUMN,,,,PARAMETER,waterchem
2324,NRSA 2324 Water Chemistry,Water Chemistry,waterchem_NITRITE_N_RL,NITRITE_N_RL,Method Reporting Limit: Nitrite as N,COLUMN,,,,PARAMETER,waterchem
2324,NRSA 2324 Water Chemistry,Water Chemistry,waterchem_NITRITE_N_UNITS,NITRITE_N_UNITS,Units of measurement: nitrite,COLUMN,,,,PARAMETER,waterchem
2324,NRSA 2324 Water Chemistry,Water Chemistry,waterchem_NTL_BATCH_ID,NTL_BATCH_ID,Lab batch id - Total nitrogen,COLUMN,,,,PARAMETER,waterchem
2324,NRSA 2324 Water Chemistry,Water Chemistry,waterchem_NTL_DATE_ANALYZED,NTL_DATE_ANALYZED,Date of lab analysis - Total nitrogen,COLUMN,,,,PARAMETER,waterchem
2324,NRSA 2324 Water Chemistry,Water Chemistry,waterchem_NTL_DILUTION_FACTOR,NTL_DILUTION_FACTOR,Factor used to correct results based on dilution of sample by lab: Total nitrogen,COLUMN,,,,PARAMETER,waterchem
2324,NRSA 2324 Water Chemistry,Water Chemistry,waterchem_NTL_HOLDING_TIME,NTL_HOLDING_TIME,Holding time (days) - Total nitrogen,COLUMN,,,,PARAMETER,waterchem
2324,NRSA 2324 Water Chemistry,Water Chemistry,waterchem_NTL_MDL,NTL_MDL,Method Detection Limit: Total Nitrogen,COLUMN,,,,PARAMETER,waterchem
2324,NRSA 2324 Water Chemistry,Water Chemistry,waterchem_NTL_NARS_FLAG,NTL_NARS_FLAG,"NARS flag translated from QA flag by lab: Total Nitrogen. ND = Non-detect, L = Estimated, Q = Quality-related issue, S = Shipping time exceedence, H = Holding time exceedence, NR = No lab result for analyte",COLUMN,,,,PARAMETER,waterchem
2324,NRSA 2324 Water Chemistry,Water Chemistry,waterchem_NTL_QA_FLAG,NTL_QA_FLAG,QA flag assigned by lab: Total Nitrogen,COLUMN,,,,PARAMETER,waterchem
2324,NRSA 2324 Water Chemistry,Water Chemistry,waterchem_NTL_RESULT,NTL_RESULT,Total Nitrogen,COLUMN,,,,PARAMETER,waterchem
2324,NRSA 2324 Water Chemistry,Water Chemistry,waterchem_NTL_RL,NTL_RL,Method Reporting Limit: Total Nitrogen,COLUMN,,,,PARAMETER,waterchem
2324,NRSA 2324 Water Chemistry,Water Chemistry,waterchem_NTL_UNITS,NTL_UNITS,Units - Total nitrogen,COLUMN,,,,PARAMETER,waterchem
2324,NRSA 2324 Water Chemistry,Water Chemistry,waterchem_PH_BATCH_ID,PH_BATCH_ID,Laboratory Batch ID for pH,COLUMN,,,,PARAMETER,waterchem
2324,NRSA 2324 Water Chemistry,Water Chemistry,waterchem_PH_DATE_ANALYZED,PH_DATE_ANALYZED,Date sample analyzed for analyte: pH,COLUMN,,,,PARAMETER,waterchem
2324,NRSA 2324 Water Chemistry,Water Chemistry,waterchem_PH_HOLDING_TIME,PH_HOLDING_TIME,Time from sampling to analysis (days): pH,COLUMN,,,,PARAMETER,waterchem
2324,NRSA 2324 Water Chemistry,Water Chemistry,waterchem_PH_NARS_FLAG,PH_NARS_FLAG,"NARS flag translated from QA flag by lab: pH. ND = Non-detect, L = Estimated, Q = Quality-related issue, S = Shipping time exceedence, H = Holding time exceedence, NR = No lab result for analyte",COLUMN,,,,PARAMETER,waterchem
2324,NRSA 2324 Water Chemistry,Water Chemistry,waterchem_PH_QA_FLAG,PH_QA_FLAG,QA flag assigned by lab: pH,COLUMN,,,,PARAMETER,waterchem
2324,NRSA 2324 Water Chemistry,Water Chemistry,waterchem_PH_RESULT,PH_RESULT,Analyte value: pH,COLUMN,,,,PARAMETER,waterchem
2324,NRSA 2324 Water Chemistry,Water Chemistry,waterchem_PH_UNITS,PH_UNITS,Units of measurement: pH,COLUMN,,,,PARAMETER,waterchem
2324,NRSA 2324 Water Chemistry,Water Chemistry,waterchem_POTASSIUM_BATCH_ID,POTASSIUM_BATCH_ID,Laboratory Batch ID for Potassium,COLUMN,,,,PARAMETER,waterchem
2324,NRSA 2324 Water Chemistry,Water Chemistry,waterchem_POTASSIUM_DATE_ANALYZED,POTASSIUM_DATE_ANALYZED,Date sample analyzed for analyte: potassium,COLUMN,,,,PARAMETER,waterchem
2324,NRSA 2324 Water Chemistry,Water Chemistry,waterchem_POTASSIUM_DILUTION_FACTOR,POTASSIUM_DILUTION_FACTOR,Factor used to correct results based on dilution of sample by lab: Potassium,COLUMN,,,,PARAMETER,waterchem
2324,NRSA 2324 Water Chemistry,Water Chemistry,waterchem_POTASSIUM_HOLDING_TIME,POTASSIUM_HOLDING_TIME,Time from sampling to analysis (days): potassium,COLUMN,,,,PARAMETER,waterchem
2324,NRSA 2324 Water Chemistry,Water Chemistry,waterchem_POTASSIUM_MDL,POTASSIUM_MDL,Method detection limit of potassium,COLUMN,,,,PARAMETER,waterchem
2324,NRSA 2324 Water Chemistry,Water Chemistry,waterchem_POTASSIUM_NARS_FLAG,POTASSIUM_NARS_FLAG,"NARS flag translated from QA flag by lab: Potassium. ND = Non-detect, L = Estimated, Q = Quality-related issue, S = Shipping time exceedence, H = Holding time exceedence, NR = No lab result for analyte",COLUMN,,,,PARAMETER,waterchem
2324,NRSA 2324 Water Chemistry,Water Chemistry,waterchem_POTASSIUM_QA_FLAG,POTASSIUM_QA_FLAG,QA flag assigned by lab: potassium,COLUMN,,,,PARAMETER,waterchem
2324,NRSA 2324 Water Chemistry,Water Chemistry,waterchem_POTASSIUM_RESULT,POTASSIUM_RESULT,Analyte value: potassium,COLUMN,,,,PARAMETER,waterchem
2324,NRSA 2324 Water Chemistry,Water Chemistry,waterchem_POTASSIUM_RL,POTASSIUM_RL,Reporting limit of potassium,COLUMN,,,,PARAMETER,waterchem
2324,NRSA 2324 Water Chemistry,Water Chemistry,waterchem_POTASSIUM_UNITS,POTASSIUM_UNITS,Units of measurement: potassium,COLUMN,,,,PARAMETER,waterchem
2324,NRSA 2324 Water Chemistry,Water Chemistry,waterchem_PSTL_CODE,PSTL_CODE,"State two letter postal code for site sampled. 50 state postal codes plus AS, MP, GU, PR, VI for American Samoa, Commonwealth of Northern Marianas, Guam, Puerto Rico and Virgin Islands. No missing or \blank\"" values allowed.""",DESIGN,,,,PARAMETER,waterchem
2324,NRSA 2324 Water Chemistry,Water Chemistry,waterchem_PTL_BATCH_ID,PTL_BATCH_ID,Lab batch id - Total phosphorus,COLUMN,,,,PARAMETER,waterchem
2324,NRSA 2324 Water Chemistry,Water Chemistry,waterchem_PTL_DATE_ANALYZED,PTL_DATE_ANALYZED,Date of lab analysis - Total phosphorus,COLUMN,,,,PARAMETER,waterchem
2324,NRSA 2324 Water Chemistry,Water Chemistry,waterchem_PTL_DILUTION_FACTOR,PTL_DILUTION_FACTOR,Factor used to correct results based on dilution of sample by lab: Total Phosphorus,COLUMN,,,,PARAMETER,waterchem
2324,NRSA 2324 Water Chemistry,Water Chemistry,waterchem_PTL_HOLDING_TIME,PTL_HOLDING_TIME,Holding time (days) - Total phosphorus,COLUMN,,,,PARAMETER,waterchem
2324,NRSA 2324 Water Chemistry,Water Chemistry,waterchem_PTL_MDL,PTL_MDL,Method Detection Limit: Total Phosphorus,COLUMN,,,,PARAMETER,waterchem
2324,NRSA 2324 Water Chemistry,Water Chemistry,waterchem_PTL_NARS_FLAG,PTL_NARS_FLAG,"NARS flag translated from QA flag by lab: Total Phosphorus. ND = Non-detect, L = Estimated, Q = Quality-related issue, S = Shipping time exceedence, H = Holding time exceedence, NR = No lab result for analyte",COLUMN,,,,PARAMETER,waterchem
2324,NRSA 2324 Water Chemistry,Water Chemistry,waterchem_PTL_QA_FLAG,PTL_QA_FLAG,QA flag assigned by lab: Total Phosphorus,COLUMN,,,,PARAMETER,waterchem
2324,NRSA 2324 Water Chemistry,Water Chemistry,waterchem_PTL_RESULT,PTL_RESULT,Total Phosphorus,COLUMN,,,,PARAMETER,waterchem
2324,NRSA 2324 Water Chemistry,Water Chemistry,waterchem_PTL_RL,PTL_RL,Method Reporting Limit: Total Phosphorus,COLUMN,,,,PARAMETER,waterchem
2324,NRSA 2324 Water Chemistry,Water Chemistry,waterchem_PTL_UNITS,PTL_UNITS,Units - Total phosphorus,COLUMN,,,,PARAMETER,waterchem
2324,NRSA 2324 Water Chemistry,Water Chemistry,waterchem_PUBLICATION_DATE,PUBLICATION_DATE,Date of data file publication,COLUMN,,,,PARAMETER,waterchem
2324,NRSA 2324 Water Chemistry,Water Chemistry,waterchem_SAM_CODE,SAM_CODE,"Sample code (e.g., regular, lab duplicate, lab split)",COLUMN,,,,PARAMETER,waterchem
2324,NRSA 2324 Water Chemistry,Water Chemistry,waterchem_SILICA_BATCH_ID,SILICA_BATCH_ID,Laboratory Batch ID for Silica,COLUMN,,,,PARAMETER,waterchem
2324,NRSA 2324 Water Chemistry,Water Chemistry,waterchem_SILICA_DATE_ANALYZED,SILICA_DATE_ANALYZED,Date sample analyzed for analyte: silica,COLUMN,,,,PARAMETER,waterchem
2324,NRSA 2324 Water Chemistry,Water Chemistry,waterchem_SILICA_DILUTION_FACTOR,SILICA_DILUTION_FACTOR,Factor used to correct results based on dilution of sample by lab: Silica,COLUMN,,,,PARAMETER,waterchem
2324,NRSA 2324 Water Chemistry,Water Chemistry,waterchem_SILICA_HOLDING_TIME,SILICA_HOLDING_TIME,Time from sampling to analysis (days): silica,COLUMN,,,,PARAMETER,waterchem
2324,NRSA 2324 Water Chemistry,Water Chemistry,waterchem_SILICA_MDL,SILICA_MDL,Method detection limit of silica,COLUMN,,,,PARAMETER,waterchem
2324,NRSA 2324 Water Chemistry,Water Chemistry,waterchem_SILICA_NARS_FLAG,SILICA_NARS_FLAG,"NARS flag translated from QA flag by lab: Silica. ND = Non-detect, L = Estimated, Q = Quality-related issue, S = Shipping time exceedence, H = Holding time exceedence, NR = No lab result for analyte",COLUMN,,,,PARAMETER,waterchem
2324,NRSA 2324 Water Chemistry,Water Chemistry,waterchem_SILICA_QA_FLAG,SILICA_QA_FLAG,QA flag assigned by lab: silica,COLUMN,,,,PARAMETER,waterchem
2324,NRSA 2324 Water Chemistry,Water Chemistry,waterchem_SILICA_RESULT,SILICA_RESULT,Analyte value: silica,COLUMN,,,,PARAMETER,waterchem
2324,NRSA 2324 Water Chemistry,Water Chemistry,waterchem_SILICA_RL,SILICA_RL,Method Reporting Limit: Silica,COLUMN,,,,PARAMETER,waterchem
2324,NRSA 2324 Water Chemistry,Water Chemistry,waterchem_SILICA_UNITS,SILICA_UNITS,Units of measurement: silica,COLUMN,,,,PARAMETER,waterchem
2324,NRSA 2324 Water Chemistry,Water Chemistry,waterchem_SITE_ID,SITE_ID,"Site ID for the study and year sampled. Preferred form is NRSnn_MM-xxxxx where nn is current cycle year (04, 08, 13, 18, etc), MM is two letter state code, and xxxxx is between 10001 and 99999. No missing or \blank\"" values allowed.""",DESIGN,,,,PARAMETER,waterchem
2324,NRSA 2324 Water Chemistry,Water Chemistry,waterchem_SODIUM_BATCH_ID,SODIUM_BATCH_ID,Laboratory Batch ID for Sodium,COLUMN,,,,PARAMETER,waterchem
2324,NRSA 2324 Water Chemistry,Water Chemistry,waterchem_SODIUM_DATE_ANALYZED,SODIUM_DATE_ANALYZED,Date sample analyzed for analyte: sodium,COLUMN,,,,PARAMETER,waterchem
2324,NRSA 2324 Water Chemistry,Water Chemistry,waterchem_SODIUM_DILUTION_FACTOR,SODIUM_DILUTION_FACTOR,Factor used to correct results based on dilution of sample by lab: Sodium,COLUMN,,,,PARAMETER,waterchem
2324,NRSA 2324 Water Chemistry,Water Chemistry,waterchem_SODIUM_HOLDING_TIME,SODIUM_HOLDING_TIME,Time from sampling to analysis (days): sodium,COLUMN,,,,PARAMETER,waterchem
2324,NRSA 2324 Water Chemistry,Water Chemistry,waterchem_SODIUM_MDL,SODIUM_MDL,Method detection limit of sodium,COLUMN,,,,PARAMETER,waterchem
2324,NRSA 2324 Water Chemistry,Water Chemistry,waterchem_SODIUM_NARS_FLAG,SODIUM_NARS_FLAG,"NARS flag translated from QA flag by lab: Sodium. ND = Non-detect, L = Estimated, Q = Quality-related issue, S = Shipping time exceedence, H = Holding time exceedence, NR = No lab result for analyte",COLUMN,,,,PARAMETER,waterchem
2324,NRSA 2324 Water Chemistry,Water Chemistry,waterchem_SODIUM_QA_FLAG,SODIUM_QA_FLAG,QA flag assigned by lab: sodium,COLUMN,,,,PARAMETER,waterchem
2324,NRSA 2324 Water Chemistry,Water Chemistry,waterchem_SODIUM_RESULT,SODIUM_RESULT,Analyte value: sodium,COLUMN,,,,PARAMETER,waterchem
2324,NRSA 2324 Water Chemistry,Water Chemistry,waterchem_SODIUM_RL,SODIUM_RL,Method Reporting Limit: Sodium,COLUMN,,,,PARAMETER,waterchem
2324,NRSA 2324 Water Chemistry,Water Chemistry,waterchem_SODIUM_UNITS,SODIUM_UNITS,Units of measurement: sodium,COLUMN,,,,PARAMETER,waterchem
2324,NRSA 2324 Water Chemistry,Water Chemistry,waterchem_SULFATE_BATCH_ID,SULFATE_BATCH_ID,Laboratory Batch ID for Sulfate,COLUMN,,,,PARAMETER,waterchem
2324,NRSA 2324 Water Chemistry,Water Chemistry,waterchem_SULFATE_DATE_ANALYZED,SULFATE_DATE_ANALYZED,Date sample analyzed for analyte: sulfate,COLUMN,,,,PARAMETER,waterchem
2324,NRSA 2324 Water Chemistry,Water Chemistry,waterchem_SULFATE_DILUTION_FACTOR,SULFATE_DILUTION_FACTOR,Factor used to correct results based on dilution of sample by lab: Sulfate,COLUMN,,,,PARAMETER,waterchem
2324,NRSA 2324 Water Chemistry,Water Chemistry,waterchem_SULFATE_HOLDING_TIME,SULFATE_HOLDING_TIME,Time from sampling to analysis (days): sulfate,COLUMN,,,,PARAMETER,waterchem
2324,NRSA 2324 Water Chemistry,Water Chemistry,waterchem_SULFATE_MDL,SULFATE_MDL,Method detection limit of sulfate,COLUMN,,,,PARAMETER,waterchem
2324,NRSA 2324 Water Chemistry,Water Chemistry,waterchem_SULFATE_NARS_FLAG,SULFATE_NARS_FLAG,"NARS flag translated from QA flag by lab: Sulfate. ND = Non-detect, L = Estimated, Q = Quality-related issue, S = Shipping time exceedence, H = Holding time exceedence, NR = No lab result for analyte",COLUMN,,,,PARAMETER,waterchem
2324,NRSA 2324 Water Chemistry,Water Chemistry,waterchem_SULFATE_QA_FLAG,SULFATE_QA_FLAG,QA flag assigned by lab: sulfate,COLUMN,,,,PARAMETER,waterchem
2324,NRSA 2324 Water Chemistry,Water Chemistry,waterchem_SULFATE_RESULT,SULFATE_RESULT,Analyte value: sulfate,COLUMN,,,,PARAMETER,waterchem
2324,NRSA 2324 Water Chemistry,Water Chemistry,waterchem_SULFATE_RL,SULFATE_RL,Method Reporting Limit: Sulfate,COLUMN,,,,PARAMETER,waterchem
2324,NRSA 2324 Water Chemistry,Water Chemistry,waterchem_SULFATE_UNITS,SULFATE_UNITS,Units of measurement: sulfate,COLUMN,,,,PARAMETER,waterchem
2324,NRSA 2324 Water Chemistry,Water Chemistry,waterchem_TSS_BATCH_ID,TSS_BATCH_ID,Laboratory Batch ID for Total Suspended Solids,COLUMN,,,,PARAMETER,waterchem
2324,NRSA 2324 Water Chemistry,Water Chemistry,waterchem_TSS_DATE_ANALYZED,TSS_DATE_ANALYZED,Date sample analyzed for analyte: Total Suspended Solids,COLUMN,,,,PARAMETER,waterchem
2324,NRSA 2324 Water Chemistry,Water Chemistry,waterchem_TSS_HOLDING_TIME,TSS_HOLDING_TIME,Time from sampling to analysis (days): Total Suspended Solids,COLUMN,,,,PARAMETER,waterchem
2324,NRSA 2324 Water Chemistry,Water Chemistry,waterchem_TSS_MDL,TSS_MDL,Method Detection Limit: Total Suspended Solids,COLUMN,,,,PARAMETER,waterchem
2324,NRSA 2324 Water Chemistry,Water Chemistry,waterchem_TSS_NARS_FLAG,TSS_NARS_FLAG,"NARS flag translated from QA flag by lab: Total Suspended Solids. ND = Non-detect, L = Estimated, Q = Quality-related issue, S = Shipping time exceedence, H = Holding time exceedence, NR = No lab result for analyte",COLUMN,,,,PARAMETER,waterchem
2324,NRSA 2324 Water Chemistry,Water Chemistry,waterchem_TSS_QA_FLAG,TSS_QA_FLAG,QA flag assigned by lab: Total Suspended Solids,COLUMN,,,,PARAMETER,waterchem
2324,NRSA 2324 Water Chemistry,Water Chemistry,waterchem_TSS_RESULT,TSS_RESULT,Total Suspended Solids,COLUMN,,,,PARAMETER,waterchem
2324,NRSA 2324 Water Chemistry,Water Chemistry,waterchem_TSS_RL,TSS_RL,Method Reporting Limit: Total Suspended Solids,COLUMN,,,,PARAMETER,waterchem
2324,NRSA 2324 Water Chemistry,Water Chemistry,waterchem_TSS_UNITS,TSS_UNITS,Units for Total Suspended Solids,COLUMN,,,,PARAMETER,waterchem
2324,NRSA 2324 Water Chemistry,Water Chemistry,waterchem_TURB_BATCH_ID,TURB_BATCH_ID,Laboratory Batch ID for Turbidity,COLUMN,,,,PARAMETER,waterchem
2324,NRSA 2324 Water Chemistry,Water Chemistry,waterchem_TURB_DATE_ANALYZED,TURB_DATE_ANALYZED,Date sample analyzed for analyte: turbidity,COLUMN,,,,PARAMETER,waterchem
2324,NRSA 2324 Water Chemistry,Water Chemistry,waterchem_TURB_DILUTION_FACTOR,TURB_DILUTION_FACTOR,Factor used to correct results based on dilution of sample by lab: Turbidity,COLUMN,,,,PARAMETER,waterchem
2324,NRSA 2324 Water Chemistry,Water Chemistry,waterchem_TURB_HOLDING_TIME,TURB_HOLDING_TIME,Time from sampling to analysis (days): turbidity,COLUMN,,,,PARAMETER,waterchem
2324,NRSA 2324 Water Chemistry,Water Chemistry,waterchem_TURB_MDL,TURB_MDL,Method Detection Limit: Turbidity,COLUMN,,,,PARAMETER,waterchem
2324,NRSA 2324 Water Chemistry,Water Chemistry,waterchem_TURB_NARS_FLAG,TURB_NARS_FLAG,"NARS flag translated from QA flag by lab: Turbidity. ND = Non-detect, L = Estimated, Q = Quality-related issue, S = Shipping time exceedence, H = Holding time exceedence, NR = No lab result for analyte",COLUMN,,,,PARAMETER,waterchem
2324,NRSA 2324 Water Chemistry,Water Chemistry,waterchem_TURB_QA_FLAG,TURB_QA_FLAG,QA flag assigned by lab: turbidity,COLUMN,,,,PARAMETER,waterchem
2324,NRSA 2324 Water Chemistry,Water Chemistry,waterchem_TURB_RESULT,TURB_RESULT,Analyte value: turbidity,COLUMN,,,,PARAMETER,waterchem
2324,NRSA 2324 Water Chemistry,Water Chemistry,waterchem_TURB_RL,TURB_RL,Method Reporting Limit: Turbidity,COLUMN,,,,PARAMETER,waterchem
2324,NRSA 2324 Water Chemistry,Water Chemistry,waterchem_TURB_UNITS,TURB_UNITS,Units of measurement: turbidity,COLUMN,,,,PARAMETER,waterchem
2324,NRSA 2324 Water Chemistry,Water Chemistry,waterchem_UID,UID,Unique site visit ID,COLUMN,,,,PARAMETER,waterchem
2324,NRSA 2324 Water Chemistry,Water Chemistry,waterchem_UNIQUE_ID,UNIQUE_ID,Unique site ID based on location that does not depend on year sampled or any other factor. Form is NRS_ss_nnnnn where ss state and nnnnn is number that starts at 10001. No missing values allowed.,COLUMN,,,,PARAMETER,waterchem
2324,NRSA 2324 Water Chemistry,Water Chemistry,waterchem_VISIT_NO,VISIT_NO,Number identifying which visit this is,VERIF,|1|2,,,PARAMETER,waterchem
2324,NRSA 2324 Water Chemistry,Water Chemistry,waterchem_WCHL_BATCH_ID,WCHL_BATCH_ID,Lab batch id - Chlorophyll-a as ug/L in water sample,COLUMN,,,,PARAMETER,waterchem
2324,NRSA 2324 Water Chemistry,Water Chemistry,waterchem_WCHL_DATE_RECEIVED,WCHL_DATE_RECEIVED,Date sample received by laboratory: Chlorophyll a,COLUMN,,,,PARAMETER,waterchem
2324,NRSA 2324 Water Chemistry,Water Chemistry,waterchem_WCHL_LAB_SAMPLE_ID,WCHL_LAB_SAMPLE_ID,Lab Sample ID: Chlorophyll a,COLUMN,,,,PARAMETER,waterchem
2324,NRSA 2324 Water Chemistry,Water Chemistry,waterchem_WCHL_NARS_FLAG,WCHL_NARS_FLAG,"NARS flag translated from QA flag by lab: Chlorophyll a. ND = Non-detect, L = Estimated, Q = Quality-related issue, S = Shipping time exceedence, H = Holding time exceedence, NR = No lab result for analyte",COLUMN,,,,PARAMETER,waterchem
2324,NRSA 2324 Water Chemistry,Water Chemistry,waterchem_WCHL_SAMPLE_ID,WCHL_SAMPLE_ID,Sample identification number: Chlorophyll a,COLUMN,,,,PARAMETER,waterchem
2324,NRSA 2324 Water Chemistry,Water Chemistry,waterchem_WCHL_SHIP_FLAG,WCHL_SHIP_FLAG,Shipping flag associated with water chlorophyll,COLUMN,,,,PARAMETER,waterchem
