cycle,source_dataset,indicator,database_style_key,epa_short_name,epa_label_description,boatable_label,wadeable_label,sample_or_record_type,legal_values_format,range_low,range_high,metadata_name_column,convenience_prefix
1819,NRSA 1819 Algal Toxin,Algal Toxin,algaltox_ABSORBANCE,ABSORBANCE,Absorbance value,,,MICX,,,,PARAMETER,algaltox
1819,NRSA 1819 Algal Toxin,Algal Toxin,algaltox_ABSORBANCE_UNITS,ABSORBANCE_UNITS,Units for parameter ABSORBANCE,,,COLUMN,,,,PARAMETER,algaltox
1819,NRSA 1819 Algal Toxin,Algal Toxin,algaltox_AG_ECO9,AG_ECO9,"NARS 9-level reporting region (2015), based on aggregated Omernik Level III ecoregions",,,DESIGN,,,,PARAMETER,algaltox
1819,NRSA 1819 Algal Toxin,Algal Toxin,algaltox_ANALYST,ANALYST,Laboratory analyst,,,MICX,,,,PARAMETER,algaltox
1819,NRSA 1819 Algal Toxin,Algal Toxin,algaltox_ANALYTE,ANALYTE,Analyte,,,COLUMN,,,,PARAMETER,algaltox
1819,NRSA 1819 Algal Toxin,Algal Toxin,algaltox_BATCH_ID,BATCH_ID,Laboratory batch number,,,COLUMN,,,,PARAMETER,algaltox
1819,NRSA 1819 Algal Toxin,Algal Toxin,algaltox_BATCH_ID,BATCH_ID,Laboratory Batch ID,,,COLUMN,,,,PARAMETER,algaltox
1819,NRSA 1819 Algal Toxin,Algal Toxin,algaltox_CONDITION_CODE,CONDITION_CODE,Condition of sample code,,,MICX,,,,PARAMETER,algaltox
1819,NRSA 1819 Algal Toxin,Algal Toxin,algaltox_DATE_ANALYZED,DATE_ANALYZED,Date sample analyzed,,,MICX,,,,PARAMETER,algaltox
1819,NRSA 1819 Algal Toxin,Algal Toxin,algaltox_DATE_COL,DATE_COL,Date collected,,,VERIF,|01|02|03|04|05|06|07|08|09|10|11|12,,,PARAMETER,algaltox
1819,NRSA 1819 Algal Toxin,Algal Toxin,algaltox_DATE_RECEIVED,DATE_RECEIVED,Date sample received by lab,,,MICX,,,,PARAMETER,algaltox
1819,NRSA 1819 Algal Toxin,Algal Toxin,algaltox_DILUTION_FACTOR,DILUTION_FACTOR,Dilution factor,,,MICX,,,,PARAMETER,algaltox
1819,NRSA 1819 Algal Toxin,Algal Toxin,algaltox_EPA_REG,EPA_REG,EPA Region,,,DESIGN,,,,PARAMETER,algaltox
1819,NRSA 1819 Algal Toxin,Algal Toxin,algaltox_KIT_ID,KIT_ID,"Kit identification code. If one does not exist, assign a unique code to each kit.",,,MICX,,,,PARAMETER,algaltox
1819,NRSA 1819 Algal Toxin,Algal Toxin,algaltox_LAB,LAB,Laboratory processing sample,,,COLUMN,,,,PARAMETER,algaltox
1819,NRSA 1819 Algal Toxin,Algal Toxin,algaltox_MATRIX,MATRIX,Material used for analysis,,,COLUMN,,,,PARAMETER,algaltox
1819,NRSA 1819 Algal Toxin,Algal Toxin,algaltox_MATRIX,MATRIX,"Type of sample (e.g., water, sediment, tissue)",,,COLUMN,,,,PARAMETER,algaltox
1819,NRSA 1819 Algal Toxin,Algal Toxin,algaltox_MDL,MDL,Minimum Detection Limit,,,MICX,,,,PARAMETER,algaltox
1819,NRSA 1819 Algal Toxin,Algal Toxin,algaltox_NARS_FLAG,NARS_FLAG,NARS flag,,,MICX,,,,PARAMETER,algaltox
1819,NRSA 1819 Algal Toxin,Algal Toxin,algaltox_PUBLICATION_DATE,PUBLICATION_DATE,Date the dataset was published to the NARS site,,,COLUMN,,,,PARAMETER,algaltox
1819,NRSA 1819 Algal Toxin,Algal Toxin,algaltox_PUBLICATION_DATE,PUBLICATION_DATE,Date of data file publication,,,COLUMN,,,,PARAMETER,algaltox
1819,NRSA 1819 Algal Toxin,Algal Toxin,algaltox_RESULT,RESULT,Value of associated parameter,,,COLUMN,,,,PARAMETER,algaltox
1819,NRSA 1819 Algal Toxin,Algal Toxin,algaltox_RESULT_UNITS,RESULT_UNITS,Result unit,,,COLUMN,,,,PARAMETER,algaltox
1819,NRSA 1819 Algal Toxin,Algal Toxin,algaltox_RL,RL,Reporting Limit,,,MICX,,,,PARAMETER,algaltox
1819,NRSA 1819 Algal Toxin,Algal Toxin,algaltox_SAM_CODE,SAM_CODE,Sample code (Regular/Lab duplicate/Lab split),,,COLUMN,,,,PARAMETER,algaltox
1819,NRSA 1819 Algal Toxin,Algal Toxin,algaltox_SAM_CODE,SAM_CODE,"Sample code (e.g., regular, lab duplicate, lab split)",,,COLUMN,,,,PARAMETER,algaltox
1819,NRSA 1819 Algal Toxin,Algal Toxin,algaltox_SAMPLE_ID,SAMPLE_ID,Algal toxin (MICZ) sample id,,,MICX,,,,PARAMETER,algaltox
1819,NRSA 1819 Algal Toxin,Algal Toxin,algaltox_SAMPLE_ID,SAMPLE_ID,Algal toxin (MICZ) sample id,,,MICZ,,,,PARAMETER,algaltox
1819,NRSA 1819 Algal Toxin,Algal Toxin,algaltox_SAMPLE_TYPE,SAMPLE_TYPE,"Code identifying sample type: MICX=Microcystin, CYLSPER=Cylindrospermopsin, MICZ=Microcystin in legacy bottle type",,,COLUMN,,,,PARAMETER,algaltox
1819,NRSA 1819 Algal Toxin,Algal Toxin,algaltox_SITE_ID,SITE_ID,"Site ID for the study and year sampled. Preferred form is NRSnn_MM-xxxxx where nn is current cycle year (04, 08, 13, 18, etc), MM is two letter state code, and xxxxx is between 10001 and 99999. Text. No missing values allowed.",,,DESIGN,,,,PARAMETER,algaltox
1819,NRSA 1819 Algal Toxin,Algal Toxin,algaltox_SITE_ID,SITE_ID,Identification code for site,,,VERIF,,,,PARAMETER,algaltox
1819,NRSA 1819 Algal Toxin,Algal Toxin,algaltox_STATE,STATE,State of site,,,COLUMN,,,,PARAMETER,algaltox
1819,NRSA 1819 Algal Toxin,Algal Toxin,algaltox_STATE,STATE,State,,,VERIF,|AK|AL|AR|AZ|CA|CO|CT|DC|DE|FL|GA|HI|IA|ID|IL|IN|KS|KY|LA|MA|MD|ME|MI|MN|MO|MS|MT|NC|ND|NE|NH|NJ|NM|NV|NY|OH|OK|OR|PA|RI|SC|SD|TN|TX|UT|VA|VT|WA|WI|WV|WY,,,PARAMETER,algaltox
1819,NRSA 1819 Algal Toxin,Algal Toxin,algaltox_UID,UID,Unique identifier for the site/visit,,,COLUMN,,,,PARAMETER,algaltox
1819,NRSA 1819 Algal Toxin,Algal Toxin,algaltox_UID,UID,Unique site visit ID,,,COLUMN,,,,PARAMETER,algaltox
1819,NRSA 1819 Algal Toxin,Algal Toxin,algaltox_VISIT_NO,VISIT_NO,Sequential number of visit to site,,,VERIF,|1|2|R,,,PARAMETER,algaltox
1819,NRSA 1819 Benthic Macroinvertebrate Count,Benthic Macroinvertebrates,benthic_count_AG_ECO9,AG_ECO9,"NARS 9-level reporting region (2015), based on aggregated Omernik Level III ecoregions",,,DESIGN,CPL|NAP|NPL|SAP|SPL|TPL|UMW|WMT|XER|,,,COLUMN_NAME,benthic_count
1819,NRSA 1819 Benthic Macroinvertebrate Count,Benthic Macroinvertebrates,benthic_count_CLASS,CLASS,Class of taxon,,,TAXA: Invertebrates,,,,COLUMN_NAME,benthic_count
1819,NRSA 1819 Benthic Macroinvertebrate Count,Benthic Macroinvertebrates,benthic_count_DATE_COL,DATE_COL,Date collected,,,VERIF,|01|02|03|04|05|06|07|08|09|10|11|12,,,COLUMN_NAME,benthic_count
1819,NRSA 1819 Benthic Macroinvertebrate Count,Benthic Macroinvertebrates,benthic_count_EPA_REG,EPA_REG,EPA Region,,,DESIGN,Region_01|Region_02|Region_03|Region_04|Region_05|Region_06|Region_07|Region_08|Region_09|Region_10|,,,COLUMN_NAME,benthic_count
1819,NRSA 1819 Benthic Macroinvertebrate Count,Benthic Macroinvertebrates,benthic_count_FAMILY,FAMILY,Family of taxon,,,TAXA: Invertebrates,,,,COLUMN_NAME,benthic_count
1819,NRSA 1819 Benthic Macroinvertebrate Count,Benthic Macroinvertebrates,benthic_count_FFG,FFG,"Functional feeding group used in metric calculations;Collector-filterer(CF),Collector-gatherer(CG),Parasite(PA),Piercer(PI),Scraper(SC),Shredder(SH)",,,TAXA: Invertebrates,,,,COLUMN_NAME,benthic_count
1819,NRSA 1819 Benthic Macroinvertebrate Count,Benthic Macroinvertebrates,benthic_count_GENUS,GENUS,Genus of taxon,,,TAXA: Invertebrates,,,,COLUMN_NAME,benthic_count
1819,NRSA 1819 Benthic Macroinvertebrate Count,Benthic Macroinvertebrates,benthic_count_HABIT,HABIT,"Habit used in metric calculations;Burrower(BU),Climber(CB),Clinger(CN),Diver(DV),Planktonic(PK),Skater(SK),Sprawler(SP),Swimmer(SW)",,,TAXA: Invertebrates,,,,COLUMN_NAME,benthic_count
1819,NRSA 1819 Benthic Macroinvertebrate Count,Benthic Macroinvertebrates,benthic_count_IS_DISTINCT,IS_DISTINCT,Distinctness of taxon within sample,,,BERW,0|1,,,COLUMN_NAME,benthic_count
1819,NRSA 1819 Benthic Macroinvertebrate Count,Benthic Macroinvertebrates,benthic_count_IS_DISTINCT,IS_DISTINCT,Distinctness of taxon within sample,,,BETB,0|1,,,COLUMN_NAME,benthic_count
1819,NRSA 1819 Benthic Macroinvertebrate Count,Benthic Macroinvertebrates,benthic_count_IS_DISTINCT300,IS_DISTINCT300,Distinctness in 300 organism subsample,,,BERW,0|1,,,COLUMN_NAME,benthic_count
1819,NRSA 1819 Benthic Macroinvertebrate Count,Benthic Macroinvertebrates,benthic_count_IS_DISTINCT300,IS_DISTINCT300,Distinctness in 300 organism subsample,,,BETB,0|1,,,COLUMN_NAME,benthic_count
1819,NRSA 1819 Benthic Macroinvertebrate Count,Benthic Macroinvertebrates,benthic_count_NON_TARGET,NON_TARGET,Operational taxon unit for NRSA O/E,,,TAXA: Invertebrates,,,,COLUMN_NAME,benthic_count
1819,NRSA 1819 Benthic Macroinvertebrate Count,Benthic Macroinvertebrates,benthic_count_ORDER,ORDER,Order of taxon,,,TAXA: Invertebrates,,,,COLUMN_NAME,benthic_count
1819,NRSA 1819 Benthic Macroinvertebrate Count,Benthic Macroinvertebrates,benthic_count_PHYLUM,PHYLUM,Phylum of taxon,,,TAXA: Invertebrates,,,,COLUMN_NAME,benthic_count
1819,NRSA 1819 Benthic Macroinvertebrate Count,Benthic Macroinvertebrates,benthic_count_PTV,PTV,Pollution tolerance value as assigned for NWSA,,,TAXA: Invertebrates,,,,COLUMN_NAME,benthic_count
1819,NRSA 1819 Benthic Macroinvertebrate Count,Benthic Macroinvertebrates,benthic_count_SAMPLE_TYPE,SAMPLE_TYPE,Code identifying sample type,,,,,,,COLUMN_NAME,benthic_count
1819,NRSA 1819 Benthic Macroinvertebrate Count,Benthic Macroinvertebrates,benthic_count_SITE_ID,SITE_ID,"Site ID for the study and year sampled. Preferred form is NRSnn_MM-xxxxx where nn is current cycle year (04, 08, 13, 18, etc), MM is two letter state code, and xxxxx is between 10001 and 99999. Text. No missing values allowed.",,,DESIGN,,,,COLUMN_NAME,benthic_count
1819,NRSA 1819 Benthic Macroinvertebrate Count,Benthic Macroinvertebrates,benthic_count_SITE_ID,SITE_ID,Identification code for site,,,VERIF,,,,COLUMN_NAME,benthic_count
1819,NRSA 1819 Benthic Macroinvertebrate Count,Benthic Macroinvertebrates,benthic_count_SITESAMP,SITESAMP,Did you sample this site (Y/N),,,VERIF,|Y|N,,,COLUMN_NAME,benthic_count
1819,NRSA 1819 Benthic Macroinvertebrate Count,Benthic Macroinvertebrates,benthic_count_STATE,STATE,State,,,VERIF,|AK|AL|AR|AZ|CA|CO|CT|DC|DE|FL|GA|HI|IA|ID|IL|IN|KS|KY|LA|MA|MD|ME|MI|MN|MO|MS|MT|NC|ND|NE|NH|NJ|NM|NV|NY|OH|OK|OR|PA|RI|SC|SD|TN|TX|UT|VA|VT|WA|WI|WV|WY,,,COLUMN_NAME,benthic_count
1819,NRSA 1819 Benthic Macroinvertebrate Count,Benthic Macroinvertebrates,benthic_count_SUBFAMILY,SUBFAMILY,Subfamily of taxon,,,TAXA: Invertebrates,,,,COLUMN_NAME,benthic_count
1819,NRSA 1819 Benthic Macroinvertebrate Count,Benthic Macroinvertebrates,benthic_count_TARGET_TAXON,TARGET_TAXON,Taxaname at target hierarchical taxonomic level,,,BENT,,,,COLUMN_NAME,benthic_count
1819,NRSA 1819 Benthic Macroinvertebrate Count,Benthic Macroinvertebrates,benthic_count_TAXA_ID,TAXA_ID,NLA Taxon ID number,,,,,,,COLUMN_NAME,benthic_count
1819,NRSA 1819 Benthic Macroinvertebrate Count,Benthic Macroinvertebrates,benthic_count_TOTAL,TOTAL,Total number of individuals counted,,,BENT,,,,COLUMN_NAME,benthic_count
1819,NRSA 1819 Benthic Macroinvertebrate Count,Benthic Macroinvertebrates,benthic_count_TOTAL,TOTAL,Total number of individuals sorted for given taxon,,,BERW,,,,COLUMN_NAME,benthic_count
1819,NRSA 1819 Benthic Macroinvertebrate Count,Benthic Macroinvertebrates,benthic_count_TOTAL,TOTAL,Total number of individuals sorted for given taxon,,,BETB,,,,COLUMN_NAME,benthic_count
1819,NRSA 1819 Benthic Macroinvertebrate Count,Benthic Macroinvertebrates,benthic_count_TOTAL300,TOTAL300,Total of given taxon using subsampling.exe for 300 organism subsample,,,BERW,,,,COLUMN_NAME,benthic_count
1819,NRSA 1819 Benthic Macroinvertebrate Count,Benthic Macroinvertebrates,benthic_count_TOTAL300,TOTAL300,Total of given taxon using subsampling.exe for 300 organism subsample,,,BETB,,,,COLUMN_NAME,benthic_count
1819,NRSA 1819 Benthic Macroinvertebrate Count,Benthic Macroinvertebrates,benthic_count_TRIBE,TRIBE,Tribe of taxon,,,TAXA: Invertebrates,,,,COLUMN_NAME,benthic_count
1819,NRSA 1819 Benthic Macroinvertebrate Count,Benthic Macroinvertebrates,benthic_count_UID,UID,Unique identifier for the site/visit,,,,,,,COLUMN_NAME,benthic_count
1819,NRSA 1819 Benthic Macroinvertebrate Count,Benthic Macroinvertebrates,benthic_count_UNIQUE_ID,UNIQUE_ID,Unique site ID based on location that does not depend on year sampled or any other factor. Form is NRS_ss_nnnnn where ss state and nnnnn is number that starts at 10001. No missing values allowed.,,,,,,,COLUMN_NAME,benthic_count
1819,NRSA 1819 Benthic Macroinvertebrate Count,Benthic Macroinvertebrates,benthic_count_VISIT_NO,VISIT_NO,Sequential number of visit to site,,,VERIF,|1|2|R,,,COLUMN_NAME,benthic_count
1819,NRSA 1819 Benthic Macroinvertebrate MMI,Benthic Macroinvertebrates,benthic_mmi_AG_ECO9,AG_ECO9,"NARS 9-level reporting region (2015), based on aggregated Omernik Level III ecoregions",,,DESIGN,CPL|NAP|NPL|SAP|SPL|TPL|UMW|WMT|XER|,,,COLUMN_NAME,benthic_mmi
1819,NRSA 1819 Benthic Macroinvertebrate MMI,Benthic Macroinvertebrates,benthic_mmi_BENT_MMI_COND,BENT_MMI_COND,Condition class based on benthic MMI score,,,BERW,Good|Fair|Poor|Not Assessed,,,COLUMN_NAME,benthic_mmi
1819,NRSA 1819 Benthic Macroinvertebrate MMI,Benthic Macroinvertebrates,benthic_mmi_BENT_MMI_COND,BENT_MMI_COND,Condition class based on benthic MMI score,,,BERW,Good|Fair|Poor|Not Assessed,,,COLUMN_NAME,benthic_mmi
1819,NRSA 1819 Benthic Macroinvertebrate MMI,Benthic Macroinvertebrates,benthic_mmi_COMP_PT,COMP_PT,Metric score for composition metric,,,BERW,numeric,,,COLUMN_NAME,benthic_mmi
1819,NRSA 1819 Benthic Macroinvertebrate MMI,Benthic Macroinvertebrates,benthic_mmi_DATE_COL,DATE_COL,Date collected,,,VERIF,|01|02|03|04|05|06|07|08|09|10|11|12,,,COLUMN_NAME,benthic_mmi
1819,NRSA 1819 Benthic Macroinvertebrate MMI,Benthic Macroinvertebrates,benthic_mmi_DIVS_PT,DIVS_PT,Metric score for diversity metric,,,BERW,numeric,,,COLUMN_NAME,benthic_mmi
1819,NRSA 1819 Benthic Macroinvertebrate MMI,Benthic Macroinvertebrates,benthic_mmi_EPA_REG,EPA_REG,EPA Region,,,DESIGN,Region_01|Region_02|Region_03|Region_04|Region_05|Region_06|Region_07|Region_08|Region_09|Region_10|,,,COLUMN_NAME,benthic_mmi
1819,NRSA 1819 Benthic Macroinvertebrate MMI,Benthic Macroinvertebrates,benthic_mmi_FEED_PT,FEED_PT,Metric score for functional feeding group,,,BERW,numeric,,,COLUMN_NAME,benthic_mmi
1819,NRSA 1819 Benthic Macroinvertebrate MMI,Benthic Macroinvertebrates,benthic_mmi_HABT_PT,HABT_PT,Metric score for habit,,,BERW,numeric,,,COLUMN_NAME,benthic_mmi
1819,NRSA 1819 Benthic Macroinvertebrate MMI,Benthic Macroinvertebrates,benthic_mmi_MMI_BENT,MMI_BENT,Benthic MMI score,,,BERW,numeric,,,COLUMN_NAME,benthic_mmi
1819,NRSA 1819 Benthic Macroinvertebrate MMI,Benthic Macroinvertebrates,benthic_mmi_RICH_PT,RICH_PT,Metric score for taxa richness,,,BERW,numeric,,,COLUMN_NAME,benthic_mmi
1819,NRSA 1819 Benthic Macroinvertebrate MMI,Benthic Macroinvertebrates,benthic_mmi_SAMPLE_TYPE,SAMPLE_TYPE,Code identifying sample type,,,,,,,COLUMN_NAME,benthic_mmi
1819,NRSA 1819 Benthic Macroinvertebrate MMI,Benthic Macroinvertebrates,benthic_mmi_SITE_ID,SITE_ID,"Site ID for the study and year sampled. Preferred form is NRSnn_MM-xxxxx where nn is current cycle year (04, 08, 13, 18, etc), MM is two letter state code, and xxxxx is between 10001 and 99999. Text. No missing values allowed.",,,DESIGN,,,,COLUMN_NAME,benthic_mmi
1819,NRSA 1819 Benthic Macroinvertebrate MMI,Benthic Macroinvertebrates,benthic_mmi_SITE_ID,SITE_ID,Identification code for site,,,VERIF,,,,COLUMN_NAME,benthic_mmi
1819,NRSA 1819 Benthic Macroinvertebrate MMI,Benthic Macroinvertebrates,benthic_mmi_SITESAMP,SITESAMP,Did you sample this site (Y/N),,,VERIF,|Y|N,,,COLUMN_NAME,benthic_mmi
1819,NRSA 1819 Benthic Macroinvertebrate MMI,Benthic Macroinvertebrates,benthic_mmi_STATE,STATE,State,,,VERIF,|AK|AL|AR|AZ|CA|CO|CT|DC|DE|FL|GA|HI|IA|ID|IL|IN|KS|KY|LA|MA|MD|ME|MI|MN|MO|MS|MT|NC|ND|NE|NH|NJ|NM|NV|NY|OH|OK|OR|PA|RI|SC|SD|TN|TX|UT|VA|VT|WA|WI|WV|WY,,,COLUMN_NAME,benthic_mmi
1819,NRSA 1819 Benthic Macroinvertebrate MMI,Benthic Macroinvertebrates,benthic_mmi_TOLR_PT,TOLR_PT,Metric score for tolerance metric,,,BERW,numeric,,,COLUMN_NAME,benthic_mmi
1819,NRSA 1819 Benthic Macroinvertebrate MMI,Benthic Macroinvertebrates,benthic_mmi_UID,UID,Unique identifier for the site/visit,,,,,,,COLUMN_NAME,benthic_mmi
1819,NRSA 1819 Benthic Macroinvertebrate MMI,Benthic Macroinvertebrates,benthic_mmi_UNIQUE_ID,UNIQUE_ID,Unique site ID based on location that does not depend on year sampled or any other factor. Form is NRS_ss_nnnnn where ss state and nnnnn is number that starts at 10001. No missing values allowed.,,,,,,,COLUMN_NAME,benthic_mmi
1819,NRSA 1819 Benthic Macroinvertebrate MMI,Benthic Macroinvertebrates,benthic_mmi_VISIT_NO,VISIT_NO,Sequential number of visit to site,,,VERIF,|1|2|R,,,COLUMN_NAME,benthic_mmi
1819,NRSA 1819 Mercury in Fish Tissue Plugs,Fish,fish_hg_ANALYST,ANALYST,Laboratory analyst,,,FPLG,,,,PARAMETER,fish_hg
1819,NRSA 1819 Mercury in Fish Tissue Plugs,Fish,fish_hg_ANALYTE,ANALYTE,Analyte,,,COLUMN,,,,PARAMETER,fish_hg
1819,NRSA 1819 Mercury in Fish Tissue Plugs,Fish,fish_hg_ARRIVAL_TEMP,ARRIVAL_TEMP,Temperature upon arrival at lab,,,FPLG,,,,PARAMETER,fish_hg
1819,NRSA 1819 Mercury in Fish Tissue Plugs,Fish,fish_hg_BATCH_ID,BATCH_ID,Laboratory batch number,,,COLUMN,,,,PARAMETER,fish_hg
1819,NRSA 1819 Mercury in Fish Tissue Plugs,Fish,fish_hg_CAS_NO,CAS_NO,Chemical Abstracts Service number,,,FPLG,,,,PARAMETER,fish_hg
1819,NRSA 1819 Mercury in Fish Tissue Plugs,Fish,fish_hg_CONDITION_CODE,CONDITION_CODE,Condition of sample code,,,FPLG,,,,PARAMETER,fish_hg
1819,NRSA 1819 Mercury in Fish Tissue Plugs,Fish,fish_hg_DATE_COL,DATE_COL,Date collected,,,VERIF,|01|02|03|04|05|06|07|08|09|10|11|12,,,PARAMETER,fish_hg
1819,NRSA 1819 Mercury in Fish Tissue Plugs,Fish,fish_hg_DATE_PROCESSED,DATE_PROCESSED,Date sample processed,,,FPLG,,,,PARAMETER,fish_hg
1819,NRSA 1819 Mercury in Fish Tissue Plugs,Fish,fish_hg_DILUTION,DILUTION,Dilution of sample,,,FPLG,,,,PARAMETER,fish_hg
1819,NRSA 1819 Mercury in Fish Tissue Plugs,Fish,fish_hg_INSTRUMENT,INSTRUMENT,Instrument used,,,FPLG,,,,PARAMETER,fish_hg
1819,NRSA 1819 Mercury in Fish Tissue Plugs,Fish,fish_hg_LAB,LAB,Laboratory processing sample,,,COLUMN,,,,PARAMETER,fish_hg
1819,NRSA 1819 Mercury in Fish Tissue Plugs,Fish,fish_hg_LAB_SAMPLE_ID,LAB_SAMPLE_ID,Laboratory sample ID,,,FPLG,,,,PARAMETER,fish_hg
1819,NRSA 1819 Mercury in Fish Tissue Plugs,Fish,fish_hg_MATRIX,MATRIX,Material used for analysis,,,COLUMN,,,,PARAMETER,fish_hg
1819,NRSA 1819 Mercury in Fish Tissue Plugs,Fish,fish_hg_MDL,MDL,Minimum Detection Limit,,,FPLG,,,,PARAMETER,fish_hg
1819,NRSA 1819 Mercury in Fish Tissue Plugs,Fish,fish_hg_METHOD,METHOD,,,,FPLG,|ELECTROFISH|HOOK|SEINE|OTHER,,,PARAMETER,fish_hg
1819,NRSA 1819 Mercury in Fish Tissue Plugs,Fish,fish_hg_NAME_COM,NAME_COM,FPLG_NAME_COM,,,FPLG,,,,PARAMETER,fish_hg
1819,NRSA 1819 Mercury in Fish Tissue Plugs,Fish,fish_hg_PUBLICATION_DATE,PUBLICATION_DATE,Date the dataset was published to the NARS site,,,COLUMN,,,,PARAMETER,fish_hg
1819,NRSA 1819 Mercury in Fish Tissue Plugs,Fish,fish_hg_RESULT,RESULT,Value of associated parameter,,,COLUMN,,,,PARAMETER,fish_hg
1819,NRSA 1819 Mercury in Fish Tissue Plugs,Fish,fish_hg_RL,RL,Reporting Limit,,,FPLG,,,,PARAMETER,fish_hg
1819,NRSA 1819 Mercury in Fish Tissue Plugs,Fish,fish_hg_SAM_CODE,SAM_CODE,Sample code (Regular/Lab duplicate/Lab split),,,COLUMN,,,,PARAMETER,fish_hg
1819,NRSA 1819 Mercury in Fish Tissue Plugs,Fish,fish_hg_SAMPLE_ID,SAMPLE_ID,FPLG_SAMPLE_ID,,,FPLG,,,,PARAMETER,fish_hg
1819,NRSA 1819 Mercury in Fish Tissue Plugs,Fish,fish_hg_SAMPLE_TYPE,SAMPLE_TYPE,Code identifying sample type,,,COLUMN,,,,PARAMETER,fish_hg
1819,NRSA 1819 Mercury in Fish Tissue Plugs,Fish,fish_hg_SITE_ID,SITE_ID,Identification code for site,,,VERIF,,,,PARAMETER,fish_hg
1819,NRSA 1819 Mercury in Fish Tissue Plugs,Fish,fish_hg_STATE,STATE,State,,,VERIF,|AK|AL|AR|AZ|CA|CO|CT|DC|DE|FL|GA|HI|IA|ID|IL|IN|KS|KY|LA|MA|MD|ME|MI|MN|MO|MS|MT|NC|ND|NE|NH|NJ|NM|NV|NY|OH|OK|OR|PA|RI|SC|SD|TN|TX|UT|VA|VT|WA|WI|WV|WY,,,PARAMETER,fish_hg
1819,NRSA 1819 Mercury in Fish Tissue Plugs,Fish,fish_hg_UID,UID,Unique identifier for the site/visit,,,COLUMN,,,,PARAMETER,fish_hg
1819,NRSA 1819 Mercury in Fish Tissue Plugs,Fish,fish_hg_UNITS,UNITS,Units of measurement,,,COLUMN,,,,PARAMETER,fish_hg
1819,NRSA 1819 Mercury in Fish Tissue Plugs,Fish,fish_hg_VISIT_NO,VISIT_NO,Sequential number of visit to site,,,VERIF,|1|2|R,,,PARAMETER,fish_hg
1819,NRSA 1819 Fish Sampling Information,Fish,fish_sampling_CONDUCTIVITY,CONDUCTIVITY,Conductivity (uS/cm),,,FISH,,,,PARAMETER,fish_sampling
1819,NRSA 1819 Fish Sampling Information,Fish,fish_sampling_CORRECTED,CORRECTED,Corrected to 25C,,,FISH,|Y|N,,,PARAMETER,fish_sampling
1819,NRSA 1819 Fish Sampling Information,Fish,fish_sampling_DATE_COL,DATE_COL,Date collected,,,VERIF,|01|02|03|04|05|06|07|08|09|10|11|12,,,PARAMETER,fish_sampling
1819,NRSA 1819 Fish Sampling Information,Fish,fish_sampling_FISH_PROTOCOL,FISH_PROTOCOL,Fish Sampling Protocol,,,FISH,|LG_NONWADEABLE|LG_WADEABLE|SM_NONWADEABLE|SM_WADEABLE,,,PARAMETER,fish_sampling
1819,NRSA 1819 Fish Sampling Information,Fish,fish_sampling_FISH_PROTOCOL_FLAG,FISH_PROTOCOL_FLAG,Flag associated with Fish Sampling Protocol,,,FISH,,,,PARAMETER,fish_sampling
1819,NRSA 1819 Fish Sampling Information,Fish,fish_sampling_FISH_RESPONSE,FISH_RESPONSE,How did fish respond to electrofishing?,,,FISH,|IMMOBILE|INHIBITED|ESCAPE,,,PARAMETER,fish_sampling
1819,NRSA 1819 Fish Sampling Information,Fish,fish_sampling_FISH_SAMPLING,FISH_SAMPLING,Fish Sampling - Not Conducted or Suspended,,,FISH,|NO_FISH|NOT_FISHED_REACH_MIN|NO_PERMIT|SITE_CONDITIONS|PERMIT_RESTRICT|EQUIPMENT_FAILURE|NO_FISH_OBSERVED,,,PARAMETER,fish_sampling
1819,NRSA 1819 Fish Sampling Information,Fish,fish_sampling_FISH_SAMPLING_FLAG,FISH_SAMPLING_FLAG,Flag associated with Fish Sampling - Not Conducted or Suspended,,,FISH,,,,PARAMETER,fish_sampling
1819,NRSA 1819 Fish Sampling Information,Fish,fish_sampling_FISH_SAMPLING_SUFFICIENT,FISH_SAMPLING_SUFFICIENT,Did conditions allow for sufficient sampling?,,,FISH,|Y|N|NOT_SURE,,,PARAMETER,fish_sampling
1819,NRSA 1819 Fish Sampling Information,Fish,fish_sampling_FISHGEAR_REVIEW,FISHGEAR_REVIEW,FISHGEAR_REVIEW,,,FISH,|Y,,,PARAMETER,fish_sampling
1819,NRSA 1819 Fish Sampling Information,Fish,fish_sampling_HIGH_GRADIENT,HIGH_GRADIENT,Fast flowing high gradient site,,,FISH,|Y,,,PARAMETER,fish_sampling
1819,NRSA 1819 Fish Sampling Information,Fish,fish_sampling_PRIM_AMPS,PRIM_AMPS,Amps,,,FISH,,,,PARAMETER,fish_sampling
1819,NRSA 1819 Fish Sampling Information,Fish,fish_sampling_PRIM_AMPS_FLAG,PRIM_AMPS_FLAG,Flag associated with Amps,,,FISH,,,,PARAMETER,fish_sampling
1819,NRSA 1819 Fish Sampling Information,Fish,fish_sampling_PRIM_ANODE,PRIM_ANODE,Anodes Number,,,FISH,,0.0,30.0,PARAMETER,fish_sampling
1819,NRSA 1819 Fish Sampling Information,Fish,fish_sampling_PRIM_ANODE_FLAG,PRIM_ANODE_FLAG,Flag associated with Anodes Number,,,FISH,,,,PARAMETER,fish_sampling
1819,NRSA 1819 Fish Sampling Information,Fish,fish_sampling_PRIM_AVG_HAUL,PRIM_AVG_HAUL,Average Haul Length (m),,,FISH,,,,PARAMETER,fish_sampling
1819,NRSA 1819 Fish Sampling Information,Fish,fish_sampling_PRIM_AVG_HAUL_FLAG,PRIM_AVG_HAUL_FLAG,Flag associated with Average Haul Length (m),,,FISH,,,,PARAMETER,fish_sampling
1819,NRSA 1819 Fish Sampling Information,Fish,fish_sampling_PRIM_CREW,PRIM_CREW,Number of crew members,,,FISH,,0.0,10.0,PARAMETER,fish_sampling
1819,NRSA 1819 Fish Sampling Information,Fish,fish_sampling_PRIM_CREW_FLAG,PRIM_CREW_FLAG,Flag associated with Number of crew members,,,FISH,,,,PARAMETER,fish_sampling
1819,NRSA 1819 Fish Sampling Information,Fish,fish_sampling_PRIM_FSHTIME,PRIM_FSHTIME,Total Fishing Time (min),,,FISH,,,,PARAMETER,fish_sampling
1819,NRSA 1819 Fish Sampling Information,Fish,fish_sampling_PRIM_FSHTIME_FLAG,PRIM_FSHTIME_FLAG,Flag associated with Total Fishing Time (min),,,FISH,,,,PARAMETER,fish_sampling
1819,NRSA 1819 Fish Sampling Information,Fish,fish_sampling_PRIM_GEAR,PRIM_GEAR,Primary Electrofishing Gear,,,FISH,|BOAT|RAFT|BACKPACK|BARGE,,,PARAMETER,fish_sampling
1819,NRSA 1819 Fish Sampling Information,Fish,fish_sampling_PRIM_GEAR_FLAG,PRIM_GEAR_FLAG,Flag associated with Primary Electrofishing Gear,,,FISH,,,,PARAMETER,fish_sampling
1819,NRSA 1819 Fish Sampling Information,Fish,fish_sampling_PRIM_HAULS,PRIM_HAULS,Number of hauls,,,FISH,,,,PARAMETER,fish_sampling
1819,NRSA 1819 Fish Sampling Information,Fish,fish_sampling_PRIM_HAULS_FLAG,PRIM_HAULS_FLAG,Flag associated with Number of hauls,,,FISH,,,,PARAMETER,fish_sampling
1819,NRSA 1819 Fish Sampling Information,Fish,fish_sampling_PRIM_HEIGHT,PRIM_HEIGHT,Height (m),,,FISH,,,,PARAMETER,fish_sampling
1819,NRSA 1819 Fish Sampling Information,Fish,fish_sampling_PRIM_HEIGHT_FLAG,PRIM_HEIGHT_FLAG,Flag associated with Height (m),,,FISH,,,,PARAMETER,fish_sampling
1819,NRSA 1819 Fish Sampling Information,Fish,fish_sampling_PRIM_LENGTH,PRIM_LENGTH,Length (m),,,FISH,,,,PARAMETER,fish_sampling
1819,NRSA 1819 Fish Sampling Information,Fish,fish_sampling_PRIM_LENGTH_FISHED,PRIM_LENGTH_FISHED,Length sampled(m).,,,FISH,,,,PARAMETER,fish_sampling
1819,NRSA 1819 Fish Sampling Information,Fish,fish_sampling_PRIM_LENGTH_FISHED_FLAG,PRIM_LENGTH_FISHED_FLAG,Flag associated with Length sampled(m).,,,FISH,,,,PARAMETER,fish_sampling
1819,NRSA 1819 Fish Sampling Information,Fish,fish_sampling_PRIM_LENGTH_FLAG,PRIM_LENGTH_FLAG,Flag associated with Length (m),,,FISH,,,,PARAMETER,fish_sampling
1819,NRSA 1819 Fish Sampling Information,Fish,fish_sampling_PRIM_LENGTH_SEINE,PRIM_LENGTH_SEINE,Length sampled(m).,,,FISH,,,,PARAMETER,fish_sampling
1819,NRSA 1819 Fish Sampling Information,Fish,fish_sampling_PRIM_LENGTH_SEINE_FLAG,PRIM_LENGTH_SEINE_FLAG,Flag associated with Length sampled(m).,,,FISH,,,,PARAMETER,fish_sampling
1819,NRSA 1819 Fish Sampling Information,Fish,fish_sampling_PRIM_MESH,PRIM_MESH,Mesh (mm),,,FISH,,,,PARAMETER,fish_sampling
1819,NRSA 1819 Fish Sampling Information,Fish,fish_sampling_PRIM_MESH_FLAG,PRIM_MESH_FLAG,Flag associated with Mesh (mm),,,FISH,,,,PARAMETER,fish_sampling
1819,NRSA 1819 Fish Sampling Information,Fish,fish_sampling_PRIM_MODEL,PRIM_MODEL,PRIM_MODEL,,,FISH,,,,PARAMETER,fish_sampling
1819,NRSA 1819 Fish Sampling Information,Fish,fish_sampling_PRIM_MODEL_FLAG,PRIM_MODEL_FLAG,Flag associated with PRIM_MODEL,,,FISH,,,,PARAMETER,fish_sampling
1819,NRSA 1819 Fish Sampling Information,Fish,fish_sampling_PRIM_NET_DIAM,PRIM_NET_DIAM,Anodes Diameter (in or cm),,,FISH,,0.0,30.0,PARAMETER,fish_sampling
1819,NRSA 1819 Fish Sampling Information,Fish,fish_sampling_PRIM_NET_DIAM_FLAG,PRIM_NET_DIAM_FLAG,Flag associated with Anodes Diameter (in or cm),,,FISH,,,,PARAMETER,fish_sampling
1819,NRSA 1819 Fish Sampling Information,Fish,fish_sampling_PRIM_NET_UNITS,PRIM_NET_UNITS,Anodes Diameter units,,,FISH,|IN|CM,,,PARAMETER,fish_sampling
1819,NRSA 1819 Fish Sampling Information,Fish,fish_sampling_PRIM_NET_UNITS_FLAG,PRIM_NET_UNITS_FLAG,Flag associated with Anodes Diameter units,,,FISH,,,,PARAMETER,fish_sampling
1819,NRSA 1819 Fish Sampling Information,Fish,fish_sampling_PRIM_NETTERS,PRIM_NETTERS,Number of netters,,,FISH,,0.0,2.0,PARAMETER,fish_sampling
1819,NRSA 1819 Fish Sampling Information,Fish,fish_sampling_PRIM_NETTERS_FLAG,PRIM_NETTERS_FLAG,Flag associated with Number of netters,,,FISH,,,,PARAMETER,fish_sampling
1819,NRSA 1819 Fish Sampling Information,Fish,fish_sampling_PRIM_POWER,PRIM_POWER,PRIM_POWER,,,FISH,,,,PARAMETER,fish_sampling
1819,NRSA 1819 Fish Sampling Information,Fish,fish_sampling_PRIM_POWER_FLAG,PRIM_POWER_FLAG,Flag associated with PRIM_POWER,,,FISH,,,,PARAMETER,fish_sampling
1819,NRSA 1819 Fish Sampling Information,Fish,fish_sampling_PRIM_PULSRATE,PRIM_PULSRATE,Pulse Rate (pps/Hz),,,FISH,,,,PARAMETER,fish_sampling
1819,NRSA 1819 Fish Sampling Information,Fish,fish_sampling_PRIM_PULSRATE_FLAG,PRIM_PULSRATE_FLAG,Flag associated with Pulse Rate (pps/Hz),,,FISH,,,,PARAMETER,fish_sampling
1819,NRSA 1819 Fish Sampling Information,Fish,fish_sampling_PRIM_PULSWID,PRIM_PULSWID,Pulse Width (ms),,,FISH,,,,PARAMETER,fish_sampling
1819,NRSA 1819 Fish Sampling Information,Fish,fish_sampling_PRIM_PULSWID_FLAG,PRIM_PULSWID_FLAG,Flag associated with Pulse Width (ms),,,FISH,,,,PARAMETER,fish_sampling
1819,NRSA 1819 Fish Sampling Information,Fish,fish_sampling_PRIM_SEINE,PRIM_SEINE,Type Seine Net,,,FISH,|BAG|MINNOW,,,PARAMETER,fish_sampling
1819,NRSA 1819 Fish Sampling Information,Fish,fish_sampling_PRIM_SEINE_FLAG,PRIM_SEINE_FLAG,Flag associated with Type Seine Net,,,FISH,,,,PARAMETER,fish_sampling
1819,NRSA 1819 Fish Sampling Information,Fish,fish_sampling_PRIM_SHKTIME,PRIM_SHKTIME,Total Shock button Time (s),,,FISH,,,,PARAMETER,fish_sampling
1819,NRSA 1819 Fish Sampling Information,Fish,fish_sampling_PRIM_SHKTIME_FLAG,PRIM_SHKTIME_FLAG,Flag associated with Total Shock button Time (s),,,FISH,,,,PARAMETER,fish_sampling
1819,NRSA 1819 Fish Sampling Information,Fish,fish_sampling_PRIM_TOT_SEINE,PRIM_TOT_SEINE,Total Seining Time (min),,,FISH,,,,PARAMETER,fish_sampling
1819,NRSA 1819 Fish Sampling Information,Fish,fish_sampling_PRIM_TOT_SEINE_FLAG,PRIM_TOT_SEINE_FLAG,Flag associated with Total Seining Time (min),,,FISH,,,,PARAMETER,fish_sampling
1819,NRSA 1819 Fish Sampling Information,Fish,fish_sampling_PRIM_VOLTS,PRIM_VOLTS,Volts,,,FISH,,50.0,1000.0,PARAMETER,fish_sampling
1819,NRSA 1819 Fish Sampling Information,Fish,fish_sampling_PRIM_VOLTS_FLAG,PRIM_VOLTS_FLAG,Flag associated with Volts,,,FISH,,,,PARAMETER,fish_sampling
1819,NRSA 1819 Fish Sampling Information,Fish,fish_sampling_PRIM_WATTS,PRIM_WATTS,"Watts: likely 400 (bp), 2500 or 5000 (boat/raft)",,,FISH,,,,PARAMETER,fish_sampling
1819,NRSA 1819 Fish Sampling Information,Fish,fish_sampling_PRIM_WATTS_FLAG,PRIM_WATTS_FLAG,"Flag associated with Watts: likely 400 (bp), 2500 or 5000 (boat/raft)",,,FISH,,,,PARAMETER,fish_sampling
1819,NRSA 1819 Fish Sampling Information,Fish,fish_sampling_PRIM_WAVEFORM,PRIM_WAVEFORM,Wave Form,,,FISH,|AC|DC|PULSED_DC,,,PARAMETER,fish_sampling
1819,NRSA 1819 Fish Sampling Information,Fish,fish_sampling_PRIM_WAVEFORM_FLAG,PRIM_WAVEFORM_FLAG,Flag associated with Wave Form,,,FISH,,,,PARAMETER,fish_sampling
1819,NRSA 1819 Fish Sampling Information,Fish,fish_sampling_PUBLICATION_DATE,PUBLICATION_DATE,Date the dataset was published to the NARS site,,,COLUMN,,,,PARAMETER,fish_sampling
1819,NRSA 1819 Fish Sampling Information,Fish,fish_sampling_RCH_LENGTH,RCH_LENGTH,Final Length of Fishing Reach (m),,,FISH,,,,PARAMETER,fish_sampling
1819,NRSA 1819 Fish Sampling Information,Fish,fish_sampling_SAMPLE_TYPE,SAMPLE_TYPE,Code identifying sample type,,,COLUMN,,,,PARAMETER,fish_sampling
1819,NRSA 1819 Fish Sampling Information,Fish,fish_sampling_SEC_AMPS,SEC_AMPS,Amps,,,FISH,,,,PARAMETER,fish_sampling
1819,NRSA 1819 Fish Sampling Information,Fish,fish_sampling_SEC_AMPS_FLAG,SEC_AMPS_FLAG,Flag associated with Amps,,,FISH,,,,PARAMETER,fish_sampling
1819,NRSA 1819 Fish Sampling Information,Fish,fish_sampling_SEC_ANODE,SEC_ANODE,Anodes Number,,,FISH,,0.0,30.0,PARAMETER,fish_sampling
1819,NRSA 1819 Fish Sampling Information,Fish,fish_sampling_SEC_ANODE_FLAG,SEC_ANODE_FLAG,Flag associated with Anodes Number,,,FISH,,,,PARAMETER,fish_sampling
1819,NRSA 1819 Fish Sampling Information,Fish,fish_sampling_SEC_AVG_HAUL,SEC_AVG_HAUL,Average Haul Length (m),,,FISH,,,,PARAMETER,fish_sampling
1819,NRSA 1819 Fish Sampling Information,Fish,fish_sampling_SEC_AVG_HAUL_FLAG,SEC_AVG_HAUL_FLAG,Flag associated with Average Haul Length (m),,,FISH,,,,PARAMETER,fish_sampling
1819,NRSA 1819 Fish Sampling Information,Fish,fish_sampling_SEC_CREW,SEC_CREW,Number of crew members,,,FISH,,0.0,10.0,PARAMETER,fish_sampling
1819,NRSA 1819 Fish Sampling Information,Fish,fish_sampling_SEC_CREW_FLAG,SEC_CREW_FLAG,Flag associated with Number of crew members,,,FISH,,,,PARAMETER,fish_sampling
1819,NRSA 1819 Fish Sampling Information,Fish,fish_sampling_SEC_FSHTIME,SEC_FSHTIME,Total Fishing Time (min),,,FISH,,,,PARAMETER,fish_sampling
1819,NRSA 1819 Fish Sampling Information,Fish,fish_sampling_SEC_FSHTIME_FLAG,SEC_FSHTIME_FLAG,Flag associated with Total Fishing Time (min),,,FISH,,,,PARAMETER,fish_sampling
1819,NRSA 1819 Fish Sampling Information,Fish,fish_sampling_SEC_GEAR,SEC_GEAR,Primary Electrofishing Gear,,,FISH,|BOAT|RAFT|BACKPACK|BARGE,,,PARAMETER,fish_sampling
1819,NRSA 1819 Fish Sampling Information,Fish,fish_sampling_SEC_GEAR_FLAG,SEC_GEAR_FLAG,Flag associated with Primary Electrofishing Gear,,,FISH,,,,PARAMETER,fish_sampling
1819,NRSA 1819 Fish Sampling Information,Fish,fish_sampling_SEC_HAULS,SEC_HAULS,Number of hauls,,,FISH,,,,PARAMETER,fish_sampling
1819,NRSA 1819 Fish Sampling Information,Fish,fish_sampling_SEC_HAULS_FLAG,SEC_HAULS_FLAG,Flag associated with Number of hauls,,,FISH,,,,PARAMETER,fish_sampling
1819,NRSA 1819 Fish Sampling Information,Fish,fish_sampling_SEC_HEIGHT,SEC_HEIGHT,Height (m),,,FISH,,,,PARAMETER,fish_sampling
1819,NRSA 1819 Fish Sampling Information,Fish,fish_sampling_SEC_HEIGHT_FLAG,SEC_HEIGHT_FLAG,Flag associated with Height (m),,,FISH,,,,PARAMETER,fish_sampling
1819,NRSA 1819 Fish Sampling Information,Fish,fish_sampling_SEC_LENGTH,SEC_LENGTH,Length (m),,,FISH,,,,PARAMETER,fish_sampling
1819,NRSA 1819 Fish Sampling Information,Fish,fish_sampling_SEC_LENGTH_FISHED,SEC_LENGTH_FISHED,Length sampled(m).,,,FISH,,,,PARAMETER,fish_sampling
1819,NRSA 1819 Fish Sampling Information,Fish,fish_sampling_SEC_LENGTH_FISHED_FLAG,SEC_LENGTH_FISHED_FLAG,Flag associated with Length sampled(m).,,,FISH,,,,PARAMETER,fish_sampling
1819,NRSA 1819 Fish Sampling Information,Fish,fish_sampling_SEC_LENGTH_FLAG,SEC_LENGTH_FLAG,Flag associated with Length (m),,,FISH,,,,PARAMETER,fish_sampling
1819,NRSA 1819 Fish Sampling Information,Fish,fish_sampling_SEC_LENGTH_SEINE,SEC_LENGTH_SEINE,Length sampled(m).,,,FISH,,,,PARAMETER,fish_sampling
1819,NRSA 1819 Fish Sampling Information,Fish,fish_sampling_SEC_LENGTH_SEINE_FLAG,SEC_LENGTH_SEINE_FLAG,Flag associated with Length sampled(m).,,,FISH,,,,PARAMETER,fish_sampling
1819,NRSA 1819 Fish Sampling Information,Fish,fish_sampling_SEC_MESH,SEC_MESH,Mesh (mm),,,FISH,,0.0,30.0,PARAMETER,fish_sampling
1819,NRSA 1819 Fish Sampling Information,Fish,fish_sampling_SEC_MESH_FLAG,SEC_MESH_FLAG,Flag associated with Mesh (mm),,,FISH,,,,PARAMETER,fish_sampling
1819,NRSA 1819 Fish Sampling Information,Fish,fish_sampling_SEC_MODEL,SEC_MODEL,SEC_MODEL,,,FISH,,,,PARAMETER,fish_sampling
1819,NRSA 1819 Fish Sampling Information,Fish,fish_sampling_SEC_MODEL_FLAG,SEC_MODEL_FLAG,Flag associated with SEC_MODEL,,,FISH,,,,PARAMETER,fish_sampling
1819,NRSA 1819 Fish Sampling Information,Fish,fish_sampling_SEC_NET_DIAM,SEC_NET_DIAM,Anodes Diameter (in or cm),,,FISH,,0.0,30.0,PARAMETER,fish_sampling
1819,NRSA 1819 Fish Sampling Information,Fish,fish_sampling_SEC_NET_DIAM_FLAG,SEC_NET_DIAM_FLAG,Flag associated with Anodes Diameter (in or cm),,,FISH,,,,PARAMETER,fish_sampling
1819,NRSA 1819 Fish Sampling Information,Fish,fish_sampling_SEC_NET_UNITS,SEC_NET_UNITS,Anodes Diameter units,,,FISH,|IN|CM,,,PARAMETER,fish_sampling
1819,NRSA 1819 Fish Sampling Information,Fish,fish_sampling_SEC_NET_UNITS_FLAG,SEC_NET_UNITS_FLAG,Flag associated with Anodes Diameter units,,,FISH,,,,PARAMETER,fish_sampling
1819,NRSA 1819 Fish Sampling Information,Fish,fish_sampling_SEC_NETTERS,SEC_NETTERS,Number of netters,,,FISH,,0.0,30.0,PARAMETER,fish_sampling
1819,NRSA 1819 Fish Sampling Information,Fish,fish_sampling_SEC_NETTERS_FLAG,SEC_NETTERS_FLAG,Flag associated with Number of netters,,,FISH,,,,PARAMETER,fish_sampling
1819,NRSA 1819 Fish Sampling Information,Fish,fish_sampling_SEC_POWER,SEC_POWER,SEC_POWER,,,FISH,,,,PARAMETER,fish_sampling
1819,NRSA 1819 Fish Sampling Information,Fish,fish_sampling_SEC_POWER_FLAG,SEC_POWER_FLAG,Flag associated with SEC_POWER,,,FISH,,,,PARAMETER,fish_sampling
1819,NRSA 1819 Fish Sampling Information,Fish,fish_sampling_SEC_PULSRATE,SEC_PULSRATE,Pulse Rate (pps/Hz),,,FISH,,,,PARAMETER,fish_sampling
1819,NRSA 1819 Fish Sampling Information,Fish,fish_sampling_SEC_PULSRATE_FLAG,SEC_PULSRATE_FLAG,Flag associated with Pulse Rate (pps/Hz),,,FISH,,,,PARAMETER,fish_sampling
1819,NRSA 1819 Fish Sampling Information,Fish,fish_sampling_SEC_PULSWID,SEC_PULSWID,Pulse Width (ms),,,FISH,,,,PARAMETER,fish_sampling
1819,NRSA 1819 Fish Sampling Information,Fish,fish_sampling_SEC_PULSWID_FLAG,SEC_PULSWID_FLAG,Flag associated with Pulse Width (ms),,,FISH,,,,PARAMETER,fish_sampling
1819,NRSA 1819 Fish Sampling Information,Fish,fish_sampling_SEC_SEINE,SEC_SEINE,Type Seine Net,,,FISH,|BAG|MINNOW,,,PARAMETER,fish_sampling
1819,NRSA 1819 Fish Sampling Information,Fish,fish_sampling_SEC_SEINE_FLAG,SEC_SEINE_FLAG,Flag associated with Type Seine Net,,,FISH,,,,PARAMETER,fish_sampling
1819,NRSA 1819 Fish Sampling Information,Fish,fish_sampling_SEC_SHKTIME,SEC_SHKTIME,Total Shock button Time (s),,,FISH,,,,PARAMETER,fish_sampling
1819,NRSA 1819 Fish Sampling Information,Fish,fish_sampling_SEC_SHKTIME_FLAG,SEC_SHKTIME_FLAG,Flag associated with Total Shock button Time (s),,,FISH,,,,PARAMETER,fish_sampling
1819,NRSA 1819 Fish Sampling Information,Fish,fish_sampling_SEC_TOT_SEINE,SEC_TOT_SEINE,Total Seining Time (min),,,FISH,,,,PARAMETER,fish_sampling
1819,NRSA 1819 Fish Sampling Information,Fish,fish_sampling_SEC_TOT_SEINE_FLAG,SEC_TOT_SEINE_FLAG,Flag associated with Total Seining Time (min),,,FISH,,,,PARAMETER,fish_sampling
1819,NRSA 1819 Fish Sampling Information,Fish,fish_sampling_SEC_VOLTS,SEC_VOLTS,Volts,,,FISH,,50.0,1000.0,PARAMETER,fish_sampling
1819,NRSA 1819 Fish Sampling Information,Fish,fish_sampling_SEC_VOLTS_FLAG,SEC_VOLTS_FLAG,Flag associated with Volts,,,FISH,,,,PARAMETER,fish_sampling
1819,NRSA 1819 Fish Sampling Information,Fish,fish_sampling_SEC_WATTS,SEC_WATTS,"Watts: likely 400 (bp), 2500 or 5000 (boat/raft)",,,FISH,,,,PARAMETER,fish_sampling
1819,NRSA 1819 Fish Sampling Information,Fish,fish_sampling_SEC_WATTS_FLAG,SEC_WATTS_FLAG,"Flag associated with Watts: likely 400 (bp), 2500 or 5000 (boat/raft)",,,FISH,,,,PARAMETER,fish_sampling
1819,NRSA 1819 Fish Sampling Information,Fish,fish_sampling_SEC_WAVEFORM,SEC_WAVEFORM,Wave Form,,,FISH,|AC|DC|PULSED_DC,,,PARAMETER,fish_sampling
1819,NRSA 1819 Fish Sampling Information,Fish,fish_sampling_SEC_WAVEFORM_FLAG,SEC_WAVEFORM_FLAG,Flag associated with Wave Form,,,FISH,,,,PARAMETER,fish_sampling
1819,NRSA 1819 Fish Sampling Information,Fish,fish_sampling_SITE_ID,SITE_ID,Identification code for site,,,VERIF,,,,PARAMETER,fish_sampling
1819,NRSA 1819 Fish Sampling Information,Fish,fish_sampling_STATE,STATE,State,,,VERIF,|AK|AL|AR|AZ|CA|CO|CT|DC|DE|FL|GA|HI|IA|ID|IL|IN|KS|KY|LA|MA|MD|ME|MI|MN|MO|MS|MT|NC|ND|NE|NH|NJ|NM|NV|NY|OH|OK|OR|PA|RI|SC|SD|TN|TX|UT|VA|VT|WA|WI|WV|WY,,,PARAMETER,fish_sampling
1819,NRSA 1819 Fish Sampling Information,Fish,fish_sampling_TEMPERATURE,TEMPERATURE,Temperature (C),,,FISH,,0.0,30.0,PARAMETER,fish_sampling
1819,NRSA 1819 Fish Sampling Information,Fish,fish_sampling_UID,UID,Unique identifier for the site/visit,,,COLUMN,,,,PARAMETER,fish_sampling
1819,NRSA 1819 Fish Sampling Information,Fish,fish_sampling_VISIT_NO,VISIT_NO,Sequential number of visit to site,,,VERIF,|1|2|R,,,PARAMETER,fish_sampling
1819,NRSA 1819 Fish Sampling Information,Fish,fish_sampling_WATER_VIS,WATER_VIS,Water Visibility (m),,,FISH,|GOOD|POOR,,,PARAMETER,fish_sampling
1819,NRSA 1819 Fish Count,Fish,fish_count_AG_ECO9,AG_ECO9,"NARS 9-level reporting region, based on aggregated Omernik Level III ecoregions. No missing or \blank\"" values allowed.""",,,DESIGN,CPL|NAP|NPL|SAP|SPL|TPL|UMW|WMT|XER |,,,COLUMN_NAME,fish_count
1819,NRSA 1819 Fish Count,Fish,fish_count_ANOM_CT,ANOM_CT,Total number of anomalies for taxon in sample,,,FISH,,,,COLUMN_NAME,fish_count
1819,NRSA 1819 Fish Count,Fish,fish_count_DATE_COL,DATE_COL,Date of data collection in field,,,VERIF,,,,COLUMN_NAME,fish_count
1819,NRSA 1819 Fish Count,Fish,fish_count_EPA_REG,EPA_REG,"EPA Region. No missing or \blank\"" values allowed.""",,,DESIGN,Region_01 | Region_02 | Region_03 | Region_04 | Region_05 | Region_06 | Region_07 | Region_08 | Region_09 | Region_10 |,,,COLUMN_NAME,fish_count
1819,NRSA 1819 Fish Count,Fish,fish_count_FINAL_NAME,FINAL_NAME,Final common name assigned to fish count data,,,TAXA: Vertebrate,,,,COLUMN_NAME,fish_count
1819,NRSA 1819 Fish Count,Fish,fish_count_IS_DISTINCT,IS_DISTINCT,Distinctness of taxon within sample,,,FISH,0|1,,,COLUMN_NAME,fish_count
1819,NRSA 1819 Fish Count,Fish,fish_count_NON_NATIVE,NON_NATIVE,Non-native status (Y/N),,,FISH,N|Y,,,COLUMN_NAME,fish_count
1819,NRSA 1819 Fish Count,Fish,fish_count_NON_NATIVE,NON_NATIVE,Non-native to the HUC where sample was collected,,,FISH,,,,COLUMN_NAME,fish_count
1819,NRSA 1819 Fish Count,Fish,fish_count_PUBLICATION_DATE,PUBLICATION_DATE,Date of data file publication,,,,,,,COLUMN_NAME,fish_count
1819,NRSA 1819 Fish Count,Fish,fish_count_SITE_ID,SITE_ID,Site ID,,,VERIF,,,,COLUMN_NAME,fish_count
1819,NRSA 1819 Fish Count,Fish,fish_count_STATE,STATE,State of site,,,VERIF,,,,COLUMN_NAME,fish_count
1819,NRSA 1819 Fish Count,Fish,fish_count_TAXA_ID,TAXA_ID,Taxonomic ID number,,,,,,,COLUMN_NAME,fish_count
1819,NRSA 1819 Fish Count,Fish,fish_count_TOTAL,TOTAL,Total number of individuals for taxon in sample,,,FISH,,,,COLUMN_NAME,fish_count
1819,NRSA 1819 Fish Count,Fish,fish_count_UID,UID,Unique site visit ID,,,,,,,COLUMN_NAME,fish_count
1819,NRSA 1819 Fish Count,Fish,fish_count_VISIT_NO,VISIT_NO,Number identifying which visit this is,,,VERIF,|1|2,,,COLUMN_NAME,fish_count
1819,NRSA 1819 Fish MMI,Fish,fish_mmi_AG_ECO9,AG_ECO9,"NARS 9-level reporting region, based on aggregated Omernik Level III ecoregions. No missing or \blank\"" values allowed.""",,,DESIGN,CPL|NAP|NPL|SAP|SPL|TPL|UMW|WMT|XER |,,,COLUMN_NAME,fish_mmi
1819,NRSA 1819 Fish MMI,Fish,fish_mmi_ALIENNTAX_PT,ALIENNTAX_PT,Score for ALIENNTAX used in MMI,,,FISH,,,,COLUMN_NAME,fish_mmi
1819,NRSA 1819 Fish MMI,Fish,fish_mmi_ALIENNTAX_WS,ALIENNTAX_WS,Traditional MMI watershed adjusted value for ALIENNTAX,,,FISH,,,,COLUMN_NAME,fish_mmi
1819,NRSA 1819 Fish MMI,Fish,fish_mmi_ALIENNTAX_WS_PT,ALIENNTAX_WS_PT,Traditional MMI watershed adjusted metric score for ALIENNTAX,,,FISH,,,,COLUMN_NAME,fish_mmi
1819,NRSA 1819 Fish MMI,Fish,fish_mmi_ALIENPIND_WS,ALIENPIND_WS,Traditional MMI watershed adjusted value for ALIENPIND,,,FISH,,,,COLUMN_NAME,fish_mmi
1819,NRSA 1819 Fish MMI,Fish,fish_mmi_ALIENPIND_WS_PT,ALIENPIND_WS_PT,Traditional MMI watershed adjusted metric score for ALIENPIND,,,FISH,,,,COLUMN_NAME,fish_mmi
1819,NRSA 1819 Fish MMI,Fish,fish_mmi_BENTINVPTAX_WS,BENTINVPTAX_WS,Traditional MMI watershed adjusted value for BENTINVPTAX,,,FISH,,,,COLUMN_NAME,fish_mmi
1819,NRSA 1819 Fish MMI,Fish,fish_mmi_BENTINVPTAX_WS_PT,BENTINVPTAX_WS_PT,Traditional MMI watershed adjusted metric score for BENTINVPTAX,,,FISH,,,,COLUMN_NAME,fish_mmi
1819,NRSA 1819 Fish MMI,Fish,fish_mmi_CARNNTAX_WS,CARNNTAX_WS,Traditional MMI watershed adjusted value for CARNNTAX,,,FISH,,,,COLUMN_NAME,fish_mmi
1819,NRSA 1819 Fish MMI,Fish,fish_mmi_CARNNTAX_WS_PT,CARNNTAX_WS_PT,Traditional MMI watershed adjusted metric score for CARNNTAX,,,FISH,,,,COLUMN_NAME,fish_mmi
1819,NRSA 1819 Fish MMI,Fish,fish_mmi_CENTPTAX_PT,CENTPTAX_PT,Traditional MMI metric score for CENTPTAX,,,FISH,,,,COLUMN_NAME,fish_mmi
1819,NRSA 1819 Fish MMI,Fish,fish_mmi_CYPRNTAX_PT,CYPRNTAX_PT,Traditional MMI metric score for CYPRNTAX,,,FISH,,,,COLUMN_NAME,fish_mmi
1819,NRSA 1819 Fish MMI,Fish,fish_mmi_CYPRPTAX_WS,CYPRPTAX_WS,Traditional MMI watershed adjusted value for CYPRPTAX,,,FISH,,,,COLUMN_NAME,fish_mmi
1819,NRSA 1819 Fish MMI,Fish,fish_mmi_CYPRPTAX_WS_PT,CYPRPTAX_WS_PT,Traditional MMI watershed adjusted metric score for CYPRPTAX,,,FISH,,,,COLUMN_NAME,fish_mmi
1819,NRSA 1819 Fish MMI,Fish,fish_mmi_DATE_COL,DATE_COL,Date of data collection in field,,,VERIF,,,,COLUMN_NAME,fish_mmi
1819,NRSA 1819 Fish MMI,Fish,fish_mmi_EPA_REG,EPA_REG,"EPA Region. No missing or \blank\"" values allowed.""",,,DESIGN,Region_01 | Region_02 | Region_03 | Region_04 | Region_05 | Region_06 | Region_07 | Region_08 | Region_09 | Region_10 |,,,COLUMN_NAME,fish_mmi
1819,NRSA 1819 Fish MMI,Fish,fish_mmi_FISH_MMI_COND,FISH_MMI_COND,"Fish assemblage condition, based on regional Fish MMI.",,,FISH,Good|Fair|Poor|Not Assessed,,,COLUMN_NAME,fish_mmi
1819,NRSA 1819 Fish MMI,Fish,fish_mmi_HERBPTAX_PT,HERBPTAX_PT,Traditional MMI metric score for HERBPTAX,,,FISH,,,,COLUMN_NAME,fish_mmi
1819,NRSA 1819 Fish MMI,Fish,fish_mmi_INTLINVPTAX_PT,INTLINVPTAX_PT,Traditional MMI metric score for INTLINVPTAX,,,FISH,,,,COLUMN_NAME,fish_mmi
1819,NRSA 1819 Fish MMI,Fish,fish_mmi_INTLLOTNTAX_WS,INTLLOTNTAX_WS,Traditional MMI watershed adjusted value for INTLLOTNTAX,,,FISH,,,,COLUMN_NAME,fish_mmi
1819,NRSA 1819 Fish MMI,Fish,fish_mmi_INTLLOTNTAX_WS_PT,INTLLOTNTAX_WS_PT,Traditional MMI watershed adjusted metric score for INTLLOTNTAX,,,FISH,,,,COLUMN_NAME,fish_mmi
1819,NRSA 1819 Fish MMI,Fish,fish_mmi_INTLLOTPTAX_WS,INTLLOTPTAX_WS,Traditional MMI watershed adjusted value for INTLLOTPTAX,,,FISH,,,,COLUMN_NAME,fish_mmi
1819,NRSA 1819 Fish MMI,Fish,fish_mmi_INTLLOTPTAX_WS_PT,INTLLOTPTAX_WS_PT,Traditional MMI watershed adjusted metric score for INTLLOTPTAX,,,FISH,,,,COLUMN_NAME,fish_mmi
1819,NRSA 1819 Fish MMI,Fish,fish_mmi_INTLMIGRNTAX_PT,INTLMIGRNTAX_PT,Traditional MMI metric score for INTLMIGRNTAX,,,FISH,,,,COLUMN_NAME,fish_mmi
1819,NRSA 1819 Fish MMI,Fish,fish_mmi_INTLMIGRPIND_PT,INTLMIGRPIND_PT,Traditional MMI metric score for INTLMIGRPIND,,,FISH,,,,COLUMN_NAME,fish_mmi
1819,NRSA 1819 Fish MMI,Fish,fish_mmi_INTLMIGRPTAX_PT,INTLMIGRPTAX_PT,Score for INTLMIGRPTAX used in MMI,,,FISH,,,,COLUMN_NAME,fish_mmi
1819,NRSA 1819 Fish MMI,Fish,fish_mmi_INTLPTAX_PT,INTLPTAX_PT,Traditional MMI metric score for INTLPTAX,,,FISH,,,,COLUMN_NAME,fish_mmi
1819,NRSA 1819 Fish MMI,Fish,fish_mmi_INVNTAX_PT,INVNTAX_PT,Traditional MMI metric score for INVNTAX,,,FISH,,,,COLUMN_NAME,fish_mmi
1819,NRSA 1819 Fish MMI,Fish,fish_mmi_INVPIND_WS,INVPIND_WS,Traditional MMI watershed adjusted value for INVPIND,,,FISH,,,,COLUMN_NAME,fish_mmi
1819,NRSA 1819 Fish MMI,Fish,fish_mmi_INVPIND_WS_PT,INVPIND_WS_PT,Traditional MMI watershed adjusted metric score for INVPIND,,,FISH,,,,COLUMN_NAME,fish_mmi
1819,NRSA 1819 Fish MMI,Fish,fish_mmi_INVPTAX_PT,INVPTAX_PT,Score for INVPTAX used in MMI,,,FISH,,,,COLUMN_NAME,fish_mmi
1819,NRSA 1819 Fish MMI,Fish,fish_mmi_LITHNTAX_PT,LITHNTAX_PT,Traditional MMI metric score for LITHNTAX,,,FISH,,,,COLUMN_NAME,fish_mmi
1819,NRSA 1819 Fish MMI,Fish,fish_mmi_LITHNTAX_WS,LITHNTAX_WS,Traditional MMI watershed adjusted value for LITHNTAX,,,FISH,,,,COLUMN_NAME,fish_mmi
1819,NRSA 1819 Fish MMI,Fish,fish_mmi_LITHNTAX_WS_PT,LITHNTAX_WS_PT,Traditional MMI watershed adjusted metric score for LITHNTAX,,,FISH,,,,COLUMN_NAME,fish_mmi
1819,NRSA 1819 Fish MMI,Fish,fish_mmi_LITHPIND_PT,LITHPIND_PT,Score for LITHPIND used in MMI,,,FISH,,,,COLUMN_NAME,fish_mmi
1819,NRSA 1819 Fish MMI,Fish,fish_mmi_LITHPIND_WS,LITHPIND_WS,Traditional MMI watershed adjusted value for LITHPIND,,,FISH,,,,COLUMN_NAME,fish_mmi
1819,NRSA 1819 Fish MMI,Fish,fish_mmi_LITHPIND_WS_PT,LITHPIND_WS_PT,Traditional MMI watershed adjusted metric score for LITHPIND,,,FISH,,,,COLUMN_NAME,fish_mmi
1819,NRSA 1819 Fish MMI,Fish,fish_mmi_LITHPTAX_PT,LITHPTAX_PT,Score for LITHPTAX used in MMI,,,FISH,,,,COLUMN_NAME,fish_mmi
1819,NRSA 1819 Fish MMI,Fish,fish_mmi_LITHPTAX_WS,LITHPTAX_WS,Traditional MMI watershed adjusted value for LITHPTAX,,,FISH,,,,COLUMN_NAME,fish_mmi
1819,NRSA 1819 Fish MMI,Fish,fish_mmi_LITHPTAX_WS_PT,LITHPTAX_WS_PT,Traditional MMI watershed adjusted metric score for LITHPTAX,,,FISH,,,,COLUMN_NAME,fish_mmi
1819,NRSA 1819 Fish MMI,Fish,fish_mmi_LOTNTAX_WS,LOTNTAX_WS,Traditional MMI watershed adjusted value for LOTNTAX,,,FISH,,,,COLUMN_NAME,fish_mmi
1819,NRSA 1819 Fish MMI,Fish,fish_mmi_LOTNTAX_WS_PT,LOTNTAX_WS_PT,Traditional MMI watershed adjusted metric score for LOTNTAX,,,FISH,,,,COLUMN_NAME,fish_mmi
1819,NRSA 1819 Fish MMI,Fish,fish_mmi_LOTPIND_WS,LOTPIND_WS,Traditional MMI watershed adjusted value for LOTPIND,,,FISH,,,,COLUMN_NAME,fish_mmi
1819,NRSA 1819 Fish MMI,Fish,fish_mmi_LOTPIND_WS_PT,LOTPIND_WS_PT,Traditional MMI watershed adjusted metric score for LOTPIND,,,FISH,,,,COLUMN_NAME,fish_mmi
1819,NRSA 1819 Fish MMI,Fish,fish_mmi_MIGRNTAX_WS,MIGRNTAX_WS,Traditional MMI watershed adjusted value for MIGRNTAX,,,FISH,,,,COLUMN_NAME,fish_mmi
1819,NRSA 1819 Fish MMI,Fish,fish_mmi_MIGRNTAX_WS_PT,MIGRNTAX_WS_PT,Traditional MMI watershed adjusted metric score for MIGRNTAX,,,FISH,,,,COLUMN_NAME,fish_mmi
1819,NRSA 1819 Fish MMI,Fish,fish_mmi_MIGRPTAX_WS,MIGRPTAX_WS,Traditional MMI watershed adjusted value for MIGRPTAX,,,FISH,,,,COLUMN_NAME,fish_mmi
1819,NRSA 1819 Fish MMI,Fish,fish_mmi_MIGRPTAX_WS_PT,MIGRPTAX_WS_PT,Traditional MMI watershed adjusted metric score for MIGRPTAX,,,FISH,,,,COLUMN_NAME,fish_mmi
1819,NRSA 1819 Fish MMI,Fish,fish_mmi_MMI_FISH,MMI_FISH,Traditional MMI watershed adjusted value for MMI_FISH,,,FISH,,,,COLUMN_NAME,fish_mmi
1819,NRSA 1819 Fish MMI,Fish,fish_mmi_NAT_CARNNTAX_WS,NAT_CARNNTAX_WS,Traditional MMI watershed adjusted value for NAT_CARNNTAX,,,FISH,,,,COLUMN_NAME,fish_mmi
1819,NRSA 1819 Fish MMI,Fish,fish_mmi_NAT_CARNNTAX_WS_PT,NAT_CARNNTAX_WS_PT,Traditional MMI watershed adjusted metric score for NAT_CARNNTAX,,,FISH,,,,COLUMN_NAME,fish_mmi
1819,NRSA 1819 Fish MMI,Fish,fish_mmi_NAT_CATOPIND_PT,NAT_CATOPIND_PT,Traditional MMI metric score for NAT_CATOPIND,,,FISH,,,,COLUMN_NAME,fish_mmi
1819,NRSA 1819 Fish MMI,Fish,fish_mmi_NAT_CENTNTAX_WS,NAT_CENTNTAX_WS,Traditional MMI watershed adjusted value for NAT_CENTNTAX,,,FISH,,,,COLUMN_NAME,fish_mmi
1819,NRSA 1819 Fish MMI,Fish,fish_mmi_NAT_CENTNTAX_WS_PT,NAT_CENTNTAX_WS_PT,Traditional MMI watershed adjusted metric score for NAT_CENTNTAX,,,FISH,,,,COLUMN_NAME,fish_mmi
1819,NRSA 1819 Fish MMI,Fish,fish_mmi_NAT_CYPRPIND_PT,NAT_CYPRPIND_PT,Traditional MMI metric score for NAT_CYPRPIND,,,FISH,,,,COLUMN_NAME,fish_mmi
1819,NRSA 1819 Fish MMI,Fish,fish_mmi_NAT_HERBPTAX_PT,NAT_HERBPTAX_PT,Score for NAT_HERBPTAX used in MMI,,,FISH,,,,COLUMN_NAME,fish_mmi
1819,NRSA 1819 Fish MMI,Fish,fish_mmi_NAT_ICTAPIND_WS,NAT_ICTAPIND_WS,Traditional MMI watershed adjusted value for NAT_ICTAPIND,,,FISH,,,,COLUMN_NAME,fish_mmi
1819,NRSA 1819 Fish MMI,Fish,fish_mmi_NAT_ICTAPIND_WS_PT,NAT_ICTAPIND_WS_PT,Traditional MMI watershed adjusted metric score for NAT_ICTAPIND,,,FISH,,,,COLUMN_NAME,fish_mmi
1819,NRSA 1819 Fish MMI,Fish,fish_mmi_NAT_INTLPIND_WS,NAT_INTLPIND_WS,Traditional MMI watershed adjusted value for NAT_INTLPIND,,,FISH,,,,COLUMN_NAME,fish_mmi
1819,NRSA 1819 Fish MMI,Fish,fish_mmi_NAT_INTLPIND_WS_PT,NAT_INTLPIND_WS_PT,Traditional MMI watershed adjusted metric score for NAT_INTLPIND,,,FISH,,,,COLUMN_NAME,fish_mmi
1819,NRSA 1819 Fish MMI,Fish,fish_mmi_NAT_LITHPIND_WS,NAT_LITHPIND_WS,Traditional MMI watershed adjusted value for NAT_LITHPIND,,,FISH,,,,COLUMN_NAME,fish_mmi
1819,NRSA 1819 Fish MMI,Fish,fish_mmi_NAT_LITHPIND_WS_PT,NAT_LITHPIND_WS_PT,Traditional MMI watershed adjusted metric score for NAT_LITHPIND,,,FISH,,,,COLUMN_NAME,fish_mmi
1819,NRSA 1819 Fish MMI,Fish,fish_mmi_NAT_MIGRNTAX_PT,NAT_MIGRNTAX_PT,Traditional MMI metric score for NAT_MIGRNTAX,,,FISH,,,,COLUMN_NAME,fish_mmi
1819,NRSA 1819 Fish MMI,Fish,fish_mmi_NAT_MIGRPTAX_WS,NAT_MIGRPTAX_WS,Traditional MMI watershed adjusted value for NAT_MIGRPTAX,,,FISH,,,,COLUMN_NAME,fish_mmi
1819,NRSA 1819 Fish MMI,Fish,fish_mmi_NAT_MIGRPTAX_WS_PT,NAT_MIGRPTAX_WS_PT,Traditional MMI watershed adjusted metric score for NAT_MIGRPTAX,,,FISH,,,,COLUMN_NAME,fish_mmi
1819,NRSA 1819 Fish MMI,Fish,fish_mmi_NAT_NTOLBENTPTAX_PT,NAT_NTOLBENTPTAX_PT,Score for NAT_NTOLBENTPTAX used in MMI,,,FISH,,,,COLUMN_NAME,fish_mmi
1819,NRSA 1819 Fish MMI,Fish,fish_mmi_NAT_NTOLNTAX_PT,NAT_NTOLNTAX_PT,Traditional MMI metric score for NAT_NTOLNTAX,,,FISH,,,,COLUMN_NAME,fish_mmi
1819,NRSA 1819 Fish MMI,Fish,fish_mmi_NAT_NTOLNTAX_WS,NAT_NTOLNTAX_WS,Traditional MMI watershed adjusted value for NAT_NTOLNTAX,,,FISH,,,,COLUMN_NAME,fish_mmi
1819,NRSA 1819 Fish MMI,Fish,fish_mmi_NAT_NTOLNTAX_WS_PT,NAT_NTOLNTAX_WS_PT,Traditional MMI watershed adjusted metric score for NAT_NTOLNTAX,,,FISH,,,,COLUMN_NAME,fish_mmi
1819,NRSA 1819 Fish MMI,Fish,fish_mmi_NAT_PIND_PT,NAT_PIND_PT,Score for NAT_PIND used in MMI,,,FISH,,,,COLUMN_NAME,fish_mmi
1819,NRSA 1819 Fish MMI,Fish,fish_mmi_NAT_PTAX_PT,NAT_PTAX_PT,Score for NAT_PTAX used in MMI,,,FISH,,,,COLUMN_NAME,fish_mmi
1819,NRSA 1819 Fish MMI,Fish,fish_mmi_NAT_RHEOPIND_PT,NAT_RHEOPIND_PT,Traditional MMI metric score for NAT_RHEOPIND,,,FISH,,,,COLUMN_NAME,fish_mmi
1819,NRSA 1819 Fish MMI,Fish,fish_mmi_NAT_TOTLNTAX_WS,NAT_TOTLNTAX_WS,Traditional MMI watershed adjusted value for NAT_TOTLNTAX,,,FISH,,,,COLUMN_NAME,fish_mmi
1819,NRSA 1819 Fish MMI,Fish,fish_mmi_NAT_TOTLNTAX_WS_PT,NAT_TOTLNTAX_WS_PT,Traditional MMI watershed adjusted metric score for NAT_TOTLNTAX,,,FISH,,,,COLUMN_NAME,fish_mmi
1819,NRSA 1819 Fish MMI,Fish,fish_mmi_NTOLNTAX_WS,NTOLNTAX_WS,Traditional MMI watershed adjusted value for NTOLNTAX,,,FISH,,,,COLUMN_NAME,fish_mmi
1819,NRSA 1819 Fish MMI,Fish,fish_mmi_NTOLNTAX_WS_PT,NTOLNTAX_WS_PT,Traditional MMI watershed adjusted metric score for NTOLNTAX,,,FISH,,,,COLUMN_NAME,fish_mmi
1819,NRSA 1819 Fish MMI,Fish,fish_mmi_NTOLPTAX_PT,NTOLPTAX_PT,Score for NTOLPTAX used in MMI,,,FISH,,,,COLUMN_NAME,fish_mmi
1819,NRSA 1819 Fish MMI,Fish,fish_mmi_NTOLPTAX_WS,NTOLPTAX_WS,Traditional MMI watershed adjusted value for NTOLPTAX,,,FISH,,,,COLUMN_NAME,fish_mmi
1819,NRSA 1819 Fish MMI,Fish,fish_mmi_NTOLPTAX_WS_PT,NTOLPTAX_WS_PT,Traditional MMI watershed adjusted metric score for NTOLPTAX,,,FISH,,,,COLUMN_NAME,fish_mmi
1819,NRSA 1819 Fish MMI,Fish,fish_mmi_PUBLICATION_DATE,PUBLICATION_DATE,Date of data file publication,,,,,,,COLUMN_NAME,fish_mmi
1819,NRSA 1819 Fish MMI,Fish,fish_mmi_RBCATONTAX_PT,RBCATONTAX_PT,Traditional MMI metric score for RBCATONTAX,,,FISH,,,,COLUMN_NAME,fish_mmi
1819,NRSA 1819 Fish MMI,Fish,fish_mmi_RHEONTAX_PT,RHEONTAX_PT,Traditional MMI metric score for RHEONTAX,,,FISH,,,,COLUMN_NAME,fish_mmi
1819,NRSA 1819 Fish MMI,Fish,fish_mmi_RHEOPIND_PT,RHEOPIND_PT,Traditional MMI metric score for RHEOPIND,,,FISH,,,,COLUMN_NAME,fish_mmi
1819,NRSA 1819 Fish MMI,Fish,fish_mmi_SALMNTAX_PT,SALMNTAX_PT,Traditional MMI metric score for SALMNTAX,,,FISH,,,,COLUMN_NAME,fish_mmi
1819,NRSA 1819 Fish MMI,Fish,fish_mmi_SAMPLE_TYPE,SAMPLE_TYPE,Sample type,,,,,,,COLUMN_NAME,fish_mmi
1819,NRSA 1819 Fish MMI,Fish,fish_mmi_SITE_ID,SITE_ID,"Site ID for the study and year sampled. Preferred form is NRSnn_MM-xxxxx where nn is current cycle year (04, 08, 13, 18, etc), MM is two letter state code, and xxxxx is between 10001 and 99999. No missing or \blank\"" values allowed.""",,,VERIF,,,,COLUMN_NAME,fish_mmi
1819,NRSA 1819 Fish MMI,Fish,fish_mmi_STATE,STATE,State of site,,,VERIF,,,,COLUMN_NAME,fish_mmi
1819,NRSA 1819 Fish MMI,Fish,fish_mmi_TOLRNTAX_PT,TOLRNTAX_PT,Score for TOLRNTAX used in MMI,,,FISH,,,,COLUMN_NAME,fish_mmi
1819,NRSA 1819 Fish MMI,Fish,fish_mmi_TOLRNTAX_WS,TOLRNTAX_WS,Traditional MMI watershed adjusted value for TOLRNTAX,,,FISH,,,,COLUMN_NAME,fish_mmi
1819,NRSA 1819 Fish MMI,Fish,fish_mmi_TOLRNTAX_WS_PT,TOLRNTAX_WS_PT,Traditional MMI watershed adjusted metric score for TOLRNTAX,,,FISH,,,,COLUMN_NAME,fish_mmi
1819,NRSA 1819 Fish MMI,Fish,fish_mmi_TOLRPTAX_PT,TOLRPTAX_PT,Score for TOLRPTAX used in MMI,,,FISH,,,,COLUMN_NAME,fish_mmi
1819,NRSA 1819 Fish MMI,Fish,fish_mmi_UID,UID,Unique site visit ID,,,,,,,COLUMN_NAME,fish_mmi
1819,NRSA 1819 Fish MMI,Fish,fish_mmi_VISIT_NO,VISIT_NO,Number identifying which visit this is,,,VERIF,|1|2,,,COLUMN_NAME,fish_mmi
1819,NRSA 1819 Physical Habitat Larger Set of Metrics,Physical Habitat,phab_AG_ECO9,AG_ECO9,"NARS 9-level reporting region (2015), based on aggregated Omernik Level III ecoregions",,,DESIGN,CPL|NAP|NPL|SAP|SPL|TPL|UMW|WMT|XER|,,,PARAMETER,phab
1819,NRSA 1819 Physical Habitat Larger Set of Metrics,Physical Habitat,phab_BANGMODE,BANGMODE,,Mode of bank slope category (Zar 1984),Mode of bank slope category (Zar 1984),INTERPRETATION,,,,PARAMETER,phab
1819,NRSA 1819 Physical Habitat Larger Set of Metrics,Physical Habitat,phab_BFWD_RAT,BFWD_RAT,,Bankfull Width/Depth Ratio,Bankfull Width/Depth Ratio,INTERPRETATION,,,,PARAMETER,phab
1819,NRSA 1819 Physical Habitat Larger Set of Metrics,Physical Habitat,phab_C1TM100,C1TM100,,Bankfull+above Channel Wood Count/100m Size=T+S+M+L+X (EPA/620/R-99/003 p53),Bankfull+above Channel Wood Count/100m Size=T+S+M+L+X (EPA/620/R-99/003 p53),INTERPRETATION,,,,PARAMETER,phab
1819,NRSA 1819 Physical Habitat Larger Set of Metrics,Physical Habitat,phab_C1WM100,C1WM100,,Bankfull Channel Wood Count/100m Size=T+S+M+L+X (EPA/620/R-99/003 p53),Bankfull Channel Wood Count/100m Size=T+S+M+L+X (EPA/620/R-99/003 p53),INTERPRETATION,,,,PARAMETER,phab
1819,NRSA 1819 Physical Habitat Larger Set of Metrics,Physical Habitat,phab_C2TM100,C2TM100,,Bankfull+above Channel Wood Count/100m Size=S+M+L+X (EPA/620/R-99/003 p53),Bankfull+above Channel Wood Count/100m Size=S+M+L+X (EPA/620/R-99/003 p53),INTERPRETATION,,,,PARAMETER,phab
1819,NRSA 1819 Physical Habitat Larger Set of Metrics,Physical Habitat,phab_C2WM100,C2WM100,,Bankfull Channel Wood Count/100m Size=S+M+L+X (EPA/620/R-99/003 p53),Bankfull Channel Wood Count/100m Size=S+M+L+X (EPA/620/R-99/003 p53),INTERPRETATION,,,,PARAMETER,phab
1819,NRSA 1819 Physical Habitat Larger Set of Metrics,Physical Habitat,phab_C4TM100,C4TM100,,Bankfull+above Channel Wood Count/100m Size=L+X (EPA/620/R-99/003 p53),Bankfull+above Channel Wood Count/100m Size=L+X (EPA/620/R-99/003 p53),INTERPRETATION,,,,PARAMETER,phab
1819,NRSA 1819 Physical Habitat Larger Set of Metrics,Physical Habitat,phab_C4WM100,C4WM100,,Bankfull Channel Wood Count/100m Size=L+X (EPA/620/R-99/003 p53),Bankfull Channel Wood Count/100m Size=L+X (EPA/620/R-99/003 p53),INTERPRETATION,,,,PARAMETER,phab
1819,NRSA 1819 Physical Habitat Larger Set of Metrics,Physical Habitat,phab_COMID,COMID,NHD common identifier for NRSA sampling frame and subsequent designs.,,,DESIGN,,,,PARAMETER,phab
1819,NRSA 1819 Physical Habitat Larger Set of Metrics,Physical Habitat,phab_CONFEATURES,CONFEATURES,,Channel constraining Features,Channel constraining Features,INTERPRETATION,,,,PARAMETER,phab
1819,NRSA 1819 Physical Habitat Larger Set of Metrics,Physical Habitat,phab_CONPATTERN,CONPATTERN,,Channel pattern,Channel pattern,INTERPRETATION,,,,PARAMETER,phab
1819,NRSA 1819 Physical Habitat Larger Set of Metrics,Physical Habitat,phab_CONPERCENT,CONPERCENT,,Percent of Reach Constrained L or R,Percent of Reach Constrained L or R,INTERPRETATION,,,,PARAMETER,phab
1819,NRSA 1819 Physical Habitat Larger Set of Metrics,Physical Habitat,phab_CONSTRAINT,CONSTRAINT,,Channel constraint type,Channel constraint type,INTERPRETATION,,,,PARAMETER,phab
1819,NRSA 1819 Physical Habitat Larger Set of Metrics,Physical Habitat,phab_CVdth,CVdth,,CV of thalweg depth (SDDEPTH/XDEPTH),CV of thalweg depth (SDDEPTH/XDEPTH),INTERPRETATION,,,,PARAMETER,phab
1819,NRSA 1819 Physical Habitat Larger Set of Metrics,Physical Habitat,phab_CVWIDTH,CVWIDTH,,CV of Wetted Width (SDWIDTH/XWidth),CV of Wetted Width (SDWIDTH/XWidth),INTERPRETATION,,,,PARAMETER,phab
1819,NRSA 1819 Physical Habitat Larger Set of Metrics,Physical Habitat,phab_CVWIDTH,CVWIDTH,,CV of Wetted Width (SDWIDTH/XWidth),CV of Wetted Width (SDWIDTH/XWidth),INTERPRETATION,,,,PARAMETER,phab
1819,NRSA 1819 Physical Habitat Larger Set of Metrics,Physical Habitat,phab_CVWIDTH,CVWIDTH,,CV of Wetted Width (SDWIDTH/XWidth),CV of Wetted Width (SDWIDTH/XWidth),INTERPRETATION,,,,PARAMETER,phab
1819,NRSA 1819 Physical Habitat Larger Set of Metrics,Physical Habitat,phab_CVWIDTH,CVWIDTH,,CV of Wetted Width (SDWIDTH/XWidth),CV of Wetted Width (SDWIDTH/XWidth),INTERPRETATION,,,,PARAMETER,phab
1819,NRSA 1819 Physical Habitat Larger Set of Metrics,Physical Habitat,phab_CVWXD,CVWXD,,CV of Width Depth Product (SDWXD/XWXD),CV of Width Depth Product (SDWXD/XWXD),INTERPRETATION,,,,PARAMETER,phab
1819,NRSA 1819 Physical Habitat Larger Set of Metrics,Physical Habitat,phab_CVWXD,CVWXD,,CV of Width Depth Product (SDWXD/XWXD),CV of Width Depth Product (SDWXD/XWXD),INTERPRETATION,,,,PARAMETER,phab
1819,NRSA 1819 Physical Habitat Larger Set of Metrics,Physical Habitat,phab_CVWXD,CVWXD,,CV of Width Depth Product (SDWXD/XWXD),CV of Width Depth Product (SDWXD/XWXD),INTERPRETATION,,,,PARAMETER,phab
1819,NRSA 1819 Physical Habitat Larger Set of Metrics,Physical Habitat,phab_CVWXD,CVWXD,,CV of Width Depth Product (SDWXD/XWXD),CV of Width Depth Product (SDWXD/XWXD),INTERPRETATION,,,,PARAMETER,phab
1819,NRSA 1819 Physical Habitat Larger Set of Metrics,Physical Habitat,phab_DATE_COL,DATE_COL,Date of data collection in field,,,VERIF,,,,PARAMETER,phab
1819,NRSA 1819 Physical Habitat Larger Set of Metrics,Physical Habitat,phab_EPA_REG,EPA_REG,EPA Region,,,DESIGN,Region_01|Region_02|Region_03|Region_04|Region_05|Region_06|Region_07|Region_08|Region_09|Region_10|,,,PARAMETER,phab
1819,NRSA 1819 Physical Habitat Larger Set of Metrics,Physical Habitat,phab_LDCBF_G08,LDCBF_G08,,Log10(Streambed Critical Diameter-at Bankfull- mm)(PRK 2008),Log10(Streambed Critical Diameter-at Bankfull- mm)(PRK 2008),INTERPRETATION,,,,PARAMETER,phab
1819,NRSA 1819 Physical Habitat Larger Set of Metrics,Physical Habitat,phab_LDMB_BW5,LDMB_BW5,,Log10(Streambed Critical Diameter-at Bankfull - mm) (PRK 1999),Log10(Streambed Critical Diameter-at Bankfull - mm) (PRK 1999),INTERPRETATION,,,,PARAMETER,phab
1819,NRSA 1819 Physical Habitat Larger Set of Metrics,Physical Habitat,phab_LitSB1_FN,LitSB1_FN,,Littoral Dominant % Substrate Fines (<0.06mm),Littoral Dominant % Substrate Fines (<0.06mm),INTERPRETATION,,,,PARAMETER,phab
1819,NRSA 1819 Physical Habitat Larger Set of Metrics,Physical Habitat,phab_LitSB1_SF,LitSB1_SF,,Littoral Dominant % Substrate Sand or Fines (<2.0mm),Littoral Dominant % Substrate Sand or Fines (<2.0mm),INTERPRETATION,,,,PARAMETER,phab
1819,NRSA 1819 Physical Habitat Larger Set of Metrics,Physical Habitat,phab_LitSB1_SFGF,LitSB1_SFGF,,Littoral Dominant % Substrate <16mm diameter,Littoral Dominant % Substrate <16mm diameter,INTERPRETATION,,,,PARAMETER,phab
1819,NRSA 1819 Physical Habitat Larger Set of Metrics,Physical Habitat,phab_LitSB12_FN,LitSB12_FN,,Littoral Dominant or Subdominant % Substrate Fines (<0.06mm),Littoral Dominant or Subdominant % Substrate Fines (<0.06mm),INTERPRETATION,,,,PARAMETER,phab
1819,NRSA 1819 Physical Habitat Larger Set of Metrics,Physical Habitat,phab_LitSB12_SF,LitSB12_SF,,Littoral Dom. or Subdom. % Substrate Sand or Fines (<2.0mm),Littoral Dom. or Subdom. % Substrate Sand or Fines (<2.0mm),INTERPRETATION,,,,PARAMETER,phab
1819,NRSA 1819 Physical Habitat Larger Set of Metrics,Physical Habitat,phab_LRBS_BW5,LRBS_BW5,,Log10(Relative Bed Stability-bankfull: Dgm/Dcb) (PRK 1999),Log10(Relative Bed Stability-bankfull: Dgm/Dcb) (PRK 1999),INTERPRETATION,,,,PARAMETER,phab
1819,NRSA 1819 Physical Habitat Larger Set of Metrics,Physical Habitat,phab_LRBS_G08,LRBS_G08,,Log10(Relative Bed Stability-bankfull: Dgm/Dcb) (PRK 2008),Log10(Relative Bed Stability-bankfull: Dgm/Dcb) (PRK 2008),INTERPRETATION,,,,PARAMETER,phab
1819,NRSA 1819 Physical Habitat Larger Set of Metrics,Physical Habitat,phab_LRBS_TST,LRBS_TST,,Log10(Relative Bed Stability-bankfull: Dgm/Dcb) -- Quick Estimate,Log10(Relative Bed Stability-bankfull: Dgm/Dcb) -- Quick Estimate,INTERPRETATION,,,,PARAMETER,phab
1819,NRSA 1819 Physical Habitat Larger Set of Metrics,Physical Habitat,phab_LRBS_use,LRBS_use,,Log10(Relative Bed Stability-bankfull: Dgm/Dcb) (PRK 2008) LRBS_g08 with some substitutions,Log10(Relative Bed Stability-bankfull: Dgm/Dcb) (PRK 2008) LRBS_g08 with some substitutions,INTERPRETATION,,,,PARAMETER,phab
1819,NRSA 1819 Physical Habitat Larger Set of Metrics,Physical Habitat,phab_LSUB_DMM,LSUB_DMM,,Log10(Dgm--Geometric Mean Bed Surface Particle Diameter--mm)),Log10(Dgm--Geometric Mean Bed Surface Particle Diameter--mm)),INTERPRETATION,,,,PARAMETER,phab
1819,NRSA 1819 Physical Habitat Larger Set of Metrics,Physical Habitat,phab_LSUB_DMM_NOR,LSUB_DMM_NOR,,"Log10(Dgm--Geom.Mean Bed Surf.Particle Diam,exclude Bdrk+hardpan--mm)","Log10(Dgm--Geom.Mean Bed Surf.Particle Diam,exclude Bdrk+hardpan--mm)",INTERPRETATION,,,,PARAMETER,phab
1819,NRSA 1819 Physical Habitat Larger Set of Metrics,Physical Habitat,phab_LSUBD_SD,LSUBD_SD,,StdDev{Log10(Dgm--Geometric Mean Bed Surface Particle Diameter--mm))},StdDev{Log10(Dgm--Geometric Mean Bed Surface Particle Diameter--mm))},INTERPRETATION,,,,PARAMETER,phab
1819,NRSA 1819 Physical Habitat Larger Set of Metrics,Physical Habitat,phab_LTEST,LTEST,,Log10(Streambed Critical Diameter-at Bankfull - mm) -- Quick Estimate,Log10(Streambed Critical Diameter-at Bankfull - mm) -- Quick Estimate,INTERPRETATION,,,,PARAMETER,phab
1819,NRSA 1819 Physical Habitat Larger Set of Metrics,Physical Habitat,phab_LWDeqVol_msq,LWDeqVol_msq,,"Wood Vol (m3/m2 in area fished--Wadeable=V2 reach, Boatable=V1 littoral)","Wood Vol (m3/m2 in area fished--Wadeable=V2 reach, Boatable=V1 littoral)",INTERPRETATION,,,,PARAMETER,phab
1819,NRSA 1819 Physical Habitat Larger Set of Metrics,Physical Habitat,phab_LWDeqVolM100,LWDeqVolM100,,"Wood Vol (m3) per 100m channel (Wadeable=V2, Boatable=V1)","Wood Vol (m3) per 100m channel (Wadeable=V2, Boatable=V1)",INTERPRETATION,,,,PARAMETER,phab
1819,NRSA 1819 Physical Habitat Larger Set of Metrics,Physical Habitat,phab_MEDBK_A,MEDBK_A,,Median Bank Angle (degrees),Median Bank Angle (degrees),INTERPRETATION,,,,PARAMETER,phab
1819,NRSA 1819 Physical Habitat Larger Set of Metrics,Physical Habitat,phab_MEDBKUN,MEDBKUN,,Median Bank Undercut Distance (m),Median Bank Undercut Distance (m),INTERPRETATION,,,,PARAMETER,phab
1819,NRSA 1819 Physical Habitat Larger Set of Metrics,Physical Habitat,phab_PCAN_C,PCAN_C,,Coniferous Canopy - proportion of reach,Coniferous Canopy - proportion of reach,INTERPRETATION,,,,PARAMETER,phab
1819,NRSA 1819 Physical Habitat Larger Set of Metrics,Physical Habitat,phab_PCAN_D,PCAN_D,,Broadleaf Deciduous Canopy - proportion of reach,Broadleaf Deciduous Canopy - proportion of reach,INTERPRETATION,,,,PARAMETER,phab
1819,NRSA 1819 Physical Habitat Larger Set of Metrics,Physical Habitat,phab_PCAN_E,PCAN_E,,Broadleaf Evergreen Canopy - proportion of reach,Broadleaf Evergreen Canopy - proportion of reach,INTERPRETATION,,,,PARAMETER,phab
1819,NRSA 1819 Physical Habitat Larger Set of Metrics,Physical Habitat,phab_PCAN_M,PCAN_M,,Mixed Coniferous-Broadleaf Canopy - proportion of reach,Mixed Coniferous-Broadleaf Canopy - proportion of reach,INTERPRETATION,,,,PARAMETER,phab
1819,NRSA 1819 Physical Habitat Larger Set of Metrics,Physical Habitat,phab_PCAN_N,PCAN_N,,Canopy Absent - proportion of reach,Canopy Absent - proportion of reach,INTERPRETATION,,,,PARAMETER,phab
1819,NRSA 1819 Physical Habitat Larger Set of Metrics,Physical Habitat,phab_PCT_BDRK,PCT_BDRK,,Bed Surface % Bedrock (>4000mm),Bed Surface % Bedrock (>4000mm),INTERPRETATION,,,,PARAMETER,phab
1819,NRSA 1819 Physical Habitat Larger Set of Metrics,Physical Habitat,phab_PCT_BH,PCT_BH,,Bed Surface % Bedrock + Hardpan (>4000mm),Bed Surface % Bedrock + Hardpan,INTERPRETATION,,,,PARAMETER,phab
1819,NRSA 1819 Physical Habitat Larger Set of Metrics,Physical Habitat,phab_PCT_BH,PCT_BH,,Bed Surface % Bedrock + Hardpan (>4000mm),Bed Surface % Bedrock + Hardpan (>4000mm),INTERPRETATION,,,,PARAMETER,phab
1819,NRSA 1819 Physical Habitat Larger Set of Metrics,Physical Habitat,phab_PCT_BH,PCT_BH,,Bed Surface % Bedrock + Hardpan,Bed Surface % Bedrock + Hardpan,INTERPRETATION,,,,PARAMETER,phab
1819,NRSA 1819 Physical Habitat Larger Set of Metrics,Physical Habitat,phab_PCT_BH,PCT_BH,,Bed Surface % Bedrock + Hardpan,Bed Surface % Bedrock + Hardpan (>4000mm),INTERPRETATION,,,,PARAMETER,phab
1819,NRSA 1819 Physical Habitat Larger Set of Metrics,Physical Habitat,phab_PCT_BIGR,PCT_BIGR,,Bed Surface % Larger than Gravel (>64mm),Bed Surface % Larger than Gravel (>64mm),INTERPRETATION,,,,PARAMETER,phab
1819,NRSA 1819 Physical Habitat Larger Set of Metrics,Physical Habitat,phab_PCT_BL,PCT_BL,,Bed Surface % Boulders (250-<1000mm),Bed Surface % Boulders (250-<1000mm),INTERPRETATION,,,,PARAMETER,phab
1819,NRSA 1819 Physical Habitat Larger Set of Metrics,Physical Habitat,phab_PCT_CB,PCT_CB,,Bed Surface % Cobbles (64-<250mm),Bed Surface % Cobbles (64-<250mm),INTERPRETATION,,,,PARAMETER,phab
1819,NRSA 1819 Physical Habitat Larger Set of Metrics,Physical Habitat,phab_PCT_DR,PCT_DR,,Percent of Reach Length that is Dry,Percent of Reach Length that is Dry,INTERPRETATION,,,,PARAMETER,phab
1819,NRSA 1819 Physical Habitat Larger Set of Metrics,Physical Habitat,phab_pct_DRS,pct_DRS,,Percent of Reach dry or submerged flow,Percent of Reach dry or submerged flow,INTERPRETATION,,,,PARAMETER,phab
1819,NRSA 1819 Physical Habitat Larger Set of Metrics,Physical Habitat,phab_PCT_FA,PCT_FA,,Percent of reach as Falls Habitat,Percent of reach as Falls Habitat,INTERPRETATION,,,,PARAMETER,phab
1819,NRSA 1819 Physical Habitat Larger Set of Metrics,Physical Habitat,phab_PCT_FAST,PCT_FAST,,Percent Fast Water Habitat,Percent Fast Water Habitat,INTERPRETATION,,,,PARAMETER,phab
1819,NRSA 1819 Physical Habitat Larger Set of Metrics,Physical Habitat,phab_PCT_FN,PCT_FN,,Bed Surface % Fines <0.06mm,Bed Surface % Fines <0.06mm,INTERPRETATION,,,,PARAMETER,phab
1819,NRSA 1819 Physical Habitat Larger Set of Metrics,Physical Habitat,phab_PCT_GC,PCT_GC,,Bed Surface % Coarse Gravel (16-<64mm),Bed Surface % Coarse Gravel (16-<64mm),INTERPRETATION,,,,PARAMETER,phab
1819,NRSA 1819 Physical Habitat Larger Set of Metrics,Physical Habitat,phab_PCT_GF,PCT_GF,,Bed Surface % Fine Gravel (2.0-<16mm),Bed Surface % Fine Gravel (2.0-<16mm),INTERPRETATION,,,,PARAMETER,phab
1819,NRSA 1819 Physical Habitat Larger Set of Metrics,Physical Habitat,phab_PCT_GL,PCT_GL,,Percent of reach with Glide Habitat,Percent of reach with Glide Habitat,INTERPRETATION,,,,PARAMETER,phab
1819,NRSA 1819 Physical Habitat Larger Set of Metrics,Physical Habitat,phab_PCT_GR,PCT_GR,,Bed Surface % Gravel (2.0-<64mm),Bed Surface % Gravel (2.0-<64mm),INTERPRETATION,,,,PARAMETER,phab
1819,NRSA 1819 Physical Habitat Larger Set of Metrics,Physical Habitat,phab_PCT_HP,PCT_HP,,Bed Surface % Hardpan (>4000mm),Bed Surface % Hardpan (>4000mm),INTERPRETATION,,,,PARAMETER,phab
1819,NRSA 1819 Physical Habitat Larger Set of Metrics,Physical Habitat,phab_PCT_OM,PCT_OM,,Bed Surface % Organic Matter--- *** see PCT_ORG,Bed Surface % Organic Matter--- *** see PCT_ORG,INTERPRETATION,,,,PARAMETER,phab
1819,NRSA 1819 Physical Habitat Larger Set of Metrics,Physical Habitat,phab_PCT_ORG,PCT_ORG,,Bed Surface % Organic Matter --- *** see PCT_OM,Bed Surface % Organic Matter --- *** see PCT_OM,INTERPRETATION,,,,PARAMETER,phab
1819,NRSA 1819 Physical Habitat Larger Set of Metrics,Physical Habitat,phab_PCT_OT,PCT_OT,,Bed Surface % Other,Bed Surface % Other,INTERPRETATION,,,,PARAMETER,phab
1819,NRSA 1819 Physical Habitat Larger Set of Metrics,Physical Habitat,phab_PCT_OVRB,PCT_OVRB,,Can you see over riverbank? % YES,Can you see over riverbank? % YES,INTERPRETATION,,,,PARAMETER,phab
1819,NRSA 1819 Physical Habitat Larger Set of Metrics,Physical Habitat,phab_PCT_POOL,PCT_POOL,,Percent of reach with Pool,Percent of reach with Pool,INTERPRETATION,,,,PARAMETER,phab
1819,NRSA 1819 Physical Habitat Larger Set of Metrics,Physical Habitat,phab_PCT_RC,PCT_RC,,Bed Surface % Concrete or Asphalt,Bed Surface % Concrete or Asphalt,INTERPRETATION,,,,PARAMETER,phab
1819,NRSA 1819 Physical Habitat Larger Set of Metrics,Physical Habitat,phab_PCT_RR,PCT_RR,,Bed Surface % Rough Bedrock (>4000mm),Bed Surface % Rough Bedrock (>4000mm),INTERPRETATION,,,,PARAMETER,phab
1819,NRSA 1819 Physical Habitat Larger Set of Metrics,Physical Habitat,phab_PCT_RS,PCT_RS,,Bed Surface % Smooth Bedrock (>4000mm),Bed Surface % Smooth Bedrock (>4000mm),INTERPRETATION,,,,PARAMETER,phab
1819,NRSA 1819 Physical Habitat Larger Set of Metrics,Physical Habitat,phab_PCT_SA,PCT_SA,,Bed Surface % Sand 0.06-<2.0mm),Bed Surface % Sand 0.06-<2.0mm),INTERPRETATION,,,,PARAMETER,phab
1819,NRSA 1819 Physical Habitat Larger Set of Metrics,Physical Habitat,phab_PCT_SAFN,PCT_SAFN,,Bed Surface Percent Sand or smaller (<2.0mm),Bed Surface Percent Sand or smaller (<2.0mm),INTERPRETATION,,,,PARAMETER,phab
1819,NRSA 1819 Physical Habitat Larger Set of Metrics,Physical Habitat,phab_PCT_SB,PCT_SB,,Bed Surface % Small Boulders (250-<1000mm),Bed Surface % Small Boulders (250-<1000mm),INTERPRETATION,,,,PARAMETER,phab
1819,NRSA 1819 Physical Habitat Larger Set of Metrics,Physical Habitat,phab_PCT_SFG,PCT_SFG,,Bed surface coarse gravel or smaller (<64mm) (PCT_SA + PCT_FN + PCT_GR),Bed surface coarse gravel or smaller (<64mm) (PCT_SFGF + PCT_GC),INTERPRETATION,,,,PARAMETER,phab
1819,NRSA 1819 Physical Habitat Larger Set of Metrics,Physical Habitat,phab_PCT_SFG,PCT_SFG,,Bed surface coarse gravel or smaller (<64mm) (PCT_SA + PCT_FN + PCT_GR),Bed Surface Gravel or smaller (<64mm),INTERPRETATION,,,,PARAMETER,phab
1819,NRSA 1819 Physical Habitat Larger Set of Metrics,Physical Habitat,phab_PCT_SFG,PCT_SFG,,Bed Surface Gravel or smaller (<64mm),Bed surface coarse gravel or smaller (<64mm) (PCT_SFGF + PCT_GC),INTERPRETATION,,,,PARAMETER,phab
1819,NRSA 1819 Physical Habitat Larger Set of Metrics,Physical Habitat,phab_PCT_SFG,PCT_SFG,,Bed Surface Gravel or smaller (<64mm),Bed Surface Gravel or smaller (<64mm),INTERPRETATION,,,,PARAMETER,phab
1819,NRSA 1819 Physical Habitat Larger Set of Metrics,Physical Habitat,phab_PCT_SFGF,PCT_SFGF,,Bed Surface Fine Gravel or smaller (<16mm),Bed Surface Fine Gravel or smaller (<16mm),INTERPRETATION,,,,PARAMETER,phab
1819,NRSA 1819 Physical Habitat Larger Set of Metrics,Physical Habitat,phab_PCT_SIDE,PCT_SIDE,,Percent of reach with side Channels/Bkwtrs,Percent of reach with side Channels/Bkwtrs,INTERPRETATION,,,,PARAMETER,phab
1819,NRSA 1819 Physical Habitat Larger Set of Metrics,Physical Habitat,phab_PCT_SLOW,PCT_SLOW,,Percent of reach with Pool or Glide Habitat,Percent of reach with Pool or Glide Habitat,INTERPRETATION,,,,PARAMETER,phab
1819,NRSA 1819 Physical Habitat Larger Set of Metrics,Physical Habitat,phab_PCT_WD,PCT_WD,,Bed Surface % Wood,Bed Surface % Wood,INTERPRETATION,,,,PARAMETER,phab
1819,NRSA 1819 Physical Habitat Larger Set of Metrics,Physical Habitat,phab_PCT_XB,PCT_XB,,Bed Surface % Large Boulders (1000-<4000mm),Bed Surface % Large Boulders (1000-<4000mm),INTERPRETATION,,,,PARAMETER,phab
1819,NRSA 1819 Physical Habitat Larger Set of Metrics,Physical Habitat,phab_PCTCLINOMETER,PCTCLINOMETER,,Percent of Slope measured with Clinometer,Percent of Slope measured with Clinometer,INTERPRETATION,,,,PARAMETER,phab
1819,NRSA 1819 Physical Habitat Larger Set of Metrics,Physical Habitat,phab_PROTOCOL,PROTOCOL,,Field Sampling Type Wadeable/Boatable/mixed,Field Sampling Type Wadeable/Boatable/mixed,INTERPRETATION,,,,PARAMETER,phab
1819,NRSA 1819 Physical Habitat Larger Set of Metrics,Physical Habitat,phab_QR1,QR1,,Riparian Quality Index (Scaled 0 to 1):QR1=(QRVEG1*QRVEG2*QRDIST1)**(1/3),Riparian Quality Index (Scaled XCMGW XCdenBK W1Hall 0-1),INTERPRETATION,,,,PARAMETER,phab
1819,NRSA 1819 Physical Habitat Larger Set of Metrics,Physical Habitat,phab_QR1,QR1,,Riparian Quality Index (Scaled 0 to 1):QR1=(QRVEG1*QRVEG2*QRDIST1)**(1/3),Riparian Quality Index (Scaled 0 to 1):QR1=(QRVEG1*QRVEG2*QRDIST1)**(1/3),INTERPRETATION,,,,PARAMETER,phab
1819,NRSA 1819 Physical Habitat Larger Set of Metrics,Physical Habitat,phab_QR1,QR1,,Riparian Quality Index (Scaled XCMGW XCdenBK W1Hall 0-1),Riparian Quality Index (Scaled XCMGW XCdenBK W1Hall 0-1),INTERPRETATION,,,,PARAMETER,phab
1819,NRSA 1819 Physical Habitat Larger Set of Metrics,Physical Habitat,phab_QR1,QR1,,Riparian Quality Index (Scaled XCMGW XCdenBK W1Hall 0-1),Riparian Quality Index (Scaled 0 to 1):QR1=(QRVEG1*QRVEG2*QRDIST1)**(1/3),INTERPRETATION,,,,PARAMETER,phab
1819,NRSA 1819 Physical Habitat Larger Set of Metrics,Physical Habitat,phab_QRDIST1,QRDIST1,,Riparian Disturbance index (1 - RDIST1),Riparian Disturbance index (1 - RDIST1),INTERPRETATION,,,,PARAMETER,phab
1819,NRSA 1819 Physical Habitat Larger Set of Metrics,Physical Habitat,phab_QRDIST1,QRDIST1,,Riparian Disturbance index (1 - RDIST1),Riparian Index: Lack of Disturbance (Scaled 0 to 1): QRDIST1=1/(1+w1_hall),INTERPRETATION,,,,PARAMETER,phab
1819,NRSA 1819 Physical Habitat Larger Set of Metrics,Physical Habitat,phab_QRDIST1,QRDIST1,,Riparian Index: Lack of Disturbance (Scaled 0 to 1): QRDIST1=1/(1+w1_hall),Riparian Disturbance index (1 - RDIST1),INTERPRETATION,,,,PARAMETER,phab
1819,NRSA 1819 Physical Habitat Larger Set of Metrics,Physical Habitat,phab_QRDIST1,QRDIST1,,Riparian Index: Lack of Disturbance (Scaled 0 to 1): QRDIST1=1/(1+w1_hall),Riparian Index: Lack of Disturbance (Scaled 0 to 1): QRDIST1=1/(1+w1_hall),INTERPRETATION,,,,PARAMETER,phab
1819,NRSA 1819 Physical Habitat Larger Set of Metrics,Physical Habitat,phab_QRVeg1,QRVeg1,,Riparian Veg Quality Index--Scaled XCMGW: QRVeg1=.1+(.9*(xcmgw/2.00)),Riparian Veg Quality Index--Scaled XCMGW: QRVeg1=.1+(.9*(xcmgw/2.00)),INTERPRETATION,,,,PARAMETER,phab
1819,NRSA 1819 Physical Habitat Larger Set of Metrics,Physical Habitat,phab_QRVeg2,QRVeg2,,Riparian Veg Quality Index--Scaled XCDENBK: QRVeg2=.1+(0.9*(xcdenbk/100)),Riparian Veg Quality Index--Scaled XCDENBK: QRVeg2=.1+(0.9*(xcdenbk/100)),INTERPRETATION,,,,PARAMETER,phab
1819,NRSA 1819 Physical Habitat Larger Set of Metrics,Physical Habitat,phab_RDIST1,RDIST1,,Riparian Disturbance index (scaled W1_Hall 0-1),Riparian Disturbance index (scaled W1_Hall 0-1),INTERPRETATION,,,,PARAMETER,phab
1819,NRSA 1819 Physical Habitat Larger Set of Metrics,Physical Habitat,phab_RDIST1,RDIST1,,Riparian Disturbance index (scaled W1_Hall 0-1),Riparian Disturbance index--scaled W1_Hall (0 to 1): RDIST1=1-(1/(1+w1_hall)),INTERPRETATION,,,,PARAMETER,phab
1819,NRSA 1819 Physical Habitat Larger Set of Metrics,Physical Habitat,phab_RDIST1,RDIST1,,Riparian Disturbance index--scaled W1_Hall (0 to 1): RDIST1=1-(1/(1+w1_hall)),Riparian Disturbance index (scaled W1_Hall 0-1),INTERPRETATION,,,,PARAMETER,phab
1819,NRSA 1819 Physical Habitat Larger Set of Metrics,Physical Habitat,phab_RDIST1,RDIST1,,Riparian Disturbance index--scaled W1_Hall (0 to 1): RDIST1=1-(1/(1+w1_hall)),Riparian Disturbance index--scaled W1_Hall (0 to 1): RDIST1=1-(1/(1+w1_hall)),INTERPRETATION,,,,PARAMETER,phab
1819,NRSA 1819 Physical Habitat Larger Set of Metrics,Physical Habitat,phab_REACHLEN,REACHLEN,,Sample Reach Length (m),Sample Reach Length (m),INTERPRETATION,,,,PARAMETER,phab
1819,NRSA 1819 Physical Habitat Larger Set of Metrics,Physical Habitat,phab_REALM,REALM,,Type of Site for PHab: Wadeable or Boatable Method,Type of Site for PHab: Wadeable or Boatable Method,INTERPRETATION,,,,PARAMETER,phab
1819,NRSA 1819 Physical Habitat Larger Set of Metrics,Physical Habitat,phab_REALM,REALM,,Type of Site for PHab: Wadeable or Boatable Method,Type of Site for PHab: Wadeable or Boatable Method,INTERPRETATION,,,,PARAMETER,phab
1819,NRSA 1819 Physical Habitat Larger Set of Metrics,Physical Habitat,phab_REALM,REALM,,Type of Site for PHab: Wadeable or Boatable Method,Type of Site for PHab: Wadeable or Boatable Method,INTERPRETATION,,,,PARAMETER,phab
1819,NRSA 1819 Physical Habitat Larger Set of Metrics,Physical Habitat,phab_REALM,REALM,,Type of Site for PHab: Wadeable or Boatable Method,Type of Site for PHab: Wadeable or Boatable Method,INTERPRETATION,,,,PARAMETER,phab
1819,NRSA 1819 Physical Habitat Larger Set of Metrics,Physical Habitat,phab_RP100,RP100,,Mean Residual Depth at thalweg (cm),Mean Residual Depth at thalweg (cm),INTERPRETATION,,,,PARAMETER,phab
1819,NRSA 1819 Physical Habitat Larger Set of Metrics,Physical Habitat,phab_RP100_cm,RP100_cm,,Mean Residual Depth at thalweg (cm),Mean Residual Depth at thalweg (cm),INTERPRETATION,,,,PARAMETER,phab
1819,NRSA 1819 Physical Habitat Larger Set of Metrics,Physical Habitat,phab_RPGT50,RPGT50,,Residual Pools >50cm res-depth (number/reach),Residual Pools >50cm res-depth (number/reach),INTERPRETATION,,,,PARAMETER,phab
1819,NRSA 1819 Physical Habitat Larger Set of Metrics,Physical Habitat,phab_RPGT75,RPGT75,,Residual Pools >75cm res-depth (number/reach),Residual Pools >75cm res-depth (number/reach),INTERPRETATION,,,,PARAMETER,phab
1819,NRSA 1819 Physical Habitat Larger Set of Metrics,Physical Habitat,phab_RPMXDEP,RPMXDEP,,Maximum residual Depth (___),Maximum residual Depth (___),INTERPRETATION,,,,PARAMETER,phab
1819,NRSA 1819 Physical Habitat Larger Set of Metrics,Physical Habitat,phab_RPMXDEP_CM,RPMXDEP_CM,,"Maximum residual depth in reach (cm), converted from raw data in m",Maximum residual depth in reach (cm),INTERPRETATION,,,,PARAMETER,phab
1819,NRSA 1819 Physical Habitat Larger Set of Metrics,Physical Habitat,phab_RPMXDEP_CM,RPMXDEP_CM,,"Maximum residual depth in reach (cm), converted from raw data in m",Maximum residual Depth in reach (cm),INTERPRETATION,,,,PARAMETER,phab
1819,NRSA 1819 Physical Habitat Larger Set of Metrics,Physical Habitat,phab_RPMXDEP_CM,RPMXDEP_CM,,Maximum residual Depth in reach (cm),Maximum residual depth in reach (cm),INTERPRETATION,,,,PARAMETER,phab
1819,NRSA 1819 Physical Habitat Larger Set of Metrics,Physical Habitat,phab_RPMXDEP_CM,RPMXDEP_CM,,Maximum residual Depth in reach (cm),Maximum residual Depth in reach (cm),INTERPRETATION,,,,PARAMETER,phab
1819,NRSA 1819 Physical Habitat Larger Set of Metrics,Physical Habitat,phab_RpRat,RpRat,,Residual Depth proportion (RP100/XDepth_cm),Residual Depth proportion (RP100/XDepth_cm),INTERPRETATION,,,,PARAMETER,phab
1819,NRSA 1819 Physical Habitat Larger Set of Metrics,Physical Habitat,phab_RPXDEP,RPXDEP,,Mean maximum depth of residual Pools in reach (__),Mean maximum depth of residual Pools in reach (__),INTERPRETATION,,,,PARAMETER,phab
1819,NRSA 1819 Physical Habitat Larger Set of Metrics,Physical Habitat,phab_RPXDEP_CM,RPXDEP_CM,,Mean maximum depth of residual Pools in reach (cm),Mean maximum depth of residual Pools in reach (cm),INTERPRETATION,,,,PARAMETER,phab
1819,NRSA 1819 Physical Habitat Larger Set of Metrics,Physical Habitat,phab_RPXDEP_CM,RPXDEP_CM,,Mean maximum depth of residual Pools in reach (cm),Mean residual pool depth in reach (cm/pool),INTERPRETATION,,,,PARAMETER,phab
1819,NRSA 1819 Physical Habitat Larger Set of Metrics,Physical Habitat,phab_RPXDEP_CM,RPXDEP_CM,,"Mean residual pool depth in reach (cm/pool), converted from raw data in m",Mean maximum depth of residual Pools in reach (cm),INTERPRETATION,,,,PARAMETER,phab
1819,NRSA 1819 Physical Habitat Larger Set of Metrics,Physical Habitat,phab_RPXDEP_CM,RPXDEP_CM,,"Mean residual pool depth in reach (cm/pool), converted from raw data in m",Mean residual pool depth in reach (cm/pool),INTERPRETATION,,,,PARAMETER,phab
1819,NRSA 1819 Physical Habitat Larger Set of Metrics,Physical Habitat,phab_SDDEPTH,SDDEPTH,,Std Dev. of Thalweg Depth (cm),Std Dev. of Thalweg Depth (cm),INTERPRETATION,,,,PARAMETER,phab
1819,NRSA 1819 Physical Habitat Larger Set of Metrics,Physical Habitat,phab_SDDEPTH_CM,SDDEPTH_CM,,"Std deviation of thalweg depth (cm), converted from raw data in m",Std deviation of thalweg depth (cm),INTERPRETATION,,,,PARAMETER,phab
1819,NRSA 1819 Physical Habitat Larger Set of Metrics,Physical Habitat,phab_SDDEPTH_CM,SDDEPTH_CM,,"Std deviation of thalweg depth (cm), converted from raw data in m",Std Dev. of Thalweg Depth (cm),INTERPRETATION,,,,PARAMETER,phab
1819,NRSA 1819 Physical Habitat Larger Set of Metrics,Physical Habitat,phab_SDDEPTH_CM,SDDEPTH_CM,,Std Dev. of Thalweg Depth (cm),Std deviation of thalweg depth (cm),INTERPRETATION,,,,PARAMETER,phab
1819,NRSA 1819 Physical Habitat Larger Set of Metrics,Physical Habitat,phab_SDDEPTH_CM,SDDEPTH_CM,,Std Dev. of Thalweg Depth (cm),Std Dev. of Thalweg Depth (cm),INTERPRETATION,,,,PARAMETER,phab
1819,NRSA 1819 Physical Habitat Larger Set of Metrics,Physical Habitat,phab_SDINC_H,SDINC_H,,Std Dev of Terrace Height above water level,Std Dev of Terrace Height above water level,INTERPRETATION,,,,PARAMETER,phab
1819,NRSA 1819 Physical Habitat Larger Set of Metrics,Physical Habitat,phab_SDWD_RAT,SDWD_RAT,,Std Dev of Wetted Width-Depth Ratio,Std Dev of Wetted Width-Depth Ratio,INTERPRETATION,,,,PARAMETER,phab
1819,NRSA 1819 Physical Habitat Larger Set of Metrics,Physical Habitat,phab_SDWIDTH,SDWIDTH,,Std Dev of Wetted Width (m),Std Dev of Wetted Width (m),INTERPRETATION,,,,PARAMETER,phab
1819,NRSA 1819 Physical Habitat Larger Set of Metrics,Physical Habitat,phab_SDWXD,SDWXD,,Std Dev of Wetted Width x Thalweg Depth (m2),Std Dev of Wetted Width x Thalweg Depth (m2),INTERPRETATION,,,,PARAMETER,phab
1819,NRSA 1819 Physical Habitat Larger Set of Metrics,Physical Habitat,phab_SINU,SINU,,Sinuosity of sample reach,Sinuosity of sample reach,INTERPRETATION,,,,PARAMETER,phab
1819,NRSA 1819 Physical Habitat Larger Set of Metrics,Physical Habitat,phab_SITE_ID,SITE_ID,"Site ID for the study and year sampled. Preferred form is NRSnn_MM-xxxxx where nn is current cycle year (04, 08, 13, 18, etc), MM is two letter state code, and xxxxx is between 10001 and 99999. Text. No missing values allowed.",,,DESIGN,,,,PARAMETER,phab
1819,NRSA 1819 Physical Habitat Larger Set of Metrics,Physical Habitat,phab_SITE_ID,SITE_ID,Site ID,,,VERIF,,,,PARAMETER,phab
1819,NRSA 1819 Physical Habitat Larger Set of Metrics,Physical Habitat,phab_STATE,STATE,State of site,,,VERIF,,,,PARAMETER,phab
1819,NRSA 1819 Physical Habitat Larger Set of Metrics,Physical Habitat,phab_SURVEY_YRS,SURVEY_YRS,,"NARS Survey Years (eg, 0809, 1314, 1819)","NARS Survey Years (eg, 0809, 1314, 1819)",INTERPRETATION,,,,PARAMETER,phab
1819,NRSA 1819 Physical Habitat Larger Set of Metrics,Physical Habitat,phab_UID,UID,,Unique site visit ID,Unique site visit ID,,,,,PARAMETER,phab
1819,NRSA 1819 Physical Habitat Larger Set of Metrics,Physical Habitat,phab_UID,UID,,Unique site visit ID,Unique site visit ID,,,,,PARAMETER,phab
1819,NRSA 1819 Physical Habitat Larger Set of Metrics,Physical Habitat,phab_UID,UID,,Unique site visit ID,Unique site visit ID,,,,,PARAMETER,phab
1819,NRSA 1819 Physical Habitat Larger Set of Metrics,Physical Habitat,phab_UNIQUE_ID,UNIQUE_ID,,Unique site ID based on location that does not depend on year sampled or any other factor. Form is NRS_ss_nnnnn where ss state and nnnnn is number that starts at 10001. No missing values allowed.,Unique site ID based on location that does not depend on year sampled or any other factor. Form is NRS_ss_nnnnn where ss state and nnnnn is number that starts at 10001. No missing values allowed.,,,,,PARAMETER,phab
1819,NRSA 1819 Physical Habitat Larger Set of Metrics,Physical Habitat,phab_V1W_MSQ,V1W_MSQ,,Bankfull Channel Wood Volume (m3/m2) Size=T+S+M+L+X (EPA/620/R-99/003 p53),Bankfull Channel Wood Volume (m3/m2) Size=T+S+M+L+X (EPA/620/R-99/003 p53),INTERPRETATION,,,,PARAMETER,phab
1819,NRSA 1819 Physical Habitat Larger Set of Metrics,Physical Habitat,phab_V1WM100,V1WM100,,Bankfull Channel Wood Volume (m3/100m) Size=T+S+M+L+X (EPA/620/R-99/003 p53),Bankfull Channel Wood Volume (m3/100m) Size=T+S+M+L+X (EPA/620/R-99/003 p53),INTERPRETATION,,,,PARAMETER,phab
1819,NRSA 1819 Physical Habitat Larger Set of Metrics,Physical Habitat,phab_V2W_MSQ,V2W_MSQ,,Bankfull Channel Wood Volume (m3/m2) Size=S+M+L+X (EPA/620/R-99/003 p53),Bankfull Channel Wood Volume (m3/m2) Size=S+M+L+X (EPA/620/R-99/003 p53),INTERPRETATION,,,,PARAMETER,phab
1819,NRSA 1819 Physical Habitat Larger Set of Metrics,Physical Habitat,phab_V2WM100,V2WM100,,Bankfull Channel Wood Volume (m3/100m) Size=S+M+L+X (EPA/620/R-99/003 p53),Bankfull Channel Wood Volume (m3/100m) Size=S+M+L+X (EPA/620/R-99/003 p53),INTERPRETATION,,,,PARAMETER,phab
1819,NRSA 1819 Physical Habitat Larger Set of Metrics,Physical Habitat,phab_V4W_MSQ,V4W_MSQ,,Bankfull Channel Wood Volume (m3/m2) Size=L+X (EPA/620/R-99/003 p53),Bankfull Channel Wood Volume (m3/m2) Size=L+X (EPA/620/R-99/003 p53),INTERPRETATION,,,,PARAMETER,phab
1819,NRSA 1819 Physical Habitat Larger Set of Metrics,Physical Habitat,phab_V4WM100,V4WM100,,Bankfull Channel Wood Volume (m3/100m) Size=L+X (EPA/620/R-99/003 p53),Bankfull Channel Wood Volume (m3/100m) Size=L+X (EPA/620/R-99/003 p53),INTERPRETATION,,,,PARAMETER,phab
1819,NRSA 1819 Physical Habitat Larger Set of Metrics,Physical Habitat,phab_VISIT_NO,VISIT_NO,Number identifying which visit this is,,,VERIF,|1|2,,,PARAMETER,phab
1819,NRSA 1819 Physical Habitat Larger Set of Metrics,Physical Habitat,phab_W1_HAG,W1_HAG,,Human Agricultural Influence Index(distance-wtd tally of types & presence),Human Agricultural Influence Index(distance-wtd tally of types & presence),INTERPRETATION,,,,PARAMETER,phab
1819,NRSA 1819 Physical Habitat Larger Set of Metrics,Physical Habitat,phab_W1_HALL,W1_HALL,,Human Disturbance Index(distance-wtd tally of types and presence),Human Disturbance Index(distance-wtd tally of types and presence),INTERPRETATION,,,,PARAMETER,phab
1819,NRSA 1819 Physical Habitat Larger Set of Metrics,Physical Habitat,phab_W1_HNOAG,W1_HNOAG,,Human Non-Agric. Disturb. Index (distance wtd tally of types & presence),Human Non-Agric. Disturb. Index (distance wtd tally of types & presence),INTERPRETATION,,,,PARAMETER,phab
1819,NRSA 1819 Physical Habitat Larger Set of Metrics,Physical Habitat,phab_W1H_BLDG,W1H_BLDG,,Near Stream Human Dist: Buildings (distance-wtd tally of presence),Near Stream Human Dist: Buildings (distance-wtd tally of presence),INTERPRETATION,,,,PARAMETER,phab
1819,NRSA 1819 Physical Habitat Larger Set of Metrics,Physical Habitat,phab_W1H_CROP,W1H_CROP,,Near Stream Human Dist: Row Crops (distance-wtd tally of presence),Near Stream Human Dist: Row Crops (distance-wtd tally of presence),INTERPRETATION,,,,PARAMETER,phab
1819,NRSA 1819 Physical Habitat Larger Set of Metrics,Physical Habitat,phab_W1H_LDFL,W1H_LDFL,,Near Stream Human Dist: Trash/Landfill (distance-wtd tally of presence),Near Stream Human Dist: Trash/Landfill (distance-wtd tally of presence),INTERPRETATION,,,,PARAMETER,phab
1819,NRSA 1819 Physical Habitat Larger Set of Metrics,Physical Habitat,phab_W1H_LOG,W1H_LOG,,Near Stream Human Dist: Logging (distance-wtd tally of presence),Near Stream Human Dist: Logging (distance-wtd tally of presence),INTERPRETATION,,,,PARAMETER,phab
1819,NRSA 1819 Physical Habitat Larger Set of Metrics,Physical Habitat,phab_W1H_MINE,W1H_MINE,,Near Stream Human Dist: Mining (distance-wtd tally of presence),Near Stream Human Dist: Mining (distance-wtd tally of presence),INTERPRETATION,,,,PARAMETER,phab
1819,NRSA 1819 Physical Habitat Larger Set of Metrics,Physical Habitat,phab_W1H_PARK,W1H_PARK,,Near Stream Human Dist: Park/Lawn (distance-wtd tally of presence),Near Stream Human Dist: Park/Lawn (distance-wtd tally of presence),INTERPRETATION,,,,PARAMETER,phab
1819,NRSA 1819 Physical Habitat Larger Set of Metrics,Physical Habitat,phab_W1H_PIPE,W1H_PIPE,,Near Stream Human Dist: Pipe influent/effluent (distance-wtd tally of presence),Near Stream Human Dist: Pipe influent/effluent (distance-wtd tally of presence),INTERPRETATION,,,,PARAMETER,phab
1819,NRSA 1819 Physical Habitat Larger Set of Metrics,Physical Habitat,phab_W1H_PSTR,W1H_PSTR,,Near Stream Human Dist: Pasture/Hayfield (distance-wtd tally of presence),Near Stream Human Dist: Pasture/Hayfield (distance-wtd tally of presence),INTERPRETATION,,,,PARAMETER,phab
1819,NRSA 1819 Physical Habitat Larger Set of Metrics,Physical Habitat,phab_W1H_PVMT,W1H_PVMT,,Near Stream Human Dist: Pavement/parking lot(distance-wtd tally of presence),Near Stream Human Dist: Pavement/parking lot(distance-wtd tally of presence),INTERPRETATION,,,,PARAMETER,phab
1819,NRSA 1819 Physical Habitat Larger Set of Metrics,Physical Habitat,phab_W1H_ROAD,W1H_ROAD,,Near Stream Human Dist: Road/Railroad (distance-wtd tally of presence),Near Stream Human Dist: Road/Railroad (distance-wtd tally of presence),INTERPRETATION,,,,PARAMETER,phab
1819,NRSA 1819 Physical Habitat Larger Set of Metrics,Physical Habitat,phab_W1H_WALL,W1H_WALL,,Near Stream Human Dist: Walls/dikes/revetments(distance-wtd tally of presence),Near Stream Human Dist: Walls/dikes/revetments(distance-wtd tally of presence),INTERPRETATION,,,,PARAMETER,phab
1819,NRSA 1819 Physical Habitat Larger Set of Metrics,Physical Habitat,phab_XBEARING,XBEARING,,Compass Bearing Sighted upstream (Degrees),Compass Bearing Sighted upstream (Degrees),INTERPRETATION,,,,PARAMETER,phab
1819,NRSA 1819 Physical Habitat Larger Set of Metrics,Physical Habitat,phab_XBKA,XBKA,,Bank Angle (mean degrees),Bank Angle (mean degrees),INTERPRETATION,,,,PARAMETER,phab
1819,NRSA 1819 Physical Habitat Larger Set of Metrics,Physical Habitat,phab_XBKF_H,XBKF_H,,Mean Bankfull Height above wetted channel (m),Mean Bankfull Height above wetted channel (m),INTERPRETATION,,,,PARAMETER,phab
1819,NRSA 1819 Physical Habitat Larger Set of Metrics,Physical Habitat,phab_XBKF_W,XBKF_W,,Mean Bankfull Width (m),Mean Bankfull Width (m),INTERPRETATION,,,,PARAMETER,phab
1819,NRSA 1819 Physical Habitat Larger Set of Metrics,Physical Habitat,phab_XC,XC,,Canopy Mean Areal Cover proportion,Canopy Mean Areal Cover proportion,INTERPRETATION,,,,PARAMETER,phab
1819,NRSA 1819 Physical Habitat Larger Set of Metrics,Physical Habitat,phab_XCDENBK,XCDENBK,,Canopy Density at bank (mean percent),Canopy Density at bank (mean percent),INTERPRETATION,,,,PARAMETER,phab
1819,NRSA 1819 Physical Habitat Larger Set of Metrics,Physical Habitat,phab_XCDENMID,XCDENMID,,Canopy Density at mid-channel (mean percent),Canopy Density at mid-channel (mean percent),INTERPRETATION,,,,PARAMETER,phab
1819,NRSA 1819 Physical Habitat Larger Set of Metrics,Physical Habitat,phab_XCEMBED,XCEMBED,,Embeddedness Center of Channel (Mean % wetted streambed),Embeddedness Center of Channel (Mean % wetted streambed),INTERPRETATION,,,,PARAMETER,phab
1819,NRSA 1819 Physical Habitat Larger Set of Metrics,Physical Habitat,phab_XCL,XCL,,Large diameter (Dbh>0.3m) Tree Canopy Areal Cover proportion,Large diameter (Dbh>0.3m) Tree Canopy Areal Cover proportion,INTERPRETATION,,,,PARAMETER,phab
1819,NRSA 1819 Physical Habitat Larger Set of Metrics,Physical Habitat,phab_XCM,XCM,,Sum of Canopy+Mid layer vegetation areal cover proportion,Sum of Canopy+Mid layer vegetation areal cover proportion,INTERPRETATION,,,,PARAMETER,phab
1819,NRSA 1819 Physical Habitat Larger Set of Metrics,Physical Habitat,phab_XCMG,XCMG,,Sum of Canopy+Mid+Ground layer areal cover proportion,Sum of Canopy+Mid+Ground layer areal cover proportion,INTERPRETATION,,,,PARAMETER,phab
1819,NRSA 1819 Physical Habitat Larger Set of Metrics,Physical Habitat,phab_XCMGW,XCMGW,,Sum of Woody Canopy+Mid+Ground layer areal cover proportion,Sum of Woody Canopy+Mid+Ground layer areal cover proportion,INTERPRETATION,,,,PARAMETER,phab
1819,NRSA 1819 Physical Habitat Larger Set of Metrics,Physical Habitat,phab_XCMW,XCMW,,Sum of Woody Canopy+Mid layer vegetation areal cover proportion,Sum of Woody Canopy+Mid layer vegetation areal cover proportion,INTERPRETATION,,,,PARAMETER,phab
1819,NRSA 1819 Physical Habitat Larger Set of Metrics,Physical Habitat,phab_XCS,XCS,,Small diameter (Dbh<0.3m) Tree Canopy Areal Cover proportion,Small diameter (Dbh<0.3m) Tree Canopy Areal Cover proportion,INTERPRETATION,,,,PARAMETER,phab
1819,NRSA 1819 Physical Habitat Larger Set of Metrics,Physical Habitat,phab_XDEPTH,XDEPTH,,Mean thalweg depth,Mean thalweg depth,INTERPRETATION,,,,PARAMETER,phab
1819,NRSA 1819 Physical Habitat Larger Set of Metrics,Physical Habitat,phab_XDEPTH_CM,XDEPTH_CM,,"Mean thalweg depth (cm), converted from raw data in m",Mean thalweg depth (cm),INTERPRETATION,,,,PARAMETER,phab
1819,NRSA 1819 Physical Habitat Larger Set of Metrics,Physical Habitat,phab_XDEPTH_CM,XDEPTH_CM,,"Mean thalweg depth (cm), converted from raw data in m",Mean thalweg depth (cm),INTERPRETATION,,,,PARAMETER,phab
1819,NRSA 1819 Physical Habitat Larger Set of Metrics,Physical Habitat,phab_XDEPTH_CM,XDEPTH_CM,,Mean thalweg depth (cm),Mean thalweg depth (cm),INTERPRETATION,,,,PARAMETER,phab
1819,NRSA 1819 Physical Habitat Larger Set of Metrics,Physical Habitat,phab_XDEPTH_CM,XDEPTH_CM,,Mean thalweg depth (cm),Mean thalweg depth (cm),INTERPRETATION,,,,PARAMETER,phab
1819,NRSA 1819 Physical Habitat Larger Set of Metrics,Physical Habitat,phab_XEMBED,XEMBED,,Mean streambed embeddedness (%),Mean streambed embeddedness (%),INTERPRETATION,,,,PARAMETER,phab
1819,NRSA 1819 Physical Habitat Larger Set of Metrics,Physical Habitat,phab_XFC_ALG,XFC_ALG,,Instream Cover: Filamentous algae (areal proportion),Instream Cover: Filamentous algae (areal proportion),INTERPRETATION,,,,PARAMETER,phab
1819,NRSA 1819 Physical Habitat Larger Set of Metrics,Physical Habitat,phab_XFC_ALL,XFC_ALL,,Instream Cover Sum: All except algae and aquatic macrophytes (areal proportion),Instream Cover Sum: All except algae and aquatic macrophytes (areal proportion),INTERPRETATION,,,,PARAMETER,phab
1819,NRSA 1819 Physical Habitat Larger Set of Metrics,Physical Habitat,phab_XFC_AQM,XFC_AQM,,Instream Cover: Aquatic macrophytes (areal proportion),Instream Cover: Aquatic macrophytes (areal proportion),INTERPRETATION,,,,PARAMETER,phab
1819,NRSA 1819 Physical Habitat Larger Set of Metrics,Physical Habitat,phab_XFC_BIG,XFC_BIG,,"Instream Cover Sum: wood, boulders, over-hang banks, human structures (areal proportion)","Instream Cover Sum: wood, boulders, over-hang banks, human structures (areal proportion)",INTERPRETATION,,,,PARAMETER,phab
1819,NRSA 1819 Physical Habitat Larger Set of Metrics,Physical Habitat,phab_XFC_BRS,XFC_BRS,,Instream Cover: Brush (areal proportion),Instream Cover: Brush (areal proportion),INTERPRETATION,,,,PARAMETER,phab
1819,NRSA 1819 Physical Habitat Larger Set of Metrics,Physical Habitat,phab_XFC_HUM,XFC_HUM,,Instream Cover: Anthropogenic Structures/Trash (areal proportion),Instream Cover: Anthropogenic Structures/Trash (areal proportion),INTERPRETATION,,,,PARAMETER,phab
1819,NRSA 1819 Physical Habitat Larger Set of Metrics,Physical Habitat,phab_XFC_LVT,XFC_LVT,,Instream Cover: Live Trees (areal proportion),Instream Cover: Live Trees (areal proportion),INTERPRETATION,,,,PARAMETER,phab
1819,NRSA 1819 Physical Habitat Larger Set of Metrics,Physical Habitat,phab_XFC_LWD,XFC_LWD,,Instream Cover: Large woody debris (areal proportion),Instream Cover: Large woody debris (areal proportion),INTERPRETATION,,,,PARAMETER,phab
1819,NRSA 1819 Physical Habitat Larger Set of Metrics,Physical Habitat,phab_XFC_NAT,XFC_NAT,,Instream Cover Sum: non-anthropogenic cover types (areal proportion),Instream Cover Sum: non-anthropogenic cover types (areal proportion),INTERPRETATION,,,,PARAMETER,phab
1819,NRSA 1819 Physical Habitat Larger Set of Metrics,Physical Habitat,phab_XFC_OHV,XFC_OHV,,Instream Cover: Overhanging Vegetation <1m above surface (areal proportion),Instream Cover: Overhanging Vegetation <1m above surface (areal proportion),INTERPRETATION,,,,PARAMETER,phab
1819,NRSA 1819 Physical Habitat Larger Set of Metrics,Physical Habitat,phab_XFC_RCK,XFC_RCK,,Instream Cover: Rocks and Ledges (areal proportion),Instream Cover: Rocks and Ledges (areal proportion),INTERPRETATION,,,,PARAMETER,phab
1819,NRSA 1819 Physical Habitat Larger Set of Metrics,Physical Habitat,phab_XFC_UCB,XFC_UCB,,Instream Cover: Overhanging Banks (areal proportion),Instream Cover: Overhanging Banks (areal proportion),INTERPRETATION,,,,PARAMETER,phab
1819,NRSA 1819 Physical Habitat Larger Set of Metrics,Physical Habitat,phab_XG,XG,,Same as XGveg?,Same as XGveg?,INTERPRETATION,,,,PARAMETER,phab
1819,NRSA 1819 Physical Habitat Larger Set of Metrics,Physical Habitat,phab_XGB,XGB,,Barren ground layer areal cover,Barren ground layer areal cover,INTERPRETATION,,,,PARAMETER,phab
1819,NRSA 1819 Physical Habitat Larger Set of Metrics,Physical Habitat,phab_XGH,XGH,,Non-woody ground layer areal cover,Non-woody ground layer areal cover,INTERPRETATION,,,,PARAMETER,phab
1819,NRSA 1819 Physical Habitat Larger Set of Metrics,Physical Habitat,phab_XGveg,XGveg,,Ground layer Vegetated areal cover,Ground layer Vegetated areal cover,INTERPRETATION,,,,PARAMETER,phab
1819,NRSA 1819 Physical Habitat Larger Set of Metrics,Physical Habitat,phab_XGW,XGW,,Woody ground layer areal cover,Woody ground layer areal cover,INTERPRETATION,,,,PARAMETER,phab
1819,NRSA 1819 Physical Habitat Larger Set of Metrics,Physical Habitat,phab_XINC_H,XINC_H,,Terrace Height above water level (m),Terrace Height above water level (m),INTERPRETATION,,,,PARAMETER,phab
1819,NRSA 1819 Physical Habitat Larger Set of Metrics,Physical Habitat,phab_XM,XM,,Mid-Layer areal cover,Mid-Layer areal cover,INTERPRETATION,,,,PARAMETER,phab
1819,NRSA 1819 Physical Habitat Larger Set of Metrics,Physical Habitat,phab_XMH,XMH,,Mid-Layer Herbaceous areal cover,Mid-Layer Herbaceous areal cover,INTERPRETATION,,,,PARAMETER,phab
1819,NRSA 1819 Physical Habitat Larger Set of Metrics,Physical Habitat,phab_XMW,XMW,,Mid-Layer Woody areal cover,Mid-Layer Woody areal cover,INTERPRETATION,,,,PARAMETER,phab
1819,NRSA 1819 Physical Habitat Larger Set of Metrics,Physical Habitat,phab_XPCAN,XPCAN,,Canopy Presence: proportion of reach,Canopy Presence: proportion of reach,INTERPRETATION,,,,PARAMETER,phab
1819,NRSA 1819 Physical Habitat Larger Set of Metrics,Physical Habitat,phab_XPCM,XPCM,,Canopy+Mid-layer Presence: proportion of reach,Canopy+Mid-layer Presence: proportion of reach,INTERPRETATION,,,,PARAMETER,phab
1819,NRSA 1819 Physical Habitat Larger Set of Metrics,Physical Habitat,phab_XPCMG,XPCMG,,Canopy+Mid+Ground-layer Presence: proportion of reach,Canopy+Mid+Ground-layer Presence: proportion of reach,INTERPRETATION,,,,PARAMETER,phab
1819,NRSA 1819 Physical Habitat Larger Set of Metrics,Physical Habitat,phab_XPMGW,XPMGW,,Woody Canopy+Mid+Ground-layer Presence: proportion of reach,Woody Canopy+Mid+Ground-layer Presence: proportion of reach,INTERPRETATION,,,,PARAMETER,phab
1819,NRSA 1819 Physical Habitat Larger Set of Metrics,Physical Habitat,phab_XPMID,XPMID,,Mid-layer Presence: proportion of reach,Mid-layer Presence: proportion of reach,INTERPRETATION,,,,PARAMETER,phab
1819,NRSA 1819 Physical Habitat Larger Set of Metrics,Physical Habitat,phab_XSHOR2VG,XSHOR2VG,,Distance (m) from shoreline to vegetation Boatable only,Distance (m) from shoreline to vegetation Boatable only,INTERPRETATION,,,,PARAMETER,phab
1819,NRSA 1819 Physical Habitat Larger Set of Metrics,Physical Habitat,phab_XSLOPE,XSLOPE,,Mean Slope of water surface (%),Mean Slope of water surface (%),INTERPRETATION,,,,PARAMETER,phab
1819,NRSA 1819 Physical Habitat Larger Set of Metrics,Physical Habitat,phab_XSLOPE_FIELD,XSLOPE_FIELD,,Mean Slope of water surface-Field measurement (%),Mean Slope of water surface-Field measurement (%),INTERPRETATION,,,,PARAMETER,phab
1819,NRSA 1819 Physical Habitat Larger Set of Metrics,Physical Habitat,phab_XSLOPE_MAP,XSLOPE_MAP,,Mean Slope of water surface-Map-derived measurement (%),Mean Slope of water surface-Map-derived measurement (%),INTERPRETATION,,,,PARAMETER,phab
1819,NRSA 1819 Physical Habitat Larger Set of Metrics,Physical Habitat,phab_XSLOPE_use,XSLOPE_use,,Mean Slope of water surface-used used in assessment (%),Mean Slope of water surface-used used in assessment (%),INTERPRETATION,,,,PARAMETER,phab
1819,NRSA 1819 Physical Habitat Larger Set of Metrics,Physical Habitat,phab_XUN,XUN,,Mean bank undercut distance (m),Mean bank undercut distance (m),INTERPRETATION,,,,PARAMETER,phab
1819,NRSA 1819 Physical Habitat Larger Set of Metrics,Physical Habitat,phab_XWD_RAT,XWD_RAT,,Mean Wetted Width/Thalweg Depth ratio,Mean Wetted Width/Thalweg Depth ratio,INTERPRETATION,,,,PARAMETER,phab
1819,NRSA 1819 Physical Habitat Larger Set of Metrics,Physical Habitat,phab_XWIDTH,XWIDTH,,Mean Wetted Width (m),Mean Wetted Width (m),INTERPRETATION,,,,PARAMETER,phab
1819,NRSA 1819 Physical Habitat Larger Set of Metrics,Physical Habitat,phab_XWXD,XWXD,,Mean Wetted Width x Thalweg depth (m2),Mean Wetted Width x Thalweg depth (m2),INTERPRETATION,,,,PARAMETER,phab
1819,NRSA 1819 Physical Habitat Larger Set of Metrics,Physical Habitat,phab_YEAR,YEAR,Year of sampling,,,VERIF,,,,PARAMETER,phab
1819,NRSA 1819 Site Information,Site Information,siteinfo_AG_ECO3,AG_ECO3,"NARS 3-level reporting region (2015), based on aggregating AGGR_ECO9_2015 reporting regions",,,DESIGN,EHIGH|PLNLOW|WMTNS,,,COLUMN_NAME,siteinfo
1819,NRSA 1819 Site Information,Site Information,siteinfo_AG_ECO3,AG_ECO3,"NARS 3-level reporting region (2015), based on aggregating AG_ECO9 reporting regions. No missing or \blank\"" values allowed.""",,,DESIGN,EHIGH|PLNLOW|WMTNS |,,,COLUMN_NAME,siteinfo
1819,NRSA 1819 Site Information,Site Information,siteinfo_AG_ECO3_NM,AG_ECO3_NM,NARS 3-level reporting region Name,,,DESIGN,Text names,,,COLUMN_NAME,siteinfo
1819,NRSA 1819 Site Information,Site Information,siteinfo_AG_ECO3_NM,AG_ECO3_NM,"NARS 3-level reporting region name. No missing or \blank\"" values allowed.""",,,DESIGN,Eastern Highlands | Plains and Lowlands | West |,,,COLUMN_NAME,siteinfo
1819,NRSA 1819 Site Information,Site Information,siteinfo_AG_ECO9,AG_ECO9,"NARS 9-level reporting region (2015), based on aggregated Omernik Level III ecoregions",,,DESIGN,CPL|NAP|NPL|SAP|SPL|TPL|UMW|WMT|XER,,,COLUMN_NAME,siteinfo
1819,NRSA 1819 Site Information,Site Information,siteinfo_AG_ECO9,AG_ECO9,"NARS 9-level reporting region, based on aggregated Omernik Level III ecoregions. No missing or \blank\"" values allowed.""",,,DESIGN,CPL|NAP|NPL|SAP|SPL|TPL|UMW|WMT|XER |,,,COLUMN_NAME,siteinfo
1819,NRSA 1819 Site Information,Site Information,siteinfo_AG_ECO9_NM,AG_ECO9_NM,NARS 9-level reporting region Name,,,DESIGN,Text names,,,COLUMN_NAME,siteinfo
1819,NRSA 1819 Site Information,Site Information,siteinfo_AG_ECO9_NM,AG_ECO9_NM,"NARS 9-level reporting region name. No missing or \blank\"" values allowed.""",,,DESIGN,Coastal Plains | Northern Appalachians | Northern Plains | Southern Appalachians | Southern Plains | Temperate Plains | Upper Midwest | Western Mountains | Xeric |,,,COLUMN_NAME,siteinfo
1819,NRSA 1819 Site Information,Site Information,siteinfo_BORD_RIV,BORD_RIV,Reach occurs on state or country boundaries,,,DESIGN,Text of two postal codes: MM:NN where MM is one state and NN is other state the river is on the border. Blank if not a border river,,,COLUMN_NAME,siteinfo
1819,NRSA 1819 Site Information,Site Information,siteinfo_BORD_RIV,BORD_RIV,"State border river code. For a border river, value is two postal codes: MM:NN, where MM is one state code and NN is other state code. If not a border river, then value is \Not_Border\"". No missing or \""blank\"" values allowed.""",,,DESIGN,,,,COLUMN_NAME,siteinfo
1819,NRSA 1819 Site Information,Site Information,siteinfo_CNTYNAME,CNTYNAME,County name (source ESRI counties based on census 2010),,,DESIGN,Text Names,,,COLUMN_NAME,siteinfo
1819,NRSA 1819 Site Information,Site Information,siteinfo_CNTYNAME,CNTYNAME,"County name (source ESRI counties based on census 2010). No missing or \blank\"" values allowed.""",,,DESIGN,,,,COLUMN_NAME,siteinfo
1819,NRSA 1819 Site Information,Site Information,siteinfo_COMID,COMID,NHD common identifier for NRSA sampling frame and subsequent designs.,,,DESIGN,Numeric,,,COLUMN_NAME,siteinfo
1819,NRSA 1819 Site Information,Site Information,siteinfo_COMID,COMID,"NHDPlusV2 common identifier for NRSA sampling frame. No missing values allowed but it is possible that a few lakes may not be in sample frame if from a state study or are hand-picked lakes. In this case value is \0\"". No missing values allowed. COMID used for NRSA0809 through NRSA18-19; No longer used in NRSA23-24 and NHDPlusHR.""",,,DESIGN,,,,COLUMN_NAME,siteinfo
1819,NRSA 1819 Site Information,Site Information,siteinfo_DATE_COL,DATE_COL,Date of data collection in field,,,VERIF,,,,COLUMN_NAME,siteinfo
1819,NRSA 1819 Site Information,Site Information,siteinfo_DES_FTYPE,DES_FTYPE,Design FTYPE created from FTYPE and other NHD-Plus features,,,DESIGN,,,,COLUMN_NAME,siteinfo
1819,NRSA 1819 Site Information,Site Information,siteinfo_DES_FTYPE,DES_FTYPE,"NRSA design feature type (based on NHD feature type). Generally, no missing values allowed but it is possible that a few lakes may not be in sample frame if from a state study or are hand-picked lakes. In this case value is \None\"". No missing or \""blank\"" values allowed.""",,,DESIGN,,,,COLUMN_NAME,siteinfo
1819,NRSA 1819 Site Information,Site Information,siteinfo_DSGN_CYCLE,DSGN_CYCLE,NRSA survey design time period 2000-04| 2008-09 | 2013-14 | 2018-19 | etc. No missing values allowed.,,,,,,,COLUMN_NAME,siteinfo
1819,NRSA 1819 Site Information,Site Information,siteinfo_DSGN_CYCLE,DSGN_CYCLE,,,,DESIGN,2000-04| 2008-09|2013-14|2018-19|,,,COLUMN_NAME,siteinfo
1819,NRSA 1819 Site Information,Site Information,siteinfo_ELEVATION,ELEVATION,Elevation at Transect K,,,ASSESS,,,,COLUMN_NAME,siteinfo
1819,NRSA 1819 Site Information,Site Information,siteinfo_ELEVATION,ELEVATION,"Elevation at Stream site (LAT_DD83, LON_DD83) from USGS elevation point query service (30 m elevation) http://ned.usgs.gov/epqs/",,,DESIGN,Numeric; may legitimately be negative,,,COLUMN_NAME,siteinfo
1819,NRSA 1819 Site Information,Site Information,siteinfo_ELEVATION,ELEVATION,"Elevation at Stream site (LAT_DD83, LON_DD83) from USGS elevation point query service (30 m elevation) http://ned.usgs.gov/epqs/. May legitimately be negative. No missing or \blank\"" values allowed. Unit: meters""",,,DESIGN,,,,COLUMN_NAME,siteinfo
1819,NRSA 1819 Site Information,Site Information,siteinfo_ELEVATION,ELEVATION,Elevation at Transect A,,,VERIF,,,,COLUMN_NAME,siteinfo
1819,NRSA 1819 Site Information,Site Information,siteinfo_EPA_REG,EPA_REG,EPA Region,,,DESIGN,Region_1 | Region_2 | Region_3 | Region_4 | Region_5 | Region_6 | Region_7 | Region_8 | Region_9 | Region_10,,,COLUMN_NAME,siteinfo
1819,NRSA 1819 Site Information,Site Information,siteinfo_EPA_REG,EPA_REG,"EPA Region. No missing or \blank\"" values allowed.""",,,DESIGN,Region_01 | Region_02 | Region_03 | Region_04 | Region_05 | Region_06 | Region_07 | Region_08 | Region_09 | Region_10 |,,,COLUMN_NAME,siteinfo
1819,NRSA 1819 Site Information,Site Information,siteinfo_EVAL_CAT,EVAL_CAT,"NRSA site evaluation result. For hand-picked sites evaluation is Target_Sampled. No missing or \blank\"" values allowed.""",,,DESIGN,,,,COLUMN_NAME,siteinfo
1819,NRSA 1819 Site Information,Site Information,siteinfo_FCODE,FCODE,NHD feature type code,,,DESIGN,,,,COLUMN_NAME,siteinfo
1819,NRSA 1819 Site Information,Site Information,siteinfo_FCODE,FCODE,"NHD 5-digit code for feature type. Generally, no missing values allowed but it is possible that a few lakes may not be in sample frame if from a state study or are hand-picked lakes. In this case value is \0\"". No missing or \""blank\"" values allowed.""",,,DESIGN,,,,COLUMN_NAME,siteinfo
1819,NRSA 1819 Site Information,Site Information,siteinfo_FED_NONFED,FED_NONFED,"Federal or Non-Federal land, based on OWN_NARS. OWN_NARS in FWS, Other Fed, USFS, NPS, NOAA, BLM, DOD, BOR considered Federal and all others Non-Federal.",,,DESIGN,Federal|Non-Federal,,,COLUMN_NAME,siteinfo
1819,NRSA 1819 Site Information,Site Information,siteinfo_FEOW_ID,FEOW_ID,Freshwater Ecoregions of the World (2015) code,,,DESIGN,Numeric,,,COLUMN_NAME,siteinfo
1819,NRSA 1819 Site Information,Site Information,siteinfo_FEOW_ID,FEOW_ID,"Freshwater Ecoregions of the World (2015) code. No missing or \blank\"" values allowed.""",,,DESIGN,,,,COLUMN_NAME,siteinfo
1819,NRSA 1819 Site Information,Site Information,siteinfo_FRAME08,FRAME08,"Stream reach is included or excluded from sample frame for the NRSA 2008-09 Target Population survey design. No missing or \blank\"" values allowed.""",,,DESIGN,Exclude|Include| Not Present |,,,COLUMN_NAME,siteinfo
1819,NRSA 1819 Site Information,Site Information,siteinfo_FRAME13,FRAME13,"Stream reach is included or excluded from sample frame for the NRSA 2013-14 Target Population survey design. No missing or \blank\"" values allowed.""",,,DESIGN,Exclude|Include| Not Present |,,,COLUMN_NAME,siteinfo
1819,NRSA 1819 Site Information,Site Information,siteinfo_FRAME18,FRAME18,"Stream reach is included or excluded from sample frame for the NRSA 2018-19 Target Population survey design. No missing or \blank\"" values allowed.""",,,DESIGN,Exclude|Include |,,,COLUMN_NAME,siteinfo
1819,NRSA 1819 Site Information,Site Information,siteinfo_FRAMEEW,FRAMEEW,"Stream reach is included or excluded from sample frame for the EMAP West 2000-3 Target Population survey design. No missing or \blank\"" values allowed.""",,,DESIGN,Exclude|Include| Not Present |,,,COLUMN_NAME,siteinfo
1819,NRSA 1819 Site Information,Site Information,siteinfo_FRAMEWS,FRAMEWS,"Stream reach is included or excluded from sample frame for the WSA 2004 Target Population survey design. No missing or \blank\"" values allowed.""",,,DESIGN,Exclude|Include| Not Present |,,,COLUMN_NAME,siteinfo
1819,NRSA 1819 Site Information,Site Information,siteinfo_FS_EW,FS_EW,Eastern or western US Forest Service land,,,DESIGN,East | West | blank if not US Forest Service land,,,COLUMN_NAME,siteinfo
1819,NRSA 1819 Site Information,Site Information,siteinfo_FS_EW,FS_EW,"Eastern or western US Forest Service land. Not_USFS if not US Forest Service land. No missing or \blank\"" values allowed.""",,,DESIGN,East | West | Not_USFS |,,,COLUMN_NAME,siteinfo
1819,NRSA 1819 Site Information,Site Information,siteinfo_FTYPE,FTYPE,HD feature type name,,,DESIGN,,,,COLUMN_NAME,siteinfo
1819,NRSA 1819 Site Information,Site Information,siteinfo_FTYPE,FTYPE,"NHD feature type. Generally, no missing values allowed but it is possible that a few lakes may not be in sample frame if from a state study or are hand-picked lakes. In this case value is \None\"". No missing or \""blank\"" values allowed.""",,,DESIGN,,,,COLUMN_NAME,siteinfo
1819,NRSA 1819 Site Information,Site Information,siteinfo_GNIS_ID,GNIS_ID,Goegraphic Names Information System ID (from NHD),,,DESIGN,Numeric,,,COLUMN_NAME,siteinfo
1819,NRSA 1819 Site Information,Site Information,siteinfo_GNIS_ID,GNIS_ID,"Goegraphic Names Information System ID (from NHD). If value is \0\"", then no GNIS_ID available. . No missing or \""blank\"" values allowed.""",,,DESIGN,,,,COLUMN_NAME,siteinfo
1819,NRSA 1819 Site Information,Site Information,siteinfo_GNIS_NAME,GNIS_NAME,USGS Geographic Names Information System name,,,DESIGN,Text name,,,COLUMN_NAME,siteinfo
1819,NRSA 1819 Site Information,Site Information,siteinfo_GNIS_NAME,GNIS_NAME,"USGS Geographic Names Information System name (from NHD). Value of \None\"" if no GNIS_NAME available. . No missing or \""blank\"" values allowed.""",,,DESIGN,,,,COLUMN_NAME,siteinfo
1819,NRSA 1819 Site Information,Site Information,siteinfo_GNIS_NAME,GNIS_NAME,Name of the stream reach that the site was snapped to from the NHDPlusV21.,,,LAND,,,,COLUMN_NAME,siteinfo
1819,NRSA 1819 Site Information,Site Information,siteinfo_HUC2,HUC2,USGS Level 2 Hydrologic Unit Code where stream reach is located (based on NHDPlusV2 use of HUCs),,,DESIGN,Alphanumeric: H01 to H20 with H03N :H 03S : H03W | H10L : H10U where region coded preceded by letter H,,,COLUMN_NAME,siteinfo
1819,NRSA 1819 Site Information,Site Information,siteinfo_HUC2,HUC2,"USGS Level 2 Hydrologic Unit Code where stream reach is located (based on NHDPlusV2 use of HUCs). No missing or \blank\"" values allowed.""",,,DESIGN,H01|H02|H03N|H03S|H03W|H04|H05|H06|H07|H08|H09|H10L|H10U|H11|H12|H13|H14|H15|H16|H17|H18|H19|H20,,,COLUMN_NAME,siteinfo
1819,NRSA 1819 Site Information,Site Information,siteinfo_HUC2_NM,HUC2_NM,"USGS Level 2 Hydrologic Unit Region Name where stream reach is located (based on NHDPlusV2 use of HUCs). No missing or \blank\"" values allowed.""",,,DESIGN,"Arkansas-Red-White Region |California Region |Great Basin Region |Great Lakes Region |Lower Colorado Region |Lower Mississippi Region |\Lower Missouri Region |Mid-Atlantic Region |New England Region |Ohio Region |Pacific Northwest Region |Rio Grande Region |Souris-Red-Rainy Region |South Atlantic-North Region |South Atlantic-South Region |South Atlantic-West Region |Tennessee Region |Texas Region |Upper Colorado Region |Upper Mississippi Region |Upper Missouri Region |""",,,COLUMN_NAME,siteinfo
1819,NRSA 1819 Site Information,Site Information,siteinfo_HUC8,HUC8,USGS Level 8 Hydrologic Unit Code where stream reach is located (based on NHDPlusV2 use of HUCs),,,DESIGN,Alphanumeric code; 8-digit preceded by letter H,,,COLUMN_NAME,siteinfo
1819,NRSA 1819 Site Information,Site Information,siteinfo_HUC8,HUC8,"USGS Level 8 Hydrologic Unit Code where stream reach is located (based on NHDPlusV2 use of HUCs). Eight-digit preceded by letter H. No missing or \blank\"" values allowed.""",,,DESIGN,,,,COLUMN_NAME,siteinfo
1819,NRSA 1819 Site Information,Site Information,siteinfo_HUC8_NM,HUC8_NM,USGS Level 8 Hydrologic Cataloging Unit Name where stream reach is located,,,DESIGN,Text,,,COLUMN_NAME,siteinfo
1819,NRSA 1819 Site Information,Site Information,siteinfo_HUC8_NM,HUC8_NM,"USGS Level 8 Hydrologic Cataloging Unit Name where stream reach is located. No missing or \blank\"" values allowed.""",,,DESIGN,,,,COLUMN_NAME,siteinfo
1819,NRSA 1819 Site Information,Site Information,siteinfo_LAT_DD83,LAT_DD83,Latitude (based on NAD83 datum) for stream site from NHD-based sample frame.,,,DESIGN,Numeric,,,COLUMN_NAME,siteinfo
1819,NRSA 1819 Site Information,Site Information,siteinfo_LAT_DD83,LAT_DD83,"Latitude in decimal degrees (based on NAD83 datum) for stream site from NHDPlusV2, i.e., \design latitude.\"". No missing or \""blank\"" values allowed.""",,,DESIGN,,,,COLUMN_NAME,siteinfo
1819,NRSA 1819 Site Information,Site Information,siteinfo_LAT_DD83,LAT_DD83,Latitude in decimal degrees NAD83,,,LANDSCAPE,,,,COLUMN_NAME,siteinfo
1819,NRSA 1819 Site Information,Site Information,siteinfo_LON_DD83,LON_DD83,Longitude (based on NAD83 datum) for stream site from NHD-based sample frame.,,,DESIGN,Numeric,,,COLUMN_NAME,siteinfo
1819,NRSA 1819 Site Information,Site Information,siteinfo_LON_DD83,LON_DD83,"Longitude in decimal degrees (based on NAD83 datum) for stream site from NHDPlusV2, i.e., \design longitude.\"" No missing or \""blank\"" values allowed.""",,,DESIGN,,,,COLUMN_NAME,siteinfo
1819,NRSA 1819 Site Information,Site Information,siteinfo_LON_DD83,LON_DD83,Longitude in decimal degrees NAD83,,,LANDSCAPE,,,,COLUMN_NAME,siteinfo
1819,NRSA 1819 Site Information,Site Information,siteinfo_MAJ_BAS_NM,MAJ_BAS_NM,Major USGS Hydrologic Basins derived from NHDPlus Names,,,DESIGN,Text of 16 basin names,,,COLUMN_NAME,siteinfo
1819,NRSA 1819 Site Information,Site Information,siteinfo_MAJ_BAS_NM,MAJ_BAS_NM,"Name of major USGS Hydrologic Basins derived from NHDPlus names. No missing or \blank\"" values allowed.""",,,DESIGN,Arkansas-White-Red Region | California Region | Great Basin Region | Great Lakes Region | Lower Colorado Region | Lower Mississippi Region | Mid Atlantic Region | Missouri Region | New England Region | Ohio-Tennessee Region | Pacific Northwest Region | Rio Grande-Texas-Gulf Region | Souris-Red-Rainy Region | South Atlantic Gulf Region | Upper Colorado Region | Upper Mississippi Region |,,,COLUMN_NAME,siteinfo
1819,NRSA 1819 Site Information,Site Information,siteinfo_MAJ_BASIN,MAJ_BASIN,Major USGS Hydrologic Basins derived from NHDPlus Codes,,,DESIGN,16 Major Basin Codes from 01 to 18 with 05_06 and 12_13 combined preceeded by letter H,,,COLUMN_NAME,siteinfo
1819,NRSA 1819 Site Information,Site Information,siteinfo_MAJ_BASIN,MAJ_BASIN,"Major USGS Hydrologic Basins code derived from NHDPlus codes. Has leading \H\"" to preserve leading zeros. No missing or \""blank\"" values allowed.""",,,DESIGN,H01|H02|H03|H04|H05_06|H07|H08|H09|H10|H11|H12_13|H14|H15|H16|H17|H18,,,COLUMN_NAME,siteinfo
1819,NRSA 1819 Site Information,Site Information,siteinfo_MAJ_RIV_NM,MAJ_RIV_NM,Name of major or additional river,,,DESIGN,,,,COLUMN_NAME,siteinfo
1819,NRSA 1819 Site Information,Site Information,siteinfo_MAJ_RIV_NM,MAJ_RIV_NM,"Name of Major River in US (based on major and additional rivers defined in Benke's Rivers of North America). Includes entire river to its headwaters. \Not Major River\"" if not a major river. No missing or \""blank\"" values allowed.""",,,DESIGN,,,,COLUMN_NAME,siteinfo
1819,NRSA 1819 Site Information,Site Information,siteinfo_MAJ_RIVER,MAJ_RIVER,Identifies river as major or additional river based on Rivers of North America,,,DESIGN,,,,COLUMN_NAME,siteinfo
1819,NRSA 1819 Site Information,Site Information,siteinfo_MAJ_RIVER,MAJ_RIVER,"Designates major rivers in US (based on major rivers defined in Benke's Rivers of North America). Benke identifies \major rivers\"" and \""additional rivers.\"" Includes entire river to its headwaters. \""NotMajorRiver\"" if not a major river. No missing values allowed.""",,,DESIGN,MajorRiver | Additional | NotMajorRiver,,,COLUMN_NAME,siteinfo
1819,NRSA 1819 Site Information,Site Information,siteinfo_MIS_BAS_NM,MIS_BAS_NM,"The hydrologic basin name for streams in the Mississippi Basin derived from NHDPlus names. \Not Miss River Basin\"" for streams not in the Mississippi Basin. No missing values allowed.""",,,DESIGN,Ohio Region|Tennessee Region|Upper Mississippi Region|Lower Mississippi Region|Lower Missouri Region| Upper Missouri Region|Arkansas-Red-White Region|Not Mississippi River Basin,,,COLUMN_NAME,siteinfo
1819,NRSA 1819 Site Information,Site Information,siteinfo_MIS_BASIN,MIS_BASIN,"The hydrologic basin code for streams in the Mississippi Basin derived from NHDPlus codes. For streams not in the Mississippi Basin value equal to \NMRB\"". No missing values allowed.""",,,DESIGN,H05|H06|H07|H08|H10L|H10U|H11|NMRB,,,COLUMN_NAME,siteinfo
1819,NRSA 1819 Site Information,Site Information,siteinfo_MISS_BASIN,MISS_BASIN,"The hydrologic basin name for streams in the Mississippi Basin, or NA for streams not in the Mississippi Basin",,,DESIGN,Text of 7 basin names or NA,,,COLUMN_NAME,siteinfo
1819,NRSA 1819 Site Information,Site Information,siteinfo_MISS_BASIN,MISS_BASIN,"Within Mississippi Basin or outside, based on MIS_BAS_NM values",,,DESIGN,Mississippi_Basin|Not_Mississippi_Basin,,,COLUMN_NAME,siteinfo
1819,NRSA 1819 Site Information,Site Information,siteinfo_NA_L1CODE,NA_L1CODE,CEC North American Level I ecoregion code,,,DESIGN,Numeric 5 to 15 excluding 14 and 0 designating HI,,,COLUMN_NAME,siteinfo
1819,NRSA 1819 Site Information,Site Information,siteinfo_NA_L1CODE,NA_L1CODE,"CEC North American Level I ecoregion code. Values of 5 to 15 excluding 14 and 0 designating HI. No missing or \blank\"" values allowed.""",,,DESIGN,,,,COLUMN_NAME,siteinfo
1819,NRSA 1819 Site Information,Site Information,siteinfo_NA_L1NAME,NA_L1NAME,CEC North American Level I ecoregion name,,,DESIGN,Text,,,COLUMN_NAME,siteinfo
1819,NRSA 1819 Site Information,Site Information,siteinfo_NA_L1NAME,NA_L1NAME,"CEC North American Level I ecoregion name. No missing or \blank\"" values allowed.""",,,DESIGN,EASTERN TEMPERATE FORESTS | GREAT PLAINS | MARINE WEST COAST FOREST | MEDITERRANEAN CALIFORNIA | NORTH AMERICAN DESERTS | NORTHERN FORESTS | NORTHWESTERN FORESTED MOUNTAINS | SOUTHERN SEMI-ARID HIGHLANDS | TEMPERATE SIERRAS | TROPICAL WET FORESTS |,,,COLUMN_NAME,siteinfo
1819,NRSA 1819 Site Information,Site Information,siteinfo_NA_L2CODE,NA_L2CODE,CEC North American Level II ecoregion code,,,DESIGN,Alphanumeric: n.n where leading position is Level I code and following position is Level 2 designation,,,COLUMN_NAME,siteinfo
1819,NRSA 1819 Site Information,Site Information,siteinfo_NA_L2CODE,NA_L2CODE,"CEC North American Level II ecoregion code. Form is n.n where leading is L1 and following is level 2. No missing or \blank\"" values allowed.""",,,DESIGN,,,,COLUMN_NAME,siteinfo
1819,NRSA 1819 Site Information,Site Information,siteinfo_NA_L2NAME,NA_L2NAME,CEC North American Level II ecoregion name,,,DESIGN,Text,,,COLUMN_NAME,siteinfo
1819,NRSA 1819 Site Information,Site Information,siteinfo_NA_L2NAME,NA_L2NAME,"CEC North American Level II ecoregion name. No missing or \blank\"" values allowed.""",,,DESIGN,,,,COLUMN_NAME,siteinfo
1819,NRSA 1819 Site Information,Site Information,siteinfo_NARS_NAME,NARS_NAME,Name of lake from field evaluation or GNIS NAME if the same,,,DESIGN,Text,,,COLUMN_NAME,siteinfo
1819,NRSA 1819 Site Information,Site Information,siteinfo_NARS_NAME,NARS_NAME,"Name of stream from field evaluation or GNIS NAME if the same. \None\"" if no name. No missing or \""blank\"" values allowed.""",,,DESIGN,,,,COLUMN_NAME,siteinfo
1819,NRSA 1819 Site Information,Site Information,siteinfo_OWN_NARS,OWN_NARS,"Land ownership code derived from USGS PADUS (http://gapanalysis.usgs.gov/padus/data/) - pulled May 2016 version of database. Aggregated to categories used by NARS. Text of 13 land ownership category names. Similar to OWN_TYPE in USGS PADUS dataset except that Federal_Land is separated into major federal agencies. No missing or \blank\"" values allowed.""",,,DESIGN,BLM | DOD | | DOE | USFS | FWS | NOAA | Non Federal | NPS | Tribal Land| USACE | USBR | NRCS| Other Fed,,,COLUMN_NAME,siteinfo
1819,NRSA 1819 Site Information,Site Information,siteinfo_PANEL_RVST,PANEL_RVST,"Survey of time panels that identifies which sites were visited in which design cycle. Form is SSS_Y1_Y2_Y3_etc where SSS is abbreviation for the STUDY (NRS) and Yi identifies year visited which is \NO\"" if no visit in that design cyle. For HAND sites, panel value is \""NONE\"". No missing or \""blank\"" values allowed.""",,,DESIGN,,,,COLUMN_NAME,siteinfo
1819,NRSA 1819 Site Information,Site Information,siteinfo_PANEL_SOT,PANEL_SOT,"Survey over time sets of sites for only probability sites. As new design cycles are added for NRSA, PANEL_SOT values must be updated. Form is NRS_XX_XX_XX_etc. Where XX equal design cycle year or NO if not evaluated and position designates the 1st, 2nd, and 3rd design cycles. Note that all possible combinates for PANEL_RVST may not be present for PANEL_SOT. For hand-picked sites, value is HAND. No missing or \blank\"" values allowed.""",,,DESIGN,NRS_08_NO | NRS_08_13 | NRS_NO_13 | HAND,,,COLUMN_NAME,siteinfo
1819,NRSA 1819 Site Information,Site Information,siteinfo_PANEL_USE,PANEL_USE,"NRSA Panel Assignment. Text that has form NRSnn_mmXXXn_YYYY, where nn is current cycle year (09, 14, 19, etc), mm is cycle year stream site was first selected for sampling, XXXn denotes revisit status, and YYYY denotes base or over sample status. XXXn equals either RVT2 (if site should be visited twice in current cycle year) or RVT (if site should be visited once in current cycle and was previously visited in a prior cycle year) and is blank otherwise. YYYY is either blank (if the stream site is a base site) or equals OverSamp (if the stream site is an over sample site). Note: For state specific designs, state two letter code is added. Hand-picked sites have value \NONE\"". No missing or \""blank\"" values allowed.""",,,DESIGN,,,,COLUMN_NAME,siteinfo
1819,NRSA 1819 Site Information,Site Information,siteinfo_PANEL_WGT,PANEL_WGT,"Sets of probability sites required for the weight adjustment for each design cycle. PANEL_WGT is not changed when future design cycles are completed. Hand-picked sites assigned as NONE, since they are not a probability site. No missing or \blank\"" values allowed..""",,,DESIGN,,,,COLUMN_NAME,siteinfo
1819,NRSA 1819 Site Information,Site Information,siteinfo_PROB_CAT,PROB_CAT,"NRSA unequal probability categories used within a stratum. Hand-picked sites equal to \None\"" as they are not a site from probability design. No missing values allowed""",,,DESIGN,,,,COLUMN_NAME,siteinfo
1819,NRSA 1819 Site Information,Site Information,siteinfo_PSTL_CODE,PSTL_CODE,State two-letter postal code,,,DESIGN,,,,COLUMN_NAME,siteinfo
1819,NRSA 1819 Site Information,Site Information,siteinfo_PSTL_CODE,PSTL_CODE,"State two letter postal code for site sampled. 50 state postal codes plus AS, MP, GU, PR, VI for American Samoa, Commonwealth of Northern Marianas, Guam, Puerto Rico and Virgin Islands. No missing or \blank\"" values allowed.""",,,DESIGN,,,,COLUMN_NAME,siteinfo
1819,NRSA 1819 Site Information,Site Information,siteinfo_PUBLICATION_DATE,PUBLICATION_DATE,Date of data file publication,,,,,,,COLUMN_NAME,siteinfo
1819,NRSA 1819 Site Information,Site Information,siteinfo_RCHDOWN,RCHDOWN,Downstream Length (m),,,VERIF,,,,COLUMN_NAME,siteinfo
1819,NRSA 1819 Site Information,Site Information,siteinfo_RCHUP,RCHUP,Upstream Length (m),,,VERIF,,,,COLUMN_NAME,siteinfo
1819,NRSA 1819 Site Information,Site Information,siteinfo_REACHCODE,REACHCODE,NHD Reach code assigned,,,DESIGN,Numeric,,,COLUMN_NAME,siteinfo
1819,NRSA 1819 Site Information,Site Information,siteinfo_REACHCODE,REACHCODE,"NHD Reach code assigned. Value of 'None' if site is on reach that is not in NHD. No missing values or \blanks\"" allowed.""",,,DESIGN,Reachcode value preceeded by 'R' (values have leading zeros),,,COLUMN_NAME,siteinfo
1819,NRSA 1819 Site Information,Site Information,siteinfo_SF_ST_ID,SF_ST_ID,"Stream ID from a State sample frame . \None\"" if not in state sample frame.. No missing or \""blank\"" values allowed.""",,,DESIGN,,,,COLUMN_NAME,siteinfo
1819,NRSA 1819 Site Information,Site Information,siteinfo_SITE_ID,SITE_ID,"Site ID for the study and year sampled. Preferred form is NRSnn_MM-xxxxx where nn is current cycle year (04, 08, 13, 18, etc), MM is two letter state code, and xxxxx is between 10001 and 99999. No missing or \blank\"" values allowed.""",,,DESIGN,,,,COLUMN_NAME,siteinfo
1819,NRSA 1819 Site Information,Site Information,siteinfo_SITE_ID,SITE_ID,Unique Site ID assigned for NRSA13-14,,,LANDSCAPE,,,,COLUMN_NAME,siteinfo
1819,NRSA 1819 Site Information,Site Information,siteinfo_SITE_ID,SITE_ID,Site ID,,,VERIF,,,,COLUMN_NAME,siteinfo
1819,NRSA 1819 Site Information,Site Information,siteinfo_SITETYPE,SITETYPE,"Site type (Probability-based or hand-picked). PROB for sites from probability survey. Usually HAND for hand-picked sites. In EMAP West and WSA, STARHAND is used to identify hand-picked sites that do not have all CORE indicators available.",,,,,,,COLUMN_NAME,siteinfo
1819,NRSA 1819 Site Information,Site Information,siteinfo_SITETYPE,SITETYPE,Site type (Probability-based or hand-picked),,,DESIGN,PROB | HAND,,,COLUMN_NAME,siteinfo
1819,NRSA 1819 Site Information,Site Information,siteinfo_SITETYPE,SITETYPE,"Site type (Probability-based or hand-picked). PROB for sites from probability survey. Usually HAND for hand-picked sites. In EMAP West and WSA, STARHAND is used to identify hand-picked sites that do not have all CORE indicators available . No missing or \blank\"" values allowed.""",,,DESIGN,PROB | HAND | STARHAND |,,,COLUMN_NAME,siteinfo
1819,NRSA 1819 Site Information,Site Information,siteinfo_SOURCE,SOURCE,Sample frame source,,,DESIGN,NHDPlusv2| State frame names,,,COLUMN_NAME,siteinfo
1819,NRSA 1819 Site Information,Site Information,siteinfo_SOURCE,SOURCE,"Sample frame source for PROB sites and NONE for HAND sites. State frame names if used . No missing or \blank\"" values allowed.""",,,DESIGN,RF3 | NHDPlusV1| NHDPlusV2 | NONE,,,COLUMN_NAME,siteinfo
1819,NRSA 1819 Site Information,Site Information,siteinfo_STATE_NM,STATE_NM,"State to which stream reach is assigned for sampling in NRSA. No missing or \blank\"" values allowed.""",,,DESIGN,,,,COLUMN_NAME,siteinfo
1819,NRSA 1819 Site Information,Site Information,siteinfo_STATE_SF,STATE_SF,"Include or exclude stream reach in state sample frame. No missing or \blank\"" values allowed.""",,,DESIGN,Include | Exclude |,,,COLUMN_NAME,siteinfo
1819,NRSA 1819 Site Information,Site Information,siteinfo_STATECTY,STATECTY,FIPS state and county code,,,DESIGN,Text - numeric with leading zero,,,COLUMN_NAME,siteinfo
1819,NRSA 1819 Site Information,Site Information,siteinfo_STATECTY,STATECTY,"FIPS state and county code. Text with leading \F\"" before code. No missing or \""blank\"" values allowed.""",,,DESIGN,,,,COLUMN_NAME,siteinfo
1819,NRSA 1819 Site Information,Site Information,siteinfo_STRAH_CAL,STRAH_CAL,Strahler calculator from NHDPlusv2. Used to identify braided reaches.,,,DESIGN,Numeric: 0 to 10.,,,COLUMN_NAME,siteinfo
1819,NRSA 1819 Site Information,Site Information,siteinfo_STRAH_CAL,STRAH_CAL,"Strahler calculator from NHDPlusv2. Used to identify braided reaches. Values of 0 to 10. No missing or \blank\"" values allowed.""",,,DESIGN,,,,COLUMN_NAME,siteinfo
1819,NRSA 1819 Site Information,Site Information,siteinfo_STRAH_CAT,STRAH_CAT,Strahler category used to classify reaches. RiversMajor (5th and higher) RiversOther (5th and higher) LargeStreams (3rd and 4th) SmallStreams (1st and 2nd),,,DESIGN,RiversMajor | RiversOther | LargeStreams | SmallStreams,,,COLUMN_NAME,siteinfo
1819,NRSA 1819 Site Information,Site Information,siteinfo_STRAH_CAT,STRAH_CAT,"Strahler category used to classify reaches. SmallStreams – 1st and 2nd order; LargeStreams – 3rd and 4th order; MajorRivers – 5th order and higher that are identified as MajorRiver/Additional in MAJ_RIVER variable; and OtherRivers – 5th and higher that are not MajorRivers. No missing or \blank\"" values allowed.""",,,DESIGN,RiversMajor | RiversOther | LargeStreams | SmallStreams |,,,COLUMN_NAME,siteinfo
1819,NRSA 1819 Site Information,Site Information,siteinfo_STRAH_ORD,STRAH_ORD,Strahler order from NHDPlusv2,,,DESIGN,Numeric: 0 to 10.,,,COLUMN_NAME,siteinfo
1819,NRSA 1819 Site Information,Site Information,siteinfo_STRAH_ORD,STRAH_ORD,"Strahler order from NHDPlusv2. Values from 0 to 10. No missing or \blank\"" values allowed.""",,,DESIGN,,,,COLUMN_NAME,siteinfo
1819,NRSA 1819 Site Information,Site Information,siteinfo_STRATUM,STRATUM,"Stratum use for survey design (national assessment). Needed for population estimates. For value definitions, see survey-specific design documentation.",,,DESIGN,,,,COLUMN_NAME,siteinfo
1819,NRSA 1819 Site Information,Site Information,siteinfo_STRATUM,STRATUM,"Strata used in the NRSA survey design. . Hand-picked sites assigned value of \None\"". No missing or \""blank\"" values alllowed.""",,,DESIGN,,,,COLUMN_NAME,siteinfo
1819,NRSA 1819 Site Information,Site Information,siteinfo_TNT_CAT,TNT_CAT,"NRSA target status assigned based on stream site evaluation. For population estimation must combine with SITETYPE to restrict to probability survey sites. No missing or \blank\"" values allowed.""",,,DESIGN,Target | Target_Presumed |Uncertain | Non_Target | Not_Needed |,,,COLUMN_NAME,siteinfo
1819,NRSA 1819 Site Information,Site Information,siteinfo_UID,UID,Unique site visit ID,,,,,,,COLUMN_NAME,siteinfo
1819,NRSA 1819 Site Information,Site Information,siteinfo_UNIQUE_ID,UNIQUE_ID,Unique site ID based on location that does not depend on year sampled or any other factor. Form is NRS_ss_nnnnn where ss state and nnnnn is number that starts at 10001. No missing values allowed.,,,,,,,COLUMN_NAME,siteinfo
1819,NRSA 1819 Site Information,Site Information,siteinfo_URBN_NRS08,URBN_NRS08,"Stream identified as an urban stream based on urban definition used in NRSA 2008-9 design. Urban based on 2000 Census polygons of urban areas and 3km buffer to ensure census waters included. No missing or \blank\"" values allowed.""",,,DESIGN,Urban | Non-Urban |,,,COLUMN_NAME,siteinfo
1819,NRSA 1819 Site Information,Site Information,siteinfo_URBN_NRS18,URBN_NRS18,"Stream identified as an urban stream based on urban definition used in NRSA 2018-19 design. Urban based on 2010 Census polygons of urban areas. No 3km buffer to ensure census waters included since census polygons now include census waters. No missing or \blank\"" values allowed.""",,,DESIGN,Urban | Non-Urban |,,,COLUMN_NAME,siteinfo
1819,NRSA 1819 Site Information,Site Information,siteinfo_US_L3CODE,US_L3CODE,Omernik Level III ecoregion code,,,DESIGN,Numeric 1 to 85,,,COLUMN_NAME,siteinfo
1819,NRSA 1819 Site Information,Site Information,siteinfo_US_L3CODE,US_L3CODE,"Omernik Level III ecoregion code. Coded as \0\"" if ecoregions have not been defined for state or territory. No missing or \""blank\"" values allowed.""",,,DESIGN,,,,COLUMN_NAME,siteinfo
1819,NRSA 1819 Site Information,Site Information,siteinfo_US_L3NAME,US_L3NAME,Omernik Level III ecoregion name,,,DESIGN,Text name,,,COLUMN_NAME,siteinfo
1819,NRSA 1819 Site Information,Site Information,siteinfo_US_L3NAME,US_L3NAME,"Omernik Level III ecoregion name. \None\"" if no ecoregion defined for state or territory. No missing or \""blank\"" values allowed.""",,,DESIGN,,,,COLUMN_NAME,siteinfo
1819,NRSA 1819 Site Information,Site Information,siteinfo_US_L4CODE,US_L4CODE,Omernik Level IV ecoregion code,,,DESIGN,Level three codes plus aphabetic ending identifying level 4 subregion,,,COLUMN_NAME,siteinfo
1819,NRSA 1819 Site Information,Site Information,siteinfo_US_L4CODE,US_L4CODE,"Omernik Level IV ecoregion code. Level three codes plus aphabetic ending identifying level 4 subregion. \None\"" if no ecoregion defined for state or territory. No missing or \""blank\"" values allowed.""",,,DESIGN,,,,COLUMN_NAME,siteinfo
1819,NRSA 1819 Site Information,Site Information,siteinfo_US_L4NAME,US_L4NAME,Omernik Level IV ecoregion name,,,DESIGN,Text name,,,COLUMN_NAME,siteinfo
1819,NRSA 1819 Site Information,Site Information,siteinfo_US_L4NAME,US_L4NAME,"Omernik Level IV ecoregion name. \None\"" if no ecoregion defined for state or territory. No missing or \""blank\"" values allowed.""",,,DESIGN,,,,COLUMN_NAME,siteinfo
1819,NRSA 1819 Site Information,Site Information,siteinfo_USFS,USFS,"US Forest Service land or other, based on OWN_NARS.",,,DESIGN,Forest_Service|Not_Forest_Service,,,COLUMN_NAME,siteinfo
1819,NRSA 1819 Site Information,Site Information,siteinfo_VISIT_NO,VISIT_NO,Number identifying which visit this is,,,VERIF,|1|2,,,COLUMN_NAME,siteinfo
1819,NRSA 1819 Site Information,Site Information,siteinfo_WGT_CAT,WGT_CAT,"NRSA categories used to adjust weights for site. Hand-picked sites assigned value of \NONE\"". No missing or \""blank\"" values allowed.""",,,DESIGN,,,,COLUMN_NAME,siteinfo
1819,NRSA 1819 Site Information,Site Information,siteinfo_WGT_DSGN,WGT_DSGN,NRSA initial site weight assigned during site selection. >0 or 0 if site is not to be used for population estimation. DO NOT USE FOR POPULATION ESTIMATION!,,,DESIGN,,,,COLUMN_NAME,siteinfo
1819,NRSA 1819 Site Information,Site Information,siteinfo_WGT_TP_CORE,WGT_TP_CORE,NRSA adjusted weight for site for population estimates of target population based on sampled probability sites. Weight units are stream miles. Value is 0 if site is not to be used for estimates.,,,DESIGN,,,,COLUMN_NAME,siteinfo
1819,NRSA 1819 Site Information,Site Information,siteinfo_WGT_TP_EXTENT,WGT_TP_EXTENT,NRSA adjusted weight for site for extent estimates of target population based on all probability sites evaluated. Weight units are stream miles. Value is 0 if site is not to be used for estimates.,,,DESIGN,,,,COLUMN_NAME,siteinfo
1819,NRSA 1819 Site Information,Site Information,siteinfo_XCOORD,XCOORD,x-coordinate from US Contiguous Albers Equal Area Conic projection EXCEPT Hawaii sites which are calculated from Hawaii Albers Equal Area Conic projection,,,DESIGN,Numeric,,,COLUMN_NAME,siteinfo
1819,NRSA 1819 Site Information,Site Information,siteinfo_XCOORD,XCOORD,"x-coordinate from US Contiguous Albers Equal Area Conic projection EXCEPT Hawaii sites which are calculated from Hawaii Albers Equal Area Conic projection. No missing or \blank\"" values allowed. Projection: clon = -96, clat = 37.5, sp1 = 29.5, sp2 = 45.5""",,,DESIGN,,,,COLUMN_NAME,siteinfo
1819,NRSA 1819 Site Information,Site Information,siteinfo_YCOORD,YCOORD,y-coordinate from US Contiguous Albers Equal Area Conic projection EXCEPT Hawaii sites which are calculated from Hawaii Albers Equal Area Conic projection,,,DESIGN,Numeric,,,COLUMN_NAME,siteinfo
1819,NRSA 1819 Site Information,Site Information,siteinfo_YCOORD,YCOORD,"y-coordinate from US Contiguous Albers Equal Area Conic projection EXCEPT Hawaii sites which are calculated from Hawaii Albers Equal Area Conic projection. No missing or \blank\"" values allowed. Projection: sph = \""GRS80\"", clon = -96, clat = 37.5, sp1 = 29.5, sp2 = 45.5""",,,DESIGN,,,,COLUMN_NAME,siteinfo
1819,NRSA 1819 Site Information,Site Information,siteinfo_YEAR,YEAR,Year of sampling,,,VERIF,,,,COLUMN_NAME,siteinfo
1819,NRSA 1819 Water Chemistry and Chlorophyll-a,Water Chemistry,waterchem_AG_ECO9,AG_ECO9,"NARS 9-level reporting region (2015), based on aggregated Omernik Level III ecoregions",,,DESIGN,,,,PARAMETER,waterchem
1819,NRSA 1819 Water Chemistry and Chlorophyll-a,Water Chemistry,waterchem_AMMONIA_N_BATCH_ID,AMMONIA_N_BATCH_ID,Laboratory Batch ID for Ammonia as N,,,COLUMN,,,,PARAMETER,waterchem
1819,NRSA 1819 Water Chemistry and Chlorophyll-a,Water Chemistry,waterchem_AMMONIA_N_DATE_ANALYZED,AMMONIA_N_DATE_ANALYZED,Date sample analyzed for analyte: ammonia,,,COLUMN,,,,PARAMETER,waterchem
1819,NRSA 1819 Water Chemistry and Chlorophyll-a,Water Chemistry,waterchem_AMMONIA_N_DILUTION_FACTOR,AMMONIA_N_DILUTION_FACTOR,Factor used to correct results based on dilution of sample by lab: Ammonia as N,,,COLUMN,,,,PARAMETER,waterchem
1819,NRSA 1819 Water Chemistry and Chlorophyll-a,Water Chemistry,waterchem_AMMONIA_N_HOLDING_TIME,AMMONIA_N_HOLDING_TIME,Time from sampling to analysis (days): ammonia,,,COLUMN,,,,PARAMETER,waterchem
1819,NRSA 1819 Water Chemistry and Chlorophyll-a,Water Chemistry,waterchem_AMMONIA_N_MDL,AMMONIA_N_MDL,Method detection limit of ammonia,,,COLUMN,,,,PARAMETER,waterchem
1819,NRSA 1819 Water Chemistry and Chlorophyll-a,Water Chemistry,waterchem_AMMONIA_N_NARS_FLAG,AMMONIA_N_NARS_FLAG,Flag assigned by NARS: ammonia,,,COLUMN,,,,PARAMETER,waterchem
1819,NRSA 1819 Water Chemistry and Chlorophyll-a,Water Chemistry,waterchem_AMMONIA_N_QA_FLAG,AMMONIA_N_QA_FLAG,QA flag assigned by lab: ammonia,,,COLUMN,,,,PARAMETER,waterchem
1819,NRSA 1819 Water Chemistry and Chlorophyll-a,Water Chemistry,waterchem_AMMONIA_N_RESULT,AMMONIA_N_RESULT,Analyte value: ammonia,,,COLUMN,,,,PARAMETER,waterchem
1819,NRSA 1819 Water Chemistry and Chlorophyll-a,Water Chemistry,waterchem_AMMONIA_N_RL,AMMONIA_N_RL,Reporting limit of ammonia,,,COLUMN,,,,PARAMETER,waterchem
1819,NRSA 1819 Water Chemistry and Chlorophyll-a,Water Chemistry,waterchem_AMMONIA_N_UNITS,AMMONIA_N_UNITS,Units of measurement: ammonia,,,COLUMN,,,,PARAMETER,waterchem
1819,NRSA 1819 Water Chemistry and Chlorophyll-a,Water Chemistry,waterchem_ANC_BATCH_ID,ANC_BATCH_ID,Laboratory Batch ID for Acid Neutralizing Capacity,,,COLUMN,,,,PARAMETER,waterchem
1819,NRSA 1819 Water Chemistry and Chlorophyll-a,Water Chemistry,waterchem_ANC_DATE_ANALYZED,ANC_DATE_ANALYZED,Date sample analyzed for analyte: acid neutralizing capacity,,,COLUMN,,,,PARAMETER,waterchem
1819,NRSA 1819 Water Chemistry and Chlorophyll-a,Water Chemistry,waterchem_ANC_HOLDING_TIME,ANC_HOLDING_TIME,Time from sampling to analysis (days): acid neutralizing capacity,,,COLUMN,,,,PARAMETER,waterchem
1819,NRSA 1819 Water Chemistry and Chlorophyll-a,Water Chemistry,waterchem_ANC_MDL,ANC_MDL,Method Detection Limit: Acid Neutralizing Capacity,,,COLUMN,,,,PARAMETER,waterchem
1819,NRSA 1819 Water Chemistry and Chlorophyll-a,Water Chemistry,waterchem_ANC_NARS_FLAG,ANC_NARS_FLAG,NARS flag translated from QA flag by lab: Acid Neutralizing Capacity,,,COLUMN,,,,PARAMETER,waterchem
1819,NRSA 1819 Water Chemistry and Chlorophyll-a,Water Chemistry,waterchem_ANC_QA_FLAG,ANC_QA_FLAG,QA flag assigned by lab: acid neutralizing capacity,,,COLUMN,,,,PARAMETER,waterchem
1819,NRSA 1819 Water Chemistry and Chlorophyll-a,Water Chemistry,waterchem_ANC_RESULT,ANC_RESULT,Analyte value: acid neutralizing capacity,,,COLUMN,,,,PARAMETER,waterchem
1819,NRSA 1819 Water Chemistry and Chlorophyll-a,Water Chemistry,waterchem_ANC_RL,ANC_RL,Method Reporting Limit: Acid Neutralizing Capacity,,,COLUMN,,,,PARAMETER,waterchem
1819,NRSA 1819 Water Chemistry and Chlorophyll-a,Water Chemistry,waterchem_ANC_UNITS,ANC_UNITS,Units of measurement: acid neutralizing capacity,,,COLUMN,,,,PARAMETER,waterchem
1819,NRSA 1819 Water Chemistry and Chlorophyll-a,Water Chemistry,waterchem_CALCIUM_BATCH_ID,CALCIUM_BATCH_ID,Laboratory Batch ID for Calcium,,,COLUMN,,,,PARAMETER,waterchem
1819,NRSA 1819 Water Chemistry and Chlorophyll-a,Water Chemistry,waterchem_CALCIUM_DATE_ANALYZED,CALCIUM_DATE_ANALYZED,Date sample analyzed for analyte: calcium,,,COLUMN,,,,PARAMETER,waterchem
1819,NRSA 1819 Water Chemistry and Chlorophyll-a,Water Chemistry,waterchem_CALCIUM_DILUTION_FACTOR,CALCIUM_DILUTION_FACTOR,Factor used to correct results based on dilution of sample by lab: Calcium,,,COLUMN,,,,PARAMETER,waterchem
1819,NRSA 1819 Water Chemistry and Chlorophyll-a,Water Chemistry,waterchem_CALCIUM_HOLDING_TIME,CALCIUM_HOLDING_TIME,Time from sampling to analysis (days): calcium,,,COLUMN,,,,PARAMETER,waterchem
1819,NRSA 1819 Water Chemistry and Chlorophyll-a,Water Chemistry,waterchem_CALCIUM_MDL,CALCIUM_MDL,Method detection limit of calcium,,,COLUMN,,,,PARAMETER,waterchem
1819,NRSA 1819 Water Chemistry and Chlorophyll-a,Water Chemistry,waterchem_CALCIUM_NARS_FLAG,CALCIUM_NARS_FLAG,NARS flag translated from QA flag by lab: Calcium,,,COLUMN,,,,PARAMETER,waterchem
1819,NRSA 1819 Water Chemistry and Chlorophyll-a,Water Chemistry,waterchem_CALCIUM_QA_FLAG,CALCIUM_QA_FLAG,QA flag assigned by lab: calcium,,,COLUMN,,,,PARAMETER,waterchem
1819,NRSA 1819 Water Chemistry and Chlorophyll-a,Water Chemistry,waterchem_CALCIUM_RESULT,CALCIUM_RESULT,Analyte value: calcium,,,COLUMN,,,,PARAMETER,waterchem
1819,NRSA 1819 Water Chemistry and Chlorophyll-a,Water Chemistry,waterchem_CALCIUM_RL,CALCIUM_RL,Method Reporting Limit: Calcium,,,COLUMN,,,,PARAMETER,waterchem
1819,NRSA 1819 Water Chemistry and Chlorophyll-a,Water Chemistry,waterchem_CALCIUM_UNITS,CALCIUM_UNITS,Units of measurement: calcium,,,COLUMN,,,,PARAMETER,waterchem
1819,NRSA 1819 Water Chemistry and Chlorophyll-a,Water Chemistry,waterchem_CHEM_DATE_RECEIVED,CHEM_DATE_RECEIVED,Water chemistry date received in laboratory,,,COLUMN,,,,PARAMETER,waterchem
1819,NRSA 1819 Water Chemistry and Chlorophyll-a,Water Chemistry,waterchem_CHEM_LAB_SAMPLE_ID,CHEM_LAB_SAMPLE_ID,Water chemistry lab sample ID,,,COLUMN,,,,PARAMETER,waterchem
1819,NRSA 1819 Water Chemistry and Chlorophyll-a,Water Chemistry,waterchem_CHEM_NOT_COLLECTED,CHEM_NOT_COLLECTED,Water chemistry sample not collected,,,COLUMN,,,,PARAMETER,waterchem
1819,NRSA 1819 Water Chemistry and Chlorophyll-a,Water Chemistry,waterchem_CHLA_BATCH_ID,CHLA_BATCH_ID,Lab batch id - Chlorophyll-a as ug/L in water sample,,,COLUMN,,,,PARAMETER,waterchem
1819,NRSA 1819 Water Chemistry and Chlorophyll-a,Water Chemistry,waterchem_CHLA_DATE_ANALYZED,CHLA_DATE_ANALYZED,Date sample analyzed for analyte: chlorophyll-a,,,COLUMN,,,,PARAMETER,waterchem
1819,NRSA 1819 Water Chemistry and Chlorophyll-a,Water Chemistry,waterchem_CHLA_HOLDING_TIME,CHLA_HOLDING_TIME,Time from sampling to analysis (days): chlorophyll-a,,,COLUMN,,,,PARAMETER,waterchem
1819,NRSA 1819 Water Chemistry and Chlorophyll-a,Water Chemistry,waterchem_CHLA_MDL,CHLA_MDL,Method detection limit of chlorophyll-a,,,COLUMN,,,,PARAMETER,waterchem
1819,NRSA 1819 Water Chemistry and Chlorophyll-a,Water Chemistry,waterchem_CHLA_NARS_FLAG,CHLA_NARS_FLAG,NARS flag translated from QA flag by lab: Chlorophyll a,,,COLUMN,,,,PARAMETER,waterchem
1819,NRSA 1819 Water Chemistry and Chlorophyll-a,Water Chemistry,waterchem_CHLA_RESULT,CHLA_RESULT,Analyte value: chlorophyll-a,,,COLUMN,,,,PARAMETER,waterchem
1819,NRSA 1819 Water Chemistry and Chlorophyll-a,Water Chemistry,waterchem_CHLA_RL,CHLA_RL,Method Reporting Limit: Chlorophyll a,,,COLUMN,,,,PARAMETER,waterchem
1819,NRSA 1819 Water Chemistry and Chlorophyll-a,Water Chemistry,waterchem_CHLA_UNITS,CHLA_UNITS,Units - Chlorophyll-a as ug/L in water sample,,,COLUMN,,,,PARAMETER,waterchem
1819,NRSA 1819 Water Chemistry and Chlorophyll-a,Water Chemistry,waterchem_CHLA_VOLUME_FILTERED,CHLA_VOLUME_FILTERED,Volume filtered for chlorophyll-a sample,,,COLUMN,,,,PARAMETER,waterchem
1819,NRSA 1819 Water Chemistry and Chlorophyll-a,Water Chemistry,waterchem_CHLORIDE_BATCH_ID,CHLORIDE_BATCH_ID,Laboratory Batch ID for Chloride,,,COLUMN,,,,PARAMETER,waterchem
1819,NRSA 1819 Water Chemistry and Chlorophyll-a,Water Chemistry,waterchem_CHLORIDE_DATE_ANALYZED,CHLORIDE_DATE_ANALYZED,Date sample analyzed for analyte: chloride,,,COLUMN,,,,PARAMETER,waterchem
1819,NRSA 1819 Water Chemistry and Chlorophyll-a,Water Chemistry,waterchem_CHLORIDE_DILUTION_FACTOR,CHLORIDE_DILUTION_FACTOR,Factor used to correct results based on dilution of sample by lab: Chloride,,,COLUMN,,,,PARAMETER,waterchem
1819,NRSA 1819 Water Chemistry and Chlorophyll-a,Water Chemistry,waterchem_CHLORIDE_HOLDING_TIME,CHLORIDE_HOLDING_TIME,Time from sampling to analysis (days): chloride,,,COLUMN,,,,PARAMETER,waterchem
1819,NRSA 1819 Water Chemistry and Chlorophyll-a,Water Chemistry,waterchem_CHLORIDE_MDL,CHLORIDE_MDL,Method detection limit of chloride,,,COLUMN,,,,PARAMETER,waterchem
1819,NRSA 1819 Water Chemistry and Chlorophyll-a,Water Chemistry,waterchem_CHLORIDE_NARS_FLAG,CHLORIDE_NARS_FLAG,NARS flag translated from QA flag by lab: Chloride,,,COLUMN,,,,PARAMETER,waterchem
1819,NRSA 1819 Water Chemistry and Chlorophyll-a,Water Chemistry,waterchem_CHLORIDE_QA_FLAG,CHLORIDE_QA_FLAG,QA flag assigned by lab: chloride,,,COLUMN,,,,PARAMETER,waterchem
1819,NRSA 1819 Water Chemistry and Chlorophyll-a,Water Chemistry,waterchem_CHLORIDE_RESULT,CHLORIDE_RESULT,Analyte value: chloride,,,COLUMN,,,,PARAMETER,waterchem
1819,NRSA 1819 Water Chemistry and Chlorophyll-a,Water Chemistry,waterchem_CHLORIDE_RL,CHLORIDE_RL,Reporting limit of analyte: chloride,,,COLUMN,,,,PARAMETER,waterchem
1819,NRSA 1819 Water Chemistry and Chlorophyll-a,Water Chemistry,waterchem_CHLORIDE_UNITS,CHLORIDE_UNITS,Units of measurement: chloride,,,COLUMN,,,,PARAMETER,waterchem
1819,NRSA 1819 Water Chemistry and Chlorophyll-a,Water Chemistry,waterchem_COLOR_BATCH_ID,COLOR_BATCH_ID,Laboratory Batch ID for Color,,,COLUMN,,,,PARAMETER,waterchem
1819,NRSA 1819 Water Chemistry and Chlorophyll-a,Water Chemistry,waterchem_COLOR_DATE_ANALYZED,COLOR_DATE_ANALYZED,Date sample analyzed for analyte: color,,,COLUMN,,,,PARAMETER,waterchem
1819,NRSA 1819 Water Chemistry and Chlorophyll-a,Water Chemistry,waterchem_COLOR_HOLDING_TIME,COLOR_HOLDING_TIME,Time from sampling to analysis (days): color,,,COLUMN,,,,PARAMETER,waterchem
1819,NRSA 1819 Water Chemistry and Chlorophyll-a,Water Chemistry,waterchem_COLOR_MDL,COLOR_MDL,Method Detection Limit: Color,,,COLUMN,,,,PARAMETER,waterchem
1819,NRSA 1819 Water Chemistry and Chlorophyll-a,Water Chemistry,waterchem_COLOR_NARS_FLAG,COLOR_NARS_FLAG,NARS flag translated from QA flag by lab: Color,,,COLUMN,,,,PARAMETER,waterchem
1819,NRSA 1819 Water Chemistry and Chlorophyll-a,Water Chemistry,waterchem_COLOR_QA_FLAG,COLOR_QA_FLAG,QA flag assigned by lab: color,,,COLUMN,,,,PARAMETER,waterchem
1819,NRSA 1819 Water Chemistry and Chlorophyll-a,Water Chemistry,waterchem_COLOR_RESULT,COLOR_RESULT,Analyte value: color,,,COLUMN,,,,PARAMETER,waterchem
1819,NRSA 1819 Water Chemistry and Chlorophyll-a,Water Chemistry,waterchem_COLOR_RL,COLOR_RL,Method Reporting Limit: Color,,,COLUMN,,,,PARAMETER,waterchem
1819,NRSA 1819 Water Chemistry and Chlorophyll-a,Water Chemistry,waterchem_COLOR_UNITS,COLOR_UNITS,Units of measurement: color,,,COLUMN,,,,PARAMETER,waterchem
1819,NRSA 1819 Water Chemistry and Chlorophyll-a,Water Chemistry,waterchem_COND_BATCH_ID,COND_BATCH_ID,Laboratory Batch ID for Conductivity,,,COLUMN,,,,PARAMETER,waterchem
1819,NRSA 1819 Water Chemistry and Chlorophyll-a,Water Chemistry,waterchem_COND_DATE_ANALYZED,COND_DATE_ANALYZED,Date sample analyzed for analyte: conductivity,,,COLUMN,,,,PARAMETER,waterchem
1819,NRSA 1819 Water Chemistry and Chlorophyll-a,Water Chemistry,waterchem_COND_HOLDING_TIME,COND_HOLDING_TIME,Time from sampling to analysis (days): conductivity,,,COLUMN,,,,PARAMETER,waterchem
1819,NRSA 1819 Water Chemistry and Chlorophyll-a,Water Chemistry,waterchem_COND_MDL,COND_MDL,Method Detection Limit: Conductivity,,,COLUMN,,,,PARAMETER,waterchem
1819,NRSA 1819 Water Chemistry and Chlorophyll-a,Water Chemistry,waterchem_COND_NARS_FLAG,COND_NARS_FLAG,NARS flag translated from QA flag by lab: Conductivity,,,COLUMN,,,,PARAMETER,waterchem
1819,NRSA 1819 Water Chemistry and Chlorophyll-a,Water Chemistry,waterchem_COND_QA_FLAG,COND_QA_FLAG,QA flag assigned by lab: conductivity,,,COLUMN,,,,PARAMETER,waterchem
1819,NRSA 1819 Water Chemistry and Chlorophyll-a,Water Chemistry,waterchem_COND_RESULT,COND_RESULT,Analyte value: conductivity,,,COLUMN,,,,PARAMETER,waterchem
1819,NRSA 1819 Water Chemistry and Chlorophyll-a,Water Chemistry,waterchem_COND_RL,COND_RL,Method Reporting Limit: Conductivity,,,COLUMN,,,,PARAMETER,waterchem
1819,NRSA 1819 Water Chemistry and Chlorophyll-a,Water Chemistry,waterchem_COND_UNITS,COND_UNITS,Units of measurement: conductivity,,,COLUMN,,,,PARAMETER,waterchem
1819,NRSA 1819 Water Chemistry and Chlorophyll-a,Water Chemistry,waterchem_DATE_COL,DATE_COL,Date collected,,,VERIF,|01|02|03|04|05|06|07|08|09|10|11|12,,,PARAMETER,waterchem
1819,NRSA 1819 Water Chemistry and Chlorophyll-a,Water Chemistry,waterchem_DOC_BATCH_ID,DOC_BATCH_ID,Laboratory Batch ID for Dissolved Organic Carbon,,,COLUMN,,,,PARAMETER,waterchem
1819,NRSA 1819 Water Chemistry and Chlorophyll-a,Water Chemistry,waterchem_DOC_DATE_ANALYZED,DOC_DATE_ANALYZED,Date sample analyzed for analyte: dissolved organic carbon,,,COLUMN,,,,PARAMETER,waterchem
1819,NRSA 1819 Water Chemistry and Chlorophyll-a,Water Chemistry,waterchem_DOC_DILUTION_FACTOR,DOC_DILUTION_FACTOR,Factor used to correct results based on dilution of sample by lab: Dissolved Organic Carbon,,,COLUMN,,,,PARAMETER,waterchem
1819,NRSA 1819 Water Chemistry and Chlorophyll-a,Water Chemistry,waterchem_DOC_HOLDING_TIME,DOC_HOLDING_TIME,Time from sampling to analysis (days): dissolved organic carbon,,,COLUMN,,,,PARAMETER,waterchem
1819,NRSA 1819 Water Chemistry and Chlorophyll-a,Water Chemistry,waterchem_DOC_MDL,DOC_MDL,Method detection limit of dissolved organic carbon,,,COLUMN,,,,PARAMETER,waterchem
1819,NRSA 1819 Water Chemistry and Chlorophyll-a,Water Chemistry,waterchem_DOC_NARS_FLAG,DOC_NARS_FLAG,NARS flag translated from QA flag by lab: Dissolved Organic Carbon,,,COLUMN,,,,PARAMETER,waterchem
1819,NRSA 1819 Water Chemistry and Chlorophyll-a,Water Chemistry,waterchem_DOC_QA_FLAG,DOC_QA_FLAG,QA flag assigned by lab: dissolved organic carbon,,,COLUMN,,,,PARAMETER,waterchem
1819,NRSA 1819 Water Chemistry and Chlorophyll-a,Water Chemistry,waterchem_DOC_RESULT,DOC_RESULT,Analyte value: dissolved organic carbon,,,COLUMN,,,,PARAMETER,waterchem
1819,NRSA 1819 Water Chemistry and Chlorophyll-a,Water Chemistry,waterchem_DOC_RL,DOC_RL,Method Reporting Limit: Dissolved Organic Carbon,,,COLUMN,,,,PARAMETER,waterchem
1819,NRSA 1819 Water Chemistry and Chlorophyll-a,Water Chemistry,waterchem_DOC_UNITS,DOC_UNITS,Units of measurement: dissolved organic carbon,,,COLUMN,,,,PARAMETER,waterchem
1819,NRSA 1819 Water Chemistry and Chlorophyll-a,Water Chemistry,waterchem_EPA_REG,EPA_REG,EPA Region,,,DESIGN,,,,PARAMETER,waterchem
1819,NRSA 1819 Water Chemistry and Chlorophyll-a,Water Chemistry,waterchem_LAB,LAB,Laboratory processing sample,,,COLUMN,,,,PARAMETER,waterchem
1819,NRSA 1819 Water Chemistry and Chlorophyll-a,Water Chemistry,waterchem_MAGNESIUM_BATCH_ID,MAGNESIUM_BATCH_ID,Laboratory Batch ID for Magnesium,,,COLUMN,,,,PARAMETER,waterchem
1819,NRSA 1819 Water Chemistry and Chlorophyll-a,Water Chemistry,waterchem_MAGNESIUM_DATE_ANALYZED,MAGNESIUM_DATE_ANALYZED,Date sample analyzed for analyte: magnesium,,,COLUMN,,,,PARAMETER,waterchem
1819,NRSA 1819 Water Chemistry and Chlorophyll-a,Water Chemistry,waterchem_MAGNESIUM_DILUTION_FACTOR,MAGNESIUM_DILUTION_FACTOR,Factor used to correct results based on dilution of sample by lab: Magnesium,,,COLUMN,,,,PARAMETER,waterchem
1819,NRSA 1819 Water Chemistry and Chlorophyll-a,Water Chemistry,waterchem_MAGNESIUM_HOLDING_TIME,MAGNESIUM_HOLDING_TIME,Time from sampling to analysis (days): magnesium,,,COLUMN,,,,PARAMETER,waterchem
1819,NRSA 1819 Water Chemistry and Chlorophyll-a,Water Chemistry,waterchem_MAGNESIUM_MDL,MAGNESIUM_MDL,Method detection limit of magnesium,,,COLUMN,,,,PARAMETER,waterchem
1819,NRSA 1819 Water Chemistry and Chlorophyll-a,Water Chemistry,waterchem_MAGNESIUM_NARS_FLAG,MAGNESIUM_NARS_FLAG,NARS flag translated from QA flag by lab: Magnesium,,,COLUMN,,,,PARAMETER,waterchem
1819,NRSA 1819 Water Chemistry and Chlorophyll-a,Water Chemistry,waterchem_MAGNESIUM_QA_FLAG,MAGNESIUM_QA_FLAG,QA flag assigned by lab: magnesium,,,COLUMN,,,,PARAMETER,waterchem
1819,NRSA 1819 Water Chemistry and Chlorophyll-a,Water Chemistry,waterchem_MAGNESIUM_RESULT,MAGNESIUM_RESULT,Analyte value: magnesium,,,COLUMN,,,,PARAMETER,waterchem
1819,NRSA 1819 Water Chemistry and Chlorophyll-a,Water Chemistry,waterchem_MAGNESIUM_RL,MAGNESIUM_RL,Method Reporting Limit: Magnesium,,,COLUMN,,,,PARAMETER,waterchem
1819,NRSA 1819 Water Chemistry and Chlorophyll-a,Water Chemistry,waterchem_MAGNESIUM_UNITS,MAGNESIUM_UNITS,Units of measurement: magnesium,,,COLUMN,,,,PARAMETER,waterchem
1819,NRSA 1819 Water Chemistry and Chlorophyll-a,Water Chemistry,waterchem_MATRIX,MATRIX,Material used for analysis,,,COLUMN,,,,PARAMETER,waterchem
1819,NRSA 1819 Water Chemistry and Chlorophyll-a,Water Chemistry,waterchem_NITRATE_N_BATCH_ID,NITRATE_N_BATCH_ID,Laboratory Batch ID for Nitrate as N,,,COLUMN,,,,PARAMETER,waterchem
1819,NRSA 1819 Water Chemistry and Chlorophyll-a,Water Chemistry,waterchem_NITRATE_N_DATE_ANALYZED,NITRATE_N_DATE_ANALYZED,Date sample analyzed for analyte: nitrate,,,COLUMN,,,,PARAMETER,waterchem
1819,NRSA 1819 Water Chemistry and Chlorophyll-a,Water Chemistry,waterchem_NITRATE_N_DILUTION_FACTOR,NITRATE_N_DILUTION_FACTOR,Factor used to correct results based on dilution of sample by lab: Nitrate as N,,,COLUMN,,,,PARAMETER,waterchem
1819,NRSA 1819 Water Chemistry and Chlorophyll-a,Water Chemistry,waterchem_NITRATE_N_HOLDING_TIME,NITRATE_N_HOLDING_TIME,Time from sampling to analysis (days): nitrate,,,COLUMN,,,,PARAMETER,waterchem
1819,NRSA 1819 Water Chemistry and Chlorophyll-a,Water Chemistry,waterchem_NITRATE_N_MDL,NITRATE_N_MDL,Method detection limit of nitrate,,,COLUMN,,,,PARAMETER,waterchem
1819,NRSA 1819 Water Chemistry and Chlorophyll-a,Water Chemistry,waterchem_NITRATE_N_NARS_FLAG,NITRATE_N_NARS_FLAG,NARS flag translated from QA flag by lab: Nitrate as N,,,COLUMN,,,,PARAMETER,waterchem
1819,NRSA 1819 Water Chemistry and Chlorophyll-a,Water Chemistry,waterchem_NITRATE_N_QA_FLAG,NITRATE_N_QA_FLAG,QA flag assigned by lab: nitrate,,,COLUMN,,,,PARAMETER,waterchem
1819,NRSA 1819 Water Chemistry and Chlorophyll-a,Water Chemistry,waterchem_NITRATE_N_RESULT,NITRATE_N_RESULT,Analyte value: nitrate,,,COLUMN,,,,PARAMETER,waterchem
1819,NRSA 1819 Water Chemistry and Chlorophyll-a,Water Chemistry,waterchem_NITRATE_N_RL,NITRATE_N_RL,Reporting limit of nitrate,,,COLUMN,,,,PARAMETER,waterchem
1819,NRSA 1819 Water Chemistry and Chlorophyll-a,Water Chemistry,waterchem_NITRATE_N_UNITS,NITRATE_N_UNITS,Units of measurement: nitrate,,,COLUMN,,,,PARAMETER,waterchem
1819,NRSA 1819 Water Chemistry and Chlorophyll-a,Water Chemistry,waterchem_NITRATE_NITRITE_N_BATCH_ID,NITRATE_NITRITE_N_BATCH_ID,Laboratory Batch ID for Nitrate+Nitrite as N,,,COLUMN,,,,PARAMETER,waterchem
1819,NRSA 1819 Water Chemistry and Chlorophyll-a,Water Chemistry,waterchem_NITRATE_NITRITE_N_DATE_ANALYZED,NITRATE_NITRITE_N_DATE_ANALYZED,Date sample analyzed for analyte: Nitrate+Nitrite as N,,,COLUMN,,,,PARAMETER,waterchem
1819,NRSA 1819 Water Chemistry and Chlorophyll-a,Water Chemistry,waterchem_NITRATE_NITRITE_N_HOLDING_TIME,NITRATE_NITRITE_N_HOLDING_TIME,Time from sampling to analysis (days): Nitrate+Nitrite as N,,,COLUMN,,,,PARAMETER,waterchem
1819,NRSA 1819 Water Chemistry and Chlorophyll-a,Water Chemistry,waterchem_NITRATE_NITRITE_N_MDL,NITRATE_NITRITE_N_MDL,Method detection limit of nitrate-nitrite,,,COLUMN,,,,PARAMETER,waterchem
1819,NRSA 1819 Water Chemistry and Chlorophyll-a,Water Chemistry,waterchem_NITRATE_NITRITE_N_NARS_FLAG,NITRATE_NITRITE_N_NARS_FLAG,Flag assigned by NARS: nitrate-nitrite,,,COLUMN,,,,PARAMETER,waterchem
1819,NRSA 1819 Water Chemistry and Chlorophyll-a,Water Chemistry,waterchem_NITRATE_NITRITE_N_QA_FLAG,NITRATE_NITRITE_N_QA_FLAG,QA flag assigned by lab: Nitrate+Nitrite as N,,,COLUMN,,,,PARAMETER,waterchem
1819,NRSA 1819 Water Chemistry and Chlorophyll-a,Water Chemistry,waterchem_NITRATE_NITRITE_N_RESULT,NITRATE_NITRITE_N_RESULT,Analyte value: nitrate-nitrite,,,COLUMN,,,,PARAMETER,waterchem
1819,NRSA 1819 Water Chemistry and Chlorophyll-a,Water Chemistry,waterchem_NITRATE_NITRITE_N_RL,NITRATE_NITRITE_N_RL,Method Reporting Limit: Nitrate+Nitrite as N,,,COLUMN,,,,PARAMETER,waterchem
1819,NRSA 1819 Water Chemistry and Chlorophyll-a,Water Chemistry,waterchem_NITRATE_NITRITE_N_UNITS,NITRATE_NITRITE_N_UNITS,Units of measurement: nitrate-nitrite,,,COLUMN,,,,PARAMETER,waterchem
1819,NRSA 1819 Water Chemistry and Chlorophyll-a,Water Chemistry,waterchem_NITRITE_N_BATCH_ID,NITRITE_N_BATCH_ID,Laboratory Batch ID for Nitrite as N,,,COLUMN,,,,PARAMETER,waterchem
1819,NRSA 1819 Water Chemistry and Chlorophyll-a,Water Chemistry,waterchem_NITRITE_N_DATE_ANALYZED,NITRITE_N_DATE_ANALYZED,Date sample analyzed for analyte: nitrite,,,COLUMN,,,,PARAMETER,waterchem
1819,NRSA 1819 Water Chemistry and Chlorophyll-a,Water Chemistry,waterchem_NITRITE_N_DILUTION_FACTOR,NITRITE_N_DILUTION_FACTOR,Factor used to correct results based on dilution of sample by lab: Nitrite as N,,,COLUMN,,,,PARAMETER,waterchem
1819,NRSA 1819 Water Chemistry and Chlorophyll-a,Water Chemistry,waterchem_NITRITE_N_HOLDING_TIME,NITRITE_N_HOLDING_TIME,Time from sampling to analysis (days): nitrite,,,COLUMN,,,,PARAMETER,waterchem
1819,NRSA 1819 Water Chemistry and Chlorophyll-a,Water Chemistry,waterchem_NITRITE_N_MDL,NITRITE_N_MDL,Method detection limit of nitrite,,,COLUMN,,,,PARAMETER,waterchem
1819,NRSA 1819 Water Chemistry and Chlorophyll-a,Water Chemistry,waterchem_NITRITE_N_NARS_FLAG,NITRITE_N_NARS_FLAG,NARS flag translated from QA flag by lab: Nitrite as N,,,COLUMN,,,,PARAMETER,waterchem
1819,NRSA 1819 Water Chemistry and Chlorophyll-a,Water Chemistry,waterchem_NITRITE_N_QA_FLAG,NITRITE_N_QA_FLAG,QA flag assigned by lab: nitrite,,,COLUMN,,,,PARAMETER,waterchem
1819,NRSA 1819 Water Chemistry and Chlorophyll-a,Water Chemistry,waterchem_NITRITE_N_RESULT,NITRITE_N_RESULT,Analyte value: nitrite,,,COLUMN,,,,PARAMETER,waterchem
1819,NRSA 1819 Water Chemistry and Chlorophyll-a,Water Chemistry,waterchem_NITRITE_N_RL,NITRITE_N_RL,Method Reporting Limit: Nitrite as N,,,COLUMN,,,,PARAMETER,waterchem
1819,NRSA 1819 Water Chemistry and Chlorophyll-a,Water Chemistry,waterchem_NITRITE_N_UNITS,NITRITE_N_UNITS,Units of measurement: nitrite,,,COLUMN,,,,PARAMETER,waterchem
1819,NRSA 1819 Water Chemistry and Chlorophyll-a,Water Chemistry,waterchem_NTL_BATCH_ID,NTL_BATCH_ID,Lab batch id - Total nitrogen,,,COLUMN,,,,PARAMETER,waterchem
1819,NRSA 1819 Water Chemistry and Chlorophyll-a,Water Chemistry,waterchem_NTL_DATE_ANALYZED,NTL_DATE_ANALYZED,Date of lab analysis - Total nitrogen,,,COLUMN,,,,PARAMETER,waterchem
1819,NRSA 1819 Water Chemistry and Chlorophyll-a,Water Chemistry,waterchem_NTL_DISS_BATCH_ID,NTL_DISS_BATCH_ID,Laboratory Batch ID for Dissolved Total Nitrogen,,,COLUMN,,,,PARAMETER,waterchem
1819,NRSA 1819 Water Chemistry and Chlorophyll-a,Water Chemistry,waterchem_NTL_DISS_DATE_ANALYZED,NTL_DISS_DATE_ANALYZED,Date sample analyzed for analyte: Dissolved Total Nitrogen,,,COLUMN,,,,PARAMETER,waterchem
1819,NRSA 1819 Water Chemistry and Chlorophyll-a,Water Chemistry,waterchem_NTL_DISS_HOLDING_TIME,NTL_DISS_HOLDING_TIME,Time from sampling to analysis (days): Dissolved Total Nitrogen,,,COLUMN,,,,PARAMETER,waterchem
1819,NRSA 1819 Water Chemistry and Chlorophyll-a,Water Chemistry,waterchem_NTL_DISS_MDL,NTL_DISS_MDL,Method Detection Limit: Dissolved Total Nitrogen,,,COLUMN,,,,PARAMETER,waterchem
1819,NRSA 1819 Water Chemistry and Chlorophyll-a,Water Chemistry,waterchem_NTL_DISS_NARS_FLAG,NTL_DISS_NARS_FLAG,NARS flag translated from QA flag by lab: Dissolved Total Nitrogen,,,COLUMN,,,,PARAMETER,waterchem
1819,NRSA 1819 Water Chemistry and Chlorophyll-a,Water Chemistry,waterchem_NTL_DISS_QA_FLAG,NTL_DISS_QA_FLAG,QA flag assigned by lab: Dissolved Total Nitrogen,,,COLUMN,,,,PARAMETER,waterchem
1819,NRSA 1819 Water Chemistry and Chlorophyll-a,Water Chemistry,waterchem_NTL_DISS_RESULT,NTL_DISS_RESULT,Analyte value: Dissolved Total Nitrogen,,,COLUMN,,,,PARAMETER,waterchem
1819,NRSA 1819 Water Chemistry and Chlorophyll-a,Water Chemistry,waterchem_NTL_DISS_UNITS,NTL_DISS_UNITS,Units for Dissolved Total Nitrogen,,,COLUMN,,,,PARAMETER,waterchem
1819,NRSA 1819 Water Chemistry and Chlorophyll-a,Water Chemistry,waterchem_NTL_HOLDING_TIME,NTL_HOLDING_TIME,Holding time (days) - Total nitrogen,,,COLUMN,,,,PARAMETER,waterchem
1819,NRSA 1819 Water Chemistry and Chlorophyll-a,Water Chemistry,waterchem_NTL_MDL,NTL_MDL,Method Detection Limit: Total Nitrogen,,,COLUMN,,,,PARAMETER,waterchem
1819,NRSA 1819 Water Chemistry and Chlorophyll-a,Water Chemistry,waterchem_NTL_NARS_FLAG,NTL_NARS_FLAG,NARS flag translated from QA flag by lab: Total Nitrogen,,,COLUMN,,,,PARAMETER,waterchem
1819,NRSA 1819 Water Chemistry and Chlorophyll-a,Water Chemistry,waterchem_NTL_QA_FLAG,NTL_QA_FLAG,QA flag assigned by lab: Total Nitrogen,,,COLUMN,,,,PARAMETER,waterchem
1819,NRSA 1819 Water Chemistry and Chlorophyll-a,Water Chemistry,waterchem_NTL_RESULT,NTL_RESULT,Total Nitrogen,,,COLUMN,,,,PARAMETER,waterchem
1819,NRSA 1819 Water Chemistry and Chlorophyll-a,Water Chemistry,waterchem_NTL_RL,NTL_RL,Method Reporting Limit: Total Nitrogen,,,COLUMN,,,,PARAMETER,waterchem
1819,NRSA 1819 Water Chemistry and Chlorophyll-a,Water Chemistry,waterchem_NTL_UNITS,NTL_UNITS,Units - Total nitrogen,,,COLUMN,,,,PARAMETER,waterchem
1819,NRSA 1819 Water Chemistry and Chlorophyll-a,Water Chemistry,waterchem_PH_BATCH_ID,PH_BATCH_ID,Laboratory Batch ID for pH,,,COLUMN,,,,PARAMETER,waterchem
1819,NRSA 1819 Water Chemistry and Chlorophyll-a,Water Chemistry,waterchem_PH_DATE_ANALYZED,PH_DATE_ANALYZED,Date sample analyzed for analyte: pH,,,COLUMN,,,,PARAMETER,waterchem
1819,NRSA 1819 Water Chemistry and Chlorophyll-a,Water Chemistry,waterchem_PH_HOLDING_TIME,PH_HOLDING_TIME,Time from sampling to analysis (days): pH,,,COLUMN,,,,PARAMETER,waterchem
1819,NRSA 1819 Water Chemistry and Chlorophyll-a,Water Chemistry,waterchem_PH_NARS_FLAG,PH_NARS_FLAG,NARS flag translated from QA flag by lab: pH,,,COLUMN,,,,PARAMETER,waterchem
1819,NRSA 1819 Water Chemistry and Chlorophyll-a,Water Chemistry,waterchem_PH_QA_FLAG,PH_QA_FLAG,QA flag assigned by lab: pH,,,COLUMN,,,,PARAMETER,waterchem
1819,NRSA 1819 Water Chemistry and Chlorophyll-a,Water Chemistry,waterchem_PH_RESULT,PH_RESULT,Analyte value: pH,,,COLUMN,,,,PARAMETER,waterchem
1819,NRSA 1819 Water Chemistry and Chlorophyll-a,Water Chemistry,waterchem_PH_UNITS,PH_UNITS,Units of measurement: pH,,,COLUMN,,,,PARAMETER,waterchem
1819,NRSA 1819 Water Chemistry and Chlorophyll-a,Water Chemistry,waterchem_PHEO_BATCH_ID,PHEO_BATCH_ID,Laboratory Batch ID for Pheophytin,,,COLUMN,,,,PARAMETER,waterchem
1819,NRSA 1819 Water Chemistry and Chlorophyll-a,Water Chemistry,waterchem_PHEO_DATE_ANALYZED,PHEO_DATE_ANALYZED,Date sample analyzed for analyte: Pheophytin,,,COLUMN,,,,PARAMETER,waterchem
1819,NRSA 1819 Water Chemistry and Chlorophyll-a,Water Chemistry,waterchem_PHEO_HOLDING_TIME,PHEO_HOLDING_TIME,Time from sampling to analysis (days): Pheophytin,,,COLUMN,,,,PARAMETER,waterchem
1819,NRSA 1819 Water Chemistry and Chlorophyll-a,Water Chemistry,waterchem_PHEO_NARS_FLAG,PHEO_NARS_FLAG,NARS flag translated from QA flag by lab: Pheophytin,,,COLUMN,,,,PARAMETER,waterchem
1819,NRSA 1819 Water Chemistry and Chlorophyll-a,Water Chemistry,waterchem_PHEO_RESULT,PHEO_RESULT,Analyte value: Pheophytin,,,COLUMN,,,,PARAMETER,waterchem
1819,NRSA 1819 Water Chemistry and Chlorophyll-a,Water Chemistry,waterchem_PHEO_RL,PHEO_RL,Method Reporting Limit: Pheophytin,,,COLUMN,,,,PARAMETER,waterchem
1819,NRSA 1819 Water Chemistry and Chlorophyll-a,Water Chemistry,waterchem_POTASSIUM_BATCH_ID,POTASSIUM_BATCH_ID,Laboratory Batch ID for Potassium,,,COLUMN,,,,PARAMETER,waterchem
1819,NRSA 1819 Water Chemistry and Chlorophyll-a,Water Chemistry,waterchem_POTASSIUM_DATE_ANALYZED,POTASSIUM_DATE_ANALYZED,Date sample analyzed for analyte: potassium,,,COLUMN,,,,PARAMETER,waterchem
1819,NRSA 1819 Water Chemistry and Chlorophyll-a,Water Chemistry,waterchem_POTASSIUM_DILUTION_FACTOR,POTASSIUM_DILUTION_FACTOR,Factor used to correct results based on dilution of sample by lab: Potassium,,,COLUMN,,,,PARAMETER,waterchem
1819,NRSA 1819 Water Chemistry and Chlorophyll-a,Water Chemistry,waterchem_POTASSIUM_HOLDING_TIME,POTASSIUM_HOLDING_TIME,Time from sampling to analysis (days): potassium,,,COLUMN,,,,PARAMETER,waterchem
1819,NRSA 1819 Water Chemistry and Chlorophyll-a,Water Chemistry,waterchem_POTASSIUM_MDL,POTASSIUM_MDL,Method detection limit of potassium,,,COLUMN,,,,PARAMETER,waterchem
1819,NRSA 1819 Water Chemistry and Chlorophyll-a,Water Chemistry,waterchem_POTASSIUM_NARS_FLAG,POTASSIUM_NARS_FLAG,NARS flag translated from QA flag by lab: Potassium,,,COLUMN,,,,PARAMETER,waterchem
1819,NRSA 1819 Water Chemistry and Chlorophyll-a,Water Chemistry,waterchem_POTASSIUM_QA_FLAG,POTASSIUM_QA_FLAG,QA flag assigned by lab: potassium,,,COLUMN,,,,PARAMETER,waterchem
1819,NRSA 1819 Water Chemistry and Chlorophyll-a,Water Chemistry,waterchem_POTASSIUM_RESULT,POTASSIUM_RESULT,Analyte value: potassium,,,COLUMN,,,,PARAMETER,waterchem
1819,NRSA 1819 Water Chemistry and Chlorophyll-a,Water Chemistry,waterchem_POTASSIUM_RL,POTASSIUM_RL,Reporting limit of potassium,,,COLUMN,,,,PARAMETER,waterchem
1819,NRSA 1819 Water Chemistry and Chlorophyll-a,Water Chemistry,waterchem_POTASSIUM_UNITS,POTASSIUM_UNITS,Units of measurement: potassium,,,COLUMN,,,,PARAMETER,waterchem
1819,NRSA 1819 Water Chemistry and Chlorophyll-a,Water Chemistry,waterchem_PTL_BATCH_ID,PTL_BATCH_ID,Lab batch id - Total phosphorus,,,COLUMN,,,,PARAMETER,waterchem
1819,NRSA 1819 Water Chemistry and Chlorophyll-a,Water Chemistry,waterchem_PTL_DATE_ANALYZED,PTL_DATE_ANALYZED,Date of lab analysis - Total phosphorus,,,COLUMN,,,,PARAMETER,waterchem
1819,NRSA 1819 Water Chemistry and Chlorophyll-a,Water Chemistry,waterchem_PTL_DISS_BATCH_ID,PTL_DISS_BATCH_ID,Laboratory Batch ID for Dissolved Total Phosphorus,,,COLUMN,,,,PARAMETER,waterchem
1819,NRSA 1819 Water Chemistry and Chlorophyll-a,Water Chemistry,waterchem_PTL_DISS_DATE_ANALYZED,PTL_DISS_DATE_ANALYZED,Date sample analyzed for analyte: Dissolved Total Phosphorus,,,COLUMN,,,,PARAMETER,waterchem
1819,NRSA 1819 Water Chemistry and Chlorophyll-a,Water Chemistry,waterchem_PTL_DISS_HOLDING_TIME,PTL_DISS_HOLDING_TIME,Time from sampling to analysis (days): Dissolved Total Phosphorus,,,COLUMN,,,,PARAMETER,waterchem
1819,NRSA 1819 Water Chemistry and Chlorophyll-a,Water Chemistry,waterchem_PTL_DISS_MDL,PTL_DISS_MDL,Method Detection Limit: Dissolved Total Phosphorus,,,COLUMN,,,,PARAMETER,waterchem
1819,NRSA 1819 Water Chemistry and Chlorophyll-a,Water Chemistry,waterchem_PTL_DISS_NARS_FLAG,PTL_DISS_NARS_FLAG,NARS flag translated from QA flag by lab: Dissolved Total Phosphorus,,,COLUMN,,,,PARAMETER,waterchem
1819,NRSA 1819 Water Chemistry and Chlorophyll-a,Water Chemistry,waterchem_PTL_DISS_QA_FLAG,PTL_DISS_QA_FLAG,QA flag assigned by lab: Dissolved Total Phosphorus,,,COLUMN,,,,PARAMETER,waterchem
1819,NRSA 1819 Water Chemistry and Chlorophyll-a,Water Chemistry,waterchem_PTL_DISS_RESULT,PTL_DISS_RESULT,Analyte value: Dissolved Total Phosphorus,,,COLUMN,,,,PARAMETER,waterchem
1819,NRSA 1819 Water Chemistry and Chlorophyll-a,Water Chemistry,waterchem_PTL_DISS_UNITS,PTL_DISS_UNITS,Units for Dissolved Total Phosphorus,,,COLUMN,,,,PARAMETER,waterchem
1819,NRSA 1819 Water Chemistry and Chlorophyll-a,Water Chemistry,waterchem_PTL_HOLDING_TIME,PTL_HOLDING_TIME,Holding time (days) - Total phosphorus,,,COLUMN,,,,PARAMETER,waterchem
1819,NRSA 1819 Water Chemistry and Chlorophyll-a,Water Chemistry,waterchem_PTL_MDL,PTL_MDL,Method Detection Limit: Total Phosphorus,,,COLUMN,,,,PARAMETER,waterchem
1819,NRSA 1819 Water Chemistry and Chlorophyll-a,Water Chemistry,waterchem_PTL_NARS_FLAG,PTL_NARS_FLAG,NARS flag translated from QA flag by lab: Total Phosphorus,,,COLUMN,,,,PARAMETER,waterchem
1819,NRSA 1819 Water Chemistry and Chlorophyll-a,Water Chemistry,waterchem_PTL_QA_FLAG,PTL_QA_FLAG,QA flag assigned by lab: Total Phosphorus,,,COLUMN,,,,PARAMETER,waterchem
1819,NRSA 1819 Water Chemistry and Chlorophyll-a,Water Chemistry,waterchem_PTL_RESULT,PTL_RESULT,Total Phosphorus,,,COLUMN,,,,PARAMETER,waterchem
1819,NRSA 1819 Water Chemistry and Chlorophyll-a,Water Chemistry,waterchem_PTL_RL,PTL_RL,Method Reporting Limit: Total Phosphorus,,,COLUMN,,,,PARAMETER,waterchem
1819,NRSA 1819 Water Chemistry and Chlorophyll-a,Water Chemistry,waterchem_PTL_UNITS,PTL_UNITS,Units - Total phosphorus,,,COLUMN,,,,PARAMETER,waterchem
1819,NRSA 1819 Water Chemistry and Chlorophyll-a,Water Chemistry,waterchem_PUBLICATION_DATE,PUBLICATION_DATE,Date the dataset was published to the NARS site,,,COLUMN,,,,PARAMETER,waterchem
1819,NRSA 1819 Water Chemistry and Chlorophyll-a,Water Chemistry,waterchem_SAM_CODE,SAM_CODE,Sample code (Regular/Lab duplicate/Lab split),,,COLUMN,,,,PARAMETER,waterchem
1819,NRSA 1819 Water Chemistry and Chlorophyll-a,Water Chemistry,waterchem_SILICA_BATCH_ID,SILICA_BATCH_ID,Laboratory Batch ID for Silica,,,COLUMN,,,,PARAMETER,waterchem
1819,NRSA 1819 Water Chemistry and Chlorophyll-a,Water Chemistry,waterchem_SILICA_DATE_ANALYZED,SILICA_DATE_ANALYZED,Date sample analyzed for analyte: silica,,,COLUMN,,,,PARAMETER,waterchem
1819,NRSA 1819 Water Chemistry and Chlorophyll-a,Water Chemistry,waterchem_SILICA_HOLDING_TIME,SILICA_HOLDING_TIME,Time from sampling to analysis (days): silica,,,COLUMN,,,,PARAMETER,waterchem
1819,NRSA 1819 Water Chemistry and Chlorophyll-a,Water Chemistry,waterchem_SILICA_MDL,SILICA_MDL,Method detection limit of silica,,,COLUMN,,,,PARAMETER,waterchem
1819,NRSA 1819 Water Chemistry and Chlorophyll-a,Water Chemistry,waterchem_SILICA_NARS_FLAG,SILICA_NARS_FLAG,NARS flag translated from QA flag by lab: Silica,,,COLUMN,,,,PARAMETER,waterchem
1819,NRSA 1819 Water Chemistry and Chlorophyll-a,Water Chemistry,waterchem_SILICA_QA_FLAG,SILICA_QA_FLAG,QA flag assigned by lab: silica,,,COLUMN,,,,PARAMETER,waterchem
1819,NRSA 1819 Water Chemistry and Chlorophyll-a,Water Chemistry,waterchem_SILICA_RESULT,SILICA_RESULT,Analyte value: silica,,,COLUMN,,,,PARAMETER,waterchem
1819,NRSA 1819 Water Chemistry and Chlorophyll-a,Water Chemistry,waterchem_SILICA_RL,SILICA_RL,Method Reporting Limit: Silica,,,COLUMN,,,,PARAMETER,waterchem
1819,NRSA 1819 Water Chemistry and Chlorophyll-a,Water Chemistry,waterchem_SILICA_UNITS,SILICA_UNITS,Units of measurement: silica,,,COLUMN,,,,PARAMETER,waterchem
1819,NRSA 1819 Water Chemistry and Chlorophyll-a,Water Chemistry,waterchem_SITE_ID,SITE_ID,"Site ID for the study and year sampled. Preferred form is NRSnn_MM-xxxxx where nn is current cycle year (04, 08, 13, 18, etc), MM is two letter state code, and xxxxx is between 10001 and 99999. Text. No missing values allowed.",,,DESIGN,,,,PARAMETER,waterchem
1819,NRSA 1819 Water Chemistry and Chlorophyll-a,Water Chemistry,waterchem_SITE_ID,SITE_ID,Identification code for site,,,VERIF,,,,PARAMETER,waterchem
1819,NRSA 1819 Water Chemistry and Chlorophyll-a,Water Chemistry,waterchem_SODIUM_BATCH_ID,SODIUM_BATCH_ID,Laboratory Batch ID for Sodium,,,COLUMN,,,,PARAMETER,waterchem
1819,NRSA 1819 Water Chemistry and Chlorophyll-a,Water Chemistry,waterchem_SODIUM_DATE_ANALYZED,SODIUM_DATE_ANALYZED,Date sample analyzed for analyte: sodium,,,COLUMN,,,,PARAMETER,waterchem
1819,NRSA 1819 Water Chemistry and Chlorophyll-a,Water Chemistry,waterchem_SODIUM_DILUTION_FACTOR,SODIUM_DILUTION_FACTOR,Factor used to correct results based on dilution of sample by lab: Sodium,,,COLUMN,,,,PARAMETER,waterchem
1819,NRSA 1819 Water Chemistry and Chlorophyll-a,Water Chemistry,waterchem_SODIUM_HOLDING_TIME,SODIUM_HOLDING_TIME,Time from sampling to analysis (days): sodium,,,COLUMN,,,,PARAMETER,waterchem
1819,NRSA 1819 Water Chemistry and Chlorophyll-a,Water Chemistry,waterchem_SODIUM_MDL,SODIUM_MDL,Method detection limit of sodium,,,COLUMN,,,,PARAMETER,waterchem
1819,NRSA 1819 Water Chemistry and Chlorophyll-a,Water Chemistry,waterchem_SODIUM_NARS_FLAG,SODIUM_NARS_FLAG,NARS flag translated from QA flag by lab: Sodium,,,COLUMN,,,,PARAMETER,waterchem
1819,NRSA 1819 Water Chemistry and Chlorophyll-a,Water Chemistry,waterchem_SODIUM_QA_FLAG,SODIUM_QA_FLAG,QA flag assigned by lab: sodium,,,COLUMN,,,,PARAMETER,waterchem
1819,NRSA 1819 Water Chemistry and Chlorophyll-a,Water Chemistry,waterchem_SODIUM_RESULT,SODIUM_RESULT,Analyte value: sodium,,,COLUMN,,,,PARAMETER,waterchem
1819,NRSA 1819 Water Chemistry and Chlorophyll-a,Water Chemistry,waterchem_SODIUM_RL,SODIUM_RL,Method Reporting Limit: Sodium,,,COLUMN,,,,PARAMETER,waterchem
1819,NRSA 1819 Water Chemistry and Chlorophyll-a,Water Chemistry,waterchem_SODIUM_UNITS,SODIUM_UNITS,Units of measurement: sodium,,,COLUMN,,,,PARAMETER,waterchem
1819,NRSA 1819 Water Chemistry and Chlorophyll-a,Water Chemistry,waterchem_STATE,STATE,State,,,VERIF,|AK|AL|AR|AZ|CA|CO|CT|DC|DE|FL|GA|HI|IA|ID|IL|IN|KS|KY|LA|MA|MD|ME|MI|MN|MO|MS|MT|NC|ND|NE|NH|NJ|NM|NV|NY|OH|OK|OR|PA|RI|SC|SD|TN|TX|UT|VA|VT|WA|WI|WV|WY,,,PARAMETER,waterchem
1819,NRSA 1819 Water Chemistry and Chlorophyll-a,Water Chemistry,waterchem_SULFATE_BATCH_ID,SULFATE_BATCH_ID,Laboratory Batch ID for Sulfate,,,COLUMN,,,,PARAMETER,waterchem
1819,NRSA 1819 Water Chemistry and Chlorophyll-a,Water Chemistry,waterchem_SULFATE_DATE_ANALYZED,SULFATE_DATE_ANALYZED,Date sample analyzed for analyte: sulfate,,,COLUMN,,,,PARAMETER,waterchem
1819,NRSA 1819 Water Chemistry and Chlorophyll-a,Water Chemistry,waterchem_SULFATE_DILUTION_FACTOR,SULFATE_DILUTION_FACTOR,Factor used to correct results based on dilution of sample by lab: Sulfate,,,COLUMN,,,,PARAMETER,waterchem
1819,NRSA 1819 Water Chemistry and Chlorophyll-a,Water Chemistry,waterchem_SULFATE_HOLDING_TIME,SULFATE_HOLDING_TIME,Time from sampling to analysis (days): sulfate,,,COLUMN,,,,PARAMETER,waterchem
1819,NRSA 1819 Water Chemistry and Chlorophyll-a,Water Chemistry,waterchem_SULFATE_MDL,SULFATE_MDL,Method detection limit of sulfate,,,COLUMN,,,,PARAMETER,waterchem
1819,NRSA 1819 Water Chemistry and Chlorophyll-a,Water Chemistry,waterchem_SULFATE_NARS_FLAG,SULFATE_NARS_FLAG,NARS flag translated from QA flag by lab: Sulfate,,,COLUMN,,,,PARAMETER,waterchem
1819,NRSA 1819 Water Chemistry and Chlorophyll-a,Water Chemistry,waterchem_SULFATE_QA_FLAG,SULFATE_QA_FLAG,QA flag assigned by lab: sulfate,,,COLUMN,,,,PARAMETER,waterchem
1819,NRSA 1819 Water Chemistry and Chlorophyll-a,Water Chemistry,waterchem_SULFATE_RESULT,SULFATE_RESULT,Analyte value: sulfate,,,COLUMN,,,,PARAMETER,waterchem
1819,NRSA 1819 Water Chemistry and Chlorophyll-a,Water Chemistry,waterchem_SULFATE_RL,SULFATE_RL,Method Reporting Limit: Sulfate,,,COLUMN,,,,PARAMETER,waterchem
1819,NRSA 1819 Water Chemistry and Chlorophyll-a,Water Chemistry,waterchem_SULFATE_UNITS,SULFATE_UNITS,Units of measurement: sulfate,,,COLUMN,,,,PARAMETER,waterchem
1819,NRSA 1819 Water Chemistry and Chlorophyll-a,Water Chemistry,waterchem_TKN_BATCH_ID,TKN_BATCH_ID,Laboratory Batch ID for Total Kjeldahl Nitrogen,,,COLUMN,,,,PARAMETER,waterchem
1819,NRSA 1819 Water Chemistry and Chlorophyll-a,Water Chemistry,waterchem_TKN_DATE_ANALYZED,TKN_DATE_ANALYZED,Date sample analyzed for analyte: Total Kjeldahl Nitrogen,,,COLUMN,,,,PARAMETER,waterchem
1819,NRSA 1819 Water Chemistry and Chlorophyll-a,Water Chemistry,waterchem_TKN_HOLDING_TIME,TKN_HOLDING_TIME,Time from sampling to analysis (days): Total Kjeldahl Nitrogen,,,COLUMN,,,,PARAMETER,waterchem
1819,NRSA 1819 Water Chemistry and Chlorophyll-a,Water Chemistry,waterchem_TKN_MDL,TKN_MDL,Method Detection Limit: Total Kjeldahl Nitrogen,,,COLUMN,,,,PARAMETER,waterchem
1819,NRSA 1819 Water Chemistry and Chlorophyll-a,Water Chemistry,waterchem_TKN_NARS_FLAG,TKN_NARS_FLAG,NARS flag translated from QA flag by lab: Total Kjeldahl Nitrogen,,,COLUMN,,,,PARAMETER,waterchem
1819,NRSA 1819 Water Chemistry and Chlorophyll-a,Water Chemistry,waterchem_TKN_QA_FLAG,TKN_QA_FLAG,QA flag assigned by lab: Total Kjeldahl Nitrogen,,,COLUMN,,,,PARAMETER,waterchem
1819,NRSA 1819 Water Chemistry and Chlorophyll-a,Water Chemistry,waterchem_TKN_RESULT,TKN_RESULT,Analyte value: Total Kjeldahl Nitrogen,,,COLUMN,,,,PARAMETER,waterchem
1819,NRSA 1819 Water Chemistry and Chlorophyll-a,Water Chemistry,waterchem_TKN_RL,TKN_RL,Method Reporting Limit: Total Kjeldahl Nitrogen,,,COLUMN,,,,PARAMETER,waterchem
1819,NRSA 1819 Water Chemistry and Chlorophyll-a,Water Chemistry,waterchem_TKN_UNITS,TKN_UNITS,Units for Total Kjeldahl Nitrogen,,,COLUMN,,,,PARAMETER,waterchem
1819,NRSA 1819 Water Chemistry and Chlorophyll-a,Water Chemistry,waterchem_TSS_BATCH_ID,TSS_BATCH_ID,Laboratory Batch ID for Total Suspended Solids,,,COLUMN,,,,PARAMETER,waterchem
1819,NRSA 1819 Water Chemistry and Chlorophyll-a,Water Chemistry,waterchem_TSS_DATE_ANALYZED,TSS_DATE_ANALYZED,Date sample analyzed for analyte: Total Suspended Solids,,,COLUMN,,,,PARAMETER,waterchem
1819,NRSA 1819 Water Chemistry and Chlorophyll-a,Water Chemistry,waterchem_TSS_HOLDING_TIME,TSS_HOLDING_TIME,Time from sampling to analysis (days): Total Suspended Solids,,,COLUMN,,,,PARAMETER,waterchem
1819,NRSA 1819 Water Chemistry and Chlorophyll-a,Water Chemistry,waterchem_TSS_MDL,TSS_MDL,Method Detection Limit: Total Suspended Solids,,,COLUMN,,,,PARAMETER,waterchem
1819,NRSA 1819 Water Chemistry and Chlorophyll-a,Water Chemistry,waterchem_TSS_NARS_FLAG,TSS_NARS_FLAG,NARS flag translated from QA flag by lab: Total Suspended Solids,,,COLUMN,,,,PARAMETER,waterchem
1819,NRSA 1819 Water Chemistry and Chlorophyll-a,Water Chemistry,waterchem_TSS_QA_FLAG,TSS_QA_FLAG,QA flag assigned by lab: Total Suspended Solids,,,COLUMN,,,,PARAMETER,waterchem
1819,NRSA 1819 Water Chemistry and Chlorophyll-a,Water Chemistry,waterchem_TSS_RESULT,TSS_RESULT,Total Suspended Solids,,,COLUMN,,,,PARAMETER,waterchem
1819,NRSA 1819 Water Chemistry and Chlorophyll-a,Water Chemistry,waterchem_TSS_RL,TSS_RL,Method Reporting Limit: Total Suspended Solids,,,COLUMN,,,,PARAMETER,waterchem
1819,NRSA 1819 Water Chemistry and Chlorophyll-a,Water Chemistry,waterchem_TSS_UNITS,TSS_UNITS,Units for Total Suspended Solids,,,COLUMN,,,,PARAMETER,waterchem
1819,NRSA 1819 Water Chemistry and Chlorophyll-a,Water Chemistry,waterchem_TURB_BATCH_ID,TURB_BATCH_ID,Laboratory Batch ID for Turbidity,,,COLUMN,,,,PARAMETER,waterchem
1819,NRSA 1819 Water Chemistry and Chlorophyll-a,Water Chemistry,waterchem_TURB_DATE_ANALYZED,TURB_DATE_ANALYZED,Date sample analyzed for analyte: turbidity,,,COLUMN,,,,PARAMETER,waterchem
1819,NRSA 1819 Water Chemistry and Chlorophyll-a,Water Chemistry,waterchem_TURB_HOLDING_TIME,TURB_HOLDING_TIME,Time from sampling to analysis (days): turbidity,,,COLUMN,,,,PARAMETER,waterchem
1819,NRSA 1819 Water Chemistry and Chlorophyll-a,Water Chemistry,waterchem_TURB_MDL,TURB_MDL,Method Detection Limit: Turbidity,,,COLUMN,,,,PARAMETER,waterchem
1819,NRSA 1819 Water Chemistry and Chlorophyll-a,Water Chemistry,waterchem_TURB_NARS_FLAG,TURB_NARS_FLAG,NARS flag translated from QA flag by lab: Turbidity,,,COLUMN,,,,PARAMETER,waterchem
1819,NRSA 1819 Water Chemistry and Chlorophyll-a,Water Chemistry,waterchem_TURB_QA_FLAG,TURB_QA_FLAG,QA flag assigned by lab: turbidity,,,COLUMN,,,,PARAMETER,waterchem
1819,NRSA 1819 Water Chemistry and Chlorophyll-a,Water Chemistry,waterchem_TURB_RESULT,TURB_RESULT,Analyte value: turbidity,,,COLUMN,,,,PARAMETER,waterchem
1819,NRSA 1819 Water Chemistry and Chlorophyll-a,Water Chemistry,waterchem_TURB_RL,TURB_RL,Method Reporting Limit: Turbidity,,,COLUMN,,,,PARAMETER,waterchem
1819,NRSA 1819 Water Chemistry and Chlorophyll-a,Water Chemistry,waterchem_TURB_UNITS,TURB_UNITS,Units of measurement: turbidity,,,COLUMN,,,,PARAMETER,waterchem
1819,NRSA 1819 Water Chemistry and Chlorophyll-a,Water Chemistry,waterchem_UID,UID,Unique identifier for the site/visit,,,COLUMN,,,,PARAMETER,waterchem
1819,NRSA 1819 Water Chemistry and Chlorophyll-a,Water Chemistry,waterchem_VISIT_NO,VISIT_NO,Sequential number of visit to site,,,VERIF,|1|2|R,,,PARAMETER,waterchem
1819,NRSA 1819 Water Chemistry and Chlorophyll-a,Water Chemistry,waterchem_WCHL_DATE_RECEIVED,WCHL_DATE_RECEIVED,Water chlorophyll sample data received by laboratory,,,COLUMN,,,,PARAMETER,waterchem
1819,NRSA 1819 Water Chemistry and Chlorophyll-a,Water Chemistry,waterchem_WCHL_LAB_SAMPLE_ID,WCHL_LAB_SAMPLE_ID,Water chlorophyll lab sample ID,,,COLUMN,,,,PARAMETER,waterchem
1819,NRSA 1819 Water Chemistry and Chlorophyll-a,Water Chemistry,waterchem_WCHL_NOT_COLLECTED,WCHL_NOT_COLLECTED,Water chlorophyll a sample not collected,,,COLUMN,,,,PARAMETER,waterchem
1819,NRSA 1819 Periphyton Biomass,Periphyton Biomass,periphyton_biomass_ANALYTE,ANALYTE,Analyte,,,COLUMN,,,,PARAMETER,periphyton_biomass
1819,NRSA 1819 Periphyton Biomass,Periphyton Biomass,periphyton_biomass_BATCH_ID,BATCH_ID,Laboratory Batch ID,,,COLUMN,,,,PARAMETER,periphyton_biomass
1819,NRSA 1819 Periphyton Biomass,Periphyton Biomass,periphyton_biomass_DATE_ANALYZED,DATE_ANALYZED,Date sample analyzed,,,PBIO,,,,PARAMETER,periphyton_biomass
1819,NRSA 1819 Periphyton Biomass,Periphyton Biomass,periphyton_biomass_DATE_COL,DATE_COL,Date of data collection in field,,,VERIF,,,,PARAMETER,periphyton_biomass
1819,NRSA 1819 Periphyton Biomass,Periphyton Biomass,periphyton_biomass_DATE_RECEIVED,DATE_RECEIVED,Date sample received,,,PBIO,,,,PARAMETER,periphyton_biomass
1819,NRSA 1819 Periphyton Biomass,Periphyton Biomass,periphyton_biomass_EXTRACT,EXTRACT,Amount in extract,,,PBIO,,,,PARAMETER,periphyton_biomass
1819,NRSA 1819 Periphyton Biomass,Periphyton Biomass,periphyton_biomass_HOLDING_TIME,HOLDING_TIME,Holding time,,,PBIO,,,,PARAMETER,periphyton_biomass
1819,NRSA 1819 Periphyton Biomass,Periphyton Biomass,periphyton_biomass_LAB,LAB,Laboratory processing sample,,,COLUMN,,,,PARAMETER,periphyton_biomass
1819,NRSA 1819 Periphyton Biomass,Periphyton Biomass,periphyton_biomass_LAB_SAMPLE_ID,LAB_SAMPLE_ID,Laboratory Sample ID,,,PBIO,,,,PARAMETER,periphyton_biomass
1819,NRSA 1819 Periphyton Biomass,Periphyton Biomass,periphyton_biomass_MATRIX,MATRIX,"Type of sample (e.g., water, sediment, tissue)",,,COLUMN,,,,PARAMETER,periphyton_biomass
1819,NRSA 1819 Periphyton Biomass,Periphyton Biomass,periphyton_biomass_MDL,MDL,Minimum Detection Limit,,,PBIO,,,,PARAMETER,periphyton_biomass
1819,NRSA 1819 Periphyton Biomass,Periphyton Biomass,periphyton_biomass_NARS_FLAG,NARS_FLAG,NARS flag,,,PBIO,,,,PARAMETER,periphyton_biomass
1819,NRSA 1819 Periphyton Biomass,Periphyton Biomass,periphyton_biomass_NOT_COLLECTED,NOT_COLLECTED,Periphyton Biomass (PBIO) sample not collected,,,PBIO,,,,PARAMETER,periphyton_biomass
1819,NRSA 1819 Periphyton Biomass,Periphyton Biomass,periphyton_biomass_PUBLICATION_DATE,PUBLICATION_DATE,Date of data file publication,,,COLUMN,,,,PARAMETER,periphyton_biomass
1819,NRSA 1819 Periphyton Biomass,Periphyton Biomass,periphyton_biomass_QA_FLAG,QA_FLAG,QA flag from laboratory,,,PBIO,,,,PARAMETER,periphyton_biomass
1819,NRSA 1819 Periphyton Biomass,Periphyton Biomass,periphyton_biomass_RESULT,RESULT,Value of associated parameter,,,COLUMN,,,,PARAMETER,periphyton_biomass
1819,NRSA 1819 Periphyton Biomass,Periphyton Biomass,periphyton_biomass_RESULT,RESULT,Result,,,PBIO,,,,PARAMETER,periphyton_biomass
1819,NRSA 1819 Periphyton Biomass,Periphyton Biomass,periphyton_biomass_RESULT_VOL,RESULT_VOL,"Result by volume, before correcting for area sampled",,,PBIO,,,,PARAMETER,periphyton_biomass
1819,NRSA 1819 Periphyton Biomass,Periphyton Biomass,periphyton_biomass_RL,RL,"Reporting Limit, units varying",,,PBIO,,,,PARAMETER,periphyton_biomass
1819,NRSA 1819 Periphyton Biomass,Periphyton Biomass,periphyton_biomass_SAM_CODE,SAM_CODE,"Sample code (e.g., regular, lab duplicate, lab split)",,,COLUMN,,,,PARAMETER,periphyton_biomass
1819,NRSA 1819 Periphyton Biomass,Periphyton Biomass,periphyton_biomass_SAMPLE_ID,SAMPLE_ID,Field sample ID,,,PBIO,,,,PARAMETER,periphyton_biomass
1819,NRSA 1819 Periphyton Biomass,Periphyton Biomass,periphyton_biomass_SAMPLE_ID,SAMPLE_ID,Periphyton Biomass (PBIO) sample id,,,PBIO,,,,PARAMETER,periphyton_biomass
1819,NRSA 1819 Periphyton Biomass,Periphyton Biomass,periphyton_biomass_SAMPLE_TYPE,SAMPLE_TYPE,"Code identifying sample type: MICX=Microcystin, CYLSPER=Cylindrospermopsin, MICZ=Microcystin in legacy bottle type",,,COLUMN,,,,PARAMETER,periphyton_biomass
1819,NRSA 1819 Periphyton Biomass,Periphyton Biomass,periphyton_biomass_SITE_ID,SITE_ID,"Site ID for the study and year sampled. Preferred form is NRSnn_MM-xxxxx where nn is current cycle year (04, 08, 13, 18, etc), MM is two letter state code, and xxxxx is between 10001 and 99999. No missing or \blank\"" values allowed.""",,,DESIGN,,,,PARAMETER,periphyton_biomass
1819,NRSA 1819 Periphyton Biomass,Periphyton Biomass,periphyton_biomass_SITE_ID,SITE_ID,Site ID,,,VERIF,,,,PARAMETER,periphyton_biomass
1819,NRSA 1819 Periphyton Biomass,Periphyton Biomass,periphyton_biomass_STATE,STATE,State of site,,,COLUMN,,,,PARAMETER,periphyton_biomass
1819,NRSA 1819 Periphyton Biomass,Periphyton Biomass,periphyton_biomass_STATE,STATE,State of site,,,VERIF,,,,PARAMETER,periphyton_biomass
1819,NRSA 1819 Periphyton Biomass,Periphyton Biomass,periphyton_biomass_UID,UID,Unique site visit ID,,,COLUMN,,,,PARAMETER,periphyton_biomass
1819,NRSA 1819 Periphyton Biomass,Periphyton Biomass,periphyton_biomass_UNIQUE_ID,UNIQUE_ID,Unique site ID based on location that does not depend on year sampled or any other factor. Form is NRS_ss_nnnnn where ss state and nnnnn is number that starts at 10001. No missing values allowed.,,,COLUMN,,,,PARAMETER,periphyton_biomass
1819,NRSA 1819 Periphyton Biomass,Periphyton Biomass,periphyton_biomass_VISIT_NO,VISIT_NO,Number identifying which visit this is,,,VERIF,|1|2,,,PARAMETER,periphyton_biomass
1819,NRSA 1819 Periphyton Biomass,Periphyton Biomass,periphyton_biomass_VOLUME_FILTERED,VOLUME_FILTERED,Volume of water filtered,,,PBIO,,,,PARAMETER,periphyton_biomass
1819,NRSA 1819 Periphyton Chlorophyll-a,Chlorophyll-a,periphyton_chla_AG_ECO9,AG_ECO9,"NARS 9-level reporting region, based on aggregated Omernik Level III ecoregions. No missing or \blank\"" values allowed.""",,,DESIGN,,,,PARAMETER,periphyton_chla
1819,NRSA 1819 Periphyton Chlorophyll-a,Chlorophyll-a,periphyton_chla_CHLA_BATCH_ID,CHLA_BATCH_ID,Lab batch id - Chlorophyll-a as ug/L in water sample,,,COLUMN,,,,PARAMETER,periphyton_chla
1819,NRSA 1819 Periphyton Chlorophyll-a,Chlorophyll-a,periphyton_chla_DATE_ANALYZED,DATE_ANALYZED,Date sample analyzed,,,PCHL,,,,PARAMETER,periphyton_chla
1819,NRSA 1819 Periphyton Chlorophyll-a,Chlorophyll-a,periphyton_chla_DATE_COL,DATE_COL,Date collected,,,VERIF,|01|02|03|04|05|06|07|08|09|10|11|12,,,PARAMETER,periphyton_chla
1819,NRSA 1819 Periphyton Chlorophyll-a,Chlorophyll-a,periphyton_chla_DATE_RECEIVED,DATE_RECEIVED,Date sample received,,,PCHL,,,,PARAMETER,periphyton_chla
1819,NRSA 1819 Periphyton Chlorophyll-a,Chlorophyll-a,periphyton_chla_EPA_REG,EPA_REG,"EPA Region. No missing or \blank\"" values allowed.""",,,DESIGN,,,,PARAMETER,periphyton_chla
1819,NRSA 1819 Periphyton Chlorophyll-a,Chlorophyll-a,periphyton_chla_LAB,LAB,Laboratory processing sample,,,COLUMN,,,,PARAMETER,periphyton_chla
1819,NRSA 1819 Periphyton Chlorophyll-a,Chlorophyll-a,periphyton_chla_LAB_SAMPLE_ID,LAB_SAMPLE_ID,Laboratory Sample ID,,,PCHL,,,,PARAMETER,periphyton_chla
1819,NRSA 1819 Periphyton Chlorophyll-a,Chlorophyll-a,periphyton_chla_MATRIX,MATRIX,Material used for analysis,,,COLUMN,,,,PARAMETER,periphyton_chla
1819,NRSA 1819 Periphyton Chlorophyll-a,Chlorophyll-a,periphyton_chla_MDL,MDL,Minimum Detection Limit,,,PCHL,,,,PARAMETER,periphyton_chla
1819,NRSA 1819 Periphyton Chlorophyll-a,Chlorophyll-a,periphyton_chla_NARS_FLAG,NARS_FLAG,NARS Flag,,,PCHL,,,,PARAMETER,periphyton_chla
1819,NRSA 1819 Periphyton Chlorophyll-a,Chlorophyll-a,periphyton_chla_PCHL_NOT_COLLECTED,PCHL_NOT_COLLECTED,Periphyton chlorophyll a sample not collected,,,COLUMN,,,,PARAMETER,periphyton_chla
1819,NRSA 1819 Periphyton Chlorophyll-a,Chlorophyll-a,periphyton_chla_PUBLICATION_DATE,PUBLICATION_DATE,Date the dataset was published to the NARS site,,,COLUMN,,,,PARAMETER,periphyton_chla
1819,NRSA 1819 Periphyton Chlorophyll-a,Chlorophyll-a,periphyton_chla_RESULT,RESULT,Value of associated parameter,,,COLUMN,,,,PARAMETER,periphyton_chla
1819,NRSA 1819 Periphyton Chlorophyll-a,Chlorophyll-a,periphyton_chla_RESULT,RESULT,Result,,,PCHL,,,,PARAMETER,periphyton_chla
1819,NRSA 1819 Periphyton Chlorophyll-a,Chlorophyll-a,periphyton_chla_RESULT_UNITS,RESULT_UNITS,Result unit,,,COLUMN,,,,PARAMETER,periphyton_chla
1819,NRSA 1819 Periphyton Chlorophyll-a,Chlorophyll-a,periphyton_chla_RESULT_VOL,RESULT_VOL,"Result by volume, before correcting for area sampled",,,PCHL,,,,PARAMETER,periphyton_chla
1819,NRSA 1819 Periphyton Chlorophyll-a,Chlorophyll-a,periphyton_chla_RESULT_VOL_UNITS,RESULT_VOL_UNITS,Units for result by volume (ug/L),,,COLUMN,,,,PARAMETER,periphyton_chla
1819,NRSA 1819 Periphyton Chlorophyll-a,Chlorophyll-a,periphyton_chla_RL,RL,"Reporting Limit, units varying",,,PCHL,,,,PARAMETER,periphyton_chla
1819,NRSA 1819 Periphyton Chlorophyll-a,Chlorophyll-a,periphyton_chla_SAM_CODE,SAM_CODE,Sample code (Regular/Lab duplicate/Lab split),,,COLUMN,,,,PARAMETER,periphyton_chla
1819,NRSA 1819 Periphyton Chlorophyll-a,Chlorophyll-a,periphyton_chla_SITE_ID,SITE_ID,"Site ID for the study and year sampled. Preferred form is NRSnn_MM-xxxxx where nn is current cycle year (04, 08, 13, 18, etc), MM is two letter state code, and xxxxx is between 10001 and 99999. No missing or \blank\"" values allowed.""",,,DESIGN,,,,PARAMETER,periphyton_chla
1819,NRSA 1819 Periphyton Chlorophyll-a,Chlorophyll-a,periphyton_chla_SITE_ID,SITE_ID,Identification code for site,,,VERIF,,,,PARAMETER,periphyton_chla
1819,NRSA 1819 Periphyton Chlorophyll-a,Chlorophyll-a,periphyton_chla_STATE,STATE,State,,,VERIF,|AK|AL|AR|AZ|CA|CO|CT|DC|DE|FL|GA|HI|IA|ID|IL|IN|KS|KY|LA|MA|MD|ME|MI|MN|MO|MS|MT|NC|ND|NE|NH|NJ|NM|NV|NY|OH|OK|OR|PA|RI|SC|SD|TN|TX|UT|VA|VT|WA|WI|WV|WY,,,PARAMETER,periphyton_chla
1819,NRSA 1819 Periphyton Chlorophyll-a,Chlorophyll-a,periphyton_chla_UID,UID,Unique identifier for the site/visit,,,COLUMN,,,,PARAMETER,periphyton_chla
1819,NRSA 1819 Periphyton Chlorophyll-a,Chlorophyll-a,periphyton_chla_VISIT_NO,VISIT_NO,Sequential number of visit to site,,,VERIF,|1|2|R,,,PARAMETER,periphyton_chla
1819,NRSA 1819 Periphyton Chlorophyll-a,Chlorophyll-a,periphyton_chla_VOLUME_FILTERED,VOLUME_FILTERED,Volume filtered,,,PCHL,,,,PARAMETER,periphyton_chla
1819,NRSA 1819 Landscape,Landscape Data,landscape_AG_ECO9,AG_ECO9,"NARS 9-level reporting region, based on aggregated Omernik Level III ecoregions. No missing or \blank\"" values allowed.""",,,DESIGN,CPL|NAP|NPL|SAP|SPL|TPL|UMW|WMT|XER |,,,COLUMN_NAME,landscape
1819,NRSA 1819 Landscape,Landscape Data,landscape_AG2006HISLP_WS_PCTFULL,AG2006HISLP_WS_PCTFULL,Percent of area with data for Percentage of Agricultural Land (NLCD 2006) that lies on slopes greater than 20 degrees within the watershed (Ws).,,,LAND,,,,COLUMN_NAME,landscape
1819,NRSA 1819 Landscape,Landscape Data,landscape_AG2006MIDSLP_WS_PCTFULL,AG2006MIDSLP_WS_PCTFULL,Percent of area with data for Percentage of Agricultural Land (NLCD 2006)that lies on slopes greater than 10 degrees within the watershed (Ws).,,,LAND,,,,COLUMN_NAME,landscape
1819,NRSA 1819 Landscape,Landscape Data,landscape_AGKFFACT_WS_PCTFULL,AGKFFACT_WS_PCTFULL,"Percent of area with data for Mean surface soil erodibility factors adjusted (KFFACT) on agricultural land (NLCD 2006), within the upstream watershed (Ws).",,,LAND,,,,COLUMN_NAME,landscape
1819,NRSA 1819 Landscape,Landscape Data,landscape_AGKFFACTWS,AGKFFACTWS,"Mean surface soil erodibility factors adjusted (KFFACT) on agricultural land (NLCD 2006), within the upstream watershed (Ws).",,,LAND,,,,COLUMN_NAME,landscape
1819,NRSA 1819 Landscape,Landscape Data,landscape_AL2O3_WS_PCTFULL,AL2O3_WS_PCTFULL,Percent of area with data for Mean of all Al2O3 values within the upstream watershed (Ws).,,,LAND,,,,COLUMN_NAME,landscape
1819,NRSA 1819 Landscape,Landscape Data,landscape_AL2O3WS,AL2O3WS,Mean of all Al2O3 values within the upstream watershed (Ws).,,,LAND,,,,COLUMN_NAME,landscape
1819,NRSA 1819 Landscape,Landscape Data,landscape_AWCH_WS_PCTFULL,AWCH_WS_PCTFULL,Percent of area with data for Mean high values of available water capacity of soils (fraction) within the upstream watershed (Ws). From State Soil Geographic (STATSGO) Database.,,,LAND,,,,COLUMN_NAME,landscape
1819,NRSA 1819 Landscape,Landscape Data,landscape_AWCHWS,AWCHWS,Mean high values of available water capacity of soils (fraction) within the upstream watershed (Ws). From State Soil Geographic (STATSGO) Database.,,,LAND,,,,COLUMN_NAME,landscape
1819,NRSA 1819 Landscape,Landscape Data,landscape_BDH_WS_PCTFULL,BDH_WS_PCTFULL,Percent of area with data for Mean high values of soil bulk density of soil types within the upstream watershed (Ws) (grams per cubic centimeter) from State Soil Geographic (STATSGO) Database.,,,LAND,,,,COLUMN_NAME,landscape
1819,NRSA 1819 Landscape,Landscape Data,landscape_BDHWS,BDHWS,Mean high values of soil bulk density of soil types within the upstream watershed (Ws) (grams per cubic centimeter) from State Soil Geographic (STATSGO) Database.,,,LAND,,,,COLUMN_NAME,landscape
1819,NRSA 1819 Landscape,Landscape Data,landscape_BEDROCK_PERM_WS_PCTFULL,BEDROCK_PERM_WS_PCTFULL,"Percent of area with data for bedrock permeability, based on principal aquifer permeability classes.",,,LAND,,,,COLUMN_NAME,landscape
1819,NRSA 1819 Landscape,Landscape Data,landscape_BFI_WS_PCTFULL,BFI_WS_PCTFULL,"Percent of area with data for Bfi is the ratio of base flow to total flow, expressed as a percentage. %, within the upstream watershed (Ws).",,,LAND,,,,COLUMN_NAME,landscape
1819,NRSA 1819 Landscape,Landscape Data,landscape_BFIWS,BFIWS,"Bfi is the ratio of base flow to total flow, expressed as a percentage. %, within the upstream watershed (Ws).",,,LAND,,,,COLUMN_NAME,landscape
1819,NRSA 1819 Landscape,Landscape Data,landscape_CANALDENSITY_WS_PCTFULL,CANALDENSITY_WS_PCTFULL,"Percent of area with data for density of NHDPlus line features classified as canal, ditch, or pipeline within the upstream watershed (Ws).",,,LAND,,,,COLUMN_NAME,landscape
1819,NRSA 1819 Landscape,Landscape Data,landscape_CANALDENSWS,CANALDENSWS,"Density of NHDPlus line features classified as canal, ditch, or pipeline within the upstream watershed (Ws).",,,LAND,,,,COLUMN_NAME,landscape
1819,NRSA 1819 Landscape,Landscape Data,landscape_CAO_WS_PCTFULL,CAO_WS_PCTFULL,Percent of area with data for Mean of all CaO values within the upstream watershed (Ws).,,,LAND,,,,COLUMN_NAME,landscape
1819,NRSA 1819 Landscape,Landscape Data,landscape_CAOWS,CAOWS,Mean of all CaO values within the upstream watershed (Ws).,,,LAND,,,,COLUMN_NAME,landscape
1819,NRSA 1819 Landscape,Landscape Data,landscape_CAT_COMID,CAT_COMID,"Catchment COMID that the site falls in, from NHDPlusV21.",,,LANDSCAPE,,,,COLUMN_NAME,landscape
1819,NRSA 1819 Landscape,Landscape Data,landscape_CATAREASQKM,CATAREASQKM,Area in square kilometers of the sub-catchment created by accumulating from the survey site upstream within the NHDPlusV21 catchment.,,,LAND,,,,COLUMN_NAME,landscape
1819,NRSA 1819 Landscape,Landscape Data,landscape_CATAREASQKMRP100,CATAREASQKMRP100,Area in square kilometers within 100-m buffer of NHD stream lines (Rp100) of the sub-catchment created by accumulating from the survey site upstream within the NHDPlusV21 catchment.,,,LAND,,,,COLUMN_NAME,landscape
1819,NRSA 1819 Landscape,Landscape Data,landscape_CBNF_WS_PCTFULL,CBNF_WS_PCTFULL,"Percent of area with data for Mean rate of biological nitrogen fixation from the cultivation of crops in kg N/ha/yr, within the upstream watershed (Ws).",,,LAND,,,,COLUMN_NAME,landscape
1819,NRSA 1819 Landscape,Landscape Data,landscape_CBNFWS,CBNFWS,"Mean rate of biological nitrogen fixation from the cultivation of crops in kg N/ha/yr, within the upstream watershed (Ws).",,,LAND,,,,COLUMN_NAME,landscape
1819,NRSA 1819 Landscape,Landscape Data,landscape_CLAY_WS_PCTFULL,CLAY_WS_PCTFULL,Percent of area with data for Mean of all clay values within the upstream watershed (Ws).,,,LAND,,,,COLUMN_NAME,landscape
1819,NRSA 1819 Landscape,Landscape Data,landscape_CLAYWS,CLAYWS,Mean of all clay values within the upstream watershed (Ws).,,,LAND,,,,COLUMN_NAME,landscape
1819,NRSA 1819 Landscape,Landscape Data,landscape_COALMINEDENSWS,COALMINEDENSWS,Density of georeferenced coal mine sites (USTRAT.shp) within the upstream watershed (Ws).,,,LAND,,,,COLUMN_NAME,landscape
1819,NRSA 1819 Landscape,Landscape Data,landscape_COALMINES_WS_PCTFULL,COALMINES_WS_PCTFULL,Percent of area with data for density of georeferenced coal mine sites (USTRAT.shp) within the upstream watershed (Ws).,,,LAND,,,,COLUMN_NAME,landscape
1819,NRSA 1819 Landscape,Landscape Data,landscape_COMPSTRGTH_WS_PCTFULL,COMPSTRGTH_WS_PCTFULL,Percent of area with data for Mean of all CompStrgth values within the upstream watershed (Ws).,,,LAND,,,,COLUMN_NAME,landscape
1819,NRSA 1819 Landscape,Landscape Data,landscape_COMPSTRGTHWS,COMPSTRGTHWS,Mean of all CompStrgth values within the upstream watershed (Ws).,,,LAND,,,,COLUMN_NAME,landscape
1819,NRSA 1819 Landscape,Landscape Data,landscape_DAMDENSWS,DAMDENSWS,Density of georeferenced dams within the upstream watershed (Ws).,,,LAND,,,,COLUMN_NAME,landscape
1819,NRSA 1819 Landscape,Landscape Data,landscape_DAMNIDSTORWS,DAMNIDSTORWS,Volume all reservoirs (NID_STORA in NID) per unit area of the upstream watershed (Ws).,,,LAND,,,,COLUMN_NAME,landscape
1819,NRSA 1819 Landscape,Landscape Data,landscape_DAMNRMSTORWS,DAMNRMSTORWS,Volume all reservoirs (NORM_STORA in NID) per unit area of the upstream watershed (Ws),,,LAND,,,,COLUMN_NAME,landscape
1819,NRSA 1819 Landscape,Landscape Data,landscape_DAMS_WS_PCTFULL,DAMS_WS_PCTFULL,Percent of area with data for Density of georeferenced dams within the upstream watershed (Ws).,,,LAND,,,,COLUMN_NAME,landscape
1819,NRSA 1819 Landscape,Landscape Data,landscape_DRAINAGEID,DRAINAGEID,"Hydreoregion of the Drainage Basin that the site falls in, from NHDPlusV21.",,,LAND,,,,COLUMN_NAME,landscape
1819,NRSA 1819 Landscape,Landscape Data,landscape_ELEV_PT,ELEV_PT,Elevation at site location (meters) from 30m NHDPlusV2 which uses National Elevation Data (NED) snapshots from 2010 and 2011,,,LANDSCAPE,,,,COLUMN_NAME,landscape
1819,NRSA 1819 Landscape,Landscape Data,landscape_ELEV_WS_MAX,ELEV_WS_MAX,Maximum of all elev_cm values within the upstream watershed (Ws) divided by 100 to convert cm to m.,,,LANDSCAPE,,,,COLUMN_NAME,landscape
1819,NRSA 1819 Landscape,Landscape Data,landscape_ELEV_WS_MIN,ELEV_WS_MIN,Minimum of all elev_cm values within the upstream watershed (Ws) divided by 100 to convert cm to m.,,,LANDSCAPE,,,,COLUMN_NAME,landscape
1819,NRSA 1819 Landscape,Landscape Data,landscape_ELEV_WS_PCTFULL,ELEV_WS_PCTFULL,Percent of area with data for Mean of all elev_cm values within the upstream watershed (Ws) divided by 100 to convert cm to m.,,,LAND,,,,COLUMN_NAME,landscape
1819,NRSA 1819 Landscape,Landscape Data,landscape_ELEVWS,ELEVWS,Mean of all elev_cm values within the upstream watershed (Ws) divided by 100 to convert cm to m.,,,LAND,,,,COLUMN_NAME,landscape
1819,NRSA 1819 Landscape,Landscape Data,landscape_ET_WS_PCTFULL,ET_WS_PCTFULL,"Percent of area with data for Mean-annual actual evapotranspiration (ET), estimated using regression equation of Sanford and Selnick (2013)",,,LAND,,,,COLUMN_NAME,landscape
1819,NRSA 1819 Landscape,Landscape Data,landscape_ETWS,ETWS,"Mean-annual actual evapotranspiration (ET), estimated using regression equation of Sanford and Selnick (2013)",,,LAND,,,,COLUMN_NAME,landscape
1819,NRSA 1819 Landscape,Landscape Data,landscape_FE2O3_WS_PCTFULL,FE2O3_WS_PCTFULL,Percent of area with data for Mean of all Fe2O3 values within the upstream watershed (Ws).,,,LAND,,,,COLUMN_NAME,landscape
1819,NRSA 1819 Landscape,Landscape Data,landscape_FE2O3WS,FE2O3WS,Mean of all Fe2O3 values within the upstream watershed (Ws).,,,LAND,,,,COLUMN_NAME,landscape
1819,NRSA 1819 Landscape,Landscape Data,landscape_FERT_WS_PCTFULL,FERT_WS_PCTFULL,"Percent of area with data for Mean rate of synthetic nitrogen fertilizer application to agricultural land in kg N/ha/yr, within the upstream watershed (Ws).",,,LAND,,,,COLUMN_NAME,landscape
1819,NRSA 1819 Landscape,Landscape Data,landscape_FERTWS,FERTWS,"Mean rate of synthetic nitrogen fertilizer application to agricultural land in kg N/ha/yr, within the upstream watershed (Ws).",,,LAND,,,,COLUMN_NAME,landscape
1819,NRSA 1819 Landscape,Landscape Data,landscape_FIRE2000_WS_PCTFULL,FIRE2000_WS_PCTFULL,Percent of area with data for % Forest loss to fire (fire perimeter) for 2000 within the upstream watershed (Ws).,,,LAND,,,,COLUMN_NAME,landscape
1819,NRSA 1819 Landscape,Landscape Data,landscape_FIRE2000_WS_PCTFULLRP100,FIRE2000_WS_PCTFULLRP100,Percent of area with data for % Forest loss to fire (fire perimeter) for year 2000 within the upstream watershed (Ws) and within 100-m buffer of NHD stream lines (Rp100).,,,LAND,,,,COLUMN_NAME,landscape
1819,NRSA 1819 Landscape,Landscape Data,landscape_FIRE2001_WS_PCTFULL,FIRE2001_WS_PCTFULL,Percent of area with data for % Forest loss to fire (fire perimeter) for 2001 within the upstream watershed (Ws).,,,LAND,,,,COLUMN_NAME,landscape
1819,NRSA 1819 Landscape,Landscape Data,landscape_FIRE2001_WS_PCTFULLRP100,FIRE2001_WS_PCTFULLRP100,Percent of area with data for % Forest loss to fire (fire perimeter) for year 2001 within the upstream watershed (Ws) and within 100-m buffer of NHD stream lines (Rp100).,,,LAND,,,,COLUMN_NAME,landscape
1819,NRSA 1819 Landscape,Landscape Data,landscape_FIRE2002_WS_PCTFULL,FIRE2002_WS_PCTFULL,Percent of area with data for % Forest loss to fire (fire perimeter) for 2002 within the upstream watershed (Ws).,,,LAND,,,,COLUMN_NAME,landscape
1819,NRSA 1819 Landscape,Landscape Data,landscape_FIRE2002_WS_PCTFULLRP100,FIRE2002_WS_PCTFULLRP100,Percent of area with data for % Forest loss to fire (fire perimeter) for year 2002 within the upstream watershed (Ws) and within 100-m buffer of NHD stream lines (Rp100).,,,LAND,,,,COLUMN_NAME,landscape
1819,NRSA 1819 Landscape,Landscape Data,landscape_FIRE2003_WS_PCTFULL,FIRE2003_WS_PCTFULL,Percent of area with data for % Forest loss to fire (fire perimeter) for 2003 within the upstream watershed (Ws).,,,LAND,,,,COLUMN_NAME,landscape
1819,NRSA 1819 Landscape,Landscape Data,landscape_FIRE2003_WS_PCTFULLRP100,FIRE2003_WS_PCTFULLRP100,Percent of area with data for % Forest loss to fire (fire perimeter) for year 2003 within the upstream watershed (Ws) and within 100-m buffer of NHD stream lines (Rp100).,,,LAND,,,,COLUMN_NAME,landscape
1819,NRSA 1819 Landscape,Landscape Data,landscape_FIRE2004_WS_PCTFULL,FIRE2004_WS_PCTFULL,Percent of area with data for % Forest loss to fire (fire perimeter) for 2004 within the upstream watershed (Ws).,,,LAND,,,,COLUMN_NAME,landscape
1819,NRSA 1819 Landscape,Landscape Data,landscape_FIRE2004_WS_PCTFULLRP100,FIRE2004_WS_PCTFULLRP100,Percent of area with data for % Forest loss to fire (fire perimeter) for year 2004 within the upstream watershed (Ws) and within 100-m buffer of NHD stream lines (Rp100).,,,LAND,,,,COLUMN_NAME,landscape
1819,NRSA 1819 Landscape,Landscape Data,landscape_FIRE2005_WS_PCTFULL,FIRE2005_WS_PCTFULL,Percent of area with data for % Forest loss to fire (fire perimeter) for 2005 within the upstream watershed (Ws).,,,LAND,,,,COLUMN_NAME,landscape
1819,NRSA 1819 Landscape,Landscape Data,landscape_FIRE2005_WS_PCTFULLRP100,FIRE2005_WS_PCTFULLRP100,Percent of area with data for % Forest loss to fire (fire perimeter) for year 2005 within the upstream watershed (Ws) and within 100-m buffer of NHD stream lines (Rp100).,,,LAND,,,,COLUMN_NAME,landscape
1819,NRSA 1819 Landscape,Landscape Data,landscape_FIRE2006_WS_PCTFULL,FIRE2006_WS_PCTFULL,Percent of area with data for % Forest loss to fire (fire perimeter) for 2006 within the upstream watershed (Ws).,,,LAND,,,,COLUMN_NAME,landscape
1819,NRSA 1819 Landscape,Landscape Data,landscape_FIRE2006_WS_PCTFULLRP100,FIRE2006_WS_PCTFULLRP100,Percent of area with data for % Forest loss to fire (fire perimeter) for year 2006 within the upstream watershed (Ws) and within 100-m buffer of NHD stream lines (Rp100).,,,LAND,,,,COLUMN_NAME,landscape
1819,NRSA 1819 Landscape,Landscape Data,landscape_FIRE2007_WS_PCTFULL,FIRE2007_WS_PCTFULL,Percent of area with data for % Forest loss to fire (fire perimeter) for 2007 within the upstream watershed (Ws).,,,LAND,,,,COLUMN_NAME,landscape
1819,NRSA 1819 Landscape,Landscape Data,landscape_FIRE2007_WS_PCTFULLRP100,FIRE2007_WS_PCTFULLRP100,Percent of area with data for % Forest loss to fire (fire perimeter) for year 2007 within the upstream watershed (Ws) and within 100-m buffer of NHD stream lines (Rp100).,,,LAND,,,,COLUMN_NAME,landscape
1819,NRSA 1819 Landscape,Landscape Data,landscape_FIRE2008_WS_PCTFULL,FIRE2008_WS_PCTFULL,Percent of area with data for % Forest loss to fire (fire perimeter) for 2008 within the upstream watershed (Ws).,,,LAND,,,,COLUMN_NAME,landscape
1819,NRSA 1819 Landscape,Landscape Data,landscape_FIRE2008_WS_PCTFULLRP100,FIRE2008_WS_PCTFULLRP100,Percent of area with data for % Forest loss to fire (fire perimeter) for year 2008 within the upstream watershed (Ws) and within 100-m buffer of NHD stream lines (Rp100).,,,LAND,,,,COLUMN_NAME,landscape
1819,NRSA 1819 Landscape,Landscape Data,landscape_FIRE2009_WS_PCTFULL,FIRE2009_WS_PCTFULL,Percent of area with data for % Forest loss to fire (fire perimeter) for 2009 within the upstream watershed (Ws).,,,LAND,,,,COLUMN_NAME,landscape
1819,NRSA 1819 Landscape,Landscape Data,landscape_FIRE2009_WS_PCTFULLRP100,FIRE2009_WS_PCTFULLRP100,Percent of area with data for % Forest loss to fire (fire perimeter) for year 2009 within the upstream watershed (Ws) and within 100-m buffer of NHD stream lines (Rp100).,,,LAND,,,,COLUMN_NAME,landscape
1819,NRSA 1819 Landscape,Landscape Data,landscape_FIRE2010_WS_PCTFULL,FIRE2010_WS_PCTFULL,Percent of area with data for % Forest loss to fire (fire perimeter) for 2010 within the upstream watershed (Ws).,,,LAND,,,,COLUMN_NAME,landscape
1819,NRSA 1819 Landscape,Landscape Data,landscape_FIRE2010_WS_PCTFULLRP100,FIRE2010_WS_PCTFULLRP100,Percent of area with data for % Forest loss to fire (fire perimeter) for year 2010 within the upstream watershed (Ws) and within 100-m buffer of NHD stream lines (Rp100).,,,LAND,,,,COLUMN_NAME,landscape
1819,NRSA 1819 Landscape,Landscape Data,landscape_FSTFRZ_PT,FSTFRZ_PT,"Site mean day of the year of first freeze, derived from 30 years of record (1961-1990), 2km PRISM. For example, value of 300 is the 300th day of the year (Oct 27th). Values > 365 mean that the first freeze occurs after Dec 31. It is done this way so that (first_freeze - last_freeze) should always give a positive number; high numbers for an area with a long frost-free period (e.g. Florida), low numbers for an area with a short frost-free period.",,,LAND,,,,COLUMN_NAME,landscape
1819,NRSA 1819 Landscape,Landscape Data,landscape_FSTFRZ_WS_PCTFULL,FSTFRZ_WS_PCTFULL,"Percent of area with data for Site average of mean day of the year of first freeze, derived from 30 years of record (1961-1990), 2km PRISM. For example, value of 300 is the 300th day of the year (Oct 27th). Values > 365 mean that the first freeze occurs after Dec 31. It is done this way so that (first_freeze - last_freeze) should always give a positive number; high numbers for an area with a long frost-free period (e.g. Florida), low numbers for an area with a short frost-free period.",,,LAND,,,,COLUMN_NAME,landscape
1819,NRSA 1819 Landscape,Landscape Data,landscape_FSTFRZWS,FSTFRZWS,"Site average of mean day of the year of first freeze, derived from 30 years of record (1961-1990), 2km PRISM. For example, value of 300 is the 300th day of the year (Oct 27th). Values > 365 mean that the first freeze occurs after Dec 31. It is done this way so that (first_freeze - last_freeze) should always give a positive number; high numbers for an area with a long frost-free period (e.g. Florida), low numbers for an area with a short frost-free period.",,,LAND,,,,COLUMN_NAME,landscape
1819,NRSA 1819 Landscape,Landscape Data,landscape_GEOL_HUNT_DOM_PCT_WS,GEOL_HUNT_DOM_PCT_WS,"Dominant (highest percent of area) geology, derived from Hunt (1979) coverage",,,LAND,,,,COLUMN_NAME,landscape
1819,NRSA 1819 Landscape,Landscape Data,landscape_GEOL_HUNT_DOM_WS,GEOL_HUNT_DOM_WS,"Percentage of the watershed covered by the dominant geology type (Hunt, 1979)",,,LANDSCAPE,,,,COLUMN_NAME,landscape
1819,NRSA 1819 Landscape,Landscape Data,landscape_GEOL_HUNT_PT,GEOL_HUNT_PT,"Value of categorized geology at site location, derived from a simplified version of Hunt (1979).",,,LANDSCAPE,,,,COLUMN_NAME,landscape
1819,NRSA 1819 Landscape,Landscape Data,landscape_GEOL_HUNT_WS_PCTFULL,GEOL_HUNT_WS_PCTFULL,"Percent of area with data for categorized geology (Hunt, 1979) in watershed.",,,LAND,,,,COLUMN_NAME,landscape
1819,NRSA 1819 Landscape,Landscape Data,landscape_GEOL_REEDBUSH_DOM_PCT_WS,GEOL_REEDBUSH_DOM_PCT_WS,"Percentage of the watershed covered by the dominant geology type (Reed & Bush, 2001)",,,LAND,,,,COLUMN_NAME,landscape
1819,NRSA 1819 Landscape,Landscape Data,landscape_GEOL_REEDBUSH_DOM_WS,GEOL_REEDBUSH_DOM_WS,"Dominant (highest percent of area) geology, derived from a simplified version of Reed & Bush (2001) - Generalized Geologic Map of the Conterminous United States.",,,LANDSCAPE,,,,COLUMN_NAME,landscape
1819,NRSA 1819 Landscape,Landscape Data,landscape_GEOL_REEDBUSH_PT,GEOL_REEDBUSH_PT,"Value of categorized geology at site location, derived from a simplified version of Reed & Bush (2001).",,,LANDSCAPE,,,,COLUMN_NAME,landscape
1819,NRSA 1819 Landscape,Landscape Data,landscape_GEOL_REEDBUSH_WS_PCTFULL,GEOL_REEDBUSH_WS_PCTFULL,"Percent of area with data for categorized geology (Reed & Bush, 2001) in watershed.",,,LAND,,,,COLUMN_NAME,landscape
1819,NRSA 1819 Landscape,Landscape Data,landscape_GNIS_NAME,GNIS_NAME,"USGS Geographic Names Information System name (from NHD). Value of \None\"" if no GNIS_NAME available. . No missing or \""blank\"" values allowed.""",,,DESIGN,,,,COLUMN_NAME,landscape
1819,NRSA 1819 Landscape,Landscape Data,landscape_GNIS_NAME,GNIS_NAME,Name of the stream reach that the site was snapped to from the NHDPlusV21.,,,LAND,,,,COLUMN_NAME,landscape
1819,NRSA 1819 Landscape,Landscape Data,landscape_HUDEN2010_WS_PCTFULL,HUDEN2010_WS_PCTFULL,Percent of area with data for Mean of all housing density values (housing units / km2) within the upstream watershed.,,,LAND,,,,COLUMN_NAME,landscape
1819,NRSA 1819 Landscape,Landscape Data,landscape_HUDEN2010_WS_PCTFULLRP100,HUDEN2010_WS_PCTFULLRP100,Percent of area with data for Mean of all housing density values (housing units / km2) within the upstream watershed and within 100-m buffer of NHD stream lines (Rp100).,,,LAND,,,,COLUMN_NAME,landscape
1819,NRSA 1819 Landscape,Landscape Data,landscape_HUDEN2010WS,HUDEN2010WS,Mean of all housing density values (housing units / km2) within the upstream watershed.,,,LAND,,,,COLUMN_NAME,landscape
1819,NRSA 1819 Landscape,Landscape Data,landscape_HUDEN2010WSRP100,HUDEN2010WSRP100,Mean of all housing density values (housing units / km2) within the upstream watershed and within 100-m buffer of NHD stream lines (Rp100).,,,LAND,,,,COLUMN_NAME,landscape
1819,NRSA 1819 Landscape,Landscape Data,landscape_HYDRLCOND_WS_PCTFULL,HYDRLCOND_WS_PCTFULL,Percent of area with data for Mean of all hydraulic conductivity (in micrometers per second) of surface or near surface geology values within the upstream watershed (Ws).,,,LAND,,,,COLUMN_NAME,landscape
1819,NRSA 1819 Landscape,Landscape Data,landscape_HYDRLCONDWS,HYDRLCONDWS,Mean of all hydraulic conductivity (in micrometers per second) of surface or near surface geology values within the upstream watershed (Ws).,,,LAND,,,,COLUMN_NAME,landscape
1819,NRSA 1819 Landscape,Landscape Data,landscape_INORGNWETDEP_2008_WS_PCTFULL,INORGNWETDEP_2008_WS_PCTFULL,"Percent of area with data for Annual average of preciptiation-weighted mean wet deposition for inorganic nitrogen concentration from nitrate and ammonium for year, 2008, within the upstream watershed (Ws).",,,LAND,,,,COLUMN_NAME,landscape
1819,NRSA 1819 Landscape,Landscape Data,landscape_INORGNWETDEP_2008WS,INORGNWETDEP_2008WS,"Annual average of preciptiation-weighted mean wet deposition for inorganic nitrogen concentration from nitrate and ammonium for year, 2008, within the upstream watershed (Ws).",,,LAND,,,,COLUMN_NAME,landscape
1819,NRSA 1819 Landscape,Landscape Data,landscape_K2O_WS_PCTFULL,K2O_WS_PCTFULL,Percent of area with data for Mean of all lithological potassium oxide (K2O) content in surface or near surface geology values within the upstream watershed (Ws).,,,LAND,,,,COLUMN_NAME,landscape
1819,NRSA 1819 Landscape,Landscape Data,landscape_K2OWS,K2OWS,Mean of all lithological potassium oxide (K2O) content in surface or near surface geology values within the upstream watershed (Ws).,,,LAND,,,,COLUMN_NAME,landscape
1819,NRSA 1819 Landscape,Landscape Data,landscape_KFFACT_PT,KFFACT_PT,Site mean of the soil erodibility factor (no units) of soils from the State Soil Geographic (STATSGO) Database.,,,LAND,,,,COLUMN_NAME,landscape
1819,NRSA 1819 Landscape,Landscape Data,landscape_KFFACT_WS_PCTFULL,KFFACT_WS_PCTFULL,"Percent of area with data for Mean surface soil erodibility factors adjusted (KFFACT) , within the upstream watershed (Ws).",,,LAND,,,,COLUMN_NAME,landscape
1819,NRSA 1819 Landscape,Landscape Data,landscape_KFFACTWS,KFFACTWS,"Mean surface soil erodibility factors adjusted (KFFACT) , within the upstream watershed (Ws).",,,LAND,,,,COLUMN_NAME,landscape
1819,NRSA 1819 Landscape,Landscape Data,landscape_LITH_WS_PCTFULL,LITH_WS_PCTFULL,Percent of area with data for lithology type metrics for the watershed.,,,LAND,,,,COLUMN_NAME,landscape
1819,NRSA 1819 Landscape,Landscape Data,landscape_LSTFRZ_PT,LSTFRZ_PT,"Site average of mean day of the year of last freeze, derived from 30 years of record (1961-1990), 2km PRISM. For example, value of 100 is the 100th day of the year (April 10th). Values of 0 here indicate there is no freeze",,,LANDSCAPE,,,,COLUMN_NAME,landscape
1819,NRSA 1819 Landscape,Landscape Data,landscape_LSTFRZ_WS_PCTFULL,LSTFRZ_WS_PCTFULL,"Percent of area with data for Watershed average of mean day of the year of last freeze, derived from 30 years of record (1961-1990), 2km PRISM. For example, value of 100 is the 100th day of the year (April 10th). Values of 0 here indicate there is no freeze",,,LAND,,,,COLUMN_NAME,landscape
1819,NRSA 1819 Landscape,Landscape Data,landscape_LSTFRZWS,LSTFRZWS,"Watershed average of mean day of the year of last freeze, derived from 30 years of record (1961-1990), 2km PRISM. For example, value of 100 is the 100th day of the year (April 10th). Values of 0 here indicate there is no freeze",,,LAND,,,,COLUMN_NAME,landscape
1819,NRSA 1819 Landscape,Landscape Data,landscape_MANURE_WS_PCTFULL,MANURE_WS_PCTFULL,"Percent of area with data for Mean rate of manure application to agricultural land from confined animal feeding operations in kg N/ha/yr, within the upstream watershed (Ws).",,,LAND,,,,COLUMN_NAME,landscape
1819,NRSA 1819 Landscape,Landscape Data,landscape_MANUREWS,MANUREWS,"Mean rate of manure application to agricultural land from confined animal feeding operations in kg N/ha/yr, within the upstream watershed (Ws).",,,LAND,,,,COLUMN_NAME,landscape
1819,NRSA 1819 Landscape,Landscape Data,landscape_MAST_2018,MAST_2018,Predicted reference-condition mean annual stream temperatures. These temperatures are predictions of what stream temperatures could be under minimal human-related alterations to watersheds - not current conditions,,,LAND,,,,COLUMN_NAME,landscape
1819,NRSA 1819 Landscape,Landscape Data,landscape_MAST_2019,MAST_2019,Predicted reference-condition mean annual stream temperatures. These temperatures are predictions of what stream temperatures could be under minimal human-related alterations to watersheds - not current conditions,,,LAND,,,,COLUMN_NAME,landscape
1819,NRSA 1819 Landscape,Landscape Data,landscape_MGO_WS_PCTFULL,MGO_WS_PCTFULL,Percent of area with data for Mean of all lithological magnesium oxide (MgO) content in surface or near surface geology values within the upstream watershed (Ws).,,,LAND,,,,COLUMN_NAME,landscape
1819,NRSA 1819 Landscape,Landscape Data,landscape_MGOWS,MGOWS,Mean of all lithological magnesium oxide (MgO) content in surface or near surface geology values within the upstream watershed (Ws).,,,LAND,,,,COLUMN_NAME,landscape
1819,NRSA 1819 Landscape,Landscape Data,landscape_MINE_WS_PCTFULL,MINE_WS_PCTFULL,Percent of area with data for density of georeferenced mine sites within the upstream watershed (Ws).,,,LAND,,,,COLUMN_NAME,landscape
1819,NRSA 1819 Landscape,Landscape Data,landscape_MINE_WS_PCTFULLRP100,MINE_WS_PCTFULLRP100,Percent of area with data for density of georeferenced mine sites within the upstream watershed (Ws) and within 100-m buffer of NHD stream lines (Rp100).,,,LAND,,,,COLUMN_NAME,landscape
1819,NRSA 1819 Landscape,Landscape Data,landscape_MINEDENSWS,MINEDENSWS,Density of georeferenced mine sites within the upstream watershed (Ws).,,,LAND,,,,COLUMN_NAME,landscape
1819,NRSA 1819 Landscape,Landscape Data,landscape_MINEDENSWSRP100,MINEDENSWSRP100,Density of georeferenced mine sites within the upstream watershed (Ws) and within 100-m buffer of NHD stream lines (Rp100).,,,LAND,,,,COLUMN_NAME,landscape
1819,NRSA 1819 Landscape,Landscape Data,landscape_MSST_2018,MSST_2018,Predicted reference-condition mean summer stream temperatures. These temperatures are predictions of what stream temperatures could be under minimal human-related alterations to watersheds - not current conditions,,,LAND,,,,COLUMN_NAME,landscape
1819,NRSA 1819 Landscape,Landscape Data,landscape_MSST_2019,MSST_2019,Predicted reference-condition mean summer stream temperatures. These temperatures are predictions of what stream temperatures could be under minimal human-related alterations to watersheds - not current conditions,,,LAND,,,,COLUMN_NAME,landscape
1819,NRSA 1819 Landscape,Landscape Data,landscape_MWST_2018,MWST_2018,Predicted reference-condition mean winter stream temperatures. These temperatures are predictions of what stream temperatures could be under minimal human-related alterations to watersheds - not current conditions,,,LAND,,,,COLUMN_NAME,landscape
1819,NRSA 1819 Landscape,Landscape Data,landscape_MWST_2019,MWST_2019,Predicted reference-condition mean winter stream temperatures. These temperatures are predictions of what stream temperatures could be under minimal human-related alterations to watersheds - not current conditions,,,LAND,,,,COLUMN_NAME,landscape
1819,NRSA 1819 Landscape,Landscape Data,landscape_N_WS_PCTFULL,N_WS_PCTFULL,Percent of area with data for Mean of all lithological nitrogen (N) content in surface or near surface geology values within the upstream watershed (Ws).,,,LAND,,,,COLUMN_NAME,landscape
1819,NRSA 1819 Landscape,Landscape Data,landscape_NA2O_WS_PCTFULL,NA2O_WS_PCTFULL,Percent of area with data for Mean of all lithological sodium oxide (Na2O) content in surface or near surface geology values within the upstream watershed (Ws).,,,LAND,,,,COLUMN_NAME,landscape
1819,NRSA 1819 Landscape,Landscape Data,landscape_NA2OWS,NA2OWS,Mean of all lithological sodium oxide (Na2O) content in surface or near surface geology values within the upstream watershed (Ws).,,,LAND,,,,COLUMN_NAME,landscape
1819,NRSA 1819 Landscape,Landscape Data,landscape_NABD_DENSWS,NABD_DENSWS,Density of georeferenced dams within the upstream watershed (Ws).,,,LAND,,,,COLUMN_NAME,landscape
1819,NRSA 1819 Landscape,Landscape Data,landscape_NABD_NIDSTORWS,NABD_NIDSTORWS,Volume of all reservoirs (NID_stor in NABD) per unit area of the upstream watershed (Ws).,,,LAND,,,,COLUMN_NAME,landscape
1819,NRSA 1819 Landscape,Landscape Data,landscape_NABD_NRMSTORWS,NABD_NRMSTORWS,Volume of all reservoirs (Norm_stor in NABD) per unit area of the upstream watershed (Ws).,,,LAND,,,,COLUMN_NAME,landscape
1819,NRSA 1819 Landscape,Landscape Data,landscape_NABD_WS_PCTFULL,NABD_WS_PCTFULL,Percent of area with data for density of georeferenced dams within the upstream watershed (Ws).,,,LAND,,,,COLUMN_NAME,landscape
1819,NRSA 1819 Landscape,Landscape Data,landscape_NH4_2008_WS_PCTFULL,NH4_2008_WS_PCTFULL,"Percent of area with data for Annual average of preciptiation-weighted mean deposition for ammonium ion concentration for year, 2008, within the upstream watershed (Ws).",,,LAND,,,,COLUMN_NAME,landscape
1819,NRSA 1819 Landscape,Landscape Data,landscape_NH4_2008WS,NH4_2008WS,"Annual average of preciptiation-weighted mean deposition for ammonium ion concentration for year, 2008, within the upstream watershed (Ws).",,,LAND,,,,COLUMN_NAME,landscape
1819,NRSA 1819 Landscape,Landscape Data,landscape_NLCD2001_WS_PCTFULL,NLCD2001_WS_PCTFULL,Percent of area with data for NLCD 2001 for upstream watershed.,,,LAND,,,,COLUMN_NAME,landscape
1819,NRSA 1819 Landscape,Landscape Data,landscape_NLCD2001_WS_PCTFULLRP100,NLCD2001_WS_PCTFULLRP100,Percent of area with data for NLCD 2001 for upstream watershed withing a 100-m buffer of the NHD stream lines.,,,LAND,,,,COLUMN_NAME,landscape
1819,NRSA 1819 Landscape,Landscape Data,landscape_NLCD2004_WS_PCTFULL,NLCD2004_WS_PCTFULL,Percent of area with data for NLCD 2004 for upstream watershed.,,,LAND,,,,COLUMN_NAME,landscape
1819,NRSA 1819 Landscape,Landscape Data,landscape_NLCD2004_WS_PCTFULLRP100,NLCD2004_WS_PCTFULLRP100,Percent of area with data for NLCD 2004 for upstream watershed within a 100-m buffer of the NHD stream lines.,,,LAND,,,,COLUMN_NAME,landscape
1819,NRSA 1819 Landscape,Landscape Data,landscape_NLCD2006_WS_PCTFULL,NLCD2006_WS_PCTFULL,Percent of area with data for NLCD 2006 for upstream watershed.,,,LAND,,,,COLUMN_NAME,landscape
1819,NRSA 1819 Landscape,Landscape Data,landscape_NLCD2006_WS_PCTFULLRP100,NLCD2006_WS_PCTFULLRP100,Percent of area with data for NLCD 2006 for upstream watershed withing a 100-m buffer of the NHD stream lines.,,,LAND,,,,COLUMN_NAME,landscape
1819,NRSA 1819 Landscape,Landscape Data,landscape_NLCD2008_WS_PCTFULL,NLCD2008_WS_PCTFULL,Percent of area with data for NLCD 2008 for upstream watershed.,,,LAND,,,,COLUMN_NAME,landscape
1819,NRSA 1819 Landscape,Landscape Data,landscape_NLCD2008_WS_PCTFULLRP100,NLCD2008_WS_PCTFULLRP100,Percent of area with data for NLCD 2008 for upstream watershed within a 100-m buffer of the NHD stream lines.,,,LAND,,,,COLUMN_NAME,landscape
1819,NRSA 1819 Landscape,Landscape Data,landscape_NLCD2011_WS_PCTFULL,NLCD2011_WS_PCTFULL,Percent of area with data for NLCD 2011 for upstream watershed.,,,LAND,,,,COLUMN_NAME,landscape
1819,NRSA 1819 Landscape,Landscape Data,landscape_NLCD2011_WS_PCTFULLRP100,NLCD2011_WS_PCTFULLRP100,Percent of area with data for NLCD 2011 for upstream watershed withing a 100-m buffer of the NHD stream lines.,,,LAND,,,,COLUMN_NAME,landscape
1819,NRSA 1819 Landscape,Landscape Data,landscape_NLCD2013_WS_PCTFULL,NLCD2013_WS_PCTFULL,Percent of area with data for NLCD 2013 for upstream watershed.,,,LAND,,,,COLUMN_NAME,landscape
1819,NRSA 1819 Landscape,Landscape Data,landscape_NLCD2013_WS_PCTFULLRP100,NLCD2013_WS_PCTFULLRP100,Percent of area with data for NLCD 2013 for upstream watershed within a 100-m buffer of the NHD stream lines.,,,LAND,,,,COLUMN_NAME,landscape
1819,NRSA 1819 Landscape,Landscape Data,landscape_NLCD2016_WS_PCTFULL,NLCD2016_WS_PCTFULL,Percent of area with data for NLCD 2016 for upstream watershed.,,,LAND,,,,COLUMN_NAME,landscape
1819,NRSA 1819 Landscape,Landscape Data,landscape_NLCD2016_WS_PCTFULLRP100,NLCD2016_WS_PCTFULLRP100,Percent of area with data for NLCD 2016 for upstream watershed withing a 100-m buffer of the NHD stream lines.,,,LAND,,,,COLUMN_NAME,landscape
1819,NRSA 1819 Landscape,Landscape Data,landscape_NLCD2019_WS_PCTFULL,NLCD2019_WS_PCTFULL,Percent of area with data for NLCD 2019 for upstream watershed.,,,LAND,,,,COLUMN_NAME,landscape
1819,NRSA 1819 Landscape,Landscape Data,landscape_NLCD2019_WS_PCTFULLRP100,NLCD2019_WS_PCTFULLRP100,Percent of area with data for NLCD 2019 for upstream watershed within a 100-m buffer of the NHD stream lines.,,,LAND,,,,COLUMN_NAME,landscape
1819,NRSA 1819 Landscape,Landscape Data,landscape_NO3_2008_WS_PCTFULL,NO3_2008_WS_PCTFULL,"Percent of area with data for Annual average of preciptiation-weighted mean deposition for nitrate ion concentration for year, 2008, within the upstream watershed (Ws).",,,LAND,,,,COLUMN_NAME,landscape
1819,NRSA 1819 Landscape,Landscape Data,landscape_NO3_2008WS,NO3_2008WS,"Annual average of preciptiation-weighted mean deposition for nitrate ion concentration for year, 2008, within the upstream watershed (Ws).",,,LAND,,,,COLUMN_NAME,landscape
1819,NRSA 1819 Landscape,Landscape Data,landscape_NPDES_WS_PCTFULL,NPDES_WS_PCTFULL,Percent of area with data for density of georeferenced NPDES sites (NPDES_Major.shp) within the upstream watershed (Ws).,,,LAND,,,,COLUMN_NAME,landscape
1819,NRSA 1819 Landscape,Landscape Data,landscape_NPDES_WS_PCTFULLRP100,NPDES_WS_PCTFULLRP100,Percent of area with data for density of georeferenced NPDES sites (NPDES_Major.shp) within a 100-m buffer (Rp100) of the NHD stream lines. Derived as the intersection between RpRp100 and NPDES_Major.shp landscape layers.,,,LAND,,,,COLUMN_NAME,landscape
1819,NRSA 1819 Landscape,Landscape Data,landscape_NPDESDENSWS,NPDESDENSWS,Density of georeferenced NPDES sites (NPDES_Major.shp) within the upstream watershed (Ws).,,,LAND,,,,COLUMN_NAME,landscape
1819,NRSA 1819 Landscape,Landscape Data,landscape_NPDESDENSWSRP100,NPDESDENSWSRP100,Density of georeferenced NPDES sites (NPDES_Major.shp) within a 100-m buffer (Rp100) of the NHD stream lines. Derived as the intersection between RpRp100 and NPDES_Major.shp landscape layers.,,,LAND,,,,COLUMN_NAME,landscape
1819,NRSA 1819 Landscape,Landscape Data,landscape_NWS,NWS,Mean of all lithological nitrogen (N) content in surface or near surface geology values within the upstream watershed (Ws).,,,LAND,,,,COLUMN_NAME,landscape
1819,NRSA 1819 Landscape,Landscape Data,landscape_OM_WS_PCTFULL,OM_WS_PCTFULL,Percent of area with data for Mean of all om values within the upstream watershed (Ws).,,,LAND,,,,COLUMN_NAME,landscape
1819,NRSA 1819 Landscape,Landscape Data,landscape_OMH_WS_PCTFULL,OMH_WS_PCTFULL,Percent of area with data for Watershed mean of the high value of organic matter content (percent by weight) of soils from State Soil Geographic (STATSGO) Database.,,,LAND,,,,COLUMN_NAME,landscape
1819,NRSA 1819 Landscape,Landscape Data,landscape_OMHWS,OMHWS,Watershed mean of the high value of organic matter content (percent by weight) of soils from State Soil Geographic (STATSGO) Database.,,,LAND,,,,COLUMN_NAME,landscape
1819,NRSA 1819 Landscape,Landscape Data,landscape_OMWS,OMWS,Mean of all om values within the upstream watershed (Ws).,,,LAND,,,,COLUMN_NAME,landscape
1819,NRSA 1819 Landscape,Landscape Data,landscape_P2O5_WS_PCTFULL,P2O5_WS_PCTFULL,Percent of area with data for Mean of all P2O5 values within the upstream watershed (Ws).,,,LAND,,,,COLUMN_NAME,landscape
1819,NRSA 1819 Landscape,Landscape Data,landscape_P2O5WS,P2O5WS,Mean of all P2O5 values within the upstream watershed (Ws).,,,LAND,,,,COLUMN_NAME,landscape
1819,NRSA 1819 Landscape,Landscape Data,landscape_PCTAG2006SLP10WS,PCTAG2006SLP10WS,Percentage of Agricultural Land (NLCD 2006)that lies on slopes greater than 10 degrees within the watershed (Ws).,,,LAND,,,,COLUMN_NAME,landscape
1819,NRSA 1819 Landscape,Landscape Data,landscape_PCTAG2006SLP20WS,PCTAG2006SLP20WS,Percentage of Agricultural Land (NLCD 2006) that lies on slopes greater than 20 degrees within the watershed (Ws).,,,LAND,,,,COLUMN_NAME,landscape
1819,NRSA 1819 Landscape,Landscape Data,landscape_PCTALKINTRUVOLWS,PCTALKINTRUVOLWS,% of the upstream watershed (Ws) classified as lithology type: alkaline intrusive volcanic rock.,,,LAND,,,,COLUMN_NAME,landscape
1819,NRSA 1819 Landscape,Landscape Data,landscape_PCTALLUVCOASTWS,PCTALLUVCOASTWS,% of the upstream watershed (Ws) classified as lithology type: alluvium and fine-textured coastal zone sediment.,,,LAND,,,,COLUMN_NAME,landscape
1819,NRSA 1819 Landscape,Landscape Data,landscape_PCTBL2001_WSRP100,PCTBL2001_WSRP100,"% of the upstream watershed (Ws) areas classified as areas of bedrock, desert pavement, scarps, talus, slides, volcanic materical, glacial debris, sand dunes, strip mines, gravel pits, and other accumulations of earthen material and within 100-m buffer of NHD stream lines (Rp100). Derived from the nlcd2001.tif (class 31) landscape raster.",,,LAND,,,,COLUMN_NAME,landscape
1819,NRSA 1819 Landscape,Landscape Data,landscape_PCTBL2001WS,PCTBL2001WS,"% of the upstream watershed (Ws) areas classified as areas of bedrock, desert pavement, scarps, talus, slides, volcanic materical, glacial debris, sand dunes, strip mines, gravel pits, and other accumulations of earthen material. Derived from the nlcd2001.tif (class 31) landscape raster.",,,LAND,,,,COLUMN_NAME,landscape
1819,NRSA 1819 Landscape,Landscape Data,landscape_PCTBL2004_WSRP100,PCTBL2004_WSRP100,"% of the upstream watershed (Ws) areas classified as areas of bedrock, desert pavement, scarps, talus, slides, volcanic materical, glacial debris, sand dunes, strip mines, gravel pits, and other accumulations of earthen material and within 100-m buffer of NHD stream lines (Rp100). Derived from the nlcd2004.tif (class 31) landscape raster.",,,LAND,,,,COLUMN_NAME,landscape
1819,NRSA 1819 Landscape,Landscape Data,landscape_PCTBL2004WS,PCTBL2004WS,"% of the upstream watershed (Ws) areas classified as areas of bedrock, desert pavement, scarps, talus, slides, volcanic materical, glacial debris, sand dunes, strip mines, gravel pits, and other accumulations of earthen material. Derived from the nlcd2004.tif (class 31) landscape raster.",,,LAND,,,,COLUMN_NAME,landscape
1819,NRSA 1819 Landscape,Landscape Data,landscape_PCTBL2006_WSRP100,PCTBL2006_WSRP100,"% of the upstream watershed (Ws) areas classified as areas of bedrock, desert pavement, scarps, talus, slides, volcanic materical, glacial debris, sand dunes, strip mines, gravel pits, and other accumulations of earthen material and within 100-m buffer of NHD stream lines (Rp100). Derived from the nlcd2006.tif (class 31) landscape raster.",,,LAND,,,,COLUMN_NAME,landscape
1819,NRSA 1819 Landscape,Landscape Data,landscape_PCTBL2006WS,PCTBL2006WS,"% of the upstream watershed (Ws) areas classified as areas of bedrock, desert pavement, scarps, talus, slides, volcanic materical, glacial debris, sand dunes, strip mines, gravel pits, and other accumulations of earthen material. Derived from the nlcd2006.tif (class 31) landscape raster.",,,LAND,,,,COLUMN_NAME,landscape
1819,NRSA 1819 Landscape,Landscape Data,landscape_PCTBL2008_WSRP100,PCTBL2008_WSRP100,"% of the upstream watershed (Ws) areas classified as areas of bedrock, desert pavement, scarps, talus, slides, volcanic materical, glacial debris, sand dunes, strip mines, gravel pits, and other accumulations of earthen material and within 100-m buffer of NHD stream lines (Rp100). Derived from the nlcd2008.tif (class 31) landscape raster.",,,LAND,,,,COLUMN_NAME,landscape
1819,NRSA 1819 Landscape,Landscape Data,landscape_PCTBL2008WS,PCTBL2008WS,"% of the upstream watershed (Ws) areas classified as areas of bedrock, desert pavement, scarps, talus, slides, volcanic materical, glacial debris, sand dunes, strip mines, gravel pits, and other accumulations of earthen material. Derived from the nlcd2008.tif (class 31) landscape raster.",,,LAND,,,,COLUMN_NAME,landscape
1819,NRSA 1819 Landscape,Landscape Data,landscape_PCTBL2011_WSRP100,PCTBL2011_WSRP100,"% of the upstream watershed (Ws) areas classified as areas of bedrock, desert pavement, scarps, talus, slides, volcanic materical, glacial debris, sand dunes, strip mines, gravel pits, and other accumulations of earthen material and within 100-m buffer of NHD stream lines (Rp100). Derived from the nlcd2011.tif (class 31) landscape raster.",,,LAND,,,,COLUMN_NAME,landscape
1819,NRSA 1819 Landscape,Landscape Data,landscape_PCTBL2011WS,PCTBL2011WS,"% of the upstream watershed (Ws) areas classified as areas of bedrock, desert pavement, scarps, talus, slides, volcanic materical, glacial debris, sand dunes, strip mines, gravel pits, and other accumulations of earthen material. Derived from the nlcd2011.tif (class 31) landscape raster.",,,LAND,,,,COLUMN_NAME,landscape
1819,NRSA 1819 Landscape,Landscape Data,landscape_PCTBL2013_WSRP100,PCTBL2013_WSRP100,"% of the upstream watershed (Ws) areas classified as areas of bedrock, desert pavement, scarps, talus, slides, volcanic materical, glacial debris, sand dunes, strip mines, gravel pits, and other accumulations of earthen material and within 100-m buffer of NHD stream lines (Rp100). Derived from the nlcd2013.tif (class 31) landscape raster.",,,LAND,,,,COLUMN_NAME,landscape
1819,NRSA 1819 Landscape,Landscape Data,landscape_PCTBL2013WS,PCTBL2013WS,"% of the upstream watershed (Ws) areas classified as areas of bedrock, desert pavement, scarps, talus, slides, volcanic materical, glacial debris, sand dunes, strip mines, gravel pits, and other accumulations of earthen material. Derived from the nlcd2013.tif (class 31) landscape raster.",,,LAND,,,,COLUMN_NAME,landscape
1819,NRSA 1819 Landscape,Landscape Data,landscape_PCTBL2016_WSRP100,PCTBL2016_WSRP100,"% of the upstream watershed (Ws) areas classified as areas of bedrock, desert pavement, scarps, talus, slides, volcanic materical, glacial debris, sand dunes, strip mines, gravel pits, and other accumulations of earthen material and within 100-m buffer of NHD stream lines (Rp100). Derived from the nlcd2016.tif (class 31) landscape raster.",,,LAND,,,,COLUMN_NAME,landscape
1819,NRSA 1819 Landscape,Landscape Data,landscape_PCTBL2016WS,PCTBL2016WS,"% of the upstream watershed (Ws) areas classified as areas of bedrock, desert pavement, scarps, talus, slides, volcanic materical, glacial debris, sand dunes, strip mines, gravel pits, and other accumulations of earthen material. Derived from the nlcd2016.tif (class 31) landscape raster.",,,LAND,,,,COLUMN_NAME,landscape
1819,NRSA 1819 Landscape,Landscape Data,landscape_PCTBL2019_WSRP100,PCTBL2019_WSRP100,"% of the upstream watershed (Ws) areas classified as areas of bedrock, desert pavement, scarps, talus, slides, volcanic materical, glacial debris, sand dunes, strip mines, gravel pits, and other accumulations of earthen material and within 100-m buffer of NHD stream lines (Rp100). Derived from the nlcd2019.tif (class 31) landscape raster.",,,LAND,,,,COLUMN_NAME,landscape
1819,NRSA 1819 Landscape,Landscape Data,landscape_PCTBL2019WS,PCTBL2019WS,"% of the upstream watershed (Ws) areas classified as areas of bedrock, desert pavement, scarps, talus, slides, volcanic materical, glacial debris, sand dunes, strip mines, gravel pits, and other accumulations of earthen material. Derived from the nlcd2019.tif (class 31) landscape raster.",,,LAND,,,,COLUMN_NAME,landscape
1819,NRSA 1819 Landscape,Landscape Data,landscape_PCTCARBONATEWS,PCTCARBONATEWS,% of the upstream watershed (Ws) classified as bedrock permeability type: Carbonate rock.,,,LAND,,,,COLUMN_NAME,landscape
1819,NRSA 1819 Landscape,Landscape Data,landscape_PCTCARBRESIDWS,PCTCARBRESIDWS,% of the upstream watershed (Ws) classified as lithology type: carbonate residual material.,,,LAND,,,,COLUMN_NAME,landscape
1819,NRSA 1819 Landscape,Landscape Data,landscape_PCTCOASTCRSWS,PCTCOASTCRSWS,"% of the upstream watershed (Ws) classified as lithology type: coastal zone sediment, coarse-textured.",,,LAND,,,,COLUMN_NAME,landscape
1819,NRSA 1819 Landscape,Landscape Data,landscape_PCTCOLLUVSEDWS,PCTCOLLUVSEDWS,% of the upstream watershed (Ws) classified as lithology type: colluvial sediment.,,,LAND,,,,COLUMN_NAME,landscape
1819,NRSA 1819 Landscape,Landscape Data,landscape_PCTCONIF2001_WSRP100,PCTCONIF2001_WSRP100,% of the upstream watershed (Ws) areas classified as evergreen forest land cover and within 100-m buffer of NHD stream lines (Rp100). Derived from the nlcd2001.tif (class 42) landscape raster.,,,LAND,,,,COLUMN_NAME,landscape
1819,NRSA 1819 Landscape,Landscape Data,landscape_PCTCONIF2001WS,PCTCONIF2001WS,% of the upstream watershed (Ws) areas classified as evergreen forest land cover. Derived from the nlcd2001.tif (class 42) landscape raster.,,,LAND,,,,COLUMN_NAME,landscape
1819,NRSA 1819 Landscape,Landscape Data,landscape_PCTCONIF2004_WSRP100,PCTCONIF2004_WSRP100,% of the upstream watershed (Ws) areas classified as evergreen forest land cover and within 100-m buffer of NHD stream lines (Rp100). Derived from the nlcd2004.tif (class 42) landscape raster.,,,LAND,,,,COLUMN_NAME,landscape
1819,NRSA 1819 Landscape,Landscape Data,landscape_PCTCONIF2004WS,PCTCONIF2004WS,% of the upstream watershed (Ws) areas classified as evergreen forest land cover. Derived from the nlcd2004.tif (class 42) landscape raster.,,,LAND,,,,COLUMN_NAME,landscape
1819,NRSA 1819 Landscape,Landscape Data,landscape_PCTCONIF2006_WSRP100,PCTCONIF2006_WSRP100,% of the upstream watershed (Ws) areas classified as evergreen forest land cover and within 100-m buffer of NHD stream lines (Rp100). Derived from the nlcd2006.tif (class 42) landscape raster.,,,LAND,,,,COLUMN_NAME,landscape
1819,NRSA 1819 Landscape,Landscape Data,landscape_PCTCONIF2006WS,PCTCONIF2006WS,% of the upstream watershed (Ws) areas classified as evergreen forest land cover. Derived from the nlcd2006.tif (class 42) landscape raster.,,,LAND,,,,COLUMN_NAME,landscape
1819,NRSA 1819 Landscape,Landscape Data,landscape_PCTCONIF2008_WSRP100,PCTCONIF2008_WSRP100,% of the upstream watershed (Ws) areas classified as evergreen forest land cover and within 100-m buffer of NHD stream lines (Rp100). Derived from the nlcd2008.tif (class 42) landscape raster.,,,LAND,,,,COLUMN_NAME,landscape
1819,NRSA 1819 Landscape,Landscape Data,landscape_PCTCONIF2008WS,PCTCONIF2008WS,% of the upstream watershed (Ws) areas classified as evergreen forest land cover. Derived from the nlcd2008.tif (class 42) landscape raster.,,,LAND,,,,COLUMN_NAME,landscape
1819,NRSA 1819 Landscape,Landscape Data,landscape_PCTCONIF2011_WSRP100,PCTCONIF2011_WSRP100,% of the upstream watershed (Ws) areas classified as evergreen forest land cover and within 100-m buffer of NHD stream lines (Rp100). Derived from the nlcd2011.tif (class 42) landscape raster.,,,LAND,,,,COLUMN_NAME,landscape
1819,NRSA 1819 Landscape,Landscape Data,landscape_PCTCONIF2011WS,PCTCONIF2011WS,% of the upstream watershed (Ws) areas classified as evergreen forest land cover. Derived from the nlcd2011.tif (class 42) landscape raster.,,,LAND,,,,COLUMN_NAME,landscape
1819,NRSA 1819 Landscape,Landscape Data,landscape_PCTCONIF2013_WSRP100,PCTCONIF2013_WSRP100,% of the upstream watershed (Ws) areas classified as evergreen forest land cover and within 100-m buffer of NHD stream lines (Rp100). Derived from the nlcd2013.tif (class 42) landscape raster.,,,LAND,,,,COLUMN_NAME,landscape
1819,NRSA 1819 Landscape,Landscape Data,landscape_PCTCONIF2013WS,PCTCONIF2013WS,% of the upstream watershed (Ws) areas classified as evergreen forest land cover. Derived from the nlcd2013.tif (class 42) landscape raster.,,,LAND,,,,COLUMN_NAME,landscape
1819,NRSA 1819 Landscape,Landscape Data,landscape_PCTCONIF2016_WSRP100,PCTCONIF2016_WSRP100,% of the upstream watershed (Ws) areas classified as evergreen forest land cover and within 100-m buffer of NHD stream lines (Rp100). Derived from the nlcd2016.tif (class 42) landscape raster.,,,LAND,,,,COLUMN_NAME,landscape
1819,NRSA 1819 Landscape,Landscape Data,landscape_PCTCONIF2016WS,PCTCONIF2016WS,% of the upstream watershed (Ws) areas classified as evergreen forest land cover. Derived from the nlcd2016.tif (class 42) landscape raster.,,,LAND,,,,COLUMN_NAME,landscape
1819,NRSA 1819 Landscape,Landscape Data,landscape_PCTCONIF2019_WSRP100,PCTCONIF2019_WSRP100,% of the upstream watershed (Ws) areas classified as evergreen forest land cover and within 100-m buffer of NHD stream lines (Rp100). Derived from the nlcd2019.tif (class 42) landscape raster.,,,LAND,,,,COLUMN_NAME,landscape
1819,NRSA 1819 Landscape,Landscape Data,landscape_PCTCONIF2019WS,PCTCONIF2019WS,% of the upstream watershed (Ws) areas classified as evergreen forest land cover. Derived from the nlcd2019.tif (class 42) landscape raster.,,,LAND,,,,COLUMN_NAME,landscape
1819,NRSA 1819 Landscape,Landscape Data,landscape_PCTCROP2001_WSRP100,PCTCROP2001_WSRP100,% of the upstream watershed (Ws) areas classified as row crop land use and within 100-m buffer of NHD stream lines (Rp100). Derived from the nlcd2001.tif (class 82) landscape raster,,,LAND,,,,COLUMN_NAME,landscape
1819,NRSA 1819 Landscape,Landscape Data,landscape_PCTCROP2001WS,PCTCROP2001WS,% of the upstream watershed (Ws) areas classified as row crop land use. Derived from the nlcd2001.tif (class 82) landscape raster,,,LAND,,,,COLUMN_NAME,landscape
1819,NRSA 1819 Landscape,Landscape Data,landscape_PCTCROP2004_WSRP100,PCTCROP2004_WSRP100,% of the upstream watershed (Ws) areas classified as row crop land use and within 100-m buffer of NHD stream lines (Rp100). Derived from the nlcd2004.tif (class 82) landscape raster,,,LAND,,,,COLUMN_NAME,landscape
1819,NRSA 1819 Landscape,Landscape Data,landscape_PCTCROP2004WS,PCTCROP2004WS,% of the upstream watershed (Ws) areas classified as row crop land use. Derived from the nlcd2004.tif (class 82) landscape raster,,,LAND,,,,COLUMN_NAME,landscape
1819,NRSA 1819 Landscape,Landscape Data,landscape_PCTCROP2006_WSRP100,PCTCROP2006_WSRP100,% of the upstream watershed (Ws) areas classified as row crop land use and within 100-m buffer of NHD stream lines (Rp100). Derived from the nlcd2006.tif (class 82) landscape raster,,,LAND,,,,COLUMN_NAME,landscape
1819,NRSA 1819 Landscape,Landscape Data,landscape_PCTCROP2006WS,PCTCROP2006WS,% of the upstream watershed (Ws) areas classified as row crop land use. Derived from the nlcd2006.tif (class 82) landscape raster,,,LAND,,,,COLUMN_NAME,landscape
1819,NRSA 1819 Landscape,Landscape Data,landscape_PCTCROP2008_WSRP100,PCTCROP2008_WSRP100,% of the upstream watershed (Ws) areas classified as row crop land use and within 100-m buffer of NHD stream lines (Rp100). Derived from the nlcd2008.tif (class 82) landscape raster,,,LAND,,,,COLUMN_NAME,landscape
1819,NRSA 1819 Landscape,Landscape Data,landscape_PCTCROP2008WS,PCTCROP2008WS,% of the upstream watershed (Ws) areas classified as row crop land use. Derived from the nlcd2008.tif (class 82) landscape raster,,,LAND,,,,COLUMN_NAME,landscape
1819,NRSA 1819 Landscape,Landscape Data,landscape_PCTCROP2011_WSRP100,PCTCROP2011_WSRP100,% of the upstream watershed (Ws) areas classified as row crop land use and within 100-m buffer of NHD stream lines (Rp100). Derived from the nlcd2011.tif (class 82) landscape raster,,,LAND,,,,COLUMN_NAME,landscape
1819,NRSA 1819 Landscape,Landscape Data,landscape_PCTCROP2011WS,PCTCROP2011WS,% of the upstream watershed (Ws) areas classified as row crop land use. Derived from the nlcd2011.tif (class 82) landscape raster,,,LAND,,,,COLUMN_NAME,landscape
1819,NRSA 1819 Landscape,Landscape Data,landscape_PCTCROP2013_WSRP100,PCTCROP2013_WSRP100,% of the upstream watershed (Ws) areas classified as row crop land use and within 100-m buffer of NHD stream lines (Rp100). Derived from the nlcd2013.tif (class 82) landscape raster,,,LAND,,,,COLUMN_NAME,landscape
1819,NRSA 1819 Landscape,Landscape Data,landscape_PCTCROP2013WS,PCTCROP2013WS,% of the upstream watershed (Ws) areas classified as row crop land use. Derived from the nlcd2013.tif (class 82) landscape raster,,,LAND,,,,COLUMN_NAME,landscape
1819,NRSA 1819 Landscape,Landscape Data,landscape_PCTCROP2016_WSRP100,PCTCROP2016_WSRP100,% of the upstream watershed (Ws) areas classified as row crop land use and within 100-m buffer of NHD stream lines (Rp100). Derived from the nlcd2016.tif (class 82) landscape raster,,,LAND,,,,COLUMN_NAME,landscape
1819,NRSA 1819 Landscape,Landscape Data,landscape_PCTCROP2016WS,PCTCROP2016WS,% of the upstream watershed (Ws) areas classified as row crop land use. Derived from the nlcd2016.tif (class 82) landscape raster,,,LAND,,,,COLUMN_NAME,landscape
1819,NRSA 1819 Landscape,Landscape Data,landscape_PCTCROP2019_WSRP100,PCTCROP2019_WSRP100,% of the upstream watershed (Ws) areas classified as row crop land use and within 100-m buffer of NHD stream lines (Rp100). Derived from the nlcd2019.tif (class 82) landscape raster,,,LAND,,,,COLUMN_NAME,landscape
1819,NRSA 1819 Landscape,Landscape Data,landscape_PCTCROP2019WS,PCTCROP2019WS,% of the upstream watershed (Ws) areas classified as row crop land use. Derived from the nlcd2019.tif (class 82) landscape raster,,,LAND,,,,COLUMN_NAME,landscape
1819,NRSA 1819 Landscape,Landscape Data,landscape_PCTDECID2001_WSRP100,PCTDECID2001_WSRP100,% of the upstream watershed (Ws) areas classified as deciduous forest land cover and within 100-m buffer of NHD stream lines (Rp100). Derived from the nlcd2001.tif (class 41) landscape raster.,,,LAND,,,,COLUMN_NAME,landscape
1819,NRSA 1819 Landscape,Landscape Data,landscape_PCTDECID2001WS,PCTDECID2001WS,% of the upstream watershed (Ws) areas classified as deciduous forest land cover. Derived from the nlcd2001.tif (class 41) landscape raster.,,,LAND,,,,COLUMN_NAME,landscape
1819,NRSA 1819 Landscape,Landscape Data,landscape_PCTDECID2004_WSRP100,PCTDECID2004_WSRP100,% of the upstream watershed (Ws) areas classified as deciduous forest land cover and within 100-m buffer of NHD stream lines (Rp100). Derived from the nlcd2004.tif (class 41) landscape raster.,,,LAND,,,,COLUMN_NAME,landscape
1819,NRSA 1819 Landscape,Landscape Data,landscape_PCTDECID2004WS,PCTDECID2004WS,% of the upstream watershed (Ws) areas classified as deciduous forest land cover. Derived from the nlcd2004.tif (class 41) landscape raster.,,,LAND,,,,COLUMN_NAME,landscape
1819,NRSA 1819 Landscape,Landscape Data,landscape_PCTDECID2006_WSRP100,PCTDECID2006_WSRP100,% of the upstream watershed (Ws) areas classified as deciduous forest land cover and within 100-m buffer of NHD stream lines (Rp100). Derived from the nlcd2006.tif (class 41) landscape raster.,,,LAND,,,,COLUMN_NAME,landscape
1819,NRSA 1819 Landscape,Landscape Data,landscape_PCTDECID2006WS,PCTDECID2006WS,% of the upstream watershed (Ws) areas classified as deciduous forest land cover. Derived from the nlcd2006.tif (class 41) landscape raster.,,,LAND,,,,COLUMN_NAME,landscape
1819,NRSA 1819 Landscape,Landscape Data,landscape_PCTDECID2008_WSRP100,PCTDECID2008_WSRP100,% of the upstream watershed (Ws) areas classified as deciduous forest land cover and within 100-m buffer of NHD stream lines (Rp100). Derived from the nlcd2008.tif (class 41) landscape raster.,,,LAND,,,,COLUMN_NAME,landscape
1819,NRSA 1819 Landscape,Landscape Data,landscape_PCTDECID2008WS,PCTDECID2008WS,% of the upstream watershed (Ws) areas classified as deciduous forest land cover. Derived from the nlcd2008.tif (class 41) landscape raster.,,,LAND,,,,COLUMN_NAME,landscape
1819,NRSA 1819 Landscape,Landscape Data,landscape_PCTDECID2011_WSRP100,PCTDECID2011_WSRP100,% of the upstream watershed (Ws) areas classified as deciduous forest land cover and within 100-m buffer of NHD stream lines (Rp100). Derived from the nlcd2011.tif (class 41) landscape raster.,,,LAND,,,,COLUMN_NAME,landscape
1819,NRSA 1819 Landscape,Landscape Data,landscape_PCTDECID2011WS,PCTDECID2011WS,% of the upstream watershed (Ws) areas classified as deciduous forest land cover. Derived from the nlcd2011.tif (class 41) landscape raster.,,,LAND,,,,COLUMN_NAME,landscape
1819,NRSA 1819 Landscape,Landscape Data,landscape_PCTDECID2013_WSRP100,PCTDECID2013_WSRP100,% of the upstream watershed (Ws) areas classified as deciduous forest land cover and within 100-m buffer of NHD stream lines (Rp100). Derived from the nlcd2013.tif (class 41) landscape raster.,,,LAND,,,,COLUMN_NAME,landscape
1819,NRSA 1819 Landscape,Landscape Data,landscape_PCTDECID2013WS,PCTDECID2013WS,% of the upstream watershed (Ws) areas classified as deciduous forest land cover. Derived from the nlcd2013.tif (class 41) landscape raster.,,,LAND,,,,COLUMN_NAME,landscape
1819,NRSA 1819 Landscape,Landscape Data,landscape_PCTDECID2016_WSRP100,PCTDECID2016_WSRP100,% of the upstream watershed (Ws) areas classified as deciduous forest land cover and within 100-m buffer of NHD stream lines (Rp100). Derived from the nlcd2016.tif (class 41) landscape raster.,,,LAND,,,,COLUMN_NAME,landscape
1819,NRSA 1819 Landscape,Landscape Data,landscape_PCTDECID2016WS,PCTDECID2016WS,% of the upstream watershed (Ws) areas classified as deciduous forest land cover. Derived from the nlcd2016.tif (class 41) landscape raster.,,,LAND,,,,COLUMN_NAME,landscape
1819,NRSA 1819 Landscape,Landscape Data,landscape_PCTDECID2019_WSRP100,PCTDECID2019_WSRP100,% of the upstream watershed (Ws) areas classified as deciduous forest land cover and within 100-m buffer of NHD stream lines (Rp100). Derived from the nlcd2019.tif (class 41) landscape raster.,,,LAND,,,,COLUMN_NAME,landscape
1819,NRSA 1819 Landscape,Landscape Data,landscape_PCTDECID2019WS,PCTDECID2019WS,% of the upstream watershed (Ws) areas classified as deciduous forest land cover. Derived from the nlcd2019.tif (class 41) landscape raster.,,,LAND,,,,COLUMN_NAME,landscape
1819,NRSA 1819 Landscape,Landscape Data,landscape_PCTEOLCRSWS,PCTEOLCRSWS,"% of the upstream watershed (Ws) classified as lithology type: eolian sediment, coarse-textured (sand dunes).",,,LAND,,,,COLUMN_NAME,landscape
1819,NRSA 1819 Landscape,Landscape Data,landscape_PCTEOLFINEWS,PCTEOLFINEWS,"% of the upstream watershed (Ws) classified as lithology type: eolian sediment, fine-textured (glacial loess).",,,LAND,,,,COLUMN_NAME,landscape
1819,NRSA 1819 Landscape,Landscape Data,landscape_PCTEXTRUVOLWS,PCTEXTRUVOLWS,% of the upstream watershed (Ws) classified as lithology type: extrusive volcanic rock.,,,LAND,,,,COLUMN_NAME,landscape
1819,NRSA 1819 Landscape,Landscape Data,landscape_PCTFIRE2000WS,PCTFIRE2000WS,% Forest loss to fire (fire perimeter) for 2000 within the upstream watershed (Ws).,,,LAND,,,,COLUMN_NAME,landscape
1819,NRSA 1819 Landscape,Landscape Data,landscape_PCTFIRE2000WSRP100,PCTFIRE2000WSRP100,% Forest loss to fire (fire perimeter) for year 2000 within the upstream watershed (Ws) and within 100-m buffer of NHD stream lines (Rp100).,,,LAND,,,,COLUMN_NAME,landscape
1819,NRSA 1819 Landscape,Landscape Data,landscape_PCTFIRE2001WS,PCTFIRE2001WS,% Forest loss to fire (fire perimeter) for 2001 within the upstream watershed (Ws).,,,LAND,,,,COLUMN_NAME,landscape
1819,NRSA 1819 Landscape,Landscape Data,landscape_PCTFIRE2001WSRP100,PCTFIRE2001WSRP100,% Forest loss to fire (fire perimeter) for year 2001 within the upstream watershed (Ws) and within 100-m buffer of NHD stream lines (Rp100).,,,LAND,,,,COLUMN_NAME,landscape
1819,NRSA 1819 Landscape,Landscape Data,landscape_PCTFIRE2002WS,PCTFIRE2002WS,% Forest loss to fire (fire perimeter) for 2002 within the upstream watershed (Ws).,,,LAND,,,,COLUMN_NAME,landscape
1819,NRSA 1819 Landscape,Landscape Data,landscape_PCTFIRE2002WSRP100,PCTFIRE2002WSRP100,% Forest loss to fire (fire perimeter) for year 2002 within the upstream watershed (Ws) and within 100-m buffer of NHD stream lines (Rp100).,,,LAND,,,,COLUMN_NAME,landscape
1819,NRSA 1819 Landscape,Landscape Data,landscape_PCTFIRE2003WS,PCTFIRE2003WS,% Forest loss to fire (fire perimeter) for 2003 within the upstream watershed (Ws).,,,LAND,,,,COLUMN_NAME,landscape
1819,NRSA 1819 Landscape,Landscape Data,landscape_PCTFIRE2003WSRP100,PCTFIRE2003WSRP100,% Forest loss to fire (fire perimeter) for year 2003 within the upstream watershed (Ws) and within 100-m buffer of NHD stream lines (Rp100).,,,LAND,,,,COLUMN_NAME,landscape
1819,NRSA 1819 Landscape,Landscape Data,landscape_PCTFIRE2004WS,PCTFIRE2004WS,% Forest loss to fire (fire perimeter) for 2004 within the upstream watershed (Ws).,,,LAND,,,,COLUMN_NAME,landscape
1819,NRSA 1819 Landscape,Landscape Data,landscape_PCTFIRE2004WSRP100,PCTFIRE2004WSRP100,% Forest loss to fire (fire perimeter) for year 2004 within the upstream watershed (Ws) and within 100-m buffer of NHD stream lines (Rp100).,,,LAND,,,,COLUMN_NAME,landscape
1819,NRSA 1819 Landscape,Landscape Data,landscape_PCTFIRE2005WS,PCTFIRE2005WS,% Forest loss to fire (fire perimeter) for 2005 within the upstream watershed (Ws).,,,LAND,,,,COLUMN_NAME,landscape
1819,NRSA 1819 Landscape,Landscape Data,landscape_PCTFIRE2005WSRP100,PCTFIRE2005WSRP100,% Forest loss to fire (fire perimeter) for year 2005 within the upstream watershed (Ws) and within 100-m buffer of NHD stream lines (Rp100).,,,LAND,,,,COLUMN_NAME,landscape
1819,NRSA 1819 Landscape,Landscape Data,landscape_PCTFIRE2006WS,PCTFIRE2006WS,% Forest loss to fire (fire perimeter) for 2006 within the upstream watershed (Ws).,,,LAND,,,,COLUMN_NAME,landscape
1819,NRSA 1819 Landscape,Landscape Data,landscape_PCTFIRE2006WSRP100,PCTFIRE2006WSRP100,% Forest loss to fire (fire perimeter) for year 2006 within the upstream watershed (Ws) and within 100-m buffer of NHD stream lines (Rp100).,,,LAND,,,,COLUMN_NAME,landscape
1819,NRSA 1819 Landscape,Landscape Data,landscape_PCTFIRE2007WS,PCTFIRE2007WS,% Forest loss to fire (fire perimeter) for 2007 within the upstream watershed (Ws).,,,LAND,,,,COLUMN_NAME,landscape
1819,NRSA 1819 Landscape,Landscape Data,landscape_PCTFIRE2007WSRP100,PCTFIRE2007WSRP100,% Forest loss to fire (fire perimeter) for year 2007 within the upstream watershed (Ws) and within 100-m buffer of NHD stream lines (Rp100).,,,LAND,,,,COLUMN_NAME,landscape
1819,NRSA 1819 Landscape,Landscape Data,landscape_PCTFIRE2008WS,PCTFIRE2008WS,% Forest loss to fire (fire perimeter) for 2008 within the upstream watershed (Ws).,,,LAND,,,,COLUMN_NAME,landscape
1819,NRSA 1819 Landscape,Landscape Data,landscape_PCTFIRE2008WSRP100,PCTFIRE2008WSRP100,% Forest loss to fire (fire perimeter) for year 2008 within the upstream watershed (Ws) and within 100-m buffer of NHD stream lines (Rp100).,,,LAND,,,,COLUMN_NAME,landscape
1819,NRSA 1819 Landscape,Landscape Data,landscape_PCTFIRE2009WS,PCTFIRE2009WS,% Forest loss to fire (fire perimeter) for 2009 within the upstream watershed (Ws).,,,LAND,,,,COLUMN_NAME,landscape
1819,NRSA 1819 Landscape,Landscape Data,landscape_PCTFIRE2009WSRP100,PCTFIRE2009WSRP100,% Forest loss to fire (fire perimeter) for year 2009 within the upstream watershed (Ws) and within 100-m buffer of NHD stream lines (Rp100).,,,LAND,,,,COLUMN_NAME,landscape
1819,NRSA 1819 Landscape,Landscape Data,landscape_PCTFIRE2010WS,PCTFIRE2010WS,% Forest loss to fire (fire perimeter) for 2010 within the upstream watershed (Ws).,,,LAND,,,,COLUMN_NAME,landscape
1819,NRSA 1819 Landscape,Landscape Data,landscape_PCTFIRE2010WSRP100,PCTFIRE2010WSRP100,% Forest loss to fire (fire perimeter) for year 2010 within the upstream watershed (Ws) and within 100-m buffer of NHD stream lines (Rp100).,,,LAND,,,,COLUMN_NAME,landscape
1819,NRSA 1819 Landscape,Landscape Data,landscape_PCTFRSTLOSS2001WS,PCTFRSTLOSS2001WS,% Forest cover loss (Tree canopy cover change) for 2001 within watershed,,,LAND,,,,COLUMN_NAME,landscape
1819,NRSA 1819 Landscape,Landscape Data,landscape_PCTFRSTLOSS2001WSRP100,PCTFRSTLOSS2001WSRP100,% Forest cover loss (Tree canopy cover change) for 2001 within watershed and within 100-m buffer of NHD stream lines,,,LAND,,,,COLUMN_NAME,landscape
1819,NRSA 1819 Landscape,Landscape Data,landscape_PCTFRSTLOSS2002WS,PCTFRSTLOSS2002WS,% Forest cover loss (Tree canopy cover change) for 2002 within watershed,,,LAND,,,,COLUMN_NAME,landscape
1819,NRSA 1819 Landscape,Landscape Data,landscape_PCTFRSTLOSS2002WSRP100,PCTFRSTLOSS2002WSRP100,% Forest cover loss (Tree canopy cover change) for 2002 within watershed and within 100-m buffer of NHD stream lines,,,LAND,,,,COLUMN_NAME,landscape
1819,NRSA 1819 Landscape,Landscape Data,landscape_PCTFRSTLOSS2003WS,PCTFRSTLOSS2003WS,% Forest cover loss (Tree canopy cover change) for 2003 within watershed,,,LAND,,,,COLUMN_NAME,landscape
1819,NRSA 1819 Landscape,Landscape Data,landscape_PCTFRSTLOSS2003WSRP100,PCTFRSTLOSS2003WSRP100,% Forest cover loss (Tree canopy cover change) for 2003 within watershed and within 100-m buffer of NHD stream lines,,,LAND,,,,COLUMN_NAME,landscape
1819,NRSA 1819 Landscape,Landscape Data,landscape_PCTFRSTLOSS2004WS,PCTFRSTLOSS2004WS,% Forest cover loss (Tree canopy cover change) for 2004 within watershed,,,LAND,,,,COLUMN_NAME,landscape
1819,NRSA 1819 Landscape,Landscape Data,landscape_PCTFRSTLOSS2004WSRP100,PCTFRSTLOSS2004WSRP100,% Forest cover loss (Tree canopy cover change) for 2004 within watershed and within 100-m buffer of NHD stream lines,,,LAND,,,,COLUMN_NAME,landscape
1819,NRSA 1819 Landscape,Landscape Data,landscape_PCTFRSTLOSS2005WS,PCTFRSTLOSS2005WS,% Forest cover loss (Tree canopy cover change) for 2005 within watershed,,,LAND,,,,COLUMN_NAME,landscape
1819,NRSA 1819 Landscape,Landscape Data,landscape_PCTFRSTLOSS2005WSRP100,PCTFRSTLOSS2005WSRP100,% Forest cover loss (Tree canopy cover change) for 2005 within watershed and within 100-m buffer of NHD stream lines,,,LAND,,,,COLUMN_NAME,landscape
1819,NRSA 1819 Landscape,Landscape Data,landscape_PCTFRSTLOSS2006WS,PCTFRSTLOSS2006WS,% Forest cover loss (Tree canopy cover change) for 2006 within watershed,,,LAND,,,,COLUMN_NAME,landscape
1819,NRSA 1819 Landscape,Landscape Data,landscape_PCTFRSTLOSS2006WSRP100,PCTFRSTLOSS2006WSRP100,% Forest cover loss (Tree canopy cover change) for 2006 within watershed and within 100-m buffer of NHD stream lines,,,LAND,,,,COLUMN_NAME,landscape
1819,NRSA 1819 Landscape,Landscape Data,landscape_PCTFRSTLOSS2007WS,PCTFRSTLOSS2007WS,% Forest cover loss (Tree canopy cover change) for 2007 within watershed,,,LAND,,,,COLUMN_NAME,landscape
1819,NRSA 1819 Landscape,Landscape Data,landscape_PCTFRSTLOSS2007WSRP100,PCTFRSTLOSS2007WSRP100,% Forest cover loss (Tree canopy cover change) for 2007 within watershed and within 100-m buffer of NHD stream lines,,,LAND,,,,COLUMN_NAME,landscape
1819,NRSA 1819 Landscape,Landscape Data,landscape_PCTFRSTLOSS2008WS,PCTFRSTLOSS2008WS,% Forest cover loss (Tree canopy cover change) for 2008 within watershed,,,LAND,,,,COLUMN_NAME,landscape
1819,NRSA 1819 Landscape,Landscape Data,landscape_PCTFRSTLOSS2008WSRP100,PCTFRSTLOSS2008WSRP100,% Forest cover loss (Tree canopy cover change) for 2008 within watershed and within 100-m buffer of NHD stream lines,,,LAND,,,,COLUMN_NAME,landscape
1819,NRSA 1819 Landscape,Landscape Data,landscape_PCTFRSTLOSS2009WS,PCTFRSTLOSS2009WS,% Forest cover loss (Tree canopy cover change) for 2009 within watershed,,,LAND,,,,COLUMN_NAME,landscape
1819,NRSA 1819 Landscape,Landscape Data,landscape_PCTFRSTLOSS2009WSRP100,PCTFRSTLOSS2009WSRP100,% Forest cover loss (Tree canopy cover change) for 2009 within watershed and within 100-m buffer of NHD stream lines,,,LAND,,,,COLUMN_NAME,landscape
1819,NRSA 1819 Landscape,Landscape Data,landscape_PCTFRSTLOSS2010WS,PCTFRSTLOSS2010WS,% Forest cover loss (Tree canopy cover change) for 2010 within watershed,,,LAND,,,,COLUMN_NAME,landscape
1819,NRSA 1819 Landscape,Landscape Data,landscape_PCTFRSTLOSS2010WSRP100,PCTFRSTLOSS2010WSRP100,% Forest cover loss (Tree canopy cover change) for 2010 within watershed and within 100-m buffer of NHD stream lines,,,LAND,,,,COLUMN_NAME,landscape
1819,NRSA 1819 Landscape,Landscape Data,landscape_PCTFRSTLOSS2011WS,PCTFRSTLOSS2011WS,% Forest cover loss (Tree canopy cover change) for 2011 within watershed,,,LAND,,,,COLUMN_NAME,landscape
1819,NRSA 1819 Landscape,Landscape Data,landscape_PCTFRSTLOSS2011WSRP100,PCTFRSTLOSS2011WSRP100,% Forest cover loss (Tree canopy cover change) for 2011 within watershed and within 100-m buffer of NHD stream lines,,,LAND,,,,COLUMN_NAME,landscape
1819,NRSA 1819 Landscape,Landscape Data,landscape_PCTFRSTLOSS2012WS,PCTFRSTLOSS2012WS,% Forest cover loss (Tree canopy cover change) for 2012 within watershed,,,LAND,,,,COLUMN_NAME,landscape
1819,NRSA 1819 Landscape,Landscape Data,landscape_PCTFRSTLOSS2012WSRP100,PCTFRSTLOSS2012WSRP100,% Forest cover loss (Tree canopy cover change) for 2012 within watershed and within 100-m buffer of NHD stream lines,,,LAND,,,,COLUMN_NAME,landscape
1819,NRSA 1819 Landscape,Landscape Data,landscape_PCTFRSTLOSS2013WS,PCTFRSTLOSS2013WS,% Forest cover loss (Tree canopy cover change) for 2013 within watershed,,,LAND,,,,COLUMN_NAME,landscape
1819,NRSA 1819 Landscape,Landscape Data,landscape_PCTFRSTLOSS2013WSRP100,PCTFRSTLOSS2013WSRP100,% Forest cover loss (Tree canopy cover change) for 2013 within watershed and within 100-m buffer of NHD stream lines,,,LAND,,,,COLUMN_NAME,landscape
1819,NRSA 1819 Landscape,Landscape Data,landscape_PCTFRSTLOSSBYYEAR_WS_PCTFULL,PCTFRSTLOSSBYYEAR_WS_PCTFULL,Percent of area with data for % Forest cover loss (Tree canopy cover change) within watershed,,,LAND,,,,COLUMN_NAME,landscape
1819,NRSA 1819 Landscape,Landscape Data,landscape_PCTFRSTLOSSBYYEAR_WS_PCTFULLRP100,PCTFRSTLOSSBYYEAR_WS_PCTFULLRP100,Percent of area with data for % Forest cover loss (Tree canopy cover change) within watershed and within 100-m buffer of NHD stream lines,,,LAND,,,,COLUMN_NAME,landscape
1819,NRSA 1819 Landscape,Landscape Data,landscape_PCTGLACLAKECRSWS,PCTGLACLAKECRSWS,"% of the upstream watershed (Ws) classified as lithology type: glacial outwash and glacial lake sediment, coarse-textured.",,,LAND,,,,COLUMN_NAME,landscape
1819,NRSA 1819 Landscape,Landscape Data,landscape_PCTGLACLAKEFINEWS,PCTGLACLAKEFINEWS,"% of the upstream watershed (Ws) classified as lithology type: glacial outwash and glacial lake sediment, fine-textured.",,,LAND,,,,COLUMN_NAME,landscape
1819,NRSA 1819 Landscape,Landscape Data,landscape_PCTGLACTILCLAYWS,PCTGLACTILCLAYWS,"% of the upstream watershed (Ws) classified as lithology type: glacial till, clayey.",,,LAND,,,,COLUMN_NAME,landscape
1819,NRSA 1819 Landscape,Landscape Data,landscape_PCTGLACTILCRSWS,PCTGLACTILCRSWS,"% of the upstream watershed (Ws) classified as lithology type: glacial till, coarse-textured.",,,LAND,,,,COLUMN_NAME,landscape
1819,NRSA 1819 Landscape,Landscape Data,landscape_PCTGLACTILLOAMWS,PCTGLACTILLOAMWS,"% of the upstream watershed (Ws) classified as lithology type: glacial till, loamy.",,,LAND,,,,COLUMN_NAME,landscape
1819,NRSA 1819 Landscape,Landscape Data,landscape_PCTGRS2001_WSRP100,PCTGRS2001_WSRP100,% of the upstream watershed (Ws) areas classified as grassland/herbaceous land cover and within 100-m buffer of NHD stream lines (Rp100). Derived from the nlcd2001.tif (class 71) landscape raster.,,,LAND,,,,COLUMN_NAME,landscape
1819,NRSA 1819 Landscape,Landscape Data,landscape_PCTGRS2001WS,PCTGRS2001WS,% of the upstream watershed (Ws) areas classified as grassland/herbaceous land cover. Derived from the nlcd2001.tif (class 71) landscape raster.,,,LAND,,,,COLUMN_NAME,landscape
1819,NRSA 1819 Landscape,Landscape Data,landscape_PCTGRS2004_WSRP100,PCTGRS2004_WSRP100,% of the upstream watershed (Ws) areas classified as grassland/herbaceous land cover and within 100-m buffer of NHD stream lines (Rp100). Derived from the nlcd2004.tif (class 71) landscape raster.,,,LAND,,,,COLUMN_NAME,landscape
1819,NRSA 1819 Landscape,Landscape Data,landscape_PCTGRS2004WS,PCTGRS2004WS,% of the upstream watershed (Ws) areas classified as grassland/herbaceous land cover. Derived from the nlcd2004.tif (class 71) landscape raster.,,,LAND,,,,COLUMN_NAME,landscape
1819,NRSA 1819 Landscape,Landscape Data,landscape_PCTGRS2006_WSRP100,PCTGRS2006_WSRP100,% of the upstream watershed (Ws) areas classified as grassland/herbaceous land cover and within 100-m buffer of NHD stream lines (Rp100). Derived from the nlcd2006.tif (class 71) landscape raster.,,,LAND,,,,COLUMN_NAME,landscape
1819,NRSA 1819 Landscape,Landscape Data,landscape_PCTGRS2006WS,PCTGRS2006WS,% of the upstream watershed (Ws) areas classified as grassland/herbaceous land cover. Derived from the nlcd2006.tif (class 71) landscape raster.,,,LAND,,,,COLUMN_NAME,landscape
1819,NRSA 1819 Landscape,Landscape Data,landscape_PCTGRS2008_WSRP100,PCTGRS2008_WSRP100,% of the upstream watershed (Ws) areas classified as grassland/herbaceous land cover and within 100-m buffer of NHD stream lines (Rp100). Derived from the nlcd2008.tif (class 71) landscape raster.,,,LAND,,,,COLUMN_NAME,landscape
1819,NRSA 1819 Landscape,Landscape Data,landscape_PCTGRS2008WS,PCTGRS2008WS,% of the upstream watershed (Ws) areas classified as grassland/herbaceous land cover. Derived from the nlcd2008.tif (class 71) landscape raster.,,,LAND,,,,COLUMN_NAME,landscape
1819,NRSA 1819 Landscape,Landscape Data,landscape_PCTGRS2011_WSRP100,PCTGRS2011_WSRP100,% of the upstream watershed (Ws) areas classified as grassland/herbaceous land cover and within 100-m buffer of NHD stream lines (Rp100). Derived from the nlcd2011.tif (class 71) landscape raster.,,,LAND,,,,COLUMN_NAME,landscape
1819,NRSA 1819 Landscape,Landscape Data,landscape_PCTGRS2011WS,PCTGRS2011WS,% of the upstream watershed (Ws) areas classified as grassland/herbaceous land cover. Derived from the nlcd2011.tif (class 71) landscape raster.,,,LAND,,,,COLUMN_NAME,landscape
1819,NRSA 1819 Landscape,Landscape Data,landscape_PCTGRS2013_WSRP100,PCTGRS2013_WSRP100,% of the upstream watershed (Ws) areas classified as grassland/herbaceous land cover and within 100-m buffer of NHD stream lines (Rp100). Derived from the nlcd2013.tif (class 71) landscape raster.,,,LAND,,,,COLUMN_NAME,landscape
1819,NRSA 1819 Landscape,Landscape Data,landscape_PCTGRS2013WS,PCTGRS2013WS,% of the upstream watershed (Ws) areas classified as grassland/herbaceous land cover. Derived from the nlcd2013.tif (class 71) landscape raster.,,,LAND,,,,COLUMN_NAME,landscape
1819,NRSA 1819 Landscape,Landscape Data,landscape_PCTGRS2016_WSRP100,PCTGRS2016_WSRP100,% of the upstream watershed (Ws) areas classified as grassland/herbaceous land cover and within 100-m buffer of NHD stream lines (Rp100). Derived from the nlcd2016.tif (class 71) landscape raster.,,,LAND,,,,COLUMN_NAME,landscape
1819,NRSA 1819 Landscape,Landscape Data,landscape_PCTGRS2016WS,PCTGRS2016WS,% of the upstream watershed (Ws) areas classified as grassland/herbaceous land cover. Derived from the nlcd2016.tif (class 71) landscape raster.,,,LAND,,,,COLUMN_NAME,landscape
1819,NRSA 1819 Landscape,Landscape Data,landscape_PCTGRS2019_WSRP100,PCTGRS2019_WSRP100,% of the upstream watershed (Ws) areas classified as grassland/herbaceous land cover and within 100-m buffer of NHD stream lines (Rp100). Derived from the nlcd2019.tif (class 71) landscape raster.,,,LAND,,,,COLUMN_NAME,landscape
1819,NRSA 1819 Landscape,Landscape Data,landscape_PCTGRS2019WS,PCTGRS2019WS,% of the upstream watershed (Ws) areas classified as grassland/herbaceous land cover. Derived from the nlcd2019.tif (class 71) landscape raster.,,,LAND,,,,COLUMN_NAME,landscape
1819,NRSA 1819 Landscape,Landscape Data,landscape_PCTHAY2001_WSRP100,PCTHAY2001_WSRP100,% of the upstream watershed (Ws) areas classified as pasture/hay land use and within 100-m buffer of NHD stream lines (Rp100). Derived from the nlcd2001.tif (class 81) landscape raster.,,,LAND,,,,COLUMN_NAME,landscape
1819,NRSA 1819 Landscape,Landscape Data,landscape_PCTHAY2001WS,PCTHAY2001WS,% of the upstream watershed (Ws) areas classified as pasture/hay land use. Derived from the nlcd2001.tif (class 81) landscape raster.,,,LAND,,,,COLUMN_NAME,landscape
1819,NRSA 1819 Landscape,Landscape Data,landscape_PCTHAY2004_WSRP100,PCTHAY2004_WSRP100,% of the upstream watershed (Ws) areas classified as pasture/hay land use and within 100-m buffer of NHD stream lines (Rp100). Derived from the nlcd2004.tif (class 81) landscape raster.,,,LAND,,,,COLUMN_NAME,landscape
1819,NRSA 1819 Landscape,Landscape Data,landscape_PCTHAY2004WS,PCTHAY2004WS,% of the upstream watershed (Ws) areas classified as pasture/hay land use. Derived from the nlcd2004.tif (class 81) landscape raster.,,,LAND,,,,COLUMN_NAME,landscape
1819,NRSA 1819 Landscape,Landscape Data,landscape_PCTHAY2006_WSRP100,PCTHAY2006_WSRP100,% of the upstream watershed (Ws) areas classified as pasture/hay land use and within 100-m buffer of NHD stream lines (Rp100). Derived from the nlcd2006.tif (class 81) landscape raster.,,,LAND,,,,COLUMN_NAME,landscape
1819,NRSA 1819 Landscape,Landscape Data,landscape_PCTHAY2006WS,PCTHAY2006WS,% of the upstream watershed (Ws) areas classified as pasture/hay land use. Derived from the nlcd2006.tif (class 81) landscape raster.,,,LAND,,,,COLUMN_NAME,landscape
1819,NRSA 1819 Landscape,Landscape Data,landscape_PCTHAY2008_WSRP100,PCTHAY2008_WSRP100,% of the upstream watershed (Ws) areas classified as pasture/hay land use and within 100-m buffer of NHD stream lines (Rp100). Derived from the nlcd2008.tif (class 81) landscape raster.,,,LAND,,,,COLUMN_NAME,landscape
1819,NRSA 1819 Landscape,Landscape Data,landscape_PCTHAY2008WS,PCTHAY2008WS,% of the upstream watershed (Ws) areas classified as pasture/hay land use. Derived from the nlcd2008.tif (class 81) landscape raster.,,,LAND,,,,COLUMN_NAME,landscape
1819,NRSA 1819 Landscape,Landscape Data,landscape_PCTHAY2011_WSRP100,PCTHAY2011_WSRP100,% of the upstream watershed (Ws) areas classified as pasture/hay land use and within 100-m buffer of NHD stream lines (Rp100). Derived from the nlcd2011.tif (class 81) landscape raster.,,,LAND,,,,COLUMN_NAME,landscape
1819,NRSA 1819 Landscape,Landscape Data,landscape_PCTHAY2011WS,PCTHAY2011WS,% of the upstream watershed (Ws) areas classified as pasture/hay land use. Derived from the nlcd2011.tif (class 81) landscape raster.,,,LAND,,,,COLUMN_NAME,landscape
1819,NRSA 1819 Landscape,Landscape Data,landscape_PCTHAY2013_WSRP100,PCTHAY2013_WSRP100,% of the upstream watershed (Ws) areas classified as pasture/hay land use and within 100-m buffer of NHD stream lines (Rp100). Derived from the nlcd2013.tif (class 81) landscape raster.,,,LAND,,,,COLUMN_NAME,landscape
1819,NRSA 1819 Landscape,Landscape Data,landscape_PCTHAY2013WS,PCTHAY2013WS,% of the upstream watershed (Ws) areas classified as pasture/hay land use. Derived from the nlcd2013.tif (class 81) landscape raster.,,,LAND,,,,COLUMN_NAME,landscape
1819,NRSA 1819 Landscape,Landscape Data,landscape_PCTHAY2016_WSRP100,PCTHAY2016_WSRP100,% of the upstream watershed (Ws) areas classified as pasture/hay land use and within 100-m buffer of NHD stream lines (Rp100). Derived from the nlcd2016.tif (class 81) landscape raster.,,,LAND,,,,COLUMN_NAME,landscape
1819,NRSA 1819 Landscape,Landscape Data,landscape_PCTHAY2016WS,PCTHAY2016WS,% of the upstream watershed (Ws) areas classified as pasture/hay land use. Derived from the nlcd2016.tif (class 81) landscape raster.,,,LAND,,,,COLUMN_NAME,landscape
1819,NRSA 1819 Landscape,Landscape Data,landscape_PCTHAY2019_WSRP100,PCTHAY2019_WSRP100,% of the upstream watershed (Ws) areas classified as pasture/hay land use and within 100-m buffer of NHD stream lines (Rp100). Derived from the nlcd2019.tif (class 81) landscape raster.,,,LAND,,,,COLUMN_NAME,landscape
1819,NRSA 1819 Landscape,Landscape Data,landscape_PCTHAY2019WS,PCTHAY2019WS,% of the upstream watershed (Ws) areas classified as pasture/hay land use. Derived from the nlcd2019.tif (class 81) landscape raster.,,,LAND,,,,COLUMN_NAME,landscape
1819,NRSA 1819 Landscape,Landscape Data,landscape_PCTHBWET2001_WSRP100,PCTHBWET2001_WSRP100,% of the upstream watershed (Ws) areas classified as herbaceous wetland land cover and within 100-m buffer of NHD stream lines (Rp100). Derived from the nlcd2001.tif (class 95) landscape raster.,,,LAND,,,,COLUMN_NAME,landscape
1819,NRSA 1819 Landscape,Landscape Data,landscape_PCTHBWET2001WS,PCTHBWET2001WS,% of the upstream watershed (Ws) areas classified as herbaceous wetland land cover. Derived from the nlcd2001.tif (class 95) landscape raster.,,,LAND,,,,COLUMN_NAME,landscape
1819,NRSA 1819 Landscape,Landscape Data,landscape_PCTHBWET2004_WSRP100,PCTHBWET2004_WSRP100,% of the upstream watershed (Ws) areas classified as herbaceous wetland land cover and within 100-m buffer of NHD stream lines (Rp100). Derived from the nlcd2004.tif (class 95) landscape raster.,,,LAND,,,,COLUMN_NAME,landscape
1819,NRSA 1819 Landscape,Landscape Data,landscape_PCTHBWET2004WS,PCTHBWET2004WS,% of the upstream watershed (Ws) areas classified as herbaceous wetland land cover. Derived from the nlcd2004.tif (class 95) landscape raster.,,,LAND,,,,COLUMN_NAME,landscape
1819,NRSA 1819 Landscape,Landscape Data,landscape_PCTHBWET2006_WSRP100,PCTHBWET2006_WSRP100,% of the upstream watershed (Ws) areas classified as herbaceous wetland land cover and within 100-m buffer of NHD stream lines (Rp100). Derived from the nlcd2006.tif (class 95) landscape raster.,,,LAND,,,,COLUMN_NAME,landscape
1819,NRSA 1819 Landscape,Landscape Data,landscape_PCTHBWET2006WS,PCTHBWET2006WS,% of the upstream watershed (Ws) areas classified as herbaceous wetland land cover. Derived from the nlcd2006.tif (class 95) landscape raster.,,,LAND,,,,COLUMN_NAME,landscape
1819,NRSA 1819 Landscape,Landscape Data,landscape_PCTHBWET2008_WSRP100,PCTHBWET2008_WSRP100,% of the upstream watershed (Ws) areas classified as herbaceous wetland land cover and within 100-m buffer of NHD stream lines (Rp100). Derived from the nlcd2008.tif (class 95) landscape raster.,,,LAND,,,,COLUMN_NAME,landscape
1819,NRSA 1819 Landscape,Landscape Data,landscape_PCTHBWET2008WS,PCTHBWET2008WS,% of the upstream watershed (Ws) areas classified as herbaceous wetland land cover. Derived from the nlcd2008.tif (class 95) landscape raster.,,,LAND,,,,COLUMN_NAME,landscape
1819,NRSA 1819 Landscape,Landscape Data,landscape_PCTHBWET2011_WSRP100,PCTHBWET2011_WSRP100,% of the upstream watershed (Ws) areas classified as herbaceous wetland land cover and within 100-m buffer of NHD stream lines (Rp100). Derived from the nlcd2011.tif (class 95) landscape raster.,,,LAND,,,,COLUMN_NAME,landscape
1819,NRSA 1819 Landscape,Landscape Data,landscape_PCTHBWET2011WS,PCTHBWET2011WS,% of the upstream watershed (Ws) areas classified as herbaceous wetland land cover. Derived from the nlcd2011.tif (class 95) landscape raster.,,,LAND,,,,COLUMN_NAME,landscape
1819,NRSA 1819 Landscape,Landscape Data,landscape_PCTHBWET2013_WSRP100,PCTHBWET2013_WSRP100,% of the upstream watershed (Ws) areas classified as herbaceous wetland land cover and within 100-m buffer of NHD stream lines (Rp100). Derived from the nlcd2013.tif (class 95) landscape raster.,,,LAND,,,,COLUMN_NAME,landscape
1819,NRSA 1819 Landscape,Landscape Data,landscape_PCTHBWET2013WS,PCTHBWET2013WS,% of the upstream watershed (Ws) areas classified as herbaceous wetland land cover. Derived from the nlcd2013.tif (class 95) landscape raster.,,,LAND,,,,COLUMN_NAME,landscape
1819,NRSA 1819 Landscape,Landscape Data,landscape_PCTHBWET2016_WSRP100,PCTHBWET2016_WSRP100,% of the upstream watershed (Ws) areas classified as herbaceous wetland land cover and within 100-m buffer of NHD stream lines (Rp100). Derived from the nlcd2016.tif (class 95) landscape raster.,,,LAND,,,,COLUMN_NAME,landscape
1819,NRSA 1819 Landscape,Landscape Data,landscape_PCTHBWET2016WS,PCTHBWET2016WS,% of the upstream watershed (Ws) areas classified as herbaceous wetland land cover. Derived from the nlcd2016.tif (class 95) landscape raster.,,,LAND,,,,COLUMN_NAME,landscape
1819,NRSA 1819 Landscape,Landscape Data,landscape_PCTHBWET2019_WSRP100,PCTHBWET2019_WSRP100,% of the upstream watershed (Ws) areas classified as herbaceous wetland land cover and within 100-m buffer of NHD stream lines (Rp100). Derived from the nlcd2019.tif (class 95) landscape raster.,,,LAND,,,,COLUMN_NAME,landscape
1819,NRSA 1819 Landscape,Landscape Data,landscape_PCTHBWET2019WS,PCTHBWET2019WS,% of the upstream watershed (Ws) areas classified as herbaceous wetland land cover. Derived from the nlcd2019.tif (class 95) landscape raster.,,,LAND,,,,COLUMN_NAME,landscape
1819,NRSA 1819 Landscape,Landscape Data,landscape_PCTHYDRICWS,PCTHYDRICWS,"% of the upstream watershed (Ws) classified as lithology type: hydric, peat and muck.",,,LAND,,,,COLUMN_NAME,landscape
1819,NRSA 1819 Landscape,Landscape Data,landscape_PCTICE2001_WSRP100,PCTICE2001_WSRP100,% of the upstream watershed (Ws) areas classified as ice/snow land cover and within 100-m buffer of NHD stream lines (Rp100). Derived from the nlcd2001.tif (class 12) landscape raster.,,,LAND,,,,COLUMN_NAME,landscape
1819,NRSA 1819 Landscape,Landscape Data,landscape_PCTICE2001WS,PCTICE2001WS,% of the upstream watershed (Ws) areas classified as ice/snow land cover. Derived from the nlcd2001.tif (class 12) landscape raster.,,,LAND,,,,COLUMN_NAME,landscape
1819,NRSA 1819 Landscape,Landscape Data,landscape_PCTICE2004_WSRP100,PCTICE2004_WSRP100,% of the upstream watershed (Ws) areas classified as ice/snow land cover and within 100-m buffer of NHD stream lines (Rp100). Derived from the nlcd2004.tif (class 12) landscape raster.,,,LAND,,,,COLUMN_NAME,landscape
1819,NRSA 1819 Landscape,Landscape Data,landscape_PCTICE2004WS,PCTICE2004WS,% of the upstream watershed (Ws) areas classified as ice/snow land cover. Derived from the nlcd2004.tif (class 12) landscape raster.,,,LAND,,,,COLUMN_NAME,landscape
1819,NRSA 1819 Landscape,Landscape Data,landscape_PCTICE2006_WSRP100,PCTICE2006_WSRP100,% of the upstream watershed (Ws) areas classified as ice/snow land cover and within 100-m buffer of NHD stream lines (Rp100). Derived from the nlcd2006.tif (class 12) landscape raster.,,,LAND,,,,COLUMN_NAME,landscape
1819,NRSA 1819 Landscape,Landscape Data,landscape_PCTICE2006WS,PCTICE2006WS,% of the upstream watershed (Ws) areas classified as ice/snow land cover. Derived from the nlcd2006.tif (class 12) landscape raster.,,,LAND,,,,COLUMN_NAME,landscape
1819,NRSA 1819 Landscape,Landscape Data,landscape_PCTICE2008_WSRP100,PCTICE2008_WSRP100,% of the upstream watershed (Ws) areas classified as ice/snow land cover and within 100-m buffer of NHD stream lines (Rp100). Derived from the nlcd2008.tif (class 12) landscape raster.,,,LAND,,,,COLUMN_NAME,landscape
1819,NRSA 1819 Landscape,Landscape Data,landscape_PCTICE2008WS,PCTICE2008WS,% of the upstream watershed (Ws) areas classified as ice/snow land cover. Derived from the nlcd2008.tif (class 12) landscape raster.,,,LAND,,,,COLUMN_NAME,landscape
1819,NRSA 1819 Landscape,Landscape Data,landscape_PCTICE2011_WSRP100,PCTICE2011_WSRP100,% of the upstream watershed (Ws) areas classified as ice/snow land cover and within 100-m buffer of NHD stream lines (Rp100). Derived from the nlcd2011.tif (class 12) landscape raster.,,,LAND,,,,COLUMN_NAME,landscape
1819,NRSA 1819 Landscape,Landscape Data,landscape_PCTICE2011WS,PCTICE2011WS,% of the upstream watershed (Ws) areas classified as ice/snow land cover. Derived from the nlcd2011.tif (class 12) landscape raster.,,,LAND,,,,COLUMN_NAME,landscape
1819,NRSA 1819 Landscape,Landscape Data,landscape_PCTICE2013_WSRP100,PCTICE2013_WSRP100,% of the upstream watershed (Ws) areas classified as ice/snow land cover and within 100-m buffer of NHD stream lines (Rp100). Derived from the nlcd2013.tif (class 12) landscape raster.,,,LAND,,,,COLUMN_NAME,landscape
1819,NRSA 1819 Landscape,Landscape Data,landscape_PCTICE2013WS,PCTICE2013WS,% of the upstream watershed (Ws) areas classified as ice/snow land cover. Derived from the nlcd2013.tif (class 12) landscape raster.,,,LAND,,,,COLUMN_NAME,landscape
1819,NRSA 1819 Landscape,Landscape Data,landscape_PCTICE2016_WSRP100,PCTICE2016_WSRP100,% of the upstream watershed (Ws) areas classified as ice/snow land cover and within 100-m buffer of NHD stream lines (Rp100). Derived from the nlcd2016.tif (class 12) landscape raster.,,,LAND,,,,COLUMN_NAME,landscape
1819,NRSA 1819 Landscape,Landscape Data,landscape_PCTICE2016WS,PCTICE2016WS,% of the upstream watershed (Ws) areas classified as ice/snow land cover. Derived from the nlcd2016.tif (class 12) landscape raster.,,,LAND,,,,COLUMN_NAME,landscape
1819,NRSA 1819 Landscape,Landscape Data,landscape_PCTICE2019_WSRP100,PCTICE2019_WSRP100,% of the upstream watershed (Ws) areas classified as ice/snow land cover and within 100-m buffer of NHD stream lines (Rp100). Derived from the nlcd2019.tif (class 12) landscape raster.,,,LAND,,,,COLUMN_NAME,landscape
1819,NRSA 1819 Landscape,Landscape Data,landscape_PCTICE2019WS,PCTICE2019WS,% of the upstream watershed (Ws) areas classified as ice/snow land cover. Derived from the nlcd2019.tif (class 12) landscape raster.,,,LAND,,,,COLUMN_NAME,landscape
1819,NRSA 1819 Landscape,Landscape Data,landscape_PCTIMP2001_WS_PCTFULL,PCTIMP2001_WS_PCTFULL,Percent of area with data for Mean imperviousness of anthropogenic surfaces (NLCD 2001) within the upstream watershed (Ws).,,,LAND,,,,COLUMN_NAME,landscape
1819,NRSA 1819 Landscape,Landscape Data,landscape_PCTIMP2001_WS_PCTFULLRP100,PCTIMP2001_WS_PCTFULLRP100,Percent of area with data for Mean imperviousness of anthropogenic surfaces (NLCD 2001) within watershed (Ws) and within 100-m buffer of NHD stream lines (Rp100).,,,LAND,,,,COLUMN_NAME,landscape
1819,NRSA 1819 Landscape,Landscape Data,landscape_PCTIMP2001WS,PCTIMP2001WS,Mean imperviousness of anthropogenic surfaces (NLCD 2001) within the upstream watershed (Ws).,,,LAND,,,,COLUMN_NAME,landscape
1819,NRSA 1819 Landscape,Landscape Data,landscape_PCTIMP2001WSRP100,PCTIMP2001WSRP100,Mean imperviousness of anthropogenic surfaces (NLCD 2001) within watershed (Ws) and within 100-m buffer of NHD stream lines (Rp100).,,,LAND,,,,COLUMN_NAME,landscape
1819,NRSA 1819 Landscape,Landscape Data,landscape_PCTIMP2004_WS_PCTFULL,PCTIMP2004_WS_PCTFULL,Percent of area with data for Mean imperviousness of anthropogenic surfaces (NLCD 2004) within the upstream watershed (Ws).,,,LAND,,,,COLUMN_NAME,landscape
1819,NRSA 1819 Landscape,Landscape Data,landscape_PCTIMP2004_WS_PCTFULLRP100,PCTIMP2004_WS_PCTFULLRP100,Percent of area with data for Mean imperviousness of anthropogenic surfaces (NLCD 2004) within watershed (Ws) and within 100-m buffer of NHD stream lines (Rp100).,,,LAND,,,,COLUMN_NAME,landscape
1819,NRSA 1819 Landscape,Landscape Data,landscape_PCTIMP2004WS,PCTIMP2004WS,Mean imperviousness of anthropogenic surfaces (NLCD 2004) within the upstream watershed (Ws).,,,LAND,,,,COLUMN_NAME,landscape
1819,NRSA 1819 Landscape,Landscape Data,landscape_PCTIMP2004WSRP100,PCTIMP2004WSRP100,Mean imperviousness of anthropogenic surfaces (NLCD 2004) within watershed (Ws) and within 100-m buffer of NHD stream lines (Rp100).,,,LAND,,,,COLUMN_NAME,landscape
1819,NRSA 1819 Landscape,Landscape Data,landscape_PCTIMP2006_WS_PCTFULL,PCTIMP2006_WS_PCTFULL,Percent of area with data for Mean imperviousness of anthropogenic surfaces (NLCD 2006) within the upstream watershed (Ws).,,,LAND,,,,COLUMN_NAME,landscape
1819,NRSA 1819 Landscape,Landscape Data,landscape_PCTIMP2006_WS_PCTFULLRP100,PCTIMP2006_WS_PCTFULLRP100,Percent of area with data for Mean imperviousness of anthropogenic surfaces (NLCD 2006) within watershed (Ws) and within 100-m buffer of NHD stream lines (Rp100).,,,LAND,,,,COLUMN_NAME,landscape
1819,NRSA 1819 Landscape,Landscape Data,landscape_PCTIMP2006WS,PCTIMP2006WS,Mean imperviousness of anthropogenic surfaces (NLCD 2006) within the upstream watershed (Ws).,,,LAND,,,,COLUMN_NAME,landscape
1819,NRSA 1819 Landscape,Landscape Data,landscape_PCTIMP2006WSRP100,PCTIMP2006WSRP100,Mean imperviousness of anthropogenic surfaces (NLCD 2006) within watershed (Ws) and within 100-m buffer of NHD stream lines (Rp100).,,,LAND,,,,COLUMN_NAME,landscape
1819,NRSA 1819 Landscape,Landscape Data,landscape_PCTIMP2008_WS_PCTFULL,PCTIMP2008_WS_PCTFULL,Percent of area with data for Mean imperviousness of anthropogenic surfaces (NLCD 2008) within the upstream watershed (Ws).,,,LAND,,,,COLUMN_NAME,landscape
1819,NRSA 1819 Landscape,Landscape Data,landscape_PCTIMP2008_WS_PCTFULLRP100,PCTIMP2008_WS_PCTFULLRP100,Percent of area with data for Mean imperviousness of anthropogenic surfaces (NLCD 2008) within watershed (Ws) and within 100-m buffer of NHD stream lines (Rp100).,,,LAND,,,,COLUMN_NAME,landscape
1819,NRSA 1819 Landscape,Landscape Data,landscape_PCTIMP2008WS,PCTIMP2008WS,Mean imperviousness of anthropogenic surfaces (NLCD 2008) within the upstream watershed (Ws).,,,LAND,,,,COLUMN_NAME,landscape
1819,NRSA 1819 Landscape,Landscape Data,landscape_PCTIMP2008WSRP100,PCTIMP2008WSRP100,Mean imperviousness of anthropogenic surfaces (NLCD 2008) within watershed (Ws) and within 100-m buffer of NHD stream lines (Rp100).,,,LAND,,,,COLUMN_NAME,landscape
1819,NRSA 1819 Landscape,Landscape Data,landscape_PCTIMP2011_WS_PCTFULL,PCTIMP2011_WS_PCTFULL,Percent of area with data for Mean imperviousness of anthropogenic surfaces (NLCD 2011) within the upstream watershed (Ws).,,,LAND,,,,COLUMN_NAME,landscape
1819,NRSA 1819 Landscape,Landscape Data,landscape_PCTIMP2011_WS_PCTFULLRP100,PCTIMP2011_WS_PCTFULLRP100,Percent of area with data for Mean imperviousness of anthropogenic surfaces (NLCD 2011) within watershed (Ws) and within 100-m buffer of NHD stream lines (Rp100).,,,LAND,,,,COLUMN_NAME,landscape
1819,NRSA 1819 Landscape,Landscape Data,landscape_PCTIMP2011WS,PCTIMP2011WS,Mean imperviousness of anthropogenic surfaces (NLCD 2011) within the upstream watershed (Ws).,,,LAND,,,,COLUMN_NAME,landscape
1819,NRSA 1819 Landscape,Landscape Data,landscape_PCTIMP2011WSRP100,PCTIMP2011WSRP100,Mean imperviousness of anthropogenic surfaces (NLCD 2011) within watershed (Ws) and within 100-m buffer of NHD stream lines (Rp100).,,,LAND,,,,COLUMN_NAME,landscape
1819,NRSA 1819 Landscape,Landscape Data,landscape_PCTIMP2013_WS_PCTFULL,PCTIMP2013_WS_PCTFULL,Percent of area with data for Mean imperviousness of anthropogenic surfaces (NLCD 2013) within the upstream watershed (Ws).,,,LAND,,,,COLUMN_NAME,landscape
1819,NRSA 1819 Landscape,Landscape Data,landscape_PCTIMP2013_WS_PCTFULLRP100,PCTIMP2013_WS_PCTFULLRP100,Percent of area with data for Mean imperviousness of anthropogenic surfaces (NLCD 2013) within watershed (Ws) and within 100-m buffer of NHD stream lines (Rp100).,,,LAND,,,,COLUMN_NAME,landscape
1819,NRSA 1819 Landscape,Landscape Data,landscape_PCTIMP2013_WSRP100,PCTIMP2013_WSRP100,Percent of area with data for Mean imperviousness of anthropogenic surfaces (NLCD 2013) within watershed (Ws) and within 100-m buffer of NHD stream lines (Rp100).,,,LAND,,,,COLUMN_NAME,landscape
1819,NRSA 1819 Landscape,Landscape Data,landscape_PCTIMP2013WS,PCTIMP2013WS,Mean imperviousness of anthropogenic surfaces (NLCD 2013) within the upstream watershed (Ws).,,,LAND,,,,COLUMN_NAME,landscape
1819,NRSA 1819 Landscape,Landscape Data,landscape_PCTIMP2016_WS_PCTFULL,PCTIMP2016_WS_PCTFULL,Percent of area with data for Mean imperviousness of anthropogenic surfaces (NLCD 2016) within the upstream watershed (Ws).,,,LAND,,,,COLUMN_NAME,landscape
1819,NRSA 1819 Landscape,Landscape Data,landscape_PCTIMP2016_WS_PCTFULLRP100,PCTIMP2016_WS_PCTFULLRP100,Percent of area with data for Mean imperviousness of anthropogenic surfaces (NLCD 2016) within watershed (Ws) and within 100-m buffer of NHD stream lines (Rp100).,,,LAND,,,,COLUMN_NAME,landscape
1819,NRSA 1819 Landscape,Landscape Data,landscape_PCTIMP2016WS,PCTIMP2016WS,Mean imperviousness of anthropogenic surfaces (NLCD 2016) within the upstream watershed (Ws).,,,LAND,,,,COLUMN_NAME,landscape
1819,NRSA 1819 Landscape,Landscape Data,landscape_PCTIMP2016WSRP100,PCTIMP2016WSRP100,Mean imperviousness of anthropogenic surfaces (NLCD 2016) within watershed (Ws) and within 100-m buffer of NHD stream lines (Rp100).,,,LAND,,,,COLUMN_NAME,landscape
1819,NRSA 1819 Landscape,Landscape Data,landscape_PCTIMP2019_WS_PCTFULL,PCTIMP2019_WS_PCTFULL,Percent of area with data for Mean imperviousness of anthropogenic surfaces (NLCD 2019) within the upstream watershed (Ws).,,,LAND,,,,COLUMN_NAME,landscape
1819,NRSA 1819 Landscape,Landscape Data,landscape_PCTIMP2019_WS_PCTFULLRP100,PCTIMP2019_WS_PCTFULLRP100,Percent of area with data for Mean imperviousness of anthropogenic surfaces (NLCD 2019) within watershed (Ws) and within 100-m buffer of NHD stream lines (Rp100).,,,LAND,,,,COLUMN_NAME,landscape
1819,NRSA 1819 Landscape,Landscape Data,landscape_PCTIMP2019_WSRP100,PCTIMP2019_WSRP100,Percent of area with data for Mean imperviousness of anthropogenic surfaces (NLCD 2019) within watershed (Ws) and within 100-m buffer of NHD stream lines (Rp100).,,,LAND,,,,COLUMN_NAME,landscape
1819,NRSA 1819 Landscape,Landscape Data,landscape_PCTIMP2019WS,PCTIMP2019WS,Mean imperviousness of anthropogenic surfaces (NLCD 2019) within the upstream watershed (Ws).,,,LAND,,,,COLUMN_NAME,landscape
1819,NRSA 1819 Landscape,Landscape Data,landscape_PCTMXFST2001_WSRP100,PCTMXFST2001_WSRP100,% of the upstream watershed (Ws) areas classified as mixed deciduous/evergreen forest land cover and within 100-m buffer of NHD stream lines (Rp100). Derived from the nlcd2001.tif (class 43) landscape raster.,,,LAND,,,,COLUMN_NAME,landscape
1819,NRSA 1819 Landscape,Landscape Data,landscape_PCTMXFST2001WS,PCTMXFST2001WS,% of the upstream watershed (Ws) areas classified as mixed deciduous/evergreen forest land cover. Derived from the nlcd2001.tif (class 43) landscape raster.,,,LAND,,,,COLUMN_NAME,landscape
1819,NRSA 1819 Landscape,Landscape Data,landscape_PCTMXFST2004_WSRP100,PCTMXFST2004_WSRP100,% of the upstream watershed (Ws) areas classified as mixed deciduous/evergreen forest land cover and within 100-m buffer of NHD stream lines (Rp100). Derived from the nlcd2004.tif (class 43) landscape raster.,,,LAND,,,,COLUMN_NAME,landscape
1819,NRSA 1819 Landscape,Landscape Data,landscape_PCTMXFST2004WS,PCTMXFST2004WS,% of the upstream watershed (Ws) areas classified as mixed deciduous/evergreen forest land cover. Derived from the nlcd2004.tif (class 43) landscape raster.,,,LAND,,,,COLUMN_NAME,landscape
1819,NRSA 1819 Landscape,Landscape Data,landscape_PCTMXFST2006_WSRP100,PCTMXFST2006_WSRP100,% of the upstream watershed (Ws) areas classified as mixed deciduous/evergreen forest land cover and within 100-m buffer of NHD stream lines (Rp100). Derived from the nlcd2006.tif (class 43) landscape raster.,,,LAND,,,,COLUMN_NAME,landscape
1819,NRSA 1819 Landscape,Landscape Data,landscape_PCTMXFST2006WS,PCTMXFST2006WS,% of the upstream watershed (Ws) areas classified as mixed deciduous/evergreen forest land cover. Derived from the nlcd2006.tif (class 43) landscape raster.,,,LAND,,,,COLUMN_NAME,landscape
1819,NRSA 1819 Landscape,Landscape Data,landscape_PCTMXFST2008_WSRP100,PCTMXFST2008_WSRP100,% of the upstream watershed (Ws) areas classified as mixed deciduous/evergreen forest land cover and within 100-m buffer of NHD stream lines (Rp100). Derived from the nlcd2008.tif (class 43) landscape raster.,,,LAND,,,,COLUMN_NAME,landscape
1819,NRSA 1819 Landscape,Landscape Data,landscape_PCTMXFST2008WS,PCTMXFST2008WS,% of the upstream watershed (Ws) areas classified as mixed deciduous/evergreen forest land cover. Derived from the nlcd2008.tif (class 43) landscape raster.,,,LAND,,,,COLUMN_NAME,landscape
1819,NRSA 1819 Landscape,Landscape Data,landscape_PCTMXFST2011_WSRP100,PCTMXFST2011_WSRP100,% of the upstream watershed (Ws) areas classified as mixed deciduous/evergreen forest land cover and within 100-m buffer of NHD stream lines (Rp100). Derived from the nlcd2011.tif (class 43) landscape raster.,,,LAND,,,,COLUMN_NAME,landscape
1819,NRSA 1819 Landscape,Landscape Data,landscape_PCTMXFST2011WS,PCTMXFST2011WS,% of the upstream watershed (Ws) areas classified as mixed deciduous/evergreen forest land cover. Derived from the nlcd2011.tif (class 43) landscape raster.,,,LAND,,,,COLUMN_NAME,landscape
1819,NRSA 1819 Landscape,Landscape Data,landscape_PCTMXFST2013_WSRP100,PCTMXFST2013_WSRP100,% of the upstream watershed (Ws) areas classified as mixed deciduous/evergreen forest land cover and within 100-m buffer of NHD stream lines (Rp100). Derived from the nlcd2013.tif (class 43) landscape raster.,,,LAND,,,,COLUMN_NAME,landscape
1819,NRSA 1819 Landscape,Landscape Data,landscape_PCTMXFST2013WS,PCTMXFST2013WS,% of the upstream watershed (Ws) areas classified as mixed deciduous/evergreen forest land cover. Derived from the nlcd2013.tif (class 43) landscape raster.,,,LAND,,,,COLUMN_NAME,landscape
1819,NRSA 1819 Landscape,Landscape Data,landscape_PCTMXFST2016_WSRP100,PCTMXFST2016_WSRP100,% of the upstream watershed (Ws) areas classified as mixed deciduous/evergreen forest land cover and within 100-m buffer of NHD stream lines (Rp100). Derived from the nlcd2016.tif (class 43) landscape raster.,,,LAND,,,,COLUMN_NAME,landscape
1819,NRSA 1819 Landscape,Landscape Data,landscape_PCTMXFST2016WS,PCTMXFST2016WS,% of the upstream watershed (Ws) areas classified as mixed deciduous/evergreen forest land cover. Derived from the nlcd2016.tif (class 43) landscape raster.,,,LAND,,,,COLUMN_NAME,landscape
1819,NRSA 1819 Landscape,Landscape Data,landscape_PCTMXFST2019_WSRP100,PCTMXFST2019_WSRP100,% of the upstream watershed (Ws) areas classified as mixed deciduous/evergreen forest land cover and within 100-m buffer of NHD stream lines (Rp100). Derived from the nlcd2019.tif (class 43) landscape raster.,,,LAND,,,,COLUMN_NAME,landscape
1819,NRSA 1819 Landscape,Landscape Data,landscape_PCTMXFST2019WS,PCTMXFST2019WS,% of the upstream watershed (Ws) areas classified as mixed deciduous/evergreen forest land cover. Derived from the nlcd2019.tif (class 43) landscape raster.,,,LAND,,,,COLUMN_NAME,landscape
1819,NRSA 1819 Landscape,Landscape Data,landscape_PCTNONAGINTRODMANAGVEG_WS_PCTFULL,PCTNONAGINTRODMANAGVEG_WS_PCTFULL,"Percent of area with data for % Nonnative vegetation landcover type reclassed from LANDFIRE Existing Vegetation Type (EVT), within upstream watershed (Ws).",,,LAND,,,,COLUMN_NAME,landscape
1819,NRSA 1819 Landscape,Landscape Data,landscape_PCTNONAGINTRODMANAGVEG_WS_PCTFULLRP100,PCTNONAGINTRODMANAGVEG_WS_PCTFULLRP100,"Percent of area with data for % Nonnative vegetation landcover type reclassed from LANDFIRE Existing Vegetation Type (EVT), within upstream watershed (Ws) and within 100-m buffer of NHD stream lines (Rp100).",,,LAND,,,,COLUMN_NAME,landscape
1819,NRSA 1819 Landscape,Landscape Data,landscape_PCTNONAGINTRODMANAGVEGWS,PCTNONAGINTRODMANAGVEGWS,"% Nonnative vegetation landcover type reclassed from LANDFIRE Existing Vegetation Type (EVT), within upstream watershed (Ws).",,,LAND,,,,COLUMN_NAME,landscape
1819,NRSA 1819 Landscape,Landscape Data,landscape_PCTNONAGINTRODMANAGVEGWSRP100,PCTNONAGINTRODMANAGVEGWSRP100,"% Nonnative vegetation landcover type reclassed from LANDFIRE Existing Vegetation Type (EVT), within upstream watershed (Ws) and within 100-m buffer of NHD stream lines (Rp100).",,,LAND,,,,COLUMN_NAME,landscape
1819,NRSA 1819 Landscape,Landscape Data,landscape_PCTNONCARBRESIDWS,PCTNONCARBRESIDWS,% of the upstream watershed (Ws) classified as lithology type: non-carbonate residual material.,,,LAND,,,,COLUMN_NAME,landscape
1819,NRSA 1819 Landscape,Landscape Data,landscape_PCTNOT_PRINCIPLEWS,PCTNOT_PRINCIPLEWS,% of the upstream watershed (Ws) classified as bedrock permeability type: Not a prinicpal aquifer.,,,LAND,,,,COLUMN_NAME,landscape
1819,NRSA 1819 Landscape,Landscape Data,landscape_PCTOW2001_WSRP100,PCTOW2001_WSRP100,% of the upstream watershed (Ws) areas classified as open water land cover and within 100-m buffer of NHD stream lines (Rp100). Derived from the nlcd2001.tif (class 11) landscape raster.,,,LAND,,,,COLUMN_NAME,landscape
1819,NRSA 1819 Landscape,Landscape Data,landscape_PCTOW2001WS,PCTOW2001WS,% of the upstream watershed (Ws) areas classified as open water land cover. Derived from the nlcd2001.tif (class 11) landscape raster.,,,LAND,,,,COLUMN_NAME,landscape
1819,NRSA 1819 Landscape,Landscape Data,landscape_PCTOW2004_WSRP100,PCTOW2004_WSRP100,% of the upstream watershed (Ws) areas classified as open water land cover and within 100-m buffer of NHD stream lines (Rp100). Derived from the nlcd2004.tif (class 11) landscape raster.,,,LAND,,,,COLUMN_NAME,landscape
1819,NRSA 1819 Landscape,Landscape Data,landscape_PCTOW2004WS,PCTOW2004WS,% of the upstream watershed (Ws) areas classified as open water land cover. Derived from the nlcd2004.tif (class 11) landscape raster.,,,LAND,,,,COLUMN_NAME,landscape
1819,NRSA 1819 Landscape,Landscape Data,landscape_PCTOW2006_WSRP100,PCTOW2006_WSRP100,% of the upstream watershed (Ws) areas classified as open water land cover and within 100-m buffer of NHD stream lines (Rp100). Derived from the nlcd2006.tif (class 11) landscape raster.,,,LAND,,,,COLUMN_NAME,landscape
1819,NRSA 1819 Landscape,Landscape Data,landscape_PCTOW2006WS,PCTOW2006WS,% of the upstream watershed (Ws) areas classified as open water land cover. Derived from the nlcd2006.tif (class 11) landscape raster.,,,LAND,,,,COLUMN_NAME,landscape
1819,NRSA 1819 Landscape,Landscape Data,landscape_PCTOW2008_WSRP100,PCTOW2008_WSRP100,% of the upstream watershed (Ws) areas classified as open water land cover and within 100-m buffer of NHD stream lines (Rp100). Derived from the nlcd2008.tif (class 11) landscape raster.,,,LAND,,,,COLUMN_NAME,landscape
1819,NRSA 1819 Landscape,Landscape Data,landscape_PCTOW2008WS,PCTOW2008WS,% of the upstream watershed (Ws) areas classified as open water land cover. Derived from the nlcd2008.tif (class 11) landscape raster.,,,LAND,,,,COLUMN_NAME,landscape
1819,NRSA 1819 Landscape,Landscape Data,landscape_PCTOW2011_WSRP100,PCTOW2011_WSRP100,% of the upstream watershed (Ws) areas classified as open water land cover and within 100-m buffer of NHD stream lines (Rp100). Derived from the nlcd2011.tif (class 11) landscape raster.,,,LAND,,,,COLUMN_NAME,landscape
1819,NRSA 1819 Landscape,Landscape Data,landscape_PCTOW2011WS,PCTOW2011WS,% of the upstream watershed (Ws) areas classified as open water land cover. Derived from the nlcd2011.tif (class 11) landscape raster.,,,LAND,,,,COLUMN_NAME,landscape
1819,NRSA 1819 Landscape,Landscape Data,landscape_PCTOW2013_WSRP100,PCTOW2013_WSRP100,% of the upstream watershed (Ws) areas classified as open water land cover and within 100-m buffer of NHD stream lines (Rp100). Derived from the nlcd2013.tif (class 11) landscape raster.,,,LAND,,,,COLUMN_NAME,landscape
1819,NRSA 1819 Landscape,Landscape Data,landscape_PCTOW2013WS,PCTOW2013WS,% of the upstream watershed (Ws) areas classified as open water land cover. Derived from the nlcd2013.tif (class 11) landscape raster.,,,LAND,,,,COLUMN_NAME,landscape
1819,NRSA 1819 Landscape,Landscape Data,landscape_PCTOW2016_WSRP100,PCTOW2016_WSRP100,% of the upstream watershed (Ws) areas classified as open water land cover and within 100-m buffer of NHD stream lines (Rp100). Derived from the nlcd2016.tif (class 11) landscape raster.,,,LAND,,,,COLUMN_NAME,landscape
1819,NRSA 1819 Landscape,Landscape Data,landscape_PCTOW2016WS,PCTOW2016WS,% of the upstream watershed (Ws) areas classified as open water land cover. Derived from the nlcd2016.tif (class 11) landscape raster.,,,LAND,,,,COLUMN_NAME,landscape
1819,NRSA 1819 Landscape,Landscape Data,landscape_PCTOW2019_WSRP100,PCTOW2019_WSRP100,% of the upstream watershed (Ws) areas classified as open water land cover and within 100-m buffer of NHD stream lines (Rp100). Derived from the nlcd2019.tif (class 11) landscape raster.,,,LAND,,,,COLUMN_NAME,landscape
1819,NRSA 1819 Landscape,Landscape Data,landscape_PCTOW2019WS,PCTOW2019WS,% of the upstream watershed (Ws) areas classified as open water land cover. Derived from the nlcd2019.tif (class 11) landscape raster.,,,LAND,,,,COLUMN_NAME,landscape
1819,NRSA 1819 Landscape,Landscape Data,landscape_PCTSALLAKEWS,PCTSALLAKEWS,% of the upstream watershed (Ws) classified as lithology type: saline like sediment.,,,LAND,,,,COLUMN_NAME,landscape
1819,NRSA 1819 Landscape,Landscape Data,landscape_PCTSANDSTONE_CARBONATEWS,PCTSANDSTONE_CARBONATEWS,% of the upstream watershed (Ws) classified as bedrock permeability type: Sandstone and carbonate rocks.,,,LAND,,,,COLUMN_NAME,landscape
1819,NRSA 1819 Landscape,Landscape Data,landscape_PCTSANDSTONEWS,PCTSANDSTONEWS,% of the upstream watershed (Ws) classified as bedrock permeability type: Sandstone.,,,LAND,,,,COLUMN_NAME,landscape
1819,NRSA 1819 Landscape,Landscape Data,landscape_PCTSEMICONSOL_SANDWS,PCTSEMICONSOL_SANDWS,% of the upstream watershed (Ws) classified as bedrock permeability type: Semiconsolidated sand.,,,LAND,,,,COLUMN_NAME,landscape
1819,NRSA 1819 Landscape,Landscape Data,landscape_PCTSHRB2001_WSRP100,PCTSHRB2001_WSRP100,% of the upstream watershed (Ws) areas classified as shrub/scrub land cover and within 100-m buffer of NHD stream lines (Rp100). Derived from the nlcd2001.tif (class 52) landscape raster.,,,LAND,,,,COLUMN_NAME,landscape
1819,NRSA 1819 Landscape,Landscape Data,landscape_PCTSHRB2001WS,PCTSHRB2001WS,% of the upstream watershed (Ws) areas classified as shrub/scrub land cover. Derived from the nlcd2001.tif (class 52) landscape raster.,,,LAND,,,,COLUMN_NAME,landscape
1819,NRSA 1819 Landscape,Landscape Data,landscape_PCTSHRB2004_WSRP100,PCTSHRB2004_WSRP100,% of the upstream watershed (Ws) areas classified as shrub/scrub land cover and within 100-m buffer of NHD stream lines (Rp100). Derived from the nlcd2004.tif (class 52) landscape raster.,,,LAND,,,,COLUMN_NAME,landscape
1819,NRSA 1819 Landscape,Landscape Data,landscape_PCTSHRB2004WS,PCTSHRB2004WS,% of the upstream watershed (Ws) areas classified as shrub/scrub land cover. Derived from the nlcd2004.tif (class 52) landscape raster.,,,LAND,,,,COLUMN_NAME,landscape
1819,NRSA 1819 Landscape,Landscape Data,landscape_PCTSHRB2006_WSRP100,PCTSHRB2006_WSRP100,% of the upstream watershed (Ws) areas classified as shrub/scrub land cover and within 100-m buffer of NHD stream lines (Rp100). Derived from the nlcd2006.tif (class 52) landscape raster.,,,LAND,,,,COLUMN_NAME,landscape
1819,NRSA 1819 Landscape,Landscape Data,landscape_PCTSHRB2006WS,PCTSHRB2006WS,% of the upstream watershed (Ws) areas classified as shrub/scrub land cover. Derived from the nlcd2006.tif (class 52) landscape raster.,,,LAND,,,,COLUMN_NAME,landscape
1819,NRSA 1819 Landscape,Landscape Data,landscape_PCTSHRB2008_WSRP100,PCTSHRB2008_WSRP100,% of the upstream watershed (Ws) areas classified as shrub/scrub land cover and within 100-m buffer of NHD stream lines (Rp100). Derived from the nlcd2008.tif (class 52) landscape raster.,,,LAND,,,,COLUMN_NAME,landscape
1819,NRSA 1819 Landscape,Landscape Data,landscape_PCTSHRB2008WS,PCTSHRB2008WS,% of the upstream watershed (Ws) areas classified as shrub/scrub land cover. Derived from the nlcd2008.tif (class 52) landscape raster.,,,LAND,,,,COLUMN_NAME,landscape
1819,NRSA 1819 Landscape,Landscape Data,landscape_PCTSHRB2011_WSRP100,PCTSHRB2011_WSRP100,% of the upstream watershed (Ws) areas classified as shrub/scrub land cover and within 100-m buffer of NHD stream lines (Rp100). Derived from the nlcd2011.tif (class 52) landscape raster.,,,LAND,,,,COLUMN_NAME,landscape
1819,NRSA 1819 Landscape,Landscape Data,landscape_PCTSHRB2011WS,PCTSHRB2011WS,% of the upstream watershed (Ws) areas classified as shrub/scrub land cover. Derived from the nlcd2011.tif (class 52) landscape raster.,,,LAND,,,,COLUMN_NAME,landscape
1819,NRSA 1819 Landscape,Landscape Data,landscape_PCTSHRB2013_WSRP100,PCTSHRB2013_WSRP100,% of the upstream watershed (Ws) areas classified as shrub/scrub land cover and within 100-m buffer of NHD stream lines (Rp100). Derived from the nlcd2013.tif (class 52) landscape raster.,,,LAND,,,,COLUMN_NAME,landscape
1819,NRSA 1819 Landscape,Landscape Data,landscape_PCTSHRB2013WS,PCTSHRB2013WS,% of the upstream watershed (Ws) areas classified as shrub/scrub land cover. Derived from the nlcd2013.tif (class 52) landscape raster.,,,LAND,,,,COLUMN_NAME,landscape
1819,NRSA 1819 Landscape,Landscape Data,landscape_PCTSHRB2016_WSRP100,PCTSHRB2016_WSRP100,% of the upstream watershed (Ws) areas classified as shrub/scrub land cover and within 100-m buffer of NHD stream lines (Rp100). Derived from the nlcd2016.tif (class 52) landscape raster.,,,LAND,,,,COLUMN_NAME,landscape
1819,NRSA 1819 Landscape,Landscape Data,landscape_PCTSHRB2016WS,PCTSHRB2016WS,% of the upstream watershed (Ws) areas classified as shrub/scrub land cover. Derived from the nlcd2016.tif (class 52) landscape raster.,,,LAND,,,,COLUMN_NAME,landscape
1819,NRSA 1819 Landscape,Landscape Data,landscape_PCTSHRB2019_WSRP100,PCTSHRB2019_WSRP100,% of the upstream watershed (Ws) areas classified as shrub/scrub land cover and within 100-m buffer of NHD stream lines (Rp100). Derived from the nlcd2019.tif (class 52) landscape raster.,,,LAND,,,,COLUMN_NAME,landscape
1819,NRSA 1819 Landscape,Landscape Data,landscape_PCTSHRB2019WS,PCTSHRB2019WS,% of the upstream watershed (Ws) areas classified as shrub/scrub land cover. Derived from the nlcd2019.tif (class 52) landscape raster.,,,LAND,,,,COLUMN_NAME,landscape
1819,NRSA 1819 Landscape,Landscape Data,landscape_PCTSILICICWS,PCTSILICICWS,% of the upstream watershed (Ws) classified as lithology type: silicic residual material.,,,LAND,,,,COLUMN_NAME,landscape
1819,NRSA 1819 Landscape,Landscape Data,landscape_PCTUNCONSOL_SAND_GRAVELWS,PCTUNCONSOL_SAND_GRAVELWS,% of the upstream watershed (Ws) classified as bedrock permeability type: Unconsolidated sand and gravel.,,,LAND,,,,COLUMN_NAME,landscape
1819,NRSA 1819 Landscape,Landscape Data,landscape_PCTURBHI2001_WSRP100,PCTURBHI2001_WSRP100,"% of the upstream watershed (Ws) areas classified as developed, high intensity land use and within 100-m buffer of NHD stream lines (Rp100). Derived from the nlcd2001.tif (class 24) landscape raster.",,,LAND,,,,COLUMN_NAME,landscape
1819,NRSA 1819 Landscape,Landscape Data,landscape_PCTURBHI2001WS,PCTURBHI2001WS,"% of the upstream watershed (Ws) areas classified as developed, high intensity land use. Derived from the nlcd2001.tif (class 24) landscape raster.",,,LAND,,,,COLUMN_NAME,landscape
1819,NRSA 1819 Landscape,Landscape Data,landscape_PCTURBHI2004_WSRP100,PCTURBHI2004_WSRP100,"% of the upstream watershed (Ws) areas classified as developed, high intensity land use and within 100-m buffer of NHD stream lines (Rp100). Derived from the nlcd2004.tif (class 24) landscape raster.",,,LAND,,,,COLUMN_NAME,landscape
1819,NRSA 1819 Landscape,Landscape Data,landscape_PCTURBHI2004WS,PCTURBHI2004WS,"% of the upstream watershed (Ws) areas classified as developed, high intensity land use. Derived from the nlcd2004.tif (class 24) landscape raster.",,,LAND,,,,COLUMN_NAME,landscape
1819,NRSA 1819 Landscape,Landscape Data,landscape_PCTURBHI2006_WSRP100,PCTURBHI2006_WSRP100,"% of the upstream watershed (Ws) areas classified as developed, high intensity land use and within 100-m buffer of NHD stream lines (Rp100). Derived from the nlcd2006.tif (class 24) landscape raster.",,,LAND,,,,COLUMN_NAME,landscape
1819,NRSA 1819 Landscape,Landscape Data,landscape_PCTURBHI2006WS,PCTURBHI2006WS,"% of the upstream watershed (Ws) areas classified as developed, high intensity land use. Derived from the nlcd2006.tif (class 24) landscape raster.",,,LAND,,,,COLUMN_NAME,landscape
1819,NRSA 1819 Landscape,Landscape Data,landscape_PCTURBHI2008_WSRP100,PCTURBHI2008_WSRP100,"% of the upstream watershed (Ws) areas classified as developed, high intensity land use and within 100-m buffer of NHD stream lines (Rp100). Derived from the nlcd2008.tif (class 24) landscape raster.",,,LAND,,,,COLUMN_NAME,landscape
1819,NRSA 1819 Landscape,Landscape Data,landscape_PCTURBHI2008WS,PCTURBHI2008WS,"% of the upstream watershed (Ws) areas classified as developed, high intensity land use. Derived from the nlcd2008.tif (class 24) landscape raster.",,,LAND,,,,COLUMN_NAME,landscape
1819,NRSA 1819 Landscape,Landscape Data,landscape_PCTURBHI2011_WSRP100,PCTURBHI2011_WSRP100,"% of the upstream watershed (Ws) areas classified as developed, high intensity land use and within 100-m buffer of NHD stream lines (Rp100). Derived from the nlcd2011.tif (class 24) landscape raster.",,,LAND,,,,COLUMN_NAME,landscape
1819,NRSA 1819 Landscape,Landscape Data,landscape_PCTURBHI2011WS,PCTURBHI2011WS,"% of the upstream watershed (Ws) areas classified as developed, high intensity land use. Derived from the nlcd2011.tif (class 24) landscape raster.",,,LAND,,,,COLUMN_NAME,landscape
1819,NRSA 1819 Landscape,Landscape Data,landscape_PCTURBHI2013_WSRP100,PCTURBHI2013_WSRP100,"% of the upstream watershed (Ws) areas classified as developed, high intensity land use and within 100-m buffer of NHD stream lines (Rp100). Derived from the nlcd2013.tif (class 24) landscape raster.",,,LAND,,,,COLUMN_NAME,landscape
1819,NRSA 1819 Landscape,Landscape Data,landscape_PCTURBHI2013WS,PCTURBHI2013WS,"% of the upstream watershed (Ws) areas classified as developed, high intensity land use. Derived from the nlcd2013.tif (class 24) landscape raster.",,,LAND,,,,COLUMN_NAME,landscape
1819,NRSA 1819 Landscape,Landscape Data,landscape_PCTURBHI2016_WSRP100,PCTURBHI2016_WSRP100,"% of the upstream watershed (Ws) areas classified as developed, high intensity land use and within 100-m buffer of NHD stream lines (Rp100). Derived from the nlcd2016.tif (class 24) landscape raster.",,,LAND,,,,COLUMN_NAME,landscape
1819,NRSA 1819 Landscape,Landscape Data,landscape_PCTURBHI2016WS,PCTURBHI2016WS,"% of the upstream watershed (Ws) areas classified as developed, high intensity land use. Derived from the nlcd2016.tif (class 24) landscape raster.",,,LAND,,,,COLUMN_NAME,landscape
1819,NRSA 1819 Landscape,Landscape Data,landscape_PCTURBHI2019_WSRP100,PCTURBHI2019_WSRP100,"% of the upstream watershed (Ws) areas classified as developed, high intensity land use and within 100-m buffer of NHD stream lines (Rp100). Derived from the nlcd2019.tif (class 24) landscape raster.",,,LAND,,,,COLUMN_NAME,landscape
1819,NRSA 1819 Landscape,Landscape Data,landscape_PCTURBHI2019WS,PCTURBHI2019WS,"% of the upstream watershed (Ws) areas classified as developed, high intensity land use. Derived from the nlcd2019.tif (class 24) landscape raster.",,,LAND,,,,COLUMN_NAME,landscape
1819,NRSA 1819 Landscape,Landscape Data,landscape_PCTURBLO2001_WSRP100,PCTURBLO2001_WSRP100,"% of the upstream watershed (Ws) areas classified as developed, low intensity land use and within 100-m buffer of NHD stream lines (Rp100). Derived from the nlcd2001.tif (class 22) landscape raster.",,,LAND,,,,COLUMN_NAME,landscape
1819,NRSA 1819 Landscape,Landscape Data,landscape_PCTURBLO2001WS,PCTURBLO2001WS,"% of the upstream watershed (Ws) areas classified as developed, low intensity land use. Derived from the nlcd2001.tif (class 22) landscape raster.",,,LAND,,,,COLUMN_NAME,landscape
1819,NRSA 1819 Landscape,Landscape Data,landscape_PCTURBLO2004_WSRP100,PCTURBLO2004_WSRP100,"% of the upstream watershed (Ws) areas classified as developed, low intensity land use and within 100-m buffer of NHD stream lines (Rp100). Derived from the nlcd2004.tif (class 22) landscape raster.",,,LAND,,,,COLUMN_NAME,landscape
1819,NRSA 1819 Landscape,Landscape Data,landscape_PCTURBLO2004WS,PCTURBLO2004WS,"% of the upstream watershed (Ws) areas classified as developed, low intensity land use. Derived from the nlcd2004.tif (class 22) landscape raster.",,,LAND,,,,COLUMN_NAME,landscape
1819,NRSA 1819 Landscape,Landscape Data,landscape_PCTURBLO2006_WSRP100,PCTURBLO2006_WSRP100,"% of the upstream watershed (Ws) areas classified as developed, low intensity land use and within 100-m buffer of NHD stream lines (Rp100). Derived from the nlcd2006.tif (class 22) landscape raster.",,,LAND,,,,COLUMN_NAME,landscape
1819,NRSA 1819 Landscape,Landscape Data,landscape_PCTURBLO2006WS,PCTURBLO2006WS,"% of the upstream watershed (Ws) areas classified as developed, low intensity land use. Derived from the nlcd2006.tif (class 22) landscape raster.",,,LAND,,,,COLUMN_NAME,landscape
1819,NRSA 1819 Landscape,Landscape Data,landscape_PCTURBLO2008_WSRP100,PCTURBLO2008_WSRP100,"% of the upstream watershed (Ws) areas classified as developed, low intensity land use and within 100-m buffer of NHD stream lines (Rp100). Derived from the nlcd2008.tif (class 22) landscape raster.",,,LAND,,,,COLUMN_NAME,landscape
1819,NRSA 1819 Landscape,Landscape Data,landscape_PCTURBLO2008WS,PCTURBLO2008WS,"% of the upstream watershed (Ws) areas classified as developed, low intensity land use. Derived from the nlcd2008.tif (class 22) landscape raster.",,,LAND,,,,COLUMN_NAME,landscape
1819,NRSA 1819 Landscape,Landscape Data,landscape_PCTURBLO2011_WSRP100,PCTURBLO2011_WSRP100,"% of the upstream watershed (Ws) areas classified as developed, low intensity land use and within 100-m buffer of NHD stream lines (Rp100). Derived from the nlcd2011.tif (class 22) landscape raster.",,,LAND,,,,COLUMN_NAME,landscape
1819,NRSA 1819 Landscape,Landscape Data,landscape_PCTURBLO2011WS,PCTURBLO2011WS,"% of the upstream watershed (Ws) areas classified as developed, low intensity land use. Derived from the nlcd2011.tif (class 22) landscape raster.",,,LAND,,,,COLUMN_NAME,landscape
1819,NRSA 1819 Landscape,Landscape Data,landscape_PCTURBLO2013_WSRP100,PCTURBLO2013_WSRP100,"% of the upstream watershed (Ws) areas classified as developed, low intensity land use and within 100-m buffer of NHD stream lines (Rp100). Derived from the nlcd2013.tif (class 22) landscape raster.",,,LAND,,,,COLUMN_NAME,landscape
1819,NRSA 1819 Landscape,Landscape Data,landscape_PCTURBLO2013WS,PCTURBLO2013WS,"% of the upstream watershed (Ws) areas classified as developed, low intensity land use. Derived from the nlcd2013.tif (class 22) landscape raster.",,,LAND,,,,COLUMN_NAME,landscape
1819,NRSA 1819 Landscape,Landscape Data,landscape_PCTURBLO2016_WSRP100,PCTURBLO2016_WSRP100,"% of the upstream watershed (Ws) areas classified as developed, low intensity land use and within 100-m buffer of NHD stream lines (Rp100). Derived from the nlcd2016.tif (class 22) landscape raster.",,,LAND,,,,COLUMN_NAME,landscape
1819,NRSA 1819 Landscape,Landscape Data,landscape_PCTURBLO2016WS,PCTURBLO2016WS,"% of the upstream watershed (Ws) areas classified as developed, low intensity land use. Derived from the nlcd2016.tif (class 22) landscape raster.",,,LAND,,,,COLUMN_NAME,landscape
1819,NRSA 1819 Landscape,Landscape Data,landscape_PCTURBLO2019_WSRP100,PCTURBLO2019_WSRP100,"% of the upstream watershed (Ws) areas classified as developed, low intensity land use and within 100-m buffer of NHD stream lines (Rp100). Derived from the nlcd2019.tif (class 22) landscape raster.",,,LAND,,,,COLUMN_NAME,landscape
1819,NRSA 1819 Landscape,Landscape Data,landscape_PCTURBLO2019WS,PCTURBLO2019WS,"% of the upstream watershed (Ws) areas classified as developed, low intensity land use. Derived from the nlcd2019.tif (class 22) landscape raster.",,,LAND,,,,COLUMN_NAME,landscape
1819,NRSA 1819 Landscape,Landscape Data,landscape_PCTURBMD2001_WSRP100,PCTURBMD2001_WSRP100,"% of the upstream watershed (Ws) areas classified as developed, medium intensity land use and within 100-m buffer of NHD stream lines (Rp100). Derived from the nlcd2001.tif (class 23) landscape raster.",,,LAND,,,,COLUMN_NAME,landscape
1819,NRSA 1819 Landscape,Landscape Data,landscape_PCTURBMD2001WS,PCTURBMD2001WS,"% of the upstream watershed (Ws) areas classified as developed, medium intensity land use. Derived from the nlcd2001.tif (class 23) landscape raster.",,,LAND,,,,COLUMN_NAME,landscape
1819,NRSA 1819 Landscape,Landscape Data,landscape_PCTURBMD2004_WSRP100,PCTURBMD2004_WSRP100,"% of the upstream watershed (Ws) areas classified as developed, medium intensity land use and within 100-m buffer of NHD stream lines (Rp100). Derived from the nlcd2004.tif (class 23) landscape raster.",,,LAND,,,,COLUMN_NAME,landscape
1819,NRSA 1819 Landscape,Landscape Data,landscape_PCTURBMD2004WS,PCTURBMD2004WS,"% of the upstream watershed (Ws) areas classified as developed, medium intensity land use. Derived from the nlcd2004.tif (class 23) landscape raster.",,,LAND,,,,COLUMN_NAME,landscape
1819,NRSA 1819 Landscape,Landscape Data,landscape_PCTURBMD2006_WSRP100,PCTURBMD2006_WSRP100,"% of the upstream watershed (Ws) areas classified as developed, medium intensity land use and within 100-m buffer of NHD stream lines (Rp100). Derived from the nlcd2006.tif (class 23) landscape raster.",,,LAND,,,,COLUMN_NAME,landscape
1819,NRSA 1819 Landscape,Landscape Data,landscape_PCTURBMD2006WS,PCTURBMD2006WS,"% of the upstream watershed (Ws) areas classified as developed, medium intensity land use. Derived from the nlcd2006.tif (class 23) landscape raster.",,,LAND,,,,COLUMN_NAME,landscape
1819,NRSA 1819 Landscape,Landscape Data,landscape_PCTURBMD2008_WSRP100,PCTURBMD2008_WSRP100,"% of the upstream watershed (Ws) areas classified as developed, medium intensity land use and within 100-m buffer of NHD stream lines (Rp100). Derived from the nlcd2008.tif (class 23) landscape raster.",,,LAND,,,,COLUMN_NAME,landscape
1819,NRSA 1819 Landscape,Landscape Data,landscape_PCTURBMD2008WS,PCTURBMD2008WS,"% of the upstream watershed (Ws) areas classified as developed, medium intensity land use. Derived from the nlcd2008.tif (class 23) landscape raster.",,,LAND,,,,COLUMN_NAME,landscape
1819,NRSA 1819 Landscape,Landscape Data,landscape_PCTURBMD2011_WSRP100,PCTURBMD2011_WSRP100,"% of the upstream watershed (Ws) areas classified as developed, medium intensity land use and within 100-m buffer of NHD stream lines (Rp100). Derived from the nlcd2011.tif (class 23) landscape raster.",,,LAND,,,,COLUMN_NAME,landscape
1819,NRSA 1819 Landscape,Landscape Data,landscape_PCTURBMD2011WS,PCTURBMD2011WS,"% of the upstream watershed (Ws) areas classified as developed, medium intensity land use. Derived from the nlcd2011.tif (class 23) landscape raster.",,,LAND,,,,COLUMN_NAME,landscape
1819,NRSA 1819 Landscape,Landscape Data,landscape_PCTURBMD2013_WSRP100,PCTURBMD2013_WSRP100,"% of the upstream watershed (Ws) areas classified as developed, medium intensity land use and within 100-m buffer of NHD stream lines (Rp100). Derived from the nlcd2013.tif (class 23) landscape raster.",,,LAND,,,,COLUMN_NAME,landscape
1819,NRSA 1819 Landscape,Landscape Data,landscape_PCTURBMD2013WS,PCTURBMD2013WS,"% of the upstream watershed (Ws) areas classified as developed, medium intensity land use. Derived from the nlcd2013.tif (class 23) landscape raster.",,,LAND,,,,COLUMN_NAME,landscape
1819,NRSA 1819 Landscape,Landscape Data,landscape_PCTURBMD2016_WSRP100,PCTURBMD2016_WSRP100,"% of the upstream watershed (Ws) areas classified as developed, medium intensity land use and within 100-m buffer of NHD stream lines (Rp100). Derived from the nlcd2016.tif (class 23) landscape raster.",,,LAND,,,,COLUMN_NAME,landscape
1819,NRSA 1819 Landscape,Landscape Data,landscape_PCTURBMD2016WS,PCTURBMD2016WS,"% of the upstream watershed (Ws) areas classified as developed, medium intensity land use. Derived from the nlcd2016.tif (class 23) landscape raster.",,,LAND,,,,COLUMN_NAME,landscape
1819,NRSA 1819 Landscape,Landscape Data,landscape_PCTURBMD2019_WSRP100,PCTURBMD2019_WSRP100,"% of the upstream watershed (Ws) areas classified as developed, medium intensity land use and within 100-m buffer of NHD stream lines (Rp100). Derived from the nlcd2019.tif (class 23) landscape raster.",,,LAND,,,,COLUMN_NAME,landscape
1819,NRSA 1819 Landscape,Landscape Data,landscape_PCTURBMD2019WS,PCTURBMD2019WS,"% of the upstream watershed (Ws) areas classified as developed, medium intensity land use. Derived from the nlcd2019.tif (class 23) landscape raster.",,,LAND,,,,COLUMN_NAME,landscape
1819,NRSA 1819 Landscape,Landscape Data,landscape_PCTURBOP2001_WSRP100,PCTURBOP2001_WSRP100,"% of the upstream watershed (Ws) areas classified as developed, open space land use and within 100-m buffer of NHD stream lines (Rp100). Derived from the nlcd2001.tif (class 21) landscape raster.",,,LAND,,,,COLUMN_NAME,landscape
1819,NRSA 1819 Landscape,Landscape Data,landscape_PCTURBOP2001WS,PCTURBOP2001WS,"% of the upstream watershed (Ws) areas classified as developed, open space land use. Derived from the nlcd2001.tif (class 21) landscape raster.",,,LAND,,,,COLUMN_NAME,landscape
1819,NRSA 1819 Landscape,Landscape Data,landscape_PCTURBOP2004_WSRP100,PCTURBOP2004_WSRP100,"% of the upstream watershed (Ws) areas classified as developed, open space land use and within 100-m buffer of NHD stream lines (Rp100). Derived from the nlcd2004.tif (class 21) landscape raster.",,,LAND,,,,COLUMN_NAME,landscape
1819,NRSA 1819 Landscape,Landscape Data,landscape_PCTURBOP2004WS,PCTURBOP2004WS,"% of the upstream watershed (Ws) areas classified as developed, open space land use. Derived from the nlcd2004.tif (class 21) landscape raster.",,,LAND,,,,COLUMN_NAME,landscape
1819,NRSA 1819 Landscape,Landscape Data,landscape_PCTURBOP2006_WSRP100,PCTURBOP2006_WSRP100,"% of the upstream watershed (Ws) areas classified as developed, open space land use and within 100-m buffer of NHD stream lines (Rp100). Derived from the nlcd2006.tif (class 21) landscape raster.",,,LAND,,,,COLUMN_NAME,landscape
1819,NRSA 1819 Landscape,Landscape Data,landscape_PCTURBOP2006WS,PCTURBOP2006WS,"% of the upstream watershed (Ws) areas classified as developed, open space land use. Derived from the nlcd2006.tif (class 21) landscape raster.",,,LAND,,,,COLUMN_NAME,landscape
1819,NRSA 1819 Landscape,Landscape Data,landscape_PCTURBOP2008_WSRP100,PCTURBOP2008_WSRP100,"% of the upstream watershed (Ws) areas classified as developed, open space land use and within 100-m buffer of NHD stream lines (Rp100). Derived from the nlcd2008.tif (class 21) landscape raster.",,,LAND,,,,COLUMN_NAME,landscape
1819,NRSA 1819 Landscape,Landscape Data,landscape_PCTURBOP2008WS,PCTURBOP2008WS,"% of the upstream watershed (Ws) areas classified as developed, open space land use. Derived from the nlcd2008.tif (class 21) landscape raster.",,,LAND,,,,COLUMN_NAME,landscape
1819,NRSA 1819 Landscape,Landscape Data,landscape_PCTURBOP2011_WSRP100,PCTURBOP2011_WSRP100,"% of the upstream watershed (Ws) areas classified as developed, open space land use and within 100-m buffer of NHD stream lines (Rp100). Derived from the nlcd2011.tif (class 21) landscape raster.",,,LAND,,,,COLUMN_NAME,landscape
1819,NRSA 1819 Landscape,Landscape Data,landscape_PCTURBOP2011WS,PCTURBOP2011WS,"% of the upstream watershed (Ws) areas classified as developed, open space land use. Derived from the nlcd2011.tif (class 21) landscape raster.",,,LAND,,,,COLUMN_NAME,landscape
1819,NRSA 1819 Landscape,Landscape Data,landscape_PCTURBOP2013_WSRP100,PCTURBOP2013_WSRP100,"% of the upstream watershed (Ws) areas classified as developed, open space land use and within 100-m buffer of NHD stream lines (Rp100). Derived from the nlcd2013.tif (class 21) landscape raster.",,,LAND,,,,COLUMN_NAME,landscape
1819,NRSA 1819 Landscape,Landscape Data,landscape_PCTURBOP2013WS,PCTURBOP2013WS,"% of the upstream watershed (Ws) areas classified as developed, open space land use. Derived from the nlcd2013.tif (class 21) landscape raster.",,,LAND,,,,COLUMN_NAME,landscape
1819,NRSA 1819 Landscape,Landscape Data,landscape_PCTURBOP2016_WSRP100,PCTURBOP2016_WSRP100,"% of the upstream watershed (Ws) areas classified as developed, open space land use and within 100-m buffer of NHD stream lines (Rp100). Derived from the nlcd2016.tif (class 21) landscape raster.",,,LAND,,,,COLUMN_NAME,landscape
1819,NRSA 1819 Landscape,Landscape Data,landscape_PCTURBOP2016WS,PCTURBOP2016WS,"% of the upstream watershed (Ws) areas classified as developed, open space land use. Derived from the nlcd2016.tif (class 21) landscape raster.",,,LAND,,,,COLUMN_NAME,landscape
1819,NRSA 1819 Landscape,Landscape Data,landscape_PCTURBOP2019_WSRP100,PCTURBOP2019_WSRP100,"% of the upstream watershed (Ws) areas classified as developed, open space land use and within 100-m buffer of NHD stream lines (Rp100). Derived from the nlcd2019.tif (class 21) landscape raster.",,,LAND,,,,COLUMN_NAME,landscape
1819,NRSA 1819 Landscape,Landscape Data,landscape_PCTURBOP2019WS,PCTURBOP2019WS,"% of the upstream watershed (Ws) areas classified as developed, open space land use. Derived from the nlcd2019.tif (class 21) landscape raster.",,,LAND,,,,COLUMN_NAME,landscape
1819,NRSA 1819 Landscape,Landscape Data,landscape_PCTVOLCANICWS,PCTVOLCANICWS,% of the upstream watershed (Ws) classified as bedrock permeability type: Basalt and other volcanic rocks.,,,LAND,,,,COLUMN_NAME,landscape
1819,NRSA 1819 Landscape,Landscape Data,landscape_PCTWATERWS,PCTWATERWS,% of the upstream watershed (Ws) classified as lithology type: water.,,,LAND,,,,COLUMN_NAME,landscape
1819,NRSA 1819 Landscape,Landscape Data,landscape_PCTWDWET2001_WSRP100,PCTWDWET2001_WSRP100,% of the upstream watershed (Ws) areas classified as woody wetland land cover and within 100-m buffer of NHD stream lines (Rp100). Derived from the nlcd2001.tif (class 90) landscape raster.,,,LAND,,,,COLUMN_NAME,landscape
1819,NRSA 1819 Landscape,Landscape Data,landscape_PCTWDWET2001WS,PCTWDWET2001WS,% of the upstream watershed (Ws) areas classified as woody wetland land cover. Derived from the nlcd2001.tif (class 90) landscape raster.,,,LAND,,,,COLUMN_NAME,landscape
1819,NRSA 1819 Landscape,Landscape Data,landscape_PCTWDWET2004_WSRP100,PCTWDWET2004_WSRP100,% of the upstream watershed (Ws) areas classified as woody wetland land cover and within 100-m buffer of NHD stream lines (Rp100). Derived from the nlcd2004.tif (class 90) landscape raster.,,,LAND,,,,COLUMN_NAME,landscape
1819,NRSA 1819 Landscape,Landscape Data,landscape_PCTWDWET2004WS,PCTWDWET2004WS,% of the upstream watershed (Ws) areas classified as woody wetland land cover. Derived from the nlcd2004.tif (class 90) landscape raster.,,,LAND,,,,COLUMN_NAME,landscape
1819,NRSA 1819 Landscape,Landscape Data,landscape_PCTWDWET2006_WSRP100,PCTWDWET2006_WSRP100,% of the upstream watershed (Ws) areas classified as woody wetland land cover and within 100-m buffer of NHD stream lines (Rp100). Derived from the nlcd2006.tif (class 90) landscape raster.,,,LAND,,,,COLUMN_NAME,landscape
1819,NRSA 1819 Landscape,Landscape Data,landscape_PCTWDWET2006WS,PCTWDWET2006WS,% of the upstream watershed (Ws) areas classified as woody wetland land cover. Derived from the nlcd2006.tif (class 90) landscape raster.,,,LAND,,,,COLUMN_NAME,landscape
1819,NRSA 1819 Landscape,Landscape Data,landscape_PCTWDWET2008_WSRP100,PCTWDWET2008_WSRP100,% of the upstream watershed (Ws) areas classified as woody wetland land cover and within 100-m buffer of NHD stream lines (Rp100). Derived from the nlcd2008.tif (class 90) landscape raster.,,,LAND,,,,COLUMN_NAME,landscape
1819,NRSA 1819 Landscape,Landscape Data,landscape_PCTWDWET2008WS,PCTWDWET2008WS,% of the upstream watershed (Ws) areas classified as woody wetland land cover. Derived from the nlcd2008.tif (class 90) landscape raster.,,,LAND,,,,COLUMN_NAME,landscape
1819,NRSA 1819 Landscape,Landscape Data,landscape_PCTWDWET2011_WSRP100,PCTWDWET2011_WSRP100,% of the upstream watershed (Ws) areas classified as woody wetland land cover and within 100-m buffer of NHD stream lines (Rp100). Derived from the nlcd2011.tif (class 90) landscape raster.,,,LAND,,,,COLUMN_NAME,landscape
1819,NRSA 1819 Landscape,Landscape Data,landscape_PCTWDWET2011WS,PCTWDWET2011WS,% of the upstream watershed (Ws) areas classified as woody wetland land cover. Derived from the nlcd2011.tif (class 90) landscape raster.,,,LAND,,,,COLUMN_NAME,landscape
1819,NRSA 1819 Landscape,Landscape Data,landscape_PCTWDWET2013_WSRP100,PCTWDWET2013_WSRP100,% of the upstream watershed (Ws) areas classified as woody wetland land cover and within 100-m buffer of NHD stream lines (Rp100). Derived from the nlcd2013.tif (class 90) landscape raster.,,,LAND,,,,COLUMN_NAME,landscape
1819,NRSA 1819 Landscape,Landscape Data,landscape_PCTWDWET2013WS,PCTWDWET2013WS,% of the upstream watershed (Ws) areas classified as woody wetland land cover. Derived from the nlcd2013.tif (class 90) landscape raster.,,,LAND,,,,COLUMN_NAME,landscape
1819,NRSA 1819 Landscape,Landscape Data,landscape_PCTWDWET2016_WSRP100,PCTWDWET2016_WSRP100,% of the upstream watershed (Ws) areas classified as woody wetland land cover and within 100-m buffer of NHD stream lines (Rp100). Derived from the nlcd2016.tif (class 90) landscape raster.,,,LAND,,,,COLUMN_NAME,landscape
1819,NRSA 1819 Landscape,Landscape Data,landscape_PCTWDWET2016WS,PCTWDWET2016WS,% of the upstream watershed (Ws) areas classified as woody wetland land cover. Derived from the nlcd2016.tif (class 90) landscape raster.,,,LAND,,,,COLUMN_NAME,landscape
1819,NRSA 1819 Landscape,Landscape Data,landscape_PCTWDWET2019_WSRP100,PCTWDWET2019_WSRP100,% of the upstream watershed (Ws) areas classified as woody wetland land cover and within 100-m buffer of NHD stream lines (Rp100). Derived from the nlcd2019.tif (class 90) landscape raster.,,,LAND,,,,COLUMN_NAME,landscape
1819,NRSA 1819 Landscape,Landscape Data,landscape_PCTWDWET2019WS,PCTWDWET2019WS,% of the upstream watershed (Ws) areas classified as woody wetland land cover. Derived from the nlcd2019.tif (class 90) landscape raster.,,,LAND,,,,COLUMN_NAME,landscape
1819,NRSA 1819 Landscape,Landscape Data,landscape_PERDUN_WS_PCTFULL,PERDUN_WS_PCTFULL,"Percent of area with data for Dunne overland flow, also know as saturation overland flow, is generated in a basin when the water table \outcrops\\ on the land surface (due to the infiltration and redistribution of soil moisture within the basin), thereby producing temporary saturated areas. These saturated areas generate Dunne overland flow through exfiltration of shallow ground water and by routing precipitation directly to the stream network. The data are estimated from a watershed simulation model called TOPMODEL (Wolock, 1993). The model was run throughout the conterminous U.S. and estimated percentage of Dunne overland flow in total streamflow was quantified (Wolock, 2003).\""""",,,LAND,,,,COLUMN_NAME,landscape
1819,NRSA 1819 Landscape,Landscape Data,landscape_PERDUNWS,PERDUNWS,"Dunne overland flow, also know as saturation overland flow, is generated in a basin when the water table \outcrops\\ on the land surface (due to the infiltration and redistribution of soil moisture within the basin), thereby producing temporary saturated areas. These saturated areas generate Dunne overland flow through exfiltration of shallow ground water and by routing precipitation directly to the stream network. The data are estimated from a watershed simulation model called TOPMODEL (Wolock, 1993). The model was run throughout the conterminous U.S. and estimated percentage of Dunne overland flow in total streamflow was quantified (Wolock, 2003).\""""",,,LAND,,,,COLUMN_NAME,landscape
1819,NRSA 1819 Landscape,Landscape Data,landscape_PERHOR_WS_PCTFULL,PERHOR_WS_PCTFULL,"Percent of area with data for Horton overland flow, also known as infiltration-excess overland flow, is generated in a basin when infiltration rates are exceeded by precipitation rates. The data are estimated from a watershed simulation model called TOPMODEL (Wolock, 1993). The model was run throughout the conterminous U.S. and estimated percentage of Horton overland flow in total streamflow was quantified (Wolock, 2003).",,,LAND,,,,COLUMN_NAME,landscape
1819,NRSA 1819 Landscape,Landscape Data,landscape_PERHORWS,PERHORWS,"Horton overland flow, also known as infiltration-excess overland flow, is generated in a basin when infiltration rates are exceeded by precipitation rates. The data are estimated from a watershed simulation model called TOPMODEL (Wolock, 1993). The model was run throughout the conterminous U.S. and estimated percentage of Horton overland flow in total streamflow was quantified (Wolock, 2003).",,,LAND,,,,COLUMN_NAME,landscape
1819,NRSA 1819 Landscape,Landscape Data,landscape_PERM_WS_PCTFULL,PERM_WS_PCTFULL,Percent of area with data for Mean of all perm values within upstream watershed (Ws).,,,LAND,,,,COLUMN_NAME,landscape
1819,NRSA 1819 Landscape,Landscape Data,landscape_PERMH_WS_PCTFULL,PERMH_WS_PCTFULL,Percent of area with data for Watershed mean of the high values of permeability (inches/hour) of soils from the State Soil Geographic (STATSGO) Database,,,LAND,,,,COLUMN_NAME,landscape
1819,NRSA 1819 Landscape,Landscape Data,landscape_PERMHWS,PERMHWS,Watershed mean of the high values of permeability (inches/hour) of soils from the State Soil Geographic (STATSGO) Database,,,LAND,,,,COLUMN_NAME,landscape
1819,NRSA 1819 Landscape,Landscape Data,landscape_PERMWS,PERMWS,Mean of all perm values within upstream watershed (Ws).,,,LAND,,,,COLUMN_NAME,landscape
1819,NRSA 1819 Landscape,Landscape Data,landscape_PESTIC97_WS_PCTFULL,PESTIC97_WS_PCTFULL,Percent of area with data for Mean of all pestic.tif values within upstream watershed (Ws).,,,LAND,,,,COLUMN_NAME,landscape
1819,NRSA 1819 Landscape,Landscape Data,landscape_PESTIC97WS,PESTIC97WS,Mean of all pestic.tif values within upstream watershed (Ws).,,,LAND,,,,COLUMN_NAME,landscape
1819,NRSA 1819 Landscape,Landscape Data,landscape_PMAX_WS_PCTFULL,PMAX_WS_PCTFULL,"Percent of area with data for GIS raster calculated as (MAXxi) / 30, where xi = the modeled total precipitation (mm) for month i (1-12). Values based on 30 years (1971-2000) of PRISM climate estimates. Each value represents a 900 x 900 meter cell. Mean of all Pmax values within the watershed upstream of the sampling point (?Pmax i / n, where i = each of n pixels within the watershed).",,,LAND,,,,COLUMN_NAME,landscape
1819,NRSA 1819 Landscape,Landscape Data,landscape_PMAXWS,PMAXWS,"GIS raster calculated as (MAXxi) / 30, where xi = the modeled total precipitation (mm) for month i (1-12). Values based on 30 years (1971-2000) of PRISM climate estimates. Each value represents a 900 x 900 meter cell. Mean of all Pmax values within the watershed upstream of the sampling point (?Pmax i / n, where i = each of n pixels within the watershed).",,,LAND,,,,COLUMN_NAME,landscape
1819,NRSA 1819 Landscape,Landscape Data,landscape_PMIN_WS_PCTFULL,PMIN_WS_PCTFULL,"Percent of area with data for GIS raster calculated as (MINxi) / 30, where xi = the modeled total precipitation (mm) for month i (1-12). Values based on 30 years (1971-2000) of PRISM climate estimates. Each value represents a 900 x 900 meter cell. Mean of all Pmin values within the watershed upstream of the sampling point (?Pmin i / n, where i = each of n pixels within the watershed).",,,LAND,,,,COLUMN_NAME,landscape
1819,NRSA 1819 Landscape,Landscape Data,landscape_PMINWS,PMINWS,"GIS raster calculated as (MINxi) / 30, where xi = the modeled total precipitation (mm) for month i (1-12). Values based on 30 years (1971-2000) of PRISM climate estimates. Each value represents a 900 x 900 meter cell. Mean of all Pmin values within the watershed upstream of the sampling point (?Pmin i / n, where i = each of n pixels within the watershed).",,,LAND,,,,COLUMN_NAME,landscape
1819,NRSA 1819 Landscape,Landscape Data,landscape_POPDEN2010_WS_PCTFULL,POPDEN2010_WS_PCTFULL,Percent of area with data for Mean of all popden2010 values within the upstream watershed (Ws).,,,LAND,,,,COLUMN_NAME,landscape
1819,NRSA 1819 Landscape,Landscape Data,landscape_POPDEN2010_WS_PCTFULLRP100,POPDEN2010_WS_PCTFULLRP100,Percent of area with data for Mean of all popden2010 values within the upstream watershed (Ws) within a 100-m wide buffer of the NHD stream lines (Rp100). Derived as the intersection between Rp100 and popden2010 landscape layers.,,,LAND,,,,COLUMN_NAME,landscape
1819,NRSA 1819 Landscape,Landscape Data,landscape_POPDEN2010WS,POPDEN2010WS,Mean of all popden2010 values within the upstream watershed (Ws).,,,LAND,,,,COLUMN_NAME,landscape
1819,NRSA 1819 Landscape,Landscape Data,landscape_POPDEN2010WSRP100,POPDEN2010WSRP100,Mean of all popden2010 values within the upstream watershed (Ws) within a 100-m wide buffer of the NHD stream lines (Rp100). Derived as the intersection between Rp100 and popden2010 landscape layers.,,,LAND,,,,COLUMN_NAME,landscape
1819,NRSA 1819 Landscape,Landscape Data,landscape_PRECIP_WS_PCTFULL,PRECIP_WS_PCTFULL,"Percent of area with data for mean annual precip (cm) for the watershed, from 800m PRISM data. 30 years period of record 1971-2000.",,,LAND,,,,COLUMN_NAME,landscape
1819,NRSA 1819 Landscape,Landscape Data,landscape_PRECIP08WS,PRECIP08WS,"PRISM climate data - mean precipitation (mm):, within the upstream watershed (Ws). This metric was derived to support modeling of stream biological condition based on the 2008-2009 NRSA.",,,LAND,,,,COLUMN_NAME,landscape
1819,NRSA 1819 Landscape,Landscape Data,landscape_PRECIP09WS,PRECIP09WS,"PRISM climate data - mean precipitation (mm):, within the upstream watershed (Ws). This metric was derived to support modeling of stream biological condition based on the 2008-2009 NRSA.",,,LAND,,,,COLUMN_NAME,landscape
1819,NRSA 1819 Landscape,Landscape Data,landscape_PRECIP8110WS,PRECIP8110WS,"PRISM climate data - 30-year average annual normal precipitation (mm):, within the upstream watershed (Ws)",,,LAND,,,,COLUMN_NAME,landscape
1819,NRSA 1819 Landscape,Landscape Data,landscape_PRISMPPT_2008_WS_PCTFULL,PRISMPPT_2008_WS_PCTFULL,"Percent of area with data for PRISM climate data - mean precipitation (mm):, within the upstream watershed (Ws). This metric was derived to support modeling of stream biological condition based on the 2008-2009 NRSA.",,,LAND,,,,COLUMN_NAME,landscape
1819,NRSA 1819 Landscape,Landscape Data,landscape_PRISMPPT_2009_WS_PCTFULL,PRISMPPT_2009_WS_PCTFULL,"Percent of area with data for PRISM climate data - mean precipitation (mm):, within the upstream watershed (Ws). This metric was derived to support modeling of stream biological condition based on the 2008-2009 NRSA.",,,LAND,,,,COLUMN_NAME,landscape
1819,NRSA 1819 Landscape,Landscape Data,landscape_PSUMPY_2004_PT,PSUMPY_2004_PT,"GIS raster value at site location calculated as xi, where xi = the modeled total precipitation (mm) for month i (5-12) of the previous year and month i (1-4) of the sampling year. This value estimates the total precipitation for the 12 months prior to the field sampling season. Each value represents a 2 x 2 kilometer cell (http://www.prism.oregonstate.edu).",,,LAND,,,,COLUMN_NAME,landscape
1819,NRSA 1819 Landscape,Landscape Data,landscape_PSUMPY_2004_WS_PCTFULL,PSUMPY_2004_WS_PCTFULL,"Percent of area with data for GIS raster calculated as xi, where xi = the modeled total precipitation (mm) for month i (5-12) of the previous year and month i (1-4) of the sampling year. This value estimates the total precipitation for the 12 months prior to the field sampling season. Each value represents a 2 x 2 kilometer cell (http://www.prism.oregonstate.edu).",,,LAND,,,,COLUMN_NAME,landscape
1819,NRSA 1819 Landscape,Landscape Data,landscape_PSUMPY_2004WS,PSUMPY_2004WS,"GIS raster calculated as xi, where xi = the modeled total precipitation (mm) for month i (5-12) of the previous year and month i (1-4) of the sampling year. This value estimates the total precipitation for the 12 months prior to the field sampling season. Each value represents a 2 x 2 kilometer cell (http://www.prism.oregonstate.edu).",,,LAND,,,,COLUMN_NAME,landscape
1819,NRSA 1819 Landscape,Landscape Data,landscape_PSUMPY_2005_PT,PSUMPY_2005_PT,"GIS raster value at site location calculated as xi, where xi = the modeled total precipitation (mm) for month i (5-12) of the previous year and month i (1-4) of the sampling year. This value estimates the total precipitation for the 12 months prior to the field sampling season. Each value represents a 2 x 2 kilometer cell (http://www.prism.oregonstate.edu).",,,LAND,,,,COLUMN_NAME,landscape
1819,NRSA 1819 Landscape,Landscape Data,landscape_PSUMPY_2005_WS_PCTFULL,PSUMPY_2005_WS_PCTFULL,"Percent of area with data for GIS raster calculated as xi, where xi = the modeled total precipitation (mm) for month i (5-12) of the previous year and month i (1-4) of the sampling year. This value estimates the total precipitation for the 12 months prior to the field sampling season. Each value represents a 2 x 2 kilometer cell (http://www.prism.oregonstate.edu).",,,LAND,,,,COLUMN_NAME,landscape
1819,NRSA 1819 Landscape,Landscape Data,landscape_PSUMPY_2005WS,PSUMPY_2005WS,"GIS raster calculated as xi, where xi = the modeled total precipitation (mm) for month i (5-12) of the previous year and month i (1-4) of the sampling year. This value estimates the total precipitation for the 12 months prior to the field sampling season. Each value represents a 2 x 2 kilometer cell (http://www.prism.oregonstate.edu).",,,LAND,,,,COLUMN_NAME,landscape
1819,NRSA 1819 Landscape,Landscape Data,landscape_PSUMPY_2008_PT,PSUMPY_2008_PT,"GIS raster value at site location calculated as xi, where xi = the modeled total precipitation (mm) for month i (5-12) of the previous year and month i (1-4) of the sampling year. This value estimates the total precipitation for the 12 months prior to the field sampling season. Each value represents a 2 x 2 kilometer cell (http://www.prism.oregonstate.edu).",,,LAND,,,,COLUMN_NAME,landscape
1819,NRSA 1819 Landscape,Landscape Data,landscape_PSUMPY_2008_WS_PCTFULL,PSUMPY_2008_WS_PCTFULL,"Percent of area with data for GIS raster calculated as xi, where xi = the modeled total precipitation (mm) for month i (5-12) of the previous year and month i (1-4) of the sampling year. This value estimates the total precipitation for the 12 months prior to the field sampling season. Each value represents a 2 x 2 kilometer cell (http://www.prism.oregonstate.edu).",,,LAND,,,,COLUMN_NAME,landscape
1819,NRSA 1819 Landscape,Landscape Data,landscape_PSUMPY_2008WS,PSUMPY_2008WS,"GIS raster calculated as xi, where xi = the modeled total precipitation (mm) for month i (5-12) of the previous year and month i (1-4) of the sampling year. This value estimates the total precipitation for the 12 months prior to the field sampling season. Each value represents a 2 x 2 kilometer cell (http://www.prism.oregonstate.edu).",,,LAND,,,,COLUMN_NAME,landscape
1819,NRSA 1819 Landscape,Landscape Data,landscape_PSUMPY_2009_PT,PSUMPY_2009_PT,"GIS raster value at site location calculated as xi, where xi = the modeled total precipitation (mm) for month i (5-12) of the previous year and month i (1-4) of the sampling year. This value estimates the total precipitation for the 12 months prior to the field sampling season. Each value represents a 2 x 2 kilometer cell (http://www.prism.oregonstate.edu).",,,LAND,,,,COLUMN_NAME,landscape
1819,NRSA 1819 Landscape,Landscape Data,landscape_PSUMPY_2009_WS_PCTFULL,PSUMPY_2009_WS_PCTFULL,"Percent of area with data for GIS raster calculated as xi, where xi = the modeled total precipitation (mm) for month i (5-12) of the previous year and month i (1-4) of the sampling year. This value estimates the total precipitation for the 12 months prior to the field sampling season. Each value represents a 2 x 2 kilometer cell (http://www.prism.oregonstate.edu).",,,LAND,,,,COLUMN_NAME,landscape
1819,NRSA 1819 Landscape,Landscape Data,landscape_PSUMPY_2009WS,PSUMPY_2009WS,"GIS raster calculated as xi, where xi = the modeled total precipitation (mm) for month i (5-12) of the previous year and month i (1-4) of the sampling year. This value estimates the total precipitation for the 12 months prior to the field sampling season. Each value represents a 2 x 2 kilometer cell (http://www.prism.oregonstate.edu).",,,LAND,,,,COLUMN_NAME,landscape
1819,NRSA 1819 Landscape,Landscape Data,landscape_PSUMPY_2013_PT,PSUMPY_2013_PT,"GIS raster value at site location calculated as xi, where xi = the modeled total precipitation (mm) for month i (5-12) of the previous year and month i (1-4) of the sampling year. This value estimates the total precipitation for the 12 months prior to the field sampling season. Each value represents a 2 x 2 kilometer cell (http://www.prism.oregonstate.edu).",,,LANDSCAPE,,,,COLUMN_NAME,landscape
1819,NRSA 1819 Landscape,Landscape Data,landscape_PSUMPY_2013_WS_PCTFULL,PSUMPY_2013_WS_PCTFULL,"Percent of area with data for GIS raster calculated as xi, where xi = the modeled total precipitation (mm) for month i (5-12) of the previous year and month i (1-4) of the sampling year. This value estimates the total precipitation for the 12 months prior to the field sampling season. Each value represents a 2 x 2 kilometer cell (http://www.prism.oregonstate.edu).",,,LAND,,,,COLUMN_NAME,landscape
1819,NRSA 1819 Landscape,Landscape Data,landscape_PSUMPY_2013WS,PSUMPY_2013WS,"GIS raster calculated as xi, where xi = the modeled total precipitation (mm) for month i (5-12) of the previous year and month i (1-4) of the sampling year. This value estimates the total precipitation for the 12 months prior to the field sampling season. Each value represents a 2 x 2 kilometer cell (http://www.prism.oregonstate.edu).",,,LAND,,,,COLUMN_NAME,landscape
1819,NRSA 1819 Landscape,Landscape Data,landscape_PSUMPY_2014_PT,PSUMPY_2014_PT,"GIS raster value at site location calculated as xi, where xi = the modeled total precipitation (mm) for month i (5-12) of the previous year and month i (1-4) of the sampling year. This value estimates the total precipitation for the 12 months prior to the field sampling season. Each value represents a 2 x 2 kilometer cell (http://www.prism.oregonstate.edu).",,,LANDSCAPE,,,,COLUMN_NAME,landscape
1819,NRSA 1819 Landscape,Landscape Data,landscape_PSUMPY_2014_WS_PCTFULL,PSUMPY_2014_WS_PCTFULL,"Percent of area with data for GIS raster calculated as xi, where xi = the modeled total precipitation (mm) for month i (5-12) of the previous year and month i (1-4) of the sampling year. This value estimates the total precipitation for the 12 months prior to the field sampling season. Each value represents a 2 x 2 kilometer cell (http://www.prism.oregonstate.edu).",,,LAND,,,,COLUMN_NAME,landscape
1819,NRSA 1819 Landscape,Landscape Data,landscape_PSUMPY_2014WS,PSUMPY_2014WS,"GIS raster calculated as xi, where xi = the modeled total precipitation (mm) for month i (5-12) of the previous year and month i (1-4) of the sampling year. This value estimates the total precipitation for the 12 months prior to the field sampling season. Each value represents a 2 x 2 kilometer cell (http://www.prism.oregonstate.edu).",,,LAND,,,,COLUMN_NAME,landscape
1819,NRSA 1819 Landscape,Landscape Data,landscape_PSUMPY_2018_PT,PSUMPY_2018_PT,"GIS raster value at site location calculated as xi, where xi = the modeled total precipitation (mm) for month i (5-12) of the previous year and month i (1-4) of the sampling year. This value estimates the total precipitation for the 12 months prior to the field sampling season. Each value represents a 2 x 2 kilometer cell (http://www.prism.oregonstate.edu).",,,LAND,,,,COLUMN_NAME,landscape
1819,NRSA 1819 Landscape,Landscape Data,landscape_PSUMPY_2018_WS_PCTFULL,PSUMPY_2018_WS_PCTFULL,"Percent of area with data for GIS raster calculated as xi, where xi = the modeled total precipitation (mm) for month i (5-12) of the previous year and month i (1-4) of the sampling year. This value estimates the total precipitation for the 12 months prior to the field sampling season. Each value represents a 2 x 2 kilometer cell (http://www.prism.oregonstate.edu).",,,LAND,,,,COLUMN_NAME,landscape
1819,NRSA 1819 Landscape,Landscape Data,landscape_PSUMPY_2018WS,PSUMPY_2018WS,"GIS raster calculated as xi, where xi = the modeled total precipitation (mm) for month i (5-12) of the previous year and month i (1-4) of the sampling year. This value estimates the total precipitation for the 12 months prior to the field sampling season. Each value represents a 2 x 2 kilometer cell (http://www.prism.oregonstate.edu).",,,LAND,,,,COLUMN_NAME,landscape
1819,NRSA 1819 Landscape,Landscape Data,landscape_PSUMPY_2019_PT,PSUMPY_2019_PT,"GIS raster value at site location calculated as xi, where xi = the modeled total precipitation (mm) for month i (5-12) of the previous year and month i (1-4) of the sampling year. This value estimates the total precipitation for the 12 months prior to the field sampling season. Each value represents a 2 x 2 kilometer cell (http://www.prism.oregonstate.edu).",,,LAND,,,,COLUMN_NAME,landscape
1819,NRSA 1819 Landscape,Landscape Data,landscape_PSUMPY_2019_WS_PCTFULL,PSUMPY_2019_WS_PCTFULL,"Percent of area with data for GIS raster calculated as xi, where xi = the modeled total precipitation (mm) for month i (5-12) of the previous year and month i (1-4) of the sampling year. This value estimates the total precipitation for the 12 months prior to the field sampling season. Each value represents a 2 x 2 kilometer cell (http://www.prism.oregonstate.edu).",,,LAND,,,,COLUMN_NAME,landscape
1819,NRSA 1819 Landscape,Landscape Data,landscape_PSUMPY_2019WS,PSUMPY_2019WS,"GIS raster calculated as xi, where xi = the modeled total precipitation (mm) for month i (5-12) of the previous year and month i (1-4) of the sampling year. This value estimates the total precipitation for the 12 months prior to the field sampling season. Each value represents a 2 x 2 kilometer cell (http://www.prism.oregonstate.edu).",,,LAND,,,,COLUMN_NAME,landscape
1819,NRSA 1819 Landscape,Landscape Data,landscape_QTSDVOL,QTSDVOL,"Percentage of the watershed covered by any of the geology types QTRNRY, SDMNTRY, or VOLCANIC. Values 5, 6, or 7. (Reed & Bush, 2001)",,,LAND,,,,COLUMN_NAME,landscape
1819,NRSA 1819 Landscape,Landscape Data,landscape_RCKDEP_WS_PCTFULL,RCKDEP_WS_PCTFULL,Percent of area with data for Mean of all rckdep values within the upstream watershed (Ws).,,,LAND,,,,COLUMN_NAME,landscape
1819,NRSA 1819 Landscape,Landscape Data,landscape_RCKDEPWS,RCKDEPWS,Mean of all rckdep values within the upstream watershed (Ws).,,,LAND,,,,COLUMN_NAME,landscape
1819,NRSA 1819 Landscape,Landscape Data,landscape_RDCRS_WS_PCTFULL,RDCRS_WS_PCTFULL,Percent of area with data for Sum of all rdstrcrs values within the upstream watershed (Ws) divided by the area of each Cat and Ws.,,,LAND,,,,COLUMN_NAME,landscape
1819,NRSA 1819 Landscape,Landscape Data,landscape_RDCRSSLPWTDWS,RDCRSSLPWTDWS,Sum of all rdstrcrs values within the upstream watershed (Ws) multiplied by NHDPlusV21 slope and divided by the area of each Cat and Ws.,,,LAND,,,,COLUMN_NAME,landscape
1819,NRSA 1819 Landscape,Landscape Data,landscape_RDCRSWS,RDCRSWS,Sum of all rdstrcrs values within the upstream watershed (Ws) divided by the area of each Cat and Ws.,,,LAND,,,,COLUMN_NAME,landscape
1819,NRSA 1819 Landscape,Landscape Data,landscape_RDDENS_WS_PCTFULL,RDDENS_WS_PCTFULL,Percent of area with data for Mean of all rddens values within the upstream watershed (Ws).,,,LAND,,,,COLUMN_NAME,landscape
1819,NRSA 1819 Landscape,Landscape Data,landscape_RDDENS_WS_PCTFULLRP100,RDDENS_WS_PCTFULLRP100,Percent of area with data for Density of roads (2010 Census Tiger Lines) within watershed and within a 100-m buffer of NHD stream lines (km/square km),,,LAND,,,,COLUMN_NAME,landscape
1819,NRSA 1819 Landscape,Landscape Data,landscape_RDDENSWS,RDDENSWS,Mean of all rddens values within the upstream watershed (Ws).,,,LAND,,,,COLUMN_NAME,landscape
1819,NRSA 1819 Landscape,Landscape Data,landscape_RDDENSWSRP100,RDDENSWSRP100,Density of roads (2010 Census Tiger Lines) within watershed and within a 100-m buffer of NHD stream lines (km/square km),,,LAND,,,,COLUMN_NAME,landscape
1819,NRSA 1819 Landscape,Landscape Data,landscape_RDH_PT,RDH_PT,Site mean of the high values of depth to bedrock (inches) of soils from the State Soil Geographic (STATSGO) Database.,,,LANDSCAPE,,,,COLUMN_NAME,landscape
1819,NRSA 1819 Landscape,Landscape Data,landscape_RDH_WS_PCTFULL,RDH_WS_PCTFULL,Percent of area with data for Site mean of the high values of depth to bedrock (inches) of soils from the State Soil Geographic (STATSGO) Database.,,,LAND,,,,COLUMN_NAME,landscape
1819,NRSA 1819 Landscape,Landscape Data,landscape_RDHWS,RDHWS,Site mean of the high values of depth to bedrock (inches) of soils from the State Soil Geographic (STATSGO) Database.,,,LAND,,,,COLUMN_NAME,landscape
1819,NRSA 1819 Landscape,Landscape Data,landscape_RHMEAN_PT,RHMEAN_PT,"GIS raster calculated as (SUMxi / 12) / 30, where xi = the modeled mean relative humidity (%) for month i (1-12). Values based on 30 years (1961-1990) of PRISM climate estimates. Each value represents a 2 x 2 kilometer cell",,,LANDSCAPE,,,,COLUMN_NAME,landscape
1819,NRSA 1819 Landscape,Landscape Data,landscape_RHMEAN_WS_PCTFULL,RHMEAN_WS_PCTFULL,"Percent of area with data for Watershed average relative humidity (percent), from 2km PRISM, derived from 30 years of record (1961-1990).",,,LAND,,,,COLUMN_NAME,landscape
1819,NRSA 1819 Landscape,Landscape Data,landscape_RHMEANWS,RHMEANWS,"Watershed average relative humidity (percent), from 2km PRISM, derived from 30 years of record (1961-1990).",,,LAND,,,,COLUMN_NAME,landscape
1819,NRSA 1819 Landscape,Landscape Data,landscape_RPU,RPU,"Raster Processing Unit that the site falls in, from NHDPlusV21.",,,LAND,,,,COLUMN_NAME,landscape
1819,NRSA 1819 Landscape,Landscape Data,landscape_RUNOFF_WS_PCTFULL,RUNOFF_WS_PCTFULL,Percent of area with data for Mean of all runoff values within the upstream watershed (Ws).,,,LAND,,,,COLUMN_NAME,landscape
1819,NRSA 1819 Landscape,Landscape Data,landscape_RUNOFFWS,RUNOFFWS,Mean of all runoff values within the upstream watershed (Ws).,,,LAND,,,,COLUMN_NAME,landscape
1819,NRSA 1819 Landscape,Landscape Data,landscape_S_WS_PCTFULL,S_WS_PCTFULL,Percent of area with data for Mean of all S values within the upstream watershed (Ws).,,,LAND,,,,COLUMN_NAME,landscape
1819,NRSA 1819 Landscape,Landscape Data,landscape_SAND_WS_PCTFULL,SAND_WS_PCTFULL,Percent of area with data for Mean of all sand values within the upstream watershed (Ws).,,,LAND,,,,COLUMN_NAME,landscape
1819,NRSA 1819 Landscape,Landscape Data,landscape_SANDWS,SANDWS,Mean of all sand values within the upstream watershed (Ws).,,,LAND,,,,COLUMN_NAME,landscape
1819,NRSA 1819 Landscape,Landscape Data,landscape_SIO2_WS_PCTFULL,SIO2_WS_PCTFULL,Percent of area with data for Mean of all SiO2 values within the upstream watershed (Ws).,,,LAND,,,,COLUMN_NAME,landscape
1819,NRSA 1819 Landscape,Landscape Data,landscape_SIO2WS,SIO2WS,Mean of all SiO2 values within the upstream watershed (Ws).,,,LAND,,,,COLUMN_NAME,landscape
1819,NRSA 1819 Landscape,Landscape Data,landscape_SITE_ID,SITE_ID,"Site ID for the study and year sampled. Preferred form is NRSnn_MM-xxxxx where nn is current cycle year (04, 08, 13, 18, etc), MM is two letter state code, and xxxxx is between 10001 and 99999. No missing or \blank\"" values allowed.""",,,DESIGN,,,,COLUMN_NAME,landscape
1819,NRSA 1819 Landscape,Landscape Data,landscape_SITE_ID,SITE_ID,Unique Site ID assigned for NRSA13-14,,,LANDSCAPE,,,,COLUMN_NAME,landscape
1819,NRSA 1819 Landscape,Landscape Data,landscape_SITE_ID,SITE_ID,Site ID,,,VERIF,,,,COLUMN_NAME,landscape
1819,NRSA 1819 Landscape,Landscape Data,landscape_SN_2008_WS_PCTFULL,SN_2008_WS_PCTFULL,"Percent of area with data for Annual average of preciptiation-weighted mean deposition for average sulfur & nitrogen concentration for year, 2008, within the upstream watershed (Ws).",,,LAND,,,,COLUMN_NAME,landscape
1819,NRSA 1819 Landscape,Landscape Data,landscape_SN_2008WS,SN_2008WS,"Annual average of preciptiation-weighted mean deposition for average sulfur & nitrogen concentration for year, 2008, within the upstream watershed (Ws).",,,LAND,,,,COLUMN_NAME,landscape
1819,NRSA 1819 Landscape,Landscape Data,landscape_SUPERFUND_WS_PCTFULL,SUPERFUND_WS_PCTFULL,Percent of area with data for density of georeferenced Superfund sites (Superfund.shp) within the upstream watershed (Ws).,,,LAND,,,,COLUMN_NAME,landscape
1819,NRSA 1819 Landscape,Landscape Data,landscape_SUPERFUND_WS_PCTFULLRP100,SUPERFUND_WS_PCTFULLRP100,Percent of area with data for density of georeferenced Superfund sites (Superfund.shp) within the upstream watershed (Ws) within a 100-m buffer (Rp100) of the NHD stream lines. Derived as the intersection between RpRp100 and Superfund.shp landscape layers.,,,LAND,,,,COLUMN_NAME,landscape
1819,NRSA 1819 Landscape,Landscape Data,landscape_SUPERFUNDDENSWS,SUPERFUNDDENSWS,Density of georeferenced Superfund sites (Superfund.shp) within the upstream watershed (Ws).,,,LAND,,,,COLUMN_NAME,landscape
1819,NRSA 1819 Landscape,Landscape Data,landscape_SUPERFUNDDENSWSRP100,SUPERFUNDDENSWSRP100,Density of georeferenced Superfund sites (Superfund.shp) within the upstream watershed (Ws) within a 100-m buffer (Rp100) of the NHD stream lines. Derived as the intersection between RpRp100 and Superfund.shp landscape layers.,,,LAND,,,,COLUMN_NAME,landscape
1819,NRSA 1819 Landscape,Landscape Data,landscape_SWS,SWS,Mean of all S values within the upstream watershed (Ws).,,,LAND,,,,COLUMN_NAME,landscape
1819,NRSA 1819 Landscape,Landscape Data,landscape_TMAX_WS_PCTFULL,TMAX_WS_PCTFULL,"Percent of area with data for PRISM climate data - 30-year average annual normal maxmum air temperature (C°):, within the upstream watershed (Ws)",,,LAND,,,,COLUMN_NAME,landscape
1819,NRSA 1819 Landscape,Landscape Data,landscape_TMAX8110WS,TMAX8110WS,"PRISM climate data - 30-year average annual normal maxmum air temperature (C°):, within the upstream watershed (Ws)",,,LAND,,,,COLUMN_NAME,landscape
1819,NRSA 1819 Landscape,Landscape Data,landscape_TMEAN_PW_2004_PT,TMEAN_PW_2004_PT,"GIS raster value at site location calculated as xi / 3, where xi = the modeled mean air temperature (°C) for month i (12) of the previous year and month i (1-2) of the sample year. The modeled monthly mean air temperature (xi) is the average of the minimum and maximum monthly air temperatures (http://www.prism.oregonstate.edu/faq.phtml). This value estimates the average temperature of the winter just prior to when field sampling was done. Each value represents a 2 x 2 kilometer cell",,,LAND,,,,COLUMN_NAME,landscape
1819,NRSA 1819 Landscape,Landscape Data,landscape_TMEAN_PW_2004_WS_PCTFULL,TMEAN_PW_2004_WS_PCTFULL,"Percent of area with data for GIS raster calculated as xi / 3, where xi = the modeled mean air temperature (°C) for month i (12) of the previous year and month i (1-2) of the sample year. The modeled monthly mean air temperature (xi) is the average of the minimum and maximum monthly air temperatures (http://www.prism.oregonstate.edu/faq.phtml). This value estimates the average temperature of the winter just prior to when field sampling was done. Each value represents a 2 x 2 kilometer cell",,,LAND,,,,COLUMN_NAME,landscape
1819,NRSA 1819 Landscape,Landscape Data,landscape_TMEAN_PW_2004WS,TMEAN_PW_2004WS,"GIS raster calculated as xi / 3, where xi = the modeled mean air temperature (°C) for month i (12) of the previous year and month i (1-2) of the sample year. The modeled monthly mean air temperature (xi) is the average of the minimum and maximum monthly air temperatures (http://www.prism.oregonstate.edu/faq.phtml). This value estimates the average temperature of the winter just prior to when field sampling was done. Each value represents a 2 x 2 kilometer cell",,,LAND,,,,COLUMN_NAME,landscape
1819,NRSA 1819 Landscape,Landscape Data,landscape_TMEAN_PW_2005_PT,TMEAN_PW_2005_PT,"GIS raster value at site location calculated as xi / 3, where xi = the modeled mean air temperature (°C) for month i (12) of the previous year and month i (1-2) of the sample year. The modeled monthly mean air temperature (xi) is the average of the minimum and maximum monthly air temperatures (http://www.prism.oregonstate.edu/faq.phtml). This value estimates the average temperature of the winter just prior to when field sampling was done. Each value represents a 2 x 2 kilometer cell",,,LAND,,,,COLUMN_NAME,landscape
1819,NRSA 1819 Landscape,Landscape Data,landscape_TMEAN_PW_2005_WS_PCTFULL,TMEAN_PW_2005_WS_PCTFULL,"Percent of area with data for GIS raster calculated as xi / 3, where xi = the modeled mean air temperature (°C) for month i (12) of the previous year and month i (1-2) of the sample year. The modeled monthly mean air temperature (xi) is the average of the minimum and maximum monthly air temperatures (http://www.prism.oregonstate.edu/faq.phtml). This value estimates the average temperature of the winter just prior to when field sampling was done. Each value represents a 2 x 2 kilometer cell",,,LAND,,,,COLUMN_NAME,landscape
1819,NRSA 1819 Landscape,Landscape Data,landscape_TMEAN_PW_2005WS,TMEAN_PW_2005WS,"GIS raster calculated as xi / 3, where xi = the modeled mean air temperature (°C) for month i (12) of the previous year and month i (1-2) of the sample year. The modeled monthly mean air temperature (xi) is the average of the minimum and maximum monthly air temperatures (http://www.prism.oregonstate.edu/faq.phtml). This value estimates the average temperature of the winter just prior to when field sampling was done. Each value represents a 2 x 2 kilometer cell",,,LAND,,,,COLUMN_NAME,landscape
1819,NRSA 1819 Landscape,Landscape Data,landscape_TMEAN_PW_2008_PT,TMEAN_PW_2008_PT,"GIS raster value at site location calculated as xi / 3, where xi = the modeled mean air temperature (°C) for month i (12) of the previous year and month i (1-2) of the sample year. The modeled monthly mean air temperature (xi) is the average of the minimum and maximum monthly air temperatures (http://www.prism.oregonstate.edu/faq.phtml). This value estimates the average temperature of the winter just prior to when field sampling was done. Each value represents a 2 x 2 kilometer cell",,,LAND,,,,COLUMN_NAME,landscape
1819,NRSA 1819 Landscape,Landscape Data,landscape_TMEAN_PW_2008_WS_PCTFULL,TMEAN_PW_2008_WS_PCTFULL,"Percent of area with data for GIS raster calculated as xi / 3, where xi = the modeled mean air temperature (°C) for month i (12) of the previous year and month i (1-2) of the sample year. The modeled monthly mean air temperature (xi) is the average of the minimum and maximum monthly air temperatures (http://www.prism.oregonstate.edu/faq.phtml). This value estimates the average temperature of the winter just prior to when field sampling was done. Each value represents a 2 x 2 kilometer cell",,,LAND,,,,COLUMN_NAME,landscape
1819,NRSA 1819 Landscape,Landscape Data,landscape_TMEAN_PW_2008WS,TMEAN_PW_2008WS,"GIS raster calculated as xi / 3, where xi = the modeled mean air temperature (°C) for month i (12) of the previous year and month i (1-2) of the sample year. The modeled monthly mean air temperature (xi) is the average of the minimum and maximum monthly air temperatures (http://www.prism.oregonstate.edu/faq.phtml). This value estimates the average temperature of the winter just prior to when field sampling was done. Each value represents a 2 x 2 kilometer cell",,,LAND,,,,COLUMN_NAME,landscape
1819,NRSA 1819 Landscape,Landscape Data,landscape_TMEAN_PW_2009_PT,TMEAN_PW_2009_PT,"GIS raster value at site location calculated as xi / 3, where xi = the modeled mean air temperature (°C) for month i (12) of the previous year and month i (1-2) of the sample year. The modeled monthly mean air temperature (xi) is the average of the minimum and maximum monthly air temperatures (http://www.prism.oregonstate.edu/faq.phtml). This value estimates the average temperature of the winter just prior to when field sampling was done. Each value represents a 2 x 2 kilometer cell",,,LAND,,,,COLUMN_NAME,landscape
1819,NRSA 1819 Landscape,Landscape Data,landscape_TMEAN_PW_2009_WS_PCTFULL,TMEAN_PW_2009_WS_PCTFULL,"Percent of area with data for GIS raster calculated as xi / 3, where xi = the modeled mean air temperature (°C) for month i (12) of the previous year and month i (1-2) of the sample year. The modeled monthly mean air temperature (xi) is the average of the minimum and maximum monthly air temperatures (http://www.prism.oregonstate.edu/faq.phtml). This value estimates the average temperature of the winter just prior to when field sampling was done. Each value represents a 2 x 2 kilometer cell",,,LAND,,,,COLUMN_NAME,landscape
1819,NRSA 1819 Landscape,Landscape Data,landscape_TMEAN_PW_2009WS,TMEAN_PW_2009WS,"GIS raster calculated as xi / 3, where xi = the modeled mean air temperature (°C) for month i (12) of the previous year and month i (1-2) of the sample year. The modeled monthly mean air temperature (xi) is the average of the minimum and maximum monthly air temperatures (http://www.prism.oregonstate.edu/faq.phtml). This value estimates the average temperature of the winter just prior to when field sampling was done. Each value represents a 2 x 2 kilometer cell",,,LAND,,,,COLUMN_NAME,landscape
1819,NRSA 1819 Landscape,Landscape Data,landscape_TMEAN_PW_2013_PT,TMEAN_PW_2013_PT,"GIS raster value at site location calculated as xi / 3, where xi = the modeled mean air temperature (°C) for month i (12) of the previous year and month i (1-2) of the sample year. The modeled monthly mean air temperature (xi) is the average of the minimum and maximum monthly air temperatures (http://www.prism.oregonstate.edu/faq.phtml). This value estimates the average temperature of the winter just prior to when field sampling was done. Each value represents a 2 x 2 kilometer cell",,,LAND,,,,COLUMN_NAME,landscape
1819,NRSA 1819 Landscape,Landscape Data,landscape_TMEAN_PW_2013_WS_PCTFULL,TMEAN_PW_2013_WS_PCTFULL,"Percent of area with data for GIS raster calculated as xi / 3, where xi = the modeled mean air temperature (°C) for month i (12) of the previous year and month i (1-2) of the sample year. The modeled monthly mean air temperature (xi) is the average of the minimum and maximum monthly air temperatures (http://www.prism.oregonstate.edu/faq.phtml). This value estimates the average temperature of the winter just prior to when field sampling was done. Each value represents a 2 x 2 kilometer cell",,,LAND,,,,COLUMN_NAME,landscape
1819,NRSA 1819 Landscape,Landscape Data,landscape_TMEAN_PW_2013WS,TMEAN_PW_2013WS,"GIS raster calculated as xi / 3, where xi = the modeled mean air temperature (°C) for month i (12) of the previous year and month i (1-2) of the sample year. The modeled monthly mean air temperature (xi) is the average of the minimum and maximum monthly air temperatures (http://www.prism.oregonstate.edu/faq.phtml). This value estimates the average temperature of the winter just prior to when field sampling was done. Each value represents a 2 x 2 kilometer cell",,,LAND,,,,COLUMN_NAME,landscape
1819,NRSA 1819 Landscape,Landscape Data,landscape_TMEAN_PW_2014_PT,TMEAN_PW_2014_PT,"GIS raster value at site location calculated as xi / 3, where xi = the modeled mean air temperature (°C) for month i (12) of the previous year and month i (1-2) of the sample year. The modeled monthly mean air temperature (xi) is the average of the minimum and maximum monthly air temperatures (http://www.prism.oregonstate.edu/faq.phtml). This value estimates the average temperature of the winter just prior to when field sampling was done. Each value represents a 2 x 2 kilometer cell",,,LAND,,,,COLUMN_NAME,landscape
1819,NRSA 1819 Landscape,Landscape Data,landscape_TMEAN_PW_2014_WS_PCTFULL,TMEAN_PW_2014_WS_PCTFULL,"Percent of area with data for GIS raster calculated as xi / 3, where xi = the modeled mean air temperature (°C) for month i (12) of the previous year and month i (1-2) of the sample year. The modeled monthly mean air temperature (xi) is the average of the minimum and maximum monthly air temperatures (http://www.prism.oregonstate.edu/faq.phtml). This value estimates the average temperature of the winter just prior to when field sampling was done. Each value represents a 2 x 2 kilometer cell",,,LAND,,,,COLUMN_NAME,landscape
1819,NRSA 1819 Landscape,Landscape Data,landscape_TMEAN_PW_2014WS,TMEAN_PW_2014WS,"GIS raster calculated as xi / 3, where xi = the modeled mean air temperature (°C) for month i (12) of the previous year and month i (1-2) of the sample year. The modeled monthly mean air temperature (xi) is the average of the minimum and maximum monthly air temperatures (http://www.prism.oregonstate.edu/faq.phtml). This value estimates the average temperature of the winter just prior to when field sampling was done. Each value represents a 2 x 2 kilometer cell",,,LAND,,,,COLUMN_NAME,landscape
1819,NRSA 1819 Landscape,Landscape Data,landscape_TMEAN_PW_2018_PT,TMEAN_PW_2018_PT,"GIS raster value at site location calculated as xi / 3, where xi = the modeled mean air temperature (°C) for month i (12) of the previous year and month i (1-2) of the sample year. The modeled monthly mean air temperature (xi) is the average of the minimum and maximum monthly air temperatures (http://www.prism.oregonstate.edu/faq.phtml). This value estimates the average temperature of the winter just prior to when field sampling was done. Each value represents a 2 x 2 kilometer cell",,,LAND,,,,COLUMN_NAME,landscape
1819,NRSA 1819 Landscape,Landscape Data,landscape_TMEAN_PW_2018_WS_PCTFULL,TMEAN_PW_2018_WS_PCTFULL,"Percent of area with data for GIS raster calculated as xi / 3, where xi = the modeled mean air temperature (°C) for month i (12) of the previous year and month i (1-2) of the sample year. The modeled monthly mean air temperature (xi) is the average of the minimum and maximum monthly air temperatures (http://www.prism.oregonstate.edu/faq.phtml). This value estimates the average temperature of the winter just prior to when field sampling was done. Each value represents a 2 x 2 kilometer cell",,,LAND,,,,COLUMN_NAME,landscape
1819,NRSA 1819 Landscape,Landscape Data,landscape_TMEAN_PW_2018WS,TMEAN_PW_2018WS,"GIS raster calculated as xi / 3, where xi = the modeled mean air temperature (°C) for month i (12) of the previous year and month i (1-2) of the sample year. The modeled monthly mean air temperature (xi) is the average of the minimum and maximum monthly air temperatures (http://www.prism.oregonstate.edu/faq.phtml). This value estimates the average temperature of the winter just prior to when field sampling was done. Each value represents a 2 x 2 kilometer cell",,,LAND,,,,COLUMN_NAME,landscape
1819,NRSA 1819 Landscape,Landscape Data,landscape_TMEAN_PW_2019_PT,TMEAN_PW_2019_PT,"GIS raster value at site location calculated as xi / 3, where xi = the modeled mean air temperature (°C) for month i (12) of the previous year and month i (1-2) of the sample year. The modeled monthly mean air temperature (xi) is the average of the minimum and maximum monthly air temperatures (http://www.prism.oregonstate.edu/faq.phtml). This value estimates the average temperature of the winter just prior to when field sampling was done. Each value represents a 2 x 2 kilometer cell",,,LAND,,,,COLUMN_NAME,landscape
1819,NRSA 1819 Landscape,Landscape Data,landscape_TMEAN_PW_2019_WS_PCTFULL,TMEAN_PW_2019_WS_PCTFULL,"Percent of area with data for GIS raster calculated as xi / 3, where xi = the modeled mean air temperature (°C) for month i (12) of the previous year and month i (1-2) of the sample year. The modeled monthly mean air temperature (xi) is the average of the minimum and maximum monthly air temperatures (http://www.prism.oregonstate.edu/faq.phtml). This value estimates the average temperature of the winter just prior to when field sampling was done. Each value represents a 2 x 2 kilometer cell",,,LAND,,,,COLUMN_NAME,landscape
1819,NRSA 1819 Landscape,Landscape Data,landscape_TMEAN_PW_2019WS,TMEAN_PW_2019WS,"GIS raster calculated as xi / 3, where xi = the modeled mean air temperature (°C) for month i (12) of the previous year and month i (1-2) of the sample year. The modeled monthly mean air temperature (xi) is the average of the minimum and maximum monthly air temperatures (http://www.prism.oregonstate.edu/faq.phtml). This value estimates the average temperature of the winter just prior to when field sampling was done. Each value represents a 2 x 2 kilometer cell",,,LAND,,,,COLUMN_NAME,landscape
1819,NRSA 1819 Landscape,Landscape Data,landscape_TMEAN_S_2004_PT,TMEAN_S_2004_PT,"GIS raster value at site location calculated as xi / 4, where xi = the modeled mean air temperature (°C) for month i (6-9) of the sample year. The modeled monthly mean air temperature (xi) is the average of the minimum and maximum monthly air temperatures (http://www.prism.oregonstate.edu/faq.phtml). This value estimates the average temperature of the specific summer that field sampling was done. Each value represents a 2 x 2 kilometer cell",,,LAND,,,,COLUMN_NAME,landscape
1819,NRSA 1819 Landscape,Landscape Data,landscape_TMEAN_S_2004_WS_PCTFULL,TMEAN_S_2004_WS_PCTFULL,"Percent of area with data for GIS raster calculated as xi / 4, where xi = the modeled mean air temperature (°C) for month i (6-9) of the sample year. The modeled monthly mean air temperature (xi) is the average of the minimum and maximum monthly air temperatures (http://www.prism.oregonstate.edu/faq.phtml). This value estimates the average temperature of the specific summer that field sampling was done. Each value represents a 2 x 2 kilometer cell",,,LAND,,,,COLUMN_NAME,landscape
1819,NRSA 1819 Landscape,Landscape Data,landscape_TMEAN_S_2004WS,TMEAN_S_2004WS,"GIS raster calculated as xi / 4, where xi = the modeled mean air temperature (°C) for month i (6-9) of the sample year. The modeled monthly mean air temperature (xi) is the average of the minimum and maximum monthly air temperatures (http://www.prism.oregonstate.edu/faq.phtml). This value estimates the average temperature of the specific summer that field sampling was done. Each value represents a 2 x 2 kilometer cell",,,LAND,,,,COLUMN_NAME,landscape
1819,NRSA 1819 Landscape,Landscape Data,landscape_TMEAN_S_2005_PT,TMEAN_S_2005_PT,"GIS raster value at site location calculated as xi / 4, where xi = the modeled mean air temperature (°C) for month i (6-9) of the sample year. The modeled monthly mean air temperature (xi) is the average of the minimum and maximum monthly air temperatures (http://www.prism.oregonstate.edu/faq.phtml). This value estimates the average temperature of the specific summer that field sampling was done. Each value represents a 2 x 2 kilometer cell",,,LAND,,,,COLUMN_NAME,landscape
1819,NRSA 1819 Landscape,Landscape Data,landscape_TMEAN_S_2005_WS_PCTFULL,TMEAN_S_2005_WS_PCTFULL,"Percent of area with data for GIS raster calculated as xi / 4, where xi = the modeled mean air temperature (°C) for month i (6-9) of the sample year. The modeled monthly mean air temperature (xi) is the average of the minimum and maximum monthly air temperatures (http://www.prism.oregonstate.edu/faq.phtml). This value estimates the average temperature of the specific summer that field sampling was done. Each value represents a 2 x 2 kilometer cell",,,LAND,,,,COLUMN_NAME,landscape
1819,NRSA 1819 Landscape,Landscape Data,landscape_TMEAN_S_2005WS,TMEAN_S_2005WS,"GIS raster calculated as xi / 4, where xi = the modeled mean air temperature (°C) for month i (6-9) of the sample year. The modeled monthly mean air temperature (xi) is the average of the minimum and maximum monthly air temperatures (http://www.prism.oregonstate.edu/faq.phtml). This value estimates the average temperature of the specific summer that field sampling was done. Each value represents a 2 x 2 kilometer cell",,,LAND,,,,COLUMN_NAME,landscape
1819,NRSA 1819 Landscape,Landscape Data,landscape_TMEAN_S_2008_PT,TMEAN_S_2008_PT,"GIS raster value at site location calculated as xi / 4, where xi = the modeled mean air temperature (°C) for month i (6-9) of the sample year. The modeled monthly mean air temperature (xi) is the average of the minimum and maximum monthly air temperatures (http://www.prism.oregonstate.edu/faq.phtml). This value estimates the average temperature of the specific summer that field sampling was done. Each value represents a 2 x 2 kilometer cell",,,LAND,,,,COLUMN_NAME,landscape
1819,NRSA 1819 Landscape,Landscape Data,landscape_TMEAN_S_2008_WS_PCTFULL,TMEAN_S_2008_WS_PCTFULL,"Percent of area with data for GIS raster calculated as xi / 4, where xi = the modeled mean air temperature (°C) for month i (6-9) of the sample year. The modeled monthly mean air temperature (xi) is the average of the minimum and maximum monthly air temperatures (http://www.prism.oregonstate.edu/faq.phtml). This value estimates the average temperature of the specific summer that field sampling was done. Each value represents a 2 x 2 kilometer cell",,,LAND,,,,COLUMN_NAME,landscape
1819,NRSA 1819 Landscape,Landscape Data,landscape_TMEAN_S_2008WS,TMEAN_S_2008WS,"GIS raster calculated as xi / 4, where xi = the modeled mean air temperature (°C) for month i (6-9) of the sample year. The modeled monthly mean air temperature (xi) is the average of the minimum and maximum monthly air temperatures (http://www.prism.oregonstate.edu/faq.phtml). This value estimates the average temperature of the specific summer that field sampling was done. Each value represents a 2 x 2 kilometer cell",,,LAND,,,,COLUMN_NAME,landscape
1819,NRSA 1819 Landscape,Landscape Data,landscape_TMEAN_S_2009_PT,TMEAN_S_2009_PT,"GIS raster value at site location calculated as xi / 4, where xi = the modeled mean air temperature (°C) for month i (6-9) of the sample year. The modeled monthly mean air temperature (xi) is the average of the minimum and maximum monthly air temperatures (http://www.prism.oregonstate.edu/faq.phtml). This value estimates the average temperature of the specific summer that field sampling was done. Each value represents a 2 x 2 kilometer cell",,,LAND,,,,COLUMN_NAME,landscape
1819,NRSA 1819 Landscape,Landscape Data,landscape_TMEAN_S_2009_WS_PCTFULL,TMEAN_S_2009_WS_PCTFULL,"Percent of area with data for GIS raster calculated as xi / 4, where xi = the modeled mean air temperature (°C) for month i (6-9) of the sample year. The modeled monthly mean air temperature (xi) is the average of the minimum and maximum monthly air temperatures (http://www.prism.oregonstate.edu/faq.phtml). This value estimates the average temperature of the specific summer that field sampling was done. Each value represents a 2 x 2 kilometer cell",,,LAND,,,,COLUMN_NAME,landscape
1819,NRSA 1819 Landscape,Landscape Data,landscape_TMEAN_S_2009WS,TMEAN_S_2009WS,"GIS raster calculated as xi / 4, where xi = the modeled mean air temperature (°C) for month i (6-9) of the sample year. The modeled monthly mean air temperature (xi) is the average of the minimum and maximum monthly air temperatures (http://www.prism.oregonstate.edu/faq.phtml). This value estimates the average temperature of the specific summer that field sampling was done. Each value represents a 2 x 2 kilometer cell",,,LAND,,,,COLUMN_NAME,landscape
1819,NRSA 1819 Landscape,Landscape Data,landscape_TMEAN_S_2013_PT,TMEAN_S_2013_PT,"GIS raster value at site location calculated as xi / 4, where xi = the modeled mean air temperature (°C) for month i (6-9) of the sample year. The modeled monthly mean air temperature (xi) is the average of the minimum and maximum monthly air temperatures (http://www.prism.oregonstate.edu/faq.phtml). This value estimates the average temperature of the specific summer that field sampling was done. Each value represents a 2 x 2 kilometer cell",,,LAND,,,,COLUMN_NAME,landscape
1819,NRSA 1819 Landscape,Landscape Data,landscape_TMEAN_S_2013_WS_PCTFULL,TMEAN_S_2013_WS_PCTFULL,"Percent of area with data for GIS raster calculated as xi / 4, where xi = the modeled mean air temperature (°C) for month i (6-9) of the sample year. The modeled monthly mean air temperature (xi) is the average of the minimum and maximum monthly air temperatures (http://www.prism.oregonstate.edu/faq.phtml). This value estimates the average temperature of the specific summer that field sampling was done. Each value represents a 2 x 2 kilometer cell",,,LAND,,,,COLUMN_NAME,landscape
1819,NRSA 1819 Landscape,Landscape Data,landscape_TMEAN_S_2013WS,TMEAN_S_2013WS,"GIS raster calculated as xi / 4, where xi = the modeled mean air temperature (°C) for month i (6-9) of the sample year. The modeled monthly mean air temperature (xi) is the average of the minimum and maximum monthly air temperatures (http://www.prism.oregonstate.edu/faq.phtml). This value estimates the average temperature of the specific summer that field sampling was done. Each value represents a 2 x 2 kilometer cell",,,LAND,,,,COLUMN_NAME,landscape
1819,NRSA 1819 Landscape,Landscape Data,landscape_TMEAN_S_2014_PT,TMEAN_S_2014_PT,"GIS raster value at site location calculated as xi / 4, where xi = the modeled mean air temperature (°C) for month i (6-9) of the sample year. The modeled monthly mean air temperature (xi) is the average of the minimum and maximum monthly air temperatures (http://www.prism.oregonstate.edu/faq.phtml). This value estimates the average temperature of the specific summer that field sampling was done. Each value represents a 2 x 2 kilometer cell",,,LAND,,,,COLUMN_NAME,landscape
1819,NRSA 1819 Landscape,Landscape Data,landscape_TMEAN_S_2014_WS_PCTFULL,TMEAN_S_2014_WS_PCTFULL,"Percent of area with data for GIS raster calculated as xi / 4, where xi = the modeled mean air temperature (°C) for month i (6-9) of the sample year. The modeled monthly mean air temperature (xi) is the average of the minimum and maximum monthly air temperatures (http://www.prism.oregonstate.edu/faq.phtml). This value estimates the average temperature of the specific summer that field sampling was done. Each value represents a 2 x 2 kilometer cell",,,LAND,,,,COLUMN_NAME,landscape
1819,NRSA 1819 Landscape,Landscape Data,landscape_TMEAN_S_2014WS,TMEAN_S_2014WS,"GIS raster calculated as xi / 4, where xi = the modeled mean air temperature (°C) for month i (6-9) of the sample year. The modeled monthly mean air temperature (xi) is the average of the minimum and maximum monthly air temperatures (http://www.prism.oregonstate.edu/faq.phtml). This value estimates the average temperature of the specific summer that field sampling was done. Each value represents a 2 x 2 kilometer cell",,,LAND,,,,COLUMN_NAME,landscape
1819,NRSA 1819 Landscape,Landscape Data,landscape_TMEAN_S_2018_PT,TMEAN_S_2018_PT,"GIS raster value at site location calculated as xi / 4, where xi = the modeled mean air temperature (°C) for month i (6-9) of the sample year. The modeled monthly mean air temperature (xi) is the average of the minimum and maximum monthly air temperatures (http://www.prism.oregonstate.edu/faq.phtml). This value estimates the average temperature of the specific summer that field sampling was done. Each value represents a 2 x 2 kilometer cell",,,LAND,,,,COLUMN_NAME,landscape
1819,NRSA 1819 Landscape,Landscape Data,landscape_TMEAN_S_2018_WS_PCTFULL,TMEAN_S_2018_WS_PCTFULL,"Percent of area with data for GIS raster calculated as xi / 4, where xi = the modeled mean air temperature (°C) for month i (6-9) of the sample year. The modeled monthly mean air temperature (xi) is the average of the minimum and maximum monthly air temperatures (http://www.prism.oregonstate.edu/faq.phtml). This value estimates the average temperature of the specific summer that field sampling was done. Each value represents a 2 x 2 kilometer cell",,,LAND,,,,COLUMN_NAME,landscape
1819,NRSA 1819 Landscape,Landscape Data,landscape_TMEAN_S_2018WS,TMEAN_S_2018WS,"GIS raster calculated as xi / 4, where xi = the modeled mean air temperature (°C) for month i (6-9) of the sample year. The modeled monthly mean air temperature (xi) is the average of the minimum and maximum monthly air temperatures (http://www.prism.oregonstate.edu/faq.phtml). This value estimates the average temperature of the specific summer that field sampling was done. Each value represents a 2 x 2 kilometer cell",,,LAND,,,,COLUMN_NAME,landscape
1819,NRSA 1819 Landscape,Landscape Data,landscape_TMEAN_S_2019_PT,TMEAN_S_2019_PT,"GIS raster value at site location calculated as xi / 4, where xi = the modeled mean air temperature (°C) for month i (6-9) of the sample year. The modeled monthly mean air temperature (xi) is the average of the minimum and maximum monthly air temperatures (http://www.prism.oregonstate.edu/faq.phtml). This value estimates the average temperature of the specific summer that field sampling was done. Each value represents a 2 x 2 kilometer cell",,,LAND,,,,COLUMN_NAME,landscape
1819,NRSA 1819 Landscape,Landscape Data,landscape_TMEAN_S_2019_WS_PCTFULL,TMEAN_S_2019_WS_PCTFULL,"Percent of area with data for GIS raster calculated as xi / 4, where xi = the modeled mean air temperature (°C) for month i (6-9) of the sample year. The modeled monthly mean air temperature (xi) is the average of the minimum and maximum monthly air temperatures (http://www.prism.oregonstate.edu/faq.phtml). This value estimates the average temperature of the specific summer that field sampling was done. Each value represents a 2 x 2 kilometer cell",,,LAND,,,,COLUMN_NAME,landscape
1819,NRSA 1819 Landscape,Landscape Data,landscape_TMEAN_S_2019WS,TMEAN_S_2019WS,"GIS raster calculated as xi / 4, where xi = the modeled mean air temperature (°C) for month i (6-9) of the sample year. The modeled monthly mean air temperature (xi) is the average of the minimum and maximum monthly air temperatures (http://www.prism.oregonstate.edu/faq.phtml). This value estimates the average temperature of the specific summer that field sampling was done. Each value represents a 2 x 2 kilometer cell",,,LAND,,,,COLUMN_NAME,landscape
1819,NRSA 1819 Landscape,Landscape Data,landscape_TMEAN_SY_2004_PT,TMEAN_SY_2004_PT,"GIS raster value at site location calculated as xi / 12, where xi = the modeled mean air temperature (°C) for month i (1-12) of the sample year. The modeled monthly mean air temperature (xi) is the average of the minimum and maximum monthly air temperatures (http://www.prism.oregonstate.edu/faq.phtml). This value estimates the average temperature of the specific year that field sampling was done.",,,LAND,,,,COLUMN_NAME,landscape
1819,NRSA 1819 Landscape,Landscape Data,landscape_TMEAN_SY_2004_WS_PCTFULL,TMEAN_SY_2004_WS_PCTFULL,"Percent of area with data for GIS raster calculated as xi / 12, where xi = the modeled mean air temperature (°C) for month i (1-12) of the sample year. The modeled monthly mean air temperature (xi) is the average of the minimum and maximum monthly air temperatures (http://www.prism.oregonstate.edu/faq.phtml). This value estimates the average temperature of the specific year that field sampling was done. Each value represents a 2 x 2 kilometer cell",,,LAND,,,,COLUMN_NAME,landscape
1819,NRSA 1819 Landscape,Landscape Data,landscape_TMEAN_SY_2004WS,TMEAN_SY_2004WS,"GIS raster calculated as xi / 12, where xi = the modeled mean air temperature (°C) for month i (1-12) of the sample year. The modeled monthly mean air temperature (xi) is the average of the minimum and maximum monthly air temperatures (http://www.prism.oregonstate.edu/faq.phtml). This value estimates the average temperature of the specific year that field sampling was done. Each value represents a 2 x 2 kilometer cell",,,LAND,,,,COLUMN_NAME,landscape
1819,NRSA 1819 Landscape,Landscape Data,landscape_TMEAN_SY_2005_PT,TMEAN_SY_2005_PT,"GIS raster value at site location calculated as xi / 12, where xi = the modeled mean air temperature (°C) for month i (1-12) of the sample year. The modeled monthly mean air temperature (xi) is the average of the minimum and maximum monthly air temperatures (http://www.prism.oregonstate.edu/faq.phtml). This value estimates the average temperature of the specific year that field sampling was done.",,,LAND,,,,COLUMN_NAME,landscape
1819,NRSA 1819 Landscape,Landscape Data,landscape_TMEAN_SY_2005_WS_PCTFULL,TMEAN_SY_2005_WS_PCTFULL,"Percent of area with data for GIS raster calculated as xi / 12, where xi = the modeled mean air temperature (°C) for month i (1-12) of the sample year. The modeled monthly mean air temperature (xi) is the average of the minimum and maximum monthly air temperatures (http://www.prism.oregonstate.edu/faq.phtml). This value estimates the average temperature of the specific year that field sampling was done. Each value represents a 2 x 2 kilometer cell",,,LAND,,,,COLUMN_NAME,landscape
1819,NRSA 1819 Landscape,Landscape Data,landscape_TMEAN_SY_2005WS,TMEAN_SY_2005WS,"GIS raster calculated as xi / 12, where xi = the modeled mean air temperature (°C) for month i (1-12) of the sample year. The modeled monthly mean air temperature (xi) is the average of the minimum and maximum monthly air temperatures (http://www.prism.oregonstate.edu/faq.phtml). This value estimates the average temperature of the specific year that field sampling was done. Each value represents a 2 x 2 kilometer cell",,,LAND,,,,COLUMN_NAME,landscape
1819,NRSA 1819 Landscape,Landscape Data,landscape_TMEAN_SY_2008_PT,TMEAN_SY_2008_PT,"GIS raster value at site location calculated as xi / 12, where xi = the modeled mean air temperature (°C) for month i (1-12) of the sample year. The modeled monthly mean air temperature (xi) is the average of the minimum and maximum monthly air temperatures (http://www.prism.oregonstate.edu/faq.phtml). This value estimates the average temperature of the specific year that field sampling was done.",,,LAND,,,,COLUMN_NAME,landscape
1819,NRSA 1819 Landscape,Landscape Data,landscape_TMEAN_SY_2008_WS_PCTFULL,TMEAN_SY_2008_WS_PCTFULL,"Percent of area with data for GIS raster calculated as xi / 12, where xi = the modeled mean air temperature (°C) for month i (1-12) of the sample year. The modeled monthly mean air temperature (xi) is the average of the minimum and maximum monthly air temperatures (http://www.prism.oregonstate.edu/faq.phtml). This value estimates the average temperature of the specific year that field sampling was done. Each value represents a 2 x 2 kilometer cell",,,LAND,,,,COLUMN_NAME,landscape
1819,NRSA 1819 Landscape,Landscape Data,landscape_TMEAN_SY_2008WS,TMEAN_SY_2008WS,"GIS raster calculated as xi / 12, where xi = the modeled mean air temperature (°C) for month i (1-12) of the sample year. The modeled monthly mean air temperature (xi) is the average of the minimum and maximum monthly air temperatures (http://www.prism.oregonstate.edu/faq.phtml). This value estimates the average temperature of the specific year that field sampling was done. Each value represents a 2 x 2 kilometer cell",,,LAND,,,,COLUMN_NAME,landscape
1819,NRSA 1819 Landscape,Landscape Data,landscape_TMEAN_SY_2009_PT,TMEAN_SY_2009_PT,"GIS raster value at site location calculated as xi / 12, where xi = the modeled mean air temperature (°C) for month i (1-12) of the sample year. The modeled monthly mean air temperature (xi) is the average of the minimum and maximum monthly air temperatures (http://www.prism.oregonstate.edu/faq.phtml). This value estimates the average temperature of the specific year that field sampling was done.",,,LAND,,,,COLUMN_NAME,landscape
1819,NRSA 1819 Landscape,Landscape Data,landscape_TMEAN_SY_2009_WS_PCTFULL,TMEAN_SY_2009_WS_PCTFULL,"Percent of area with data for GIS raster calculated as xi / 12, where xi = the modeled mean air temperature (°C) for month i (1-12) of the sample year. The modeled monthly mean air temperature (xi) is the average of the minimum and maximum monthly air temperatures (http://www.prism.oregonstate.edu/faq.phtml). This value estimates the average temperature of the specific year that field sampling was done. Each value represents a 2 x 2 kilometer cell",,,LAND,,,,COLUMN_NAME,landscape
1819,NRSA 1819 Landscape,Landscape Data,landscape_TMEAN_SY_2009WS,TMEAN_SY_2009WS,"GIS raster calculated as xi / 12, where xi = the modeled mean air temperature (°C) for month i (1-12) of the sample year. The modeled monthly mean air temperature (xi) is the average of the minimum and maximum monthly air temperatures (http://www.prism.oregonstate.edu/faq.phtml). This value estimates the average temperature of the specific year that field sampling was done. Each value represents a 2 x 2 kilometer cell",,,LAND,,,,COLUMN_NAME,landscape
1819,NRSA 1819 Landscape,Landscape Data,landscape_TMEAN_SY_2013_PT,TMEAN_SY_2013_PT,"GIS raster value at site location calculated as xi / 12, where xi = the modeled mean air temperature (°C) for month i (1-12) of the sample year. The modeled monthly mean air temperature (xi) is the average of the minimum and maximum monthly air temperatures (http://www.prism.oregonstate.edu/faq.phtml). This value estimates the average temperature of the specific year that field sampling was done.",,,LAND,,,,COLUMN_NAME,landscape
1819,NRSA 1819 Landscape,Landscape Data,landscape_TMEAN_SY_2013_WS_PCTFULL,TMEAN_SY_2013_WS_PCTFULL,"Percent of area with data for GIS raster calculated as xi / 12, where xi = the modeled mean air temperature (°C) for month i (1-12) of the sample year. The modeled monthly mean air temperature (xi) is the average of the minimum and maximum monthly air temperatures (http://www.prism.oregonstate.edu/faq.phtml). This value estimates the average temperature of the specific year that field sampling was done. Each value represents a 2 x 2 kilometer cell",,,LAND,,,,COLUMN_NAME,landscape
1819,NRSA 1819 Landscape,Landscape Data,landscape_TMEAN_SY_2013WS,TMEAN_SY_2013WS,"GIS raster calculated as xi / 12, where xi = the modeled mean air temperature (°C) for month i (1-12) of the sample year. The modeled monthly mean air temperature (xi) is the average of the minimum and maximum monthly air temperatures (http://www.prism.oregonstate.edu/faq.phtml). This value estimates the average temperature of the specific year that field sampling was done. Each value represents a 2 x 2 kilometer cell",,,LAND,,,,COLUMN_NAME,landscape
1819,NRSA 1819 Landscape,Landscape Data,landscape_TMEAN_SY_2014_PT,TMEAN_SY_2014_PT,"GIS raster value at site location calculated as xi / 12, where xi = the modeled mean air temperature (°C) for month i (1-12) of the sample year. The modeled monthly mean air temperature (xi) is the average of the minimum and maximum monthly air temperatures (http://www.prism.oregonstate.edu/faq.phtml). This value estimates the average temperature of the specific year that field sampling was done.",,,LAND,,,,COLUMN_NAME,landscape
1819,NRSA 1819 Landscape,Landscape Data,landscape_TMEAN_SY_2014_WS_PCTFULL,TMEAN_SY_2014_WS_PCTFULL,"Percent of area with data for GIS raster calculated as xi / 12, where xi = the modeled mean air temperature (°C) for month i (1-12) of the sample year. The modeled monthly mean air temperature (xi) is the average of the minimum and maximum monthly air temperatures (http://www.prism.oregonstate.edu/faq.phtml). This value estimates the average temperature of the specific year that field sampling was done. Each value represents a 2 x 2 kilometer cell",,,LAND,,,,COLUMN_NAME,landscape
1819,NRSA 1819 Landscape,Landscape Data,landscape_TMEAN_SY_2014WS,TMEAN_SY_2014WS,"GIS raster calculated as xi / 12, where xi = the modeled mean air temperature (°C) for month i (1-12) of the sample year. The modeled monthly mean air temperature (xi) is the average of the minimum and maximum monthly air temperatures (http://www.prism.oregonstate.edu/faq.phtml). This value estimates the average temperature of the specific year that field sampling was done. Each value represents a 2 x 2 kilometer cell",,,LAND,,,,COLUMN_NAME,landscape
1819,NRSA 1819 Landscape,Landscape Data,landscape_TMEAN_SY_2018_PT,TMEAN_SY_2018_PT,"GIS raster value at site location calculated as xi / 12, where xi = the modeled mean air temperature (°C) for month i (1-12) of the sample year. The modeled monthly mean air temperature (xi) is the average of the minimum and maximum monthly air temperatures (http://www.prism.oregonstate.edu/faq.phtml). This value estimates the average temperature of the specific year that field sampling was done.",,,LAND,,,,COLUMN_NAME,landscape
1819,NRSA 1819 Landscape,Landscape Data,landscape_TMEAN_SY_2018_WS_PCTFULL,TMEAN_SY_2018_WS_PCTFULL,"Percent of area with data for GIS raster calculated as xi / 12, where xi = the modeled mean air temperature (°C) for month i (1-12) of the sample year. The modeled monthly mean air temperature (xi) is the average of the minimum and maximum monthly air temperatures (http://www.prism.oregonstate.edu/faq.phtml). This value estimates the average temperature of the specific year that field sampling was done. Each value represents a 2 x 2 kilometer cell",,,LAND,,,,COLUMN_NAME,landscape
1819,NRSA 1819 Landscape,Landscape Data,landscape_TMEAN_SY_2018WS,TMEAN_SY_2018WS,"GIS raster calculated as xi / 12, where xi = the modeled mean air temperature (°C) for month i (1-12) of the sample year. The modeled monthly mean air temperature (xi) is the average of the minimum and maximum monthly air temperatures (http://www.prism.oregonstate.edu/faq.phtml). This value estimates the average temperature of the specific year that field sampling was done. Each value represents a 2 x 2 kilometer cell",,,LAND,,,,COLUMN_NAME,landscape
1819,NRSA 1819 Landscape,Landscape Data,landscape_TMEAN_SY_2019_PT,TMEAN_SY_2019_PT,"GIS raster value at site location calculated as xi / 12, where xi = the modeled mean air temperature (°C) for month i (1-12) of the sample year. The modeled monthly mean air temperature (xi) is the average of the minimum and maximum monthly air temperatures (http://www.prism.oregonstate.edu/faq.phtml). This value estimates the average temperature of the specific year that field sampling was done.",,,LAND,,,,COLUMN_NAME,landscape
1819,NRSA 1819 Landscape,Landscape Data,landscape_TMEAN_SY_2019_WS_PCTFULL,TMEAN_SY_2019_WS_PCTFULL,"Percent of area with data for GIS raster calculated as xi / 12, where xi = the modeled mean air temperature (°C) for month i (1-12) of the sample year. The modeled monthly mean air temperature (xi) is the average of the minimum and maximum monthly air temperatures (http://www.prism.oregonstate.edu/faq.phtml). This value estimates the average temperature of the specific year that field sampling was done. Each value represents a 2 x 2 kilometer cell",,,LAND,,,,COLUMN_NAME,landscape
1819,NRSA 1819 Landscape,Landscape Data,landscape_TMEAN_SY_2019WS,TMEAN_SY_2019WS,"GIS raster calculated as xi / 12, where xi = the modeled mean air temperature (°C) for month i (1-12) of the sample year. The modeled monthly mean air temperature (xi) is the average of the minimum and maximum monthly air temperatures (http://www.prism.oregonstate.edu/faq.phtml). This value estimates the average temperature of the specific year that field sampling was done. Each value represents a 2 x 2 kilometer cell",,,LAND,,,,COLUMN_NAME,landscape
1819,NRSA 1819 Landscape,Landscape Data,landscape_TMEAN_W_2004_PT,TMEAN_W_2004_PT,"GIS raster value at site location calculated as xi / 4, where xi = the modeled mean air temperature (°C) for month i (1-2) of the sample year. The modeled monthly mean air temperature (xi) is the average of the minimum and maximum monthly air temperatures (http://www.prism.oregonstate.edu/faq.phtml). This value estimates the average temperature of the specific summer that field sampling was done. Each value represents a 2 x 2 kilometer cell",,,LAND,,,,COLUMN_NAME,landscape
1819,NRSA 1819 Landscape,Landscape Data,landscape_TMEAN_W_2004_WS_PCTFULL,TMEAN_W_2004_WS_PCTFULL,"Percent of area with data for GIS raster calculated as xi / 4, where xi = the modeled mean air temperature (°C) for month i (1-2) of the sample year. The modeled monthly mean air temperature (xi) is the average of the minimum and maximum monthly air temperatures (http://www.prism.oregonstate.edu/faq.phtml). This value estimates the average temperature of the specific summer that field sampling was done. Each value represents a 2 x 2 kilometer cell",,,LAND,,,,COLUMN_NAME,landscape
1819,NRSA 1819 Landscape,Landscape Data,landscape_TMEAN_W_2004WS,TMEAN_W_2004WS,"GIS raster calculated as xi / 4, where xi = the modeled mean air temperature (°C) for month i (1-2) of the sample year. The modeled monthly mean air temperature (xi) is the average of the minimum and maximum monthly air temperatures (http://www.prism.oregonstate.edu/faq.phtml). This value estimates the average temperature of the specific summer that field sampling was done. Each value represents a 2 x 2 kilometer cell",,,LAND,,,,COLUMN_NAME,landscape
1819,NRSA 1819 Landscape,Landscape Data,landscape_TMEAN_W_2005_PT,TMEAN_W_2005_PT,"GIS raster value at site location calculated as xi / 4, where xi = the modeled mean air temperature (°C) for month i (1-2) of the sample year. The modeled monthly mean air temperature (xi) is the average of the minimum and maximum monthly air temperatures (http://www.prism.oregonstate.edu/faq.phtml). This value estimates the average temperature of the specific summer that field sampling was done. Each value represents a 2 x 2 kilometer cell",,,LAND,,,,COLUMN_NAME,landscape
1819,NRSA 1819 Landscape,Landscape Data,landscape_TMEAN_W_2005_WS_PCTFULL,TMEAN_W_2005_WS_PCTFULL,"Percent of area with data for GIS raster calculated as xi / 4, where xi = the modeled mean air temperature (°C) for month i (1-2) of the sample year. The modeled monthly mean air temperature (xi) is the average of the minimum and maximum monthly air temperatures (http://www.prism.oregonstate.edu/faq.phtml). This value estimates the average temperature of the specific summer that field sampling was done. Each value represents a 2 x 2 kilometer cell",,,LAND,,,,COLUMN_NAME,landscape
1819,NRSA 1819 Landscape,Landscape Data,landscape_TMEAN_W_2005WS,TMEAN_W_2005WS,"GIS raster calculated as xi / 4, where xi = the modeled mean air temperature (°C) for month i (1-2) of the sample year. The modeled monthly mean air temperature (xi) is the average of the minimum and maximum monthly air temperatures (http://www.prism.oregonstate.edu/faq.phtml). This value estimates the average temperature of the specific summer that field sampling was done. Each value represents a 2 x 2 kilometer cell",,,LAND,,,,COLUMN_NAME,landscape
1819,NRSA 1819 Landscape,Landscape Data,landscape_TMEAN_W_2008_PT,TMEAN_W_2008_PT,"GIS raster value at site location calculated as xi / 4, where xi = the modeled mean air temperature (°C) for month i (1-2) of the sample year. The modeled monthly mean air temperature (xi) is the average of the minimum and maximum monthly air temperatures (http://www.prism.oregonstate.edu/faq.phtml). This value estimates the average temperature of the specific summer that field sampling was done. Each value represents a 2 x 2 kilometer cell",,,LAND,,,,COLUMN_NAME,landscape
1819,NRSA 1819 Landscape,Landscape Data,landscape_TMEAN_W_2008_WS_PCTFULL,TMEAN_W_2008_WS_PCTFULL,"Percent of area with data for GIS raster calculated as xi / 4, where xi = the modeled mean air temperature (°C) for month i (1-2) of the sample year. The modeled monthly mean air temperature (xi) is the average of the minimum and maximum monthly air temperatures (http://www.prism.oregonstate.edu/faq.phtml). This value estimates the average temperature of the specific summer that field sampling was done. Each value represents a 2 x 2 kilometer cell",,,LAND,,,,COLUMN_NAME,landscape
1819,NRSA 1819 Landscape,Landscape Data,landscape_TMEAN_W_2008WS,TMEAN_W_2008WS,"GIS raster calculated as xi / 4, where xi = the modeled mean air temperature (°C) for month i (1-2) of the sample year. The modeled monthly mean air temperature (xi) is the average of the minimum and maximum monthly air temperatures (http://www.prism.oregonstate.edu/faq.phtml). This value estimates the average temperature of the specific summer that field sampling was done. Each value represents a 2 x 2 kilometer cell",,,LAND,,,,COLUMN_NAME,landscape
1819,NRSA 1819 Landscape,Landscape Data,landscape_TMEAN_W_2009_PT,TMEAN_W_2009_PT,"GIS raster value at site location calculated as xi / 4, where xi = the modeled mean air temperature (°C) for month i (1-2) of the sample year. The modeled monthly mean air temperature (xi) is the average of the minimum and maximum monthly air temperatures (http://www.prism.oregonstate.edu/faq.phtml). This value estimates the average temperature of the specific summer that field sampling was done. Each value represents a 2 x 2 kilometer cell",,,LAND,,,,COLUMN_NAME,landscape
1819,NRSA 1819 Landscape,Landscape Data,landscape_TMEAN_W_2009_WS_PCTFULL,TMEAN_W_2009_WS_PCTFULL,"Percent of area with data for GIS raster calculated as xi / 4, where xi = the modeled mean air temperature (°C) for month i (1-2) of the sample year. The modeled monthly mean air temperature (xi) is the average of the minimum and maximum monthly air temperatures (http://www.prism.oregonstate.edu/faq.phtml). This value estimates the average temperature of the specific summer that field sampling was done. Each value represents a 2 x 2 kilometer cell",,,LAND,,,,COLUMN_NAME,landscape
1819,NRSA 1819 Landscape,Landscape Data,landscape_TMEAN_W_2009WS,TMEAN_W_2009WS,"GIS raster calculated as xi / 4, where xi = the modeled mean air temperature (°C) for month i (1-2) of the sample year. The modeled monthly mean air temperature (xi) is the average of the minimum and maximum monthly air temperatures (http://www.prism.oregonstate.edu/faq.phtml). This value estimates the average temperature of the specific summer that field sampling was done. Each value represents a 2 x 2 kilometer cell",,,LAND,,,,COLUMN_NAME,landscape
1819,NRSA 1819 Landscape,Landscape Data,landscape_TMEAN_W_2013_PT,TMEAN_W_2013_PT,"GIS raster value at site location calculated as xi / 4, where xi = the modeled mean air temperature (°C) for month i (1-2) of the sample year. The modeled monthly mean air temperature (xi) is the average of the minimum and maximum monthly air temperatures (http://www.prism.oregonstate.edu/faq.phtml). This value estimates the average temperature of the specific summer that field sampling was done. Each value represents a 2 x 2 kilometer cell",,,LAND,,,,COLUMN_NAME,landscape
1819,NRSA 1819 Landscape,Landscape Data,landscape_TMEAN_W_2013_WS_PCTFULL,TMEAN_W_2013_WS_PCTFULL,"Percent of area with data for GIS raster calculated as xi / 4, where xi = the modeled mean air temperature (°C) for month i (1-2) of the sample year. The modeled monthly mean air temperature (xi) is the average of the minimum and maximum monthly air temperatures (http://www.prism.oregonstate.edu/faq.phtml). This value estimates the average temperature of the specific summer that field sampling was done. Each value represents a 2 x 2 kilometer cell",,,LAND,,,,COLUMN_NAME,landscape
1819,NRSA 1819 Landscape,Landscape Data,landscape_TMEAN_W_2013WS,TMEAN_W_2013WS,"GIS raster calculated as xi / 4, where xi = the modeled mean air temperature (°C) for month i (1-2) of the sample year. The modeled monthly mean air temperature (xi) is the average of the minimum and maximum monthly air temperatures (http://www.prism.oregonstate.edu/faq.phtml). This value estimates the average temperature of the specific summer that field sampling was done. Each value represents a 2 x 2 kilometer cell",,,LAND,,,,COLUMN_NAME,landscape
1819,NRSA 1819 Landscape,Landscape Data,landscape_TMEAN_W_2014_PT,TMEAN_W_2014_PT,"GIS raster value at site location calculated as xi / 4, where xi = the modeled mean air temperature (°C) for month i (1-2) of the sample year. The modeled monthly mean air temperature (xi) is the average of the minimum and maximum monthly air temperatures (http://www.prism.oregonstate.edu/faq.phtml). This value estimates the average temperature of the specific summer that field sampling was done. Each value represents a 2 x 2 kilometer cell",,,LAND,,,,COLUMN_NAME,landscape
1819,NRSA 1819 Landscape,Landscape Data,landscape_TMEAN_W_2014_WS_PCTFULL,TMEAN_W_2014_WS_PCTFULL,"Percent of area with data for GIS raster calculated as xi / 4, where xi = the modeled mean air temperature (°C) for month i (1-2) of the sample year. The modeled monthly mean air temperature (xi) is the average of the minimum and maximum monthly air temperatures (http://www.prism.oregonstate.edu/faq.phtml). This value estimates the average temperature of the specific summer that field sampling was done. Each value represents a 2 x 2 kilometer cell",,,LAND,,,,COLUMN_NAME,landscape
1819,NRSA 1819 Landscape,Landscape Data,landscape_TMEAN_W_2014WS,TMEAN_W_2014WS,"GIS raster calculated as xi / 4, where xi = the modeled mean air temperature (°C) for month i (1-2) of the sample year. The modeled monthly mean air temperature (xi) is the average of the minimum and maximum monthly air temperatures (http://www.prism.oregonstate.edu/faq.phtml). This value estimates the average temperature of the specific summer that field sampling was done. Each value represents a 2 x 2 kilometer cell",,,LAND,,,,COLUMN_NAME,landscape
1819,NRSA 1819 Landscape,Landscape Data,landscape_TMEAN_W_2018_PT,TMEAN_W_2018_PT,"GIS raster value at site location calculated as xi / 4, where xi = the modeled mean air temperature (°C) for month i (1-2) of the sample year. The modeled monthly mean air temperature (xi) is the average of the minimum and maximum monthly air temperatures (http://www.prism.oregonstate.edu/faq.phtml). This value estimates the average temperature of the specific summer that field sampling was done. Each value represents a 2 x 2 kilometer cell",,,LAND,,,,COLUMN_NAME,landscape
1819,NRSA 1819 Landscape,Landscape Data,landscape_TMEAN_W_2018_WS_PCTFULL,TMEAN_W_2018_WS_PCTFULL,"Percent of area with data for GIS raster calculated as xi / 4, where xi = the modeled mean air temperature (°C) for month i (1-2) of the sample year. The modeled monthly mean air temperature (xi) is the average of the minimum and maximum monthly air temperatures (http://www.prism.oregonstate.edu/faq.phtml). This value estimates the average temperature of the specific summer that field sampling was done. Each value represents a 2 x 2 kilometer cell",,,LAND,,,,COLUMN_NAME,landscape
1819,NRSA 1819 Landscape,Landscape Data,landscape_TMEAN_W_2018WS,TMEAN_W_2018WS,"GIS raster calculated as xi / 4, where xi = the modeled mean air temperature (°C) for month i (1-2) of the sample year. The modeled monthly mean air temperature (xi) is the average of the minimum and maximum monthly air temperatures (http://www.prism.oregonstate.edu/faq.phtml). This value estimates the average temperature of the specific summer that field sampling was done. Each value represents a 2 x 2 kilometer cell",,,LAND,,,,COLUMN_NAME,landscape
1819,NRSA 1819 Landscape,Landscape Data,landscape_TMEAN_W_2019_PT,TMEAN_W_2019_PT,"GIS raster value at site location calculated as xi / 4, where xi = the modeled mean air temperature (°C) for month i (1-2) of the sample year. The modeled monthly mean air temperature (xi) is the average of the minimum and maximum monthly air temperatures (http://www.prism.oregonstate.edu/faq.phtml). This value estimates the average temperature of the specific summer that field sampling was done. Each value represents a 2 x 2 kilometer cell",,,LAND,,,,COLUMN_NAME,landscape
1819,NRSA 1819 Landscape,Landscape Data,landscape_TMEAN_W_2019_WS_PCTFULL,TMEAN_W_2019_WS_PCTFULL,"Percent of area with data for GIS raster calculated as xi / 4, where xi = the modeled mean air temperature (°C) for month i (1-2) of the sample year. The modeled monthly mean air temperature (xi) is the average of the minimum and maximum monthly air temperatures (http://www.prism.oregonstate.edu/faq.phtml). This value estimates the average temperature of the specific summer that field sampling was done. Each value represents a 2 x 2 kilometer cell",,,LAND,,,,COLUMN_NAME,landscape
1819,NRSA 1819 Landscape,Landscape Data,landscape_TMEAN_W_2019WS,TMEAN_W_2019WS,"GIS raster calculated as xi / 4, where xi = the modeled mean air temperature (°C) for month i (1-2) of the sample year. The modeled monthly mean air temperature (xi) is the average of the minimum and maximum monthly air temperatures (http://www.prism.oregonstate.edu/faq.phtml). This value estimates the average temperature of the specific summer that field sampling was done. Each value represents a 2 x 2 kilometer cell",,,LAND,,,,COLUMN_NAME,landscape
1819,NRSA 1819 Landscape,Landscape Data,landscape_TMEAN_WS_PCTFULL,TMEAN_WS_PCTFULL,"Percent of area with data for PRISM climate data - 30-year average annual normal mean air temperature (C°):, within the upstream watershed (Ws)",,,LAND,,,,COLUMN_NAME,landscape
1819,NRSA 1819 Landscape,Landscape Data,landscape_TMEAN8110WS,TMEAN8110WS,"PRISM climate data - 30-year average annual normal mean air temperature (C°):, within the upstream watershed (Ws)",,,LAND,,,,COLUMN_NAME,landscape
1819,NRSA 1819 Landscape,Landscape Data,landscape_TMIN_WS_PCTFULL,TMIN_WS_PCTFULL,"Percent of area with data for PRISM climate data - 30-year average annual normal minimum air temperature (C°):, within the upstream watershed (Ws)",,,LAND,,,,COLUMN_NAME,landscape
1819,NRSA 1819 Landscape,Landscape Data,landscape_TMIN8110WS,TMIN8110WS,"PRISM climate data - 30-year average annual normal minimum air temperature (C°):, within the upstream watershed (Ws)",,,LAND,,,,COLUMN_NAME,landscape
1819,NRSA 1819 Landscape,Landscape Data,landscape_TRI_WS_PCTFULL,TRI_WS_PCTFULL,Percent of area with data for density of georeferenced Toxic Release Inventory sites (TRI.shp) within the upstream watershed (Ws).,,,LAND,,,,COLUMN_NAME,landscape
1819,NRSA 1819 Landscape,Landscape Data,landscape_TRI_WS_PCTFULLRP100,TRI_WS_PCTFULLRP100,Percent of area with data for density of georeferenced Toxic Release Inventory sites (TRI.shp) within the upstream watershed (Ws) within a 100-m buffer (Rp100) of the NHD stream lines. Derived as the intersection between RpRp100 and TRI.shp landscape layers.,,,LAND,,,,COLUMN_NAME,landscape
1819,NRSA 1819 Landscape,Landscape Data,landscape_TRIDENSWS,TRIDENSWS,Density of georeferenced Toxic Release Inventory sites (TRI.shp) within the upstream watershed (Ws).,,,LAND,,,,COLUMN_NAME,landscape
1819,NRSA 1819 Landscape,Landscape Data,landscape_TRIDENSWSRP100,TRIDENSWSRP100,Density of georeferenced Toxic Release Inventory sites (TRI.shp) within the upstream watershed (Ws) within a 100-m buffer (Rp100) of the NHD stream lines. Derived as the intersection between RpRp100 and TRI.shp landscape layers.,,,LAND,,,,COLUMN_NAME,landscape
1819,NRSA 1819 Landscape,Landscape Data,landscape_UNIQUE_ID,UNIQUE_ID,Unique site ID based on location that does not depend on year sampled or any other factor. Form is NRS_ss_nnnnn where ss state and nnnnn is number that starts at 10001. No missing values allowed.,,,,,,,COLUMN_NAME,landscape
1819,NRSA 1819 Landscape,Landscape Data,landscape_VPU,VPU,"Vector Processing Unit that the site falls in, from NHDPlusV21.",,,LAND,,,,COLUMN_NAME,landscape
1819,NRSA 1819 Landscape,Landscape Data,landscape_WDMAX_PT,WDMAX_PT,"GIS raster calculated as (SUMxi / 12) / 30, where xi = the modeled maximum number of days with measurable precipitation (i.e., \wetdays\\, days) for month i (1-12). Values based on 30 years (1961-1990) of PRISM climate estimates. Each value represents a 2 x 2 kilometer cell\""""",,,LANDSCAPE,,,,COLUMN_NAME,landscape
1819,NRSA 1819 Landscape,Landscape Data,landscape_WDMAX_WS_PCTFULL,WDMAX_WS_PCTFULL,"Percent of area with data for GIS raster calculated as (SUMxi / 12) / 30, where xi = the modeled maximum number of days with measurable precipitation (i.e., \wetdays\\, days) for month i (1-12). Values based on 30 years (1961-1990) of PRISM climate estimates. Each value represents a 2 x 2 kilometer cell\""""",,,LAND,,,,COLUMN_NAME,landscape
1819,NRSA 1819 Landscape,Landscape Data,landscape_WDMAXWS,WDMAXWS,"GIS raster calculated as (SUMxi / 12) / 30, where xi = the modeled maximum number of days with measurable precipitation (i.e., \wetdays\\, days) for month i (1-12). Values based on 30 years (1961-1990) of PRISM climate estimates. Each value represents a 2 x 2 kilometer cell\""""",,,LAND,,,,COLUMN_NAME,landscape
1819,NRSA 1819 Landscape,Landscape Data,landscape_WDMIN_PT,WDMIN_PT,"GIS raster calculated as (SUMxi / 12) / 30, where xi = the modeled minimum number of days with measurable precipitation (i.e., \wetdays\\, days) for month i (1-12). Values based on 30 years (1961-1990) of PRISM climate estimates. Each value represents a 2 x 2 kilometer cell\""""",,,LANDSCAPE,,,,COLUMN_NAME,landscape
1819,NRSA 1819 Landscape,Landscape Data,landscape_WDMIN_WS_PCTFULL,WDMIN_WS_PCTFULL,"Percent of area with data for GIS raster calculated as (SUMxi / 12) / 30, where xi = the modeled minimum number of days with measurable precipitation (i.e., \wetdays\\, days) for month i (1-12). Values based on 30 years (1961-1990) of PRISM climate estimates. Each value represents a 2 x 2 kilometer cell\""""",,,LAND,,,,COLUMN_NAME,landscape
1819,NRSA 1819 Landscape,Landscape Data,landscape_WDMINWS,WDMINWS,"GIS raster calculated as (SUMxi / 12) / 30, where xi = the modeled minimum number of days with measurable precipitation (i.e., \wetdays\\, days) for month i (1-12). Values based on 30 years (1961-1990) of PRISM climate estimates. Each value represents a 2 x 2 kilometer cell\""""",,,LAND,,,,COLUMN_NAME,landscape
1819,NRSA 1819 Landscape,Landscape Data,landscape_WDSUM_PT,WDSUM_PT,"GIS raster calculated as (SUMxi / 12) / 30, where xi = the modeled mean number of days with measurable precipitation (i.e., \wetdays\\, days) for month i (1-12). Values based on 30 years (1961-1990) of PRISM climate estimates. Each value represents a 2 x 2 kilometer cell \""""",,,LANDSCAPE,,,,COLUMN_NAME,landscape
1819,NRSA 1819 Landscape,Landscape Data,landscape_WDSUM_WS_PCTFULL,WDSUM_WS_PCTFULL,"Percent of area with data for GIS raster calculated as (SUMxi / 12) / 30, where xi = the modeled mean number of days with measurable precipitation (i.e., \wetdays\\, days) for month i (1-12). Values based on 30 years (1961-1990) of PRISM climate estimates. Each value represents a 2 x 2 kilometer cell \""""",,,LAND,,,,COLUMN_NAME,landscape
1819,NRSA 1819 Landscape,Landscape Data,landscape_WDSUMWS,WDSUMWS,"GIS raster calculated as (SUMxi / 12) / 30, where xi = the modeled mean number of days with measurable precipitation (i.e., \wetdays\\, days) for month i (1-12). Values based on 30 years (1961-1990) of PRISM climate estimates. Each value represents a 2 x 2 kilometer cell \""""",,,LAND,,,,COLUMN_NAME,landscape
1819,NRSA 1819 Landscape,Landscape Data,landscape_WETINDEXWS,WETINDEXWS,"Mean Composite Topographic Index (CTI)[Wetness Index]:, within the upstream watershed (Ws)",,,LAND,,,,COLUMN_NAME,landscape
1819,NRSA 1819 Landscape,Landscape Data,landscape_WETNESSINDEX_WS_PCTFULL,WETNESSINDEX_WS_PCTFULL,"Percent of area with data for Mean Composite Topographic Index (CTI)[Wetness Index]:, within the upstream watershed (Ws)",,,LAND,,,,COLUMN_NAME,landscape
1819,NRSA 1819 Landscape,Landscape Data,landscape_WSAREASQKM,WSAREASQKM,Area in square kilometers of the watershed basin. Summarized by joining the sub-catchment area of the catchment with all of the upstream catchments of the NHDPlusV21.,,,LANDSCAPE,,,,COLUMN_NAME,landscape
1819,NRSA 1819 Landscape,Landscape Data,landscape_WSAREASQKMRP100,WSAREASQKMRP100,Area in square kilometers within 100-m buffer of NHD stream lines (Rp100) of the watershed basin. Summarized by joining the sub-catchment riparian zone area of the catchment with all of the upstream catchment's riparian zone areas.,,,LAND,,,,COLUMN_NAME,landscape
1819,NRSA 1819 Landscape,Landscape Data,landscape_WTDEP_WS_PCTFULL,WTDEP_WS_PCTFULL,Percent of area with data for Mean of all wtdep values within the upstream watershed (Ws).,,,LAND,,,,COLUMN_NAME,landscape
1819,NRSA 1819 Landscape,Landscape Data,landscape_WTDEPWS,WTDEPWS,Mean of all wtdep values within the upstream watershed (Ws).,,,LAND,,,,COLUMN_NAME,landscape
1819,NRSA 1819 Field Chemistry,Field Chemistry Measures,fieldchem_DATE_COL,DATE_COL,Date collected,,,VERIF,|01|02|03|04|05|06|07|08|09|10|11|12,,,PARAMETER,fieldchem
1819,NRSA 1819 Field Chemistry,Field Chemistry Measures,fieldchem_PUBLICATION_DATE,PUBLICATION_DATE,Date the dataset was published to the NARS site,,,COLUMN,,,,PARAMETER,fieldchem
1819,NRSA 1819 Field Chemistry,Field Chemistry Measures,fieldchem_RESULT,RESULT,Value of associated parameter,,,COLUMN,,,,PARAMETER,fieldchem
1819,NRSA 1819 Field Chemistry,Field Chemistry Measures,fieldchem_SAMPLE_TYPE,SAMPLE_TYPE,Code identifying sample type,,,COLUMN,,,,PARAMETER,fieldchem
1819,NRSA 1819 Field Chemistry,Field Chemistry Measures,fieldchem_SITE_ID,SITE_ID,Identification code for site,,,VERIF,,,,PARAMETER,fieldchem
1819,NRSA 1819 Field Chemistry,Field Chemistry Measures,fieldchem_STATE,STATE,State,,,VERIF,|AK|AL|AR|AZ|CA|CO|CT|DC|DE|FL|GA|HI|IA|ID|IL|IN|KS|KY|LA|MA|MD|ME|MI|MN|MO|MS|MT|NC|ND|NE|NH|NJ|NM|NV|NY|OH|OK|OR|PA|RI|SC|SD|TN|TX|UT|VA|VT|WA|WI|WV|WY,,,PARAMETER,fieldchem
1819,NRSA 1819 Field Chemistry,Field Chemistry Measures,fieldchem_UID,UID,Unique identifier for the site/visit,,,COLUMN,,,,PARAMETER,fieldchem
1819,NRSA 1819 Field Chemistry,Field Chemistry Measures,fieldchem_VISIT_NO,VISIT_NO,Sequential number of visit to site,,,VERIF,|1|2|R,,,PARAMETER,fieldchem
1819,NRSA 1819 Enterococci,Enterococci,enterococci_ANALYTE,ANALYTE,Analyte,,,,,,,COLUMN_NAME,enterococci
1819,NRSA 1819 Enterococci,Enterococci,enterococci_BATCH_ID,BATCH_ID,Laboratory Batch ID,,,,,,,COLUMN_NAME,enterococci
1819,NRSA 1819 Enterococci,Enterococci,enterococci_BATCH_ID,BATCH_ID,Laboratory Batch ID,,,,,,,COLUMN_NAME,enterococci
1819,NRSA 1819 Enterococci,Enterococci,enterococci_BATCH_ID,BATCH_ID,Laboratory Batch ID,,,,,,,COLUMN_NAME,enterococci
1819,NRSA 1819 Enterococci,Enterococci,enterococci_DATE_COL,DATE_COL,Date of data collection in field,,,VERIF,,,,COLUMN_NAME,enterococci
1819,NRSA 1819 Enterococci,Enterococci,enterococci_ENT_1X_CCE_100ML,ENT_1X_CCE_100ML,"Estimated enterococci CCE / 100 mL of water sample volume from ORD analysis of undiluted DNA extracts and CCE / extract calculations from EPA Method 1609 calculation spreadsheet. CCE are based on 15:1 calibrator target sequence equivalent (CSE) to CCE ratio established for RWQC guideline values. CCE / extract was multiplied by 100 ÷ filtered sample volume to obtain final estimate /100 ml. \QC fail\"" denotes analysis results that did not meet Method 1609 control assay acceptance criteria.""",,,ENTE,,,,COLUMN_NAME,enterococci
1819,NRSA 1819 Enterococci,Enterococci,enterococci_ENT_1X_STV_COND,ENT_1X_STV_COND,Estimated enterococci CCE / 100 mL of water sample volume from ORD analyses of undiluted DNA extract and calculations from EPA Method 1609 calculation spreadsheet exceeds (1) or is less than (0) RWQC STV value of 1280 CCE/100 mL.,,,ENTE,,,,COLUMN_NAME,enterococci
1819,NRSA 1819 Enterococci,Enterococci,enterococci_LAB,LAB,Laboratory processing sample,,,,,,,COLUMN_NAME,enterococci
1819,NRSA 1819 Enterococci,Enterococci,enterococci_LAB,LAB,Laboratory processing sample,,,,,,,COLUMN_NAME,enterococci
1819,NRSA 1819 Enterococci,Enterococci,enterococci_LAB,LAB,Laboratory processing sample,,,,,,,COLUMN_NAME,enterococci
1819,NRSA 1819 Enterococci,Enterococci,enterococci_MATRIX,MATRIX,"Type of sample (e.g., water, sediment, tissue)",,,,,,,COLUMN_NAME,enterococci
1819,NRSA 1819 Enterococci,Enterococci,enterococci_MATRIX,MATRIX,"Type of sample (e.g., water, sediment, tissue)",,,,,,,COLUMN_NAME,enterococci
1819,NRSA 1819 Enterococci,Enterococci,enterococci_MATRIX,MATRIX,"Type of sample (e.g., water, sediment, tissue)",,,,,,,COLUMN_NAME,enterococci
1819,NRSA 1819 Enterococci,Enterococci,enterococci_PUBLICATION_DATE,PUBLICATION_DATE,Date of data file publication,,,,,,,COLUMN_NAME,enterococci
1819,NRSA 1819 Enterococci,Enterococci,enterococci_SAM_CODE,SAM_CODE,"Sample code (e.g., regular, lab duplicate, lab split)",,,,,,,COLUMN_NAME,enterococci
1819,NRSA 1819 Enterococci,Enterococci,enterococci_SAM_CODE,SAM_CODE,"Sample code (e.g., regular, lab duplicate, lab split)",,,,,,,COLUMN_NAME,enterococci
1819,NRSA 1819 Enterococci,Enterococci,enterococci_SAM_CODE,SAM_CODE,"Sample code (e.g., regular, lab duplicate, lab split)",,,,,,,COLUMN_NAME,enterococci
1819,NRSA 1819 Enterococci,Enterococci,enterococci_SAMPLE_TYPE,SAMPLE_TYPE,Sample type,,,,,,,COLUMN_NAME,enterococci
1819,NRSA 1819 Enterococci,Enterococci,enterococci_SAMPLE_TYPE,SAMPLE_TYPE,Sample type,,,,,,,COLUMN_NAME,enterococci
1819,NRSA 1819 Enterococci,Enterococci,enterococci_SAMPLE_TYPE,SAMPLE_TYPE,Sample type,,,,,,,COLUMN_NAME,enterococci
1819,NRSA 1819 Enterococci,Enterococci,enterococci_SITE_ID,SITE_ID,Site ID,,,VERIF,,,,COLUMN_NAME,enterococci
1819,NRSA 1819 Enterococci,Enterococci,enterococci_STATE,STATE,State of site,,,,,,,COLUMN_NAME,enterococci
1819,NRSA 1819 Enterococci,Enterococci,enterococci_STATE,STATE,State of site,,,,,,,COLUMN_NAME,enterococci
1819,NRSA 1819 Enterococci,Enterococci,enterococci_STATE,STATE,State of site,,,,,,,COLUMN_NAME,enterococci
1819,NRSA 1819 Enterococci,Enterococci,enterococci_STATE,STATE,State of site,,,VERIF,,,,COLUMN_NAME,enterococci
1819,NRSA 1819 Enterococci,Enterococci,enterococci_UID,UID,Unique site visit ID,,,,,,,COLUMN_NAME,enterococci
1819,NRSA 1819 Enterococci,Enterococci,enterococci_UNITS,UNITS,Units,,,,,,,COLUMN_NAME,enterococci
1819,NRSA 1819 Enterococci,Enterococci,enterococci_UNITS,UNITS,Units,,,,,,,COLUMN_NAME,enterococci
1819,NRSA 1819 Enterococci,Enterococci,enterococci_UNITS,UNITS,Units,,,,,,,COLUMN_NAME,enterococci
1819,NRSA 1819 Enterococci,Enterococci,enterococci_VISIT_NO,VISIT_NO,Number identifying which visit this is,,,VERIF,|1|2,,,COLUMN_NAME,enterococci
1819,NRSA 1819 Data for Population Estimates,Population Estimates,population_ACID_COND,ACID_COND,"Condition based on ANC, DOC, and sulfate",,,,Good|Fair|Poor|Not Assessed,,,COLUMN_NAME,population
1819,NRSA 1819 Data for Population Estimates,Population Estimates,population_AG_ECO3,AG_ECO3,"NARS 3-level reporting region (2015), based on aggregating AG_ECO9 reporting regions. No missing or ""blank"" values allowed.",,,,EHIGH|PLNLOW|WMTNS |,,,COLUMN_NAME,population
1819,NRSA 1819 Data for Population Estimates,Population Estimates,population_AG_ECO9,AG_ECO9,"NARS 9-level reporting region, based on aggregated Omernik Level III ecoregions. No missing or ""blank"" values allowed.",,,,CPL|NAP|NPL|SAP|SPL|TPL|UMW|WMT|XER |,,,COLUMN_NAME,population
1819,NRSA 1819 Data for Population Estimates,Population Estimates,population_ANC_COND,ANC_COND,Site condition class based on acidity,,,,None|Episodic|ACID-AMD|ACID-aciddep|ACID-organic|No Data,,,COLUMN_NAME,population
1819,NRSA 1819 Data for Population Estimates,Population Estimates,population_BEDSED_COND,BEDSED_COND,"Bed sediment condition, based on log relative bed stability (LRBS_use)",,,,Good|Fair|Poor|Not Assessed,,,COLUMN_NAME,population
1819,NRSA 1819 Data for Population Estimates,Population Estimates,population_BENT_MMI_COND,BENT_MMI_COND,Condition class based on benthic MMI score,,,,Good|Fair|Poor|Not Assessed,,,COLUMN_NAME,population
1819,NRSA 1819 Data for Population Estimates,Population Estimates,population_CYLSPER_DETECT,CYLSPER_DETECT,Cylindrospermopsin Detection,,,,Detected|Not Detected|Not Assessed,,,COLUMN_NAME,population
1819,NRSA 1819 Data for Population Estimates,Population Estimates,population_CYLSPER_EPA_COND,CYLSPER_EPA_COND,Cylindrospermopsin condition based on EPA benchmark,,,,Above Benchmark|At or Below Benchmark|Not Assessed,,,COLUMN_NAME,population
1819,NRSA 1819 Data for Population Estimates,Population Estimates,population_DATE_COL,DATE_COL,Date of data collection in field,,,,,,,COLUMN_NAME,population
1819,NRSA 1819 Data for Population Estimates,Population Estimates,population_DSGN_CYCLE,DSGN_CYCLE,NRSA survey design time period 2000-04| 2008-09 | 2013-14 | 2018-19 | etc. No missing values allowed.,,,,,,,COLUMN_NAME,population
1819,NRSA 1819 Data for Population Estimates,Population Estimates,population_ENT_1X_STV_COND,ENT_1X_STV_COND,Estimated enterococci CCE / 100 mL of water sample volume from ORD analyses of undiluted DNA extract and calculations from EPA Method 1609 calculation spreadsheet exceeds (1) or is less than (0) RWQC STV value of 1280 CCE/100 mL.,,,,,,,COLUMN_NAME,population
1819,NRSA 1819 Data for Population Estimates,Population Estimates,population_EPA_REG,EPA_REG,"EPA Region. No missing or ""blank"" values allowed.",,,,Region_01 | Region_02 | Region_03 | Region_04 | Region_05 | Region_06 | Region_07 | Region_08 | Region_09 | Region_10 |,,,COLUMN_NAME,population
1819,NRSA 1819 Data for Population Estimates,Population Estimates,population_EVAL_CAT,EVAL_CAT,"NRSA site evaluation result. For hand-picked sites evaluation is Target_Sampled. No missing or ""blank"" values allowed.",,,,,,,COLUMN_NAME,population
1819,NRSA 1819 Data for Population Estimates,Population Estimates,population_FED_NONFED,FED_NONFED,"Federal or Non-Federal land, based on OWN_NARS. OWN_NARS in FWS, Other Fed, USFS, NPS, NOAA, BLM, DOD, BOR considered Federal and all others Non-Federal.",,,,Federal|Non-Federal,,,COLUMN_NAME,population
1819,NRSA 1819 Data for Population Estimates,Population Estimates,population_FISH_MMI_COND,FISH_MMI_COND,"Fish assemblage condition, based on regional Fish MMI.",,,,Good|Fair|Poor|Not Assessed,,,COLUMN_NAME,population
1819,NRSA 1819 Data for Population Estimates,Population Estimates,population_FS_EW,FS_EW,"Eastern or western US Forest Service land. Not_USFS if not US Forest Service land. No missing or ""blank"" values allowed.",,,,East | West | Not_USFS |,,,COLUMN_NAME,population
1819,NRSA 1819 Data for Population Estimates,Population Estimates,population_HG_COND,HG_COND,Site condition class based on mercury concentration in fish tissue,,,,Does Not Exceed 300 mg Hg/g ww|Exceeds 300 mg Hg/g ww|No Data|Not Assessed|No Sample Collected,,,COLUMN_NAME,population
1819,NRSA 1819 Data for Population Estimates,Population Estimates,population_HUC2_NM,HUC2_NM,"USGS Level 2 Hydrologic Unit Region Name where stream reach is located (based on NHDPlusV2 use of HUCs). No missing or ""blank"" values allowed.",,,,"Arkansas-Red-White Region |California Region |Great Basin Region |Great Lakes Region |Lower Colorado Region |Lower Mississippi Region |""Lower Missouri Region |Mid-Atlantic Region |New England Region |Ohio Region |Pacific Northwest Region |Rio Grande Region |Souris-Red-Rainy Region |South Atlantic-North Region |South Atlantic-South Region |South Atlantic-West Region |Tennessee Region |Texas Region |Upper Colorado Region |Upper Mississippi Region |Upper Missouri Region |",,,COLUMN_NAME,population
1819,NRSA 1819 Data for Population Estimates,Population Estimates,population_INSTRMCVR_COND,INSTRMCVR_COND,"Instream cover condition, based in log natural fish cover (L_XFC_NAT)",,,,Good|Fair|Poor|Not Assessed,,,COLUMN_NAME,population
1819,NRSA 1819 Data for Population Estimates,Population Estimates,population_LAT_DD83,LAT_DD83,"Latitude in decimal degrees (based on NAD83 datum) for stream site from NHDPlusV2, i.e., ""design latitude."". No missing or ""blank"" values allowed.",,,,,,,COLUMN_NAME,population
1819,NRSA 1819 Data for Population Estimates,Population Estimates,population_LON_DD83,LON_DD83,"Longitude in decimal degrees (based on NAD83 datum) for stream site from NHDPlusV2, i.e., ""design longitude."" No missing or ""blank"" values allowed.",,,,,,,COLUMN_NAME,population
1819,NRSA 1819 Data for Population Estimates,Population Estimates,population_MAJ_BAS_NM,MAJ_BAS_NM,"Name of major USGS Hydrologic Basins derived from NHDPlus names. No missing or ""blank"" values allowed.",,,,Arkansas-White-Red Region | California Region | Great Basin Region | Great Lakes Region | Lower Colorado Region | Lower Mississippi Region | Mid Atlantic Region | Missouri Region | New England Region | Ohio-Tennessee Region | Pacific Northwest Region | Rio Grande-Texas-Gulf Region | Souris-Red-Rainy Region | South Atlantic Gulf Region | Upper Colorado Region | Upper Mississippi Region |,,,COLUMN_NAME,population
1819,NRSA 1819 Data for Population Estimates,Population Estimates,population_MICX_DETECT,MICX_DETECT,Microcystin Detection,,,,Detected|Not Detected|Not Assessed,,,COLUMN_NAME,population
1819,NRSA 1819 Data for Population Estimates,Population Estimates,population_MICX_EPA_COND,MICX_EPA_COND,Microcystin condition based on EPA benchmark,,,,Above Benchmark|At or Below Benchmark|Not Assessed,,,COLUMN_NAME,population
1819,NRSA 1819 Data for Population Estimates,Population Estimates,population_MIS_BAS_NM,MIS_BAS_NM,"The hydrologic basin name for streams in the Mississippi Basin derived from NHDPlus names. ""Not Miss River Basin"" for streams not in the Mississippi Basin. No missing values allowed.",,,,Ohio Region|Tennessee Region|Upper Mississippi Region|Lower Mississippi Region|Lower Missouri Region| Upper Missouri Region|Arkansas-Red-White Region|Not Mississippi River Basin,,,COLUMN_NAME,population
1819,NRSA 1819 Data for Population Estimates,Population Estimates,population_MISS_BASIN,MISS_BASIN,"Within Mississippi Basin or outside, based on MIS_BAS_NM values",,,,Mississippi_Basin|Not_Mississippi_Basin,,,COLUMN_NAME,population
1819,NRSA 1819 Data for Population Estimates,Population Estimates,population_NTL_COND,NTL_COND,Site condition class based on total nitrogen concentration,,,,Good|Fair|Poor|No Data,,,COLUMN_NAME,population
1819,NRSA 1819 Data for Population Estimates,Population Estimates,population_OE_COND,OE_COND,Condition class based on O/E score,,,,<0.5|<0.8|<0.9|>=0.9,,,COLUMN_NAME,population
1819,NRSA 1819 Data for Population Estimates,Population Estimates,population_OWN_NARS,OWN_NARS,"Land ownership code derived from USGS PADUS (http://gapanalysis.usgs.gov/padus/data/) - pulled May 2016 version of database. Aggregated to categories used by NARS. Text of 13 land ownership category names. Similar to OWN_TYPE in USGS PADUS dataset except that Federal_Land is separated into major federal agencies. No missing or ""blank"" values allowed.",,,,BLM | DOD | | DOE | USFS | FWS | NOAA | Non Federal | NPS | Tribal Land| USACE | USBR | NRCS| Other Fed,,,COLUMN_NAME,population
1819,NRSA 1819 Data for Population Estimates,Population Estimates,population_PSTL_CODE,PSTL_CODE,"State two letter postal code for site sampled. 50 state postal codes plus AS, MP, GU, PR, VI for American Samoa, Commonwealth of Northern Marianas, Guam, Puerto Rico and Virgin Islands. No missing or ""blank"" values allowed.",,,,,,,COLUMN_NAME,population
1819,NRSA 1819 Data for Population Estimates,Population Estimates,population_PTL_COND,PTL_COND,Site condition class based on total phosphorus concentration,,,,Good|Fair|Poor|No Data,,,COLUMN_NAME,population
1819,NRSA 1819 Data for Population Estimates,Population Estimates,population_PUBLICATION_DATE,PUBLICATION_DATE,Date of data file publication,,,,,,,COLUMN_NAME,population
1819,NRSA 1819 Data for Population Estimates,Population Estimates,population_RIPDIST_COND,RIPDIST_COND,"Riparian disturbance condition, based on W1_HALL",,,,Low|Medium|High|Not Assessed,,,COLUMN_NAME,population
1819,NRSA 1819 Data for Population Estimates,Population Estimates,population_RIPVEG_COND,RIPVEG_COND,"Riparian vegetation condition, based on L_XCMGW",,,,Good|Fair|Poor|Not Assessed,,,COLUMN_NAME,population
1819,NRSA 1819 Data for Population Estimates,Population Estimates,population_SAL_COND,SAL_COND,Site condition class based on conductivity,,,,Good|Fair|Poor|No Data,,,COLUMN_NAME,population
1819,NRSA 1819 Data for Population Estimates,Population Estimates,population_SALINITY_CLASS,SALINITY_CLASS,"Salinity class, based on total salts in sample",,,,Not Assessed|Freshwater|Slightly Saline|Moderately Saline|Highly Saline,,,COLUMN_NAME,population
1819,NRSA 1819 Data for Population Estimates,Population Estimates,population_SITE_ID,SITE_ID,"Site ID for the study and year sampled. Preferred form is NRSnn_MM-xxxxx where nn is current cycle year (04, 08, 13, 18, etc), MM is two letter state code, and xxxxx is between 10001 and 99999. No missing or ""blank"" values allowed.",,,,,,,COLUMN_NAME,population
1819,NRSA 1819 Data for Population Estimates,Population Estimates,population_SITESAMP,SITESAMP,Was site sampled: Y/N.,,,,|Y|N,,,COLUMN_NAME,population
1819,NRSA 1819 Data for Population Estimates,Population Estimates,population_STRAH_CAT,STRAH_CAT,"Strahler category used to classify reaches. SmallStreams – 1st and 2nd order; LargeStreams – 3rd and 4th order; MajorRivers – 5th order and higher that are identified as MajorRiver/Additional in MAJ_RIVER variable; and OtherRivers – 5th and higher that are not MajorRivers. No missing or ""blank"" values allowed.",,,,RiversMajor | RiversOther | LargeStreams | SmallStreams |,,,COLUMN_NAME,population
1819,NRSA 1819 Data for Population Estimates,Population Estimates,population_UID,UID,Unique site visit ID,,,,,,,COLUMN_NAME,population
1819,NRSA 1819 Data for Population Estimates,Population Estimates,population_UNIQUE_ID,UNIQUE_ID,Unique site ID based on location that does not depend on year sampled or any other factor. Form is NRS_ss_nnnnn where ss state and nnnnn is number that starts at 10001. No missing values allowed.,,,,,,,COLUMN_NAME,population
1819,NRSA 1819 Data for Population Estimates,Population Estimates,population_URBN_NRS18,URBN_NRS18,"Stream identified as an urban stream based on urban definition used in NRSA 2018-19 design. Urban based on 2010 Census polygons of urban areas. No 3km buffer to ensure census waters included since census polygons now include census waters. No missing or ""blank"" values allowed.",,,,Urban | Non-Urban |,,,COLUMN_NAME,population
1819,NRSA 1819 Data for Population Estimates,Population Estimates,population_USFS,USFS,"US Forest Service land or other, based on OWN_NARS.",,,,Forest_Service|Not_Forest_Service,,,COLUMN_NAME,population
1819,NRSA 1819 Data for Population Estimates,Population Estimates,population_VISIT_NO,VISIT_NO,Number identifying which visit this is,,,,|1|2,,,COLUMN_NAME,population
1819,NRSA 1819 Data for Population Estimates,Population Estimates,population_WGT_TP,WGT_TP,NRSA adjusted weight for site when want estimates to be for the Target Population. Includes weight adjustments to account for sites with unknown status and when site status is known to be target but not sampled. >0 or 0 if site is not to be used for population estimation. Units: miles.,,,,,,,COLUMN_NAME,population
1819,NRSA 1819 Data for Population Estimates,Population Estimates,population_XCOORD,XCOORD,"x-coordinate from US Contiguous Albers Equal Area Conic projection EXCEPT Hawaii sites which are calculated from Hawaii Albers Equal Area Conic projection. No missing or ""blank"" values allowed. Projection: clon = -96, clat = 37.5, sp1 = 29.5, sp2 = 45.5",,,,,,,COLUMN_NAME,population
1819,NRSA 1819 Data for Population Estimates,Population Estimates,population_YCOORD,YCOORD,"y-coordinate from US Contiguous Albers Equal Area Conic projection EXCEPT Hawaii sites which are calculated from Hawaii Albers Equal Area Conic projection. No missing or ""blank"" values allowed. Projection: sph = ""GRS80"", clon = -96, clat = 37.5, sp1 = 29.5, sp2 = 45.5",,,,,,,COLUMN_NAME,population
1819,NRSA 1819 Data for Population Estimates,Population Estimates,population_YEAR,YEAR,Year of sampling,,,,,,,COLUMN_NAME,population
