cycle,source_dataset,indicator,database_style_key,epa_short_name,epa_label_description,boatable_label,wadeable_label,sample_or_record_type,units,legal_values_format,range_low,range_high,metadata_name_column,convenience_prefix
1314,NRSA 1314 Key Variables and Classification Categories,All / Key Variables,keyvars_AG_ECO3_NM,AG_ECO3_NM,NARS 3-level reporting region Name,,,DESIGN,,Text names,,,PARAMETER,keyvars
1314,NRSA 1314 Key Variables and Classification Categories,All / Key Variables,keyvars_AG_ECO9_NM,AG_ECO9_NM,NARS 9-level reporting region Name,,,DESIGN,,Text names,,,PARAMETER,keyvars
1314,NRSA 1314 Key Variables and Classification Categories,All / Key Variables,keyvars_ANC,ANC,Acid Neutralizing Capacity - MG N/L,,,CHEM,,,,,PARAMETER,keyvars
1314,NRSA 1314 Key Variables and Classification Categories,All / Key Variables,keyvars_ANC_COND,ANC_COND,Site condition class based on acidity,,,CHEM,,None|Episodic|ACID-AMD|ACID-aciddep|ACID-organic|No Data,,,PARAMETER,keyvars
1314,NRSA 1314 Key Variables and Classification Categories,All / Key Variables,keyvars_BEDSED_COND,BEDSED_COND,"Bed sediment condition, based on log relative bed stability (LRBS_use)",,,PHAB,,Good|Fair|Poor|Not Assessed,,,PARAMETER,keyvars
1314,NRSA 1314 Key Variables and Classification Categories,All / Key Variables,keyvars_BENT_MMI_COND,BENT_MMI_COND,Condition class based on benthic MMI score,,,BERW,,Good|Fair|Poor|Not Assessed,,,PARAMETER,keyvars
1314,NRSA 1314 Key Variables and Classification Categories,All / Key Variables,keyvars_BENT_MMI_COND,BENT_MMI_COND,Condition class based on benthic MMI score,,,BETB,,Good|Fair|Poor|Not Assessed,,,PARAMETER,keyvars
1314,NRSA 1314 Key Variables and Classification Categories,All / Key Variables,keyvars_COND,COND,Conductivity - US/CM AT 25 C,,,CHEM,,,,,PARAMETER,keyvars
1314,NRSA 1314 Key Variables and Classification Categories,All / Key Variables,keyvars_DATE_COL,DATE_COL,Date of data collection in field,,,,,,,,PARAMETER,keyvars
1314,NRSA 1314 Key Variables and Classification Categories,All / Key Variables,keyvars_DATE_COL,DATE_COL,Date of data collection in field,,,VERIF,,,,,PARAMETER,keyvars
1314,NRSA 1314 Key Variables and Classification Categories,All / Key Variables,keyvars_DOC,DOC,Dissolved Organic Carbon - MG/L,,,CHEM,,,,,PARAMETER,keyvars
1314,NRSA 1314 Key Variables and Classification Categories,All / Key Variables,keyvars_ENT_1X_CCE_100ML,ENT_1X_CCE_100ML,"Estimated enterococci CCE / 100 mL of water sample volume from ORD analysis of undiluted DNA extracts and CCE / extract calculations from EPA Method 1609 calculation spreadsheet. CCE are based on 15:1 calibrator target sequence equivalent (CSE) to CCE ratio established for RWQC guideline values. CCE / extract was multiplied by 100 ÷ filtered sample volume to obtain final estimate /100 ml. ""QC fail"" denotes analysis results that did not meet Method 1609 control assay acceptance criteria.",,,ENTE,,,,,PARAMETER,keyvars
1314,NRSA 1314 Key Variables and Classification Categories,All / Key Variables,keyvars_ENT_1X_STV_COND,ENT_1X_STV_COND,Estimated enterococci CCE / 100 mL of water sample volume from ORD analyses of undiluted DNA extract and calculations from EPA Method 1609 calculation spreadsheet exceeds (1) or is less than (0) RWQC STV value of 1280 CCE/100 mL.,,,ENTE,,,,,PARAMETER,keyvars
1314,NRSA 1314 Key Variables and Classification Categories,All / Key Variables,keyvars_EPA_REG,EPA_REG,EPA Region,,,DESIGN,,Region_1 | Region_2 | Region_3 | Region_4 | Region_5 | Region_6 | Region_7 | Region_8 | Region_9 | Region_10,,,PARAMETER,keyvars
1314,NRSA 1314 Key Variables and Classification Categories,All / Key Variables,keyvars_FISH_MMI_COND,FISH_MMI_COND,"Fish assemblage condition, based on regional Fish MMI.",,,FISH,,Good|Fair|Poor|Not Assessed|Insufficient Sampling|No Data,,,PARAMETER,keyvars
1314,NRSA 1314 Key Variables and Classification Categories,All / Key Variables,keyvars_FS_EW,FS_EW,Eastern or western US Forest Service land,,,DESIGN,,East | West | blank if not US Forest Service land,,,PARAMETER,keyvars
1314,NRSA 1314 Key Variables and Classification Categories,All / Key Variables,keyvars_HG_COND,HG_COND,Site condition class based on mercury concentration in fish tissue,,,FPLG,,Does Not Exceed 300 mg Hg/g ww|Exceeds 300 mg Hg/g ww|No Data|Not Assessed|No Sample Collected,,,PARAMETER,keyvars
1314,NRSA 1314 Key Variables and Classification Categories,All / Key Variables,keyvars_INSTRMCVR_COND,INSTRMCVR_COND,"Instream cover condition, based in log natural fish cover (L_XFC_NAT)",,,PHAB,,Good|Fair|Poor|Not Assessed,,,PARAMETER,keyvars
1314,NRSA 1314 Key Variables and Classification Categories,All / Key Variables,keyvars_L_XCMGW,L_XCMGW,Log10(XCMGW + 0.01,,,PHAB,,,,,PARAMETER,keyvars
1314,NRSA 1314 Key Variables and Classification Categories,All / Key Variables,keyvars_L_XFC_NAT,L_XFC_NAT,Log10(XFC_NAT + 0.01),,,PHAB,,,,,PARAMETER,keyvars
1314,NRSA 1314 Key Variables and Classification Categories,All / Key Variables,keyvars_LAT_DD83,LAT_DD83,Latitude (based on NAD83 datum) for stream site from NHD-based sample frame.,,,DESIGN,,Numeric,,,PARAMETER,keyvars
1314,NRSA 1314 Key Variables and Classification Categories,All / Key Variables,keyvars_LAT_DD83,LAT_DD83,Latitude in decimal degrees NAD83,,,LANDSCAPE,,,,,PARAMETER,keyvars
1314,NRSA 1314 Key Variables and Classification Categories,All / Key Variables,keyvars_LON_DD83,LON_DD83,Longitude (based on NAD83 datum) for stream site from NHD-based sample frame.,,,DESIGN,,Numeric,,,PARAMETER,keyvars
1314,NRSA 1314 Key Variables and Classification Categories,All / Key Variables,keyvars_LON_DD83,LON_DD83,Longitude in decimal degrees NAD83,,,LANDSCAPE,,,,,PARAMETER,keyvars
1314,NRSA 1314 Key Variables and Classification Categories,All / Key Variables,keyvars_LRBS_USE,LRBS_USE,"Log relative bed stability to use in assessing BEDSED_COND, filled in from other variables as needed",,,PHAB,,,,,PARAMETER,keyvars
1314,NRSA 1314 Key Variables and Classification Categories,All / Key Variables,keyvars_MAJ_BAS_NM,MAJ_BAS_NM,Major USGS Hydrologic Basins derived from NHDPlus Names,,,DESIGN,,Text of 16 basin names,,,PARAMETER,keyvars
1314,NRSA 1314 Key Variables and Classification Categories,All / Key Variables,keyvars_MERCURY_COMMENT,MERCURY_COMMENT,Comment to indicate reason mercury data not used in assessment,,,FPLG,,,,,PARAMETER,keyvars
1314,NRSA 1314 Key Variables and Classification Categories,All / Key Variables,keyvars_MERCURY_COMMENT,MERCURY_COMMENT,Comment to indicate reason mercury data not used in assessment,,,FPLL,,,,,PARAMETER,keyvars
1314,NRSA 1314 Key Variables and Classification Categories,All / Key Variables,keyvars_MERCURY_DATA_FLAG,MERCURY_DATA_FLAG,Laboratory or OW flag of result for Mercury,,,FPLG,,,,,PARAMETER,keyvars
1314,NRSA 1314 Key Variables and Classification Categories,All / Key Variables,keyvars_MERCURY_DATA_FLAG,MERCURY_DATA_FLAG,Laboratory or OW flag of result for Mercury,,,FPLL,,,,,PARAMETER,keyvars
1314,NRSA 1314 Key Variables and Classification Categories,All / Key Variables,keyvars_MERCURY_FLAG,MERCURY_FLAG,NARS flag for analyte Mercury,,,,,,,,PARAMETER,keyvars
1314,NRSA 1314 Key Variables and Classification Categories,All / Key Variables,keyvars_MERCURY_MDL,MERCURY_MDL,Minimum Detection Limit for Mercury in Fish Tissue - NG/G,,,FPLG,,,,,PARAMETER,keyvars
1314,NRSA 1314 Key Variables and Classification Categories,All / Key Variables,keyvars_MERCURY_RESULT,MERCURY_RESULT,Result for Mercury in Fish Tissue - NG/G,,,FPLG,,,,,PARAMETER,keyvars
1314,NRSA 1314 Key Variables and Classification Categories,All / Key Variables,keyvars_MERCURY_RL,MERCURY_RL,Reporting Limit for Mercury in Fish Tissue - NG/G,,,FPLG,,,,,PARAMETER,keyvars
1314,NRSA 1314 Key Variables and Classification Categories,All / Key Variables,keyvars_MICX_COND,MICX_COND,Microcystin condition class,,,MICX,,<= 8 ug/L|> 8 ug/L|Not Detected,,,PARAMETER,keyvars
1314,NRSA 1314 Key Variables and Classification Categories,All / Key Variables,keyvars_MICX_FLAG,MICX_FLAG,NARS flag for analyte Microcystin,,,,,,,,PARAMETER,keyvars
1314,NRSA 1314 Key Variables and Classification Categories,All / Key Variables,keyvars_MICX_MDL,MICX_MDL,Minimum Detection Limit for Microcystin - UG/L,,,MICX,,,,,PARAMETER,keyvars
1314,NRSA 1314 Key Variables and Classification Categories,All / Key Variables,keyvars_MICX_RESULT,MICX_RESULT,Result for Microcystin - UG/L,,,MICX,,,,,PARAMETER,keyvars
1314,NRSA 1314 Key Variables and Classification Categories,All / Key Variables,keyvars_MICX_RL,MICX_RL,Reporting Limit for Microcystin - UG/L,,,MICX,,,,,PARAMETER,keyvars
1314,NRSA 1314 Key Variables and Classification Categories,All / Key Variables,keyvars_MISS_BASIN_NM,MISS_BASIN_NM,Mississippi basin name,,,DESIGN,,Ohio Region|Tennessee Region|Upper Mississippi Region|Lower Mississippi Region|Lower Missouri Region|Upper Missouri Region|Arkansas-White-Red Region,,,PARAMETER,keyvars
1314,NRSA 1314 Key Variables and Classification Categories,All / Key Variables,keyvars_MMI_BENT,MMI_BENT,Benthic MMI score,,,BERW,,Good|Fair|Poor|Not Assessed,0.0,100.0,PARAMETER,keyvars
1314,NRSA 1314 Key Variables and Classification Categories,All / Key Variables,keyvars_MMI_BENT,MMI_BENT,Benthic MMI score,,,BETB,,Good|Fair|Poor|Not Assessed,0.0,100.0,PARAMETER,keyvars
1314,NRSA 1314 Key Variables and Classification Categories,All / Key Variables,keyvars_MMI_FISH,MMI_FISH,Traditional MMI watershed adjusted value for MMI_FISH,,,FISH,,,,,PARAMETER,keyvars
1314,NRSA 1314 Key Variables and Classification Categories,All / Key Variables,keyvars_NARS_OWN,NARS_OWN,Land ownership category used by NARS,,,DESIGN,,Text of 13 land ownership category names,,,PARAMETER,keyvars
1314,NRSA 1314 Key Variables and Classification Categories,All / Key Variables,keyvars_NRS13_EVAL,NRS13_EVAL,NRSA 2013/14 site evaluation result.,,,DESIGN,,Text,,,PARAMETER,keyvars
1314,NRSA 1314 Key Variables and Classification Categories,All / Key Variables,keyvars_NRS13_MDC,NRS13_MDC,Multi-density categories used in NRSA 2013/14 survey design within a stratum,,,DESIGN,,Text,,,PARAMETER,keyvars
1314,NRSA 1314 Key Variables and Classification Categories,All / Key Variables,keyvars_NRS13_PNL,NRS13_PNL,NRSA 2013/14 Panel Assignment,,,DESIGN,,"Text that has form NRSnn_mmXXXn_YYYY, where nn is current cycle year (07, 12, 17, etc), mm is cycle year stream site was first selected for sampling, XXXn denotes revisit status, and YYYY denotes base or over sample status. XXXN equals either RVT2 (if site should be visited twice in current cycle year) or RVT (if site should be visited once in current cycle and was previously visited in a prior cycle year) and is blank otherwise. YYYY is either blank (if the stream site is a base site) or equals OverSamp (if the stream site is an over sample site). Note: For state specific designs, state two letter code is added.",,,PARAMETER,keyvars
1314,NRSA 1314 Key Variables and Classification Categories,All / Key Variables,keyvars_NRS13_SF,NRS13_SF,Lake included/excluded from NRSA 2013/14 survey design,,,DESIGN,,Exclude|Include | Not Present Blank values are not allowed or NA for missing,,,PARAMETER,keyvars
1314,NRSA 1314 Key Variables and Classification Categories,All / Key Variables,keyvars_NRS13_STRA,NRS13_STRA,Strata used in NRSA 2013/14 survey design,,,DESIGN,,Text,,,PARAMETER,keyvars
1314,NRSA 1314 Key Variables and Classification Categories,All / Key Variables,keyvars_NRS13_TNT,NRS13_TNT,NRS 2013/14 target status assigned based on stream site evaluation for use in national assessments.,,,DESIGN,,Target | Target_Presumed |Uncertain | Non_Target | Not_Needed | blank,,,PARAMETER,keyvars
1314,NRSA 1314 Key Variables and Classification Categories,All / Key Variables,keyvars_NRS13_URBN,NRS13_URBN,Stream site identified as an urban or non-urban stream. Source: https://www.census.gov/geo/maps-data/data/cbf/cbf_ua.html. Used 2015 Urban Areas cartographic boundaries shapefile,,,DESIGN,,NonUrban|Urban,,,PARAMETER,keyvars
1314,NRSA 1314 Key Variables and Classification Categories,All / Key Variables,keyvars_NRS13_VST,NRS13_VST,Number of times NRSA 2013/14 site was actually sampled in 2013/14,,,DESIGN,,Zero | One | Two Blank is site not evaluated,,,PARAMETER,keyvars
1314,NRSA 1314 Key Variables and Classification Categories,All / Key Variables,keyvars_NTL_COND,NTL_COND,Site condition class based on total nitrogen concentration,,,CHEM,,Good|Fair|Poor|No Data,,,PARAMETER,keyvars
1314,NRSA 1314 Key Variables and Classification Categories,All / Key Variables,keyvars_NTL_UG_L,NTL_UG_L,Total Nitrogen - UG N/L,,,CHEM,,,,,PARAMETER,keyvars
1314,NRSA 1314 Key Variables and Classification Categories,All / Key Variables,keyvars_OE_COND,OE_COND,Condition class based on O/E score,,,BERW,,<0.5|<0.8|<0.9|>=0.9,,,PARAMETER,keyvars
1314,NRSA 1314 Key Variables and Classification Categories,All / Key Variables,keyvars_OE_COND,OE_COND,Condition class based on O/E score,,,BETB,,<0.5|<0.8|<0.9|>=0.9,,,PARAMETER,keyvars
1314,NRSA 1314 Key Variables and Classification Categories,All / Key Variables,keyvars_OE_SCORE,OE_SCORE,O/E score for benthic sample,,,BERW,,,0.0,,PARAMETER,keyvars
1314,NRSA 1314 Key Variables and Classification Categories,All / Key Variables,keyvars_OE_SCORE,OE_SCORE,O/E score for benthic sample,,,BETB,,,0.0,,PARAMETER,keyvars
1314,NRSA 1314 Key Variables and Classification Categories,All / Key Variables,keyvars_PH,PH,pH - STD. UNITS,,,CHEM,,,,,PARAMETER,keyvars
1314,NRSA 1314 Key Variables and Classification Categories,All / Key Variables,keyvars_PH,PH,PH,,,FIELDMEAS,,,1.0,14.0,PARAMETER,keyvars
1314,NRSA 1314 Key Variables and Classification Categories,All / Key Variables,keyvars_PTL,PTL,Total Phosphorus - UG/L,,,CHEM,,,,,PARAMETER,keyvars
1314,NRSA 1314 Key Variables and Classification Categories,All / Key Variables,keyvars_PTL_COND,PTL_COND,Site condition class based on total phosphorus concentration,,,CHEM,,Good|Fair|Poor|No Data,,,PARAMETER,keyvars
1314,NRSA 1314 Key Variables and Classification Categories,All / Key Variables,keyvars_PUBLICATION_DATE,PUBLICATION_DATE,Date of data file publication,,,,,,,,PARAMETER,keyvars
1314,NRSA 1314 Key Variables and Classification Categories,All / Key Variables,keyvars_RIPDIST_COND,RIPDIST_COND,"Riparian disturbance condition, based on W1_HALL",,,PHAB,,Low|Medium|High|Not Assessed,,,PARAMETER,keyvars
1314,NRSA 1314 Key Variables and Classification Categories,All / Key Variables,keyvars_RIPVEG_COND,RIPVEG_COND,"Riparian vegetation condition, based on L_XCMGW",,,PHAB,,Good|Fair|Poor|Not Assessed,,,PARAMETER,keyvars
1314,NRSA 1314 Key Variables and Classification Categories,All / Key Variables,keyvars_SAL_COND,SAL_COND,Site condition class based on conductivity,,,CHEM,,Good|Fair|Poor|No Data,,,PARAMETER,keyvars
1314,NRSA 1314 Key Variables and Classification Categories,All / Key Variables,keyvars_SITE_ID,SITE_ID,Site ID,,,,,,,,PARAMETER,keyvars
1314,NRSA 1314 Key Variables and Classification Categories,All / Key Variables,keyvars_SITE_ID,SITE_ID,Unique Site ID assigned for NRSA13-14,,,LANDSCAPE,,,,,PARAMETER,keyvars
1314,NRSA 1314 Key Variables and Classification Categories,All / Key Variables,keyvars_SITE_ID,SITE_ID,NRSA site id as used on sample label,,,PERI,,,,,PARAMETER,keyvars
1314,NRSA 1314 Key Variables and Classification Categories,All / Key Variables,keyvars_SITE_ID,SITE_ID,Site ID,,,VERIF,,,,,PARAMETER,keyvars
1314,NRSA 1314 Key Variables and Classification Categories,All / Key Variables,keyvars_STRAH_CAT,STRAH_CAT,Strahler category used to classify reaches. RiversMajor (5th and higher) RiversOther (5th and higher) LargeStreams (3rd and 4th) SmallStreams (1st and 2nd),,,DESIGN,,RiversMajor | RiversOther | LargeStreams | SmallStreams,,,PARAMETER,keyvars
1314,NRSA 1314 Key Variables and Classification Categories,All / Key Variables,keyvars_UID,UID,Unique site visit ID,,,,,,,,PARAMETER,keyvars
1314,NRSA 1314 Key Variables and Classification Categories,All / Key Variables,keyvars_VISIT_NO,VISIT_NO,Number identifying which visit this is,,,,,,,,PARAMETER,keyvars
1314,NRSA 1314 Key Variables and Classification Categories,All / Key Variables,keyvars_VISIT_NO,VISIT_NO,Number identifying which visit this is,,,VERIF,,|1|2,,,PARAMETER,keyvars
1314,NRSA 1314 Key Variables and Classification Categories,All / Key Variables,keyvars_W1_HALL,W1_HALL,Human Disturbance Index(distance-wtd tally of types and presence used for condition,,,PHAB,,,,,PARAMETER,keyvars
1314,NRSA 1314 Key Variables and Classification Categories,All / Key Variables,keyvars_W1_HALL,W1_HALL,Human Disturbance Index(distance-wtd tally of types and presence,,,PHab boatable: human disturbance,,,,,PARAMETER,keyvars
1314,NRSA 1314 Key Variables and Classification Categories,All / Key Variables,keyvars_W1_HALL,W1_HALL,Human Disturbance Index(distance-wtd tally of types and presence,,,PHab wadeable: human disturbance,,,,,PARAMETER,keyvars
1314,NRSA 1314 Key Variables and Classification Categories,All / Key Variables,keyvars_WGT_EXT_SP,WGT_EXT_SP,Length of sampled streams represented by site in km,,,DESIGN,,,,,PARAMETER,keyvars
1314,NRSA 1314 Key Variables and Classification Categories,All / Key Variables,keyvars_XCOORD,XCOORD,x-coordinate from US Contiguous Albers Equal Area Conic projection EXCEPT Hawaii sites which are calculated from Hawaii Albers Equal Area Conic projection,,,DESIGN,,Numeric,,,PARAMETER,keyvars
1314,NRSA 1314 Key Variables and Classification Categories,All / Key Variables,keyvars_YCOORD,YCOORD,y-coordinate from US Contiguous Albers Equal Area Conic projection EXCEPT Hawaii sites which are calculated from Hawaii Albers Equal Area Conic projection,,,DESIGN,,Numeric,,,PARAMETER,keyvars
1314,NRSA 1314 Key Variables and Classification Categories,All / Key Variables,keyvars_YEAR,YEAR,Year of site visit.,,,VERIF,,,2015.0,2013.0,PARAMETER,keyvars
1314,NRSA 1314 Microcystin,Algal Toxin,algaltox_DATE_COL,DATE_COL,Date of data collection in field,,,VERIF,,,,,PARAMETER,algaltox
1314,NRSA 1314 Microcystin,Algal Toxin,algaltox_INDEX_VISIT,INDEX_VISIT,Index visit Y/blank,,,VERIF,,,,,PARAMETER,algaltox
1314,NRSA 1314 Microcystin,Algal Toxin,algaltox_MICX_FLAG,MICX_FLAG,Flag assigned to associated comment for Microcystin - UG/L,,,MICX,,,,,PARAMETER,algaltox
1314,NRSA 1314 Microcystin,Algal Toxin,algaltox_MICX_MDL,MICX_MDL,Minimum Detection Limit for Microcystin - UG/L,,,MICX,,,,,PARAMETER,algaltox
1314,NRSA 1314 Microcystin,Algal Toxin,algaltox_MICX_RESULT,MICX_RESULT,Result for Microcystin - UG/L,,,MICX,,,,,PARAMETER,algaltox
1314,NRSA 1314 Microcystin,Algal Toxin,algaltox_MICX_RESULT,MICX_RESULT,Value of associated parameter for Microcystin - UG/L,,,MICX,,,,,PARAMETER,algaltox
1314,NRSA 1314 Microcystin,Algal Toxin,algaltox_MICX_RL,MICX_RL,Reporting Limit for Microcystin - UG/L,,,MICX,,,,,PARAMETER,algaltox
1314,NRSA 1314 Microcystin,Algal Toxin,algaltox_SITE_ID,SITE_ID,"Site ID for the study and year sampled. Preferred form is NRSnn_MM-xxxxx where nn is current cycle year (04, 08, 13, 18, etc), MM is two letter state code, and xxxxx is between 10001 and 99999. Text. No missing values allowed.",,,DESIGN,,,,,PARAMETER,algaltox
1314,NRSA 1314 Microcystin,Algal Toxin,algaltox_SITE_ID,SITE_ID,Unique Site ID assigned for NRSA13-14,,,LANDSCAPE,,,,,PARAMETER,algaltox
1314,NRSA 1314 Microcystin,Algal Toxin,algaltox_SITE_ID,SITE_ID,Site ID,,,VERIF,,,,,PARAMETER,algaltox
1314,NRSA 1314 Microcystin,Algal Toxin,algaltox_UID,UID,Unique site visit ID,,,,,,,,PARAMETER,algaltox
1314,NRSA 1314 Microcystin,Algal Toxin,algaltox_VISIT_NO,VISIT_NO,Number identifying which visit this is,,,VERIF,,|1|2,,,PARAMETER,algaltox
1314,NRSA 1314 Microcystin,Algal Toxin,algaltox_YEAR,YEAR,Year of sampling,,,VERIF,,,,,PARAMETER,algaltox
1314,NRSA 1314 Benthic Macroinvertebrate MMI,Benthic Macroinvertebrates,benthic_mmi_AG_ECO9_NM,AG_ECO9_NM,NARS 9-level reporting region Name,,,DESIGN,,Text names,,,PARAMETER,benthic_mmi
1314,NRSA 1314 Benthic Macroinvertebrate MMI,Benthic Macroinvertebrates,benthic_mmi_AG_ECO9_NM,AG_ECO9_NM,NARS 9-level reporting region name Text names. No missing values allowed.,,,DESIGN,,,,,PARAMETER,benthic_mmi
1314,NRSA 1314 Benthic Macroinvertebrate MMI,Benthic Macroinvertebrates,benthic_mmi_COMP_PT,COMP_PT,Metric score for composition metric,,,BERW,,Good|Fair|Poor|Not Assessed,0.0,10.0,PARAMETER,benthic_mmi
1314,NRSA 1314 Benthic Macroinvertebrate MMI,Benthic Macroinvertebrates,benthic_mmi_COMP_PT,COMP_PT,Metric score for composition metric,,,BETB,,Good|Fair|Poor|Not Assessed,0.0,10.0,PARAMETER,benthic_mmi
1314,NRSA 1314 Benthic Macroinvertebrate MMI,Benthic Macroinvertebrates,benthic_mmi_DATE_COL,DATE_COL,Date of data collection in field,,,VERIF,,,,,PARAMETER,benthic_mmi
1314,NRSA 1314 Benthic Macroinvertebrate MMI,Benthic Macroinvertebrates,benthic_mmi_DIVS_PT,DIVS_PT,Metric score for diversity metric,,,BERW,,Good|Fair|Poor|Not Assessed,0.0,10.0,PARAMETER,benthic_mmi
1314,NRSA 1314 Benthic Macroinvertebrate MMI,Benthic Macroinvertebrates,benthic_mmi_DIVS_PT,DIVS_PT,Metric score for diversity metric,,,BETB,,Good|Fair|Poor|Not Assessed,0.0,10.0,PARAMETER,benthic_mmi
1314,NRSA 1314 Benthic Macroinvertebrate MMI,Benthic Macroinvertebrates,benthic_mmi_FEED_PT,FEED_PT,Metric score for functional feeding group,,,BERW,,Good|Fair|Poor|Not Assessed,0.0,10.0,PARAMETER,benthic_mmi
1314,NRSA 1314 Benthic Macroinvertebrate MMI,Benthic Macroinvertebrates,benthic_mmi_FEED_PT,FEED_PT,Metric score for functional feeding group,,,BETB,,Good|Fair|Poor|Not Assessed,0.0,10.0,PARAMETER,benthic_mmi
1314,NRSA 1314 Benthic Macroinvertebrate MMI,Benthic Macroinvertebrates,benthic_mmi_HABT_PT,HABT_PT,Metric score for habit,,,BERW,,Good|Fair|Poor|Not Assessed,0.0,10.0,PARAMETER,benthic_mmi
1314,NRSA 1314 Benthic Macroinvertebrate MMI,Benthic Macroinvertebrates,benthic_mmi_HABT_PT,HABT_PT,Metric score for habit,,,BETB,,Good|Fair|Poor|Not Assessed,0.0,10.0,PARAMETER,benthic_mmi
1314,NRSA 1314 Benthic Macroinvertebrate MMI,Benthic Macroinvertebrates,benthic_mmi_INDEX_VISIT,INDEX_VISIT,Index visit Y/blank,,,VERIF,,,,,PARAMETER,benthic_mmi
1314,NRSA 1314 Benthic Macroinvertebrate MMI,Benthic Macroinvertebrates,benthic_mmi_LAT_DD83,LAT_DD83,Latitude (based on NAD83 datum) for stream site from NHD-based sample frame.,,,DESIGN,,Numeric,,,PARAMETER,benthic_mmi
1314,NRSA 1314 Benthic Macroinvertebrate MMI,Benthic Macroinvertebrates,benthic_mmi_LAT_DD83,LAT_DD83,Latitude (based on NAD83 datum) for stream site from NHDPlusV2 Numeric. No missing values allowed.,,,DESIGN,,,,,PARAMETER,benthic_mmi
1314,NRSA 1314 Benthic Macroinvertebrate MMI,Benthic Macroinvertebrates,benthic_mmi_LON_DD83,LON_DD83,Longitude (based on NAD83 datum) for stream site from NHD-based sample frame.,,,DESIGN,,Numeric,,,PARAMETER,benthic_mmi
1314,NRSA 1314 Benthic Macroinvertebrate MMI,Benthic Macroinvertebrates,benthic_mmi_LON_DD83,LON_DD83,Longitude (based on NAD83 datum) for stream site from NHDPlusV2 Numeric. No missing values allowed.,,,DESIGN,,,,,PARAMETER,benthic_mmi
1314,NRSA 1314 Benthic Macroinvertebrate MMI,Benthic Macroinvertebrates,benthic_mmi_METRIC_TAXA_ROOT,METRIC_TAXA_ROOT,"Taxonomic level used in calculation of metrics: WSA=taxonomic aggregation used in WSA-based NRSA MMI,LOWEST=NRSA target taxonomic level",,,,,,,,PARAMETER,benthic_mmi
1314,NRSA 1314 Benthic Macroinvertebrate MMI,Benthic Macroinvertebrates,benthic_mmi_METRIC_TAXA_ROOT,METRIC_TAXA_ROOT,"Taxonomic level used in calculation of metrics: WSA=taxonomic aggregation used in WSA-based NRSA MMI,LOWEST=NRSA target taxonomic level",,,,,,,,PARAMETER,benthic_mmi
1314,NRSA 1314 Benthic Macroinvertebrate MMI,Benthic Macroinvertebrates,benthic_mmi_METRIC_TAXA_ROOT,METRIC_TAXA_ROOT,"Taxonomic level used in calculation of metrics: WSA=taxonomic aggregation used in WSA-based NRSA MMI,LOWEST=NRSA target taxonomic level",,,,,,,,PARAMETER,benthic_mmi
1314,NRSA 1314 Benthic Macroinvertebrate MMI,Benthic Macroinvertebrates,benthic_mmi_MMI_BENT,MMI_BENT,Benthic MMI score,,,BERW,,Good|Fair|Poor|Not Assessed,0.0,100.0,PARAMETER,benthic_mmi
1314,NRSA 1314 Benthic Macroinvertebrate MMI,Benthic Macroinvertebrates,benthic_mmi_MMI_BENT,MMI_BENT,Benthic MMI score,,,BETB,,Good|Fair|Poor|Not Assessed,0.0,100.0,PARAMETER,benthic_mmi
1314,NRSA 1314 Benthic Macroinvertebrate MMI,Benthic Macroinvertebrates,benthic_mmi_OE_SCORE,OE_SCORE,O/E score for benthic sample,,,BERW,,,0.0,,PARAMETER,benthic_mmi
1314,NRSA 1314 Benthic Macroinvertebrate MMI,Benthic Macroinvertebrates,benthic_mmi_OE_SCORE,OE_SCORE,O/E score for benthic sample,,,BETB,,,0.0,,PARAMETER,benthic_mmi
1314,NRSA 1314 Benthic Macroinvertebrate MMI,Benthic Macroinvertebrates,benthic_mmi_PSTL_CODE,PSTL_CODE,State two-letter postal code,,,DESIGN,,,,,PARAMETER,benthic_mmi
1314,NRSA 1314 Benthic Macroinvertebrate MMI,Benthic Macroinvertebrates,benthic_mmi_PSTL_CODE,PSTL_CODE,"State two letter postal code 50 state postal codes plus AS, MP, GU, PR, VI for American Samoa, Commonwealth of Northern Marianas, Guam, Puerto Rico and Virgin Islands. No missing values allowed.",,,DESIGN,,,,,PARAMETER,benthic_mmi
1314,NRSA 1314 Benthic Macroinvertebrate MMI,Benthic Macroinvertebrates,benthic_mmi_PUBLICATION_DATE,PUBLICATION_DATE,Date of data file publication,,,,,,,,PARAMETER,benthic_mmi
1314,NRSA 1314 Benthic Macroinvertebrate MMI,Benthic Macroinvertebrates,benthic_mmi_PUBLICATION_DATE,PUBLICATION_DATE,Date of data file publication,,,,,,,,PARAMETER,benthic_mmi
1314,NRSA 1314 Benthic Macroinvertebrate MMI,Benthic Macroinvertebrates,benthic_mmi_PUBLICATION_DATE,PUBLICATION_DATE,Date of data file publication,,,,,,,,PARAMETER,benthic_mmi
1314,NRSA 1314 Benthic Macroinvertebrate MMI,Benthic Macroinvertebrates,benthic_mmi_RICH_PT,RICH_PT,Metric score for taxa richness,,,BERW,,Good|Fair|Poor|Not Assessed,0.0,10.0,PARAMETER,benthic_mmi
1314,NRSA 1314 Benthic Macroinvertebrate MMI,Benthic Macroinvertebrates,benthic_mmi_RICH_PT,RICH_PT,Metric score for taxa richness,,,BETB,,Good|Fair|Poor|Not Assessed,0.0,10.0,PARAMETER,benthic_mmi
1314,NRSA 1314 Benthic Macroinvertebrate MMI,Benthic Macroinvertebrates,benthic_mmi_SAMPLE_TYPE,SAMPLE_TYPE,Sample type,,,,,,,,PARAMETER,benthic_mmi
1314,NRSA 1314 Benthic Macroinvertebrate MMI,Benthic Macroinvertebrates,benthic_mmi_SAMPLE_TYPE,SAMPLE_TYPE,Sample type,,,,,,,,PARAMETER,benthic_mmi
1314,NRSA 1314 Benthic Macroinvertebrate MMI,Benthic Macroinvertebrates,benthic_mmi_SAMPLE_TYPE,SAMPLE_TYPE,Sample type,,,,,,,,PARAMETER,benthic_mmi
1314,NRSA 1314 Benthic Macroinvertebrate MMI,Benthic Macroinvertebrates,benthic_mmi_SITE_ID,SITE_ID,"Site ID for the study and year sampled. Preferred form is NRSnn_MM-xxxxx where nn is current cycle year (04, 08, 13, 18, etc), MM is two letter state code, and xxxxx is between 10001 and 99999. Text. No missing values allowed.",,,DESIGN,,,,,PARAMETER,benthic_mmi
1314,NRSA 1314 Benthic Macroinvertebrate MMI,Benthic Macroinvertebrates,benthic_mmi_SITE_ID,SITE_ID,Site ID,,,VERIF,,,,,PARAMETER,benthic_mmi
1314,NRSA 1314 Benthic Macroinvertebrate MMI,Benthic Macroinvertebrates,benthic_mmi_SITETYPE,SITETYPE,"Site type (Probability-based or hand-picked). PROB for sites from probability survey. Usually HAND for hand-picked sites. In EMAP West and WSA, STARHAND is used to identify hand-picked sites that do not have all CORE indicators available.",,,,,,,,PARAMETER,benthic_mmi
1314,NRSA 1314 Benthic Macroinvertebrate MMI,Benthic Macroinvertebrates,benthic_mmi_SITETYPE,SITETYPE,Site type (Probability-based or hand-picked),,,DESIGN,,PROB | HAND,,,PARAMETER,benthic_mmi
1314,NRSA 1314 Benthic Macroinvertebrate MMI,Benthic Macroinvertebrates,benthic_mmi_TOLR_PT,TOLR_PT,Metric score for tolerance metric,,,BERW,,Good|Fair|Poor|Not Assessed,0.0,10.0,PARAMETER,benthic_mmi
1314,NRSA 1314 Benthic Macroinvertebrate MMI,Benthic Macroinvertebrates,benthic_mmi_TOLR_PT,TOLR_PT,Metric score for tolerance metric,,,BETB,,Good|Fair|Poor|Not Assessed,0.0,10.0,PARAMETER,benthic_mmi
1314,NRSA 1314 Benthic Macroinvertebrate MMI,Benthic Macroinvertebrates,benthic_mmi_UID,UID,Unique site visit ID,,,,,,,,PARAMETER,benthic_mmi
1314,NRSA 1314 Benthic Macroinvertebrate MMI,Benthic Macroinvertebrates,benthic_mmi_UID,UID,Unique site visit ID,,,,,,,,PARAMETER,benthic_mmi
1314,NRSA 1314 Benthic Macroinvertebrate MMI,Benthic Macroinvertebrates,benthic_mmi_UID,UID,Unique site visit ID,,,,,,,,PARAMETER,benthic_mmi
1314,NRSA 1314 Benthic Macroinvertebrate MMI,Benthic Macroinvertebrates,benthic_mmi_VISIT_NO,VISIT_NO,Number identifying which visit this is,,,VERIF,,|1|2,,,PARAMETER,benthic_mmi
1314,NRSA 1314 Benthic Taxa List,Benthic Macroinvertebrates,benthic_taxa_CLASS,CLASS,Class of taxon,,,TAXA: Invertebrates,,,,,VARIABLE,benthic_taxa
1314,NRSA 1314 Benthic Taxa List,Benthic Macroinvertebrates,benthic_taxa_FAMILY,FAMILY,Family of taxon,,,TAXA: Invertebrates,,,,,VARIABLE,benthic_taxa
1314,NRSA 1314 Benthic Taxa List,Benthic Macroinvertebrates,benthic_taxa_FFG,FFG,"Functional feeding group used in metric calculations;Collector-filterer(CF),Collector-gatherer(CG),Parasite(PA),Piercer(PI),Scraper(SC),Shredder(SH)",,,TAXA: Invertebrates,,,,,VARIABLE,benthic_taxa
1314,NRSA 1314 Benthic Taxa List,Benthic Macroinvertebrates,benthic_taxa_FFG_WSA,FFG_WSA,"Functional feeding group assignment used in WSA-based metrics;Collector-filterer(CF),Collector-gatherer(CG),Parasite(PA),Piercer(PI),Scraper(SC),Shredder(SH)",,,TAXA: Invertebrates,,,,,VARIABLE,benthic_taxa
1314,NRSA 1314 Benthic Taxa List,Benthic Macroinvertebrates,benthic_taxa_GENUS,GENUS,Genus of taxon,,,TAXA: Invertebrates,,,,,VARIABLE,benthic_taxa
1314,NRSA 1314 Benthic Taxa List,Benthic Macroinvertebrates,benthic_taxa_HABIT,HABIT,"Habit used in metric calculations;Burrower(BU),Climber(CB),Clinger(CN),Diver(DV),Planktonic(PK),Skater(SK),Sprawler(SP),Swimmer(SW)",,,TAXA: Invertebrates,,,,,VARIABLE,benthic_taxa
1314,NRSA 1314 Benthic Taxa List,Benthic Macroinvertebrates,benthic_taxa_HABIT_WSA,HABIT_WSA,"Habit group assignment used in WSA-based metrics;Burrower(BU),Climber(CB),Clinger(CN),Diver(DV),Planktonic(PK),Skater(SK),Sprawler(SP),Swimmer(SW)",,,TAXA: Invertebrates,,,,,VARIABLE,benthic_taxa
1314,NRSA 1314 Benthic Taxa List,Benthic Macroinvertebrates,benthic_taxa_ITISTSN,ITISTSN,Taxonomic Serial Number assigned by IT IS,,,TAXA: Invertebrates,,,,,VARIABLE,benthic_taxa
1314,NRSA 1314 Benthic Taxa List,Benthic Macroinvertebrates,benthic_taxa_NON_TARGET,NON_TARGET,Operational taxon unit for NRSA O/E,,,TAXA: Invertebrates,,,,,VARIABLE,benthic_taxa
1314,NRSA 1314 Benthic Taxa List,Benthic Macroinvertebrates,benthic_taxa_ORDER,ORDER,Order of taxon,,,TAXA: Invertebrates,,,,,VARIABLE,benthic_taxa
1314,NRSA 1314 Benthic Taxa List,Benthic Macroinvertebrates,benthic_taxa_OTU_NRSA,OTU_NRSA,Family name,,,TAXA: Invertebrates,,,,,VARIABLE,benthic_taxa
1314,NRSA 1314 Benthic Taxa List,Benthic Macroinvertebrates,benthic_taxa_PHYLUM,PHYLUM,Phylum of taxon,,,TAXA: Invertebrates,,,,,VARIABLE,benthic_taxa
1314,NRSA 1314 Benthic Taxa List,Benthic Macroinvertebrates,benthic_taxa_PTV,PTV,Pollution tolerance value as assigned for NWSA,,,TAXA: Invertebrates,,,,,VARIABLE,benthic_taxa
1314,NRSA 1314 Benthic Taxa List,Benthic Macroinvertebrates,benthic_taxa_PTV_WSA,PTV_WSA,Pollution tolerance value used in WSA-based metrics,,,TAXA: Invertebrates,,,,,VARIABLE,benthic_taxa
1314,NRSA 1314 Benthic Taxa List,Benthic Macroinvertebrates,benthic_taxa_PUBLICATION_DATE,PUBLICATION_DATE,Date of data file publication,,,,,,,,VARIABLE,benthic_taxa
1314,NRSA 1314 Benthic Taxa List,Benthic Macroinvertebrates,benthic_taxa_PUBLICATION_DATE,PUBLICATION_DATE,Date of data file publication,,,,,,,,VARIABLE,benthic_taxa
1314,NRSA 1314 Benthic Taxa List,Benthic Macroinvertebrates,benthic_taxa_PUBLICATION_DATE,PUBLICATION_DATE,Date of data file publication,,,,,,,,VARIABLE,benthic_taxa
1314,NRSA 1314 Benthic Taxa List,Benthic Macroinvertebrates,benthic_taxa_SUBFAMILY,SUBFAMILY,Subfamily of taxon,,,TAXA: Invertebrates,,,,,VARIABLE,benthic_taxa
1314,NRSA 1314 Benthic Taxa List,Benthic Macroinvertebrates,benthic_taxa_TARGET_TAXON,TARGET_TAXON,TAXANAME AT TARGET HIERARCHICAL TAXONOMIC LEVEL,,,BETB,,,,,VARIABLE,benthic_taxa
1314,NRSA 1314 Benthic Taxa List,Benthic Macroinvertebrates,benthic_taxa_TARGET_TAXON,TARGET_TAXON,Name of taxon at target taxon level,,,TAXA: Invertebrates,,,,,VARIABLE,benthic_taxa
1314,NRSA 1314 Benthic Taxa List,Benthic Macroinvertebrates,benthic_taxa_TAXA_ID,TAXA_ID,Taxonomic ID number,,,,,,,,VARIABLE,benthic_taxa
1314,NRSA 1314 Benthic Taxa List,Benthic Macroinvertebrates,benthic_taxa_TAXA_ID,TAXA_ID,Taxonomic ID number,,,,,,,,VARIABLE,benthic_taxa
1314,NRSA 1314 Benthic Taxa List,Benthic Macroinvertebrates,benthic_taxa_TAXA_ID,TAXA_ID,Taxonomic ID number,,,,,,,,VARIABLE,benthic_taxa
1314,NRSA 1314 Benthic Taxa List,Benthic Macroinvertebrates,benthic_taxa_TRIBE,TRIBE,Tribe of taxon,,,TAXA: Invertebrates,,,,,VARIABLE,benthic_taxa
1314,NRSA 1314 Benthic Taxa List,Benthic Macroinvertebrates,benthic_taxa_VOLTINISM,VOLTINISM,Voltinism as assigned by USGS,,,TAXA: Invertebrates,,,,,VARIABLE,benthic_taxa
1314,NRSA 1314 Benthic Macroinvertebrate Count,Benthic Macroinvertebrates,benthic_count_CLASS,CLASS,Class of taxon,,,TAXA: Invertebrates,,,,,PARAMETER,benthic_count
1314,NRSA 1314 Benthic Macroinvertebrate Count,Benthic Macroinvertebrates,benthic_count_FAMILY,FAMILY,Family of taxon,,,TAXA: Invertebrates,,,,,PARAMETER,benthic_count
1314,NRSA 1314 Benthic Macroinvertebrate Count,Benthic Macroinvertebrates,benthic_count_GENUS,GENUS,Genus of taxon,,,TAXA: Invertebrates,,,,,PARAMETER,benthic_count
1314,NRSA 1314 Benthic Macroinvertebrate Count,Benthic Macroinvertebrates,benthic_count_IS_DISTINCT,IS_DISTINCT,Distinctness of taxon within sample,,,BETB,,0|1,,,PARAMETER,benthic_count
1314,NRSA 1314 Benthic Macroinvertebrate Count,Benthic Macroinvertebrates,benthic_count_IS_DISTINCT300,IS_DISTINCT300,Distinctness in 300 organism subsample,,,BETB,,0|1,,,PARAMETER,benthic_count
1314,NRSA 1314 Benthic Macroinvertebrate Count,Benthic Macroinvertebrates,benthic_count_ORDER,ORDER,Order of taxon,,,TAXA: Invertebrates,,,,,PARAMETER,benthic_count
1314,NRSA 1314 Benthic Macroinvertebrate Count,Benthic Macroinvertebrates,benthic_count_PHYLUM,PHYLUM,Phylum of taxon,,,TAXA: Invertebrates,,,,,PARAMETER,benthic_count
1314,NRSA 1314 Benthic Macroinvertebrate Count,Benthic Macroinvertebrates,benthic_count_SUBFAMILY,SUBFAMILY,Subfamily of taxon,,,TAXA: Invertebrates,,,,,PARAMETER,benthic_count
1314,NRSA 1314 Benthic Macroinvertebrate Count,Benthic Macroinvertebrates,benthic_count_TARGET_TAXON,TARGET_TAXON,TAXANAME AT TARGET HIERARCHICAL TAXONOMIC LEVEL,,,BETB,,,,,PARAMETER,benthic_count
1314,NRSA 1314 Benthic Macroinvertebrate Count,Benthic Macroinvertebrates,benthic_count_TARGET_TAXON,TARGET_TAXON,Name of taxon at target taxon level,,,TAXA: Invertebrates,,,,,PARAMETER,benthic_count
1314,NRSA 1314 Benthic Macroinvertebrate Count,Benthic Macroinvertebrates,benthic_count_TOTAL,TOTAL,TOTAL NUMBER OF INDIVIDUALS COUNTED,,,BETB,,,,,PARAMETER,benthic_count
1314,NRSA 1314 Benthic Macroinvertebrate Count,Benthic Macroinvertebrates,benthic_count_TOTAL,TOTAL,Total number of individuals sorted for given taxon,,,BETB,,,,,PARAMETER,benthic_count
1314,NRSA 1314 Benthic Macroinvertebrate Count,Benthic Macroinvertebrates,benthic_count_TOTAL300,TOTAL300,Total of given taxon using subsampling.exe for 300 organism subsample,,,BETB,,,,,PARAMETER,benthic_count
1314,NRSA 1314 Benthic Macroinvertebrate Count,Benthic Macroinvertebrates,benthic_count_TRIBE,TRIBE,Tribe of taxon,,,TAXA: Invertebrates,,,,,PARAMETER,benthic_count
1314,NRSA 1314 Benthic Macroinvertebrate Metrics,Benthic Macroinvertebrates,benthic_metrics_AMPHNIND,AMPHNIND,Number of Amphipoda individuals in sample,,,BERW,NONE,,,,PARAMETER,benthic_metrics
1314,NRSA 1314 Benthic Macroinvertebrate Metrics,Benthic Macroinvertebrates,benthic_metrics_AMPHNIND,AMPHNIND,Number of Amphipoda individuals in sample,,,BETB,NONE,,,,PARAMETER,benthic_metrics
1314,NRSA 1314 Benthic Macroinvertebrate Metrics,Benthic Macroinvertebrates,benthic_metrics_AMPHNTAX,AMPHNTAX,No. of Amphipoda taxa,,,BERW,NONE,,0.0,,PARAMETER,benthic_metrics
1314,NRSA 1314 Benthic Macroinvertebrate Metrics,Benthic Macroinvertebrates,benthic_metrics_AMPHNTAX,AMPHNTAX,No. of Amphipoda taxa,,,BETB,NONE,,0.0,,PARAMETER,benthic_metrics
1314,NRSA 1314 Benthic Macroinvertebrate Metrics,Benthic Macroinvertebrates,benthic_metrics_AMPHPIND,AMPHPIND,% Amphipoda individuals,,,BERW,NONE,,0.0,100.0,PARAMETER,benthic_metrics
1314,NRSA 1314 Benthic Macroinvertebrate Metrics,Benthic Macroinvertebrates,benthic_metrics_AMPHPIND,AMPHPIND,% Amphipoda individuals,,,BETB,NONE,,0.0,100.0,PARAMETER,benthic_metrics
1314,NRSA 1314 Benthic Macroinvertebrate Metrics,Benthic Macroinvertebrates,benthic_metrics_AMPHPTAX,AMPHPTAX,% Amphipoda taxa,,,BERW,NONE,,0.0,100.0,PARAMETER,benthic_metrics
1314,NRSA 1314 Benthic Macroinvertebrate Metrics,Benthic Macroinvertebrates,benthic_metrics_AMPHPTAX,AMPHPTAX,% Amphipoda taxa,,,BETB,NONE,,0.0,100.0,PARAMETER,benthic_metrics
1314,NRSA 1314 Benthic Macroinvertebrate Metrics,Benthic Macroinvertebrates,benthic_metrics_BURRNIND,BURRNIND,Number of burrower individuals in sample,,,BERW,NONE,,,,PARAMETER,benthic_metrics
1314,NRSA 1314 Benthic Macroinvertebrate Metrics,Benthic Macroinvertebrates,benthic_metrics_BURRNIND,BURRNIND,Number of burrower individuals in sample,,,BETB,NONE,,,,PARAMETER,benthic_metrics
1314,NRSA 1314 Benthic Macroinvertebrate Metrics,Benthic Macroinvertebrates,benthic_metrics_BURRNTAX,BURRNTAX,No. of Burrowers taxa,,,BERW,NONE,,0.0,,PARAMETER,benthic_metrics
1314,NRSA 1314 Benthic Macroinvertebrate Metrics,Benthic Macroinvertebrates,benthic_metrics_BURRNTAX,BURRNTAX,No. of Burrowers taxa,,,BETB,NONE,,0.0,,PARAMETER,benthic_metrics
1314,NRSA 1314 Benthic Macroinvertebrate Metrics,Benthic Macroinvertebrates,benthic_metrics_BURRPIND,BURRPIND,% Burrowers individuals,,,BERW,NONE,,0.0,100.0,PARAMETER,benthic_metrics
1314,NRSA 1314 Benthic Macroinvertebrate Metrics,Benthic Macroinvertebrates,benthic_metrics_BURRPIND,BURRPIND,% Burrowers individuals,,,BETB,NONE,,0.0,100.0,PARAMETER,benthic_metrics
1314,NRSA 1314 Benthic Macroinvertebrate Metrics,Benthic Macroinvertebrates,benthic_metrics_BURRPTAX,BURRPTAX,% Burrowers taxa,,,BERW,NONE,,0.0,100.0,PARAMETER,benthic_metrics
1314,NRSA 1314 Benthic Macroinvertebrate Metrics,Benthic Macroinvertebrates,benthic_metrics_BURRPTAX,BURRPTAX,% Burrowers taxa,,,BETB,NONE,,0.0,100.0,PARAMETER,benthic_metrics
1314,NRSA 1314 Benthic Macroinvertebrate Metrics,Benthic Macroinvertebrates,benthic_metrics_CHIRDOM1PIND,CHIRDOM1PIND,% individuals in most abundant distinct Chironomidae taxon,,,BERW,NONE,,0.0,100.0,PARAMETER,benthic_metrics
1314,NRSA 1314 Benthic Macroinvertebrate Metrics,Benthic Macroinvertebrates,benthic_metrics_CHIRDOM1PIND,CHIRDOM1PIND,% individuals in most abundant distinct Chironomidae taxon,,,BETB,NONE,,0.0,100.0,PARAMETER,benthic_metrics
1314,NRSA 1314 Benthic Macroinvertebrate Metrics,Benthic Macroinvertebrates,benthic_metrics_CHIRDOM3PIND,CHIRDOM3PIND,% individuals in most abundant 3 distinct Chironomidae taxa,,,BERW,NONE,,0.0,100.0,PARAMETER,benthic_metrics
1314,NRSA 1314 Benthic Macroinvertebrate Metrics,Benthic Macroinvertebrates,benthic_metrics_CHIRDOM3PIND,CHIRDOM3PIND,% individuals in most abundant 3 distinct Chironomidae taxa,,,BETB,NONE,,0.0,100.0,PARAMETER,benthic_metrics
1314,NRSA 1314 Benthic Macroinvertebrate Metrics,Benthic Macroinvertebrates,benthic_metrics_CHIRDOM5PIND,CHIRDOM5PIND,% individuals in most abundant 5 distinct Chironomidae taxa,,,BERW,NONE,,0.0,100.0,PARAMETER,benthic_metrics
1314,NRSA 1314 Benthic Macroinvertebrate Metrics,Benthic Macroinvertebrates,benthic_metrics_CHIRDOM5PIND,CHIRDOM5PIND,% individuals in most abundant 5 distinct Chironomidae taxa,,,BETB,NONE,,0.0,100.0,PARAMETER,benthic_metrics
1314,NRSA 1314 Benthic Macroinvertebrate Metrics,Benthic Macroinvertebrates,benthic_metrics_CHIRNIND,CHIRNIND,Number of Chironomidae individuals in sample,,,BERW,NONE,,,,PARAMETER,benthic_metrics
1314,NRSA 1314 Benthic Macroinvertebrate Metrics,Benthic Macroinvertebrates,benthic_metrics_CHIRNIND,CHIRNIND,Number of Chironomidae individuals in sample,,,BETB,NONE,,,,PARAMETER,benthic_metrics
1314,NRSA 1314 Benthic Macroinvertebrate Metrics,Benthic Macroinvertebrates,benthic_metrics_CHIRNTAX,CHIRNTAX,No. of Chironomidae taxa,,,BERW,NONE,,0.0,,PARAMETER,benthic_metrics
1314,NRSA 1314 Benthic Macroinvertebrate Metrics,Benthic Macroinvertebrates,benthic_metrics_CHIRNTAX,CHIRNTAX,No. of Chironomidae taxa,,,BETB,NONE,,0.0,,PARAMETER,benthic_metrics
1314,NRSA 1314 Benthic Macroinvertebrate Metrics,Benthic Macroinvertebrates,benthic_metrics_CHIRPIND,CHIRPIND,% Chironomidae individuals,,,BERW,NONE,,0.0,100.0,PARAMETER,benthic_metrics
1314,NRSA 1314 Benthic Macroinvertebrate Metrics,Benthic Macroinvertebrates,benthic_metrics_CHIRPIND,CHIRPIND,% Chironomidae individuals,,,BETB,NONE,,0.0,100.0,PARAMETER,benthic_metrics
1314,NRSA 1314 Benthic Macroinvertebrate Metrics,Benthic Macroinvertebrates,benthic_metrics_CHIRPTAX,CHIRPTAX,% Chironomidae taxa,,,BERW,NONE,,0.0,100.0,PARAMETER,benthic_metrics
1314,NRSA 1314 Benthic Macroinvertebrate Metrics,Benthic Macroinvertebrates,benthic_metrics_CHIRPTAX,CHIRPTAX,% Chironomidae taxa,,,BETB,NONE,,0.0,100.0,PARAMETER,benthic_metrics
1314,NRSA 1314 Benthic Macroinvertebrate Metrics,Benthic Macroinvertebrates,benthic_metrics_CLMBNIND,CLMBNIND,Number of climber individuals in sample,,,BERW,NONE,,,,PARAMETER,benthic_metrics
1314,NRSA 1314 Benthic Macroinvertebrate Metrics,Benthic Macroinvertebrates,benthic_metrics_CLMBNIND,CLMBNIND,Number of climber individuals in sample,,,BETB,NONE,,,,PARAMETER,benthic_metrics
1314,NRSA 1314 Benthic Macroinvertebrate Metrics,Benthic Macroinvertebrates,benthic_metrics_CLMBNTAX,CLMBNTAX,No. of Climbers taxa,,,BERW,NONE,,0.0,,PARAMETER,benthic_metrics
1314,NRSA 1314 Benthic Macroinvertebrate Metrics,Benthic Macroinvertebrates,benthic_metrics_CLMBNTAX,CLMBNTAX,No. of Climbers taxa,,,BETB,NONE,,0.0,,PARAMETER,benthic_metrics
1314,NRSA 1314 Benthic Macroinvertebrate Metrics,Benthic Macroinvertebrates,benthic_metrics_CLMBPIND,CLMBPIND,% Climbers individuals,,,BERW,NONE,,0.0,100.0,PARAMETER,benthic_metrics
1314,NRSA 1314 Benthic Macroinvertebrate Metrics,Benthic Macroinvertebrates,benthic_metrics_CLMBPIND,CLMBPIND,% Climbers individuals,,,BETB,NONE,,0.0,100.0,PARAMETER,benthic_metrics
1314,NRSA 1314 Benthic Macroinvertebrate Metrics,Benthic Macroinvertebrates,benthic_metrics_CLMBPTAX,CLMBPTAX,% Climbers taxa,,,BERW,NONE,,0.0,100.0,PARAMETER,benthic_metrics
1314,NRSA 1314 Benthic Macroinvertebrate Metrics,Benthic Macroinvertebrates,benthic_metrics_CLMBPTAX,CLMBPTAX,% Climbers taxa,,,BETB,NONE,,0.0,100.0,PARAMETER,benthic_metrics
1314,NRSA 1314 Benthic Macroinvertebrate Metrics,Benthic Macroinvertebrates,benthic_metrics_CLNGNIND,CLNGNIND,Number of clinger individuals in sample,,,BERW,NONE,,,,PARAMETER,benthic_metrics
1314,NRSA 1314 Benthic Macroinvertebrate Metrics,Benthic Macroinvertebrates,benthic_metrics_CLNGNIND,CLNGNIND,Number of clinger individuals in sample,,,BETB,NONE,,,,PARAMETER,benthic_metrics
1314,NRSA 1314 Benthic Macroinvertebrate Metrics,Benthic Macroinvertebrates,benthic_metrics_CLNGNTAX,CLNGNTAX,No. of Clingers taxa,,,BERW,NONE,,0.0,,PARAMETER,benthic_metrics
1314,NRSA 1314 Benthic Macroinvertebrate Metrics,Benthic Macroinvertebrates,benthic_metrics_CLNGNTAX,CLNGNTAX,No. of Clingers taxa,,,BETB,NONE,,0.0,,PARAMETER,benthic_metrics
1314,NRSA 1314 Benthic Macroinvertebrate Metrics,Benthic Macroinvertebrates,benthic_metrics_CLNGPIND,CLNGPIND,% Clingers individuals,,,BERW,NONE,,0.0,100.0,PARAMETER,benthic_metrics
1314,NRSA 1314 Benthic Macroinvertebrate Metrics,Benthic Macroinvertebrates,benthic_metrics_CLNGPIND,CLNGPIND,% Clingers individuals,,,BETB,NONE,,0.0,100.0,PARAMETER,benthic_metrics
1314,NRSA 1314 Benthic Macroinvertebrate Metrics,Benthic Macroinvertebrates,benthic_metrics_CLNGPTAX,CLNGPTAX,% Clingers taxa,,,BERW,NONE,,0.0,100.0,PARAMETER,benthic_metrics
1314,NRSA 1314 Benthic Macroinvertebrate Metrics,Benthic Macroinvertebrates,benthic_metrics_CLNGPTAX,CLNGPTAX,% Clingers taxa,,,BETB,NONE,,0.0,100.0,PARAMETER,benthic_metrics
1314,NRSA 1314 Benthic Macroinvertebrate Metrics,Benthic Macroinvertebrates,benthic_metrics_COFININD,COFININD,Number of collector-filterers individuals in sample,,,BERW,NONE,,,,PARAMETER,benthic_metrics
1314,NRSA 1314 Benthic Macroinvertebrate Metrics,Benthic Macroinvertebrates,benthic_metrics_COFININD,COFININD,Number of collector-filterers individuals in sample,,,BETB,NONE,,,,PARAMETER,benthic_metrics
1314,NRSA 1314 Benthic Macroinvertebrate Metrics,Benthic Macroinvertebrates,benthic_metrics_COFINTAX,COFINTAX,No. of Collecter-filterer taxa,,,BERW,NONE,,0.0,,PARAMETER,benthic_metrics
1314,NRSA 1314 Benthic Macroinvertebrate Metrics,Benthic Macroinvertebrates,benthic_metrics_COFINTAX,COFINTAX,No. of Collecter-filterer taxa,,,BETB,NONE,,0.0,,PARAMETER,benthic_metrics
1314,NRSA 1314 Benthic Macroinvertebrate Metrics,Benthic Macroinvertebrates,benthic_metrics_COFIPIND,COFIPIND,% Collecter-filterer individuals,,,BERW,NONE,,0.0,100.0,PARAMETER,benthic_metrics
1314,NRSA 1314 Benthic Macroinvertebrate Metrics,Benthic Macroinvertebrates,benthic_metrics_COFIPIND,COFIPIND,% Collecter-filterer individuals,,,BETB,NONE,,0.0,100.0,PARAMETER,benthic_metrics
1314,NRSA 1314 Benthic Macroinvertebrate Metrics,Benthic Macroinvertebrates,benthic_metrics_COFIPTAX,COFIPTAX,% Collecter-filterer taxa,,,BERW,NONE,,0.0,100.0,PARAMETER,benthic_metrics
1314,NRSA 1314 Benthic Macroinvertebrate Metrics,Benthic Macroinvertebrates,benthic_metrics_COFIPTAX,COFIPTAX,% Collecter-filterer taxa,,,BETB,NONE,,0.0,100.0,PARAMETER,benthic_metrics
1314,NRSA 1314 Benthic Macroinvertebrate Metrics,Benthic Macroinvertebrates,benthic_metrics_COFITRICNIND,COFITRICNIND,Number of collector-filterer Trichoptera individuals in sample,,,BERW,NONE,,,,PARAMETER,benthic_metrics
1314,NRSA 1314 Benthic Macroinvertebrate Metrics,Benthic Macroinvertebrates,benthic_metrics_COFITRICNIND,COFITRICNIND,Number of collector-filterer Trichoptera individuals in sample,,,BETB,NONE,,,,PARAMETER,benthic_metrics
1314,NRSA 1314 Benthic Macroinvertebrate Metrics,Benthic Macroinvertebrates,benthic_metrics_COFITRICNTAX,COFITRICNTAX,No. of Collector-filterer Trichoptera taxa,,,BERW,NONE,,0.0,,PARAMETER,benthic_metrics
1314,NRSA 1314 Benthic Macroinvertebrate Metrics,Benthic Macroinvertebrates,benthic_metrics_COFITRICNTAX,COFITRICNTAX,No. of Collector-filterer Trichoptera taxa,,,BETB,NONE,,0.0,,PARAMETER,benthic_metrics
1314,NRSA 1314 Benthic Macroinvertebrate Metrics,Benthic Macroinvertebrates,benthic_metrics_COFITRICPIND,COFITRICPIND,% Collector-filterer Trichoptera individuals,,,BERW,NONE,,0.0,100.0,PARAMETER,benthic_metrics
1314,NRSA 1314 Benthic Macroinvertebrate Metrics,Benthic Macroinvertebrates,benthic_metrics_COFITRICPIND,COFITRICPIND,% Collector-filterer Trichoptera individuals,,,BETB,NONE,,0.0,100.0,PARAMETER,benthic_metrics
1314,NRSA 1314 Benthic Macroinvertebrate Metrics,Benthic Macroinvertebrates,benthic_metrics_COFITRICPTAX,COFITRICPTAX,% Collector-filterer Trichoptera taxa,,,BERW,NONE,,0.0,100.0,PARAMETER,benthic_metrics
1314,NRSA 1314 Benthic Macroinvertebrate Metrics,Benthic Macroinvertebrates,benthic_metrics_COFITRICPTAX,COFITRICPTAX,% Collector-filterer Trichoptera taxa,,,BETB,NONE,,0.0,100.0,PARAMETER,benthic_metrics
1314,NRSA 1314 Benthic Macroinvertebrate Metrics,Benthic Macroinvertebrates,benthic_metrics_COGANIND,COGANIND,Number of collector-gatherers individuals in sample,,,BERW,NONE,,,,PARAMETER,benthic_metrics
1314,NRSA 1314 Benthic Macroinvertebrate Metrics,Benthic Macroinvertebrates,benthic_metrics_COGANIND,COGANIND,Number of collector-gatherers individuals in sample,,,BETB,NONE,,,,PARAMETER,benthic_metrics
1314,NRSA 1314 Benthic Macroinvertebrate Metrics,Benthic Macroinvertebrates,benthic_metrics_COGANTAX,COGANTAX,No. of Collecter-gatherer taxa,,,BERW,NONE,,0.0,,PARAMETER,benthic_metrics
1314,NRSA 1314 Benthic Macroinvertebrate Metrics,Benthic Macroinvertebrates,benthic_metrics_COGANTAX,COGANTAX,No. of Collecter-gatherer taxa,,,BETB,NONE,,0.0,,PARAMETER,benthic_metrics
1314,NRSA 1314 Benthic Macroinvertebrate Metrics,Benthic Macroinvertebrates,benthic_metrics_COGAPIND,COGAPIND,% Collecter-gatherer individuals,,,BERW,NONE,,0.0,100.0,PARAMETER,benthic_metrics
1314,NRSA 1314 Benthic Macroinvertebrate Metrics,Benthic Macroinvertebrates,benthic_metrics_COGAPIND,COGAPIND,% Collecter-gatherer individuals,,,BETB,NONE,,0.0,100.0,PARAMETER,benthic_metrics
1314,NRSA 1314 Benthic Macroinvertebrate Metrics,Benthic Macroinvertebrates,benthic_metrics_COGAPTAX,COGAPTAX,% Collecter-gatherer taxa,,,BERW,NONE,,0.0,100.0,PARAMETER,benthic_metrics
1314,NRSA 1314 Benthic Macroinvertebrate Metrics,Benthic Macroinvertebrates,benthic_metrics_COGAPTAX,COGAPTAX,% Collecter-gatherer taxa,,,BETB,NONE,,0.0,100.0,PARAMETER,benthic_metrics
1314,NRSA 1314 Benthic Macroinvertebrate Metrics,Benthic Macroinvertebrates,benthic_metrics_CRUSNIND,CRUSNIND,Number of Crustacea individuals in sample,,,BERW,NONE,,,,PARAMETER,benthic_metrics
1314,NRSA 1314 Benthic Macroinvertebrate Metrics,Benthic Macroinvertebrates,benthic_metrics_CRUSNIND,CRUSNIND,Number of Crustacea individuals in sample,,,BETB,NONE,,,,PARAMETER,benthic_metrics
1314,NRSA 1314 Benthic Macroinvertebrate Metrics,Benthic Macroinvertebrates,benthic_metrics_CRUSNTAX,CRUSNTAX,No. of Crustaceans taxa,,,BERW,NONE,,0.0,,PARAMETER,benthic_metrics
1314,NRSA 1314 Benthic Macroinvertebrate Metrics,Benthic Macroinvertebrates,benthic_metrics_CRUSNTAX,CRUSNTAX,No. of Crustaceans taxa,,,BETB,NONE,,0.0,,PARAMETER,benthic_metrics
1314,NRSA 1314 Benthic Macroinvertebrate Metrics,Benthic Macroinvertebrates,benthic_metrics_CRUSPIND,CRUSPIND,% Crustaceans individuals,,,BERW,NONE,,0.0,100.0,PARAMETER,benthic_metrics
1314,NRSA 1314 Benthic Macroinvertebrate Metrics,Benthic Macroinvertebrates,benthic_metrics_CRUSPIND,CRUSPIND,% Crustaceans individuals,,,BETB,NONE,,0.0,100.0,PARAMETER,benthic_metrics
1314,NRSA 1314 Benthic Macroinvertebrate Metrics,Benthic Macroinvertebrates,benthic_metrics_CRUSPTAX,CRUSPTAX,% Crustaceans taxa,,,BERW,NONE,,0.0,100.0,PARAMETER,benthic_metrics
1314,NRSA 1314 Benthic Macroinvertebrate Metrics,Benthic Macroinvertebrates,benthic_metrics_CRUSPTAX,CRUSPTAX,% Crustaceans taxa,,,BETB,NONE,,0.0,100.0,PARAMETER,benthic_metrics
1314,NRSA 1314 Benthic Macroinvertebrate Metrics,Benthic Macroinvertebrates,benthic_metrics_DATE_COL,DATE_COL,Date of data collection in field,,,VERIF,,,,,PARAMETER,benthic_metrics
1314,NRSA 1314 Benthic Macroinvertebrate Metrics,Benthic Macroinvertebrates,benthic_metrics_DATE_COL,DATE_COL,Date of data collection in field,,,VERIF,,,,,PARAMETER,benthic_metrics
1314,NRSA 1314 Benthic Macroinvertebrate Metrics,Benthic Macroinvertebrates,benthic_metrics_DATE_COL,DATE_COL,Date of data collection in field,,,VERIF,,,,,PARAMETER,benthic_metrics
1314,NRSA 1314 Benthic Macroinvertebrate Metrics,Benthic Macroinvertebrates,benthic_metrics_DIPTNIND,DIPTNIND,Number of Diptera individuals in sample,,,BERW,NONE,,,,PARAMETER,benthic_metrics
1314,NRSA 1314 Benthic Macroinvertebrate Metrics,Benthic Macroinvertebrates,benthic_metrics_DIPTNIND,DIPTNIND,Number of Diptera individuals in sample,,,BETB,NONE,,,,PARAMETER,benthic_metrics
1314,NRSA 1314 Benthic Macroinvertebrate Metrics,Benthic Macroinvertebrates,benthic_metrics_DIPTNTAX,DIPTNTAX,No. of Diptera taxa,,,BERW,NONE,,0.0,,PARAMETER,benthic_metrics
1314,NRSA 1314 Benthic Macroinvertebrate Metrics,Benthic Macroinvertebrates,benthic_metrics_DIPTNTAX,DIPTNTAX,No. of Diptera taxa,,,BETB,NONE,,0.0,,PARAMETER,benthic_metrics
1314,NRSA 1314 Benthic Macroinvertebrate Metrics,Benthic Macroinvertebrates,benthic_metrics_DIPTPIND,DIPTPIND,% Diptera individuals,,,BERW,NONE,,0.0,100.0,PARAMETER,benthic_metrics
1314,NRSA 1314 Benthic Macroinvertebrate Metrics,Benthic Macroinvertebrates,benthic_metrics_DIPTPIND,DIPTPIND,% Diptera individuals,,,BETB,NONE,,0.0,100.0,PARAMETER,benthic_metrics
1314,NRSA 1314 Benthic Macroinvertebrate Metrics,Benthic Macroinvertebrates,benthic_metrics_DIPTPTAX,DIPTPTAX,% Diptera taxa,,,BERW,NONE,,0.0,100.0,PARAMETER,benthic_metrics
1314,NRSA 1314 Benthic Macroinvertebrate Metrics,Benthic Macroinvertebrates,benthic_metrics_DIPTPTAX,DIPTPTAX,% Diptera taxa,,,BETB,NONE,,0.0,100.0,PARAMETER,benthic_metrics
1314,NRSA 1314 Benthic Macroinvertebrate Metrics,Benthic Macroinvertebrates,benthic_metrics_DOM1PIND,DOM1PIND,% individuals in dominant distinct taxon,,,BERW,NONE,,0.0,100.0,PARAMETER,benthic_metrics
1314,NRSA 1314 Benthic Macroinvertebrate Metrics,Benthic Macroinvertebrates,benthic_metrics_DOM1PIND,DOM1PIND,% individuals in dominant distinct taxon,,,BETB,NONE,,0.0,100.0,PARAMETER,benthic_metrics
1314,NRSA 1314 Benthic Macroinvertebrate Metrics,Benthic Macroinvertebrates,benthic_metrics_DOM3PIND,DOM3PIND,% individuals in dominant 3 distinct taxa,,,BERW,NONE,,0.0,100.0,PARAMETER,benthic_metrics
1314,NRSA 1314 Benthic Macroinvertebrate Metrics,Benthic Macroinvertebrates,benthic_metrics_DOM3PIND,DOM3PIND,% individuals in dominant 3 distinct taxa,,,BETB,NONE,,0.0,100.0,PARAMETER,benthic_metrics
1314,NRSA 1314 Benthic Macroinvertebrate Metrics,Benthic Macroinvertebrates,benthic_metrics_DOM5PIND,DOM5PIND,% individuals in dominant 5 distinct taxa,,,BERW,NONE,,0.0,100.0,PARAMETER,benthic_metrics
1314,NRSA 1314 Benthic Macroinvertebrate Metrics,Benthic Macroinvertebrates,benthic_metrics_DOM5PIND,DOM5PIND,% individuals in dominant 5 distinct taxa,,,BETB,NONE,,0.0,100.0,PARAMETER,benthic_metrics
1314,NRSA 1314 Benthic Macroinvertebrate Metrics,Benthic Macroinvertebrates,benthic_metrics_EPHENIND,EPHENIND,Number of Ephemeroptera individuals in sample,,,BERW,NONE,,,,PARAMETER,benthic_metrics
1314,NRSA 1314 Benthic Macroinvertebrate Metrics,Benthic Macroinvertebrates,benthic_metrics_EPHENIND,EPHENIND,Number of Ephemeroptera individuals in sample,,,BETB,NONE,,,,PARAMETER,benthic_metrics
1314,NRSA 1314 Benthic Macroinvertebrate Metrics,Benthic Macroinvertebrates,benthic_metrics_EPHENTAX,EPHENTAX,No. of Ephemeroptera taxa,,,BERW,NONE,,0.0,,PARAMETER,benthic_metrics
1314,NRSA 1314 Benthic Macroinvertebrate Metrics,Benthic Macroinvertebrates,benthic_metrics_EPHENTAX,EPHENTAX,No. of Ephemeroptera taxa,,,BETB,NONE,,0.0,,PARAMETER,benthic_metrics
1314,NRSA 1314 Benthic Macroinvertebrate Metrics,Benthic Macroinvertebrates,benthic_metrics_EPHEPIND,EPHEPIND,% Ephemeroptera individuals,,,BERW,NONE,,0.0,100.0,PARAMETER,benthic_metrics
1314,NRSA 1314 Benthic Macroinvertebrate Metrics,Benthic Macroinvertebrates,benthic_metrics_EPHEPIND,EPHEPIND,% Ephemeroptera individuals,,,BETB,NONE,,0.0,100.0,PARAMETER,benthic_metrics
1314,NRSA 1314 Benthic Macroinvertebrate Metrics,Benthic Macroinvertebrates,benthic_metrics_EPHEPTAX,EPHEPTAX,% Ephemeroptera taxa,,,BERW,NONE,,0.0,100.0,PARAMETER,benthic_metrics
1314,NRSA 1314 Benthic Macroinvertebrate Metrics,Benthic Macroinvertebrates,benthic_metrics_EPHEPTAX,EPHEPTAX,% Ephemeroptera taxa,,,BETB,NONE,,0.0,100.0,PARAMETER,benthic_metrics
1314,NRSA 1314 Benthic Macroinvertebrate Metrics,Benthic Macroinvertebrates,benthic_metrics_EPOTNIND,EPOTNIND,"Number of Ephemeroptera, Plecoptera, Odonata, and Trichoptera individuals in sample",,,BERW,NONE,,,,PARAMETER,benthic_metrics
1314,NRSA 1314 Benthic Macroinvertebrate Metrics,Benthic Macroinvertebrates,benthic_metrics_EPOTNIND,EPOTNIND,"Number of Ephemeroptera, Plecoptera, Odonata, and Trichoptera individuals in sample",,,BETB,NONE,,,,PARAMETER,benthic_metrics
1314,NRSA 1314 Benthic Macroinvertebrate Metrics,Benthic Macroinvertebrates,benthic_metrics_EPOTNTAX,EPOTNTAX,"No. of Ephemeroptera, Plecoptera, Odonata, & Trichoptera taxa",,,BERW,NONE,,0.0,,PARAMETER,benthic_metrics
1314,NRSA 1314 Benthic Macroinvertebrate Metrics,Benthic Macroinvertebrates,benthic_metrics_EPOTNTAX,EPOTNTAX,"No. of Ephemeroptera, Plecoptera, Odonata, & Trichoptera taxa",,,BETB,NONE,,0.0,,PARAMETER,benthic_metrics
1314,NRSA 1314 Benthic Macroinvertebrate Metrics,Benthic Macroinvertebrates,benthic_metrics_EPOTPIND,EPOTPIND,"% Ephemeroptera, Plecoptera, Odonata, & Trichoptera individuals",,,BERW,NONE,,0.0,100.0,PARAMETER,benthic_metrics
1314,NRSA 1314 Benthic Macroinvertebrate Metrics,Benthic Macroinvertebrates,benthic_metrics_EPOTPIND,EPOTPIND,"% Ephemeroptera, Plecoptera, Odonata, & Trichoptera individuals",,,BETB,NONE,,0.0,100.0,PARAMETER,benthic_metrics
1314,NRSA 1314 Benthic Macroinvertebrate Metrics,Benthic Macroinvertebrates,benthic_metrics_EPOTPTAX,EPOTPTAX,"% Ephemeroptera, Plecoptera, Odonata, & Trichoptera taxa",,,BERW,NONE,,0.0,100.0,PARAMETER,benthic_metrics
1314,NRSA 1314 Benthic Macroinvertebrate Metrics,Benthic Macroinvertebrates,benthic_metrics_EPOTPTAX,EPOTPTAX,"% Ephemeroptera, Plecoptera, Odonata, & Trichoptera taxa",,,BETB,NONE,,0.0,100.0,PARAMETER,benthic_metrics
1314,NRSA 1314 Benthic Macroinvertebrate Metrics,Benthic Macroinvertebrates,benthic_metrics_EPT_NIND,EPT_NIND,"Number of Ephemeroptera, Plecoptera, and Trichoptera individuals in sample",,,BERW,NONE,,,,PARAMETER,benthic_metrics
1314,NRSA 1314 Benthic Macroinvertebrate Metrics,Benthic Macroinvertebrates,benthic_metrics_EPT_NIND,EPT_NIND,"Number of Ephemeroptera, Plecoptera, and Trichoptera individuals in sample",,,BETB,NONE,,,,PARAMETER,benthic_metrics
1314,NRSA 1314 Benthic Macroinvertebrate Metrics,Benthic Macroinvertebrates,benthic_metrics_EPT_NTAX,EPT_NTAX,No. of EPT taxa,,,BERW,NONE,,0.0,,PARAMETER,benthic_metrics
1314,NRSA 1314 Benthic Macroinvertebrate Metrics,Benthic Macroinvertebrates,benthic_metrics_EPT_NTAX,EPT_NTAX,No. of EPT taxa,,,BETB,NONE,,0.0,,PARAMETER,benthic_metrics
1314,NRSA 1314 Benthic Macroinvertebrate Metrics,Benthic Macroinvertebrates,benthic_metrics_EPT_PIND,EPT_PIND,% EPT individuals,,,BERW,NONE,,0.0,100.0,PARAMETER,benthic_metrics
1314,NRSA 1314 Benthic Macroinvertebrate Metrics,Benthic Macroinvertebrates,benthic_metrics_EPT_PIND,EPT_PIND,% EPT individuals,,,BETB,NONE,,0.0,100.0,PARAMETER,benthic_metrics
1314,NRSA 1314 Benthic Macroinvertebrate Metrics,Benthic Macroinvertebrates,benthic_metrics_EPT_PTAX,EPT_PTAX,% EPT taxa,,,BERW,NONE,,0.0,100.0,PARAMETER,benthic_metrics
1314,NRSA 1314 Benthic Macroinvertebrate Metrics,Benthic Macroinvertebrates,benthic_metrics_EPT_PTAX,EPT_PTAX,% EPT taxa,,,BETB,NONE,,0.0,100.0,PARAMETER,benthic_metrics
1314,NRSA 1314 Benthic Macroinvertebrate Metrics,Benthic Macroinvertebrates,benthic_metrics_FACLNIND,FACLNIND,Number of individuals in sample with tolerance value >3 and <7,,,BERW,NONE,,,,PARAMETER,benthic_metrics
1314,NRSA 1314 Benthic Macroinvertebrate Metrics,Benthic Macroinvertebrates,benthic_metrics_FACLNIND,FACLNIND,Number of individuals in sample with tolerance value >3 and <7,,,BETB,NONE,,,,PARAMETER,benthic_metrics
1314,NRSA 1314 Benthic Macroinvertebrate Metrics,Benthic Macroinvertebrates,benthic_metrics_FACLNTAX,FACLNTAX,No. of Facultative (3< PTV <7) taxa,,,BERW,NONE,,0.0,,PARAMETER,benthic_metrics
1314,NRSA 1314 Benthic Macroinvertebrate Metrics,Benthic Macroinvertebrates,benthic_metrics_FACLNTAX,FACLNTAX,No. of Facultative (3< PTV <7) taxa,,,BETB,NONE,,0.0,,PARAMETER,benthic_metrics
1314,NRSA 1314 Benthic Macroinvertebrate Metrics,Benthic Macroinvertebrates,benthic_metrics_FACLPIND,FACLPIND,% Facultative (3< PTV <7) individuals,,,BERW,NONE,,0.0,100.0,PARAMETER,benthic_metrics
1314,NRSA 1314 Benthic Macroinvertebrate Metrics,Benthic Macroinvertebrates,benthic_metrics_FACLPIND,FACLPIND,% Facultative (3< PTV <7) individuals,,,BETB,NONE,,0.0,100.0,PARAMETER,benthic_metrics
1314,NRSA 1314 Benthic Macroinvertebrate Metrics,Benthic Macroinvertebrates,benthic_metrics_FACLPTAX,FACLPTAX,% Facultative (3< PTV <7) taxa,,,BERW,NONE,,0.0,100.0,PARAMETER,benthic_metrics
1314,NRSA 1314 Benthic Macroinvertebrate Metrics,Benthic Macroinvertebrates,benthic_metrics_FACLPTAX,FACLPTAX,% Facultative (3< PTV <7) taxa,,,BETB,NONE,,0.0,100.0,PARAMETER,benthic_metrics
1314,NRSA 1314 Benthic Macroinvertebrate Metrics,Benthic Macroinvertebrates,benthic_metrics_HEMININD,HEMININD,Number of Hemiptera individuals in sample,,,BERW,NONE,,,,PARAMETER,benthic_metrics
1314,NRSA 1314 Benthic Macroinvertebrate Metrics,Benthic Macroinvertebrates,benthic_metrics_HEMININD,HEMININD,Number of Hemiptera individuals in sample,,,BETB,NONE,,,,PARAMETER,benthic_metrics
1314,NRSA 1314 Benthic Macroinvertebrate Metrics,Benthic Macroinvertebrates,benthic_metrics_HEMINTAX,HEMINTAX,No. of Hemiptera taxa,,,BERW,NONE,,0.0,,PARAMETER,benthic_metrics
1314,NRSA 1314 Benthic Macroinvertebrate Metrics,Benthic Macroinvertebrates,benthic_metrics_HEMINTAX,HEMINTAX,No. of Hemiptera taxa,,,BETB,NONE,,0.0,,PARAMETER,benthic_metrics
1314,NRSA 1314 Benthic Macroinvertebrate Metrics,Benthic Macroinvertebrates,benthic_metrics_HEMIPIND,HEMIPIND,% Hemiptera individuals,,,BERW,NONE,,0.0,100.0,PARAMETER,benthic_metrics
1314,NRSA 1314 Benthic Macroinvertebrate Metrics,Benthic Macroinvertebrates,benthic_metrics_HEMIPIND,HEMIPIND,% Hemiptera individuals,,,BETB,NONE,,0.0,100.0,PARAMETER,benthic_metrics
1314,NRSA 1314 Benthic Macroinvertebrate Metrics,Benthic Macroinvertebrates,benthic_metrics_HEMIPTAX,HEMIPTAX,% Hemiptera taxa,,,BERW,NONE,,0.0,100.0,PARAMETER,benthic_metrics
1314,NRSA 1314 Benthic Macroinvertebrate Metrics,Benthic Macroinvertebrates,benthic_metrics_HEMIPTAX,HEMIPTAX,% Hemiptera taxa,,,BETB,NONE,,0.0,100.0,PARAMETER,benthic_metrics
1314,NRSA 1314 Benthic Macroinvertebrate Metrics,Benthic Macroinvertebrates,benthic_metrics_HPRIME,HPRIME,"Shannon diversity- sum of prop_i*ln(prop_i) based only on distinct taxa, where prop_i=proportion of species i in sample",,,BERW,NONE,,0.0,,PARAMETER,benthic_metrics
1314,NRSA 1314 Benthic Macroinvertebrate Metrics,Benthic Macroinvertebrates,benthic_metrics_HPRIME,HPRIME,"Shannon diversity- sum of prop_i*ln(prop_i) based only on distinct taxa, where prop_i=proportion of species i in sample",,,BETB,NONE,,0.0,,PARAMETER,benthic_metrics
1314,NRSA 1314 Benthic Macroinvertebrate Metrics,Benthic Macroinvertebrates,benthic_metrics_INTLNIND,INTLNIND,Number of individuals in sample with tolerance value <=3,,,BERW,NONE,,,,PARAMETER,benthic_metrics
1314,NRSA 1314 Benthic Macroinvertebrate Metrics,Benthic Macroinvertebrates,benthic_metrics_INTLNIND,INTLNIND,Number of individuals in sample with tolerance value <=3,,,BETB,NONE,,,,PARAMETER,benthic_metrics
1314,NRSA 1314 Benthic Macroinvertebrate Metrics,Benthic Macroinvertebrates,benthic_metrics_INTLNTAX,INTLNTAX,No. of Intolerant (PTV<=3) taxa,,,BERW,NONE,,0.0,,PARAMETER,benthic_metrics
1314,NRSA 1314 Benthic Macroinvertebrate Metrics,Benthic Macroinvertebrates,benthic_metrics_INTLNTAX,INTLNTAX,No. of Intolerant (PTV<=3) taxa,,,BETB,NONE,,0.0,,PARAMETER,benthic_metrics
1314,NRSA 1314 Benthic Macroinvertebrate Metrics,Benthic Macroinvertebrates,benthic_metrics_INTLPIND,INTLPIND,% Intolerant (PTV<=3) individuals,,,BERW,NONE,,0.0,100.0,PARAMETER,benthic_metrics
1314,NRSA 1314 Benthic Macroinvertebrate Metrics,Benthic Macroinvertebrates,benthic_metrics_INTLPIND,INTLPIND,% Intolerant (PTV<=3) individuals,,,BETB,NONE,,0.0,100.0,PARAMETER,benthic_metrics
1314,NRSA 1314 Benthic Macroinvertebrate Metrics,Benthic Macroinvertebrates,benthic_metrics_INTLPTAX,INTLPTAX,% Intolerant (PTV<=3) taxa,,,BERW,NONE,,0.0,100.0,PARAMETER,benthic_metrics
1314,NRSA 1314 Benthic Macroinvertebrate Metrics,Benthic Macroinvertebrates,benthic_metrics_INTLPTAX,INTLPTAX,% Intolerant (PTV<=3) taxa,,,BETB,NONE,,0.0,100.0,PARAMETER,benthic_metrics
1314,NRSA 1314 Benthic Macroinvertebrate Metrics,Benthic Macroinvertebrates,benthic_metrics_METRIC_TAXA_ROOT,METRIC_TAXA_ROOT,"Taxonomic level used in calculation of metrics: WSA=taxonomic aggregation used in WSA-based NRSA MMI,LOWEST=NRSA target taxonomic level",,,,,,,,PARAMETER,benthic_metrics
1314,NRSA 1314 Benthic Macroinvertebrate Metrics,Benthic Macroinvertebrates,benthic_metrics_METRIC_TAXA_ROOT,METRIC_TAXA_ROOT,"Taxonomic level used in calculation of metrics: WSA=taxonomic aggregation used in WSA-based NRSA MMI,LOWEST=NRSA target taxonomic level",,,,,,,,PARAMETER,benthic_metrics
1314,NRSA 1314 Benthic Macroinvertebrate Metrics,Benthic Macroinvertebrates,benthic_metrics_METRIC_TAXA_ROOT,METRIC_TAXA_ROOT,"Taxonomic level used in calculation of metrics: WSA=taxonomic aggregation used in WSA-based NRSA MMI,LOWEST=NRSA target taxonomic level",,,,,,,,PARAMETER,benthic_metrics
1314,NRSA 1314 Benthic Macroinvertebrate Metrics,Benthic Macroinvertebrates,benthic_metrics_MITENIND,MITENIND,Number of mite individuals in sample,,,BERW,NONE,,,,PARAMETER,benthic_metrics
1314,NRSA 1314 Benthic Macroinvertebrate Metrics,Benthic Macroinvertebrates,benthic_metrics_MITENIND,MITENIND,Number of mite individuals in sample,,,BETB,NONE,,,,PARAMETER,benthic_metrics
1314,NRSA 1314 Benthic Macroinvertebrate Metrics,Benthic Macroinvertebrates,benthic_metrics_MITENTAX,MITENTAX,No. of Mite taxa,,,BERW,NONE,,0.0,,PARAMETER,benthic_metrics
1314,NRSA 1314 Benthic Macroinvertebrate Metrics,Benthic Macroinvertebrates,benthic_metrics_MITENTAX,MITENTAX,No. of Mite taxa,,,BETB,NONE,,0.0,,PARAMETER,benthic_metrics
1314,NRSA 1314 Benthic Macroinvertebrate Metrics,Benthic Macroinvertebrates,benthic_metrics_MITEPIND,MITEPIND,% Mite individuals,,,BERW,NONE,,0.0,100.0,PARAMETER,benthic_metrics
1314,NRSA 1314 Benthic Macroinvertebrate Metrics,Benthic Macroinvertebrates,benthic_metrics_MITEPIND,MITEPIND,% Mite individuals,,,BETB,NONE,,0.0,100.0,PARAMETER,benthic_metrics
1314,NRSA 1314 Benthic Macroinvertebrate Metrics,Benthic Macroinvertebrates,benthic_metrics_MITEPTAX,MITEPTAX,% Mite taxa,,,BERW,NONE,,0.0,100.0,PARAMETER,benthic_metrics
1314,NRSA 1314 Benthic Macroinvertebrate Metrics,Benthic Macroinvertebrates,benthic_metrics_MITEPTAX,MITEPTAX,% Mite taxa,,,BETB,NONE,,0.0,100.0,PARAMETER,benthic_metrics
1314,NRSA 1314 Benthic Macroinvertebrate Metrics,Benthic Macroinvertebrates,benthic_metrics_MOLLNIND,MOLLNIND,Number of Mollusca individuals in sample,,,BERW,NONE,,,,PARAMETER,benthic_metrics
1314,NRSA 1314 Benthic Macroinvertebrate Metrics,Benthic Macroinvertebrates,benthic_metrics_MOLLNIND,MOLLNIND,Number of Mollusca individuals in sample,,,BETB,NONE,,,,PARAMETER,benthic_metrics
1314,NRSA 1314 Benthic Macroinvertebrate Metrics,Benthic Macroinvertebrates,benthic_metrics_MOLLNTAX,MOLLNTAX,No. of Mollusca taxa,,,BERW,NONE,,0.0,,PARAMETER,benthic_metrics
1314,NRSA 1314 Benthic Macroinvertebrate Metrics,Benthic Macroinvertebrates,benthic_metrics_MOLLNTAX,MOLLNTAX,No. of Mollusca taxa,,,BETB,NONE,,0.0,,PARAMETER,benthic_metrics
1314,NRSA 1314 Benthic Macroinvertebrate Metrics,Benthic Macroinvertebrates,benthic_metrics_MOLLPIND,MOLLPIND,% Mollusca individuals,,,BERW,NONE,,0.0,100.0,PARAMETER,benthic_metrics
1314,NRSA 1314 Benthic Macroinvertebrate Metrics,Benthic Macroinvertebrates,benthic_metrics_MOLLPIND,MOLLPIND,% Mollusca individuals,,,BETB,NONE,,0.0,100.0,PARAMETER,benthic_metrics
1314,NRSA 1314 Benthic Macroinvertebrate Metrics,Benthic Macroinvertebrates,benthic_metrics_MOLLPTAX,MOLLPTAX,% Mollusca taxa,,,BERW,NONE,,0.0,100.0,PARAMETER,benthic_metrics
1314,NRSA 1314 Benthic Macroinvertebrate Metrics,Benthic Macroinvertebrates,benthic_metrics_MOLLPTAX,MOLLPTAX,% Mollusca taxa,,,BETB,NONE,,0.0,100.0,PARAMETER,benthic_metrics
1314,NRSA 1314 Benthic Macroinvertebrate Metrics,Benthic Macroinvertebrates,benthic_metrics_NOINNIND,NOINNIND,Number of non-insects individuals in sample,,,BERW,NONE,,,,PARAMETER,benthic_metrics
1314,NRSA 1314 Benthic Macroinvertebrate Metrics,Benthic Macroinvertebrates,benthic_metrics_NOINNIND,NOINNIND,Number of non-insects individuals in sample,,,BETB,NONE,,,,PARAMETER,benthic_metrics
1314,NRSA 1314 Benthic Macroinvertebrate Metrics,Benthic Macroinvertebrates,benthic_metrics_NOINNTAX,NOINNTAX,No. of Non-insects taxa,,,BERW,NONE,,0.0,,PARAMETER,benthic_metrics
1314,NRSA 1314 Benthic Macroinvertebrate Metrics,Benthic Macroinvertebrates,benthic_metrics_NOINNTAX,NOINNTAX,No. of Non-insects taxa,,,BETB,NONE,,0.0,,PARAMETER,benthic_metrics
1314,NRSA 1314 Benthic Macroinvertebrate Metrics,Benthic Macroinvertebrates,benthic_metrics_NOINPIND,NOINPIND,% Non-insects individuals,,,BERW,NONE,,0.0,100.0,PARAMETER,benthic_metrics
1314,NRSA 1314 Benthic Macroinvertebrate Metrics,Benthic Macroinvertebrates,benthic_metrics_NOINPIND,NOINPIND,% Non-insects individuals,,,BETB,NONE,,0.0,100.0,PARAMETER,benthic_metrics
1314,NRSA 1314 Benthic Macroinvertebrate Metrics,Benthic Macroinvertebrates,benthic_metrics_NOINPTAX,NOINPTAX,% Non-insects taxa,,,BERW,NONE,,0.0,100.0,PARAMETER,benthic_metrics
1314,NRSA 1314 Benthic Macroinvertebrate Metrics,Benthic Macroinvertebrates,benthic_metrics_NOINPTAX,NOINPTAX,% Non-insects taxa,,,BETB,NONE,,0.0,100.0,PARAMETER,benthic_metrics
1314,NRSA 1314 Benthic Macroinvertebrate Metrics,Benthic Macroinvertebrates,benthic_metrics_NTOLNIND,NTOLNIND,Number of individuals in sample with tolerance value <6,,,BERW,NONE,,,,PARAMETER,benthic_metrics
1314,NRSA 1314 Benthic Macroinvertebrate Metrics,Benthic Macroinvertebrates,benthic_metrics_NTOLNIND,NTOLNIND,Number of individuals in sample with tolerance value <6,,,BETB,NONE,,,,PARAMETER,benthic_metrics
1314,NRSA 1314 Benthic Macroinvertebrate Metrics,Benthic Macroinvertebrates,benthic_metrics_NTOLNTAX,NTOLNTAX,No. of non-tolerants (PTV<6) taxa,,,BERW,NONE,,0.0,,PARAMETER,benthic_metrics
1314,NRSA 1314 Benthic Macroinvertebrate Metrics,Benthic Macroinvertebrates,benthic_metrics_NTOLNTAX,NTOLNTAX,No. of non-tolerants (PTV<6) taxa,,,BETB,NONE,,0.0,,PARAMETER,benthic_metrics
1314,NRSA 1314 Benthic Macroinvertebrate Metrics,Benthic Macroinvertebrates,benthic_metrics_NTOLPIND,NTOLPIND,% non-tolerants (PTV<6) individuals,,,BERW,NONE,,0.0,100.0,PARAMETER,benthic_metrics
1314,NRSA 1314 Benthic Macroinvertebrate Metrics,Benthic Macroinvertebrates,benthic_metrics_NTOLPIND,NTOLPIND,% non-tolerants (PTV<6) individuals,,,BETB,NONE,,0.0,100.0,PARAMETER,benthic_metrics
1314,NRSA 1314 Benthic Macroinvertebrate Metrics,Benthic Macroinvertebrates,benthic_metrics_NTOLPTAX,NTOLPTAX,% non-tolerants (PTV<6) taxa,,,BERW,NONE,,0.0,100.0,PARAMETER,benthic_metrics
1314,NRSA 1314 Benthic Macroinvertebrate Metrics,Benthic Macroinvertebrates,benthic_metrics_NTOLPTAX,NTOLPTAX,% non-tolerants (PTV<6) taxa,,,BETB,NONE,,0.0,100.0,PARAMETER,benthic_metrics
1314,NRSA 1314 Benthic Macroinvertebrate Metrics,Benthic Macroinvertebrates,benthic_metrics_ODONNIND,ODONNIND,Number of Odonata individuals in sample,,,BERW,NONE,,,,PARAMETER,benthic_metrics
1314,NRSA 1314 Benthic Macroinvertebrate Metrics,Benthic Macroinvertebrates,benthic_metrics_ODONNIND,ODONNIND,Number of Odonata individuals in sample,,,BETB,NONE,,,,PARAMETER,benthic_metrics
1314,NRSA 1314 Benthic Macroinvertebrate Metrics,Benthic Macroinvertebrates,benthic_metrics_ODONNTAX,ODONNTAX,No. of Odonata taxa,,,BERW,NONE,,0.0,,PARAMETER,benthic_metrics
1314,NRSA 1314 Benthic Macroinvertebrate Metrics,Benthic Macroinvertebrates,benthic_metrics_ODONNTAX,ODONNTAX,No. of Odonata taxa,,,BETB,NONE,,0.0,,PARAMETER,benthic_metrics
1314,NRSA 1314 Benthic Macroinvertebrate Metrics,Benthic Macroinvertebrates,benthic_metrics_ODONPIND,ODONPIND,% Odonata individuals,,,BERW,NONE,,0.0,100.0,PARAMETER,benthic_metrics
1314,NRSA 1314 Benthic Macroinvertebrate Metrics,Benthic Macroinvertebrates,benthic_metrics_ODONPIND,ODONPIND,% Odonata individuals,,,BETB,NONE,,0.0,100.0,PARAMETER,benthic_metrics
1314,NRSA 1314 Benthic Macroinvertebrate Metrics,Benthic Macroinvertebrates,benthic_metrics_ODONPTAX,ODONPTAX,% Odonata taxa,,,BERW,NONE,,0.0,100.0,PARAMETER,benthic_metrics
1314,NRSA 1314 Benthic Macroinvertebrate Metrics,Benthic Macroinvertebrates,benthic_metrics_ODONPTAX,ODONPTAX,% Odonata taxa,,,BETB,NONE,,0.0,100.0,PARAMETER,benthic_metrics
1314,NRSA 1314 Benthic Macroinvertebrate Metrics,Benthic Macroinvertebrates,benthic_metrics_OLLENIND,OLLENIND,Number of oligochaete and leech individuals in sample,,,BERW,NONE,,,,PARAMETER,benthic_metrics
1314,NRSA 1314 Benthic Macroinvertebrate Metrics,Benthic Macroinvertebrates,benthic_metrics_OLLENIND,OLLENIND,Number of oligochaete and leech individuals in sample,,,BETB,NONE,,,,PARAMETER,benthic_metrics
1314,NRSA 1314 Benthic Macroinvertebrate Metrics,Benthic Macroinvertebrates,benthic_metrics_OLLENTAX,OLLENTAX,No. of Oligochaete and leech taxa,,,BERW,NONE,,0.0,,PARAMETER,benthic_metrics
1314,NRSA 1314 Benthic Macroinvertebrate Metrics,Benthic Macroinvertebrates,benthic_metrics_OLLENTAX,OLLENTAX,No. of Oligochaete and leech taxa,,,BETB,NONE,,0.0,,PARAMETER,benthic_metrics
1314,NRSA 1314 Benthic Macroinvertebrate Metrics,Benthic Macroinvertebrates,benthic_metrics_OLLEPIND,OLLEPIND,% Oligochaete and leech individuals,,,BERW,NONE,,0.0,100.0,PARAMETER,benthic_metrics
1314,NRSA 1314 Benthic Macroinvertebrate Metrics,Benthic Macroinvertebrates,benthic_metrics_OLLEPIND,OLLEPIND,% Oligochaete and leech individuals,,,BETB,NONE,,0.0,100.0,PARAMETER,benthic_metrics
1314,NRSA 1314 Benthic Macroinvertebrate Metrics,Benthic Macroinvertebrates,benthic_metrics_OLLEPTAX,OLLEPTAX,% Oligochaete and leech taxa,,,BERW,NONE,,0.0,100.0,PARAMETER,benthic_metrics
1314,NRSA 1314 Benthic Macroinvertebrate Metrics,Benthic Macroinvertebrates,benthic_metrics_OLLEPTAX,OLLEPTAX,% Oligochaete and leech taxa,,,BETB,NONE,,0.0,100.0,PARAMETER,benthic_metrics
1314,NRSA 1314 Benthic Macroinvertebrate Metrics,Benthic Macroinvertebrates,benthic_metrics_ORTHCHIRPIND,ORTHCHIRPIND,% Chironomidae individuals in Orthocladiinae,,,BERW,NONE,,0.0,100.0,PARAMETER,benthic_metrics
1314,NRSA 1314 Benthic Macroinvertebrate Metrics,Benthic Macroinvertebrates,benthic_metrics_ORTHCHIRPIND,ORTHCHIRPIND,% Chironomidae individuals in Orthocladiinae,,,BETB,NONE,,0.0,100.0,PARAMETER,benthic_metrics
1314,NRSA 1314 Benthic Macroinvertebrate Metrics,Benthic Macroinvertebrates,benthic_metrics_ORTHNIND,ORTHNIND,Number of Orthocladiinae individuals in sample,,,BERW,NONE,,,,PARAMETER,benthic_metrics
1314,NRSA 1314 Benthic Macroinvertebrate Metrics,Benthic Macroinvertebrates,benthic_metrics_ORTHNIND,ORTHNIND,Number of Orthocladiinae individuals in sample,,,BETB,NONE,,,,PARAMETER,benthic_metrics
1314,NRSA 1314 Benthic Macroinvertebrate Metrics,Benthic Macroinvertebrates,benthic_metrics_ORTHNTAX,ORTHNTAX,No. of Orthocladiinae chironomid taxa,,,BERW,NONE,,0.0,,PARAMETER,benthic_metrics
1314,NRSA 1314 Benthic Macroinvertebrate Metrics,Benthic Macroinvertebrates,benthic_metrics_ORTHNTAX,ORTHNTAX,No. of Orthocladiinae chironomid taxa,,,BETB,NONE,,0.0,,PARAMETER,benthic_metrics
1314,NRSA 1314 Benthic Macroinvertebrate Metrics,Benthic Macroinvertebrates,benthic_metrics_ORTHPIND,ORTHPIND,% Orthocladiinae chironomid individuals,,,BERW,NONE,,0.0,100.0,PARAMETER,benthic_metrics
1314,NRSA 1314 Benthic Macroinvertebrate Metrics,Benthic Macroinvertebrates,benthic_metrics_ORTHPIND,ORTHPIND,% Orthocladiinae chironomid individuals,,,BETB,NONE,,0.0,100.0,PARAMETER,benthic_metrics
1314,NRSA 1314 Benthic Macroinvertebrate Metrics,Benthic Macroinvertebrates,benthic_metrics_ORTHPTAX,ORTHPTAX,% Orthocladiinae chironomid taxa,,,BERW,NONE,,0.0,100.0,PARAMETER,benthic_metrics
1314,NRSA 1314 Benthic Macroinvertebrate Metrics,Benthic Macroinvertebrates,benthic_metrics_ORTHPTAX,ORTHPTAX,% Orthocladiinae chironomid taxa,,,BETB,NONE,,0.0,100.0,PARAMETER,benthic_metrics
1314,NRSA 1314 Benthic Macroinvertebrate Metrics,Benthic Macroinvertebrates,benthic_metrics_PLECNIND,PLECNIND,Number of Plecoptera individuals in sample,,,BERW,NONE,,,,PARAMETER,benthic_metrics
1314,NRSA 1314 Benthic Macroinvertebrate Metrics,Benthic Macroinvertebrates,benthic_metrics_PLECNIND,PLECNIND,Number of Plecoptera individuals in sample,,,BETB,NONE,,,,PARAMETER,benthic_metrics
1314,NRSA 1314 Benthic Macroinvertebrate Metrics,Benthic Macroinvertebrates,benthic_metrics_PLECNTAX,PLECNTAX,No. of Plecoptera taxa,,,BERW,NONE,,0.0,,PARAMETER,benthic_metrics
1314,NRSA 1314 Benthic Macroinvertebrate Metrics,Benthic Macroinvertebrates,benthic_metrics_PLECNTAX,PLECNTAX,No. of Plecoptera taxa,,,BETB,NONE,,0.0,,PARAMETER,benthic_metrics
1314,NRSA 1314 Benthic Macroinvertebrate Metrics,Benthic Macroinvertebrates,benthic_metrics_PLECPIND,PLECPIND,% Plecoptera individuals,,,BERW,NONE,,0.0,100.0,PARAMETER,benthic_metrics
1314,NRSA 1314 Benthic Macroinvertebrate Metrics,Benthic Macroinvertebrates,benthic_metrics_PLECPIND,PLECPIND,% Plecoptera individuals,,,BETB,NONE,,0.0,100.0,PARAMETER,benthic_metrics
1314,NRSA 1314 Benthic Macroinvertebrate Metrics,Benthic Macroinvertebrates,benthic_metrics_PLECPTAX,PLECPTAX,% Plecoptera taxa,,,BERW,NONE,,0.0,100.0,PARAMETER,benthic_metrics
1314,NRSA 1314 Benthic Macroinvertebrate Metrics,Benthic Macroinvertebrates,benthic_metrics_PLECPTAX,PLECPTAX,% Plecoptera taxa,,,BETB,NONE,,0.0,100.0,PARAMETER,benthic_metrics
1314,NRSA 1314 Benthic Macroinvertebrate Metrics,Benthic Macroinvertebrates,benthic_metrics_PREDNIND,PREDNIND,Number of predator individuals in sample,,,BERW,NONE,,,,PARAMETER,benthic_metrics
1314,NRSA 1314 Benthic Macroinvertebrate Metrics,Benthic Macroinvertebrates,benthic_metrics_PREDNIND,PREDNIND,Number of predator individuals in sample,,,BETB,NONE,,,,PARAMETER,benthic_metrics
1314,NRSA 1314 Benthic Macroinvertebrate Metrics,Benthic Macroinvertebrates,benthic_metrics_PREDNTAX,PREDNTAX,No. of Predators taxa,,,BERW,NONE,,0.0,,PARAMETER,benthic_metrics
1314,NRSA 1314 Benthic Macroinvertebrate Metrics,Benthic Macroinvertebrates,benthic_metrics_PREDNTAX,PREDNTAX,No. of Predators taxa,,,BETB,NONE,,0.0,,PARAMETER,benthic_metrics
1314,NRSA 1314 Benthic Macroinvertebrate Metrics,Benthic Macroinvertebrates,benthic_metrics_PREDPIND,PREDPIND,% Predators individuals,,,BERW,NONE,,0.0,100.0,PARAMETER,benthic_metrics
1314,NRSA 1314 Benthic Macroinvertebrate Metrics,Benthic Macroinvertebrates,benthic_metrics_PREDPIND,PREDPIND,% Predators individuals,,,BETB,NONE,,0.0,100.0,PARAMETER,benthic_metrics
1314,NRSA 1314 Benthic Macroinvertebrate Metrics,Benthic Macroinvertebrates,benthic_metrics_PREDPTAX,PREDPTAX,% Predators taxa,,,BERW,NONE,,0.0,100.0,PARAMETER,benthic_metrics
1314,NRSA 1314 Benthic Macroinvertebrate Metrics,Benthic Macroinvertebrates,benthic_metrics_PREDPTAX,PREDPTAX,% Predators taxa,,,BETB,NONE,,0.0,100.0,PARAMETER,benthic_metrics
1314,NRSA 1314 Benthic Macroinvertebrate Metrics,Benthic Macroinvertebrates,benthic_metrics_PSTL_CODE,PSTL_CODE,State two-letter postal code,,,DESIGN,,,,,PARAMETER,benthic_metrics
1314,NRSA 1314 Benthic Macroinvertebrate Metrics,Benthic Macroinvertebrates,benthic_metrics_PSTL_CODE,PSTL_CODE,"State two letter postal code 50 state postal codes plus AS, MP, GU, PR, VI for American Samoa, Commonwealth of Northern Marianas, Guam, Puerto Rico and Virgin Islands. No missing values allowed.",,,DESIGN,,,,,PARAMETER,benthic_metrics
1314,NRSA 1314 Benthic Macroinvertebrate Metrics,Benthic Macroinvertebrates,benthic_metrics_PUBLICATION_DATE,PUBLICATION_DATE,Date of data file publication,,,,,,,,PARAMETER,benthic_metrics
1314,NRSA 1314 Benthic Macroinvertebrate Metrics,Benthic Macroinvertebrates,benthic_metrics_PUBLICATION_DATE,PUBLICATION_DATE,Date of data file publication,,,,,,,,PARAMETER,benthic_metrics
1314,NRSA 1314 Benthic Macroinvertebrate Metrics,Benthic Macroinvertebrates,benthic_metrics_PUBLICATION_DATE,PUBLICATION_DATE,Date of data file publication,,,,,,,,PARAMETER,benthic_metrics
1314,NRSA 1314 Benthic Macroinvertebrate Metrics,Benthic Macroinvertebrates,benthic_metrics_SAMPLE_TYPE,SAMPLE_TYPE,Sample type,,,,,,,,PARAMETER,benthic_metrics
1314,NRSA 1314 Benthic Macroinvertebrate Metrics,Benthic Macroinvertebrates,benthic_metrics_SAMPLE_TYPE,SAMPLE_TYPE,Sample type,,,,,,,,PARAMETER,benthic_metrics
1314,NRSA 1314 Benthic Macroinvertebrate Metrics,Benthic Macroinvertebrates,benthic_metrics_SAMPLE_TYPE,SAMPLE_TYPE,Sample type,,,,,,,,PARAMETER,benthic_metrics
1314,NRSA 1314 Benthic Macroinvertebrate Metrics,Benthic Macroinvertebrates,benthic_metrics_SCRPNIND,SCRPNIND,Number of scraper individuals in sample,,,BERW,NONE,,,,PARAMETER,benthic_metrics
1314,NRSA 1314 Benthic Macroinvertebrate Metrics,Benthic Macroinvertebrates,benthic_metrics_SCRPNIND,SCRPNIND,Number of scraper individuals in sample,,,BETB,NONE,,,,PARAMETER,benthic_metrics
1314,NRSA 1314 Benthic Macroinvertebrate Metrics,Benthic Macroinvertebrates,benthic_metrics_SCRPNTAX,SCRPNTAX,No. of Scrapers taxa,,,BERW,NONE,,0.0,,PARAMETER,benthic_metrics
1314,NRSA 1314 Benthic Macroinvertebrate Metrics,Benthic Macroinvertebrates,benthic_metrics_SCRPNTAX,SCRPNTAX,No. of Scrapers taxa,,,BETB,NONE,,0.0,,PARAMETER,benthic_metrics
1314,NRSA 1314 Benthic Macroinvertebrate Metrics,Benthic Macroinvertebrates,benthic_metrics_SCRPPIND,SCRPPIND,% Scrapers individuals,,,BERW,NONE,,0.0,100.0,PARAMETER,benthic_metrics
1314,NRSA 1314 Benthic Macroinvertebrate Metrics,Benthic Macroinvertebrates,benthic_metrics_SCRPPIND,SCRPPIND,% Scrapers individuals,,,BETB,NONE,,0.0,100.0,PARAMETER,benthic_metrics
1314,NRSA 1314 Benthic Macroinvertebrate Metrics,Benthic Macroinvertebrates,benthic_metrics_SCRPPTAX,SCRPPTAX,% Scrapers taxa,,,BERW,NONE,,0.0,100.0,PARAMETER,benthic_metrics
1314,NRSA 1314 Benthic Macroinvertebrate Metrics,Benthic Macroinvertebrates,benthic_metrics_SCRPPTAX,SCRPPTAX,% Scrapers taxa,,,BETB,NONE,,0.0,100.0,PARAMETER,benthic_metrics
1314,NRSA 1314 Benthic Macroinvertebrate Metrics,Benthic Macroinvertebrates,benthic_metrics_SHRDNIND,SHRDNIND,Number of shredder individuals in sample,,,BERW,NONE,,,,PARAMETER,benthic_metrics
1314,NRSA 1314 Benthic Macroinvertebrate Metrics,Benthic Macroinvertebrates,benthic_metrics_SHRDNIND,SHRDNIND,Number of shredder individuals in sample,,,BETB,NONE,,,,PARAMETER,benthic_metrics
1314,NRSA 1314 Benthic Macroinvertebrate Metrics,Benthic Macroinvertebrates,benthic_metrics_SHRDNTAX,SHRDNTAX,No. of Shredders taxa,,,BERW,NONE,,0.0,,PARAMETER,benthic_metrics
1314,NRSA 1314 Benthic Macroinvertebrate Metrics,Benthic Macroinvertebrates,benthic_metrics_SHRDNTAX,SHRDNTAX,No. of Shredders taxa,,,BETB,NONE,,0.0,,PARAMETER,benthic_metrics
1314,NRSA 1314 Benthic Macroinvertebrate Metrics,Benthic Macroinvertebrates,benthic_metrics_SHRDPIND,SHRDPIND,% Shredders individuals,,,BERW,NONE,,0.0,100.0,PARAMETER,benthic_metrics
1314,NRSA 1314 Benthic Macroinvertebrate Metrics,Benthic Macroinvertebrates,benthic_metrics_SHRDPIND,SHRDPIND,% Shredders individuals,,,BETB,NONE,,0.0,100.0,PARAMETER,benthic_metrics
1314,NRSA 1314 Benthic Macroinvertebrate Metrics,Benthic Macroinvertebrates,benthic_metrics_SHRDPTAX,SHRDPTAX,% Shredders taxa,,,BERW,NONE,,0.0,100.0,PARAMETER,benthic_metrics
1314,NRSA 1314 Benthic Macroinvertebrate Metrics,Benthic Macroinvertebrates,benthic_metrics_SHRDPTAX,SHRDPTAX,% Shredders taxa,,,BETB,NONE,,0.0,100.0,PARAMETER,benthic_metrics
1314,NRSA 1314 Benthic Macroinvertebrate Metrics,Benthic Macroinvertebrates,benthic_metrics_SITE_ID,SITE_ID,"Site ID for the study and year sampled. Preferred form is NRSnn_MM-xxxxx where nn is current cycle year (04, 08, 13, 18, etc), MM is two letter state code, and xxxxx is between 10001 and 99999. Text. No missing values allowed.",,,DESIGN,,,,,PARAMETER,benthic_metrics
1314,NRSA 1314 Benthic Macroinvertebrate Metrics,Benthic Macroinvertebrates,benthic_metrics_SITE_ID,SITE_ID,Site ID,,,VERIF,,,,,PARAMETER,benthic_metrics
1314,NRSA 1314 Benthic Macroinvertebrate Metrics,Benthic Macroinvertebrates,benthic_metrics_SITE_ID,SITE_ID,Site ID,,,VERIF,,,,,PARAMETER,benthic_metrics
1314,NRSA 1314 Benthic Macroinvertebrate Metrics,Benthic Macroinvertebrates,benthic_metrics_SITE_ID,SITE_ID,Site ID,,,VERIF,,,,,PARAMETER,benthic_metrics
1314,NRSA 1314 Benthic Macroinvertebrate Metrics,Benthic Macroinvertebrates,benthic_metrics_SITETYPE,SITETYPE,"Site type (Probability-based or hand-picked). PROB for sites from probability survey. Usually HAND for hand-picked sites. In EMAP West and WSA, STARHAND is used to identify hand-picked sites that do not have all CORE indicators available.",,,,,,,,PARAMETER,benthic_metrics
1314,NRSA 1314 Benthic Macroinvertebrate Metrics,Benthic Macroinvertebrates,benthic_metrics_SITETYPE,SITETYPE,Site type (Probability-based or hand-picked),,,DESIGN,,PROB | HAND,,,PARAMETER,benthic_metrics
1314,NRSA 1314 Benthic Macroinvertebrate Metrics,Benthic Macroinvertebrates,benthic_metrics_SPWLNIND,SPWLNIND,Number of sprawler individuals in sample,,,BERW,NONE,,,,PARAMETER,benthic_metrics
1314,NRSA 1314 Benthic Macroinvertebrate Metrics,Benthic Macroinvertebrates,benthic_metrics_SPWLNIND,SPWLNIND,Number of sprawler individuals in sample,,,BETB,NONE,,,,PARAMETER,benthic_metrics
1314,NRSA 1314 Benthic Macroinvertebrate Metrics,Benthic Macroinvertebrates,benthic_metrics_SPWLNTAX,SPWLNTAX,No. of Sprawlers taxa,,,BERW,NONE,,0.0,,PARAMETER,benthic_metrics
1314,NRSA 1314 Benthic Macroinvertebrate Metrics,Benthic Macroinvertebrates,benthic_metrics_SPWLNTAX,SPWLNTAX,No. of Sprawlers taxa,,,BETB,NONE,,0.0,,PARAMETER,benthic_metrics
1314,NRSA 1314 Benthic Macroinvertebrate Metrics,Benthic Macroinvertebrates,benthic_metrics_SPWLPIND,SPWLPIND,% Sprawlers individuals,,,BERW,NONE,,0.0,100.0,PARAMETER,benthic_metrics
1314,NRSA 1314 Benthic Macroinvertebrate Metrics,Benthic Macroinvertebrates,benthic_metrics_SPWLPIND,SPWLPIND,% Sprawlers individuals,,,BETB,NONE,,0.0,100.0,PARAMETER,benthic_metrics
1314,NRSA 1314 Benthic Macroinvertebrate Metrics,Benthic Macroinvertebrates,benthic_metrics_SPWLPTAX,SPWLPTAX,% Sprawlers taxa,,,BERW,NONE,,0.0,100.0,PARAMETER,benthic_metrics
1314,NRSA 1314 Benthic Macroinvertebrate Metrics,Benthic Macroinvertebrates,benthic_metrics_SPWLPTAX,SPWLPTAX,% Sprawlers taxa,,,BETB,NONE,,0.0,100.0,PARAMETER,benthic_metrics
1314,NRSA 1314 Benthic Macroinvertebrate Metrics,Benthic Macroinvertebrates,benthic_metrics_STOLNIND,STOLNIND,Number of individuals in sample with tolerance value >=8,,,BERW,NONE,,,,PARAMETER,benthic_metrics
1314,NRSA 1314 Benthic Macroinvertebrate Metrics,Benthic Macroinvertebrates,benthic_metrics_STOLNIND,STOLNIND,Number of individuals in sample with tolerance value >=8,,,BETB,NONE,,,,PARAMETER,benthic_metrics
1314,NRSA 1314 Benthic Macroinvertebrate Metrics,Benthic Macroinvertebrates,benthic_metrics_STOLNTAX,STOLNTAX,No. of taxa with PTV>=8,,,BERW,NONE,,0.0,,PARAMETER,benthic_metrics
1314,NRSA 1314 Benthic Macroinvertebrate Metrics,Benthic Macroinvertebrates,benthic_metrics_STOLNTAX,STOLNTAX,No. of taxa with PTV>=8,,,BETB,NONE,,0.0,,PARAMETER,benthic_metrics
1314,NRSA 1314 Benthic Macroinvertebrate Metrics,Benthic Macroinvertebrates,benthic_metrics_STOLPIND,STOLPIND,% Individuals with PTV>=8,,,BERW,NONE,,0.0,100.0,PARAMETER,benthic_metrics
1314,NRSA 1314 Benthic Macroinvertebrate Metrics,Benthic Macroinvertebrates,benthic_metrics_STOLPIND,STOLPIND,% Individuals with PTV>=8,,,BETB,NONE,,0.0,100.0,PARAMETER,benthic_metrics
1314,NRSA 1314 Benthic Macroinvertebrate Metrics,Benthic Macroinvertebrates,benthic_metrics_STOLPTAX,STOLPTAX,% taxa with PTV>=8,,,BERW,NONE,,0.0,100.0,PARAMETER,benthic_metrics
1314,NRSA 1314 Benthic Macroinvertebrate Metrics,Benthic Macroinvertebrates,benthic_metrics_STOLPTAX,STOLPTAX,% taxa with PTV>=8,,,BETB,NONE,,0.0,100.0,PARAMETER,benthic_metrics
1314,NRSA 1314 Benthic Macroinvertebrate Metrics,Benthic Macroinvertebrates,benthic_metrics_SWIMNIND,SWIMNIND,Number of swimmer individuals in sample,,,BERW,NONE,,,,PARAMETER,benthic_metrics
1314,NRSA 1314 Benthic Macroinvertebrate Metrics,Benthic Macroinvertebrates,benthic_metrics_SWIMNIND,SWIMNIND,Number of swimmer individuals in sample,,,BETB,NONE,,,,PARAMETER,benthic_metrics
1314,NRSA 1314 Benthic Macroinvertebrate Metrics,Benthic Macroinvertebrates,benthic_metrics_SWIMNTAX,SWIMNTAX,No. of Swimmers taxa,,,BERW,NONE,,0.0,,PARAMETER,benthic_metrics
1314,NRSA 1314 Benthic Macroinvertebrate Metrics,Benthic Macroinvertebrates,benthic_metrics_SWIMNTAX,SWIMNTAX,No. of Swimmers taxa,,,BETB,NONE,,0.0,,PARAMETER,benthic_metrics
1314,NRSA 1314 Benthic Macroinvertebrate Metrics,Benthic Macroinvertebrates,benthic_metrics_SWIMPIND,SWIMPIND,% Swimmers individuals,,,BERW,NONE,,0.0,100.0,PARAMETER,benthic_metrics
1314,NRSA 1314 Benthic Macroinvertebrate Metrics,Benthic Macroinvertebrates,benthic_metrics_SWIMPIND,SWIMPIND,% Swimmers individuals,,,BETB,NONE,,0.0,100.0,PARAMETER,benthic_metrics
1314,NRSA 1314 Benthic Macroinvertebrate Metrics,Benthic Macroinvertebrates,benthic_metrics_SWIMPTAX,SWIMPTAX,% Swimmers taxa,,,BERW,NONE,,0.0,100.0,PARAMETER,benthic_metrics
1314,NRSA 1314 Benthic Macroinvertebrate Metrics,Benthic Macroinvertebrates,benthic_metrics_SWIMPTAX,SWIMPTAX,% Swimmers taxa,,,BETB,NONE,,0.0,100.0,PARAMETER,benthic_metrics
1314,NRSA 1314 Benthic Macroinvertebrate Metrics,Benthic Macroinvertebrates,benthic_metrics_TANYNIND,TANYNIND,Number of Tanytarsini individuals in sample,,,BERW,NONE,,,,PARAMETER,benthic_metrics
1314,NRSA 1314 Benthic Macroinvertebrate Metrics,Benthic Macroinvertebrates,benthic_metrics_TANYNIND,TANYNIND,Number of Tanytarsini individuals in sample,,,BETB,NONE,,,,PARAMETER,benthic_metrics
1314,NRSA 1314 Benthic Macroinvertebrate Metrics,Benthic Macroinvertebrates,benthic_metrics_TANYNTAX,TANYNTAX,No. of Tanytarsini taxa,,,BERW,NONE,,0.0,,PARAMETER,benthic_metrics
1314,NRSA 1314 Benthic Macroinvertebrate Metrics,Benthic Macroinvertebrates,benthic_metrics_TANYNTAX,TANYNTAX,No. of Tanytarsini taxa,,,BETB,NONE,,0.0,,PARAMETER,benthic_metrics
1314,NRSA 1314 Benthic Macroinvertebrate Metrics,Benthic Macroinvertebrates,benthic_metrics_TANYPIND,TANYPIND,% Tanytarsini individuals,,,BERW,NONE,,0.0,100.0,PARAMETER,benthic_metrics
1314,NRSA 1314 Benthic Macroinvertebrate Metrics,Benthic Macroinvertebrates,benthic_metrics_TANYPIND,TANYPIND,% Tanytarsini individuals,,,BETB,NONE,,0.0,100.0,PARAMETER,benthic_metrics
1314,NRSA 1314 Benthic Macroinvertebrate Metrics,Benthic Macroinvertebrates,benthic_metrics_TANYPTAX,TANYPTAX,% Tanytarsini taxa,,,BERW,NONE,,0.0,100.0,PARAMETER,benthic_metrics
1314,NRSA 1314 Benthic Macroinvertebrate Metrics,Benthic Macroinvertebrates,benthic_metrics_TANYPTAX,TANYPTAX,% Tanytarsini taxa,,,BETB,NONE,,0.0,100.0,PARAMETER,benthic_metrics
1314,NRSA 1314 Benthic Macroinvertebrate Metrics,Benthic Macroinvertebrates,benthic_metrics_TL01NIND,TL01NIND,Number of individuals in sample with tolerance value <2,,,BERW,NONE,,,,PARAMETER,benthic_metrics
1314,NRSA 1314 Benthic Macroinvertebrate Metrics,Benthic Macroinvertebrates,benthic_metrics_TL01NIND,TL01NIND,Number of individuals in sample with tolerance value <2,,,BETB,NONE,,,,PARAMETER,benthic_metrics
1314,NRSA 1314 Benthic Macroinvertebrate Metrics,Benthic Macroinvertebrates,benthic_metrics_TL01NTAX,TL01NTAX,No. of taxa with PTV<2,,,BERW,NONE,,0.0,,PARAMETER,benthic_metrics
1314,NRSA 1314 Benthic Macroinvertebrate Metrics,Benthic Macroinvertebrates,benthic_metrics_TL01NTAX,TL01NTAX,No. of taxa with PTV<2,,,BETB,NONE,,0.0,,PARAMETER,benthic_metrics
1314,NRSA 1314 Benthic Macroinvertebrate Metrics,Benthic Macroinvertebrates,benthic_metrics_TL01PIND,TL01PIND,% Individuals with PTV <2,,,BERW,NONE,,0.0,100.0,PARAMETER,benthic_metrics
1314,NRSA 1314 Benthic Macroinvertebrate Metrics,Benthic Macroinvertebrates,benthic_metrics_TL01PIND,TL01PIND,% Individuals with PTV <2,,,BETB,NONE,,0.0,100.0,PARAMETER,benthic_metrics
1314,NRSA 1314 Benthic Macroinvertebrate Metrics,Benthic Macroinvertebrates,benthic_metrics_TL01PTAX,TL01PTAX,% taxa with PTV<2,,,BERW,NONE,,0.0,100.0,PARAMETER,benthic_metrics
1314,NRSA 1314 Benthic Macroinvertebrate Metrics,Benthic Macroinvertebrates,benthic_metrics_TL01PTAX,TL01PTAX,% taxa with PTV<2,,,BETB,NONE,,0.0,100.0,PARAMETER,benthic_metrics
1314,NRSA 1314 Benthic Macroinvertebrate Metrics,Benthic Macroinvertebrates,benthic_metrics_TL23NIND,TL23NIND,Number of individuals in sample with tolerance value >=2 and <4,,,BERW,NONE,,,,PARAMETER,benthic_metrics
1314,NRSA 1314 Benthic Macroinvertebrate Metrics,Benthic Macroinvertebrates,benthic_metrics_TL23NIND,TL23NIND,Number of individuals in sample with tolerance value >=2 and <4,,,BETB,NONE,,,,PARAMETER,benthic_metrics
1314,NRSA 1314 Benthic Macroinvertebrate Metrics,Benthic Macroinvertebrates,benthic_metrics_TL23NTAX,TL23NTAX,No. taxa with PTV >=2 & <4,,,BERW,NONE,,0.0,,PARAMETER,benthic_metrics
1314,NRSA 1314 Benthic Macroinvertebrate Metrics,Benthic Macroinvertebrates,benthic_metrics_TL23NTAX,TL23NTAX,No. taxa with PTV >=2 & <4,,,BETB,NONE,,0.0,,PARAMETER,benthic_metrics
1314,NRSA 1314 Benthic Macroinvertebrate Metrics,Benthic Macroinvertebrates,benthic_metrics_TL23PIND,TL23PIND,% individuals with PTV >=2 & <4,,,BERW,NONE,,0.0,100.0,PARAMETER,benthic_metrics
1314,NRSA 1314 Benthic Macroinvertebrate Metrics,Benthic Macroinvertebrates,benthic_metrics_TL23PIND,TL23PIND,% individuals with PTV >=2 & <4,,,BETB,NONE,,0.0,100.0,PARAMETER,benthic_metrics
1314,NRSA 1314 Benthic Macroinvertebrate Metrics,Benthic Macroinvertebrates,benthic_metrics_TL23PTAX,TL23PTAX,% taxa with PTV>=2 & <4,,,BERW,NONE,,0.0,100.0,PARAMETER,benthic_metrics
1314,NRSA 1314 Benthic Macroinvertebrate Metrics,Benthic Macroinvertebrates,benthic_metrics_TL23PTAX,TL23PTAX,% taxa with PTV>=2 & <4,,,BETB,NONE,,0.0,100.0,PARAMETER,benthic_metrics
1314,NRSA 1314 Benthic Macroinvertebrate Metrics,Benthic Macroinvertebrates,benthic_metrics_TL45NIND,TL45NIND,Number of individuals in sample with tolerance value >=4 and <6,,,BERW,NONE,,,,PARAMETER,benthic_metrics
1314,NRSA 1314 Benthic Macroinvertebrate Metrics,Benthic Macroinvertebrates,benthic_metrics_TL45NIND,TL45NIND,Number of individuals in sample with tolerance value >=4 and <6,,,BETB,NONE,,,,PARAMETER,benthic_metrics
1314,NRSA 1314 Benthic Macroinvertebrate Metrics,Benthic Macroinvertebrates,benthic_metrics_TL45NTAX,TL45NTAX,No. taxa with PTV >=4 & <6,,,BERW,NONE,,0.0,,PARAMETER,benthic_metrics
1314,NRSA 1314 Benthic Macroinvertebrate Metrics,Benthic Macroinvertebrates,benthic_metrics_TL45NTAX,TL45NTAX,No. taxa with PTV >=4 & <6,,,BETB,NONE,,0.0,,PARAMETER,benthic_metrics
1314,NRSA 1314 Benthic Macroinvertebrate Metrics,Benthic Macroinvertebrates,benthic_metrics_TL45PIND,TL45PIND,% individuals with PTV >=4 & <6,,,BERW,NONE,,0.0,100.0,PARAMETER,benthic_metrics
1314,NRSA 1314 Benthic Macroinvertebrate Metrics,Benthic Macroinvertebrates,benthic_metrics_TL45PIND,TL45PIND,% individuals with PTV >=4 & <6,,,BETB,NONE,,0.0,100.0,PARAMETER,benthic_metrics
1314,NRSA 1314 Benthic Macroinvertebrate Metrics,Benthic Macroinvertebrates,benthic_metrics_TL45PTAX,TL45PTAX,% taxa with PTV>=4 & <6,,,BERW,NONE,,0.0,100.0,PARAMETER,benthic_metrics
1314,NRSA 1314 Benthic Macroinvertebrate Metrics,Benthic Macroinvertebrates,benthic_metrics_TL45PTAX,TL45PTAX,% taxa with PTV>=4 & <6,,,BETB,NONE,,0.0,100.0,PARAMETER,benthic_metrics
1314,NRSA 1314 Benthic Macroinvertebrate Metrics,Benthic Macroinvertebrates,benthic_metrics_TL67NIND,TL67NIND,Number of individuals in sample with tolerance value >=6 and <8,,,BERW,NONE,,,,PARAMETER,benthic_metrics
1314,NRSA 1314 Benthic Macroinvertebrate Metrics,Benthic Macroinvertebrates,benthic_metrics_TL67NIND,TL67NIND,Number of individuals in sample with tolerance value >=6 and <8,,,BETB,NONE,,,,PARAMETER,benthic_metrics
1314,NRSA 1314 Benthic Macroinvertebrate Metrics,Benthic Macroinvertebrates,benthic_metrics_TL67NTAX,TL67NTAX,No. taxa with PTV >=6 & <8,,,BERW,NONE,,0.0,,PARAMETER,benthic_metrics
1314,NRSA 1314 Benthic Macroinvertebrate Metrics,Benthic Macroinvertebrates,benthic_metrics_TL67NTAX,TL67NTAX,No. taxa with PTV >=6 & <8,,,BETB,NONE,,0.0,,PARAMETER,benthic_metrics
1314,NRSA 1314 Benthic Macroinvertebrate Metrics,Benthic Macroinvertebrates,benthic_metrics_TL67PIND,TL67PIND,% individuals with PTV >=6 & <8,,,BERW,NONE,,0.0,100.0,PARAMETER,benthic_metrics
1314,NRSA 1314 Benthic Macroinvertebrate Metrics,Benthic Macroinvertebrates,benthic_metrics_TL67PIND,TL67PIND,% individuals with PTV >=6 & <8,,,BETB,NONE,,0.0,100.0,PARAMETER,benthic_metrics
1314,NRSA 1314 Benthic Macroinvertebrate Metrics,Benthic Macroinvertebrates,benthic_metrics_TL67PTAX,TL67PTAX,% taxa with PTV>=6 & <8,,,BERW,NONE,,0.0,100.0,PARAMETER,benthic_metrics
1314,NRSA 1314 Benthic Macroinvertebrate Metrics,Benthic Macroinvertebrates,benthic_metrics_TL67PTAX,TL67PTAX,% taxa with PTV>=6 & <8,,,BETB,NONE,,0.0,100.0,PARAMETER,benthic_metrics
1314,NRSA 1314 Benthic Macroinvertebrate Metrics,Benthic Macroinvertebrates,benthic_metrics_TOLRNIND,TOLRNIND,Number of individuals in sample with tolerance value >=7,,,BERW,NONE,,,,PARAMETER,benthic_metrics
1314,NRSA 1314 Benthic Macroinvertebrate Metrics,Benthic Macroinvertebrates,benthic_metrics_TOLRNIND,TOLRNIND,Number of individuals in sample with tolerance value >=7,,,BETB,NONE,,,,PARAMETER,benthic_metrics
1314,NRSA 1314 Benthic Macroinvertebrate Metrics,Benthic Macroinvertebrates,benthic_metrics_TOLRNTAX,TOLRNTAX,No. of Tolerant (PTV>=7) taxa,,,BERW,NONE,,0.0,,PARAMETER,benthic_metrics
1314,NRSA 1314 Benthic Macroinvertebrate Metrics,Benthic Macroinvertebrates,benthic_metrics_TOLRNTAX,TOLRNTAX,No. of Tolerant (PTV>=7) taxa,,,BETB,NONE,,0.0,,PARAMETER,benthic_metrics
1314,NRSA 1314 Benthic Macroinvertebrate Metrics,Benthic Macroinvertebrates,benthic_metrics_TOLRPIND,TOLRPIND,% Tolerant (PTV>=7) individuals,,,BERW,NONE,,0.0,100.0,PARAMETER,benthic_metrics
1314,NRSA 1314 Benthic Macroinvertebrate Metrics,Benthic Macroinvertebrates,benthic_metrics_TOLRPIND,TOLRPIND,% Tolerant (PTV>=7) individuals,,,BETB,NONE,,0.0,100.0,PARAMETER,benthic_metrics
1314,NRSA 1314 Benthic Macroinvertebrate Metrics,Benthic Macroinvertebrates,benthic_metrics_TOLRPTAX,TOLRPTAX,% Tolerant (PTV>=7) taxa,,,BERW,NONE,,0.0,100.0,PARAMETER,benthic_metrics
1314,NRSA 1314 Benthic Macroinvertebrate Metrics,Benthic Macroinvertebrates,benthic_metrics_TOLRPTAX,TOLRPTAX,% Tolerant (PTV>=7) taxa,,,BETB,NONE,,0.0,100.0,PARAMETER,benthic_metrics
1314,NRSA 1314 Benthic Macroinvertebrate Metrics,Benthic Macroinvertebrates,benthic_metrics_TOTLNIND,TOTLNIND,Number of individuals in sample,,,BERW,NONE,,0.0,,PARAMETER,benthic_metrics
1314,NRSA 1314 Benthic Macroinvertebrate Metrics,Benthic Macroinvertebrates,benthic_metrics_TOTLNIND,TOTLNIND,Number of individuals in sample,,,BETB,NONE,,0.0,,PARAMETER,benthic_metrics
1314,NRSA 1314 Benthic Macroinvertebrate Metrics,Benthic Macroinvertebrates,benthic_metrics_TOTLNTAX,TOTLNTAX,Number of distinct taxa in sample,,,BERW,NONE,,0.0,,PARAMETER,benthic_metrics
1314,NRSA 1314 Benthic Macroinvertebrate Metrics,Benthic Macroinvertebrates,benthic_metrics_TOTLNTAX,TOTLNTAX,Number of distinct taxa in sample,,,BETB,NONE,,0.0,,PARAMETER,benthic_metrics
1314,NRSA 1314 Benthic Macroinvertebrate Metrics,Benthic Macroinvertebrates,benthic_metrics_TRICNIND,TRICNIND,Number of Trichoptera individuals in sample,,,BERW,NONE,,,,PARAMETER,benthic_metrics
1314,NRSA 1314 Benthic Macroinvertebrate Metrics,Benthic Macroinvertebrates,benthic_metrics_TRICNIND,TRICNIND,Number of Trichoptera individuals in sample,,,BETB,NONE,,,,PARAMETER,benthic_metrics
1314,NRSA 1314 Benthic Macroinvertebrate Metrics,Benthic Macroinvertebrates,benthic_metrics_TRICNTAX,TRICNTAX,No. of Trichoptera taxa,,,BERW,NONE,,0.0,,PARAMETER,benthic_metrics
1314,NRSA 1314 Benthic Macroinvertebrate Metrics,Benthic Macroinvertebrates,benthic_metrics_TRICNTAX,TRICNTAX,No. of Trichoptera taxa,,,BETB,NONE,,0.0,,PARAMETER,benthic_metrics
1314,NRSA 1314 Benthic Macroinvertebrate Metrics,Benthic Macroinvertebrates,benthic_metrics_TRICPIND,TRICPIND,% Trichoptera individuals,,,BERW,NONE,,0.0,100.0,PARAMETER,benthic_metrics
1314,NRSA 1314 Benthic Macroinvertebrate Metrics,Benthic Macroinvertebrates,benthic_metrics_TRICPIND,TRICPIND,% Trichoptera individuals,,,BETB,NONE,,0.0,100.0,PARAMETER,benthic_metrics
1314,NRSA 1314 Benthic Macroinvertebrate Metrics,Benthic Macroinvertebrates,benthic_metrics_TRICPTAX,TRICPTAX,% Trichoptera taxa,,,BERW,NONE,,0.0,100.0,PARAMETER,benthic_metrics
1314,NRSA 1314 Benthic Macroinvertebrate Metrics,Benthic Macroinvertebrates,benthic_metrics_TRICPTAX,TRICPTAX,% Trichoptera taxa,,,BETB,NONE,,0.0,100.0,PARAMETER,benthic_metrics
1314,NRSA 1314 Benthic Macroinvertebrate Metrics,Benthic Macroinvertebrates,benthic_metrics_TUBINAIDNIND,TUBINAIDNIND,Number of Tubificidae and Naididae individuals in sample,,,BERW,NONE,,,,PARAMETER,benthic_metrics
1314,NRSA 1314 Benthic Macroinvertebrate Metrics,Benthic Macroinvertebrates,benthic_metrics_TUBINAIDNIND,TUBINAIDNIND,Number of Tubificidae and Naididae individuals in sample,,,BETB,NONE,,,,PARAMETER,benthic_metrics
1314,NRSA 1314 Benthic Macroinvertebrate Metrics,Benthic Macroinvertebrates,benthic_metrics_TUBINAIDNTAX,TUBINAIDNTAX,No. of Tubificidae and Naididae taxa,,,BERW,NONE,,0.0,,PARAMETER,benthic_metrics
1314,NRSA 1314 Benthic Macroinvertebrate Metrics,Benthic Macroinvertebrates,benthic_metrics_TUBINAIDNTAX,TUBINAIDNTAX,No. of Tubificidae and Naididae taxa,,,BETB,NONE,,0.0,,PARAMETER,benthic_metrics
1314,NRSA 1314 Benthic Macroinvertebrate Metrics,Benthic Macroinvertebrates,benthic_metrics_TUBINAIDPIND,TUBINAIDPIND,% Tubificidae and Naididae individuals,,,BERW,NONE,,0.0,100.0,PARAMETER,benthic_metrics
1314,NRSA 1314 Benthic Macroinvertebrate Metrics,Benthic Macroinvertebrates,benthic_metrics_TUBINAIDPIND,TUBINAIDPIND,% Tubificidae and Naididae individuals,,,BETB,NONE,,0.0,100.0,PARAMETER,benthic_metrics
1314,NRSA 1314 Benthic Macroinvertebrate Metrics,Benthic Macroinvertebrates,benthic_metrics_TUBINAIDPTAX,TUBINAIDPTAX,% Tubificidae and Naididae taxa,,,BERW,NONE,,0.0,100.0,PARAMETER,benthic_metrics
1314,NRSA 1314 Benthic Macroinvertebrate Metrics,Benthic Macroinvertebrates,benthic_metrics_TUBINAIDPTAX,TUBINAIDPTAX,% Tubificidae and Naididae taxa,,,BETB,NONE,,0.0,100.0,PARAMETER,benthic_metrics
1314,NRSA 1314 Benthic Macroinvertebrate Metrics,Benthic Macroinvertebrates,benthic_metrics_UID,UID,Unique site visit ID,,,,,,,,PARAMETER,benthic_metrics
1314,NRSA 1314 Benthic Macroinvertebrate Metrics,Benthic Macroinvertebrates,benthic_metrics_UID,UID,Unique site visit ID,,,,,,,,PARAMETER,benthic_metrics
1314,NRSA 1314 Benthic Macroinvertebrate Metrics,Benthic Macroinvertebrates,benthic_metrics_UID,UID,Unique site visit ID,,,,,,,,PARAMETER,benthic_metrics
1314,NRSA 1314 Benthic Macroinvertebrate Metrics,Benthic Macroinvertebrates,benthic_metrics_VISIT_NO,VISIT_NO,Number identifying which visit this is,,,VERIF,,|1|2,,,PARAMETER,benthic_metrics
1314,NRSA 1314 Benthic Macroinvertebrate Metrics,Benthic Macroinvertebrates,benthic_metrics_VISIT_NO,VISIT_NO,Number identifying which visit this is,,,VERIF,,|1|2,,,PARAMETER,benthic_metrics
1314,NRSA 1314 Benthic Macroinvertebrate Metrics,Benthic Macroinvertebrates,benthic_metrics_VISIT_NO,VISIT_NO,Number identifying which visit this is,,,VERIF,,|1|2,,,PARAMETER,benthic_metrics
1314,NRSA 1314 Benthic Macroinvertebrate Metrics,Benthic Macroinvertebrates,benthic_metrics_WTD_TV,WTD_TV,"Hilsenhoff Biotic Index (HBI), sum of TV_i*prop_i, where TV_i=tolerance value for species i and prop_i=proportion of taxon i in sample, based on all taxa in sample",,,BERW,NONE,,0.0,10.0,PARAMETER,benthic_metrics
1314,NRSA 1314 Benthic Macroinvertebrate Metrics,Benthic Macroinvertebrates,benthic_metrics_WTD_TV,WTD_TV,"Hilsenhoff Biotic Index (HBI), sum of TV_i*prop_i, where TV_i=tolerance value for species i and prop_i=proportion of taxon i in sample, based on all taxa in sample",,,BETB,NONE,,0.0,10.0,PARAMETER,benthic_metrics
1314,NRSA 1314 Periphyton Chlorophyll,Chlorophyll-a,periphyton_chla_CHLA_DATE_ANALYZED,CHLA_DATE_ANALYZED,Chlorophyll a for NA,,,PCHL,,,,,VARIABLE,periphyton_chla
1314,NRSA 1314 Periphyton Chlorophyll,Chlorophyll-a,periphyton_chla_CHLA_DATE_ANALYZED,CHLA_DATE_ANALYZED,Chlorophyll a for NA,,,WCHL,,,,,VARIABLE,periphyton_chla
1314,NRSA 1314 Periphyton Chlorophyll,Chlorophyll-a,periphyton_chla_CHLA_DATE_FILTERED,CHLA_DATE_FILTERED,Chlorophyll a for NA,,,PCHL,,,,,VARIABLE,periphyton_chla
1314,NRSA 1314 Periphyton Chlorophyll,Chlorophyll-a,periphyton_chla_CHLA_DATE_FILTERED,CHLA_DATE_FILTERED,Chlorophyll a for NA,,,WCHL,,,,,VARIABLE,periphyton_chla
1314,NRSA 1314 Periphyton Chlorophyll,Chlorophyll-a,periphyton_chla_CHLA_DATE_PROCESSED,CHLA_DATE_PROCESSED,Chlorophyll a for NA,,,PCHL,,,,,VARIABLE,periphyton_chla
1314,NRSA 1314 Periphyton Chlorophyll,Chlorophyll-a,periphyton_chla_CHLA_DATE_PROCESSED,CHLA_DATE_PROCESSED,Chlorophyll a for NA,,,WCHL,,,,,VARIABLE,periphyton_chla
1314,NRSA 1314 Periphyton Chlorophyll,Chlorophyll-a,periphyton_chla_CHLA_DATE_RECEIVED,CHLA_DATE_RECEIVED,Chlorophyll a for NA,,,PCHL,,,,,VARIABLE,periphyton_chla
1314,NRSA 1314 Periphyton Chlorophyll,Chlorophyll-a,periphyton_chla_CHLA_DATE_RECEIVED,CHLA_DATE_RECEIVED,Chlorophyll a for NA,,,WCHL,,,,,VARIABLE,periphyton_chla
1314,NRSA 1314 Periphyton Chlorophyll,Chlorophyll-a,periphyton_chla_CHLA_DILUTION_FACTOR,CHLA_DILUTION_FACTOR,Chlorophyll a for NA,,,PCHL,,,,,VARIABLE,periphyton_chla
1314,NRSA 1314 Periphyton Chlorophyll,Chlorophyll-a,periphyton_chla_CHLA_DILUTION_FACTOR,CHLA_DILUTION_FACTOR,Chlorophyll a for NA,,,WCHL,,,,,VARIABLE,periphyton_chla
1314,NRSA 1314 Periphyton Chlorophyll,Chlorophyll-a,periphyton_chla_CHLA_EXTRACT,CHLA_EXTRACT,Chlorophyll a for NA,,,PCHL,,,,,VARIABLE,periphyton_chla
1314,NRSA 1314 Periphyton Chlorophyll,Chlorophyll-a,periphyton_chla_CHLA_EXTRACT,CHLA_EXTRACT,Chlorophyll a for NA,,,WCHL,,,,,VARIABLE,periphyton_chla
1314,NRSA 1314 Periphyton Chlorophyll,Chlorophyll-a,periphyton_chla_CHLA_EXTRACT_VOL,CHLA_EXTRACT_VOL,Chlorophyll a for NA,,,PCHL,,,,,VARIABLE,periphyton_chla
1314,NRSA 1314 Periphyton Chlorophyll,Chlorophyll-a,periphyton_chla_CHLA_HOLD_TIME_FLAG,CHLA_HOLD_TIME_FLAG,Chlorophyll a for NA,,,PCHL,,,,,VARIABLE,periphyton_chla
1314,NRSA 1314 Periphyton Chlorophyll,Chlorophyll-a,periphyton_chla_CHLA_HOLD_TIME_FLAG,CHLA_HOLD_TIME_FLAG,Chlorophyll a for NA,,,WCHL,,,,,VARIABLE,periphyton_chla
1314,NRSA 1314 Periphyton Chlorophyll,Chlorophyll-a,periphyton_chla_CHLA_HOLDING_TIME,CHLA_HOLDING_TIME,Chlorophyll a for NA,,,PCHL,,,,,VARIABLE,periphyton_chla
1314,NRSA 1314 Periphyton Chlorophyll,Chlorophyll-a,periphyton_chla_CHLA_HOLDING_TIME,CHLA_HOLDING_TIME,Chlorophyll a for NA,,,WCHL,,,,,VARIABLE,periphyton_chla
1314,NRSA 1314 Periphyton Chlorophyll,Chlorophyll-a,periphyton_chla_CHLA_LAB_SAMPLE_ID,CHLA_LAB_SAMPLE_ID,Chlorophyll a for NA,,,PCHL,,,,,VARIABLE,periphyton_chla
1314,NRSA 1314 Periphyton Chlorophyll,Chlorophyll-a,periphyton_chla_CHLA_LAB_SAMPLE_ID,CHLA_LAB_SAMPLE_ID,Chlorophyll a for NA,,,WCHL,,,,,VARIABLE,periphyton_chla
1314,NRSA 1314 Periphyton Chlorophyll,Chlorophyll-a,periphyton_chla_CHLA_MDL,CHLA_MDL,Chlorophyll a for NA,,,PCHL,,,,,VARIABLE,periphyton_chla
1314,NRSA 1314 Periphyton Chlorophyll,Chlorophyll-a,periphyton_chla_CHLA_MDL,CHLA_MDL,Chlorophyll a for NA,,,WCHL,,,,,VARIABLE,periphyton_chla
1314,NRSA 1314 Periphyton Chlorophyll,Chlorophyll-a,periphyton_chla_CHLA_NARS_FLAG,CHLA_NARS_FLAG,Chlorophyll a for NA,,,PCHL,,,,,VARIABLE,periphyton_chla
1314,NRSA 1314 Periphyton Chlorophyll,Chlorophyll-a,periphyton_chla_CHLA_NARS_FLAG,CHLA_NARS_FLAG,Chlorophyll a for NA,,,WCHL,,,,,VARIABLE,periphyton_chla
1314,NRSA 1314 Periphyton Chlorophyll,Chlorophyll-a,periphyton_chla_CHLA_QA_FLAG,CHLA_QA_FLAG,Chlorophyll a for NA,,,PCHL,,,,,VARIABLE,periphyton_chla
1314,NRSA 1314 Periphyton Chlorophyll,Chlorophyll-a,periphyton_chla_CHLA_QA_FLAG,CHLA_QA_FLAG,Chlorophyll a for NA,,,WCHL,,,,,VARIABLE,periphyton_chla
1314,NRSA 1314 Periphyton Chlorophyll,Chlorophyll-a,periphyton_chla_CHLA_RESULT,CHLA_RESULT,Chlorophyll a for NA,,,PCHL,,,,,VARIABLE,periphyton_chla
1314,NRSA 1314 Periphyton Chlorophyll,Chlorophyll-a,periphyton_chla_CHLA_RESULT,CHLA_RESULT,Chlorophyll a for NA,,,WCHL,,,,,VARIABLE,periphyton_chla
1314,NRSA 1314 Periphyton Chlorophyll,Chlorophyll-a,periphyton_chla_CHLA_RESULT_VOL,CHLA_RESULT_VOL,Chlorophyll a for NA,,,PCHL,,,,,VARIABLE,periphyton_chla
1314,NRSA 1314 Periphyton Chlorophyll,Chlorophyll-a,periphyton_chla_CHLA_RL,CHLA_RL,Chlorophyll a for NA,,,PCHL,,,,,VARIABLE,periphyton_chla
1314,NRSA 1314 Periphyton Chlorophyll,Chlorophyll-a,periphyton_chla_CHLA_RL,CHLA_RL,Chlorophyll a for NA,,,WCHL,,,,,VARIABLE,periphyton_chla
1314,NRSA 1314 Periphyton Chlorophyll,Chlorophyll-a,periphyton_chla_CHLA_SAMPLE_ID,CHLA_SAMPLE_ID,Chlorophyll a for NA,,,PCHL,,,,,VARIABLE,periphyton_chla
1314,NRSA 1314 Periphyton Chlorophyll,Chlorophyll-a,periphyton_chla_CHLA_SAMPLE_ID,CHLA_SAMPLE_ID,Chlorophyll a for NA,,,WCHL,,,,,VARIABLE,periphyton_chla
1314,NRSA 1314 Periphyton Chlorophyll,Chlorophyll-a,periphyton_chla_CHLA_SAMPLEVOL,CHLA_SAMPLEVOL,Chlorophyll a for NA,,,PCHL,,,,,VARIABLE,periphyton_chla
1314,NRSA 1314 Periphyton Chlorophyll,Chlorophyll-a,periphyton_chla_CHLA_SAMPLEVOL,CHLA_SAMPLEVOL,Chlorophyll a for NA,,,WCHL,,,,,VARIABLE,periphyton_chla
1314,NRSA 1314 Periphyton Chlorophyll,Chlorophyll-a,periphyton_chla_CHLA_SHIP_FLAG,CHLA_SHIP_FLAG,Chlorophyll a for NA,,,PCHL,,,,,VARIABLE,periphyton_chla
1314,NRSA 1314 Periphyton Chlorophyll,Chlorophyll-a,periphyton_chla_CHLA_SHIP_FLAG,CHLA_SHIP_FLAG,Chlorophyll a for NA,,,WCHL,,,,,VARIABLE,periphyton_chla
1314,NRSA 1314 Periphyton Chlorophyll,Chlorophyll-a,periphyton_chla_CHLA_VOLUME_ADJUST,CHLA_VOLUME_ADJUST,Chlorophyll a for NA,,,PCHL,,,,,VARIABLE,periphyton_chla
1314,NRSA 1314 Periphyton Chlorophyll,Chlorophyll-a,periphyton_chla_CHLA_VOLUME_ADJUST,CHLA_VOLUME_ADJUST,Chlorophyll a for NA,,,WCHL,,,,,VARIABLE,periphyton_chla
1314,NRSA 1314 Periphyton Chlorophyll,Chlorophyll-a,periphyton_chla_CHLA_VOLUME_FILTERED,CHLA_VOLUME_FILTERED,Chlorophyll a for NA,,,PCHL,,,,,VARIABLE,periphyton_chla
1314,NRSA 1314 Periphyton Chlorophyll,Chlorophyll-a,periphyton_chla_CHLA_VOLUME_FILTERED,CHLA_VOLUME_FILTERED,Chlorophyll a for NA,,,WCHL,,,,,VARIABLE,periphyton_chla
1314,NRSA 1314 Water Column Chlorophyll,Chlorophyll-a,watercolumn_chla_CHLA_DATE_ANALYZED,CHLA_DATE_ANALYZED,Chlorophyll a for NA,,,PCHL,,,,,VARIABLE,watercolumn_chla
1314,NRSA 1314 Water Column Chlorophyll,Chlorophyll-a,watercolumn_chla_CHLA_DATE_ANALYZED,CHLA_DATE_ANALYZED,Chlorophyll a for NA,,,WCHL,,,,,VARIABLE,watercolumn_chla
1314,NRSA 1314 Water Column Chlorophyll,Chlorophyll-a,watercolumn_chla_CHLA_DATE_FILTERED,CHLA_DATE_FILTERED,Chlorophyll a for NA,,,PCHL,,,,,VARIABLE,watercolumn_chla
1314,NRSA 1314 Water Column Chlorophyll,Chlorophyll-a,watercolumn_chla_CHLA_DATE_FILTERED,CHLA_DATE_FILTERED,Chlorophyll a for NA,,,WCHL,,,,,VARIABLE,watercolumn_chla
1314,NRSA 1314 Water Column Chlorophyll,Chlorophyll-a,watercolumn_chla_CHLA_DATE_PROCESSED,CHLA_DATE_PROCESSED,Chlorophyll a for NA,,,PCHL,,,,,VARIABLE,watercolumn_chla
1314,NRSA 1314 Water Column Chlorophyll,Chlorophyll-a,watercolumn_chla_CHLA_DATE_PROCESSED,CHLA_DATE_PROCESSED,Chlorophyll a for NA,,,WCHL,,,,,VARIABLE,watercolumn_chla
1314,NRSA 1314 Water Column Chlorophyll,Chlorophyll-a,watercolumn_chla_CHLA_DATE_RECEIVED,CHLA_DATE_RECEIVED,Chlorophyll a for NA,,,PCHL,,,,,VARIABLE,watercolumn_chla
1314,NRSA 1314 Water Column Chlorophyll,Chlorophyll-a,watercolumn_chla_CHLA_DATE_RECEIVED,CHLA_DATE_RECEIVED,Chlorophyll a for NA,,,WCHL,,,,,VARIABLE,watercolumn_chla
1314,NRSA 1314 Water Column Chlorophyll,Chlorophyll-a,watercolumn_chla_CHLA_DILUTION_FACTOR,CHLA_DILUTION_FACTOR,Chlorophyll a for NA,,,PCHL,,,,,VARIABLE,watercolumn_chla
1314,NRSA 1314 Water Column Chlorophyll,Chlorophyll-a,watercolumn_chla_CHLA_DILUTION_FACTOR,CHLA_DILUTION_FACTOR,Chlorophyll a for NA,,,WCHL,,,,,VARIABLE,watercolumn_chla
1314,NRSA 1314 Water Column Chlorophyll,Chlorophyll-a,watercolumn_chla_CHLA_EXTRACT,CHLA_EXTRACT,Chlorophyll a for NA,,,PCHL,,,,,VARIABLE,watercolumn_chla
1314,NRSA 1314 Water Column Chlorophyll,Chlorophyll-a,watercolumn_chla_CHLA_EXTRACT,CHLA_EXTRACT,Chlorophyll a for NA,,,WCHL,,,,,VARIABLE,watercolumn_chla
1314,NRSA 1314 Water Column Chlorophyll,Chlorophyll-a,watercolumn_chla_CHLA_HOLD_TIME_FLAG,CHLA_HOLD_TIME_FLAG,Chlorophyll a for NA,,,PCHL,,,,,VARIABLE,watercolumn_chla
1314,NRSA 1314 Water Column Chlorophyll,Chlorophyll-a,watercolumn_chla_CHLA_HOLD_TIME_FLAG,CHLA_HOLD_TIME_FLAG,Chlorophyll a for NA,,,WCHL,,,,,VARIABLE,watercolumn_chla
1314,NRSA 1314 Water Column Chlorophyll,Chlorophyll-a,watercolumn_chla_CHLA_HOLDING_TIME,CHLA_HOLDING_TIME,Chlorophyll a for NA,,,PCHL,,,,,VARIABLE,watercolumn_chla
1314,NRSA 1314 Water Column Chlorophyll,Chlorophyll-a,watercolumn_chla_CHLA_HOLDING_TIME,CHLA_HOLDING_TIME,Chlorophyll a for NA,,,WCHL,,,,,VARIABLE,watercolumn_chla
1314,NRSA 1314 Water Column Chlorophyll,Chlorophyll-a,watercolumn_chla_CHLA_LAB_SAMPLE_ID,CHLA_LAB_SAMPLE_ID,Chlorophyll a for NA,,,PCHL,,,,,VARIABLE,watercolumn_chla
1314,NRSA 1314 Water Column Chlorophyll,Chlorophyll-a,watercolumn_chla_CHLA_LAB_SAMPLE_ID,CHLA_LAB_SAMPLE_ID,Chlorophyll a for NA,,,WCHL,,,,,VARIABLE,watercolumn_chla
1314,NRSA 1314 Water Column Chlorophyll,Chlorophyll-a,watercolumn_chla_CHLA_MDL,CHLA_MDL,Chlorophyll a for NA,,,PCHL,,,,,VARIABLE,watercolumn_chla
1314,NRSA 1314 Water Column Chlorophyll,Chlorophyll-a,watercolumn_chla_CHLA_MDL,CHLA_MDL,Chlorophyll a for NA,,,WCHL,,,,,VARIABLE,watercolumn_chla
1314,NRSA 1314 Water Column Chlorophyll,Chlorophyll-a,watercolumn_chla_CHLA_NARS_FLAG,CHLA_NARS_FLAG,Chlorophyll a for NA,,,PCHL,,,,,VARIABLE,watercolumn_chla
1314,NRSA 1314 Water Column Chlorophyll,Chlorophyll-a,watercolumn_chla_CHLA_NARS_FLAG,CHLA_NARS_FLAG,Chlorophyll a for NA,,,WCHL,,,,,VARIABLE,watercolumn_chla
1314,NRSA 1314 Water Column Chlorophyll,Chlorophyll-a,watercolumn_chla_CHLA_QA_FLAG,CHLA_QA_FLAG,Chlorophyll a for NA,,,PCHL,,,,,VARIABLE,watercolumn_chla
1314,NRSA 1314 Water Column Chlorophyll,Chlorophyll-a,watercolumn_chla_CHLA_QA_FLAG,CHLA_QA_FLAG,Chlorophyll a for NA,,,WCHL,,,,,VARIABLE,watercolumn_chla
1314,NRSA 1314 Water Column Chlorophyll,Chlorophyll-a,watercolumn_chla_CHLA_RESULT,CHLA_RESULT,Chlorophyll a for NA,,,PCHL,,,,,VARIABLE,watercolumn_chla
1314,NRSA 1314 Water Column Chlorophyll,Chlorophyll-a,watercolumn_chla_CHLA_RESULT,CHLA_RESULT,Chlorophyll a for NA,,,WCHL,,,,,VARIABLE,watercolumn_chla
1314,NRSA 1314 Water Column Chlorophyll,Chlorophyll-a,watercolumn_chla_CHLA_RL,CHLA_RL,Chlorophyll a for NA,,,PCHL,,,,,VARIABLE,watercolumn_chla
1314,NRSA 1314 Water Column Chlorophyll,Chlorophyll-a,watercolumn_chla_CHLA_RL,CHLA_RL,Chlorophyll a for NA,,,WCHL,,,,,VARIABLE,watercolumn_chla
1314,NRSA 1314 Water Column Chlorophyll,Chlorophyll-a,watercolumn_chla_CHLA_SAMPLE_ID,CHLA_SAMPLE_ID,Chlorophyll a for NA,,,PCHL,,,,,VARIABLE,watercolumn_chla
1314,NRSA 1314 Water Column Chlorophyll,Chlorophyll-a,watercolumn_chla_CHLA_SAMPLE_ID,CHLA_SAMPLE_ID,Chlorophyll a for NA,,,WCHL,,,,,VARIABLE,watercolumn_chla
1314,NRSA 1314 Water Column Chlorophyll,Chlorophyll-a,watercolumn_chla_CHLA_SAMPLEVOL,CHLA_SAMPLEVOL,Chlorophyll a for NA,,,PCHL,,,,,VARIABLE,watercolumn_chla
1314,NRSA 1314 Water Column Chlorophyll,Chlorophyll-a,watercolumn_chla_CHLA_SAMPLEVOL,CHLA_SAMPLEVOL,Chlorophyll a for NA,,,WCHL,,,,,VARIABLE,watercolumn_chla
1314,NRSA 1314 Water Column Chlorophyll,Chlorophyll-a,watercolumn_chla_CHLA_SHIP_FLAG,CHLA_SHIP_FLAG,Chlorophyll a for NA,,,PCHL,,,,,VARIABLE,watercolumn_chla
1314,NRSA 1314 Water Column Chlorophyll,Chlorophyll-a,watercolumn_chla_CHLA_SHIP_FLAG,CHLA_SHIP_FLAG,Chlorophyll a for NA,,,WCHL,,,,,VARIABLE,watercolumn_chla
1314,NRSA 1314 Water Column Chlorophyll,Chlorophyll-a,watercolumn_chla_CHLA_VOLUME_ADJUST,CHLA_VOLUME_ADJUST,Chlorophyll a for NA,,,PCHL,,,,,VARIABLE,watercolumn_chla
1314,NRSA 1314 Water Column Chlorophyll,Chlorophyll-a,watercolumn_chla_CHLA_VOLUME_ADJUST,CHLA_VOLUME_ADJUST,Chlorophyll a for NA,,,WCHL,,,,,VARIABLE,watercolumn_chla
1314,NRSA 1314 Water Column Chlorophyll,Chlorophyll-a,watercolumn_chla_CHLA_VOLUME_FILTERED,CHLA_VOLUME_FILTERED,Chlorophyll a for NA,,,PCHL,,,,,VARIABLE,watercolumn_chla
1314,NRSA 1314 Water Column Chlorophyll,Chlorophyll-a,watercolumn_chla_CHLA_VOLUME_FILTERED,CHLA_VOLUME_FILTERED,Chlorophyll a for NA,,,WCHL,,,,,VARIABLE,watercolumn_chla
1314,NRSA 1314 Enterococci Indicator,Enterococci,enterococci_DATE_COL,DATE_COL,,,,VERIF,,,,,PARAMETER,enterococci
1314,NRSA 1314 Enterococci Indicator,Enterococci,enterococci_ENT_1X_CCE_100ML,ENT_1X_CCE_100ML,,,,ENTE,,,,,PARAMETER,enterococci
1314,NRSA 1314 Enterococci Indicator,Enterococci,enterococci_INDEX_VISIT,INDEX_VISIT,,,,VERIF,,,,,PARAMETER,enterococci
1314,NRSA 1314 Enterococci Indicator,Enterococci,enterococci_SITE_ID,SITE_ID,,,,DESIGN,,,,,PARAMETER,enterococci
1314,NRSA 1314 Enterococci Indicator,Enterococci,enterococci_SITE_ID,SITE_ID,,,,LANDSCAPE,,,,,PARAMETER,enterococci
1314,NRSA 1314 Enterococci Indicator,Enterococci,enterococci_SITE_ID,SITE_ID,,,,VERIF,,,,,PARAMETER,enterococci
1314,NRSA 1314 Enterococci Indicator,Enterococci,enterococci_UID,UID,Unique site visit ID,,,,,,,,PARAMETER,enterococci
1314,NRSA 1314 Enterococci Indicator,Enterococci,enterococci_VISIT_NO,VISIT_NO,,,,VERIF,,|1|2,,,PARAMETER,enterococci
1314,NRSA 1314 Enterococci Indicator,Enterococci,enterococci_YEAR,YEAR,,,,VERIF,,,,,PARAMETER,enterococci
1314,NRSA 1314 Field Chemistry Measures,Field Chemistry Measures,fieldchem_AG_ECO9_NM,AG_ECO9_NM,NARS 9-level reporting region Name,,,DESIGN,,,,,COLUMN_NAME,fieldchem
1314,NRSA 1314 Field Chemistry Measures,Field Chemistry Measures,fieldchem_CONDUCTIVITY,CONDUCTIVITY,Conductivity (uS/cm),,,FISH,,,,,COLUMN_NAME,fieldchem
1314,NRSA 1314 Field Chemistry Measures,Field Chemistry Measures,fieldchem_DATE_COL,DATE_COL,Date of data collection in field,,,VERIF,,,,,COLUMN_NAME,fieldchem
1314,NRSA 1314 Field Chemistry Measures,Field Chemistry Measures,fieldchem_INDEX_VISIT,INDEX_VISIT,Index visit Y/blank,,,VERIF,,,,,COLUMN_NAME,fieldchem
1314,NRSA 1314 Field Chemistry Measures,Field Chemistry Measures,fieldchem_LAT_DD83,LAT_DD83,Latitude in decimal degrees NAD83,,,LANDSCAPE,,,,,COLUMN_NAME,fieldchem
1314,NRSA 1314 Field Chemistry Measures,Field Chemistry Measures,fieldchem_LOCATION,LOCATION,Location of gps lat/long taken,,,VERIF,,,,,COLUMN_NAME,fieldchem
1314,NRSA 1314 Field Chemistry Measures,Field Chemistry Measures,fieldchem_LON_DD83,LON_DD83,Longitude in decimal degrees NAD83,,,LANDSCAPE,,,,,COLUMN_NAME,fieldchem
1314,NRSA 1314 Field Chemistry Measures,Field Chemistry Measures,fieldchem_PSTL_CODE,PSTL_CODE,State two-letter postal code,,,DESIGN,,,,,COLUMN_NAME,fieldchem
1314,NRSA 1314 Field Chemistry Measures,Field Chemistry Measures,fieldchem_PUBLICATION_DATE,PUBLICATION_DATE,Date of data file publication,,,,,,,,COLUMN_NAME,fieldchem
1314,NRSA 1314 Field Chemistry Measures,Field Chemistry Measures,fieldchem_SAMPLE_TYPE,SAMPLE_TYPE,Sample type,,,,,,,,COLUMN_NAME,fieldchem
1314,NRSA 1314 Field Chemistry Measures,Field Chemistry Measures,fieldchem_SITE_ID,SITE_ID,Unique Site ID assigned for NRSA13-14,,,LANDSCAPE,,,,,COLUMN_NAME,fieldchem
1314,NRSA 1314 Field Chemistry Measures,Field Chemistry Measures,fieldchem_SITETYPE,SITETYPE,Site type (Probability-based or hand-picked),,,DESIGN,,,,,COLUMN_NAME,fieldchem
1314,NRSA 1314 Field Chemistry Measures,Field Chemistry Measures,fieldchem_TEMPERATURE,TEMPERATURE,Temperature (C),,,FISH,,,,,COLUMN_NAME,fieldchem
1314,NRSA 1314 Field Chemistry Measures,Field Chemistry Measures,fieldchem_UID,UID,Unique site visit ID,,,,,,,,COLUMN_NAME,fieldchem
1314,NRSA 1314 Field Chemistry Measures,Field Chemistry Measures,fieldchem_VISIT_NO,VISIT_NO,Number identifying which visit this is,,,VERIF,,,,,COLUMN_NAME,fieldchem
1314,NRSA 1314 Fish MMI,Fish,fish_mmi_AG_ECO9_NM,AG_ECO9_NM,NARS 9-level reporting region Name,,,DESIGN,,Text names,,,PARAMETER,fish_mmi
1314,NRSA 1314 Fish MMI,Fish,fish_mmi_AG_ECO9_NM,AG_ECO9_NM,NARS 9-level reporting region name Text names. No missing values allowed.,,,DESIGN,,,,,PARAMETER,fish_mmi
1314,NRSA 1314 Fish MMI,Fish,fish_mmi_ALIENNTAX_PT,ALIENNTAX_PT,Score for ALIENNTAX used in MMI,,,FISH,NONE,,,,PARAMETER,fish_mmi
1314,NRSA 1314 Fish MMI,Fish,fish_mmi_ALIENNTAX_WS,ALIENNTAX_WS,Traditional MMI watershed adjusted value for ALIENNTAX,,,FISH,NONE,,,,PARAMETER,fish_mmi
1314,NRSA 1314 Fish MMI,Fish,fish_mmi_ALIENNTAX_WS_PT,ALIENNTAX_WS_PT,Traditional MMI watershed adjusted metric score for ALIENNTAX,,,FISH,NONE,,0.0,10.0,PARAMETER,fish_mmi
1314,NRSA 1314 Fish MMI,Fish,fish_mmi_ALIENPIND_WS,ALIENPIND_WS,Traditional MMI watershed adjusted value for ALIENPIND,,,FISH,NONE,,,,PARAMETER,fish_mmi
1314,NRSA 1314 Fish MMI,Fish,fish_mmi_ALIENPIND_WS_PT,ALIENPIND_WS_PT,Traditional MMI watershed adjusted metric score for ALIENPIND,,,FISH,NONE,,0.0,10.0,PARAMETER,fish_mmi
1314,NRSA 1314 Fish MMI,Fish,fish_mmi_BENTINVPTAX_WS,BENTINVPTAX_WS,Traditional MMI watershed adjusted value for BENTINVPTAX,,,FISH,NONE,,,,PARAMETER,fish_mmi
1314,NRSA 1314 Fish MMI,Fish,fish_mmi_BENTINVPTAX_WS_PT,BENTINVPTAX_WS_PT,Traditional MMI watershed adjusted metric score for BENTINVPTAX,,,FISH,NONE,,,,PARAMETER,fish_mmi
1314,NRSA 1314 Fish MMI,Fish,fish_mmi_CARNNTAX_WS,CARNNTAX_WS,Traditional MMI watershed adjusted value for CARNNTAX,,,FISH,NONE,,,,PARAMETER,fish_mmi
1314,NRSA 1314 Fish MMI,Fish,fish_mmi_CARNNTAX_WS_PT,CARNNTAX_WS_PT,Traditional MMI watershed adjusted metric score for CARNNTAX,,,FISH,NONE,,0.0,10.0,PARAMETER,fish_mmi
1314,NRSA 1314 Fish MMI,Fish,fish_mmi_CENTPTAX_PT,CENTPTAX_PT,Traditional MMI metric score for CENTPTAX,,,FISH,NONE,,0.0,10.0,PARAMETER,fish_mmi
1314,NRSA 1314 Fish MMI,Fish,fish_mmi_CYPRNTAX_PT,CYPRNTAX_PT,Traditional MMI metric score for CYPRNTAX,,,FISH,NONE,,0.0,10.0,PARAMETER,fish_mmi
1314,NRSA 1314 Fish MMI,Fish,fish_mmi_CYPRPTAX_WS,CYPRPTAX_WS,Traditional MMI watershed adjusted value for CYPRPTAX,,,FISH,NONE,,,,PARAMETER,fish_mmi
1314,NRSA 1314 Fish MMI,Fish,fish_mmi_CYPRPTAX_WS_PT,CYPRPTAX_WS_PT,Traditional MMI watershed adjusted metric score for CYPRPTAX,,,FISH,NONE,,0.0,10.0,PARAMETER,fish_mmi
1314,NRSA 1314 Fish MMI,Fish,fish_mmi_DATE_COL,DATE_COL,Date of data collection in field,,,VERIF,,,,,PARAMETER,fish_mmi
1314,NRSA 1314 Fish MMI,Fish,fish_mmi_FISH_SAMPLING,FISH_SAMPLING,Fish Sampling - not conducted or suspended,,,FISH,,|NO_FISH|NOT_FISHED_REACH_MIN|NO_PERMIT|SITE_CONDITIONS|PERMIT_RESTRICT|EQUIPMENT_FAILURE|OTHER,,,PARAMETER,fish_mmi
1314,NRSA 1314 Fish MMI,Fish,fish_mmi_HERBPTAX_PT,HERBPTAX_PT,Traditional MMI metric score for HERBPTAX,,,FISH,NONE,,0.0,10.0,PARAMETER,fish_mmi
1314,NRSA 1314 Fish MMI,Fish,fish_mmi_INDEX_VISIT,INDEX_VISIT,Index visit Y/blank,,,VERIF,,,,,PARAMETER,fish_mmi
1314,NRSA 1314 Fish MMI,Fish,fish_mmi_INTLINVPTAX_PT,INTLINVPTAX_PT,Traditional MMI metric score for INTLINVPTAX,,,FISH,NONE,,0.0,10.0,PARAMETER,fish_mmi
1314,NRSA 1314 Fish MMI,Fish,fish_mmi_INTLLOTNTAX_WS,INTLLOTNTAX_WS,Traditional MMI watershed adjusted value for INTLLOTNTAX,,,FISH,NONE,,,,PARAMETER,fish_mmi
1314,NRSA 1314 Fish MMI,Fish,fish_mmi_INTLLOTNTAX_WS_PT,INTLLOTNTAX_WS_PT,Traditional MMI watershed adjusted metric score for INTLLOTNTAX,,,FISH,NONE,,0.0,10.0,PARAMETER,fish_mmi
1314,NRSA 1314 Fish MMI,Fish,fish_mmi_INTLLOTPTAX_WS,INTLLOTPTAX_WS,Traditional MMI watershed adjusted value for INTLLOTPTAX,,,FISH,NONE,,,,PARAMETER,fish_mmi
1314,NRSA 1314 Fish MMI,Fish,fish_mmi_INTLLOTPTAX_WS_PT,INTLLOTPTAX_WS_PT,Traditional MMI watershed adjusted metric score for INTLLOTPTAX,,,FISH,NONE,,0.0,10.0,PARAMETER,fish_mmi
1314,NRSA 1314 Fish MMI,Fish,fish_mmi_INTLMIGRNTAX_PT,INTLMIGRNTAX_PT,Traditional MMI metric score for INTLMIGRNTAX,,,FISH,NONE,,0.0,10.0,PARAMETER,fish_mmi
1314,NRSA 1314 Fish MMI,Fish,fish_mmi_INTLMIGRPIND_PT,INTLMIGRPIND_PT,Traditional MMI metric score for INTLMIGRPIND,,,FISH,NONE,,0.0,10.0,PARAMETER,fish_mmi
1314,NRSA 1314 Fish MMI,Fish,fish_mmi_INTLMIGRPTAX_PT,INTLMIGRPTAX_PT,Score for INTLMIGRPTAX used in MMI,,,FISH,NONE,,,,PARAMETER,fish_mmi
1314,NRSA 1314 Fish MMI,Fish,fish_mmi_INTLPTAX_PT,INTLPTAX_PT,Traditional MMI metric score for INTLPTAX,,,FISH,NONE,,0.0,10.0,PARAMETER,fish_mmi
1314,NRSA 1314 Fish MMI,Fish,fish_mmi_INVNTAX_PT,INVNTAX_PT,Traditional MMI metric score for INVNTAX,,,FISH,NONE,,0.0,10.0,PARAMETER,fish_mmi
1314,NRSA 1314 Fish MMI,Fish,fish_mmi_INVPIND_WS,INVPIND_WS,Traditional MMI watershed adjusted value for INVPIND,,,FISH,NONE,,,,PARAMETER,fish_mmi
1314,NRSA 1314 Fish MMI,Fish,fish_mmi_INVPIND_WS_PT,INVPIND_WS_PT,Traditional MMI watershed adjusted metric score for INVPIND,,,FISH,NONE,,0.0,10.0,PARAMETER,fish_mmi
1314,NRSA 1314 Fish MMI,Fish,fish_mmi_INVPTAX_PT,INVPTAX_PT,Score for INVPTAX used in MMI,,,FISH,NONE,,0.0,10.0,PARAMETER,fish_mmi
1314,NRSA 1314 Fish MMI,Fish,fish_mmi_LAT_DD83,LAT_DD83,Latitude (based on NAD83 datum) for stream site from NHD-based sample frame.,,,DESIGN,,Numeric,,,PARAMETER,fish_mmi
1314,NRSA 1314 Fish MMI,Fish,fish_mmi_LAT_DD83,LAT_DD83,Latitude (based on NAD83 datum) for stream site from NHDPlusV2 Numeric. No missing values allowed.,,,DESIGN,,,,,PARAMETER,fish_mmi
1314,NRSA 1314 Fish MMI,Fish,fish_mmi_LITHNTAX_PT,LITHNTAX_PT,Traditional MMI metric score for LITHNTAX,,,FISH,NONE,,0.0,10.0,PARAMETER,fish_mmi
1314,NRSA 1314 Fish MMI,Fish,fish_mmi_LITHNTAX_WS,LITHNTAX_WS,Traditional MMI watershed adjusted value for LITHNTAX,,,FISH,NONE,,,,PARAMETER,fish_mmi
1314,NRSA 1314 Fish MMI,Fish,fish_mmi_LITHNTAX_WS_PT,LITHNTAX_WS_PT,Traditional MMI watershed adjusted metric score for LITHNTAX,,,FISH,NONE,,0.0,10.0,PARAMETER,fish_mmi
1314,NRSA 1314 Fish MMI,Fish,fish_mmi_LITHPIND_PT,LITHPIND_PT,Score for LITHPIND used in MMI,,,FISH,NONE,,0.0,10.0,PARAMETER,fish_mmi
1314,NRSA 1314 Fish MMI,Fish,fish_mmi_LITHPIND_WS,LITHPIND_WS,Traditional MMI watershed adjusted value for LITHPIND,,,FISH,NONE,,,,PARAMETER,fish_mmi
1314,NRSA 1314 Fish MMI,Fish,fish_mmi_LITHPIND_WS_PT,LITHPIND_WS_PT,Traditional MMI watershed adjusted metric score for LITHPIND,,,FISH,NONE,,0.0,10.0,PARAMETER,fish_mmi
1314,NRSA 1314 Fish MMI,Fish,fish_mmi_LITHPTAX_PT,LITHPTAX_PT,Score for LITHPTAX used in MMI,,,FISH,NONE,,,,PARAMETER,fish_mmi
1314,NRSA 1314 Fish MMI,Fish,fish_mmi_LITHPTAX_WS,LITHPTAX_WS,Traditional MMI watershed adjusted value for LITHPTAX,,,FISH,NONE,,,,PARAMETER,fish_mmi
1314,NRSA 1314 Fish MMI,Fish,fish_mmi_LITHPTAX_WS_PT,LITHPTAX_WS_PT,Traditional MMI watershed adjusted metric score for LITHPTAX,,,FISH,NONE,,0.0,10.0,PARAMETER,fish_mmi
1314,NRSA 1314 Fish MMI,Fish,fish_mmi_LON_DD83,LON_DD83,Longitude (based on NAD83 datum) for stream site from NHD-based sample frame.,,,DESIGN,,Numeric,,,PARAMETER,fish_mmi
1314,NRSA 1314 Fish MMI,Fish,fish_mmi_LON_DD83,LON_DD83,Longitude (based on NAD83 datum) for stream site from NHDPlusV2 Numeric. No missing values allowed.,,,DESIGN,,,,,PARAMETER,fish_mmi
1314,NRSA 1314 Fish MMI,Fish,fish_mmi_LOTNTAX_WS,LOTNTAX_WS,Traditional MMI watershed adjusted value for LOTNTAX,,,FISH,NONE,,,,PARAMETER,fish_mmi
1314,NRSA 1314 Fish MMI,Fish,fish_mmi_LOTNTAX_WS_PT,LOTNTAX_WS_PT,Traditional MMI watershed adjusted metric score for LOTNTAX,,,FISH,NONE,,0.0,10.0,PARAMETER,fish_mmi
1314,NRSA 1314 Fish MMI,Fish,fish_mmi_LOTPIND_WS,LOTPIND_WS,Traditional MMI watershed adjusted value for LOTPIND,,,FISH,NONE,,,,PARAMETER,fish_mmi
1314,NRSA 1314 Fish MMI,Fish,fish_mmi_LOTPIND_WS_PT,LOTPIND_WS_PT,Traditional MMI watershed adjusted metric score for LOTPIND,,,FISH,NONE,,0.0,10.0,PARAMETER,fish_mmi
1314,NRSA 1314 Fish MMI,Fish,fish_mmi_MIGRNTAX_WS,MIGRNTAX_WS,Traditional MMI watershed adjusted value for MIGRNTAX,,,FISH,NONE,,,,PARAMETER,fish_mmi
1314,NRSA 1314 Fish MMI,Fish,fish_mmi_MIGRNTAX_WS_PT,MIGRNTAX_WS_PT,Traditional MMI watershed adjusted metric score for MIGRNTAX,,,FISH,NONE,,0.0,10.0,PARAMETER,fish_mmi
1314,NRSA 1314 Fish MMI,Fish,fish_mmi_MIGRPTAX_WS,MIGRPTAX_WS,Traditional MMI watershed adjusted value for MIGRPTAX,,,FISH,NONE,,,,PARAMETER,fish_mmi
1314,NRSA 1314 Fish MMI,Fish,fish_mmi_MIGRPTAX_WS_PT,MIGRPTAX_WS_PT,Traditional MMI watershed adjusted metric score for MIGRPTAX,,,FISH,NONE,,0.0,10.0,PARAMETER,fish_mmi
1314,NRSA 1314 Fish MMI,Fish,fish_mmi_MMI_FISH,MMI_FISH,Traditional MMI watershed adjusted value for MMI_FISH,,,FISH,NONE,,,,PARAMETER,fish_mmi
1314,NRSA 1314 Fish MMI,Fish,fish_mmi_NAT_CARNNTAX_WS,NAT_CARNNTAX_WS,Traditional MMI watershed adjusted value for NAT_CARNNTAX,,,FISH,NONE,,,,PARAMETER,fish_mmi
1314,NRSA 1314 Fish MMI,Fish,fish_mmi_NAT_CARNNTAX_WS_PT,NAT_CARNNTAX_WS_PT,Traditional MMI watershed adjusted metric score for NAT_CARNNTAX,,,FISH,NONE,,0.0,10.0,PARAMETER,fish_mmi
1314,NRSA 1314 Fish MMI,Fish,fish_mmi_NAT_CATOPIND_PT,NAT_CATOPIND_PT,Traditional MMI metric score for NAT_CATOPIND,,,FISH,NONE,,0.0,10.0,PARAMETER,fish_mmi
1314,NRSA 1314 Fish MMI,Fish,fish_mmi_NAT_CENTNTAX_WS,NAT_CENTNTAX_WS,Traditional MMI watershed adjusted value for NAT_CENTNTAX,,,FISH,NONE,,,,PARAMETER,fish_mmi
1314,NRSA 1314 Fish MMI,Fish,fish_mmi_NAT_CENTNTAX_WS_PT,NAT_CENTNTAX_WS_PT,Traditional MMI watershed adjusted metric score for NAT_CENTNTAX,,,FISH,NONE,,0.0,10.0,PARAMETER,fish_mmi
1314,NRSA 1314 Fish MMI,Fish,fish_mmi_NAT_CYPRPIND_PT,NAT_CYPRPIND_PT,Traditional MMI metric score for NAT_CYPRPIND,,,FISH,NONE,,0.0,10.0,PARAMETER,fish_mmi
1314,NRSA 1314 Fish MMI,Fish,fish_mmi_NAT_HERBPTAX_PT,NAT_HERBPTAX_PT,Score for NAT_HERBPTAX used in MMI,,,FISH,NONE,,,,PARAMETER,fish_mmi
1314,NRSA 1314 Fish MMI,Fish,fish_mmi_NAT_ICTAPIND_WS,NAT_ICTAPIND_WS,Traditional MMI watershed adjusted value for NAT_ICTAPIND,,,FISH,NONE,,,,PARAMETER,fish_mmi
1314,NRSA 1314 Fish MMI,Fish,fish_mmi_NAT_ICTAPIND_WS_PT,NAT_ICTAPIND_WS_PT,Traditional MMI watershed adjusted metric score for NAT_ICTAPIND,,,FISH,NONE,,0.0,10.0,PARAMETER,fish_mmi
1314,NRSA 1314 Fish MMI,Fish,fish_mmi_NAT_INTLPIND_WS,NAT_INTLPIND_WS,Traditional MMI watershed adjusted value for NAT_INTLPIND,,,FISH,NONE,,,,PARAMETER,fish_mmi
1314,NRSA 1314 Fish MMI,Fish,fish_mmi_NAT_INTLPIND_WS_PT,NAT_INTLPIND_WS_PT,Traditional MMI watershed adjusted metric score for NAT_INTLPIND,,,FISH,NONE,,0.0,10.0,PARAMETER,fish_mmi
1314,NRSA 1314 Fish MMI,Fish,fish_mmi_NAT_LITHPIND_WS,NAT_LITHPIND_WS,Traditional MMI watershed adjusted value for NAT_LITHPIND,,,FISH,NONE,,,,PARAMETER,fish_mmi
1314,NRSA 1314 Fish MMI,Fish,fish_mmi_NAT_LITHPIND_WS_PT,NAT_LITHPIND_WS_PT,Traditional MMI watershed adjusted metric score for NAT_LITHPIND,,,FISH,NONE,,0.0,10.0,PARAMETER,fish_mmi
1314,NRSA 1314 Fish MMI,Fish,fish_mmi_NAT_MIGRNTAX_PT,NAT_MIGRNTAX_PT,Traditional MMI metric score for NAT_MIGRNTAX,,,FISH,NONE,,0.0,10.0,PARAMETER,fish_mmi
1314,NRSA 1314 Fish MMI,Fish,fish_mmi_NAT_MIGRPTAX_WS,NAT_MIGRPTAX_WS,Traditional MMI watershed adjusted value for NAT_MIGRPTAX,,,FISH,NONE,,,,PARAMETER,fish_mmi
1314,NRSA 1314 Fish MMI,Fish,fish_mmi_NAT_MIGRPTAX_WS_PT,NAT_MIGRPTAX_WS_PT,Traditional MMI watershed adjusted metric score for NAT_MIGRPTAX,,,FISH,NONE,,0.0,10.0,PARAMETER,fish_mmi
1314,NRSA 1314 Fish MMI,Fish,fish_mmi_NAT_NTOLBENTPTAX_PT,NAT_NTOLBENTPTAX_PT,Score for NAT_NTOLBENTPTAX used in MMI,,,FISH,NONE,,0.0,10.0,PARAMETER,fish_mmi
1314,NRSA 1314 Fish MMI,Fish,fish_mmi_NAT_NTOLNTAX_PT,NAT_NTOLNTAX_PT,Traditional MMI metric score for NAT_NTOLNTAX,,,FISH,NONE,,0.0,10.0,PARAMETER,fish_mmi
1314,NRSA 1314 Fish MMI,Fish,fish_mmi_NAT_NTOLNTAX_WS,NAT_NTOLNTAX_WS,Traditional MMI watershed adjusted value for NAT_NTOLNTAX,,,FISH,NONE,,,,PARAMETER,fish_mmi
1314,NRSA 1314 Fish MMI,Fish,fish_mmi_NAT_NTOLNTAX_WS_PT,NAT_NTOLNTAX_WS_PT,Traditional MMI watershed adjusted metric score for NAT_NTOLNTAX,,,FISH,NONE,,0.0,10.0,PARAMETER,fish_mmi
1314,NRSA 1314 Fish MMI,Fish,fish_mmi_NAT_PIND_PT,NAT_PIND_PT,Score for NAT_PIND used in MMI,,,FISH,NONE,,0.0,10.0,PARAMETER,fish_mmi
1314,NRSA 1314 Fish MMI,Fish,fish_mmi_NAT_PTAX_PT,NAT_PTAX_PT,Score for NAT_PTAX used in MMI,,,FISH,NONE,,0.0,10.0,PARAMETER,fish_mmi
1314,NRSA 1314 Fish MMI,Fish,fish_mmi_NAT_RHEOPIND_PT,NAT_RHEOPIND_PT,Traditional MMI metric score for NAT_RHEOPIND,,,FISH,NONE,,0.0,10.0,PARAMETER,fish_mmi
1314,NRSA 1314 Fish MMI,Fish,fish_mmi_NAT_TOTLNTAX_WS,NAT_TOTLNTAX_WS,Traditional MMI watershed adjusted value for NAT_TOTLNTAX,,,FISH,NONE,,,,PARAMETER,fish_mmi
1314,NRSA 1314 Fish MMI,Fish,fish_mmi_NAT_TOTLNTAX_WS_PT,NAT_TOTLNTAX_WS_PT,Traditional MMI watershed adjusted metric score for NAT_TOTLNTAX,,,FISH,NONE,,0.0,10.0,PARAMETER,fish_mmi
1314,NRSA 1314 Fish MMI,Fish,fish_mmi_NTOLNTAX_WS,NTOLNTAX_WS,Traditional MMI watershed adjusted value for NTOLNTAX,,,FISH,NONE,,,,PARAMETER,fish_mmi
1314,NRSA 1314 Fish MMI,Fish,fish_mmi_NTOLNTAX_WS_PT,NTOLNTAX_WS_PT,Traditional MMI watershed adjusted metric score for NTOLNTAX,,,FISH,NONE,,0.0,10.0,PARAMETER,fish_mmi
1314,NRSA 1314 Fish MMI,Fish,fish_mmi_NTOLPTAX_PT,NTOLPTAX_PT,Score for NTOLPTAX used in MMI,,,FISH,NONE,,0.0,10.0,PARAMETER,fish_mmi
1314,NRSA 1314 Fish MMI,Fish,fish_mmi_NTOLPTAX_WS,NTOLPTAX_WS,Traditional MMI watershed adjusted value for NTOLPTAX,,,FISH,NONE,,,,PARAMETER,fish_mmi
1314,NRSA 1314 Fish MMI,Fish,fish_mmi_NTOLPTAX_WS_PT,NTOLPTAX_WS_PT,Traditional MMI watershed adjusted metric score for NTOLPTAX,,,FISH,NONE,,0.0,10.0,PARAMETER,fish_mmi
1314,NRSA 1314 Fish MMI,Fish,fish_mmi_PSTL_CODE,PSTL_CODE,State two-letter postal code,,,DESIGN,,,,,PARAMETER,fish_mmi
1314,NRSA 1314 Fish MMI,Fish,fish_mmi_PSTL_CODE,PSTL_CODE,"State two letter postal code 50 state postal codes plus AS, MP, GU, PR, VI for American Samoa, Commonwealth of Northern Marianas, Guam, Puerto Rico and Virgin Islands. No missing values allowed.",,,DESIGN,,,,,PARAMETER,fish_mmi
1314,NRSA 1314 Fish MMI,Fish,fish_mmi_PUBLICATION_DATE,PUBLICATION_DATE,Date of data file publication,,,,,,,,PARAMETER,fish_mmi
1314,NRSA 1314 Fish MMI,Fish,fish_mmi_PUBLICATION_DATE,PUBLICATION_DATE,Date of data file publication,,,,,,,,PARAMETER,fish_mmi
1314,NRSA 1314 Fish MMI,Fish,fish_mmi_PUBLICATION_DATE,PUBLICATION_DATE,Date of data file publication,,,,,,,,PARAMETER,fish_mmi
1314,NRSA 1314 Fish MMI,Fish,fish_mmi_RBCATONTAX_PT,RBCATONTAX_PT,Traditional MMI metric score for RBCATONTAX,,,FISH,NONE,,0.0,10.0,PARAMETER,fish_mmi
1314,NRSA 1314 Fish MMI,Fish,fish_mmi_RHEONTAX_PT,RHEONTAX_PT,Traditional MMI metric score for RHEONTAX,,,FISH,NONE,,0.0,10.0,PARAMETER,fish_mmi
1314,NRSA 1314 Fish MMI,Fish,fish_mmi_RHEOPIND_PT,RHEOPIND_PT,Traditional MMI metric score for RHEOPIND,,,FISH,NONE,,0.0,10.0,PARAMETER,fish_mmi
1314,NRSA 1314 Fish MMI,Fish,fish_mmi_RT_NRSA,RT_NRSA,"NRSA Reference Class Assignment: R=reference, S=intermediate, T=impacted, ?=Cannot be evaluated due to missing info",,,EVAL,,R|S|T|?,,,PARAMETER,fish_mmi
1314,NRSA 1314 Fish MMI,Fish,fish_mmi_SALMNTAX_PT,SALMNTAX_PT,Traditional MMI metric score for SALMNTAX,,,FISH,NONE,,0.0,10.0,PARAMETER,fish_mmi
1314,NRSA 1314 Fish MMI,Fish,fish_mmi_SAMPLED_FISH,SAMPLED_FISH,Whether site sampled sufficiently,,,FISH,,,,,PARAMETER,fish_mmi
1314,NRSA 1314 Fish MMI,Fish,fish_mmi_SITE_ID,SITE_ID,"Site ID for the study and year sampled. Preferred form is NRSnn_MM-xxxxx where nn is current cycle year (04, 08, 13, 18, etc), MM is two letter state code, and xxxxx is between 10001 and 99999. Text. No missing values allowed.",,,DESIGN,,,,,PARAMETER,fish_mmi
1314,NRSA 1314 Fish MMI,Fish,fish_mmi_SITE_ID,SITE_ID,Site ID,,,VERIF,,,,,PARAMETER,fish_mmi
1314,NRSA 1314 Fish MMI,Fish,fish_mmi_SITETYPE,SITETYPE,"Site type (Probability-based or hand-picked). PROB for sites from probability survey. Usually HAND for hand-picked sites. In EMAP West and WSA, STARHAND is used to identify hand-picked sites that do not have all CORE indicators available.",,,,,,,,PARAMETER,fish_mmi
1314,NRSA 1314 Fish MMI,Fish,fish_mmi_SITETYPE,SITETYPE,Site type (Probability-based or hand-picked),,,DESIGN,,PROB | HAND,,,PARAMETER,fish_mmi
1314,NRSA 1314 Fish MMI,Fish,fish_mmi_TOLRNTAX_PT,TOLRNTAX_PT,Score for TOLRNTAX used in MMI,,,FISH,NONE,,0.0,10.0,PARAMETER,fish_mmi
1314,NRSA 1314 Fish MMI,Fish,fish_mmi_TOLRNTAX_WS,TOLRNTAX_WS,Traditional MMI watershed adjusted value for TOLRNTAX,,,FISH,NONE,,,,PARAMETER,fish_mmi
1314,NRSA 1314 Fish MMI,Fish,fish_mmi_TOLRNTAX_WS_PT,TOLRNTAX_WS_PT,Traditional MMI watershed adjusted metric score for TOLRNTAX,,,FISH,NONE,,0.0,10.0,PARAMETER,fish_mmi
1314,NRSA 1314 Fish MMI,Fish,fish_mmi_TOLRPTAX_PT,TOLRPTAX_PT,Score for TOLRPTAX used in MMI,,,FISH,NONE,,0.0,10.0,PARAMETER,fish_mmi
1314,NRSA 1314 Fish MMI,Fish,fish_mmi_UID,UID,Unique site visit ID,,,,,,,,PARAMETER,fish_mmi
1314,NRSA 1314 Fish MMI,Fish,fish_mmi_UID,UID,Unique site visit ID,,,,,,,,PARAMETER,fish_mmi
1314,NRSA 1314 Fish MMI,Fish,fish_mmi_UID,UID,Unique site visit ID,,,,,,,,PARAMETER,fish_mmi
1314,NRSA 1314 Fish MMI,Fish,fish_mmi_VISIT_NO,VISIT_NO,Number identifying which visit this is,,,VERIF,,|1|2,,,PARAMETER,fish_mmi
1314,NRSA 1314 Fish Counts,Fish,fish_count_AG_ECO9_NM,AG_ECO9_NM,,,,DESIGN,,,,,PARAMETER,fish_count
1314,NRSA 1314 Fish Counts,Fish,fish_count_ANOM_CT,ANOM_CT,,,,FISH,,,0.0,,PARAMETER,fish_count
1314,NRSA 1314 Fish Counts,Fish,fish_count_DATE_COL,DATE_COL,,,,VERIF,,,,,PARAMETER,fish_count
1314,NRSA 1314 Fish Counts,Fish,fish_count_FINAL_NAME,FINAL_NAME,,,,TAXA: Invertebrates,,,,,PARAMETER,fish_count
1314,NRSA 1314 Fish Counts,Fish,fish_count_FINAL_NAME,FINAL_NAME,,,,TAXA: Vertebrate,,,,,PARAMETER,fish_count
1314,NRSA 1314 Fish Counts,Fish,fish_count_INDEX_VISIT,INDEX_VISIT,,,,VERIF,,,,,PARAMETER,fish_count
1314,NRSA 1314 Fish Counts,Fish,fish_count_IS_DISTINCT,IS_DISTINCT,,,,FISH,,0|1,,,PARAMETER,fish_count
1314,NRSA 1314 Fish Counts,Fish,fish_count_LAT_DD83,LAT_DD83,,,,DESIGN,,,,,PARAMETER,fish_count
1314,NRSA 1314 Fish Counts,Fish,fish_count_LON_DD83,LON_DD83,,,,DESIGN,,,,,PARAMETER,fish_count
1314,NRSA 1314 Fish Counts,Fish,fish_count_NON_NATIVE,NON_NATIVE,,,,FISH,,N|Y,,,PARAMETER,fish_count
1314,NRSA 1314 Fish Counts,Fish,fish_count_NON_NATIVE,NON_NATIVE,,,,FISH,,,,,PARAMETER,fish_count
1314,NRSA 1314 Fish Counts,Fish,fish_count_PSTL_CODE,PSTL_CODE,,,,DESIGN,,,,,PARAMETER,fish_count
1314,NRSA 1314 Fish Counts,Fish,fish_count_PUBLICATION_DATE,PUBLICATION_DATE,Date of data file publication,,,,,,,,PARAMETER,fish_count
1314,NRSA 1314 Fish Counts,Fish,fish_count_PUBLICATION_DATE,PUBLICATION_DATE,Date of data file publication,,,,,,,,PARAMETER,fish_count
1314,NRSA 1314 Fish Counts,Fish,fish_count_PUBLICATION_DATE,PUBLICATION_DATE,Date of data file publication,,,,,,,,PARAMETER,fish_count
1314,NRSA 1314 Fish Counts,Fish,fish_count_SITE_ID,SITE_ID,,,,DESIGN,,,,,PARAMETER,fish_count
1314,NRSA 1314 Fish Counts,Fish,fish_count_SITE_ID,SITE_ID,,,,VERIF,,,,,PARAMETER,fish_count
1314,NRSA 1314 Fish Counts,Fish,fish_count_SITETYPE,SITETYPE,"Site type (Probability-based or hand-picked). PROB for sites from probability survey. Usually HAND for hand-picked sites. In EMAP West and WSA, STARHAND is used to identify hand-picked sites that do not have all CORE indicators available.",,,,,,,,PARAMETER,fish_count
1314,NRSA 1314 Fish Counts,Fish,fish_count_TAXA_ID,TAXA_ID,Taxonomic ID number,,,,,,,,PARAMETER,fish_count
1314,NRSA 1314 Fish Counts,Fish,fish_count_TAXA_ID,TAXA_ID,Taxonomic ID number,,,,,,,,PARAMETER,fish_count
1314,NRSA 1314 Fish Counts,Fish,fish_count_TAXA_ID,TAXA_ID,Taxonomic ID number,,,,,,,,PARAMETER,fish_count
1314,NRSA 1314 Fish Counts,Fish,fish_count_TOTAL,TOTAL,,,,FISH,,,0.0,,PARAMETER,fish_count
1314,NRSA 1314 Fish Counts,Fish,fish_count_UID,UID,Unique site visit ID,,,,,,,,PARAMETER,fish_count
1314,NRSA 1314 Fish Counts,Fish,fish_count_UID,UID,Unique site visit ID,,,,,,,,PARAMETER,fish_count
1314,NRSA 1314 Fish Counts,Fish,fish_count_UID,UID,Unique site visit ID,,,,,,,,PARAMETER,fish_count
1314,NRSA 1314 Fish Counts,Fish,fish_count_VISIT_NO,VISIT_NO,,,,VERIF,,|1|2,,,PARAMETER,fish_count
1314,NRSA 1314 Fish Metric Values,Fish,fish_metrics_AG_ECO9_NM,AG_ECO9_NM,NARS 9-level reporting region Name,,,DESIGN,,Text names,,,PARAMETER,fish_metrics
1314,NRSA 1314 Fish Metric Values,Fish,fish_metrics_AG_ECO9_NM,AG_ECO9_NM,NARS 9-level reporting region name Text names. No missing values allowed.,,,DESIGN,,,,,PARAMETER,fish_metrics
1314,NRSA 1314 Fish Metric Values,Fish,fish_metrics_ALIENNTAX,ALIENNTAX,Number of non-native (alien) taxa,,,FISH,,,0.0,,PARAMETER,fish_metrics
1314,NRSA 1314 Fish Metric Values,Fish,fish_metrics_ALIENPIND,ALIENPIND,% alien individuals,,,FISH,,,0.0,100.0,PARAMETER,fish_metrics
1314,NRSA 1314 Fish Metric Values,Fish,fish_metrics_ALIENPTAX,ALIENPTAX,% alien taxa,,,FISH,,,0.0,100.0,PARAMETER,fish_metrics
1314,NRSA 1314 Fish Metric Values,Fish,fish_metrics_ANOMPIND,ANOMPIND,% individuals with anomalies (% DELT anomalies),,,FISH,,,0.0,100.0,PARAMETER,fish_metrics
1314,NRSA 1314 Fish Metric Values,Fish,fish_metrics_BENTINVNTAX,BENTINVNTAX,Number of benthic invertivore taxa,,,FISH,,,,,PARAMETER,fish_metrics
1314,NRSA 1314 Fish Metric Values,Fish,fish_metrics_BENTINVPIND,BENTINVPIND,% benthic invertivore individuals,,,FISH,,,,,PARAMETER,fish_metrics
1314,NRSA 1314 Fish Metric Values,Fish,fish_metrics_BENTINVPTAX,BENTINVPTAX,% benthic invertivore taxa,,,FISH,,,,,PARAMETER,fish_metrics
1314,NRSA 1314 Fish Metric Values,Fish,fish_metrics_CARNNTAX,CARNNTAX,Number of carnivore taxa,,,FISH,,,,,PARAMETER,fish_metrics
1314,NRSA 1314 Fish Metric Values,Fish,fish_metrics_CARNPIND,CARNPIND,% carnivore individuals,,,FISH,,,,,PARAMETER,fish_metrics
1314,NRSA 1314 Fish Metric Values,Fish,fish_metrics_CARNPTAX,CARNPTAX,% carnivore taxa,,,FISH,,,,,PARAMETER,fish_metrics
1314,NRSA 1314 Fish Metric Values,Fish,fish_metrics_CATONTAX,CATONTAX,No. Catostomid taxa,,,FISH,,,0.0,,PARAMETER,fish_metrics
1314,NRSA 1314 Fish Metric Values,Fish,fish_metrics_CATOPIND,CATOPIND,% Catostomid individuals,,,FISH,,,0.0,100.0,PARAMETER,fish_metrics
1314,NRSA 1314 Fish Metric Values,Fish,fish_metrics_CATOPTAX,CATOPTAX,% Catostomid taxa,,,FISH,,,0.0,100.0,PARAMETER,fish_metrics
1314,NRSA 1314 Fish Metric Values,Fish,fish_metrics_CENTNTAX,CENTNTAX,Number of Centrarchidae taxa (minus Micropterus),,,FISH,,,,,PARAMETER,fish_metrics
1314,NRSA 1314 Fish Metric Values,Fish,fish_metrics_CENTPIND,CENTPIND,% Centrarchidae individuals (minus Micropterus),,,FISH,,,,,PARAMETER,fish_metrics
1314,NRSA 1314 Fish Metric Values,Fish,fish_metrics_CENTPTAX,CENTPTAX,% Centrarchidae taxa (minus Micropterus),,,FISH,,,,,PARAMETER,fish_metrics
1314,NRSA 1314 Fish Metric Values,Fish,fish_metrics_COLDNTAX,COLDNTAX,No. coldwater taxa,,,FISH,,,0.0,,PARAMETER,fish_metrics
1314,NRSA 1314 Fish Metric Values,Fish,fish_metrics_COLDPIND,COLDPIND,% coldwater individuals,,,FISH,,,0.0,100.0,PARAMETER,fish_metrics
1314,NRSA 1314 Fish Metric Values,Fish,fish_metrics_COLDPTAX,COLDPTAX,% coldwater taxa,,,FISH,,,0.0,100.0,PARAMETER,fish_metrics
1314,NRSA 1314 Fish Metric Values,Fish,fish_metrics_CYPRNTAX,CYPRNTAX,Number of Cyprinidae taxa,,,FISH,,,,,PARAMETER,fish_metrics
1314,NRSA 1314 Fish Metric Values,Fish,fish_metrics_CYPRPIND,CYPRPIND,% Cyprinidae individuals,,,FISH,,,,,PARAMETER,fish_metrics
1314,NRSA 1314 Fish Metric Values,Fish,fish_metrics_CYPRPTAX,CYPRPTAX,% Cyprinidae taxa,,,FISH,,,,,PARAMETER,fish_metrics
1314,NRSA 1314 Fish Metric Values,Fish,fish_metrics_DATE_COL,DATE_COL,Date of data collection in field,,,VERIF,,,,,PARAMETER,fish_metrics
1314,NRSA 1314 Fish Metric Values,Fish,fish_metrics_FISH_PROTOCOL,FISH_PROTOCOL,Fish Sampling protocol,,,FISH,,|BOATABLE|LG_WADEABLE|WADEABLE,,,PARAMETER,fish_metrics
1314,NRSA 1314 Fish Metric Values,Fish,fish_metrics_FISH_SAMPLING,FISH_SAMPLING,Fish Sampling - not conducted or suspended,,,FISH,,|NO_FISH|NOT_FISHED_REACH_MIN|NO_PERMIT|SITE_CONDITIONS|PERMIT_RESTRICT|EQUIPMENT_FAILURE|OTHER,,,PARAMETER,fish_metrics
1314,NRSA 1314 Fish Metric Values,Fish,fish_metrics_HERBNTAX,HERBNTAX,Number of herbivores taxa,,,FISH,,,0.0,,PARAMETER,fish_metrics
1314,NRSA 1314 Fish Metric Values,Fish,fish_metrics_HERBPIND,HERBPIND,% herbivores individuals,,,FISH,,,0.0,100.0,PARAMETER,fish_metrics
1314,NRSA 1314 Fish Metric Values,Fish,fish_metrics_HERBPTAX,HERBPTAX,% herbivores taxa,,,FISH,,,0.0,100.0,PARAMETER,fish_metrics
1314,NRSA 1314 Fish Metric Values,Fish,fish_metrics_ICTANTAX,ICTANTAX,No. Ictalurid taxa,,,FISH,,,0.0,,PARAMETER,fish_metrics
1314,NRSA 1314 Fish Metric Values,Fish,fish_metrics_ICTAPIND,ICTAPIND,% Ictalurid individuals,,,FISH,,,0.0,100.0,PARAMETER,fish_metrics
1314,NRSA 1314 Fish Metric Values,Fish,fish_metrics_ICTAPTAX,ICTAPTAX,% Ictalurid taxa,,,FISH,,,0.0,100.0,PARAMETER,fish_metrics
1314,NRSA 1314 Fish Metric Values,Fish,fish_metrics_INDEX_VISIT,INDEX_VISIT,Index visit Y/blank,,,VERIF,,,,,PARAMETER,fish_metrics
1314,NRSA 1314 Fish Metric Values,Fish,fish_metrics_INTLCARNNTAX,INTLCARNNTAX,No. of intolerant carnivore taxa,,,FISH,,,0.0,100.0,PARAMETER,fish_metrics
1314,NRSA 1314 Fish Metric Values,Fish,fish_metrics_INTLCARNPIND,INTLCARNPIND,% intolerant carnivore individuals,,,FISH,,,0.0,100.0,PARAMETER,fish_metrics
1314,NRSA 1314 Fish Metric Values,Fish,fish_metrics_INTLCARNPTAX,INTLCARNPTAX,% intolerant carnivore taxa,,,FISH,,,0.0,100.0,PARAMETER,fish_metrics
1314,NRSA 1314 Fish Metric Values,Fish,fish_metrics_INTLINVNTAX,INTLINVNTAX,Number of intolerant invertivore taxa,,,FISH,,,,,PARAMETER,fish_metrics
1314,NRSA 1314 Fish Metric Values,Fish,fish_metrics_INTLINVPIND,INTLINVPIND,% intolerant invertivore individuals,,,FISH,,,,,PARAMETER,fish_metrics
1314,NRSA 1314 Fish Metric Values,Fish,fish_metrics_INTLINVPTAX,INTLINVPTAX,% intolerant invertivore taxa,,,FISH,,,,,PARAMETER,fish_metrics
1314,NRSA 1314 Fish Metric Values,Fish,fish_metrics_INTLLOTNTAX,INTLLOTNTAX,Number of intolerant lotic taxa,,,FISH,,,,,PARAMETER,fish_metrics
1314,NRSA 1314 Fish Metric Values,Fish,fish_metrics_INTLLOTPIND,INTLLOTPIND,% intolerant lotic individuals,,,FISH,,,,,PARAMETER,fish_metrics
1314,NRSA 1314 Fish Metric Values,Fish,fish_metrics_INTLLOTPTAX,INTLLOTPTAX,% intolerant lotic taxa,,,FISH,,,,,PARAMETER,fish_metrics
1314,NRSA 1314 Fish Metric Values,Fish,fish_metrics_INTLMIGRNTAX,INTLMIGRNTAX,Number of intolerant migratory taxa,,,FISH,,,,,PARAMETER,fish_metrics
1314,NRSA 1314 Fish Metric Values,Fish,fish_metrics_INTLMIGRPIND,INTLMIGRPIND,% intolerant migratory individuals,,,FISH,,,,,PARAMETER,fish_metrics
1314,NRSA 1314 Fish Metric Values,Fish,fish_metrics_INTLMIGRPTAX,INTLMIGRPTAX,% intolerant migratory taxa,,,FISH,,,,,PARAMETER,fish_metrics
1314,NRSA 1314 Fish Metric Values,Fish,fish_metrics_INTLNTAX,INTLNTAX,No. distinct intolerant taxa based on TOLERANCE_NRSA,,,FISH,,,0.0,,PARAMETER,fish_metrics
1314,NRSA 1314 Fish Metric Values,Fish,fish_metrics_INTLPIND,INTLPIND,% Intolerant individuals based on TOLERANCE_NRSA,,,FISH,,,0.0,100.0,PARAMETER,fish_metrics
1314,NRSA 1314 Fish Metric Values,Fish,fish_metrics_INTLPTAX,INTLPTAX,% Intolerant taxa based on TOLERANCE_NRSA,,,FISH,,,0.0,100.0,PARAMETER,fish_metrics
1314,NRSA 1314 Fish Metric Values,Fish,fish_metrics_INTLRHEONTAX,INTLRHEONTAX,Number of intolerant rheophilic taxa,,,FISH,,,,,PARAMETER,fish_metrics
1314,NRSA 1314 Fish Metric Values,Fish,fish_metrics_INTLRHEOPIND,INTLRHEOPIND,% intolerant rheophilic individuals,,,FISH,,,,,PARAMETER,fish_metrics
1314,NRSA 1314 Fish Metric Values,Fish,fish_metrics_INTLRHEOPTAX,INTLRHEOPTAX,% intolerant rheophilic taxa,,,FISH,,,,,PARAMETER,fish_metrics
1314,NRSA 1314 Fish Metric Values,Fish,fish_metrics_INVNTAX,INVNTAX,Number of invertivore taxa,,,FISH,,,,,PARAMETER,fish_metrics
1314,NRSA 1314 Fish Metric Values,Fish,fish_metrics_INVPIND,INVPIND,% invertivore individuals,,,FISH,,,,,PARAMETER,fish_metrics
1314,NRSA 1314 Fish Metric Values,Fish,fish_metrics_INVPTAX,INVPTAX,% invertivore taxa,,,FISH,,,,,PARAMETER,fish_metrics
1314,NRSA 1314 Fish Metric Values,Fish,fish_metrics_LAT_DD83,LAT_DD83,Latitude (based on NAD83 datum) for stream site from NHD-based sample frame.,,,DESIGN,,Numeric,,,PARAMETER,fish_metrics
1314,NRSA 1314 Fish Metric Values,Fish,fish_metrics_LAT_DD83,LAT_DD83,Latitude (based on NAD83 datum) for stream site from NHDPlusV2 Numeric. No missing values allowed.,,,DESIGN,,,,,PARAMETER,fish_metrics
1314,NRSA 1314 Fish Metric Values,Fish,fish_metrics_LITHNTAX,LITHNTAX,No. lithophilic taxa,,,FISH,,,0.0,,PARAMETER,fish_metrics
1314,NRSA 1314 Fish Metric Values,Fish,fish_metrics_LITHPIND,LITHPIND,% lithophilic individuals,,,FISH,,,0.0,100.0,PARAMETER,fish_metrics
1314,NRSA 1314 Fish Metric Values,Fish,fish_metrics_LITHPTAX,LITHPTAX,% lithophilic taxa,,,FISH,,,0.0,100.0,PARAMETER,fish_metrics
1314,NRSA 1314 Fish Metric Values,Fish,fish_metrics_LON_DD83,LON_DD83,Longitude (based on NAD83 datum) for stream site from NHD-based sample frame.,,,DESIGN,,Numeric,,,PARAMETER,fish_metrics
1314,NRSA 1314 Fish Metric Values,Fish,fish_metrics_LON_DD83,LON_DD83,Longitude (based on NAD83 datum) for stream site from NHDPlusV2 Numeric. No missing values allowed.,,,DESIGN,,,,,PARAMETER,fish_metrics
1314,NRSA 1314 Fish Metric Values,Fish,fish_metrics_LOTNTAX,LOTNTAX,Number of lotic taxa,,,FISH,,,,,PARAMETER,fish_metrics
1314,NRSA 1314 Fish Metric Values,Fish,fish_metrics_LOTPIND,LOTPIND,% lotic individuals,,,FISH,,,,,PARAMETER,fish_metrics
1314,NRSA 1314 Fish Metric Values,Fish,fish_metrics_LOTPTAX,LOTPTAX,% lotic taxa,,,FISH,,,,,PARAMETER,fish_metrics
1314,NRSA 1314 Fish Metric Values,Fish,fish_metrics_MIGRNTAX,MIGRNTAX,Number of migratory taxa,,,FISH,,,,,PARAMETER,fish_metrics
1314,NRSA 1314 Fish Metric Values,Fish,fish_metrics_MIGRPIND,MIGRPIND,% migratory individuals,,,FISH,,,,,PARAMETER,fish_metrics
1314,NRSA 1314 Fish Metric Values,Fish,fish_metrics_MIGRPTAX,MIGRPTAX,% migratory taxa,,,FISH,,,,,PARAMETER,fish_metrics
1314,NRSA 1314 Fish Metric Values,Fish,fish_metrics_MTOLNTAX,MTOLNTAX,No. distinct intermediate tolerant taxa based on TOLERANCE_NRSA,,,FISH,,,0.0,,PARAMETER,fish_metrics
1314,NRSA 1314 Fish Metric Values,Fish,fish_metrics_MTOLPIND,MTOLPIND,% Intermediate tolerant individuals based on TOLERANCE_NRSA,,,FISH,,,0.0,100.0,PARAMETER,fish_metrics
1314,NRSA 1314 Fish Metric Values,Fish,fish_metrics_MTOLPTAX,MTOLPTAX,% intermediate tolerant taxa based on TOLERANCE_NRSA,,,FISH,,,0.0,100.0,PARAMETER,fish_metrics
1314,NRSA 1314 Fish Metric Values,Fish,fish_metrics_NAT_BENTINVNTAX,NAT_BENTINVNTAX,Number of native benthic invertivore taxa,,,FISH,,,,,PARAMETER,fish_metrics
1314,NRSA 1314 Fish Metric Values,Fish,fish_metrics_NAT_BENTINVPIND,NAT_BENTINVPIND,% native individuals as benthic invertivore,,,FISH,,,,,PARAMETER,fish_metrics
1314,NRSA 1314 Fish Metric Values,Fish,fish_metrics_NAT_BENTINVPTAX,NAT_BENTINVPTAX,% native taxa as benthic invertivore,,,FISH,,,,,PARAMETER,fish_metrics
1314,NRSA 1314 Fish Metric Values,Fish,fish_metrics_NAT_CARNNTAX,NAT_CARNNTAX,Number of native carnivore taxa,,,FISH,,,,,PARAMETER,fish_metrics
1314,NRSA 1314 Fish Metric Values,Fish,fish_metrics_NAT_CARNPIND,NAT_CARNPIND,% native individuals as carnivore,,,FISH,,,,,PARAMETER,fish_metrics
1314,NRSA 1314 Fish Metric Values,Fish,fish_metrics_NAT_CARNPTAX,NAT_CARNPTAX,% native taxa as carnivore,,,FISH,,,,,PARAMETER,fish_metrics
1314,NRSA 1314 Fish Metric Values,Fish,fish_metrics_NAT_CATONTAX,NAT_CATONTAX,No. native Catostomid taxa,,,FISH,,,0.0,,PARAMETER,fish_metrics
1314,NRSA 1314 Fish Metric Values,Fish,fish_metrics_NAT_CATOPIND,NAT_CATOPIND,% native individuals as Catostomid,,,FISH,,,0.0,100.0,PARAMETER,fish_metrics
1314,NRSA 1314 Fish Metric Values,Fish,fish_metrics_NAT_CATOPTAX,NAT_CATOPTAX,% native taxa as Catostomid,,,FISH,,,0.0,100.0,PARAMETER,fish_metrics
1314,NRSA 1314 Fish Metric Values,Fish,fish_metrics_NAT_CENTNTAX,NAT_CENTNTAX,Number of native Centrarchidae (minus Micropterus) taxa,,,FISH,,,,,PARAMETER,fish_metrics
1314,NRSA 1314 Fish Metric Values,Fish,fish_metrics_NAT_CENTPIND,NAT_CENTPIND,% native individuals as Centrarchidae (minus Micropterus),,,FISH,,,,,PARAMETER,fish_metrics
1314,NRSA 1314 Fish Metric Values,Fish,fish_metrics_NAT_CENTPTAX,NAT_CENTPTAX,% native taxa as Centrarchidae (minus Micropterus),,,FISH,,,,,PARAMETER,fish_metrics
1314,NRSA 1314 Fish Metric Values,Fish,fish_metrics_NAT_COLDNTAX,NAT_COLDNTAX,Number of native coldwater taxa,,,FISH,,,,,PARAMETER,fish_metrics
1314,NRSA 1314 Fish Metric Values,Fish,fish_metrics_NAT_COLDPIND,NAT_COLDPIND,% native individuals as coldwater,,,FISH,,,,,PARAMETER,fish_metrics
1314,NRSA 1314 Fish Metric Values,Fish,fish_metrics_NAT_COLDPTAX,NAT_COLDPTAX,% native taxa as coldwater,,,FISH,,,,,PARAMETER,fish_metrics
1314,NRSA 1314 Fish Metric Values,Fish,fish_metrics_NAT_CYPRNTAX,NAT_CYPRNTAX,Number of native Cyprinidae taxa,,,FISH,,,,,PARAMETER,fish_metrics
1314,NRSA 1314 Fish Metric Values,Fish,fish_metrics_NAT_CYPRPIND,NAT_CYPRPIND,% native individuals as Cyprinidae,,,FISH,,,,,PARAMETER,fish_metrics
1314,NRSA 1314 Fish Metric Values,Fish,fish_metrics_NAT_CYPRPTAX,NAT_CYPRPTAX,% native taxa as Cyprinidae,,,FISH,,,,,PARAMETER,fish_metrics
1314,NRSA 1314 Fish Metric Values,Fish,fish_metrics_NAT_HERBNTAX,NAT_HERBNTAX,Number of native herbivores taxa,,,FISH,,,0.0,,PARAMETER,fish_metrics
1314,NRSA 1314 Fish Metric Values,Fish,fish_metrics_NAT_HERBPIND,NAT_HERBPIND,% native individuals as native herbivores,,,FISH,,,0.0,100.0,PARAMETER,fish_metrics
1314,NRSA 1314 Fish Metric Values,Fish,fish_metrics_NAT_HERBPTAX,NAT_HERBPTAX,% native taxa as native herbivores,,,FISH,,,0.0,100.0,PARAMETER,fish_metrics
1314,NRSA 1314 Fish Metric Values,Fish,fish_metrics_NAT_ICTANTAX,NAT_ICTANTAX,Number of native Ictaluridae taxa,,,FISH,,,,,PARAMETER,fish_metrics
1314,NRSA 1314 Fish Metric Values,Fish,fish_metrics_NAT_ICTAPIND,NAT_ICTAPIND,% native individuals as Ictaluridae,,,FISH,,,,,PARAMETER,fish_metrics
1314,NRSA 1314 Fish Metric Values,Fish,fish_metrics_NAT_ICTAPTAX,NAT_ICTAPTAX,% native taxa as Ictaluridae,,,FISH,,,,,PARAMETER,fish_metrics
1314,NRSA 1314 Fish Metric Values,Fish,fish_metrics_NAT_INTLCARNNTAX,NAT_INTLCARNNTAX,No. of native intolerant carnivore taxa,,,FISH,,,0.0,100.0,PARAMETER,fish_metrics
1314,NRSA 1314 Fish Metric Values,Fish,fish_metrics_NAT_INTLCARNPIND,NAT_INTLCARNPIND,% native intolerant carnivore individuals,,,FISH,,,0.0,100.0,PARAMETER,fish_metrics
1314,NRSA 1314 Fish Metric Values,Fish,fish_metrics_NAT_INTLCARNPTAX,NAT_INTLCARNPTAX,% native intolerant carnivore taxa,,,FISH,,,0.0,100.0,PARAMETER,fish_metrics
1314,NRSA 1314 Fish Metric Values,Fish,fish_metrics_NAT_INTLINVNTAX,NAT_INTLINVNTAX,Number of native intolerant invertivore taxa,,,FISH,,,,,PARAMETER,fish_metrics
1314,NRSA 1314 Fish Metric Values,Fish,fish_metrics_NAT_INTLINVPIND,NAT_INTLINVPIND,% native individuals as intolerant invertivore,,,FISH,,,,,PARAMETER,fish_metrics
1314,NRSA 1314 Fish Metric Values,Fish,fish_metrics_NAT_INTLINVPTAX,NAT_INTLINVPTAX,% native taxa as intolerant invertivore,,,FISH,,,,,PARAMETER,fish_metrics
1314,NRSA 1314 Fish Metric Values,Fish,fish_metrics_NAT_INTLLOTNTAX,NAT_INTLLOTNTAX,Number of native intolerant lotic taxa,,,FISH,,,,,PARAMETER,fish_metrics
1314,NRSA 1314 Fish Metric Values,Fish,fish_metrics_NAT_INTLLOTPIND,NAT_INTLLOTPIND,% native individuals as intolerant lotic,,,FISH,,,,,PARAMETER,fish_metrics
1314,NRSA 1314 Fish Metric Values,Fish,fish_metrics_NAT_INTLLOTPTAX,NAT_INTLLOTPTAX,% native taxa as intolerant lotic,,,FISH,,,,,PARAMETER,fish_metrics
1314,NRSA 1314 Fish Metric Values,Fish,fish_metrics_NAT_INTLMIGRNTAX,NAT_INTLMIGRNTAX,Number of native intolerant migratory taxa,,,FISH,,,,,PARAMETER,fish_metrics
1314,NRSA 1314 Fish Metric Values,Fish,fish_metrics_NAT_INTLMIGRPIND,NAT_INTLMIGRPIND,% native individuals as intolerant migratory,,,FISH,,,,,PARAMETER,fish_metrics
1314,NRSA 1314 Fish Metric Values,Fish,fish_metrics_NAT_INTLMIGRPTAX,NAT_INTLMIGRPTAX,% native taxa as intolerant migratory,,,FISH,,,,,PARAMETER,fish_metrics
1314,NRSA 1314 Fish Metric Values,Fish,fish_metrics_NAT_INTLNTAX,NAT_INTLNTAX,No. distinct intolerant native taxa based on TOLERANCE_NRSA,,,FISH,,,0.0,,PARAMETER,fish_metrics
1314,NRSA 1314 Fish Metric Values,Fish,fish_metrics_NAT_INTLPIND,NAT_INTLPIND,% Intolerant native individuals based on TOLERANCE_NRSA,,,FISH,,,0.0,100.0,PARAMETER,fish_metrics
1314,NRSA 1314 Fish Metric Values,Fish,fish_metrics_NAT_INTLPTAX,NAT_INTLPTAX,% Intolerant native taxa based on TOLERANCE_NRSA,,,FISH,,,0.0,100.0,PARAMETER,fish_metrics
1314,NRSA 1314 Fish Metric Values,Fish,fish_metrics_NAT_INTLRHEONTAX,NAT_INTLRHEONTAX,Number of native intolerant rheophilic taxa,,,FISH,,,,,PARAMETER,fish_metrics
1314,NRSA 1314 Fish Metric Values,Fish,fish_metrics_NAT_INTLRHEOPIND,NAT_INTLRHEOPIND,% native individuals as intolerant rheophilic,,,FISH,,,,,PARAMETER,fish_metrics
1314,NRSA 1314 Fish Metric Values,Fish,fish_metrics_NAT_INTLRHEOPTAX,NAT_INTLRHEOPTAX,% native taxa as intolerant rheophilic,,,FISH,,,,,PARAMETER,fish_metrics
1314,NRSA 1314 Fish Metric Values,Fish,fish_metrics_NAT_INVNTAX,NAT_INVNTAX,Number of native invertivores taxa,,,FISH,,,,,PARAMETER,fish_metrics
1314,NRSA 1314 Fish Metric Values,Fish,fish_metrics_NAT_INVPIND,NAT_INVPIND,% native individuals as invertivores,,,FISH,,,,,PARAMETER,fish_metrics
1314,NRSA 1314 Fish Metric Values,Fish,fish_metrics_NAT_INVPTAX,NAT_INVPTAX,% native taxa as invertivores,,,FISH,,,,,PARAMETER,fish_metrics
1314,NRSA 1314 Fish Metric Values,Fish,fish_metrics_NAT_LITHNTAX,NAT_LITHNTAX,Number of native simple lithophils taxa,,,FISH,,,,,PARAMETER,fish_metrics
1314,NRSA 1314 Fish Metric Values,Fish,fish_metrics_NAT_LITHPIND,NAT_LITHPIND,% native individuals as simple lithophils,,,FISH,,,,,PARAMETER,fish_metrics
1314,NRSA 1314 Fish Metric Values,Fish,fish_metrics_NAT_LITHPTAX,NAT_LITHPTAX,% native taxa as simple lithophils,,,FISH,,,,,PARAMETER,fish_metrics
1314,NRSA 1314 Fish Metric Values,Fish,fish_metrics_NAT_LOTNTAX,NAT_LOTNTAX,Number of native lotic taxa,,,FISH,,,,,PARAMETER,fish_metrics
1314,NRSA 1314 Fish Metric Values,Fish,fish_metrics_NAT_LOTPIND,NAT_LOTPIND,% native individuals as lotic,,,FISH,,,,,PARAMETER,fish_metrics
1314,NRSA 1314 Fish Metric Values,Fish,fish_metrics_NAT_LOTPTAX,NAT_LOTPTAX,% native taxa as lotic,,,FISH,,,,,PARAMETER,fish_metrics
1314,NRSA 1314 Fish Metric Values,Fish,fish_metrics_NAT_MIGRNTAX,NAT_MIGRNTAX,No. native migratory taxa,,,FISH,,,0.0,,PARAMETER,fish_metrics
1314,NRSA 1314 Fish Metric Values,Fish,fish_metrics_NAT_MIGRPIND,NAT_MIGRPIND,% native individuals as migratory,,,FISH,,,0.0,100.0,PARAMETER,fish_metrics
1314,NRSA 1314 Fish Metric Values,Fish,fish_metrics_NAT_MIGRPTAX,NAT_MIGRPTAX,% native taxa as migratory,,,FISH,,,0.0,100.0,PARAMETER,fish_metrics
1314,NRSA 1314 Fish Metric Values,Fish,fish_metrics_NAT_MTOLNTAX,NAT_MTOLNTAX,No. distinct intermediate tolerant native taxa based on TOLERANCE_NRSA,,,FISH,,,0.0,,PARAMETER,fish_metrics
1314,NRSA 1314 Fish Metric Values,Fish,fish_metrics_NAT_MTOLPIND,NAT_MTOLPIND,% Intermediate tolerant native individuals based on TOLERANCE_NRSA,,,FISH,,,0.0,100.0,PARAMETER,fish_metrics
1314,NRSA 1314 Fish Metric Values,Fish,fish_metrics_NAT_MTOLPTAX,NAT_MTOLPTAX,% intermediate tolerant native taxa based on TOLERANCE_NRSA,,,FISH,,,0.0,100.0,PARAMETER,fish_metrics
1314,NRSA 1314 Fish Metric Values,Fish,fish_metrics_NAT_NTOLBENTNTAX,NAT_NTOLBENTNTAX,No. native non-tolerant benthic taxa based on TOLERANCE_NRSA,,,FISH,,,0.0,,PARAMETER,fish_metrics
1314,NRSA 1314 Fish Metric Values,Fish,fish_metrics_NAT_NTOLBENTPIND,NAT_NTOLBENTPIND,% native non-tolerant benthic individuals based on TOLERANCE_NRSA,,,FISH,,,0.0,100.0,PARAMETER,fish_metrics
1314,NRSA 1314 Fish Metric Values,Fish,fish_metrics_NAT_NTOLBENTPTAX,NAT_NTOLBENTPTAX,% native non-tolerant benthic taxa based on TOLERANCE_NRSA,,,FISH,,,0.0,100.0,PARAMETER,fish_metrics
1314,NRSA 1314 Fish Metric Values,Fish,fish_metrics_NAT_NTOLCARNNTAX,NAT_NTOLCARNNTAX,No. native non-tolerant carnivore taxa based on TOLERANCE_NRSA,,,FISH,,,,,PARAMETER,fish_metrics
1314,NRSA 1314 Fish Metric Values,Fish,fish_metrics_NAT_NTOLCARNPIND,NAT_NTOLCARNPIND,% native non-tolerant carnivore individuals based on TOLERANCE_NRSA,,,FISH,,,,,PARAMETER,fish_metrics
1314,NRSA 1314 Fish Metric Values,Fish,fish_metrics_NAT_NTOLCARNPTAX,NAT_NTOLCARNPTAX,% native non-tolerant carnivore taxa based on TOLERANCE_NRSA,,,FISH,,,,,PARAMETER,fish_metrics
1314,NRSA 1314 Fish Metric Values,Fish,fish_metrics_NAT_NTOLINVNTAX,NAT_NTOLINVNTAX,No. native non-tolerant invertivore taxa based on TOLERANCE_NRSA,,,FISH,,,,,PARAMETER,fish_metrics
1314,NRSA 1314 Fish Metric Values,Fish,fish_metrics_NAT_NTOLINVPIND,NAT_NTOLINVPIND,% native non-tolerant invertivore individuals based on TOLERANCE_NRSA,,,FISH,,,,,PARAMETER,fish_metrics
1314,NRSA 1314 Fish Metric Values,Fish,fish_metrics_NAT_NTOLINVPTAX,NAT_NTOLINVPTAX,% native non-tolerant invertivore taxa based on TOLERANCE_NRSA,,,FISH,,,,,PARAMETER,fish_metrics
1314,NRSA 1314 Fish Metric Values,Fish,fish_metrics_NAT_NTOLNTAX,NAT_NTOLNTAX,No. native non-tolerant taxa based on TOLERANCE_NRSA,,,FISH,,,,,PARAMETER,fish_metrics
1314,NRSA 1314 Fish Metric Values,Fish,fish_metrics_NAT_NTOLPIND,NAT_NTOLPIND,% native non-tolerant individuals based on TOLERANCE_NRSA,,,FISH,,,,,PARAMETER,fish_metrics
1314,NRSA 1314 Fish Metric Values,Fish,fish_metrics_NAT_NTOLPTAX,NAT_NTOLPTAX,% native non-tolerant taxa based on TOLERANCE_NRSA,,,FISH,,,,,PARAMETER,fish_metrics
1314,NRSA 1314 Fish Metric Values,Fish,fish_metrics_NAT_OMNINTAX,NAT_OMNINTAX,No. native omnivore taxa,,,FISH,,,,,PARAMETER,fish_metrics
1314,NRSA 1314 Fish Metric Values,Fish,fish_metrics_NAT_OMNIPIND,NAT_OMNIPIND,% native individuals as omnivore,,,FISH,,,,,PARAMETER,fish_metrics
1314,NRSA 1314 Fish Metric Values,Fish,fish_metrics_NAT_OMNIPTAX,NAT_OMNIPTAX,% native taxa as omnivore,,,FISH,,,,,PARAMETER,fish_metrics
1314,NRSA 1314 Fish Metric Values,Fish,fish_metrics_NAT_PIND,NAT_PIND,native % of total individuals,,,FISH,,,0.0,100.0,PARAMETER,fish_metrics
1314,NRSA 1314 Fish Metric Values,Fish,fish_metrics_NAT_PTAX,NAT_PTAX,native % of total taxa,,,FISH,,,0.0,100.0,PARAMETER,fish_metrics
1314,NRSA 1314 Fish Metric Values,Fish,fish_metrics_NAT_RBCATONTAX,NAT_RBCATONTAX,No. native round-bodied sucker taxa,,,FISH,,,,,PARAMETER,fish_metrics
1314,NRSA 1314 Fish Metric Values,Fish,fish_metrics_NAT_RBCATOPIND,NAT_RBCATOPIND,% native individuals as round-bodied sucker,,,FISH,,,,,PARAMETER,fish_metrics
1314,NRSA 1314 Fish Metric Values,Fish,fish_metrics_NAT_RBCATOPTAX,NAT_RBCATOPTAX,% native taxa as round-bodied sucker,,,FISH,,,,,PARAMETER,fish_metrics
1314,NRSA 1314 Fish Metric Values,Fish,fish_metrics_NAT_RHEONTAX,NAT_RHEONTAX,No. native rheophilic taxa,,,FISH,,,,,PARAMETER,fish_metrics
1314,NRSA 1314 Fish Metric Values,Fish,fish_metrics_NAT_RHEOPIND,NAT_RHEOPIND,% native individuals as rheophilic,,,FISH,,,,,PARAMETER,fish_metrics
1314,NRSA 1314 Fish Metric Values,Fish,fish_metrics_NAT_RHEOPTAX,NAT_RHEOPTAX,% native taxa as rheophilic,,,FISH,,,,,PARAMETER,fish_metrics
1314,NRSA 1314 Fish Metric Values,Fish,fish_metrics_NAT_SALMNTAX,NAT_SALMNTAX,No. native salmonid taxa,,,FISH,,,,,PARAMETER,fish_metrics
1314,NRSA 1314 Fish Metric Values,Fish,fish_metrics_NAT_SALMPIND,NAT_SALMPIND,% native individuals as salmonid,,,FISH,,,,,PARAMETER,fish_metrics
1314,NRSA 1314 Fish Metric Values,Fish,fish_metrics_NAT_SALMPTAX,NAT_SALMPTAX,% native taxa as salmonid,,,FISH,,,,,PARAMETER,fish_metrics
1314,NRSA 1314 Fish Metric Values,Fish,fish_metrics_NAT_TOLRNTAX,NAT_TOLRNTAX,No. distinct Tolerant native taxa based on TOLERANCE_NRSA,,,FISH,,,0.0,,PARAMETER,fish_metrics
1314,NRSA 1314 Fish Metric Values,Fish,fish_metrics_NAT_TOLRPIND,NAT_TOLRPIND,% Tolerant native individuals based on TOLERANCE_NRSA,,,FISH,,,0.0,100.0,PARAMETER,fish_metrics
1314,NRSA 1314 Fish Metric Values,Fish,fish_metrics_NAT_TOLRPTAX,NAT_TOLRPTAX,% Tolerant native taxa based on TOLERANCE_NRSA,,,FISH,,,0.0,100.0,PARAMETER,fish_metrics
1314,NRSA 1314 Fish Metric Values,Fish,fish_metrics_NAT_TOTLNIND,NAT_TOTLNIND,Total native individuals,,,FISH,,,0.0,,PARAMETER,fish_metrics
1314,NRSA 1314 Fish Metric Values,Fish,fish_metrics_NAT_TOTLNTAX,NAT_TOTLNTAX,Total native taxa,,,FISH,,,0.0,,PARAMETER,fish_metrics
1314,NRSA 1314 Fish Metric Values,Fish,fish_metrics_NAT_WTD_TV,NAT_WTD_TV,Weighted average tolerance value among natives,,,FISH,,,,,PARAMETER,fish_metrics
1314,NRSA 1314 Fish Metric Values,Fish,fish_metrics_NTOLBENTNTAX,NTOLBENTNTAX,No. non-tolerant benthic taxa,,,FISH,,,,,PARAMETER,fish_metrics
1314,NRSA 1314 Fish Metric Values,Fish,fish_metrics_NTOLBENTPIND,NTOLBENTPIND,% non-tolerant benthic individuals,,,FISH,,,,,PARAMETER,fish_metrics
1314,NRSA 1314 Fish Metric Values,Fish,fish_metrics_NTOLBENTPTAX,NTOLBENTPTAX,% non-tolerant benthic taxa,,,FISH,,,,,PARAMETER,fish_metrics
1314,NRSA 1314 Fish Metric Values,Fish,fish_metrics_NTOLCARNNTAX,NTOLCARNNTAX,No. non-tolerant carnivore taxa,,,FISH,,,0.0,,PARAMETER,fish_metrics
1314,NRSA 1314 Fish Metric Values,Fish,fish_metrics_NTOLCARNPIND,NTOLCARNPIND,% non-tolerant carnivore individuals,,,FISH,,,0.0,100.0,PARAMETER,fish_metrics
1314,NRSA 1314 Fish Metric Values,Fish,fish_metrics_NTOLCARNPTAX,NTOLCARNPTAX,% non-tolerant carnivore taxa,,,FISH,,,0.0,100.0,PARAMETER,fish_metrics
1314,NRSA 1314 Fish Metric Values,Fish,fish_metrics_NTOLINVNTAX,NTOLINVNTAX,No. non-tolerant invertivore taxa,,,FISH,,,0.0,,PARAMETER,fish_metrics
1314,NRSA 1314 Fish Metric Values,Fish,fish_metrics_NTOLINVPIND,NTOLINVPIND,% non-tolerant invertivore individuals,,,FISH,,,0.0,100.0,PARAMETER,fish_metrics
1314,NRSA 1314 Fish Metric Values,Fish,fish_metrics_NTOLINVPTAX,NTOLINVPTAX,% non-tolerant invertivore taxa,,,FISH,,,0.0,100.0,PARAMETER,fish_metrics
1314,NRSA 1314 Fish Metric Values,Fish,fish_metrics_NTOLNTAX,NTOLNTAX,no. non-tolerant (TOLERANCE_NRSA=(S)ensitive/(I)ntermediate) taxa,,,FISH,,,0.0,,PARAMETER,fish_metrics
1314,NRSA 1314 Fish Metric Values,Fish,fish_metrics_NTOLPIND,NTOLPIND,% non-tolerant (TOLERANCE_NRSA=(S)ensitive/(I)ntermediate) individuals,,,FISH,,,0.0,100.0,PARAMETER,fish_metrics
1314,NRSA 1314 Fish Metric Values,Fish,fish_metrics_NTOLPTAX,NTOLPTAX,% non-tolerant (TOLERANCE_NRSA=(S)ensitive/(I)ntermediate) taxa,,,FISH,,,0.0,100.0,PARAMETER,fish_metrics
1314,NRSA 1314 Fish Metric Values,Fish,fish_metrics_OMNINTAX,OMNINTAX,No. omnivore taxa,,,FISH,,,0.0,,PARAMETER,fish_metrics
1314,NRSA 1314 Fish Metric Values,Fish,fish_metrics_OMNIPIND,OMNIPIND,% omnivore individuals,,,FISH,,,0.0,100.0,PARAMETER,fish_metrics
1314,NRSA 1314 Fish Metric Values,Fish,fish_metrics_OMNIPTAX,OMNIPTAX,% omnivore taxa,,,FISH,,,0.0,100.0,PARAMETER,fish_metrics
1314,NRSA 1314 Fish Metric Values,Fish,fish_metrics_PSTL_CODE,PSTL_CODE,State two-letter postal code,,,DESIGN,,,,,PARAMETER,fish_metrics
1314,NRSA 1314 Fish Metric Values,Fish,fish_metrics_PSTL_CODE,PSTL_CODE,"State two letter postal code 50 state postal codes plus AS, MP, GU, PR, VI for American Samoa, Commonwealth of Northern Marianas, Guam, Puerto Rico and Virgin Islands. No missing values allowed.",,,DESIGN,,,,,PARAMETER,fish_metrics
1314,NRSA 1314 Fish Metric Values,Fish,fish_metrics_PUBLICATION_DATE,PUBLICATION_DATE,Date of data file publication,,,,,,,,PARAMETER,fish_metrics
1314,NRSA 1314 Fish Metric Values,Fish,fish_metrics_PUBLICATION_DATE,PUBLICATION_DATE,Date of data file publication,,,,,,,,PARAMETER,fish_metrics
1314,NRSA 1314 Fish Metric Values,Fish,fish_metrics_PUBLICATION_DATE,PUBLICATION_DATE,Date of data file publication,,,,,,,,PARAMETER,fish_metrics
1314,NRSA 1314 Fish Metric Values,Fish,fish_metrics_RBCATONTAX,RBCATONTAX,No. round-bodied sucker taxa,,,FISH,,,,,PARAMETER,fish_metrics
1314,NRSA 1314 Fish Metric Values,Fish,fish_metrics_RBCATOPIND,RBCATOPIND,% round-bodied sucker individuals,,,FISH,,,,,PARAMETER,fish_metrics
1314,NRSA 1314 Fish Metric Values,Fish,fish_metrics_RBCATOPTAX,RBCATOPTAX,% round-bodied sucker taxa,,,FISH,,,,,PARAMETER,fish_metrics
1314,NRSA 1314 Fish Metric Values,Fish,fish_metrics_RHEONTAX,RHEONTAX,No. rheophilic taxa,,,FISH,,,,,PARAMETER,fish_metrics
1314,NRSA 1314 Fish Metric Values,Fish,fish_metrics_RHEOPIND,RHEOPIND,% rheophilic individuals,,,FISH,,,,,PARAMETER,fish_metrics
1314,NRSA 1314 Fish Metric Values,Fish,fish_metrics_RHEOPTAX,RHEOPTAX,% rheophilic taxa,,,FISH,,,,,PARAMETER,fish_metrics
1314,NRSA 1314 Fish Metric Values,Fish,fish_metrics_SALMNTAX,SALMNTAX,No. Salmonid taxa,,,FISH,,,0.0,,PARAMETER,fish_metrics
1314,NRSA 1314 Fish Metric Values,Fish,fish_metrics_SALMPIND,SALMPIND,% Salmonid individuals,,,FISH,,,0.0,100.0,PARAMETER,fish_metrics
1314,NRSA 1314 Fish Metric Values,Fish,fish_metrics_SALMPTAX,SALMPTAX,% Salmonid taxa,,,FISH,,,0.0,100.0,PARAMETER,fish_metrics
1314,NRSA 1314 Fish Metric Values,Fish,fish_metrics_SAMPLE_TYPE,SAMPLE_TYPE,Sample type,,,,,,,,PARAMETER,fish_metrics
1314,NRSA 1314 Fish Metric Values,Fish,fish_metrics_SAMPLE_TYPE,SAMPLE_TYPE,Sample type,,,,,,,,PARAMETER,fish_metrics
1314,NRSA 1314 Fish Metric Values,Fish,fish_metrics_SAMPLE_TYPE,SAMPLE_TYPE,Sample type,,,,,,,,PARAMETER,fish_metrics
1314,NRSA 1314 Fish Metric Values,Fish,fish_metrics_SAMPLED_FISH,SAMPLED_FISH,Whether site sampled sufficiently,,,FISH,,,,,PARAMETER,fish_metrics
1314,NRSA 1314 Fish Metric Values,Fish,fish_metrics_SITE_ID,SITE_ID,"Site ID for the study and year sampled. Preferred form is NRSnn_MM-xxxxx where nn is current cycle year (04, 08, 13, 18, etc), MM is two letter state code, and xxxxx is between 10001 and 99999. Text. No missing values allowed.",,,DESIGN,,,,,PARAMETER,fish_metrics
1314,NRSA 1314 Fish Metric Values,Fish,fish_metrics_SITE_ID,SITE_ID,Site ID,,,VERIF,,,,,PARAMETER,fish_metrics
1314,NRSA 1314 Fish Metric Values,Fish,fish_metrics_SITETYPE,SITETYPE,"Site type (Probability-based or hand-picked). PROB for sites from probability survey. Usually HAND for hand-picked sites. In EMAP West and WSA, STARHAND is used to identify hand-picked sites that do not have all CORE indicators available.",,,,,,,,PARAMETER,fish_metrics
1314,NRSA 1314 Fish Metric Values,Fish,fish_metrics_SITETYPE,SITETYPE,Site type (Probability-based or hand-picked),,,DESIGN,,PROB | HAND,,,PARAMETER,fish_metrics
1314,NRSA 1314 Fish Metric Values,Fish,fish_metrics_TOLRNTAX,TOLRNTAX,No. distinct Tolerant taxa based on TOLERANCE_NRSA,,,FISH,,,0.0,,PARAMETER,fish_metrics
1314,NRSA 1314 Fish Metric Values,Fish,fish_metrics_TOLRPIND,TOLRPIND,% Tolerant individuals based on TOLERANCE_NRSA,,,FISH,,,0.0,100.0,PARAMETER,fish_metrics
1314,NRSA 1314 Fish Metric Values,Fish,fish_metrics_TOLRPTAX,TOLRPTAX,% Tolerant taxa based on TOLERANCE_NRSA,,,FISH,,,0.0,100.0,PARAMETER,fish_metrics
1314,NRSA 1314 Fish Metric Values,Fish,fish_metrics_TOTLNIND,TOTLNIND,Total no. individuals,,,FISH,,,0.0,,PARAMETER,fish_metrics
1314,NRSA 1314 Fish Metric Values,Fish,fish_metrics_TOTLNTAX,TOTLNTAX,Total no. distinct taxa,,,FISH,,,0.0,,PARAMETER,fish_metrics
1314,NRSA 1314 Fish Metric Values,Fish,fish_metrics_UID,UID,Unique site visit ID,,,,,,,,PARAMETER,fish_metrics
1314,NRSA 1314 Fish Metric Values,Fish,fish_metrics_UID,UID,Unique site visit ID,,,,,,,,PARAMETER,fish_metrics
1314,NRSA 1314 Fish Metric Values,Fish,fish_metrics_UID,UID,Unique site visit ID,,,,,,,,PARAMETER,fish_metrics
1314,NRSA 1314 Fish Metric Values,Fish,fish_metrics_VISIT_NO,VISIT_NO,Number identifying which visit this is,,,VERIF,,|1|2,,,PARAMETER,fish_metrics
1314,NRSA 1314 Fish Metric Values,Fish,fish_metrics_WTD_TV,WTD_TV,"Hilsenhoff Biotic Index (HBI), sum of TV_i*prop_i, where TV_i=tolerance value for species i and prop_i=proportion of taxon i in sample, based on all taxa in sample",,,FISH,,,0.0,10.0,PARAMETER,fish_metrics
1314,NRSA 1314 Fish Taxa List,Fish,fish_taxa_FAM_OR_CLS,FAM_OR_CLS,Family or class,,,TAXA: Vertebrate,,,,,PARAMETER,fish_taxa
1314,NRSA 1314 Fish Taxa List,Fish,fish_taxa_FAMILY,FAMILY,Final taxon name within fish samples,,,TAXA: Vertebrate,,,,,PARAMETER,fish_taxa
1314,NRSA 1314 Fish Taxa List,Fish,fish_taxa_FINAL_NAME,FINAL_NAME,Final common name assigned to fish count data,,,TAXA: Vertebrate,,,,,PARAMETER,fish_taxa
1314,NRSA 1314 Fish Taxa List,Fish,fish_taxa_GENUS,GENUS,"Genus of taxon, if available",,,TAXA: Vertebrate,,,,,PARAMETER,fish_taxa
1314,NRSA 1314 Fish Taxa List,Fish,fish_taxa_HABITAT_NRSA,HABITAT_NRSA,"Habitat preferences,W-water column,B-Benthic,E-Edge",,,TAXA: Vertebrate,,,,,PARAMETER,fish_taxa
1314,NRSA 1314 Fish Taxa List,Fish,fish_taxa_HERP,HERP,"A=amphibian, R=reptile",,,TAXA: Vertebrate,,,,,PARAMETER,fish_taxa
1314,NRSA 1314 Fish Taxa List,Fish,fish_taxa_ITISTSN,ITISTSN,Unique Taxonmoic Serial Number (TSN) based on ITIS,,,TAXA: Vertebrate,,,,,PARAMETER,fish_taxa
1314,NRSA 1314 Fish Taxa List,Fish,fish_taxa_MIGR_NRSA,MIGR_NRSA,Migratory or not,,,TAXA: Vertebrate,,,,,PARAMETER,fish_taxa
1314,NRSA 1314 Fish Taxa List,Fish,fish_taxa_REPROD_NRSA,REPROD_NRSA,"Reproductive strategy,C-clean,coarse(lithophil),D-drifter,G-guarder,O-other",,,TAXA: Vertebrate,,,,,PARAMETER,fish_taxa
1314,NRSA 1314 Fish Taxa List,Fish,fish_taxa_SPECIES,SPECIES,"Species of taxon, if available",,,TAXA: Vertebrate,,,,,PARAMETER,fish_taxa
1314,NRSA 1314 Fish Taxa List,Fish,fish_taxa_TEMP_NRSA,TEMP_NRSA,"Temperature preferences,WM-warm,CD-coldwater,CL-coolwater",,,TAXA: Vertebrate,,,,,PARAMETER,fish_taxa
1314,NRSA 1314 Fish Taxa List,Fish,fish_taxa_TOL_VAL_EMAPW,TOL_VAL_EMAPW,Species Tolerance Values,,,TAXA: Vertebrate,,,,,PARAMETER,fish_taxa
1314,NRSA 1314 Fish Taxa List,Fish,fish_taxa_TOLERANCE_NRSA,TOLERANCE_NRSA,"Tolerance categories Sensitive/Intolerant (S), Intermediate (I), Tolerant (T), based on WEMAP, USGS, Region 7",,,TAXA: Vertebrate,,,,,PARAMETER,fish_taxa
1314,NRSA 1314 Fish Taxa List,Fish,fish_taxa_TROPHIC_NRSA,TROPHIC_NRSA,"Trophic guild,C-carnivore,I-invertivore,H-herbivore,O-omnivore",,,TAXA: Vertebrate,,,,,PARAMETER,fish_taxa
1314,NRSA 1314 Fish Taxa List,Fish,fish_taxa_VEL_NRSA,VEL_NRSA,"Velocity preferences,O-other,R-rheophil,P-pool",,,TAXA: Vertebrate,,,,,PARAMETER,fish_taxa
1314,NRSA 1314 Mercury in Fish Tissue Plugs,Fish,fish_hg_DATE_COL,DATE_COL,Date of data collection in field,,,VERIF,,,,,PARAMETER,fish_hg
1314,NRSA 1314 Mercury in Fish Tissue Plugs,Fish,fish_hg_INDEX_VISIT,INDEX_VISIT,Index visit Y/blank,,,VERIF,,,,,PARAMETER,fish_hg
1314,NRSA 1314 Mercury in Fish Tissue Plugs,Fish,fish_hg_MERCURY_COMMENT,MERCURY_COMMENT,Comment to indicate reason mercury data not used in assessment,,,FPLG,,,,,PARAMETER,fish_hg
1314,NRSA 1314 Mercury in Fish Tissue Plugs,Fish,fish_hg_MERCURY_COMMENT,MERCURY_COMMENT,Descriptive comment. for Mercury in Fish Tissue - NG/G,,,FPLG,,,,,PARAMETER,fish_hg
1314,NRSA 1314 Mercury in Fish Tissue Plugs,Fish,fish_hg_MERCURY_COMMENT,MERCURY_COMMENT,Comment to indicate reason mercury data not used in assessment,,,FPLL,,,,,PARAMETER,fish_hg
1314,NRSA 1314 Mercury in Fish Tissue Plugs,Fish,fish_hg_MERCURY_DATA_FLAG,MERCURY_DATA_FLAG,Laboratory or OW flag of result for Mercury,,,FPLG,,,,,PARAMETER,fish_hg
1314,NRSA 1314 Mercury in Fish Tissue Plugs,Fish,fish_hg_MERCURY_DATA_FLAG,MERCURY_DATA_FLAG,Laboratory or OW flag of result for Mercury,,,FPLL,,,,,PARAMETER,fish_hg
1314,NRSA 1314 Mercury in Fish Tissue Plugs,Fish,fish_hg_MERCURY_FLAG,MERCURY_FLAG,Flag assigned to associated comment for Mercury in Fish Tissue - NG/G,,,FPLG,,,,,PARAMETER,fish_hg
1314,NRSA 1314 Mercury in Fish Tissue Plugs,Fish,fish_hg_MERCURY_MDL,MERCURY_MDL,Minimum Detection Limit for Mercury in Fish Tissue - NG/G,,,FPLG,,,,,PARAMETER,fish_hg
1314,NRSA 1314 Mercury in Fish Tissue Plugs,Fish,fish_hg_MERCURY_RESULT,MERCURY_RESULT,Result for Mercury in Fish Tissue - NG/G,,,FPLG,,,,,PARAMETER,fish_hg
1314,NRSA 1314 Mercury in Fish Tissue Plugs,Fish,fish_hg_MERCURY_RESULT,MERCURY_RESULT,Value of associated parameter for Mercury in Fish Tissue - NG/G,,,FPLG,,,,,PARAMETER,fish_hg
1314,NRSA 1314 Mercury in Fish Tissue Plugs,Fish,fish_hg_MERCURY_RL,MERCURY_RL,Reporting Limit for Mercury in Fish Tissue - NG/G,,,FPLG,,,,,PARAMETER,fish_hg
1314,NRSA 1314 Mercury in Fish Tissue Plugs,Fish,fish_hg_SITE_ID,SITE_ID,"Site ID for the study and year sampled. Preferred form is NRSnn_MM-xxxxx where nn is current cycle year (04, 08, 13, 18, etc), MM is two letter state code, and xxxxx is between 10001 and 99999. Text. No missing values allowed.",,,DESIGN,,,,,PARAMETER,fish_hg
1314,NRSA 1314 Mercury in Fish Tissue Plugs,Fish,fish_hg_SITE_ID,SITE_ID,Unique Site ID assigned for NRSA13-14,,,LANDSCAPE,,,,,PARAMETER,fish_hg
1314,NRSA 1314 Mercury in Fish Tissue Plugs,Fish,fish_hg_SITE_ID,SITE_ID,Site ID,,,VERIF,,,,,PARAMETER,fish_hg
1314,NRSA 1314 Mercury in Fish Tissue Plugs,Fish,fish_hg_UID,UID,Unique site visit ID,,,,,,,,PARAMETER,fish_hg
1314,NRSA 1314 Mercury in Fish Tissue Plugs,Fish,fish_hg_VISIT_NO,VISIT_NO,Number identifying which visit this is,,,VERIF,,|1|2,,,PARAMETER,fish_hg
1314,NRSA 1314 Mercury in Fish Tissue Plugs,Fish,fish_hg_YEAR,YEAR,Year of sampling,,,VERIF,,,,,PARAMETER,fish_hg
1314,NRSA 1314 Landscape Metrics,Landscape Data,landscape_AWCH_WS,AWCH_WS,Mean high values of available water capacity of soils (fraction) at sampling point. From State Soil Geographic (STATSGO) Database.,,,LANDSCAPE,,,,,PARAMETER,landscape
1314,NRSA 1314 Landscape Metrics,Landscape Data,landscape_BDH_WS,BDH_WS,Mean high values of soil bulk density of soil types at the sampling point (grams per cubic centimeter) from State Soil Geographic (STATSGO) Database.,,,LANDSCAPE,,,,,PARAMETER,landscape
1314,NRSA 1314 Landscape Metrics,Landscape Data,landscape_BEDROCK_PERM_WS,BEDROCK_PERM_WS,"Bedrock permeability, based on principal aquifer permeability classes. 1 is the lowest permeability, 7 is the highest. Floating point mean value of 7 permeability classes. (Based on National Atlas lithologic groups of principal aquifers. 1 is lowest permeability and 7 is the highest: 1 = Not a prinicpal aquifer, 2 = Sandstone, 3 = Semiconsolidated sand, 4 = Basalt and other volcanic rocks, 5 = Sandstone and carbonate rocks, 6 = Unconsolidated sand and gravel, 7 = Carbonate rock)",,,LANDSCAPE,,,,,PARAMETER,landscape
1314,NRSA 1314 Landscape Metrics,Landscape Data,landscape_BFI_WS,BFI_WS,"Base Flow Index (BFI), The BFI is a ratio of base flow to total streamflow, expressed as a percentage and ranging from 0 to 100. Base flow is the sustained, slowly varying component of streamflow, usually attributed to ground-water discharge to a stream.",,,LANDSCAPE,,,,,PARAMETER,landscape
1314,NRSA 1314 Landscape Metrics,Landscape Data,landscape_CAT_COMID,CAT_COMID,NHDPlus COMID for the stream catchment,,,LANDSCAPE,,,,,PARAMETER,landscape
1314,NRSA 1314 Landscape Metrics,Landscape Data,landscape_CROP_1KM_BUF,CROP_1KM_BUF,Percent cropland use within 1 km buffer of point,,,LANDSCAPE,,,0.0,,PARAMETER,landscape
1314,NRSA 1314 Landscape Metrics,Landscape Data,landscape_DAM_KM3WTD_200KM,DAM_KM3WTD_200KM,Maximum weighted reservoir volume (km3) within 200 km upstream,,,LANDSCAPE,,,0.0,,PARAMETER,landscape
1314,NRSA 1314 Landscape Metrics,Landscape Data,landscape_DATE_COL,DATE_COL,Date of data collection in field,,,VERIF,,,,,PARAMETER,landscape
1314,NRSA 1314 Landscape Metrics,Landscape Data,landscape_DATE_COL,DATE_COL,Date of data collection in field,,,VERIF,,,,,PARAMETER,landscape
1314,NRSA 1314 Landscape Metrics,Landscape Data,landscape_DATE_COL,DATE_COL,Date of data collection in field,,,VERIF,,,,,PARAMETER,landscape
1314,NRSA 1314 Landscape Metrics,Landscape Data,landscape_ELEV_PT,ELEV_PT,Elevation at gage location (meters) from 30m NHDPlusV2 which uses National Elevation Data (NED) snapshots from 2010 and 2011,,,LANDSCAPE,,,,,PARAMETER,landscape
1314,NRSA 1314 Landscape Metrics,Landscape Data,landscape_ELEV_WS,ELEV_WS,Mean watershed elevation (meters) from 30m NHDPlusV2 which uses National Elevation Data (NED) snapshots from 2010 and 2011,,,LANDSCAPE,,,,,PARAMETER,landscape
1314,NRSA 1314 Landscape Metrics,Landscape Data,landscape_ELEV_WS_MAX,ELEV_WS_MAX,Maximum watershed elevation (meters) from 30m NHDPlusV2 which uses National Elevation Data (NED) snapshots from 2010 and 2011,,,LANDSCAPE,,,,,PARAMETER,landscape
1314,NRSA 1314 Landscape Metrics,Landscape Data,landscape_ELEV_WS_MIN,ELEV_WS_MIN,Minimum watershed elevation (meters) from 30m NHDPlusV2 which uses National Elevation Data (NED) snapshots from 2010 and 2011,,,LANDSCAPE,,,,,PARAMETER,landscape
1314,NRSA 1314 Landscape Metrics,Landscape Data,landscape_ET_WS,ET_WS,"Mean-annual actual evapotranspiration (ET), estimated using regression equation of Sanford and Selnick (2013)",,,LANDSCAPE,,,,,PARAMETER,landscape
1314,NRSA 1314 Landscape Metrics,Landscape Data,landscape_FSTFRZ_WS,FSTFRZ_WS,"Site average of mean day of the year of first freeze, derived from 30 years of record (1961-1990), 2km PRISM. For example, value of 300 is the 300th day of the year (Oct 27th). Values > 365 mean that the first freeze occurs after Dec 31. It is done this way so that (first_freeze - last_freeze) should always give a positive number; high numbers for an area with a long frost-free period (e.g. Florida), low numbers for an area with a short frost-free period.",,,LANDSCAPE,,,,,PARAMETER,landscape
1314,NRSA 1314 Landscape Metrics,Landscape Data,landscape_GEOL_HUNT_DOM_DESC,GEOL_HUNT_DOM_DESC,"Text description of the dominant (highest percent of area) geology, derived from Hunt (1979) coverage",,,LANDSCAPE,,,,,PARAMETER,landscape
1314,NRSA 1314 Landscape Metrics,Landscape Data,landscape_GEOL_HUNT_DOM_PCT,GEOL_HUNT_DOM_PCT,"Percentage of the watershed covered by the dominant geology type (Hunt, 1979)",,,LANDSCAPE,,,,,PARAMETER,landscape
1314,NRSA 1314 Landscape Metrics,Landscape Data,landscape_GEOL_HUNT_DOM_WS,GEOL_HUNT_DOM_WS,"Dominant (highest percent of area) geology, derived from Hunt (1979) coverage",,,LANDSCAPE,,,,,PARAMETER,landscape
1314,NRSA 1314 Landscape Metrics,Landscape Data,landscape_GEOL_HUNT_PT,GEOL_HUNT_PT,Geology type at the gage location derived from Hunt (1979),,,LANDSCAPE,,,,,PARAMETER,landscape
1314,NRSA 1314 Landscape Metrics,Landscape Data,landscape_GEOL_REEDBUSH_DOM_PCT,GEOL_REEDBUSH_DOM_PCT,"Percentage of the watershed covered by the dominant geology type (Reed & Bush, 2001)",,,LANDSCAPE,,,,,PARAMETER,landscape
1314,NRSA 1314 Landscape Metrics,Landscape Data,landscape_GEOL_REEDBUSH_DOM_WS,GEOL_REEDBUSH_DOM_WS,"Dominant (highest percent of area) geology, derived from a simplified version of Reed & Bush (2001) - Generalized Geologic Map of the Conterminous United States.",,,LANDSCAPE,,,,,PARAMETER,landscape
1314,NRSA 1314 Landscape Metrics,Landscape Data,landscape_GEOL_REEDBUSH_PT,GEOL_REEDBUSH_PT,Geology type at the gage location derived from a simplified version of Reed & Bush (2001) - Generalized Geologic Map of the Conterminous United States.,,,LANDSCAPE,,,,,PARAMETER,landscape
1314,NRSA 1314 Landscape Metrics,Landscape Data,landscape_KFACT_PT,KFACT_PT,Site mean of the soil erodibility factor (no units) of soils from the State Soil Geographic (STATSGO) Database.,,,LANDSCAPE,,,,,PARAMETER,landscape
1314,NRSA 1314 Landscape Metrics,Landscape Data,landscape_KFACT_WS,KFACT_WS,Watershed mean of the soil erodibility factor (no units) of soils from the State Soil Geographic (STATSGO) Database.,,,LANDSCAPE,,,,,PARAMETER,landscape
1314,NRSA 1314 Landscape Metrics,Landscape Data,landscape_LAT_DD83,LAT_DD83,Latitude (based on NAD83 datum) for stream site from NHD-based sample frame.,,,DESIGN,,Numeric,,,PARAMETER,landscape
1314,NRSA 1314 Landscape Metrics,Landscape Data,landscape_LAT_DD83,LAT_DD83,Latitude (based on NAD83 datum) for stream site from NHDPlusV2 Numeric. No missing values allowed.,,,DESIGN,,,,,PARAMETER,landscape
1314,NRSA 1314 Landscape Metrics,Landscape Data,landscape_LAT_DD83,LAT_DD83,Latitude in decimal degrees NAD83,,,LANDSCAPE,,,,,PARAMETER,landscape
1314,NRSA 1314 Landscape Metrics,Landscape Data,landscape_LON_DD83,LON_DD83,Longitude (based on NAD83 datum) for stream site from NHD-based sample frame.,,,DESIGN,,Numeric,,,PARAMETER,landscape
1314,NRSA 1314 Landscape Metrics,Landscape Data,landscape_LON_DD83,LON_DD83,Longitude (based on NAD83 datum) for stream site from NHDPlusV2 Numeric. No missing values allowed.,,,DESIGN,,,,,PARAMETER,landscape
1314,NRSA 1314 Landscape Metrics,Landscape Data,landscape_LON_DD83,LON_DD83,Longitude in decimal degrees NAD83,,,LANDSCAPE,,,,,PARAMETER,landscape
1314,NRSA 1314 Landscape Metrics,Landscape Data,landscape_LSTFRZ_PT,LSTFRZ_PT,"Site average of mean day of the year of last freeze, derived from 30 years of record (1961-1990), 2km PRISM. For example, value of 100 is the 100th day of the year (April 10th). Values of 0 here indicate there is no freeze",,,LANDSCAPE,,,,,PARAMETER,landscape
1314,NRSA 1314 Landscape Metrics,Landscape Data,landscape_LSTFRZ_WS,LSTFRZ_WS,"Watershed average of mean day of the year of last freeze, derived from 30 years of record (1961-1990), 2km PRISM. For example, value of 100 is the 100th day of the year (April 10th). Values of 0 here indicate there is no freeze",,,LANDSCAPE,,,,,PARAMETER,landscape
1314,NRSA 1314 Landscape Metrics,Landscape Data,landscape_MAFLOWU,MAFLOWU,Mean Annual Flow (cfs) at bottom of flowline as computed by Unit Runoff Method.,,,LANDSCAPE,,,,,PARAMETER,landscape
1314,NRSA 1314 Landscape Metrics,Landscape Data,landscape_MAST_2013,MAST_2013,Mean annual stream temperature from USU model,,,LANDSCAPE,,,,,PARAMETER,landscape
1314,NRSA 1314 Landscape Metrics,Landscape Data,landscape_MAST_2014,MAST_2014,Mean annual stream temperature from USU model,,,LANDSCAPE,,,,,PARAMETER,landscape
1314,NRSA 1314 Landscape Metrics,Landscape Data,landscape_MAVELU,MAVELU,Mean Annual Velocity (fps) at bottom of flowline as computed by Jobson Method (1996) using the flow in MAFlowU.,,,LANDSCAPE,,,,,PARAMETER,landscape
1314,NRSA 1314 Landscape Metrics,Landscape Data,landscape_MSST_2013,MSST_2013,Mean summer stream temperature from USU model,,,LANDSCAPE,,,,,PARAMETER,landscape
1314,NRSA 1314 Landscape Metrics,Landscape Data,landscape_MSST_2014,MSST_2014,Mean summer stream temperature from USU model,,,LANDSCAPE,,,,,PARAMETER,landscape
1314,NRSA 1314 Landscape Metrics,Landscape Data,landscape_MWST_2013,MWST_2013,Mean winter stream temperature from USU model,,,LANDSCAPE,,,,,PARAMETER,landscape
1314,NRSA 1314 Landscape Metrics,Landscape Data,landscape_MWST_2014,MWST_2014,Mean winter stream temperature from USU model,,,LANDSCAPE,,,,,PARAMETER,landscape
1314,NRSA 1314 Landscape Metrics,Landscape Data,landscape_OMH_WS,OMH_WS,Watershed mean of the high value of organic matter content (percent by weight) of soils from State Soil Geographic (STATSGO) Database.,,,LANDSCAPE,,,,,PARAMETER,landscape
1314,NRSA 1314 Landscape Metrics,Landscape Data,landscape_PCTBL2011_WS,PCTBL2011_WS,% of watershed area classified as barren land cover (NLCD 2011 class 31),,,LANDSCAPE,,,,,PARAMETER,landscape
1314,NRSA 1314 Landscape Metrics,Landscape Data,landscape_PCTCONIF2011_WS,PCTCONIF2011_WS,% of watershed area classified as evergreen forest land cover (NLCD 2011 class 42),,,LANDSCAPE,,,,,PARAMETER,landscape
1314,NRSA 1314 Landscape Metrics,Landscape Data,landscape_PCTCROP2011_WS,PCTCROP2011_WS,% of watershed area classified as crop land use (NLCD 2011 class 82),,,LANDSCAPE,,,,,PARAMETER,landscape
1314,NRSA 1314 Landscape Metrics,Landscape Data,landscape_PCTDECID2011_WS,PCTDECID2011_WS,% of watershed area classified as deciduous forest land cover (NLCD 2011 class 41),,,LANDSCAPE,,,,,PARAMETER,landscape
1314,NRSA 1314 Landscape Metrics,Landscape Data,landscape_PCTGRS2011_WS,PCTGRS2011_WS,% of watershed area classified as grassland/herbaceous land cover (NLCD 2011 class 71),,,LANDSCAPE,,,,,PARAMETER,landscape
1314,NRSA 1314 Landscape Metrics,Landscape Data,landscape_PCTHAY2011_WS,PCTHAY2011_WS,% of watershed area classified as hay land use (NLCD 2011 class 81),,,LANDSCAPE,,,,,PARAMETER,landscape
1314,NRSA 1314 Landscape Metrics,Landscape Data,landscape_PCTHBWET2011_WS,PCTHBWET2011_WS,% of watershed area classified as herbaceous wetland land cover (NLCD 2011 class 95),,,LANDSCAPE,,,,,PARAMETER,landscape
1314,NRSA 1314 Landscape Metrics,Landscape Data,landscape_PCTICE2011_WS,PCTICE2011_WS,% of watershed area classified as ice/snow land cover (NLCD 2011 class 12),,,LANDSCAPE,,,,,PARAMETER,landscape
1314,NRSA 1314 Landscape Metrics,Landscape Data,landscape_PCTMXFST2011_WS,PCTMXFST2011_WS,% of watershed area classified as mixed deciduous/evergreen forest land cover (NLCD 2011 class 43),,,LANDSCAPE,,,,,PARAMETER,landscape
1314,NRSA 1314 Landscape Metrics,Landscape Data,landscape_PCTOW2011_WS,PCTOW2011_WS,% of watershed area classified as open water land cover (NLCD 2011 class 11),,,LANDSCAPE,,,,,PARAMETER,landscape
1314,NRSA 1314 Landscape Metrics,Landscape Data,landscape_PCTSHRB2011_WS,PCTSHRB2011_WS,% of watershed area classified as shrub/scrub land cover (NLCD 2011 class 52),,,LANDSCAPE,,,,,PARAMETER,landscape
1314,NRSA 1314 Landscape Metrics,Landscape Data,landscape_PCTURBHI2011_WS,PCTURBHI2011_WS,"% of watershed area classified as developed, high-intensity land use (NLCD 2011 class 24)",,,LANDSCAPE,,,,,PARAMETER,landscape
1314,NRSA 1314 Landscape Metrics,Landscape Data,landscape_PCTURBLO2011_WS,PCTURBLO2011_WS,"% of watershed area classified as developed, low-intensity land use (NLCD 2011 class 22)",,,LANDSCAPE,,,,,PARAMETER,landscape
1314,NRSA 1314 Landscape Metrics,Landscape Data,landscape_PCTURBMD2011_WS,PCTURBMD2011_WS,"% of watershed area classified as developed, medium-intensity land use (NLCD 2011 class 23)",,,LANDSCAPE,,,,,PARAMETER,landscape
1314,NRSA 1314 Landscape Metrics,Landscape Data,landscape_PCTURBOP2011_WS,PCTURBOP2011_WS,"% of watershed area classified as developed, open space land use (NLCD 2011 class 21)",,,LANDSCAPE,,,,,PARAMETER,landscape
1314,NRSA 1314 Landscape Metrics,Landscape Data,landscape_PCTWDWET2011_WS,PCTWDWET2011_WS,% of watershed area classified as woody wetland land cover (NLCD 2011 class 90),,,LANDSCAPE,,,,,PARAMETER,landscape
1314,NRSA 1314 Landscape Metrics,Landscape Data,landscape_PERDUN_WS,PERDUN_WS,"Dunne overland flow, also know as saturation overland flow, is generated in a basin when the water table ""outcrops"" on the land surface (due to the infiltration and redistribution of soil moisture within the basin), thereby producing temporary saturated areas. These saturated areas generate Dunne overland flow through exfiltration of shallow ground water and by routing precipitation directly to the stream network. The data are estimated from a watershed simulation model called TOPMODEL (Wolock, 1993). The model was run throughout the conterminous U.S. and estimated percentage of Dunne overland flow in total streamflow was quantified (Wolock, 2003).",,,LANDSCAPE,,,,,PARAMETER,landscape
1314,NRSA 1314 Landscape Metrics,Landscape Data,landscape_PERHOR_WS,PERHOR_WS,"Horton overland flow, also known as infiltration-excess overland flow, is generated in a basin when infiltration rates are exceeded by precipitation rates. The data are estimated from a watershed simulation model called TOPMODEL (Wolock, 1993). The model was run throughout the conterminous U.S. and estimated percentage of Horton overland flow in total streamflow was quantified (Wolock, 2003).",,,LANDSCAPE,,,,,PARAMETER,landscape
1314,NRSA 1314 Landscape Metrics,Landscape Data,landscape_PERMH_WS,PERMH_WS,Watershed mean of the high values of permeability (inches/hour) of soils from the State Soil Geographic (STATSGO) Database,,,LANDSCAPE,,,,,PARAMETER,landscape
1314,NRSA 1314 Landscape Metrics,Landscape Data,landscape_PMAX_WS,PMAX_WS,"GIS raster calculated as ?(MAXxi) / 30, where xi = the modeled total precipitation (mm) for month i (1-12). Values based on 30 years (1971-2000) of PRISM climate estimates. Each value represents a 900 x 900 meter cell. Mean of all Pmax values within the watershed upstream of the sampling point (?Pmax i / n, where i = each of n pixels within the watershed).",,,LANDSCAPE,,,,,PARAMETER,landscape
1314,NRSA 1314 Landscape Metrics,Landscape Data,landscape_PMIN_WS,PMIN_WS,"GIS raster calculated as ?MINxi / 30, where xi = the modeled total precipitation (mm) for month i (1-12). Values based on 30 years (1971-2000) of PRISM climate estimates. Each value represents a 900 x 900 meter cell. Mean of all Pmin values within the watershed upstream of the sampling point (?Pmin i / n, where i = each of n pixels within the watershed).",,,LANDSCAPE,,,,,PARAMETER,landscape
1314,NRSA 1314 Landscape Metrics,Landscape Data,landscape_PRECIP_WS,PRECIP_WS,"Mean annual precip (cm) for the watershed, from 800m PRISM data. 30 years period of record 1971-2000.",,,LANDSCAPE,,,,,PARAMETER,landscape
1314,NRSA 1314 Landscape Metrics,Landscape Data,landscape_PSUM_PT,PSUM_PT,"Annual sum of the predicted mean monthly precipitation (mm) derived from the PRISM data for the sampling site. Calculated as sum Xi, where Xi = the predicted mean precipitation for month i (1-12) derived from 29 years of record (1961-1990).",,,LANDSCAPE,,,,,PARAMETER,landscape
1314,NRSA 1314 Landscape Metrics,Landscape Data,landscape_PSUM_WS,PSUM_WS,"Annual sum of the predicted mean monthly precipitation (mm) derived from the PRISM data for the watershed. Calculated as sum Xi, where Xi = the predicted mean precipitation for month i (1-12) derived from 29 years of record (1961-1990).",,,LANDSCAPE,,,,,PARAMETER,landscape
1314,NRSA 1314 Landscape Metrics,Landscape Data,landscape_PSUMPY_2013_PT,PSUMPY_2013_PT,"GIS raster calculated as xi, where xi = the modeled total precipitation (mm) for month i (5-12) of the previous year and month i (1-4) of the sampling year. This value estimates the total precipitation for the 12 months prior to the field sampling season. Each value represents a 2 x 2 kilometer cell (http://www.prism.oregonstate.edu).",,,LANDSCAPE,,,,,PARAMETER,landscape
1314,NRSA 1314 Landscape Metrics,Landscape Data,landscape_PSUMPY_2013_WS,PSUMPY_2013_WS,"GIS raster calculated as xi, where xi = the modeled total precipitation (mm) for month i (5-12) of the previous year and month i (1-4) of the sampling year. This value estimates the total precipitation for the 12 months prior to the field sampling season. Each value represents a 2 x 2 kilometer cell (http://www.prism.oregonstate.edu).",,,LANDSCAPE,,,,,PARAMETER,landscape
1314,NRSA 1314 Landscape Metrics,Landscape Data,landscape_PSUMPY_2014_PT,PSUMPY_2014_PT,"GIS raster calculated as xi, where xi = the modeled total precipitation (mm) for month i (5-12) of the previous year and month i (1-4) of the sampling year. This value estimates the total precipitation for the 12 months prior to the field sampling season. Each value represents a 2 x 2 kilometer cell (http://www.prism.oregonstate.edu).",,,LANDSCAPE,,,,,PARAMETER,landscape
1314,NRSA 1314 Landscape Metrics,Landscape Data,landscape_PSUMPY_2014_WS,PSUMPY_2014_WS,"GIS raster calculated as xi, where xi = the modeled total precipitation (mm) for month i (5-12) of the previous year and month i (1-4) of the sampling year. This value estimates the total precipitation for the 12 months prior to the field sampling season. Each value represents a 2 x 2 kilometer cell (http://www.prism.oregonstate.edu).",,,LANDSCAPE,,,,,PARAMETER,landscape
1314,NRSA 1314 Landscape Metrics,Landscape Data,landscape_RDDENS_WS,RDDENS_WS,Watershed road density (km/km2),,,LANDSCAPE,,,0.0,,PARAMETER,landscape
1314,NRSA 1314 Landscape Metrics,Landscape Data,landscape_RDH_PT,RDH_PT,Site mean of the high values of depth to bedrock (inches) of soils from the State Soil Geographic (STATSGO) Database.,,,LANDSCAPE,,,,,PARAMETER,landscape
1314,NRSA 1314 Landscape Metrics,Landscape Data,landscape_RDH_WS,RDH_WS,Site mean of the high values of depth to bedrock (inches) of soils from the State Soil Geographic (STATSGO) Database.,,,LANDSCAPE,,,,,PARAMETER,landscape
1314,NRSA 1314 Landscape Metrics,Landscape Data,landscape_REACH_COMID,REACH_COMID,NHDPlus COMID for the stream reach,,,LANDSCAPE,,,,,PARAMETER,landscape
1314,NRSA 1314 Landscape Metrics,Landscape Data,landscape_RHMEAN_PT,RHMEAN_PT,"GIS raster calculated as (SUMxi / 12) / 30, where xi = the modeled mean relative humidity (%) for month i (1-12). Values based on 30 years (1961-1990) of PRISM climate estimates. Each value represents a 2 x 2 kilometer cell",,,LANDSCAPE,,,,,PARAMETER,landscape
1314,NRSA 1314 Landscape Metrics,Landscape Data,landscape_RHMEAN_WS,RHMEAN_WS,"Watershed average relative humidity (percent), from 2km PRISM, derived from 30 years of record (1961-1990).",,,LANDSCAPE,,,,,PARAMETER,landscape
1314,NRSA 1314 Landscape Metrics,Landscape Data,landscape_RUNOFF_WS,RUNOFF_WS,"Estimated watershed annual runoff, mm/year, mean for the period 1971-2000. Estimation method integrated effects of climate, land use, water use, regulation, etc. The base data layer was estimated from historical USGS streamflow data and hydrologic cataloging units in the conterminous U.S., following the appraoch of Krug and others (1989).",,,LANDSCAPE,,,,,PARAMETER,landscape
1314,NRSA 1314 Landscape Metrics,Landscape Data,landscape_SITE_ID,SITE_ID,"Site ID for the study and year sampled. Preferred form is NRSnn_MM-xxxxx where nn is current cycle year (04, 08, 13, 18, etc), MM is two letter state code, and xxxxx is between 10001 and 99999. Text. No missing values allowed.",,,DESIGN,,,,,PARAMETER,landscape
1314,NRSA 1314 Landscape Metrics,Landscape Data,landscape_SITE_ID,SITE_ID,Unique Site ID assigned for NRSA13-14,,,LANDSCAPE,,,,,PARAMETER,landscape
1314,NRSA 1314 Landscape Metrics,Landscape Data,landscape_SITE_ID,SITE_ID,Site ID,,,VERIF,,,,,PARAMETER,landscape
1314,NRSA 1314 Landscape Metrics,Landscape Data,landscape_SITE_ID,SITE_ID,Site ID,,,VERIF,,,,,PARAMETER,landscape
1314,NRSA 1314 Landscape Metrics,Landscape Data,landscape_SITE_ID,SITE_ID,Site ID,,,VERIF,,,,,PARAMETER,landscape
1314,NRSA 1314 Landscape Metrics,Landscape Data,landscape_SITETYPE,SITETYPE,Site type (Probability-based or hand-picked),,,DESIGN,,PROB | HAND,,,PARAMETER,landscape
1314,NRSA 1314 Landscape Metrics,Landscape Data,landscape_TMAX_WS,TMAX_WS,"Watershed average of maximum monthly air temperature (degrees C) from 800m PRISM, derived from 30 years of record (1971-2000).",,,LANDSCAPE,,,,,PARAMETER,landscape
1314,NRSA 1314 Landscape Metrics,Landscape Data,landscape_TMEAN_WS,TMEAN_WS,"Average annual air temperature for the watershed, degrees C, from 2km PRISM data. 30 years period of record 1971-2000.",,,LANDSCAPE,,,,,PARAMETER,landscape
1314,NRSA 1314 Landscape Metrics,Landscape Data,landscape_TMEANPW_2013_PT,TMEANPW_2013_PT,"GIS raster calculated as xi / 3, where xi = the modeled mean air temperature (°C) for month i (12) of the previous year and month i (1-2) of the sample year. The modeled monthly mean air temperature (xi) is the average of the minimum and maximum monthly air temperatures (http://www.prism.oregonstate.edu/faq.phtml). This value estimates the average temperature of the winter just prior to when field sampling was done. Each value represents a 2 x 2 kilometer cell",,,LANDSCAPE,,,,,PARAMETER,landscape
1314,NRSA 1314 Landscape Metrics,Landscape Data,landscape_TMEANPW_2013_WS,TMEANPW_2013_WS,"GIS raster calculated as xi / 3, where xi = the modeled mean air temperature (°C) for month i (12) of the previous year and month i (1-2) of the sample year. The modeled monthly mean air temperature (xi) is the average of the minimum and maximum monthly air temperatures (http://www.prism.oregonstate.edu/faq.phtml). This value estimates the average temperature of the winter just prior to when field sampling was done. Each value represents a 2 x 2 kilometer cell",,,LANDSCAPE,,,,,PARAMETER,landscape
1314,NRSA 1314 Landscape Metrics,Landscape Data,landscape_TMEANPW_2014_PT,TMEANPW_2014_PT,"GIS raster calculated as xi / 3, where xi = the modeled mean air temperature (°C) for month i (12) of the previous year and month i (1-2) of the sample year. The modeled monthly mean air temperature (xi) is the average of the minimum and maximum monthly air temperatures (http://www.prism.oregonstate.edu/faq.phtml). This value estimates the average temperature of the winter just prior to when field sampling was done. Each value represents a 2 x 2 kilometer cell",,,LANDSCAPE,,,,,PARAMETER,landscape
1314,NRSA 1314 Landscape Metrics,Landscape Data,landscape_TMEANPW_2014_WS,TMEANPW_2014_WS,"GIS raster calculated as xi / 3, where xi = the modeled mean air temperature (°C) for month i (12) of the previous year and month i (1-2) of the sample year. The modeled monthly mean air temperature (xi) is the average of the minimum and maximum monthly air temperatures (http://www.prism.oregonstate.edu/faq.phtml). This value estimates the average temperature of the winter just prior to when field sampling was done. Each value represents a 2 x 2 kilometer cell",,,LANDSCAPE,,,,,PARAMETER,landscape
1314,NRSA 1314 Landscape Metrics,Landscape Data,landscape_TMEANSS_2013_PT,TMEANSS_2013_PT,"GIS raster calculated as xi / 4, where xi = the modeled mean air temperature (°C) for month i (6-9) of the sample year. The modeled monthly mean air temperature (xi) is the average of the minimum and maximum monthly air temperatures (http://www.prism.oregonstate.edu/faq.phtml). This value estimates the average temperature of the specific summer that field sampling was done. Each value represents a 2 x 2 kilometer cell",,,LANDSCAPE,,,,,PARAMETER,landscape
1314,NRSA 1314 Landscape Metrics,Landscape Data,landscape_TMEANSS_2013_WS,TMEANSS_2013_WS,"GIS raster calculated as xi / 4, where xi = the modeled mean air temperature (°C) for month i (6-9) of the sample year. The modeled monthly mean air temperature (xi) is the average of the minimum and maximum monthly air temperatures (http://www.prism.oregonstate.edu/faq.phtml). This value estimates the average temperature of the specific summer that field sampling was done. Each value represents a 2 x 2 kilometer cell",,,LANDSCAPE,,,,,PARAMETER,landscape
1314,NRSA 1314 Landscape Metrics,Landscape Data,landscape_TMEANSS_2014_PT,TMEANSS_2014_PT,"GIS raster calculated as xi / 4, where xi = the modeled mean air temperature (°C) for month i (6-9) of the sample year. The modeled monthly mean air temperature (xi) is the average of the minimum and maximum monthly air temperatures (http://www.prism.oregonstate.edu/faq.phtml). This value estimates the average temperature of the specific summer that field sampling was done. Each value represents a 2 x 2 kilometer cell",,,LANDSCAPE,,,,,PARAMETER,landscape
1314,NRSA 1314 Landscape Metrics,Landscape Data,landscape_TMEANSS_2014_WS,TMEANSS_2014_WS,"GIS raster calculated as xi / 4, where xi = the modeled mean air temperature (°C) for month i (6-9) of the sample year. The modeled monthly mean air temperature (xi) is the average of the minimum and maximum monthly air temperatures (http://www.prism.oregonstate.edu/faq.phtml). This value estimates the average temperature of the specific summer that field sampling was done. Each value represents a 2 x 2 kilometer cell",,,LANDSCAPE,,,,,PARAMETER,landscape
1314,NRSA 1314 Landscape Metrics,Landscape Data,landscape_TMEANSY_2013_PT,TMEANSY_2013_PT,"GIS raster calculated as xi / 12, where xi = the modeled mean air temperature (°C) for month i (1-12) of the sample year. The modeled monthly mean air temperature (xi) is the average of the minimum and maximum monthly air temperatures (http://www.prism.oregonstate.edu/faq.phtml). This value estimates the average temperature of the specific year that field sampling was done. Each value represents a 2 x 2 kilometer cell",,,LANDSCAPE,,,,,PARAMETER,landscape
1314,NRSA 1314 Landscape Metrics,Landscape Data,landscape_TMEANSY_2013_WS,TMEANSY_2013_WS,"GIS raster calculated as xi / 12, where xi = the modeled mean air temperature (°C) for month i (1-12) of the sample year. The modeled monthly mean air temperature (xi) is the average of the minimum and maximum monthly air temperatures (http://www.prism.oregonstate.edu/faq.phtml). This value estimates the average temperature of the specific year that field sampling was done. Each value represents a 2 x 2 kilometer cell",,,LANDSCAPE,,,,,PARAMETER,landscape
1314,NRSA 1314 Landscape Metrics,Landscape Data,landscape_TMEANSY_2014_PT,TMEANSY_2014_PT,"GIS raster calculated as xi / 12, where xi = the modeled mean air temperature (°C) for month i (1-12) of the sample year. The modeled monthly mean air temperature (xi) is the average of the minimum and maximum monthly air temperatures (http://www.prism.oregonstate.edu/faq.phtml). This value estimates the average temperature of the specific year that field sampling was done. Each value represents a 2 x 2 kilometer cell",,,LANDSCAPE,,,,,PARAMETER,landscape
1314,NRSA 1314 Landscape Metrics,Landscape Data,landscape_TMEANSY_2014_WS,TMEANSY_2014_WS,"GIS raster calculated as xi / 12, where xi = the modeled mean air temperature (°C) for month i (1-12) of the sample year. The modeled monthly mean air temperature (xi) is the average of the minimum and maximum monthly air temperatures (http://www.prism.oregonstate.edu/faq.phtml). This value estimates the average temperature of the specific year that field sampling was done. Each value represents a 2 x 2 kilometer cell",,,LANDSCAPE,,,,,PARAMETER,landscape
1314,NRSA 1314 Landscape Metrics,Landscape Data,landscape_TMIN_PT,TMIN_PT,"GIS raster calculated as MINxi / 30, where xi = the modeled monthly average minimum air temperature (°C) for month i (1-12). Values based on 30 years (1971-2000) of PRISM climate estimates. Each value represents a 900 x 900 meter cell. Note that these values are modified from the PRISM annual maximum air temperature grid available at: http://www.prism.oregonstate.edu, that are calculated as (SUMxi / 12) / 30, where xi = the modeled monthly average minimum air temperature (°C) for month i (1-12).",,,LANDSCAPE,,,,,PARAMETER,landscape
1314,NRSA 1314 Landscape Metrics,Landscape Data,landscape_TMIN_WS,TMIN_WS,"GIS raster calculated as MINxi / 30, where xi = the modeled monthly average minimum air temperature (°C) for month i (1-12). Values based on 30 years (1971-2000) of PRISM climate estimates. Each value represents a 900 x 900 meter cell. Note that these values are modified from the PRISM annual maximum air temperature grid available at: http://www.prism.oregonstate.edu, that are calculated as (SUMxi / 12) / 30, where xi = the modeled monthly average minimum air temperature (°C) for month i (1-12).",,,LANDSCAPE,,,,,PARAMETER,landscape
1314,NRSA 1314 Landscape Metrics,Landscape Data,landscape_TOPWET_WS,TOPWET_WS,"Topographic wetness index, ln(a/S); where ""ln"" is the natural log, ""a"" is the upslope area per unit contour length and ""S"" is the slope at that point. See http://ks.water.usgs.gov/Kansas/pubs/reports/wrir.99-4242.html and Wolock and McCabe, 1995 for more detail/ TWI is computed as ln(a/S), where ""ln"" is the natural log, ""a"" is the upslope area per unit contour length and ""S"" is the slope at that point. A single flow direction algorithm was used to compute this version of theTWI (Wolock and McCabe, 1995);TWI values were derived from 1-km USGS digital elevation data.",,,LANDSCAPE,,,,,PARAMETER,landscape
1314,NRSA 1314 Landscape Metrics,Landscape Data,landscape_URB_1KM_BUF,URB_1KM_BUF,Percent urban land use within 1 km buffer of point,,,LANDSCAPE,,,0.0,,PARAMETER,landscape
1314,NRSA 1314 Landscape Metrics,Landscape Data,landscape_VISIT_NO,VISIT_NO,Number identifying which visit this is,,,VERIF,,|1|2,,,PARAMETER,landscape
1314,NRSA 1314 Landscape Metrics,Landscape Data,landscape_VISIT_NO,VISIT_NO,Number identifying which visit this is,,,VERIF,,|1|2,,,PARAMETER,landscape
1314,NRSA 1314 Landscape Metrics,Landscape Data,landscape_VISIT_NO,VISIT_NO,Number identifying which visit this is,,,VERIF,,|1|2,,,PARAMETER,landscape
1314,NRSA 1314 Landscape Metrics,Landscape Data,landscape_WDMAX_PT,WDMAX_PT,"GIS raster calculated as (SUMxi / 12) / 30, where xi = the modeled maximum number of days with measurable precipitation (i.e., ""wetdays"", days) for month i (1-12). Values based on 30 years (1961-1990) of PRISM climate estimates. Each value represents a 2 x 2 kilometer cell",,,LANDSCAPE,,,,,PARAMETER,landscape
1314,NRSA 1314 Landscape Metrics,Landscape Data,landscape_WDMAX_WS,WDMAX_WS,"GIS raster calculated as (SUMxi / 12) / 30, where xi = the modeled maximum number of days with measurable precipitation (i.e., ""wetdays"", days) for month i (1-12). Values based on 30 years (1961-1990) of PRISM climate estimates. Each value represents a 2 x 2 kilometer cell",,,LANDSCAPE,,,,,PARAMETER,landscape
1314,NRSA 1314 Landscape Metrics,Landscape Data,landscape_WDMIN_PT,WDMIN_PT,"GIS raster calculated as (SUMxi / 12) / 30, where xi = the modeled minimum number of days with measurable precipitation (i.e., ""wetdays"", days) for month i (1-12). Values based on 30 years (1961-1990) of PRISM climate estimates. Each value represents a 2 x 2 kilometer cell",,,LANDSCAPE,,,,,PARAMETER,landscape
1314,NRSA 1314 Landscape Metrics,Landscape Data,landscape_WDMIN_WS,WDMIN_WS,"GIS raster calculated as (SUMxi / 12) / 30, where xi = the modeled minimum number of days with measurable precipitation (i.e., ""wetdays"", days) for month i (1-12). Values based on 30 years (1961-1990) of PRISM climate estimates. Each value represents a 2 x 2 kilometer cell",,,LANDSCAPE,,,,,PARAMETER,landscape
1314,NRSA 1314 Landscape Metrics,Landscape Data,landscape_WDSUM_PT,WDSUM_PT,"GIS raster calculated as (SUMxi / 12) / 30, where xi = the modeled mean number of days with measurable precipitation (i.e., ""wetdays"", days) for month i (1-12). Values based on 30 years (1961-1990) of PRISM climate estimates. Each value represents a 2 x 2 kilometer cell",,,LANDSCAPE,,,,,PARAMETER,landscape
1314,NRSA 1314 Landscape Metrics,Landscape Data,landscape_WDSUM_WS,WDSUM_WS,"GIS raster calculated as (SUMxi / 12) / 30, where xi = the modeled mean number of days with measurable precipitation (i.e., ""wetdays"", days) for month i (1-12). Values based on 30 years (1961-1990) of PRISM climate estimates. Each value represents a 2 x 2 kilometer cell",,,LANDSCAPE,,,,,PARAMETER,landscape
1314,NRSA 1314 Landscape Metrics,Landscape Data,landscape_WSAREASQKM,WSAREASQKM,Watershed area in square kilometers based on the pour point and using NHDPlus catchments,,,LANDSCAPE,,,,,PARAMETER,landscape
1314,NRSA 1314 Landscape Metrics,Landscape Data,landscape_WTDH_PT,WTDH_PT,Watershed mean of the high values of seasonal water table depth (feet) of soils from the State Soil Geographic (STATSGO) Database,,,LANDSCAPE,,,,,PARAMETER,landscape
1314,NRSA 1314 Landscape Metrics,Landscape Data,landscape_WTDPH_WS,WTDPH_WS,Watershed mean of the high values of seasonal water table depth (feet) of soils from the State Soil Geographic (STATSGO) Database,,,LANDSCAPE,,,,,PARAMETER,landscape
1314,NRSA 1314 Landscape Metrics,Landscape Data,landscape_YEAR,YEAR,Year of sampling,,,VERIF,,,,,PARAMETER,landscape
1314,NRSA 1314 Periphyton Biomass,Periphyton Biomass,periphyton_biomass_AFDM_DATE_ANALYZED,AFDM_DATE_ANALYZED,Ash Free Dry Mass for NA,,,PBIO,,,,,VARIABLE,periphyton_biomass
1314,NRSA 1314 Periphyton Biomass,Periphyton Biomass,periphyton_biomass_AFDM_DATE_FILTERED,AFDM_DATE_FILTERED,Ash Free Dry Mass for NA,,,PBIO,,,,,VARIABLE,periphyton_biomass
1314,NRSA 1314 Periphyton Biomass,Periphyton Biomass,periphyton_biomass_AFDM_DATE_PROCESSED,AFDM_DATE_PROCESSED,Ash Free Dry Mass for NA,,,PBIO,,,,,VARIABLE,periphyton_biomass
1314,NRSA 1314 Periphyton Biomass,Periphyton Biomass,periphyton_biomass_AFDM_DATE_RECEIVED,AFDM_DATE_RECEIVED,Ash Free Dry Mass for NA,,,PBIO,,,,,VARIABLE,periphyton_biomass
1314,NRSA 1314 Periphyton Biomass,Periphyton Biomass,periphyton_biomass_AFDM_EXTRACT,AFDM_EXTRACT,Ash Free Dry Mass for NA,,,PBIO,,,,,VARIABLE,periphyton_biomass
1314,NRSA 1314 Periphyton Biomass,Periphyton Biomass,periphyton_biomass_AFDM_EXTRACT_VOL,AFDM_EXTRACT_VOL,Ash Free Dry Mass for NA,,,PBIO,,,,,VARIABLE,periphyton_biomass
1314,NRSA 1314 Periphyton Biomass,Periphyton Biomass,periphyton_biomass_AFDM_HOLDING_TIME,AFDM_HOLDING_TIME,Ash Free Dry Mass for NA,,,PBIO,,,,,VARIABLE,periphyton_biomass
1314,NRSA 1314 Periphyton Biomass,Periphyton Biomass,periphyton_biomass_AFDM_LAB_SAMPLE_ID,AFDM_LAB_SAMPLE_ID,Ash Free Dry Mass for NA,,,PBIO,,,,,VARIABLE,periphyton_biomass
1314,NRSA 1314 Periphyton Biomass,Periphyton Biomass,periphyton_biomass_AFDM_MDL,AFDM_MDL,Ash Free Dry Mass for NA,,,PBIO,,,,,VARIABLE,periphyton_biomass
1314,NRSA 1314 Periphyton Biomass,Periphyton Biomass,periphyton_biomass_AFDM_NARS_FLAG,AFDM_NARS_FLAG,Ash Free Dry Mass for NA,,,PBIO,,,,,VARIABLE,periphyton_biomass
1314,NRSA 1314 Periphyton Biomass,Periphyton Biomass,periphyton_biomass_AFDM_QA_FLAG,AFDM_QA_FLAG,Ash Free Dry Mass for NA,,,PBIO,,,,,VARIABLE,periphyton_biomass
1314,NRSA 1314 Periphyton Biomass,Periphyton Biomass,periphyton_biomass_AFDM_RESULT,AFDM_RESULT,Ash Free Dry Mass for NA,,,PBIO,,,,,VARIABLE,periphyton_biomass
1314,NRSA 1314 Periphyton Biomass,Periphyton Biomass,periphyton_biomass_AFDM_RESULT_VOL,AFDM_RESULT_VOL,Ash Free Dry Mass for NA,,,PBIO,,,,,VARIABLE,periphyton_biomass
1314,NRSA 1314 Periphyton Biomass,Periphyton Biomass,periphyton_biomass_AFDM_RL,AFDM_RL,Ash Free Dry Mass for NA,,,PBIO,,,,,VARIABLE,periphyton_biomass
1314,NRSA 1314 Periphyton Biomass,Periphyton Biomass,periphyton_biomass_AFDM_SAMPLE_ID,AFDM_SAMPLE_ID,Ash Free Dry Mass for NA,,,PBIO,,,,,VARIABLE,periphyton_biomass
1314,NRSA 1314 Periphyton Biomass,Periphyton Biomass,periphyton_biomass_AFDM_SAMPLEVOL,AFDM_SAMPLEVOL,Ash Free Dry Mass for NA,,,PBIO,,,,,VARIABLE,periphyton_biomass
1314,NRSA 1314 Periphyton Biomass,Periphyton Biomass,periphyton_biomass_AFDM_SHIP_FLAG,AFDM_SHIP_FLAG,Ash Free Dry Mass for NA,,,PBIO,,,,,VARIABLE,periphyton_biomass
1314,NRSA 1314 Periphyton Biomass,Periphyton Biomass,periphyton_biomass_AFDM_VOLUME_FILTERED,AFDM_VOLUME_FILTERED,Ash Free Dry Mass for NA,,,PBIO,,,,,VARIABLE,periphyton_biomass
1314,NRSA 1314 Physical Habitat Indicator Metrics,Physical Habitat,phab_indicator_DATE_COL,DATE_COL,,,,VERIF,,,,,PARAMETER,phab_indicator
1314,NRSA 1314 Physical Habitat Indicator Metrics,Physical Habitat,phab_indicator_INDEX_VISIT,INDEX_VISIT,,,,VERIF,,,,,PARAMETER,phab_indicator
1314,NRSA 1314 Physical Habitat Indicator Metrics,Physical Habitat,phab_indicator_L_XCMGW,L_XCMGW,,,,PHAB,,,,,PARAMETER,phab_indicator
1314,NRSA 1314 Physical Habitat Indicator Metrics,Physical Habitat,phab_indicator_L_XFC_NAT,L_XFC_NAT,,,,PHAB,,,,,PARAMETER,phab_indicator
1314,NRSA 1314 Physical Habitat Indicator Metrics,Physical Habitat,phab_indicator_LRBS_USE,LRBS_USE,,,,PHAB,,,,,PARAMETER,phab_indicator
1314,NRSA 1314 Physical Habitat Indicator Metrics,Physical Habitat,phab_indicator_SITE_ID,SITE_ID,,,,DESIGN,,,,,PARAMETER,phab_indicator
1314,NRSA 1314 Physical Habitat Indicator Metrics,Physical Habitat,phab_indicator_SITE_ID,SITE_ID,,,,LANDSCAPE,,,,,PARAMETER,phab_indicator
1314,NRSA 1314 Physical Habitat Indicator Metrics,Physical Habitat,phab_indicator_SITE_ID,SITE_ID,,,,VERIF,,,,,PARAMETER,phab_indicator
1314,NRSA 1314 Physical Habitat Indicator Metrics,Physical Habitat,phab_indicator_UID,UID,Unique site visit ID,,,,,,,,PARAMETER,phab_indicator
1314,NRSA 1314 Physical Habitat Indicator Metrics,Physical Habitat,phab_indicator_VISIT_NO,VISIT_NO,,,,VERIF,,|1|2,,,PARAMETER,phab_indicator
1314,NRSA 1314 Physical Habitat Indicator Metrics,Physical Habitat,phab_indicator_W1_HALL,W1_HALL,,,,PHAB,,,,,PARAMETER,phab_indicator
1314,NRSA 1314 Physical Habitat Indicator Metrics,Physical Habitat,phab_indicator_W1_HALL,W1_HALL,,,,PHab boatable: human disturbance,,,,,PARAMETER,phab_indicator
1314,NRSA 1314 Physical Habitat Indicator Metrics,Physical Habitat,phab_indicator_W1_HALL,W1_HALL,,,,PHab wadeable: human disturbance,,,,,PARAMETER,phab_indicator
1314,NRSA 1314 Physical Habitat Indicator Metrics,Physical Habitat,phab_indicator_YEAR,YEAR,,,,VERIF,,,,,PARAMETER,phab_indicator
1314,NRSA 1314 Physical Habitat Most Common Metrics,Physical Habitat,phab_common_BANGMODE,BANGMODE,,,,BANK MORPHOLOGY,,,,,PARAMETER,phab_common
1314,NRSA 1314 Physical Habitat Most Common Metrics,Physical Habitat,phab_common_BFWD_RAT,BFWD_RAT,,,,CHANNEL MORPHOLOGY,,,,,PARAMETER,phab_common
1314,NRSA 1314 Physical Habitat Most Common Metrics,Physical Habitat,phab_common_CONPATTERN,CONPATTERN,,,,CHANNEL CHARACTERISTICS,,,,,PARAMETER,phab_common
1314,NRSA 1314 Physical Habitat Most Common Metrics,Physical Habitat,phab_common_CONSTRAINT,CONSTRAINT,,,,CHANNEL CHARACTERISTICS,,,,,PARAMETER,phab_common
1314,NRSA 1314 Physical Habitat Most Common Metrics,Physical Habitat,phab_common_CVDTH,CVDTH,,CV of thalweg depth (SDDEPTH/XDEPTH),CV of thalweg depth (SDDEPTH/XDEPTH),INTERPRETATION,,,,,PARAMETER,phab_common
1314,NRSA 1314 Physical Habitat Most Common Metrics,Physical Habitat,phab_common_CVWIDTH,CVWIDTH,,CV of Wetted Width (SDWIDTH/XWidth),CV of Wetted Width (SDWIDTH/XWidth),INTERPRETATION,,,,,PARAMETER,phab_common
1314,NRSA 1314 Physical Habitat Most Common Metrics,Physical Habitat,phab_common_CVWXD,CVWXD,,CV of Width Depth Product (SDWXD/XWXD),CV of Width Depth Product (SDWXD/XWXD),INTERPRETATION,,,,,PARAMETER,phab_common
1314,NRSA 1314 Physical Habitat Most Common Metrics,Physical Habitat,phab_common_LDCBF_G08,LDCBF_G08,,,,SUBSTRATE CHARACTERIZATION,,,,,PARAMETER,phab_common
1314,NRSA 1314 Physical Habitat Most Common Metrics,Physical Habitat,phab_common_LDMB_BW5,LDMB_BW5,,,,BED STABILITY,,,,,PARAMETER,phab_common
1314,NRSA 1314 Physical Habitat Most Common Metrics,Physical Habitat,phab_common_LITSB1_FN,LITSB1_FN,,Littoral Dominant % Substrate Fines (<0.06mm),,INTERPRETATION,,,,,PARAMETER,phab_common
1314,NRSA 1314 Physical Habitat Most Common Metrics,Physical Habitat,phab_common_LITSB1_SF,LITSB1_SF,,Littoral Dominant % Substrate Sand or Fines (<2.0mm),,INTERPRETATION,,,,,PARAMETER,phab_common
1314,NRSA 1314 Physical Habitat Most Common Metrics,Physical Habitat,phab_common_LITSB1_SFGF,LITSB1_SFGF,,Littoral Dominant % Substrate <16mm diameter,,INTERPRETATION,,,,,PARAMETER,phab_common
1314,NRSA 1314 Physical Habitat Most Common Metrics,Physical Habitat,phab_common_LITSB12_FN,LITSB12_FN,,Littoral Dominant or Subdominant % Substrate Fines (<0.06mm),,INTERPRETATION,,,,,PARAMETER,phab_common
1314,NRSA 1314 Physical Habitat Most Common Metrics,Physical Habitat,phab_common_LITSB12_SF,LITSB12_SF,,Littoral Dom. or Subdom. % Substrate Sand or Fines (<2.0mm),,INTERPRETATION,,,,,PARAMETER,phab_common
1314,NRSA 1314 Physical Habitat Most Common Metrics,Physical Habitat,phab_common_LRBS_BW5,LRBS_BW5,,,,BED STABILITY,,,,,PARAMETER,phab_common
1314,NRSA 1314 Physical Habitat Most Common Metrics,Physical Habitat,phab_common_LRBS_G08,LRBS_G08,,,,BED STABILITY,,,,,PARAMETER,phab_common
1314,NRSA 1314 Physical Habitat Most Common Metrics,Physical Habitat,phab_common_LSUB_DMM,LSUB_DMM,,,,SUBSTRATE CHARACTERIZATION,,,,,PARAMETER,phab_common
1314,NRSA 1314 Physical Habitat Most Common Metrics,Physical Habitat,phab_common_LSUB_DMM_NOR,LSUB_DMM_NOR,,,,SUBSTRATE CHARACTERIZATION,,,,,PARAMETER,phab_common
1314,NRSA 1314 Physical Habitat Most Common Metrics,Physical Habitat,phab_common_LWDEQVOL_MSQ,LWDEQVOL_MSQ,,Wood Vol (m3/m2 in area fished in littoral),Wood Vol (m3/m2 in area fished in reach),INTERPRETATION,,,,,PARAMETER,phab_common
1314,NRSA 1314 Physical Habitat Most Common Metrics,Physical Habitat,phab_common_LWDEQVOLM100,LWDEQVOLM100,,Wood Vol (m3) per 100m channel,Wood Vol (m3) per 100m channel,INTERPRETATION,,,,,PARAMETER,phab_common
1314,NRSA 1314 Physical Habitat Most Common Metrics,Physical Habitat,phab_common_PCT_BDRK,PCT_BDRK,,,,SUBSTRATE CHARACTERIZATION,,,,,PARAMETER,phab_common
1314,NRSA 1314 Physical Habitat Most Common Metrics,Physical Habitat,phab_common_PCT_BH,PCT_BH,,Bed Surface % Bedrock + Hardpan,Bed Surface % Bedrock + Hardpan,INTERPRETATION,,,,,PARAMETER,phab_common
1314,NRSA 1314 Physical Habitat Most Common Metrics,Physical Habitat,phab_common_PCT_BH,PCT_BH,,,Bed Surface % Bedrock + Hardpan,SUBSTRATE CHARACTERIZATION,,,,,PARAMETER,phab_common
1314,NRSA 1314 Physical Habitat Most Common Metrics,Physical Habitat,phab_common_PCT_BIGR,PCT_BIGR,,,,SUBSTRATE CHARACTERIZATION,,,,,PARAMETER,phab_common
1314,NRSA 1314 Physical Habitat Most Common Metrics,Physical Habitat,phab_common_PCT_DR,PCT_DR,,,,CHANNEL HABITAT,,,,,PARAMETER,phab_common
1314,NRSA 1314 Physical Habitat Most Common Metrics,Physical Habitat,phab_common_PCT_DRS,PCT_DRS,,Percent of Reach dry or submerged flow,Percent of Reach dry or submerged flow,INTERPRETATION,,,,,PARAMETER,phab_common
1314,NRSA 1314 Physical Habitat Most Common Metrics,Physical Habitat,phab_common_PCT_FAST,PCT_FAST,,,,CHANNEL HABITAT,,,,,PARAMETER,phab_common
1314,NRSA 1314 Physical Habitat Most Common Metrics,Physical Habitat,phab_common_PCT_FN,PCT_FN,,,,SUBSTRATE CHARACTERIZATION,,,,,PARAMETER,phab_common
1314,NRSA 1314 Physical Habitat Most Common Metrics,Physical Habitat,phab_common_PCT_HP,PCT_HP,,,,SUBSTRATE CHARACTERIZATION,,,,,PARAMETER,phab_common
1314,NRSA 1314 Physical Habitat Most Common Metrics,Physical Habitat,phab_common_PCT_SAFN,PCT_SAFN,,,,SUBSTRATE CHARACTERIZATION,,,,,PARAMETER,phab_common
1314,NRSA 1314 Physical Habitat Most Common Metrics,Physical Habitat,phab_common_PCT_SFG,PCT_SFG,,Bed surface coarse gravel or smaller (<64mm) (PCT_SA + PCT_FN + PCT_GR),Bed surface coarse gravel or smaller (<64mm) (PCT_SFGF + PCT_GC),INTERPRETATION,,,,,PARAMETER,phab_common
1314,NRSA 1314 Physical Habitat Most Common Metrics,Physical Habitat,phab_common_PCT_SFGF,PCT_SFGF,,,,SUBSTRATE CHARACTERIZATION,,,,,PARAMETER,phab_common
1314,NRSA 1314 Physical Habitat Most Common Metrics,Physical Habitat,phab_common_PCT_SIDE,PCT_SIDE,,,,GENERAL,,,,,PARAMETER,phab_common
1314,NRSA 1314 Physical Habitat Most Common Metrics,Physical Habitat,phab_common_PCT_SLOW,PCT_SLOW,,,,CHANNEL HABITAT,,,,,PARAMETER,phab_common
1314,NRSA 1314 Physical Habitat Most Common Metrics,Physical Habitat,phab_common_QR1,QR1,,Riparian Quality Index (Scaled XCMGW XCdenBK W1Hall 0-1),Riparian Quality Index (Scaled XCMGW XCdenBK W1Hall 0-1),INTERPRETATION,,,,,PARAMETER,phab_common
1314,NRSA 1314 Physical Habitat Most Common Metrics,Physical Habitat,phab_common_QRVEG1,QRVEG1,,Riparian Veg Quality Index (Scaled XCMGW),Riparian Veg Quality Index (Scaled XCMGW),INTERPRETATION,,,,,PARAMETER,phab_common
1314,NRSA 1314 Physical Habitat Most Common Metrics,Physical Habitat,phab_common_RDIST1,RDIST1,,Riparian Disturbance index (scaled W1_Hall 0-1),Riparian Disturbance index (scaled W1_Hall 0-1),INTERPRETATION,,,,,PARAMETER,phab_common
1314,NRSA 1314 Physical Habitat Most Common Metrics,Physical Habitat,phab_common_REACHLEN,REACHLEN,,,,GENERAL,,,,,PARAMETER,phab_common
1314,NRSA 1314 Physical Habitat Most Common Metrics,Physical Habitat,phab_common_RP100,RP100,,,,RESIDUAL POOLS,,,,,PARAMETER,phab_common
1314,NRSA 1314 Physical Habitat Most Common Metrics,Physical Habitat,phab_common_RPRAT,RPRAT,,Residual Depth proportion (RP100/XDepth),Residual Depth proportion (RP100/XDepth),INTERPRETATION,,,,,PARAMETER,phab_common
1314,NRSA 1314 Physical Habitat Most Common Metrics,Physical Habitat,phab_common_SDDEPTH_CM,SDDEPTH_CM,,"Std deviation of thalweg depth (cm), converted from raw data in m",Std deviation of thalweg depth (cm),INTERPRETATION,,,,,PARAMETER,phab_common
1314,NRSA 1314 Physical Habitat Most Common Metrics,Physical Habitat,phab_common_SDWIDTH,SDWIDTH,,,,CHANNEL MORPHOLOGY,,,,,PARAMETER,phab_common
1314,NRSA 1314 Physical Habitat Most Common Metrics,Physical Habitat,phab_common_SDWXD,SDWXD,,,,CHANNEL MORPHOLOGY,,,,,PARAMETER,phab_common
1314,NRSA 1314 Physical Habitat Most Common Metrics,Physical Habitat,phab_common_SINU,SINU,,,,SLOPE AND BEARING,,,,,PARAMETER,phab_common
1314,NRSA 1314 Physical Habitat Most Common Metrics,Physical Habitat,phab_common_SITETYPE,SITETYPE,,"Site type (Probability-based or hand-picked). PROB for sites from probability survey. Usually HAND for hand-picked sites. In EMAP West and WSA, STARHAND is used to identify hand-picked sites that do not have all CORE indicators available.","Site type (Probability-based or hand-picked). PROB for sites from probability survey. Usually HAND for hand-picked sites. In EMAP West and WSA, STARHAND is used to identify hand-picked sites that do not have all CORE indicators available.",,,,,,PARAMETER,phab_common
1314,NRSA 1314 Physical Habitat Most Common Metrics,Physical Habitat,phab_common_UID,UID,,Unique site visit ID,Unique site visit ID,,,,,,PARAMETER,phab_common
1314,NRSA 1314 Physical Habitat Most Common Metrics,Physical Habitat,phab_common_UID,UID,,Unique site visit ID,Unique site visit ID,,,,,,PARAMETER,phab_common
1314,NRSA 1314 Physical Habitat Most Common Metrics,Physical Habitat,phab_common_UID,UID,,Unique site visit ID,Unique site visit ID,,,,,,PARAMETER,phab_common
1314,NRSA 1314 Physical Habitat Most Common Metrics,Physical Habitat,phab_common_V1W_MSQ,V1W_MSQ,,,,LARGE WOODY DEBRIS,,,,,PARAMETER,phab_common
1314,NRSA 1314 Physical Habitat Most Common Metrics,Physical Habitat,phab_common_V1WM100,V1WM100,,,,LARGE WOODY DEBRIS,,,,,PARAMETER,phab_common
1314,NRSA 1314 Physical Habitat Most Common Metrics,Physical Habitat,phab_common_W1_HAG,W1_HAG,,,,HUMAN DISTURBANCE,,,,,PARAMETER,phab_common
1314,NRSA 1314 Physical Habitat Most Common Metrics,Physical Habitat,phab_common_W1_HALL,W1_HALL,,,,HUMAN DISTURBANCE,,,,,PARAMETER,phab_common
1314,NRSA 1314 Physical Habitat Most Common Metrics,Physical Habitat,phab_common_W1_HNOAG,W1_HNOAG,,,,HUMAN DISTURBANCE,,,,,PARAMETER,phab_common
1314,NRSA 1314 Physical Habitat Most Common Metrics,Physical Habitat,phab_common_W1H_CROP,W1H_CROP,,,,HUMAN DISTURBANCE,,,,,PARAMETER,phab_common
1314,NRSA 1314 Physical Habitat Most Common Metrics,Physical Habitat,phab_common_W1H_WALL,W1H_WALL,,,,HUMAN DISTURBANCE,,,,,PARAMETER,phab_common
1314,NRSA 1314 Physical Habitat Most Common Metrics,Physical Habitat,phab_common_XBKF_H,XBKF_H,,,,CHANNEL MORPHOLOGY,,,,,PARAMETER,phab_common
1314,NRSA 1314 Physical Habitat Most Common Metrics,Physical Habitat,phab_common_XBKF_W,XBKF_W,,,,CHANNEL MORPHOLOGY,,,,,PARAMETER,phab_common
1314,NRSA 1314 Physical Habitat Most Common Metrics,Physical Habitat,phab_common_XC,XC,,,,RIPARIAN VEGETATION,,,,,PARAMETER,phab_common
1314,NRSA 1314 Physical Habitat Most Common Metrics,Physical Habitat,phab_common_XCDENBK,XCDENBK,,,,CANOPY DENSIOMETER,,,,,PARAMETER,phab_common
1314,NRSA 1314 Physical Habitat Most Common Metrics,Physical Habitat,phab_common_XCDENMID,XCDENMID,,,,CANOPY DENSIOMETER,,,,,PARAMETER,phab_common
1314,NRSA 1314 Physical Habitat Most Common Metrics,Physical Habitat,phab_common_XCL,XCL,,,,RIPARIAN VEGETATION,,,,,PARAMETER,phab_common
1314,NRSA 1314 Physical Habitat Most Common Metrics,Physical Habitat,phab_common_XCMG,XCMG,,,,RIPARIAN VEGETATION,,,,,PARAMETER,phab_common
1314,NRSA 1314 Physical Habitat Most Common Metrics,Physical Habitat,phab_common_XCMGW,XCMGW,,,,RIPARIAN VEGETATION,,,,,PARAMETER,phab_common
1314,NRSA 1314 Physical Habitat Most Common Metrics,Physical Habitat,phab_common_XDEPTH_CM,XDEPTH_CM,,"Mean thalweg depth (cm), converted from raw data in m",Mean thalweg depth (cm),INTERPRETATION,,,,,PARAMETER,phab_common
1314,NRSA 1314 Physical Habitat Most Common Metrics,Physical Habitat,phab_common_XEMBED,XEMBED,,,,SUBSTRATE EMBEDDEDNESS,,,,,PARAMETER,phab_common
1314,NRSA 1314 Physical Habitat Most Common Metrics,Physical Habitat,phab_common_XFC_ALG,XFC_ALG,,,,FISH COVER,,,,,PARAMETER,phab_common
1314,NRSA 1314 Physical Habitat Most Common Metrics,Physical Habitat,phab_common_XFC_AQM,XFC_AQM,,,,FISH COVER,,,,,PARAMETER,phab_common
1314,NRSA 1314 Physical Habitat Most Common Metrics,Physical Habitat,phab_common_XFC_LWD,XFC_LWD,,,,FISH COVER,,,,,PARAMETER,phab_common
1314,NRSA 1314 Physical Habitat Most Common Metrics,Physical Habitat,phab_common_XFC_NAT,XFC_NAT,,,,FISH COVER,,,,,PARAMETER,phab_common
1314,NRSA 1314 Physical Habitat Most Common Metrics,Physical Habitat,phab_common_XGB,XGB,,,,RIPARIAN VEGETATION,,,,,PARAMETER,phab_common
1314,NRSA 1314 Physical Habitat Most Common Metrics,Physical Habitat,phab_common_XGH,XGH,,,,RIPARIAN VEGETATION,,,,,PARAMETER,phab_common
1314,NRSA 1314 Physical Habitat Most Common Metrics,Physical Habitat,phab_common_XGW,XGW,,,,RIPARIAN VEGETATION,,,,,PARAMETER,phab_common
1314,NRSA 1314 Physical Habitat Most Common Metrics,Physical Habitat,phab_common_XINC_H,XINC_H,,,,CHANNEL MORPHOLOGY,,,,,PARAMETER,phab_common
1314,NRSA 1314 Physical Habitat Most Common Metrics,Physical Habitat,phab_common_XSHOR2VG,XSHOR2VG,,,,CHANNEL CHARACTERISTICS,,,,,PARAMETER,phab_common
1314,NRSA 1314 Physical Habitat Most Common Metrics,Physical Habitat,phab_common_XSLOPE,XSLOPE,,,,SLOPE AND BEARING,,,,,PARAMETER,phab_common
1314,NRSA 1314 Physical Habitat Most Common Metrics,Physical Habitat,phab_common_XWD_RAT,XWD_RAT,,,,CHANNEL MORPHOLOGY,,,,,PARAMETER,phab_common
1314,NRSA 1314 Physical Habitat Most Common Metrics,Physical Habitat,phab_common_XWIDTH,XWIDTH,,,,CHANNEL MORPHOLOGY,,,,,PARAMETER,phab_common
1314,NRSA 1314 Physical Habitat Most Common Metrics,Physical Habitat,phab_common_XWXD,XWXD,,,,CHANNEL MORPHOLOGY,,,,,PARAMETER,phab_common
1314,NRSA 1314 Physical Habitat Larger Set of Metrics,Physical Habitat,phab_BANGMODE,BANGMODE,,,,BANK MORPHOLOGY,,,,,PARAMETER,phab
1314,NRSA 1314 Physical Habitat Larger Set of Metrics,Physical Habitat,phab_BFWD_RAT,BFWD_RAT,,,,CHANNEL MORPHOLOGY,,,,,PARAMETER,phab
1314,NRSA 1314 Physical Habitat Larger Set of Metrics,Physical Habitat,phab_C1TM100,C1TM100,,,,LARGE WOODY DEBRIS,,,,,PARAMETER,phab
1314,NRSA 1314 Physical Habitat Larger Set of Metrics,Physical Habitat,phab_C1WM100,C1WM100,,,,LARGE WOODY DEBRIS,,,,,PARAMETER,phab
1314,NRSA 1314 Physical Habitat Larger Set of Metrics,Physical Habitat,phab_C2TM100,C2TM100,,,,LARGE WOODY DEBRIS,,,,,PARAMETER,phab
1314,NRSA 1314 Physical Habitat Larger Set of Metrics,Physical Habitat,phab_C2WM100,C2WM100,,,,LARGE WOODY DEBRIS,,,,,PARAMETER,phab
1314,NRSA 1314 Physical Habitat Larger Set of Metrics,Physical Habitat,phab_C4TM100,C4TM100,,,,LARGE WOODY DEBRIS,,,,,PARAMETER,phab
1314,NRSA 1314 Physical Habitat Larger Set of Metrics,Physical Habitat,phab_C4WM100,C4WM100,,,,LARGE WOODY DEBRIS,,,,,PARAMETER,phab
1314,NRSA 1314 Physical Habitat Larger Set of Metrics,Physical Habitat,phab_CONBANKFULL,CONBANKFULL,,,,CHANNEL CHARACTERISTICS,,,,,PARAMETER,phab
1314,NRSA 1314 Physical Habitat Larger Set of Metrics,Physical Habitat,phab_CONFEATURES,CONFEATURES,,,,CHANNEL CHARACTERISTICS,,,,,PARAMETER,phab
1314,NRSA 1314 Physical Habitat Larger Set of Metrics,Physical Habitat,phab_CONPATTERN,CONPATTERN,,,,CHANNEL CHARACTERISTICS,,,,,PARAMETER,phab
1314,NRSA 1314 Physical Habitat Larger Set of Metrics,Physical Habitat,phab_CONPERCENT,CONPERCENT,,,,CHANNEL CHARACTERISTICS,,,,,PARAMETER,phab
1314,NRSA 1314 Physical Habitat Larger Set of Metrics,Physical Habitat,phab_CONSTRAINT,CONSTRAINT,,,,CHANNEL CHARACTERISTICS,,,,,PARAMETER,phab
1314,NRSA 1314 Physical Habitat Larger Set of Metrics,Physical Habitat,phab_CONVALLEY,CONVALLEY,,,,CHANNEL CHARACTERISTICS,,,,,PARAMETER,phab
1314,NRSA 1314 Physical Habitat Larger Set of Metrics,Physical Habitat,phab_CONVALLEYBOX,CONVALLEYBOX,,,,CHANNEL CHARACTERISTICS,,,,,PARAMETER,phab
1314,NRSA 1314 Physical Habitat Larger Set of Metrics,Physical Habitat,phab_CP3_MILL,CP3_MILL,,,,BED STABILITY,,,,,PARAMETER,phab
1314,NRSA 1314 Physical Habitat Larger Set of Metrics,Physical Habitat,phab_CP3CTRPWD_RAT,CP3CTRPWD_RAT,,,,BED STABILITY,,,,,PARAMETER,phab
1314,NRSA 1314 Physical Habitat Larger Set of Metrics,Physical Habitat,phab_CT_RPWD,CT_RPWD,,,,BED STABILITY,,,,,PARAMETER,phab
1314,NRSA 1314 Physical Habitat Larger Set of Metrics,Physical Habitat,phab_CVDTH,CVDTH,,CV of thalweg depth (SDDEPTH/XDEPTH),CV of thalweg depth (SDDEPTH/XDEPTH),INTERPRETATION,,,,,PARAMETER,phab
1314,NRSA 1314 Physical Habitat Larger Set of Metrics,Physical Habitat,phab_CVWIDTH,CVWIDTH,,CV of Wetted Width (SDWIDTH/XWidth),CV of Wetted Width (SDWIDTH/XWidth),INTERPRETATION,,,,,PARAMETER,phab
1314,NRSA 1314 Physical Habitat Larger Set of Metrics,Physical Habitat,phab_CVWXD,CVWXD,,CV of Width Depth Product (SDWXD/XWXD),CV of Width Depth Product (SDWXD/XWXD),INTERPRETATION,,,,,PARAMETER,phab
1314,NRSA 1314 Physical Habitat Larger Set of Metrics,Physical Habitat,phab_L_CP3_MILL,L_CP3_MILL,,Log10(Hydraulic resistance due to bed particles at bank full),Log10(Hydraulic resistance due to bed particles at bank full),INTERPRETATION,,,,,PARAMETER,phab
1314,NRSA 1314 Physical Habitat Larger Set of Metrics,Physical Habitat,phab_L_CT_RPWD,L_CT_RPWD,,"Log10(Hydraulic resistance, total at bank full)","Log10(Hydraulic resistance, total at bank full)",INTERPRETATION,,,,,PARAMETER,phab
1314,NRSA 1314 Physical Habitat Larger Set of Metrics,Physical Habitat,phab_L_RB3,L_RB3,,Log10(Hydraulic radius of channel at bank full),Log10(Hydraulic radius of channel at bank full),INTERPRETATION,,,,,PARAMETER,phab
1314,NRSA 1314 Physical Habitat Larger Set of Metrics,Physical Habitat,phab_L_REYP3,L_REYP3,,Log10(Particle Reynolds number at bank full),Log10(Particle Reynolds number at bank full),INTERPRETATION,,,,,PARAMETER,phab
1314,NRSA 1314 Physical Habitat Larger Set of Metrics,Physical Habitat,phab_L_RRPW3,L_RRPW3,,Log10(Effective Hydraulic Radius at Bankfull (Adjusted for wood and pool roughnesses)),Log10(Effective Hydraulic Radius at Bankfull (Adjusted for wood and pool roughnesses)),INTERPRETATION,,,,,PARAMETER,phab
1314,NRSA 1314 Physical Habitat Larger Set of Metrics,Physical Habitat,phab_L_SHLD_PX3,L_SHLD_PX3,,Log10(Shields parameter at bank full),Log10(Shields parameter at bank full),INTERPRETATION,,,,,PARAMETER,phab
1314,NRSA 1314 Physical Habitat Larger Set of Metrics,Physical Habitat,phab_L_XSLOPE,L_XSLOPE,,Log10(Mean Slope of water surface (%)),Log10(Mean Slope of water surface (%)),INTERPRETATION,,,,,PARAMETER,phab
1314,NRSA 1314 Physical Habitat Larger Set of Metrics,Physical Habitat,phab_LDCBF_G08,LDCBF_G08,,,,SUBSTRATE CHARACTERIZATION,,,,,PARAMETER,phab
1314,NRSA 1314 Physical Habitat Larger Set of Metrics,Physical Habitat,phab_LDMB_BW5,LDMB_BW5,,,,BED STABILITY,,,,,PARAMETER,phab
1314,NRSA 1314 Physical Habitat Larger Set of Metrics,Physical Habitat,phab_LITSB1_FN,LITSB1_FN,,Littoral Dominant % Substrate Fines (<0.06mm),,INTERPRETATION,,,,,PARAMETER,phab
1314,NRSA 1314 Physical Habitat Larger Set of Metrics,Physical Habitat,phab_LITSB1_SF,LITSB1_SF,,Littoral Dominant % Substrate Sand or Fines (<2.0mm),,INTERPRETATION,,,,,PARAMETER,phab
1314,NRSA 1314 Physical Habitat Larger Set of Metrics,Physical Habitat,phab_LITSB1_SFGF,LITSB1_SFGF,,Littoral Dominant % Substrate <16mm diameter,,INTERPRETATION,,,,,PARAMETER,phab
1314,NRSA 1314 Physical Habitat Larger Set of Metrics,Physical Habitat,phab_LITSB12_FN,LITSB12_FN,,Littoral Dominant or Subdominant % Substrate Fines (<0.06mm),,INTERPRETATION,,,,,PARAMETER,phab
1314,NRSA 1314 Physical Habitat Larger Set of Metrics,Physical Habitat,phab_LITSB12_SF,LITSB12_SF,,Littoral Dom. or Subdom. % Substrate Sand or Fines (<2.0mm),,INTERPRETATION,,,,,PARAMETER,phab
1314,NRSA 1314 Physical Habitat Larger Set of Metrics,Physical Habitat,phab_LRBS_BW5,LRBS_BW5,,,,BED STABILITY,,,,,PARAMETER,phab
1314,NRSA 1314 Physical Habitat Larger Set of Metrics,Physical Habitat,phab_LRBS_BW6,LRBS_BW6,,,,BED STABILITY,,,,,PARAMETER,phab
1314,NRSA 1314 Physical Habitat Larger Set of Metrics,Physical Habitat,phab_LRBS_G08,LRBS_G08,,,,BED STABILITY,,,,,PARAMETER,phab
1314,NRSA 1314 Physical Habitat Larger Set of Metrics,Physical Habitat,phab_LRBS_TST,LRBS_TST,,,,BED STABILITY,,,,,PARAMETER,phab
1314,NRSA 1314 Physical Habitat Larger Set of Metrics,Physical Habitat,phab_LSUB_DMM,LSUB_DMM,,,,SUBSTRATE CHARACTERIZATION,,,,,PARAMETER,phab
1314,NRSA 1314 Physical Habitat Larger Set of Metrics,Physical Habitat,phab_LSUB_DMM_NOR,LSUB_DMM_NOR,,,,SUBSTRATE CHARACTERIZATION,,,,,PARAMETER,phab
1314,NRSA 1314 Physical Habitat Larger Set of Metrics,Physical Habitat,phab_LSUBD_SD,LSUBD_SD,,,,SUBSTRATE CHARACTERIZATION,,,,,PARAMETER,phab
1314,NRSA 1314 Physical Habitat Larger Set of Metrics,Physical Habitat,phab_LTEST,LTEST,,,,BED STABILITY,,,,,PARAMETER,phab
1314,NRSA 1314 Physical Habitat Larger Set of Metrics,Physical Habitat,phab_LWDEQVOL_MSQ,LWDEQVOL_MSQ,,Wood Vol (m3/m2 in area fished in littoral),Wood Vol (m3/m2 in area fished in reach),INTERPRETATION,,,,,PARAMETER,phab
1314,NRSA 1314 Physical Habitat Larger Set of Metrics,Physical Habitat,phab_LWDEQVOLM100,LWDEQVOLM100,,Wood Vol (m3) per 100m channel,Wood Vol (m3) per 100m channel,INTERPRETATION,,,,,PARAMETER,phab
1314,NRSA 1314 Physical Habitat Larger Set of Metrics,Physical Habitat,phab_MEDBK_A,MEDBK_A,,,,BANK MORPHOLOGY,,,,,PARAMETER,phab
1314,NRSA 1314 Physical Habitat Larger Set of Metrics,Physical Habitat,phab_MEDBKUN,MEDBKUN,,,,BANK MORPHOLOGY,,,,,PARAMETER,phab
1314,NRSA 1314 Physical Habitat Larger Set of Metrics,Physical Habitat,phab_PCAN_C,PCAN_C,,,,RIPARIAN VEGETATION,,,,,PARAMETER,phab
1314,NRSA 1314 Physical Habitat Larger Set of Metrics,Physical Habitat,phab_PCAN_D,PCAN_D,,,,RIPARIAN VEGETATION,,,,,PARAMETER,phab
1314,NRSA 1314 Physical Habitat Larger Set of Metrics,Physical Habitat,phab_PCAN_E,PCAN_E,,,,RIPARIAN VEGETATION,,,,,PARAMETER,phab
1314,NRSA 1314 Physical Habitat Larger Set of Metrics,Physical Habitat,phab_PCAN_M,PCAN_M,,,,RIPARIAN VEGETATION,,,,,PARAMETER,phab
1314,NRSA 1314 Physical Habitat Larger Set of Metrics,Physical Habitat,phab_PCAN_N,PCAN_N,,,,RIPARIAN VEGETATION,,,,,PARAMETER,phab
1314,NRSA 1314 Physical Habitat Larger Set of Metrics,Physical Habitat,phab_PCT_BDRK,PCT_BDRK,,,,SUBSTRATE CHARACTERIZATION,,,,,PARAMETER,phab
1314,NRSA 1314 Physical Habitat Larger Set of Metrics,Physical Habitat,phab_PCT_BH,PCT_BH,,Bed Surface % Bedrock + Hardpan,Bed Surface % Bedrock + Hardpan,INTERPRETATION,,,,,PARAMETER,phab
1314,NRSA 1314 Physical Habitat Larger Set of Metrics,Physical Habitat,phab_PCT_BH,PCT_BH,,,Bed Surface % Bedrock + Hardpan,SUBSTRATE CHARACTERIZATION,,,,,PARAMETER,phab
1314,NRSA 1314 Physical Habitat Larger Set of Metrics,Physical Habitat,phab_PCT_BIGR,PCT_BIGR,,,,SUBSTRATE CHARACTERIZATION,,,,,PARAMETER,phab
1314,NRSA 1314 Physical Habitat Larger Set of Metrics,Physical Habitat,phab_PCT_DR,PCT_DR,,,,CHANNEL HABITAT,,,,,PARAMETER,phab
1314,NRSA 1314 Physical Habitat Larger Set of Metrics,Physical Habitat,phab_PCT_DRS,PCT_DRS,,Percent of Reach dry or submerged flow,Percent of Reach dry or submerged flow,INTERPRETATION,,,,,PARAMETER,phab
1314,NRSA 1314 Physical Habitat Larger Set of Metrics,Physical Habitat,phab_PCT_FA,PCT_FA,,,,CHANNEL HABITAT,,,,,PARAMETER,phab
1314,NRSA 1314 Physical Habitat Larger Set of Metrics,Physical Habitat,phab_PCT_FAST,PCT_FAST,,,,CHANNEL HABITAT,,,,,PARAMETER,phab
1314,NRSA 1314 Physical Habitat Larger Set of Metrics,Physical Habitat,phab_PCT_FN,PCT_FN,,,,SUBSTRATE CHARACTERIZATION,,,,,PARAMETER,phab
1314,NRSA 1314 Physical Habitat Larger Set of Metrics,Physical Habitat,phab_PCT_GC,PCT_GC,,,,SUBSTRATE CHARACTERIZATION,,,,,PARAMETER,phab
1314,NRSA 1314 Physical Habitat Larger Set of Metrics,Physical Habitat,phab_PCT_GF,PCT_GF,,,,SUBSTRATE CHARACTERIZATION,,,,,PARAMETER,phab
1314,NRSA 1314 Physical Habitat Larger Set of Metrics,Physical Habitat,phab_PCT_GL,PCT_GL,,,,CHANNEL HABITAT,,,,,PARAMETER,phab
1314,NRSA 1314 Physical Habitat Larger Set of Metrics,Physical Habitat,phab_PCT_GR,PCT_GR,,,,SUBSTRATE CHARACTERIZATION,,,,,PARAMETER,phab
1314,NRSA 1314 Physical Habitat Larger Set of Metrics,Physical Habitat,phab_PCT_HP,PCT_HP,,,,SUBSTRATE CHARACTERIZATION,,,,,PARAMETER,phab
1314,NRSA 1314 Physical Habitat Larger Set of Metrics,Physical Habitat,phab_PCT_OM,PCT_OM,,,,SUBSTRATE CHARACTERIZATION,,,,,PARAMETER,phab
1314,NRSA 1314 Physical Habitat Larger Set of Metrics,Physical Habitat,phab_PCT_ORG,PCT_ORG,,,,SUBSTRATE CHARACTERIZATION,,,,,PARAMETER,phab
1314,NRSA 1314 Physical Habitat Larger Set of Metrics,Physical Habitat,phab_PCT_OT,PCT_OT,,,,SUBSTRATE CHARACTERIZATION,,,,,PARAMETER,phab
1314,NRSA 1314 Physical Habitat Larger Set of Metrics,Physical Habitat,phab_PCT_OVRB,PCT_OVRB,,,,CHANNEL CHARACTERISTICS,,,,,PARAMETER,phab
1314,NRSA 1314 Physical Habitat Larger Set of Metrics,Physical Habitat,phab_PCT_POOL,PCT_POOL,,,,CHANNEL HABITAT,,,,,PARAMETER,phab
1314,NRSA 1314 Physical Habitat Larger Set of Metrics,Physical Habitat,phab_PCT_RC,PCT_RC,,,,SUBSTRATE CHARACTERIZATION,,,,,PARAMETER,phab
1314,NRSA 1314 Physical Habitat Larger Set of Metrics,Physical Habitat,phab_PCT_SA,PCT_SA,,,,SUBSTRATE CHARACTERIZATION,,,,,PARAMETER,phab
1314,NRSA 1314 Physical Habitat Larger Set of Metrics,Physical Habitat,phab_PCT_SAFN,PCT_SAFN,,,,SUBSTRATE CHARACTERIZATION,,,,,PARAMETER,phab
1314,NRSA 1314 Physical Habitat Larger Set of Metrics,Physical Habitat,phab_PCT_SFG,PCT_SFG,,Bed surface coarse gravel or smaller (<64mm) (PCT_SA + PCT_FN + PCT_GR),Bed surface coarse gravel or smaller (<64mm) (PCT_SFGF + PCT_GC),INTERPRETATION,,,,,PARAMETER,phab
1314,NRSA 1314 Physical Habitat Larger Set of Metrics,Physical Habitat,phab_PCT_SFGF,PCT_SFGF,,,,SUBSTRATE CHARACTERIZATION,,,,,PARAMETER,phab
1314,NRSA 1314 Physical Habitat Larger Set of Metrics,Physical Habitat,phab_PCT_SIDE,PCT_SIDE,,,,GENERAL,,,,,PARAMETER,phab
1314,NRSA 1314 Physical Habitat Larger Set of Metrics,Physical Habitat,phab_PCT_SLOW,PCT_SLOW,,,,CHANNEL HABITAT,,,,,PARAMETER,phab
1314,NRSA 1314 Physical Habitat Larger Set of Metrics,Physical Habitat,phab_PCT_WD,PCT_WD,,,,SUBSTRATE CHARACTERIZATION,,,,,PARAMETER,phab
1314,NRSA 1314 Physical Habitat Larger Set of Metrics,Physical Habitat,phab_PCTCLINOMETER,PCTCLINOMETER,,,,SLOPE AND BEARING,,,,,PARAMETER,phab
1314,NRSA 1314 Physical Habitat Larger Set of Metrics,Physical Habitat,phab_QR1,QR1,,Riparian Quality Index (Scaled XCMGW XCdenBK W1Hall 0-1),Riparian Quality Index (Scaled XCMGW XCdenBK W1Hall 0-1),INTERPRETATION,,,,,PARAMETER,phab
1314,NRSA 1314 Physical Habitat Larger Set of Metrics,Physical Habitat,phab_QRVEG1,QRVEG1,,Riparian Veg Quality Index (Scaled XCMGW),Riparian Veg Quality Index (Scaled XCMGW),INTERPRETATION,,,,,PARAMETER,phab
1314,NRSA 1314 Physical Habitat Larger Set of Metrics,Physical Habitat,phab_QRVEG2,QRVEG2,,Riparian Veg Quality Index (Scaled XCDENBK),Riparian Veg Quality Index (Scaled XCDENBK),INTERPRETATION,,,,,PARAMETER,phab
1314,NRSA 1314 Physical Habitat Larger Set of Metrics,Physical Habitat,phab_RADJRT_RAT,RADJRT_RAT,,Ratio of Effective to Total Hydraulic Radii at Bankfull (RRPW3/RB3),Ratio of Effective to Total Hydraulic Radii at Bankfull (RRPW3/RB3),INTERPRETATION,,,,,PARAMETER,phab
1314,NRSA 1314 Physical Habitat Larger Set of Metrics,Physical Habitat,phab_RB3,RB3,,,,BED STABILITY,,,,,PARAMETER,phab
1314,NRSA 1314 Physical Habitat Larger Set of Metrics,Physical Habitat,phab_RDIST1,RDIST1,,Riparian Disturbance index (scaled W1_Hall 0-1),Riparian Disturbance index (scaled W1_Hall 0-1),INTERPRETATION,,,,,PARAMETER,phab
1314,NRSA 1314 Physical Habitat Larger Set of Metrics,Physical Habitat,phab_REACHLEN,REACHLEN,,,,GENERAL,,,,,PARAMETER,phab
1314,NRSA 1314 Physical Habitat Larger Set of Metrics,Physical Habitat,phab_REYP3,REYP3,,,,BED STABILITY,,,,,PARAMETER,phab
1314,NRSA 1314 Physical Habitat Larger Set of Metrics,Physical Habitat,phab_RP100,RP100,,,,RESIDUAL POOLS,,,,,PARAMETER,phab
1314,NRSA 1314 Physical Habitat Larger Set of Metrics,Physical Habitat,phab_RPGT50,RPGT50,,,,RESIDUAL POOLS,,,,,PARAMETER,phab
1314,NRSA 1314 Physical Habitat Larger Set of Metrics,Physical Habitat,phab_RPGT75,RPGT75,,,,RESIDUAL POOLS,,,,,PARAMETER,phab
1314,NRSA 1314 Physical Habitat Larger Set of Metrics,Physical Habitat,phab_RPMXDEP_CM,RPMXDEP_CM,,"Maximum residual depth in reach (cm), converted from raw data in m",Maximum residual depth in reach (cm),INTERPRETATION,,,,,PARAMETER,phab
1314,NRSA 1314 Physical Habitat Larger Set of Metrics,Physical Habitat,phab_RPRAT,RPRAT,,Residual Depth proportion (RP100/XDepth),Residual Depth proportion (RP100/XDepth),INTERPRETATION,,,,,PARAMETER,phab
1314,NRSA 1314 Physical Habitat Larger Set of Metrics,Physical Habitat,phab_RPXDEP_CM,RPXDEP_CM,,"Mean residual pool depth in reach (cm/pool), converted from raw data in m",Mean residual pool depth in reach (cm/pool),INTERPRETATION,,,,,PARAMETER,phab
1314,NRSA 1314 Physical Habitat Larger Set of Metrics,Physical Habitat,phab_RRPW3,RRPW3,,,,BED STABILITY,,,,,PARAMETER,phab
1314,NRSA 1314 Physical Habitat Larger Set of Metrics,Physical Habitat,phab_SDDEPTH_CM,SDDEPTH_CM,,"Std deviation of thalweg depth (cm), converted from raw data in m",Std deviation of thalweg depth (cm),INTERPRETATION,,,,,PARAMETER,phab
1314,NRSA 1314 Physical Habitat Larger Set of Metrics,Physical Habitat,phab_SDINC_H,SDINC_H,,,,CHANNEL MORPHOLOGY,,,,,PARAMETER,phab
1314,NRSA 1314 Physical Habitat Larger Set of Metrics,Physical Habitat,phab_SDWD_RAT,SDWD_RAT,,,,CHANNEL MORPHOLOGY,,,,,PARAMETER,phab
1314,NRSA 1314 Physical Habitat Larger Set of Metrics,Physical Habitat,phab_SDWIDTH,SDWIDTH,,,,CHANNEL MORPHOLOGY,,,,,PARAMETER,phab
1314,NRSA 1314 Physical Habitat Larger Set of Metrics,Physical Habitat,phab_SDWXD,SDWXD,,,,CHANNEL MORPHOLOGY,,,,,PARAMETER,phab
1314,NRSA 1314 Physical Habitat Larger Set of Metrics,Physical Habitat,phab_SHLD_PX3,SHLD_PX3,,,,BED STABILITY,,,,,PARAMETER,phab
1314,NRSA 1314 Physical Habitat Larger Set of Metrics,Physical Habitat,phab_SINU,SINU,,,,SLOPE AND BEARING,,,,,PARAMETER,phab
1314,NRSA 1314 Physical Habitat Larger Set of Metrics,Physical Habitat,phab_SITETYPE,SITETYPE,,"Site type (Probability-based or hand-picked). PROB for sites from probability survey. Usually HAND for hand-picked sites. In EMAP West and WSA, STARHAND is used to identify hand-picked sites that do not have all CORE indicators available.","Site type (Probability-based or hand-picked). PROB for sites from probability survey. Usually HAND for hand-picked sites. In EMAP West and WSA, STARHAND is used to identify hand-picked sites that do not have all CORE indicators available.",,,,,,PARAMETER,phab
1314,NRSA 1314 Physical Habitat Larger Set of Metrics,Physical Habitat,phab_UID,UID,,Unique site visit ID,Unique site visit ID,,,,,,PARAMETER,phab
1314,NRSA 1314 Physical Habitat Larger Set of Metrics,Physical Habitat,phab_UID,UID,,Unique site visit ID,Unique site visit ID,,,,,,PARAMETER,phab
1314,NRSA 1314 Physical Habitat Larger Set of Metrics,Physical Habitat,phab_UID,UID,,Unique site visit ID,Unique site visit ID,,,,,,PARAMETER,phab
1314,NRSA 1314 Physical Habitat Larger Set of Metrics,Physical Habitat,phab_V1W_MSQ,V1W_MSQ,,,,LARGE WOODY DEBRIS,,,,,PARAMETER,phab
1314,NRSA 1314 Physical Habitat Larger Set of Metrics,Physical Habitat,phab_V1WM100,V1WM100,,,,LARGE WOODY DEBRIS,,,,,PARAMETER,phab
1314,NRSA 1314 Physical Habitat Larger Set of Metrics,Physical Habitat,phab_V2W_MSQ,V2W_MSQ,,,,LARGE WOODY DEBRIS,,,,,PARAMETER,phab
1314,NRSA 1314 Physical Habitat Larger Set of Metrics,Physical Habitat,phab_V2WM100,V2WM100,,,,LARGE WOODY DEBRIS,,,,,PARAMETER,phab
1314,NRSA 1314 Physical Habitat Larger Set of Metrics,Physical Habitat,phab_V4W_MSQ,V4W_MSQ,,,,LARGE WOODY DEBRIS,,,,,PARAMETER,phab
1314,NRSA 1314 Physical Habitat Larger Set of Metrics,Physical Habitat,phab_V4WM100,V4WM100,,,,LARGE WOODY DEBRIS,,,,,PARAMETER,phab
1314,NRSA 1314 Physical Habitat Larger Set of Metrics,Physical Habitat,phab_W1_HAG,W1_HAG,,,,HUMAN DISTURBANCE,,,,,PARAMETER,phab
1314,NRSA 1314 Physical Habitat Larger Set of Metrics,Physical Habitat,phab_W1_HALL,W1_HALL,,,,HUMAN DISTURBANCE,,,,,PARAMETER,phab
1314,NRSA 1314 Physical Habitat Larger Set of Metrics,Physical Habitat,phab_W1_HNOAG,W1_HNOAG,,,,HUMAN DISTURBANCE,,,,,PARAMETER,phab
1314,NRSA 1314 Physical Habitat Larger Set of Metrics,Physical Habitat,phab_W1H_BLDG,W1H_BLDG,,,,HUMAN DISTURBANCE,,,,,PARAMETER,phab
1314,NRSA 1314 Physical Habitat Larger Set of Metrics,Physical Habitat,phab_W1H_CROP,W1H_CROP,,,,HUMAN DISTURBANCE,,,,,PARAMETER,phab
1314,NRSA 1314 Physical Habitat Larger Set of Metrics,Physical Habitat,phab_W1H_LDFL,W1H_LDFL,,,,HUMAN DISTURBANCE,,,,,PARAMETER,phab
1314,NRSA 1314 Physical Habitat Larger Set of Metrics,Physical Habitat,phab_W1H_LOG,W1H_LOG,,,,HUMAN DISTURBANCE,,,,,PARAMETER,phab
1314,NRSA 1314 Physical Habitat Larger Set of Metrics,Physical Habitat,phab_W1H_MINE,W1H_MINE,,,,HUMAN DISTURBANCE,,,,,PARAMETER,phab
1314,NRSA 1314 Physical Habitat Larger Set of Metrics,Physical Habitat,phab_W1H_PARK,W1H_PARK,,,,HUMAN DISTURBANCE,,,,,PARAMETER,phab
1314,NRSA 1314 Physical Habitat Larger Set of Metrics,Physical Habitat,phab_W1H_PIPE,W1H_PIPE,,,,HUMAN DISTURBANCE,,,,,PARAMETER,phab
1314,NRSA 1314 Physical Habitat Larger Set of Metrics,Physical Habitat,phab_W1H_PSTR,W1H_PSTR,,,,HUMAN DISTURBANCE,,,,,PARAMETER,phab
1314,NRSA 1314 Physical Habitat Larger Set of Metrics,Physical Habitat,phab_W1H_PVMT,W1H_PVMT,,,,HUMAN DISTURBANCE,,,,,PARAMETER,phab
1314,NRSA 1314 Physical Habitat Larger Set of Metrics,Physical Habitat,phab_W1H_ROAD,W1H_ROAD,,,,HUMAN DISTURBANCE,,,,,PARAMETER,phab
1314,NRSA 1314 Physical Habitat Larger Set of Metrics,Physical Habitat,phab_W1H_WALL,W1H_WALL,,,,HUMAN DISTURBANCE,,,,,PARAMETER,phab
1314,NRSA 1314 Physical Habitat Larger Set of Metrics,Physical Habitat,phab_XBEARING,XBEARING,,,,SLOPE AND BEARING,,,,,PARAMETER,phab
1314,NRSA 1314 Physical Habitat Larger Set of Metrics,Physical Habitat,phab_XBKA,XBKA,,,,BANK MORPHOLOGY,,,,,PARAMETER,phab
1314,NRSA 1314 Physical Habitat Larger Set of Metrics,Physical Habitat,phab_XBKF_H,XBKF_H,,,,CHANNEL MORPHOLOGY,,,,,PARAMETER,phab
1314,NRSA 1314 Physical Habitat Larger Set of Metrics,Physical Habitat,phab_XBKF_W,XBKF_W,,,,CHANNEL MORPHOLOGY,,,,,PARAMETER,phab
1314,NRSA 1314 Physical Habitat Larger Set of Metrics,Physical Habitat,phab_XC,XC,,,,RIPARIAN VEGETATION,,,,,PARAMETER,phab
1314,NRSA 1314 Physical Habitat Larger Set of Metrics,Physical Habitat,phab_XCDENBK,XCDENBK,,,,CANOPY DENSIOMETER,,,,,PARAMETER,phab
1314,NRSA 1314 Physical Habitat Larger Set of Metrics,Physical Habitat,phab_XCDENMID,XCDENMID,,,,CANOPY DENSIOMETER,,,,,PARAMETER,phab
1314,NRSA 1314 Physical Habitat Larger Set of Metrics,Physical Habitat,phab_XCEMBED,XCEMBED,,,,SUBSTRATE EMBEDDEDNESS,,,,,PARAMETER,phab
1314,NRSA 1314 Physical Habitat Larger Set of Metrics,Physical Habitat,phab_XCL,XCL,,,,RIPARIAN VEGETATION,,,,,PARAMETER,phab
1314,NRSA 1314 Physical Habitat Larger Set of Metrics,Physical Habitat,phab_XCM,XCM,,,,RIPARIAN VEGETATION,,,,,PARAMETER,phab
1314,NRSA 1314 Physical Habitat Larger Set of Metrics,Physical Habitat,phab_XCMG,XCMG,,,,RIPARIAN VEGETATION,,,,,PARAMETER,phab
1314,NRSA 1314 Physical Habitat Larger Set of Metrics,Physical Habitat,phab_XCMGW,XCMGW,,,,RIPARIAN VEGETATION,,,,,PARAMETER,phab
1314,NRSA 1314 Physical Habitat Larger Set of Metrics,Physical Habitat,phab_XCMW,XCMW,,,,RIPARIAN VEGETATION,,,,,PARAMETER,phab
1314,NRSA 1314 Physical Habitat Larger Set of Metrics,Physical Habitat,phab_XCS,XCS,,,,RIPARIAN VEGETATION,,,,,PARAMETER,phab
1314,NRSA 1314 Physical Habitat Larger Set of Metrics,Physical Habitat,phab_XDEPTH_CM,XDEPTH_CM,,"Mean thalweg depth (cm), converted from raw data in m",Mean thalweg depth (cm),INTERPRETATION,,,,,PARAMETER,phab
1314,NRSA 1314 Physical Habitat Larger Set of Metrics,Physical Habitat,phab_XEMBED,XEMBED,,,,SUBSTRATE EMBEDDEDNESS,,,,,PARAMETER,phab
1314,NRSA 1314 Physical Habitat Larger Set of Metrics,Physical Habitat,phab_XFC_ALG,XFC_ALG,,,,FISH COVER,,,,,PARAMETER,phab
1314,NRSA 1314 Physical Habitat Larger Set of Metrics,Physical Habitat,phab_XFC_ALL,XFC_ALL,,,,FISH COVER,,,,,PARAMETER,phab
1314,NRSA 1314 Physical Habitat Larger Set of Metrics,Physical Habitat,phab_XFC_AQM,XFC_AQM,,,,FISH COVER,,,,,PARAMETER,phab
1314,NRSA 1314 Physical Habitat Larger Set of Metrics,Physical Habitat,phab_XFC_BIG,XFC_BIG,,,,FISH COVER,,,,,PARAMETER,phab
1314,NRSA 1314 Physical Habitat Larger Set of Metrics,Physical Habitat,phab_XFC_BRS,XFC_BRS,,,,FISH COVER,,,,,PARAMETER,phab
1314,NRSA 1314 Physical Habitat Larger Set of Metrics,Physical Habitat,phab_XFC_HUM,XFC_HUM,,,,FISH COVER,,,,,PARAMETER,phab
1314,NRSA 1314 Physical Habitat Larger Set of Metrics,Physical Habitat,phab_XFC_LVT,XFC_LVT,,,,FISH COVER,,,,,PARAMETER,phab
1314,NRSA 1314 Physical Habitat Larger Set of Metrics,Physical Habitat,phab_XFC_LWD,XFC_LWD,,,,FISH COVER,,,,,PARAMETER,phab
1314,NRSA 1314 Physical Habitat Larger Set of Metrics,Physical Habitat,phab_XFC_NAT,XFC_NAT,,,,FISH COVER,,,,,PARAMETER,phab
1314,NRSA 1314 Physical Habitat Larger Set of Metrics,Physical Habitat,phab_XFC_OHV,XFC_OHV,,,,FISH COVER,,,,,PARAMETER,phab
1314,NRSA 1314 Physical Habitat Larger Set of Metrics,Physical Habitat,phab_XFC_RCK,XFC_RCK,,,,FISH COVER,,,,,PARAMETER,phab
1314,NRSA 1314 Physical Habitat Larger Set of Metrics,Physical Habitat,phab_XFC_UCB,XFC_UCB,,,,FISH COVER,,,,,PARAMETER,phab
1314,NRSA 1314 Physical Habitat Larger Set of Metrics,Physical Habitat,phab_XG,XG,,,,RIPARIAN VEGETATION,,,,,PARAMETER,phab
1314,NRSA 1314 Physical Habitat Larger Set of Metrics,Physical Habitat,phab_XGB,XGB,,,,RIPARIAN VEGETATION,,,,,PARAMETER,phab
1314,NRSA 1314 Physical Habitat Larger Set of Metrics,Physical Habitat,phab_XGH,XGH,,,,RIPARIAN VEGETATION,,,,,PARAMETER,phab
1314,NRSA 1314 Physical Habitat Larger Set of Metrics,Physical Habitat,phab_XGV,XGV,,Total ground layer areal cover,Total ground layer areal cover,INTERPRETATION,,,,,PARAMETER,phab
1314,NRSA 1314 Physical Habitat Larger Set of Metrics,Physical Habitat,phab_XGW,XGW,,,,RIPARIAN VEGETATION,,,,,PARAMETER,phab
1314,NRSA 1314 Physical Habitat Larger Set of Metrics,Physical Habitat,phab_XINC_H,XINC_H,,,,CHANNEL MORPHOLOGY,,,,,PARAMETER,phab
1314,NRSA 1314 Physical Habitat Larger Set of Metrics,Physical Habitat,phab_XM,XM,,,,RIPARIAN VEGETATION,,,,,PARAMETER,phab
1314,NRSA 1314 Physical Habitat Larger Set of Metrics,Physical Habitat,phab_XMH,XMH,,,,RIPARIAN VEGETATION,,,,,PARAMETER,phab
1314,NRSA 1314 Physical Habitat Larger Set of Metrics,Physical Habitat,phab_XMW,XMW,,,,RIPARIAN VEGETATION,,,,,PARAMETER,phab
1314,NRSA 1314 Physical Habitat Larger Set of Metrics,Physical Habitat,phab_XPCAN,XPCAN,,,,RIPARIAN VEGETATION,,,,,PARAMETER,phab
1314,NRSA 1314 Physical Habitat Larger Set of Metrics,Physical Habitat,phab_XPCM,XPCM,,,,RIPARIAN VEGETATION,,,,,PARAMETER,phab
1314,NRSA 1314 Physical Habitat Larger Set of Metrics,Physical Habitat,phab_XPCMG,XPCMG,,,,RIPARIAN VEGETATION,,,,,PARAMETER,phab
1314,NRSA 1314 Physical Habitat Larger Set of Metrics,Physical Habitat,phab_XPMGW,XPMGW,,,,RIPARIAN VEGETATION,,,,,PARAMETER,phab
1314,NRSA 1314 Physical Habitat Larger Set of Metrics,Physical Habitat,phab_XPMID,XPMID,,,,RIPARIAN VEGETATION,,,,,PARAMETER,phab
1314,NRSA 1314 Physical Habitat Larger Set of Metrics,Physical Habitat,phab_XSHOR2VG,XSHOR2VG,,,,CHANNEL CHARACTERISTICS,,,,,PARAMETER,phab
1314,NRSA 1314 Physical Habitat Larger Set of Metrics,Physical Habitat,phab_XSLOPE,XSLOPE,,,,SLOPE AND BEARING,,,,,PARAMETER,phab
1314,NRSA 1314 Physical Habitat Larger Set of Metrics,Physical Habitat,phab_XSLOPE_FIELD,XSLOPE_FIELD,,,,SLOPE AND BEARING,,,,,PARAMETER,phab
1314,NRSA 1314 Physical Habitat Larger Set of Metrics,Physical Habitat,phab_XSLOPE_MAP,XSLOPE_MAP,,,,SLOPE AND BEARING,,,,,PARAMETER,phab
1314,NRSA 1314 Physical Habitat Larger Set of Metrics,Physical Habitat,phab_XUN,XUN,,,,BANK MORPHOLOGY,,,,,PARAMETER,phab
1314,NRSA 1314 Physical Habitat Larger Set of Metrics,Physical Habitat,phab_XWD_RAT,XWD_RAT,,,,CHANNEL MORPHOLOGY,,,,,PARAMETER,phab
1314,NRSA 1314 Physical Habitat Larger Set of Metrics,Physical Habitat,phab_XWIDTH,XWIDTH,,,,CHANNEL MORPHOLOGY,,,,,PARAMETER,phab
1314,NRSA 1314 Physical Habitat Larger Set of Metrics,Physical Habitat,phab_XWXD,XWXD,,,,CHANNEL MORPHOLOGY,,,,,PARAMETER,phab
1314,NRSA 1314 Site Information,Site Information,siteinfo_AG_ECO3,AG_ECO3,"NARS 3-level reporting region (2015), based on aggregating AGGR_ECO9_2015 reporting regions",,,DESIGN,,EHIGH|PLNLOW|WMTNS,,,VARIABLE,siteinfo
1314,NRSA 1314 Site Information,Site Information,siteinfo_AG_ECO3_NM,AG_ECO3_NM,NARS 3-level reporting region Name,,,DESIGN,,Text names,,,VARIABLE,siteinfo
1314,NRSA 1314 Site Information,Site Information,siteinfo_AG_ECO9,AG_ECO9,"NARS 9-level reporting region (2015), based on aggregated Omernik Level III ecoregions",,,DESIGN,,CPL|NAP|NPL|SAP|SPL|TPL|UMW|WMT|XER,,,VARIABLE,siteinfo
1314,NRSA 1314 Site Information,Site Information,siteinfo_AG_ECO9_NM,AG_ECO9_NM,NARS 9-level reporting region Name,,,DESIGN,,Text names,,,VARIABLE,siteinfo
1314,NRSA 1314 Site Information,Site Information,siteinfo_BOAT_WADE,BOAT_WADE,NRSA 2008-9 site was boatable or wadeable when sampled,,,DESIGN,,Boatable|Wadeable,,,VARIABLE,siteinfo
1314,NRSA 1314 Site Information,Site Information,siteinfo_BORD_RIV,BORD_RIV,Reach occurs on state or country boundaries,,,DESIGN,,Text of two postal codes: MM:NN where MM is one state and NN is other state the river is on the border. Blank if not a border river,,,VARIABLE,siteinfo
1314,NRSA 1314 Site Information,Site Information,siteinfo_CH0813_WGT,CH0813_WGT,Site weight for 2008-9 and 2013-14 change analysis,,,DESIGN,,Numeric: >0 or 0 if site is not to be used for population estimation,,,VARIABLE,siteinfo
1314,NRSA 1314 Site Information,Site Information,siteinfo_CHNG_SF,CHNG_SF,"Identifies if site included/excluded from 2008-9, 2013-14, 2018-19 sample frame. Will expand in future to include 2023-24 etc.",,,DESIGN,,Form: Include18_Include13_Include08,,,VARIABLE,siteinfo
1314,NRSA 1314 Site Information,Site Information,siteinfo_CNTYNAME,CNTYNAME,County name (source ESRI counties based on census 2010),,,DESIGN,,Text Names,,,VARIABLE,siteinfo
1314,NRSA 1314 Site Information,Site Information,siteinfo_COMID,COMID,NHD common identifier for NRSA sampling frame and subsequent designs.,,,DESIGN,,Numeric,,,VARIABLE,siteinfo
1314,NRSA 1314 Site Information,Site Information,siteinfo_DATE_COL,DATE_COL,Date of data collection in field,,,,,,,,VARIABLE,siteinfo
1314,NRSA 1314 Site Information,Site Information,siteinfo_DESC_CODE,DESC_CODE,Land ownership description code derived from USGS PADUS (http://gapanalysis.usgs.gov/padus/data/) - pulled May 2016 version of database,,,DESIGN,,Numeric of 37 land ownership description codes from PADUS; may legitimately be NA if not covered by PADUS owership,,,VARIABLE,siteinfo
1314,NRSA 1314 Site Information,Site Information,siteinfo_ELEVATION,ELEVATION,"Elevation at Stream site (LAT_DD83, LON_DD83) from USGS elevation point query service (30 m elevation) http://ned.usgs.gov/epqs/",,,DESIGN,,Numeric; may legitimately be negative,,,VARIABLE,siteinfo
1314,NRSA 1314 Site Information,Site Information,siteinfo_EPA_REG,EPA_REG,EPA Region,,,DESIGN,,Region_1 | Region_2 | Region_3 | Region_4 | Region_5 | Region_6 | Region_7 | Region_8 | Region_9 | Region_10,,,VARIABLE,siteinfo
1314,NRSA 1314 Site Information,Site Information,siteinfo_EVALSTAT,EVALSTAT,"Status assigned based on site evaluation guidelines and responses to verification form, if sampled.",,,EVAL,,TargetSampleable|TargetNotSampled|TargetOther|AccessDenied|Inaccessible-Barrier/Safety|Inaccessible-Effort|Nontarget-CoastalSaline|Nontarget-Ephemeral|Nontarget-MapError|Nontarget-NoRecAquatUse|Nontarget-NotLake|Nontarget-Other|Nontarget-TooSmall|Nontarget-TooShallow|NonTarget-Vegetated|NotNeeded,,,VARIABLE,siteinfo
1314,NRSA 1314 Site Information,Site Information,siteinfo_EVALUATED,EVALUATED,Was site evaluated for sampling?,,,EVAL,,YES|NO,,,VARIABLE,siteinfo
1314,NRSA 1314 Site Information,Site Information,siteinfo_FEOW_ID,FEOW_ID,Freshwater Ecoregions of the World (2015) code,,,DESIGN,,Numeric,,,VARIABLE,siteinfo
1314,NRSA 1314 Site Information,Site Information,siteinfo_FRAME14,FRAME14,"Identifies whether site is part of NRSA_ST, NRSA_only, or state only",,,DESIGN,,,,,VARIABLE,siteinfo
1314,NRSA 1314 Site Information,Site Information,siteinfo_FRAME18_ID,FRAME18_ID,2018-19 Sampling Frame ID code,,,DESIGN,,,,,VARIABLE,siteinfo
1314,NRSA 1314 Site Information,Site Information,siteinfo_FS_EW,FS_EW,Eastern or western US Forest Service land,,,DESIGN,,East | West | blank if not US Forest Service land,,,VARIABLE,siteinfo
1314,NRSA 1314 Site Information,Site Information,siteinfo_GNIS_ID,GNIS_ID,Goegraphic Names Information System ID (from NHD),,,DESIGN,,Numeric,,,VARIABLE,siteinfo
1314,NRSA 1314 Site Information,Site Information,siteinfo_GNIS_NAME,GNIS_NAME,USGS Geographic Names Information System name,,,DESIGN,,Text name,,,VARIABLE,siteinfo
1314,NRSA 1314 Site Information,Site Information,siteinfo_HUC2,HUC2,USGS Level 2 Hydrologic Unit Code where stream reach is located (based on NHDPlusV2 use of HUCs),,,DESIGN,,Alphanumeric: H01 to H20 with H03N :H 03S : H03W | H10L : H10U where region coded preceded by letter H,,,VARIABLE,siteinfo
1314,NRSA 1314 Site Information,Site Information,siteinfo_HUC2_REG,HUC2_REG,USGS Level 2 Hydrologic Unit Region Name where stream reach is located (based on NHDPlusV2 use of HUCs),,,DESIGN,,Text name of Region,,,VARIABLE,siteinfo
1314,NRSA 1314 Site Information,Site Information,siteinfo_HUC8,HUC8,USGS Level 8 Hydrologic Unit Code where stream reach is located (based on NHDPlusV2 use of HUCs),,,DESIGN,,Alphanumeric code; 8-digit preceded by letter H,,,VARIABLE,siteinfo
1314,NRSA 1314 Site Information,Site Information,siteinfo_HUC8_NM,HUC8_NM,USGS Level 8 Hydrologic Cataloging Unit Name where stream reach is located,,,DESIGN,,Text,,,VARIABLE,siteinfo
1314,NRSA 1314 Site Information,Site Information,siteinfo_LAT_DD83,LAT_DD83,Latitude (based on NAD83 datum) for stream site from NHD-based sample frame.,,,DESIGN,,Numeric,,,VARIABLE,siteinfo
1314,NRSA 1314 Site Information,Site Information,siteinfo_LON_DD83,LON_DD83,Longitude (based on NAD83 datum) for stream site from NHD-based sample frame.,,,DESIGN,,Numeric,,,VARIABLE,siteinfo
1314,NRSA 1314 Site Information,Site Information,siteinfo_MAJ_BAS_NM,MAJ_BAS_NM,Major USGS Hydrologic Basins derived from NHDPlus Names,,,DESIGN,,Text of 16 basin names,,,VARIABLE,siteinfo
1314,NRSA 1314 Site Information,Site Information,siteinfo_MAJ_BASIN,MAJ_BASIN,Major USGS Hydrologic Basins derived from NHDPlus Codes,,,DESIGN,,16 Major Basin Codes from 01 to 18 with 05_06 and 12_13 combined preceeded by letter H,,,VARIABLE,siteinfo
1314,NRSA 1314 Site Information,Site Information,siteinfo_MISS_BASIN,MISS_BASIN,"The hydrologic basin name for streams in the Mississippi Basin, or NA for streams not in the Mississippi Basin",,,DESIGN,,Text of 7 basin names or NA,,,VARIABLE,siteinfo
1314,NRSA 1314 Site Information,Site Information,siteinfo_MISS_BASIN_NM,MISS_BASIN_NM,Mississippi basin name,,,DESIGN,,Ohio Region|Tennessee Region|Upper Mississippi Region|Lower Mississippi Region|Lower Missouri Region|Upper Missouri Region|Arkansas-White-Red Region,,,VARIABLE,siteinfo
1314,NRSA 1314 Site Information,Site Information,siteinfo_NA_L1CODE,NA_L1CODE,CEC North American Level I ecoregion code,,,DESIGN,,Numeric 5 to 15 excluding 14 and 0 designating HI,,,VARIABLE,siteinfo
1314,NRSA 1314 Site Information,Site Information,siteinfo_NA_L1NAME,NA_L1NAME,CEC North American Level I ecoregion name,,,DESIGN,,Text,,,VARIABLE,siteinfo
1314,NRSA 1314 Site Information,Site Information,siteinfo_NA_L2CODE,NA_L2CODE,CEC North American Level II ecoregion code,,,DESIGN,,Alphanumeric: n.n where leading position is Level I code and following position is Level 2 designation,,,VARIABLE,siteinfo
1314,NRSA 1314 Site Information,Site Information,siteinfo_NA_L2NAME,NA_L2NAME,CEC North American Level II ecoregion name,,,DESIGN,,Text,,,VARIABLE,siteinfo
1314,NRSA 1314 Site Information,Site Information,siteinfo_NA_L3CODE,NA_L3CODE,CEC North American Level III ecoregion code,,,DESIGN,,Alphanumeric: n.n.n where leading two positons are Level II code and following position is level 3 designation,,,VARIABLE,siteinfo
1314,NRSA 1314 Site Information,Site Information,siteinfo_NA_L3NAME,NA_L3NAME,CEC North American Level III ecoregion name,,,DESIGN,,Text,,,VARIABLE,siteinfo
1314,NRSA 1314 Site Information,Site Information,siteinfo_NARS_NAME,NARS_NAME,Name of lake from field evaluation or GNIS NAME if the same,,,DESIGN,,Text,,,VARIABLE,siteinfo
1314,NRSA 1314 Site Information,Site Information,siteinfo_NARS_OWN,NARS_OWN,Land ownership category used by NARS,,,DESIGN,,Text of 13 land ownership category names,,,VARIABLE,siteinfo
1314,NRSA 1314 Site Information,Site Information,siteinfo_NFWAWGTCAT,NFWAWGTCAT,Categories used to create weights for the analysis of NRSA 2008-9 survey,,,DESIGN,,,,,VARIABLE,siteinfo
1314,NRSA 1314 Site Information,Site Information,siteinfo_NRS13_EVAL,NRS13_EVAL,NRSA 2013/14 site evaluation result.,,,DESIGN,,Text,,,VARIABLE,siteinfo
1314,NRSA 1314 Site Information,Site Information,siteinfo_NRS13_MDC,NRS13_MDC,Multi-density categories used in NRSA 2013/14 survey design within a stratum,,,DESIGN,,Text,,,VARIABLE,siteinfo
1314,NRSA 1314 Site Information,Site Information,siteinfo_NRS13_PNL,NRS13_PNL,NRSA 2013/14 Panel Assignment,,,DESIGN,,"Text that has form NRSnn_mmXXXn_YYYY, where nn is current cycle year (07, 12, 17, etc), mm is cycle year stream site was first selected for sampling, XXXn denotes revisit status, and YYYY denotes base or over sample status. XXXN equals either RVT2 (if site should be visited twice in current cycle year) or RVT (if site should be visited once in current cycle and was previously visited in a prior cycle year) and is blank otherwise. YYYY is either blank (if the stream site is a base site) or equals OverSamp (if the stream site is an over sample site). Note: For state specific designs, state two letter code is added.",,,VARIABLE,siteinfo
1314,NRSA 1314 Site Information,Site Information,siteinfo_NRS13_SF,NRS13_SF,Lake included/excluded from NRSA 2013/14 survey design,,,DESIGN,,Exclude|Include | Not Present Blank values are not allowed or NA for missing,,,VARIABLE,siteinfo
1314,NRSA 1314 Site Information,Site Information,siteinfo_NRS13_STRA,NRS13_STRA,Strata used in NRSA 2013/14 survey design,,,DESIGN,,Text,,,VARIABLE,siteinfo
1314,NRSA 1314 Site Information,Site Information,siteinfo_NRS13_TNT,NRS13_TNT,NRS 2013/14 target status assigned based on stream site evaluation for use in national assessments.,,,DESIGN,,Target | Target_Presumed |Uncertain | Non_Target | Not_Needed | blank,,,VARIABLE,siteinfo
1314,NRSA 1314 Site Information,Site Information,siteinfo_NRS13_URBN,NRS13_URBN,Stream site identified as an urban or non-urban stream. Source: https://www.census.gov/geo/maps-data/data/cbf/cbf_ua.html. Used 2015 Urban Areas cartographic boundaries shapefile,,,DESIGN,,NonUrban|Urban,,,VARIABLE,siteinfo
1314,NRSA 1314 Site Information,Site Information,siteinfo_NRS13_VST,NRS13_VST,Number of times NRSA 2013/14 site was actually sampled in 2013/14,,,DESIGN,,Zero | One | Two Blank is site not evaluated,,,VARIABLE,siteinfo
1314,NRSA 1314 Site Information,Site Information,siteinfo_NRS13_WGTD,NRS13_WGTD,NRSA 2013/14 Initial site weight assigned during site selection. DO NOT USE FOR POPULATION ESTIMATION!,,,DESIGN,,Numeric: >0 or 0 if site is not to be used for population estimation,,,VARIABLE,siteinfo
1314,NRSA 1314 Site Information,Site Information,siteinfo_NRSA_USE,NRSA_USE,Include site in NRSA analyses?,,,DESIGN,,YES|NO,,,VARIABLE,siteinfo
1314,NRSA 1314 Site Information,Site Information,siteinfo_OWN_CODE,OWN_CODE,Land ownership code derived from USGS PADUS (http://gapanalysis.usgs.gov/padus/data/) - pulled May 2016 version of database,,,DESIGN,,Numeric of 45 detailed PADUS ownership codes; may legitimately by NA if not covered by PADUS owership,,,VARIABLE,siteinfo
1314,NRSA 1314 Site Information,Site Information,siteinfo_OWN_DESC,OWN_DESC,Land ownership protective category derived from USGS PADUS (http://gapanalysis.usgs.gov/padus/data/) - pulled May 2016 version of database,,,DESIGN,,Text of 37 protective category names from PADUS; may legitimately by NA if not covered by PADUS owership,,,VARIABLE,siteinfo
1314,NRSA 1314 Site Information,Site Information,siteinfo_OWN_TYPE,OWN_TYPE,Basic land ownership category derived from USGS PADUS (http://gapanalysis.usgs.gov/padus/data/) - pulled May 2016 version of database,,,DESIGN,,Text of 9 basic ownership category names from PADUS; may legitimately by NA if not covered by PADUS owership,,,VARIABLE,siteinfo
1314,NRSA 1314 Site Information,Site Information,siteinfo_OWNSHP,OWNSHP,Detailed land ownership category derived from USGS PADUS (http://gapanalysis.usgs.gov/padus/data/) - pulled May 2016 version of database,,,DESIGN,,Text of 45 detailed ownership category names from PADUS; may legitimately by NA if not covered by PADUS owership,,,VARIABLE,siteinfo
1314,NRSA 1314 Site Information,Site Information,siteinfo_PSTL_CODE,PSTL_CODE,State two-letter postal code,,,DESIGN,,,,,VARIABLE,siteinfo
1314,NRSA 1314 Site Information,Site Information,siteinfo_PUBLICATION_DATE,PUBLICATION_DATE,Date of data file publication,,,,,,,,VARIABLE,siteinfo
1314,NRSA 1314 Site Information,Site Information,siteinfo_REACHCODE,REACHCODE,NHD Reach code assigned,,,DESIGN,,Numeric,,,VARIABLE,siteinfo
1314,NRSA 1314 Site Information,Site Information,siteinfo_RT_NRSA,RT_NRSA,"NRSA Reference Class Assignment: R=reference, In=intermediate, Im=impacted, ?=Cannot be evaluated due to missing info",,,EVAL,,R|S|T|?,,,VARIABLE,siteinfo
1314,NRSA 1314 Site Information,Site Information,siteinfo_SITE_ID,SITE_ID,Site ID,,,,,,,,VARIABLE,siteinfo
1314,NRSA 1314 Site Information,Site Information,siteinfo_SITESAMP,SITESAMP,Site sampled (Y/N),,,VERIF,,,,,VARIABLE,siteinfo
1314,NRSA 1314 Site Information,Site Information,siteinfo_SITETYPE,SITETYPE,Site type (Probability-based or hand-picked),,,DESIGN,,PROB | HAND,,,VARIABLE,siteinfo
1314,NRSA 1314 Site Information,Site Information,siteinfo_SO,SO,NHD-Plus new Strahler order,,,DESIGN,,,,,VARIABLE,siteinfo
1314,NRSA 1314 Site Information,Site Information,siteinfo_SORT13_ID,SORT13_ID,Design sort ID of site for NRSA 2013-14 survey,,,DESIGN,,,,,VARIABLE,siteinfo
1314,NRSA 1314 Site Information,Site Information,siteinfo_SORT18_ID,SORT18_ID,Design sort ID of site for NRSA 2018-19 survey,,,DESIGN,,,,,VARIABLE,siteinfo
1314,NRSA 1314 Site Information,Site Information,siteinfo_SOURCE,SOURCE,Sample frame source,,,DESIGN,,NHDPlusv2| State frame names,,,VARIABLE,siteinfo
1314,NRSA 1314 Site Information,Site Information,siteinfo_STATE,STATE,State of site,,,,,,,,VARIABLE,siteinfo
1314,NRSA 1314 Site Information,Site Information,siteinfo_STATECTY,STATECTY,FIPS state and county code,,,DESIGN,,Text - numeric with leading zero,,,VARIABLE,siteinfo
1314,NRSA 1314 Site Information,Site Information,siteinfo_STATEID,STATEID,State Site ID,,,DESIGN,,,,,VARIABLE,siteinfo
1314,NRSA 1314 Site Information,Site Information,siteinfo_STRAH_CAL,STRAH_CAL,Strahler calculator from NHDPlusv2. Used to identify braided reaches.,,,DESIGN,,Numeric: 0 to 10.,,,VARIABLE,siteinfo
1314,NRSA 1314 Site Information,Site Information,siteinfo_STRAH_CAT,STRAH_CAT,Strahler category used to classify reaches. RiversMajor (5th and higher) RiversOther (5th and higher) LargeStreams (3rd and 4th) SmallStreams (1st and 2nd),,,DESIGN,,RiversMajor | RiversOther | LargeStreams | SmallStreams,,,VARIABLE,siteinfo
1314,NRSA 1314 Site Information,Site Information,siteinfo_STRAH_ORD,STRAH_ORD,Strahler order from NHDPlusv2,,,DESIGN,,Numeric: 0 to 10.,,,VARIABLE,siteinfo
1314,NRSA 1314 Site Information,Site Information,siteinfo_STUDY,STUDY,Study to which site belongs,,,DESIGN,,ALASKA|HAWAII|MSQA|BLM|CALAPOOIA|NRSA|WISCONSIN,,,VARIABLE,siteinfo
1314,NRSA 1314 Site Information,Site Information,siteinfo_UID,UID,Unique site visit ID,,,,,,,,VARIABLE,siteinfo
1314,NRSA 1314 Site Information,Site Information,siteinfo_US_L3CODE,US_L3CODE,Omernik Level III ecoregion code,,,DESIGN,,Numeric 1 to 85,,,VARIABLE,siteinfo
1314,NRSA 1314 Site Information,Site Information,siteinfo_US_L3NAME,US_L3NAME,Omernik Level III ecoregion name,,,DESIGN,,Text name,,,VARIABLE,siteinfo
1314,NRSA 1314 Site Information,Site Information,siteinfo_US_L4CODE,US_L4CODE,Omernik Level IV ecoregion code,,,DESIGN,,Level three codes plus aphabetic ending identifying level 4 subregion,,,VARIABLE,siteinfo
1314,NRSA 1314 Site Information,Site Information,siteinfo_US_L4NAME,US_L4NAME,Omernik Level IV ecoregion name,,,DESIGN,,Text name,,,VARIABLE,siteinfo
1314,NRSA 1314 Site Information,Site Information,siteinfo_VISIT_NO,VISIT_NO,Number identifying which visit this is,,,,,,,,VARIABLE,siteinfo
1314,NRSA 1314 Site Information,Site Information,siteinfo_WGT_EXT_SP,WGT_EXT_SP,Length of sampled streams represented by site in km,,,DESIGN,,,,,VARIABLE,siteinfo
1314,NRSA 1314 Site Information,Site Information,siteinfo_XCOORD,XCOORD,x-coordinate from US Contiguous Albers Equal Area Conic projection EXCEPT Hawaii sites which are calculated from Hawaii Albers Equal Area Conic projection,,,DESIGN,,Numeric,,,VARIABLE,siteinfo
1314,NRSA 1314 Site Information,Site Information,siteinfo_YCOORD,YCOORD,y-coordinate from US Contiguous Albers Equal Area Conic projection EXCEPT Hawaii sites which are calculated from Hawaii Albers Equal Area Conic projection,,,DESIGN,,Numeric,,,VARIABLE,siteinfo
1314,NRSA 1314 Water Chemistry,Water Chemistry,waterchem_AMMONIA_N_DATE_ANALYZED,AMMONIA_N_DATE_ANALYZED,Ammonia as N for NA,,,CHEM,,,,,VARIABLE,waterchem
1314,NRSA 1314 Water Chemistry,Water Chemistry,waterchem_AMMONIA_N_DATE_FILTERED,AMMONIA_N_DATE_FILTERED,Ammonia as N for NA,,,CHEM,,,,,VARIABLE,waterchem
1314,NRSA 1314 Water Chemistry,Water Chemistry,waterchem_AMMONIA_N_DATE_PROCESSED,AMMONIA_N_DATE_PROCESSED,Ammonia as N for NA,,,CHEM,,,,,VARIABLE,waterchem
1314,NRSA 1314 Water Chemistry,Water Chemistry,waterchem_AMMONIA_N_DATE_RECEIVED,AMMONIA_N_DATE_RECEIVED,Ammonia as N for NA,,,CHEM,,,,,VARIABLE,waterchem
1314,NRSA 1314 Water Chemistry,Water Chemistry,waterchem_AMMONIA_N_HOLDING_TIME,AMMONIA_N_HOLDING_TIME,Ammonia as N for NA,,,CHEM,,,,,VARIABLE,waterchem
1314,NRSA 1314 Water Chemistry,Water Chemistry,waterchem_AMMONIA_N_LAB_SAMPLE_ID,AMMONIA_N_LAB_SAMPLE_ID,Ammonia as N for NA,,,CHEM,,,,,VARIABLE,waterchem
1314,NRSA 1314 Water Chemistry,Water Chemistry,waterchem_AMMONIA_N_MDL,AMMONIA_N_MDL,Ammonia as N for NA,,,CHEM,,,,,VARIABLE,waterchem
1314,NRSA 1314 Water Chemistry,Water Chemistry,waterchem_AMMONIA_N_NARS_FLAG,AMMONIA_N_NARS_FLAG,Ammonia as N for NA,,,CHEM,,,,,VARIABLE,waterchem
1314,NRSA 1314 Water Chemistry,Water Chemistry,waterchem_AMMONIA_N_QA_FLAG,AMMONIA_N_QA_FLAG,Ammonia as N for NA,,,CHEM,,,,,VARIABLE,waterchem
1314,NRSA 1314 Water Chemistry,Water Chemistry,waterchem_AMMONIA_N_RESULT,AMMONIA_N_RESULT,Ammonia as N for NA,,,CHEM,,,,,VARIABLE,waterchem
1314,NRSA 1314 Water Chemistry,Water Chemistry,waterchem_AMMONIA_N_RL,AMMONIA_N_RL,Ammonia as N for NA,,,CHEM,,,,,VARIABLE,waterchem
1314,NRSA 1314 Water Chemistry,Water Chemistry,waterchem_AMMONIA_N_SAMPLE_ID,AMMONIA_N_SAMPLE_ID,Ammonia as N for NA,,,CHEM,,,,,VARIABLE,waterchem
1314,NRSA 1314 Water Chemistry,Water Chemistry,waterchem_AMMONIA_N_SHIP_FLAG,AMMONIA_N_SHIP_FLAG,Ammonia as N for NA,,,CHEM,,,,,VARIABLE,waterchem
1314,NRSA 1314 Water Chemistry,Water Chemistry,waterchem_ANC_DATE_ANALYZED,ANC_DATE_ANALYZED,Acid Neutralizing Capacity - UEQ/L for NA,,,CHEM,,,,,VARIABLE,waterchem
1314,NRSA 1314 Water Chemistry,Water Chemistry,waterchem_ANC_DATE_FILTERED,ANC_DATE_FILTERED,Acid Neutralizing Capacity - UEQ/L for NA,,,CHEM,,,,,VARIABLE,waterchem
1314,NRSA 1314 Water Chemistry,Water Chemistry,waterchem_ANC_DATE_PROCESSED,ANC_DATE_PROCESSED,Acid Neutralizing Capacity - UEQ/L for NA,,,CHEM,,,,,VARIABLE,waterchem
1314,NRSA 1314 Water Chemistry,Water Chemistry,waterchem_ANC_DATE_RECEIVED,ANC_DATE_RECEIVED,Acid Neutralizing Capacity - UEQ/L for NA,,,CHEM,,,,,VARIABLE,waterchem
1314,NRSA 1314 Water Chemistry,Water Chemistry,waterchem_ANC_HOLDING_TIME,ANC_HOLDING_TIME,Acid Neutralizing Capacity - UEQ/L for NA,,,CHEM,,,,,VARIABLE,waterchem
1314,NRSA 1314 Water Chemistry,Water Chemistry,waterchem_ANC_LAB_SAMPLE_ID,ANC_LAB_SAMPLE_ID,Acid Neutralizing Capacity - UEQ/L for NA,,,CHEM,,,,,VARIABLE,waterchem
1314,NRSA 1314 Water Chemistry,Water Chemistry,waterchem_ANC_MDL,ANC_MDL,Acid Neutralizing Capacity - UEQ/L for NA,,,CHEM,,,,,VARIABLE,waterchem
1314,NRSA 1314 Water Chemistry,Water Chemistry,waterchem_ANC_NARS_FLAG,ANC_NARS_FLAG,Acid Neutralizing Capacity - UEQ/L for NA,,,CHEM,,,,,VARIABLE,waterchem
1314,NRSA 1314 Water Chemistry,Water Chemistry,waterchem_ANC_QA_FLAG,ANC_QA_FLAG,Acid Neutralizing Capacity - UEQ/L for NA,,,CHEM,,,,,VARIABLE,waterchem
1314,NRSA 1314 Water Chemistry,Water Chemistry,waterchem_ANC_RESULT,ANC_RESULT,Acid Neutralizing Capacity - UEQ/L for NA,,,CHEM,,,,,VARIABLE,waterchem
1314,NRSA 1314 Water Chemistry,Water Chemistry,waterchem_ANC_RL,ANC_RL,Acid Neutralizing Capacity - UEQ/L for NA,,,CHEM,,,,,VARIABLE,waterchem
1314,NRSA 1314 Water Chemistry,Water Chemistry,waterchem_ANC_SAMPLE_ID,ANC_SAMPLE_ID,Acid Neutralizing Capacity - UEQ/L for NA,,,CHEM,,,,,VARIABLE,waterchem
1314,NRSA 1314 Water Chemistry,Water Chemistry,waterchem_ANC_SHIP_FLAG,ANC_SHIP_FLAG,Acid Neutralizing Capacity - UEQ/L for NA,,,CHEM,,,,,VARIABLE,waterchem
1314,NRSA 1314 Water Chemistry,Water Chemistry,waterchem_CALCIUM_DATE_ANALYZED,CALCIUM_DATE_ANALYZED,Calcium for NA,,,CHEM,,,,,VARIABLE,waterchem
1314,NRSA 1314 Water Chemistry,Water Chemistry,waterchem_CALCIUM_DATE_FILTERED,CALCIUM_DATE_FILTERED,Calcium for NA,,,CHEM,,,,,VARIABLE,waterchem
1314,NRSA 1314 Water Chemistry,Water Chemistry,waterchem_CALCIUM_DATE_PROCESSED,CALCIUM_DATE_PROCESSED,Calcium for NA,,,CHEM,,,,,VARIABLE,waterchem
1314,NRSA 1314 Water Chemistry,Water Chemistry,waterchem_CALCIUM_DATE_RECEIVED,CALCIUM_DATE_RECEIVED,Calcium for NA,,,CHEM,,,,,VARIABLE,waterchem
1314,NRSA 1314 Water Chemistry,Water Chemistry,waterchem_CALCIUM_HOLDING_TIME,CALCIUM_HOLDING_TIME,Calcium for NA,,,CHEM,,,,,VARIABLE,waterchem
1314,NRSA 1314 Water Chemistry,Water Chemistry,waterchem_CALCIUM_LAB_SAMPLE_ID,CALCIUM_LAB_SAMPLE_ID,Calcium for NA,,,CHEM,,,,,VARIABLE,waterchem
1314,NRSA 1314 Water Chemistry,Water Chemistry,waterchem_CALCIUM_MDL,CALCIUM_MDL,Calcium for NA,,,CHEM,,,,,VARIABLE,waterchem
1314,NRSA 1314 Water Chemistry,Water Chemistry,waterchem_CALCIUM_NARS_FLAG,CALCIUM_NARS_FLAG,Calcium for NA,,,CHEM,,,,,VARIABLE,waterchem
1314,NRSA 1314 Water Chemistry,Water Chemistry,waterchem_CALCIUM_QA_FLAG,CALCIUM_QA_FLAG,Calcium for NA,,,CHEM,,,,,VARIABLE,waterchem
1314,NRSA 1314 Water Chemistry,Water Chemistry,waterchem_CALCIUM_RESULT,CALCIUM_RESULT,Calcium for NA,,,CHEM,,,,,VARIABLE,waterchem
1314,NRSA 1314 Water Chemistry,Water Chemistry,waterchem_CALCIUM_RL,CALCIUM_RL,Calcium for NA,,,CHEM,,,,,VARIABLE,waterchem
1314,NRSA 1314 Water Chemistry,Water Chemistry,waterchem_CALCIUM_SAMPLE_ID,CALCIUM_SAMPLE_ID,Calcium for NA,,,CHEM,,,,,VARIABLE,waterchem
1314,NRSA 1314 Water Chemistry,Water Chemistry,waterchem_CALCIUM_SHIP_FLAG,CALCIUM_SHIP_FLAG,Calcium for NA,,,CHEM,,,,,VARIABLE,waterchem
1314,NRSA 1314 Water Chemistry,Water Chemistry,waterchem_CHLORIDE_DATE_ANALYZED,CHLORIDE_DATE_ANALYZED,Chloride ion for NA,,,CHEM,,,,,VARIABLE,waterchem
1314,NRSA 1314 Water Chemistry,Water Chemistry,waterchem_CHLORIDE_DATE_FILTERED,CHLORIDE_DATE_FILTERED,Chloride ion for NA,,,CHEM,,,,,VARIABLE,waterchem
1314,NRSA 1314 Water Chemistry,Water Chemistry,waterchem_CHLORIDE_DATE_PROCESSED,CHLORIDE_DATE_PROCESSED,Chloride ion for NA,,,CHEM,,,,,VARIABLE,waterchem
1314,NRSA 1314 Water Chemistry,Water Chemistry,waterchem_CHLORIDE_DATE_RECEIVED,CHLORIDE_DATE_RECEIVED,Chloride ion for NA,,,CHEM,,,,,VARIABLE,waterchem
1314,NRSA 1314 Water Chemistry,Water Chemistry,waterchem_CHLORIDE_HOLDING_TIME,CHLORIDE_HOLDING_TIME,Chloride ion for NA,,,CHEM,,,,,VARIABLE,waterchem
1314,NRSA 1314 Water Chemistry,Water Chemistry,waterchem_CHLORIDE_LAB_SAMPLE_ID,CHLORIDE_LAB_SAMPLE_ID,Chloride ion for NA,,,CHEM,,,,,VARIABLE,waterchem
1314,NRSA 1314 Water Chemistry,Water Chemistry,waterchem_CHLORIDE_LRL,CHLORIDE_LRL,Chloride ion for NA,,,CHEM,,,,,VARIABLE,waterchem
1314,NRSA 1314 Water Chemistry,Water Chemistry,waterchem_CHLORIDE_MDL,CHLORIDE_MDL,Chloride ion for NA,,,CHEM,,,,,VARIABLE,waterchem
1314,NRSA 1314 Water Chemistry,Water Chemistry,waterchem_CHLORIDE_NARS_FLAG,CHLORIDE_NARS_FLAG,Chloride ion for NA,,,CHEM,,,,,VARIABLE,waterchem
1314,NRSA 1314 Water Chemistry,Water Chemistry,waterchem_CHLORIDE_QA_FLAG,CHLORIDE_QA_FLAG,Chloride ion for NA,,,CHEM,,,,,VARIABLE,waterchem
1314,NRSA 1314 Water Chemistry,Water Chemistry,waterchem_CHLORIDE_RESULT,CHLORIDE_RESULT,Chloride ion for NA,,,CHEM,,,,,VARIABLE,waterchem
1314,NRSA 1314 Water Chemistry,Water Chemistry,waterchem_CHLORIDE_RL,CHLORIDE_RL,Chloride ion for NA,,,CHEM,,,,,VARIABLE,waterchem
1314,NRSA 1314 Water Chemistry,Water Chemistry,waterchem_CHLORIDE_SAMPLE_ID,CHLORIDE_SAMPLE_ID,Chloride ion for NA,,,CHEM,,,,,VARIABLE,waterchem
1314,NRSA 1314 Water Chemistry,Water Chemistry,waterchem_CHLORIDE_SHIP_FLAG,CHLORIDE_SHIP_FLAG,Chloride ion for NA,,,CHEM,,,,,VARIABLE,waterchem
1314,NRSA 1314 Water Chemistry,Water Chemistry,waterchem_COLOR_DATE_ANALYZED,COLOR_DATE_ANALYZED,Color for NA,,,CHEM,,,,,VARIABLE,waterchem
1314,NRSA 1314 Water Chemistry,Water Chemistry,waterchem_COLOR_DATE_FILTERED,COLOR_DATE_FILTERED,Color for NA,,,CHEM,,,,,VARIABLE,waterchem
1314,NRSA 1314 Water Chemistry,Water Chemistry,waterchem_COLOR_DATE_PROCESSED,COLOR_DATE_PROCESSED,Color for NA,,,CHEM,,,,,VARIABLE,waterchem
1314,NRSA 1314 Water Chemistry,Water Chemistry,waterchem_COLOR_DATE_RECEIVED,COLOR_DATE_RECEIVED,Color for NA,,,CHEM,,,,,VARIABLE,waterchem
1314,NRSA 1314 Water Chemistry,Water Chemistry,waterchem_COLOR_HOLDING_TIME,COLOR_HOLDING_TIME,Color for NA,,,CHEM,,,,,VARIABLE,waterchem
1314,NRSA 1314 Water Chemistry,Water Chemistry,waterchem_COLOR_LAB_SAMPLE_ID,COLOR_LAB_SAMPLE_ID,Color for NA,,,CHEM,,,,,VARIABLE,waterchem
1314,NRSA 1314 Water Chemistry,Water Chemistry,waterchem_COLOR_MDL,COLOR_MDL,Color for NA,,,CHEM,,,,,VARIABLE,waterchem
1314,NRSA 1314 Water Chemistry,Water Chemistry,waterchem_COLOR_NARS_FLAG,COLOR_NARS_FLAG,Color for NA,,,CHEM,,,,,VARIABLE,waterchem
1314,NRSA 1314 Water Chemistry,Water Chemistry,waterchem_COLOR_QA_FLAG,COLOR_QA_FLAG,Color for NA,,,CHEM,,,,,VARIABLE,waterchem
1314,NRSA 1314 Water Chemistry,Water Chemistry,waterchem_COLOR_RESULT,COLOR_RESULT,Color for NA,,,CHEM,,,,,VARIABLE,waterchem
1314,NRSA 1314 Water Chemistry,Water Chemistry,waterchem_COLOR_RL,COLOR_RL,Color for NA,,,CHEM,,,,,VARIABLE,waterchem
1314,NRSA 1314 Water Chemistry,Water Chemistry,waterchem_COLOR_SAMPLE_ID,COLOR_SAMPLE_ID,Color for NA,,,CHEM,,,,,VARIABLE,waterchem
1314,NRSA 1314 Water Chemistry,Water Chemistry,waterchem_COLOR_SHIP_FLAG,COLOR_SHIP_FLAG,Color for NA,,,CHEM,,,,,VARIABLE,waterchem
1314,NRSA 1314 Water Chemistry,Water Chemistry,waterchem_COND_DATE_ANALYZED,COND_DATE_ANALYZED,Conductivity for NA,,,CHEM,,,,,VARIABLE,waterchem
1314,NRSA 1314 Water Chemistry,Water Chemistry,waterchem_COND_DATE_FILTERED,COND_DATE_FILTERED,Conductivity for NA,,,CHEM,,,,,VARIABLE,waterchem
1314,NRSA 1314 Water Chemistry,Water Chemistry,waterchem_COND_DATE_PROCESSED,COND_DATE_PROCESSED,Conductivity for NA,,,CHEM,,,,,VARIABLE,waterchem
1314,NRSA 1314 Water Chemistry,Water Chemistry,waterchem_COND_DATE_RECEIVED,COND_DATE_RECEIVED,Conductivity for NA,,,CHEM,,,,,VARIABLE,waterchem
1314,NRSA 1314 Water Chemistry,Water Chemistry,waterchem_COND_HOLDING_TIME,COND_HOLDING_TIME,Conductivity for NA,,,CHEM,,,,,VARIABLE,waterchem
1314,NRSA 1314 Water Chemistry,Water Chemistry,waterchem_COND_LAB_SAMPLE_ID,COND_LAB_SAMPLE_ID,Conductivity for NA,,,CHEM,,,,,VARIABLE,waterchem
1314,NRSA 1314 Water Chemistry,Water Chemistry,waterchem_COND_MDL,COND_MDL,Conductivity for NA,,,CHEM,,,,,VARIABLE,waterchem
1314,NRSA 1314 Water Chemistry,Water Chemistry,waterchem_COND_NARS_FLAG,COND_NARS_FLAG,Conductivity for NA,,,CHEM,,,,,VARIABLE,waterchem
1314,NRSA 1314 Water Chemistry,Water Chemistry,waterchem_COND_QA_FLAG,COND_QA_FLAG,Conductivity for NA,,,CHEM,,,,,VARIABLE,waterchem
1314,NRSA 1314 Water Chemistry,Water Chemistry,waterchem_COND_RESULT,COND_RESULT,Conductivity for NA,,,CHEM,,,,,VARIABLE,waterchem
1314,NRSA 1314 Water Chemistry,Water Chemistry,waterchem_COND_RL,COND_RL,Conductivity for NA,,,CHEM,,,,,VARIABLE,waterchem
1314,NRSA 1314 Water Chemistry,Water Chemistry,waterchem_COND_SAMPLE_ID,COND_SAMPLE_ID,Conductivity for NA,,,CHEM,,,,,VARIABLE,waterchem
1314,NRSA 1314 Water Chemistry,Water Chemistry,waterchem_COND_SHIP_FLAG,COND_SHIP_FLAG,Conductivity for NA,,,CHEM,,,,,VARIABLE,waterchem
1314,NRSA 1314 Water Chemistry,Water Chemistry,waterchem_DOC_DATE_ANALYZED,DOC_DATE_ANALYZED,Dissolved Organic Carbon for NA,,,CHEM,,,,,VARIABLE,waterchem
1314,NRSA 1314 Water Chemistry,Water Chemistry,waterchem_DOC_DATE_FILTERED,DOC_DATE_FILTERED,Dissolved Organic Carbon for NA,,,CHEM,,,,,VARIABLE,waterchem
1314,NRSA 1314 Water Chemistry,Water Chemistry,waterchem_DOC_DATE_PROCESSED,DOC_DATE_PROCESSED,Dissolved Organic Carbon for NA,,,CHEM,,,,,VARIABLE,waterchem
1314,NRSA 1314 Water Chemistry,Water Chemistry,waterchem_DOC_DATE_RECEIVED,DOC_DATE_RECEIVED,Dissolved Organic Carbon for NA,,,CHEM,,,,,VARIABLE,waterchem
1314,NRSA 1314 Water Chemistry,Water Chemistry,waterchem_DOC_HOLDING_TIME,DOC_HOLDING_TIME,Dissolved Organic Carbon for NA,,,CHEM,,,,,VARIABLE,waterchem
1314,NRSA 1314 Water Chemistry,Water Chemistry,waterchem_DOC_LAB_SAMPLE_ID,DOC_LAB_SAMPLE_ID,Dissolved Organic Carbon for NA,,,CHEM,,,,,VARIABLE,waterchem
1314,NRSA 1314 Water Chemistry,Water Chemistry,waterchem_DOC_LRL,DOC_LRL,Dissolved Organic Carbon for NA,,,CHEM,,,,,VARIABLE,waterchem
1314,NRSA 1314 Water Chemistry,Water Chemistry,waterchem_DOC_MDL,DOC_MDL,Dissolved Organic Carbon for NA,,,CHEM,,,,,VARIABLE,waterchem
1314,NRSA 1314 Water Chemistry,Water Chemistry,waterchem_DOC_NARS_FLAG,DOC_NARS_FLAG,Dissolved Organic Carbon for NA,,,CHEM,,,,,VARIABLE,waterchem
1314,NRSA 1314 Water Chemistry,Water Chemistry,waterchem_DOC_QA_FLAG,DOC_QA_FLAG,Dissolved Organic Carbon for NA,,,CHEM,,,,,VARIABLE,waterchem
1314,NRSA 1314 Water Chemistry,Water Chemistry,waterchem_DOC_RESULT,DOC_RESULT,Dissolved Organic Carbon for NA,,,CHEM,,,,,VARIABLE,waterchem
1314,NRSA 1314 Water Chemistry,Water Chemistry,waterchem_DOC_RL,DOC_RL,Dissolved Organic Carbon for NA,,,CHEM,,,,,VARIABLE,waterchem
1314,NRSA 1314 Water Chemistry,Water Chemistry,waterchem_DOC_SAMPLE_ID,DOC_SAMPLE_ID,Dissolved Organic Carbon for NA,,,CHEM,,,,,VARIABLE,waterchem
1314,NRSA 1314 Water Chemistry,Water Chemistry,waterchem_DOC_SHIP_FLAG,DOC_SHIP_FLAG,Dissolved Organic Carbon for NA,,,CHEM,,,,,VARIABLE,waterchem
1314,NRSA 1314 Water Chemistry,Water Chemistry,waterchem_MAGNESIUM_DATE_ANALYZED,MAGNESIUM_DATE_ANALYZED,Magnesium for NA,,,CHEM,,,,,VARIABLE,waterchem
1314,NRSA 1314 Water Chemistry,Water Chemistry,waterchem_MAGNESIUM_DATE_FILTERED,MAGNESIUM_DATE_FILTERED,Magnesium for NA,,,CHEM,,,,,VARIABLE,waterchem
1314,NRSA 1314 Water Chemistry,Water Chemistry,waterchem_MAGNESIUM_DATE_PROCESSED,MAGNESIUM_DATE_PROCESSED,Magnesium for NA,,,CHEM,,,,,VARIABLE,waterchem
1314,NRSA 1314 Water Chemistry,Water Chemistry,waterchem_MAGNESIUM_DATE_RECEIVED,MAGNESIUM_DATE_RECEIVED,Magnesium for NA,,,CHEM,,,,,VARIABLE,waterchem
1314,NRSA 1314 Water Chemistry,Water Chemistry,waterchem_MAGNESIUM_HOLDING_TIME,MAGNESIUM_HOLDING_TIME,Magnesium for NA,,,CHEM,,,,,VARIABLE,waterchem
1314,NRSA 1314 Water Chemistry,Water Chemistry,waterchem_MAGNESIUM_LAB_SAMPLE_ID,MAGNESIUM_LAB_SAMPLE_ID,Magnesium for NA,,,CHEM,,,,,VARIABLE,waterchem
1314,NRSA 1314 Water Chemistry,Water Chemistry,waterchem_MAGNESIUM_MDL,MAGNESIUM_MDL,Magnesium for NA,,,CHEM,,,,,VARIABLE,waterchem
1314,NRSA 1314 Water Chemistry,Water Chemistry,waterchem_MAGNESIUM_NARS_FLAG,MAGNESIUM_NARS_FLAG,Magnesium for NA,,,CHEM,,,,,VARIABLE,waterchem
1314,NRSA 1314 Water Chemistry,Water Chemistry,waterchem_MAGNESIUM_QA_FLAG,MAGNESIUM_QA_FLAG,Magnesium for NA,,,CHEM,,,,,VARIABLE,waterchem
1314,NRSA 1314 Water Chemistry,Water Chemistry,waterchem_MAGNESIUM_RESULT,MAGNESIUM_RESULT,Magnesium for NA,,,CHEM,,,,,VARIABLE,waterchem
1314,NRSA 1314 Water Chemistry,Water Chemistry,waterchem_MAGNESIUM_RL,MAGNESIUM_RL,Magnesium for NA,,,CHEM,,,,,VARIABLE,waterchem
1314,NRSA 1314 Water Chemistry,Water Chemistry,waterchem_MAGNESIUM_SAMPLE_ID,MAGNESIUM_SAMPLE_ID,Magnesium for NA,,,CHEM,,,,,VARIABLE,waterchem
1314,NRSA 1314 Water Chemistry,Water Chemistry,waterchem_MAGNESIUM_SHIP_FLAG,MAGNESIUM_SHIP_FLAG,Magnesium for NA,,,CHEM,,,,,VARIABLE,waterchem
1314,NRSA 1314 Water Chemistry,Water Chemistry,waterchem_NITRATE_N_DATE_ANALYZED,NITRATE_N_DATE_ANALYZED,Nitrate as N for NA,,,CHEM,,,,,VARIABLE,waterchem
1314,NRSA 1314 Water Chemistry,Water Chemistry,waterchem_NITRATE_N_DATE_FILTERED,NITRATE_N_DATE_FILTERED,Nitrate as N for NA,,,CHEM,,,,,VARIABLE,waterchem
1314,NRSA 1314 Water Chemistry,Water Chemistry,waterchem_NITRATE_N_DATE_PROCESSED,NITRATE_N_DATE_PROCESSED,Nitrate as N for NA,,,CHEM,,,,,VARIABLE,waterchem
1314,NRSA 1314 Water Chemistry,Water Chemistry,waterchem_NITRATE_N_DATE_RECEIVED,NITRATE_N_DATE_RECEIVED,Nitrate as N for NA,,,CHEM,,,,,VARIABLE,waterchem
1314,NRSA 1314 Water Chemistry,Water Chemistry,waterchem_NITRATE_N_HOLDING_TIME,NITRATE_N_HOLDING_TIME,Nitrate as N for NA,,,CHEM,,,,,VARIABLE,waterchem
1314,NRSA 1314 Water Chemistry,Water Chemistry,waterchem_NITRATE_N_LAB_SAMPLE_ID,NITRATE_N_LAB_SAMPLE_ID,Nitrate as N for NA,,,CHEM,,,,,VARIABLE,waterchem
1314,NRSA 1314 Water Chemistry,Water Chemistry,waterchem_NITRATE_N_LRL,NITRATE_N_LRL,Nitrate as N for NA,,,CHEM,,,,,VARIABLE,waterchem
1314,NRSA 1314 Water Chemistry,Water Chemistry,waterchem_NITRATE_N_MDL,NITRATE_N_MDL,Nitrate as N for NA,,,CHEM,,,,,VARIABLE,waterchem
1314,NRSA 1314 Water Chemistry,Water Chemistry,waterchem_NITRATE_N_NARS_FLAG,NITRATE_N_NARS_FLAG,Nitrate as N for NA,,,CHEM,,,,,VARIABLE,waterchem
1314,NRSA 1314 Water Chemistry,Water Chemistry,waterchem_NITRATE_N_QA_FLAG,NITRATE_N_QA_FLAG,Nitrate as N for NA,,,CHEM,,,,,VARIABLE,waterchem
1314,NRSA 1314 Water Chemistry,Water Chemistry,waterchem_NITRATE_N_RESULT,NITRATE_N_RESULT,Nitrate as N for NA,,,CHEM,,,,,VARIABLE,waterchem
1314,NRSA 1314 Water Chemistry,Water Chemistry,waterchem_NITRATE_N_RL,NITRATE_N_RL,Nitrate as N for NA,,,CHEM,,,,,VARIABLE,waterchem
1314,NRSA 1314 Water Chemistry,Water Chemistry,waterchem_NITRATE_N_SAMPLE_ID,NITRATE_N_SAMPLE_ID,Nitrate as N for NA,,,CHEM,,,,,VARIABLE,waterchem
1314,NRSA 1314 Water Chemistry,Water Chemistry,waterchem_NITRATE_N_SHIP_FLAG,NITRATE_N_SHIP_FLAG,Nitrate as N for NA,,,CHEM,,,,,VARIABLE,waterchem
1314,NRSA 1314 Water Chemistry,Water Chemistry,waterchem_NITRATE_NITRITE_N_DATE_ANALYZED,NITRATE_NITRITE_N_DATE_ANALYZED,Nitrate + Nitrite as N for NA,,,CHEM,,,,,VARIABLE,waterchem
1314,NRSA 1314 Water Chemistry,Water Chemistry,waterchem_NITRATE_NITRITE_N_DATE_FILTERED,NITRATE_NITRITE_N_DATE_FILTERED,Nitrate + Nitrite as N for NA,,,CHEM,,,,,VARIABLE,waterchem
1314,NRSA 1314 Water Chemistry,Water Chemistry,waterchem_NITRATE_NITRITE_N_DATE_PROCESSED,NITRATE_NITRITE_N_DATE_PROCESSED,Nitrate + Nitrite as N for NA,,,CHEM,,,,,VARIABLE,waterchem
1314,NRSA 1314 Water Chemistry,Water Chemistry,waterchem_NITRATE_NITRITE_N_DATE_RECEIVED,NITRATE_NITRITE_N_DATE_RECEIVED,Nitrate + Nitrite as N for NA,,,CHEM,,,,,VARIABLE,waterchem
1314,NRSA 1314 Water Chemistry,Water Chemistry,waterchem_NITRATE_NITRITE_N_HOLDING_TIME,NITRATE_NITRITE_N_HOLDING_TIME,Nitrate + Nitrite as N for NA,,,CHEM,,,,,VARIABLE,waterchem
1314,NRSA 1314 Water Chemistry,Water Chemistry,waterchem_NITRATE_NITRITE_N_LAB_SAMPLE_ID,NITRATE_NITRITE_N_LAB_SAMPLE_ID,Nitrate + Nitrite as N for NA,,,CHEM,,,,,VARIABLE,waterchem
1314,NRSA 1314 Water Chemistry,Water Chemistry,waterchem_NITRATE_NITRITE_N_MDL,NITRATE_NITRITE_N_MDL,Nitrate + Nitrite as N for NA,,,CHEM,,,,,VARIABLE,waterchem
1314,NRSA 1314 Water Chemistry,Water Chemistry,waterchem_NITRATE_NITRITE_N_NARS_FLAG,NITRATE_NITRITE_N_NARS_FLAG,Nitrate + Nitrite as N for NA,,,CHEM,,,,,VARIABLE,waterchem
1314,NRSA 1314 Water Chemistry,Water Chemistry,waterchem_NITRATE_NITRITE_N_QA_FLAG,NITRATE_NITRITE_N_QA_FLAG,Nitrate + Nitrite as N for NA,,,CHEM,,,,,VARIABLE,waterchem
1314,NRSA 1314 Water Chemistry,Water Chemistry,waterchem_NITRATE_NITRITE_N_RESULT,NITRATE_NITRITE_N_RESULT,Nitrate + Nitrite as N for NA,,,CHEM,,,,,VARIABLE,waterchem
1314,NRSA 1314 Water Chemistry,Water Chemistry,waterchem_NITRATE_NITRITE_N_RL,NITRATE_NITRITE_N_RL,Nitrate + Nitrite as N for NA,,,CHEM,,,,,VARIABLE,waterchem
1314,NRSA 1314 Water Chemistry,Water Chemistry,waterchem_NITRATE_NITRITE_N_SAMPLE_ID,NITRATE_NITRITE_N_SAMPLE_ID,Nitrate + Nitrite as N for NA,,,CHEM,,,,,VARIABLE,waterchem
1314,NRSA 1314 Water Chemistry,Water Chemistry,waterchem_NITRITE_N_DATE_ANALYZED,NITRITE_N_DATE_ANALYZED,Nitrite as N for NA,,,CHEM,,,,,VARIABLE,waterchem
1314,NRSA 1314 Water Chemistry,Water Chemistry,waterchem_NITRITE_N_HOLDING_TIME,NITRITE_N_HOLDING_TIME,Nitrite as N for NA,,,CHEM,,,,,VARIABLE,waterchem
1314,NRSA 1314 Water Chemistry,Water Chemistry,waterchem_NITRITE_N_LAB_SAMPLE_ID,NITRITE_N_LAB_SAMPLE_ID,Nitrite as N for NA,,,CHEM,,,,,VARIABLE,waterchem
1314,NRSA 1314 Water Chemistry,Water Chemistry,waterchem_NITRITE_N_LRL,NITRITE_N_LRL,Nitrite as N for NA,,,CHEM,,,,,VARIABLE,waterchem
1314,NRSA 1314 Water Chemistry,Water Chemistry,waterchem_NITRITE_N_MDL,NITRITE_N_MDL,Nitrite as N for NA,,,CHEM,,,,,VARIABLE,waterchem
1314,NRSA 1314 Water Chemistry,Water Chemistry,waterchem_NITRITE_N_QA_FLAG,NITRITE_N_QA_FLAG,Nitrite as N for NA,,,CHEM,,,,,VARIABLE,waterchem
1314,NRSA 1314 Water Chemistry,Water Chemistry,waterchem_NITRITE_N_RESULT,NITRITE_N_RESULT,Nitrite as N for NA,,,CHEM,,,,,VARIABLE,waterchem
1314,NRSA 1314 Water Chemistry,Water Chemistry,waterchem_NITRITE_N_SAMPLE_ID,NITRITE_N_SAMPLE_ID,Nitrite as N for NA,,,CHEM,,,,,VARIABLE,waterchem
1314,NRSA 1314 Water Chemistry,Water Chemistry,waterchem_NITRITE_N_SHIP_FLAG,NITRITE_N_SHIP_FLAG,Nitrite as N for NA,,,CHEM,,,,,VARIABLE,waterchem
1314,NRSA 1314 Water Chemistry,Water Chemistry,waterchem_NTL_DATE_ANALYZED,NTL_DATE_ANALYZED,Total Nitrogen for NA,,,CHEM,,,,,VARIABLE,waterchem
1314,NRSA 1314 Water Chemistry,Water Chemistry,waterchem_NTL_DATE_FILTERED,NTL_DATE_FILTERED,Total Nitrogen for NA,,,CHEM,,,,,VARIABLE,waterchem
1314,NRSA 1314 Water Chemistry,Water Chemistry,waterchem_NTL_DATE_PROCESSED,NTL_DATE_PROCESSED,Total Nitrogen for NA,,,CHEM,,,,,VARIABLE,waterchem
1314,NRSA 1314 Water Chemistry,Water Chemistry,waterchem_NTL_DATE_RECEIVED,NTL_DATE_RECEIVED,Total Nitrogen for NA,,,CHEM,,,,,VARIABLE,waterchem
1314,NRSA 1314 Water Chemistry,Water Chemistry,waterchem_NTL_HOLDING_TIME,NTL_HOLDING_TIME,Total Nitrogen for NA,,,CHEM,,,,,VARIABLE,waterchem
1314,NRSA 1314 Water Chemistry,Water Chemistry,waterchem_NTL_LAB_SAMPLE_ID,NTL_LAB_SAMPLE_ID,Total Nitrogen for NA,,,CHEM,,,,,VARIABLE,waterchem
1314,NRSA 1314 Water Chemistry,Water Chemistry,waterchem_NTL_LRL,NTL_LRL,Total Nitrogen for NA,,,CHEM,,,,,VARIABLE,waterchem
1314,NRSA 1314 Water Chemistry,Water Chemistry,waterchem_NTL_MDL,NTL_MDL,Total Nitrogen for NA,,,CHEM,,,,,VARIABLE,waterchem
1314,NRSA 1314 Water Chemistry,Water Chemistry,waterchem_NTL_NARS_FLAG,NTL_NARS_FLAG,Total Nitrogen for NA,,,CHEM,,,,,VARIABLE,waterchem
1314,NRSA 1314 Water Chemistry,Water Chemistry,waterchem_NTL_QA_FLAG,NTL_QA_FLAG,Total Nitrogen for NA,,,CHEM,,,,,VARIABLE,waterchem
1314,NRSA 1314 Water Chemistry,Water Chemistry,waterchem_NTL_RESULT,NTL_RESULT,Total Nitrogen for NA,,,CHEM,,,,,VARIABLE,waterchem
1314,NRSA 1314 Water Chemistry,Water Chemistry,waterchem_NTL_RL,NTL_RL,Total Nitrogen for NA,,,CHEM,,,,,VARIABLE,waterchem
1314,NRSA 1314 Water Chemistry,Water Chemistry,waterchem_NTL_SAMPLE_ID,NTL_SAMPLE_ID,Total Nitrogen for NA,,,CHEM,,,,,VARIABLE,waterchem
1314,NRSA 1314 Water Chemistry,Water Chemistry,waterchem_NTL_SHIP_FLAG,NTL_SHIP_FLAG,Total Nitrogen for NA,,,CHEM,,,,,VARIABLE,waterchem
1314,NRSA 1314 Water Chemistry,Water Chemistry,waterchem_PH_DATE_ANALYZED,PH_DATE_ANALYZED,pH for NA,,,CHEM,,,,,VARIABLE,waterchem
1314,NRSA 1314 Water Chemistry,Water Chemistry,waterchem_PH_DATE_FILTERED,PH_DATE_FILTERED,pH for NA,,,CHEM,,,,,VARIABLE,waterchem
1314,NRSA 1314 Water Chemistry,Water Chemistry,waterchem_PH_DATE_PROCESSED,PH_DATE_PROCESSED,pH for NA,,,CHEM,,,,,VARIABLE,waterchem
1314,NRSA 1314 Water Chemistry,Water Chemistry,waterchem_PH_DATE_RECEIVED,PH_DATE_RECEIVED,pH for NA,,,CHEM,,,,,VARIABLE,waterchem
1314,NRSA 1314 Water Chemistry,Water Chemistry,waterchem_PH_HOLDING_TIME,PH_HOLDING_TIME,pH for NA,,,CHEM,,,,,VARIABLE,waterchem
1314,NRSA 1314 Water Chemistry,Water Chemistry,waterchem_PH_LAB_SAMPLE_ID,PH_LAB_SAMPLE_ID,pH for NA,,,CHEM,,,,,VARIABLE,waterchem
1314,NRSA 1314 Water Chemistry,Water Chemistry,waterchem_PH_MDL,PH_MDL,pH for NA,,,CHEM,,,,,VARIABLE,waterchem
1314,NRSA 1314 Water Chemistry,Water Chemistry,waterchem_PH_NARS_FLAG,PH_NARS_FLAG,pH for NA,,,CHEM,,,,,VARIABLE,waterchem
1314,NRSA 1314 Water Chemistry,Water Chemistry,waterchem_PH_QA_FLAG,PH_QA_FLAG,pH for NA,,,CHEM,,,,,VARIABLE,waterchem
1314,NRSA 1314 Water Chemistry,Water Chemistry,waterchem_PH_RESULT,PH_RESULT,pH for NA,,,CHEM,,,,,VARIABLE,waterchem
1314,NRSA 1314 Water Chemistry,Water Chemistry,waterchem_PH_RL,PH_RL,pH for NA,,,CHEM,,,,,VARIABLE,waterchem
1314,NRSA 1314 Water Chemistry,Water Chemistry,waterchem_PH_SAMPLE_ID,PH_SAMPLE_ID,pH for NA,,,CHEM,,,,,VARIABLE,waterchem
1314,NRSA 1314 Water Chemistry,Water Chemistry,waterchem_PH_SHIP_FLAG,PH_SHIP_FLAG,pH for NA,,,CHEM,,,,,VARIABLE,waterchem
1314,NRSA 1314 Water Chemistry,Water Chemistry,waterchem_POTASSIUM_DATE_ANALYZED,POTASSIUM_DATE_ANALYZED,Potassium for NA,,,CHEM,,,,,VARIABLE,waterchem
1314,NRSA 1314 Water Chemistry,Water Chemistry,waterchem_POTASSIUM_DATE_FILTERED,POTASSIUM_DATE_FILTERED,Potassium for NA,,,CHEM,,,,,VARIABLE,waterchem
1314,NRSA 1314 Water Chemistry,Water Chemistry,waterchem_POTASSIUM_DATE_PROCESSED,POTASSIUM_DATE_PROCESSED,Potassium for NA,,,CHEM,,,,,VARIABLE,waterchem
1314,NRSA 1314 Water Chemistry,Water Chemistry,waterchem_POTASSIUM_DATE_RECEIVED,POTASSIUM_DATE_RECEIVED,Potassium for NA,,,CHEM,,,,,VARIABLE,waterchem
1314,NRSA 1314 Water Chemistry,Water Chemistry,waterchem_POTASSIUM_HOLDING_TIME,POTASSIUM_HOLDING_TIME,Potassium for NA,,,CHEM,,,,,VARIABLE,waterchem
1314,NRSA 1314 Water Chemistry,Water Chemistry,waterchem_POTASSIUM_LAB_SAMPLE_ID,POTASSIUM_LAB_SAMPLE_ID,Potassium for NA,,,CHEM,,,,,VARIABLE,waterchem
1314,NRSA 1314 Water Chemistry,Water Chemistry,waterchem_POTASSIUM_MDL,POTASSIUM_MDL,Potassium for NA,,,CHEM,,,,,VARIABLE,waterchem
1314,NRSA 1314 Water Chemistry,Water Chemistry,waterchem_POTASSIUM_NARS_FLAG,POTASSIUM_NARS_FLAG,Potassium for NA,,,CHEM,,,,,VARIABLE,waterchem
1314,NRSA 1314 Water Chemistry,Water Chemistry,waterchem_POTASSIUM_QA_FLAG,POTASSIUM_QA_FLAG,Potassium for NA,,,CHEM,,,,,VARIABLE,waterchem
1314,NRSA 1314 Water Chemistry,Water Chemistry,waterchem_POTASSIUM_RESULT,POTASSIUM_RESULT,Potassium for NA,,,CHEM,,,,,VARIABLE,waterchem
1314,NRSA 1314 Water Chemistry,Water Chemistry,waterchem_POTASSIUM_RL,POTASSIUM_RL,Potassium for NA,,,CHEM,,,,,VARIABLE,waterchem
1314,NRSA 1314 Water Chemistry,Water Chemistry,waterchem_POTASSIUM_SAMPLE_ID,POTASSIUM_SAMPLE_ID,Potassium for NA,,,CHEM,,,,,VARIABLE,waterchem
1314,NRSA 1314 Water Chemistry,Water Chemistry,waterchem_POTASSIUM_SHIP_FLAG,POTASSIUM_SHIP_FLAG,Potassium for NA,,,CHEM,,,,,VARIABLE,waterchem
1314,NRSA 1314 Water Chemistry,Water Chemistry,waterchem_PTL_DATE_ANALYZED,PTL_DATE_ANALYZED,Total Phosphorus for NA,,,CHEM,,,,,VARIABLE,waterchem
1314,NRSA 1314 Water Chemistry,Water Chemistry,waterchem_PTL_DATE_FILTERED,PTL_DATE_FILTERED,Total Phosphorus for NA,,,CHEM,,,,,VARIABLE,waterchem
1314,NRSA 1314 Water Chemistry,Water Chemistry,waterchem_PTL_DATE_PROCESSED,PTL_DATE_PROCESSED,Total Phosphorus for NA,,,CHEM,,,,,VARIABLE,waterchem
1314,NRSA 1314 Water Chemistry,Water Chemistry,waterchem_PTL_DATE_RECEIVED,PTL_DATE_RECEIVED,Total Phosphorus for NA,,,CHEM,,,,,VARIABLE,waterchem
1314,NRSA 1314 Water Chemistry,Water Chemistry,waterchem_PTL_HOLDING_TIME,PTL_HOLDING_TIME,Total Phosphorus for NA,,,CHEM,,,,,VARIABLE,waterchem
1314,NRSA 1314 Water Chemistry,Water Chemistry,waterchem_PTL_LAB_SAMPLE_ID,PTL_LAB_SAMPLE_ID,Total Phosphorus for NA,,,CHEM,,,,,VARIABLE,waterchem
1314,NRSA 1314 Water Chemistry,Water Chemistry,waterchem_PTL_LRL,PTL_LRL,Total Phosphorus for NA,,,CHEM,,,,,VARIABLE,waterchem
1314,NRSA 1314 Water Chemistry,Water Chemistry,waterchem_PTL_MDL,PTL_MDL,Total Phosphorus for NA,,,CHEM,,,,,VARIABLE,waterchem
1314,NRSA 1314 Water Chemistry,Water Chemistry,waterchem_PTL_NARS_FLAG,PTL_NARS_FLAG,Total Phosphorus for NA,,,CHEM,,,,,VARIABLE,waterchem
1314,NRSA 1314 Water Chemistry,Water Chemistry,waterchem_PTL_QA_FLAG,PTL_QA_FLAG,Total Phosphorus for NA,,,CHEM,,,,,VARIABLE,waterchem
1314,NRSA 1314 Water Chemistry,Water Chemistry,waterchem_PTL_RESULT,PTL_RESULT,Total Phosphorus for NA,,,CHEM,,,,,VARIABLE,waterchem
1314,NRSA 1314 Water Chemistry,Water Chemistry,waterchem_PTL_RL,PTL_RL,Total Phosphorus for NA,,,CHEM,,,,,VARIABLE,waterchem
1314,NRSA 1314 Water Chemistry,Water Chemistry,waterchem_PTL_SAMPLE_ID,PTL_SAMPLE_ID,Total Phosphorus for NA,,,CHEM,,,,,VARIABLE,waterchem
1314,NRSA 1314 Water Chemistry,Water Chemistry,waterchem_PTL_SHIP_FLAG,PTL_SHIP_FLAG,Total Phosphorus for NA,,,CHEM,,,,,VARIABLE,waterchem
1314,NRSA 1314 Water Chemistry,Water Chemistry,waterchem_SILICA_DATE_ANALYZED,SILICA_DATE_ANALYZED,Silica for NA,,,CHEM,,,,,VARIABLE,waterchem
1314,NRSA 1314 Water Chemistry,Water Chemistry,waterchem_SILICA_DATE_FILTERED,SILICA_DATE_FILTERED,Silica for NA,,,CHEM,,,,,VARIABLE,waterchem
1314,NRSA 1314 Water Chemistry,Water Chemistry,waterchem_SILICA_DATE_PROCESSED,SILICA_DATE_PROCESSED,Silica for NA,,,CHEM,,,,,VARIABLE,waterchem
1314,NRSA 1314 Water Chemistry,Water Chemistry,waterchem_SILICA_DATE_RECEIVED,SILICA_DATE_RECEIVED,Silica for NA,,,CHEM,,,,,VARIABLE,waterchem
1314,NRSA 1314 Water Chemistry,Water Chemistry,waterchem_SILICA_HOLDING_TIME,SILICA_HOLDING_TIME,Silica for NA,,,CHEM,,,,,VARIABLE,waterchem
1314,NRSA 1314 Water Chemistry,Water Chemistry,waterchem_SILICA_LAB_SAMPLE_ID,SILICA_LAB_SAMPLE_ID,Silica for NA,,,CHEM,,,,,VARIABLE,waterchem
1314,NRSA 1314 Water Chemistry,Water Chemistry,waterchem_SILICA_MDL,SILICA_MDL,Silica for NA,,,CHEM,,,,,VARIABLE,waterchem
1314,NRSA 1314 Water Chemistry,Water Chemistry,waterchem_SILICA_NARS_FLAG,SILICA_NARS_FLAG,Silica for NA,,,CHEM,,,,,VARIABLE,waterchem
1314,NRSA 1314 Water Chemistry,Water Chemistry,waterchem_SILICA_QA_FLAG,SILICA_QA_FLAG,Silica for NA,,,CHEM,,,,,VARIABLE,waterchem
1314,NRSA 1314 Water Chemistry,Water Chemistry,waterchem_SILICA_RESULT,SILICA_RESULT,Silica for NA,,,CHEM,,,,,VARIABLE,waterchem
1314,NRSA 1314 Water Chemistry,Water Chemistry,waterchem_SILICA_RL,SILICA_RL,Silica for NA,,,CHEM,,,,,VARIABLE,waterchem
1314,NRSA 1314 Water Chemistry,Water Chemistry,waterchem_SILICA_SAMPLE_ID,SILICA_SAMPLE_ID,Silica for NA,,,CHEM,,,,,VARIABLE,waterchem
1314,NRSA 1314 Water Chemistry,Water Chemistry,waterchem_SILICA_SHIP_FLAG,SILICA_SHIP_FLAG,Silica for NA,,,CHEM,,,,,VARIABLE,waterchem
1314,NRSA 1314 Water Chemistry,Water Chemistry,waterchem_SODIUM_DATE_ANALYZED,SODIUM_DATE_ANALYZED,Sodium for NA,,,CHEM,,,,,VARIABLE,waterchem
1314,NRSA 1314 Water Chemistry,Water Chemistry,waterchem_SODIUM_DATE_FILTERED,SODIUM_DATE_FILTERED,Sodium for NA,,,CHEM,,,,,VARIABLE,waterchem
1314,NRSA 1314 Water Chemistry,Water Chemistry,waterchem_SODIUM_DATE_PROCESSED,SODIUM_DATE_PROCESSED,Sodium for NA,,,CHEM,,,,,VARIABLE,waterchem
1314,NRSA 1314 Water Chemistry,Water Chemistry,waterchem_SODIUM_DATE_RECEIVED,SODIUM_DATE_RECEIVED,Sodium for NA,,,CHEM,,,,,VARIABLE,waterchem
1314,NRSA 1314 Water Chemistry,Water Chemistry,waterchem_SODIUM_HOLDING_TIME,SODIUM_HOLDING_TIME,Sodium for NA,,,CHEM,,,,,VARIABLE,waterchem
1314,NRSA 1314 Water Chemistry,Water Chemistry,waterchem_SODIUM_LAB_SAMPLE_ID,SODIUM_LAB_SAMPLE_ID,Sodium for NA,,,CHEM,,,,,VARIABLE,waterchem
1314,NRSA 1314 Water Chemistry,Water Chemistry,waterchem_SODIUM_MDL,SODIUM_MDL,Sodium for NA,,,CHEM,,,,,VARIABLE,waterchem
1314,NRSA 1314 Water Chemistry,Water Chemistry,waterchem_SODIUM_NARS_FLAG,SODIUM_NARS_FLAG,Sodium for NA,,,CHEM,,,,,VARIABLE,waterchem
1314,NRSA 1314 Water Chemistry,Water Chemistry,waterchem_SODIUM_QA_FLAG,SODIUM_QA_FLAG,Sodium for NA,,,CHEM,,,,,VARIABLE,waterchem
1314,NRSA 1314 Water Chemistry,Water Chemistry,waterchem_SODIUM_RESULT,SODIUM_RESULT,Sodium for NA,,,CHEM,,,,,VARIABLE,waterchem
1314,NRSA 1314 Water Chemistry,Water Chemistry,waterchem_SODIUM_RL,SODIUM_RL,Sodium for NA,,,CHEM,,,,,VARIABLE,waterchem
1314,NRSA 1314 Water Chemistry,Water Chemistry,waterchem_SODIUM_SAMPLE_ID,SODIUM_SAMPLE_ID,Sodium for NA,,,CHEM,,,,,VARIABLE,waterchem
1314,NRSA 1314 Water Chemistry,Water Chemistry,waterchem_SODIUM_SHIP_FLAG,SODIUM_SHIP_FLAG,Sodium for NA,,,CHEM,,,,,VARIABLE,waterchem
1314,NRSA 1314 Water Chemistry,Water Chemistry,waterchem_SULFATE_DATE_ANALYZED,SULFATE_DATE_ANALYZED,Sulfate for NA,,,CHEM,,,,,VARIABLE,waterchem
1314,NRSA 1314 Water Chemistry,Water Chemistry,waterchem_SULFATE_DATE_FILTERED,SULFATE_DATE_FILTERED,Sulfate for NA,,,CHEM,,,,,VARIABLE,waterchem
1314,NRSA 1314 Water Chemistry,Water Chemistry,waterchem_SULFATE_DATE_PROCESSED,SULFATE_DATE_PROCESSED,Sulfate for NA,,,CHEM,,,,,VARIABLE,waterchem
1314,NRSA 1314 Water Chemistry,Water Chemistry,waterchem_SULFATE_DATE_RECEIVED,SULFATE_DATE_RECEIVED,Sulfate for NA,,,CHEM,,,,,VARIABLE,waterchem
1314,NRSA 1314 Water Chemistry,Water Chemistry,waterchem_SULFATE_HOLDING_TIME,SULFATE_HOLDING_TIME,Sulfate for NA,,,CHEM,,,,,VARIABLE,waterchem
1314,NRSA 1314 Water Chemistry,Water Chemistry,waterchem_SULFATE_LAB_SAMPLE_ID,SULFATE_LAB_SAMPLE_ID,Sulfate for NA,,,CHEM,,,,,VARIABLE,waterchem
1314,NRSA 1314 Water Chemistry,Water Chemistry,waterchem_SULFATE_LRL,SULFATE_LRL,Sulfate for NA,,,CHEM,,,,,VARIABLE,waterchem
1314,NRSA 1314 Water Chemistry,Water Chemistry,waterchem_SULFATE_MDL,SULFATE_MDL,Sulfate for NA,,,CHEM,,,,,VARIABLE,waterchem
1314,NRSA 1314 Water Chemistry,Water Chemistry,waterchem_SULFATE_NARS_FLAG,SULFATE_NARS_FLAG,Sulfate for NA,,,CHEM,,,,,VARIABLE,waterchem
1314,NRSA 1314 Water Chemistry,Water Chemistry,waterchem_SULFATE_QA_FLAG,SULFATE_QA_FLAG,Sulfate for NA,,,CHEM,,,,,VARIABLE,waterchem
1314,NRSA 1314 Water Chemistry,Water Chemistry,waterchem_SULFATE_RESULT,SULFATE_RESULT,Sulfate for NA,,,CHEM,,,,,VARIABLE,waterchem
1314,NRSA 1314 Water Chemistry,Water Chemistry,waterchem_SULFATE_RL,SULFATE_RL,Sulfate for NA,,,CHEM,,,,,VARIABLE,waterchem
1314,NRSA 1314 Water Chemistry,Water Chemistry,waterchem_SULFATE_SAMPLE_ID,SULFATE_SAMPLE_ID,Sulfate for NA,,,CHEM,,,,,VARIABLE,waterchem
1314,NRSA 1314 Water Chemistry,Water Chemistry,waterchem_SULFATE_SHIP_FLAG,SULFATE_SHIP_FLAG,Sulfate for NA,,,CHEM,,,,,VARIABLE,waterchem
1314,NRSA 1314 Water Chemistry,Water Chemistry,waterchem_TSS_DATE_ANALYZED,TSS_DATE_ANALYZED,Total Suspended Solids for NA,,,CHEM,,,,,VARIABLE,waterchem
1314,NRSA 1314 Water Chemistry,Water Chemistry,waterchem_TSS_DATE_FILTERED,TSS_DATE_FILTERED,Total Suspended Solids for NA,,,CHEM,,,,,VARIABLE,waterchem
1314,NRSA 1314 Water Chemistry,Water Chemistry,waterchem_TSS_DATE_PROCESSED,TSS_DATE_PROCESSED,Total Suspended Solids for NA,,,CHEM,,,,,VARIABLE,waterchem
1314,NRSA 1314 Water Chemistry,Water Chemistry,waterchem_TSS_DATE_RECEIVED,TSS_DATE_RECEIVED,Total Suspended Solids for NA,,,CHEM,,,,,VARIABLE,waterchem
1314,NRSA 1314 Water Chemistry,Water Chemistry,waterchem_TSS_HOLDING_TIME,TSS_HOLDING_TIME,Total Suspended Solids for NA,,,CHEM,,,,,VARIABLE,waterchem
1314,NRSA 1314 Water Chemistry,Water Chemistry,waterchem_TSS_LAB_SAMPLE_ID,TSS_LAB_SAMPLE_ID,Total Suspended Solids for NA,,,CHEM,,,,,VARIABLE,waterchem
1314,NRSA 1314 Water Chemistry,Water Chemistry,waterchem_TSS_LRL,TSS_LRL,Total Suspended Solids for NA,,,CHEM,,,,,VARIABLE,waterchem
1314,NRSA 1314 Water Chemistry,Water Chemistry,waterchem_TSS_MDL,TSS_MDL,Total Suspended Solids for NA,,,CHEM,,,,,VARIABLE,waterchem
1314,NRSA 1314 Water Chemistry,Water Chemistry,waterchem_TSS_NARS_FLAG,TSS_NARS_FLAG,Total Suspended Solids for NA,,,CHEM,,,,,VARIABLE,waterchem
1314,NRSA 1314 Water Chemistry,Water Chemistry,waterchem_TSS_QA_FLAG,TSS_QA_FLAG,Total Suspended Solids for NA,,,CHEM,,,,,VARIABLE,waterchem
1314,NRSA 1314 Water Chemistry,Water Chemistry,waterchem_TSS_RESULT,TSS_RESULT,Total Suspended Solids for NA,,,CHEM,,,,,VARIABLE,waterchem
1314,NRSA 1314 Water Chemistry,Water Chemistry,waterchem_TSS_RL,TSS_RL,Total Suspended Solids for NA,,,CHEM,,,,,VARIABLE,waterchem
1314,NRSA 1314 Water Chemistry,Water Chemistry,waterchem_TSS_SAMPLE_ID,TSS_SAMPLE_ID,Total Suspended Solids for NA,,,CHEM,,,,,VARIABLE,waterchem
1314,NRSA 1314 Water Chemistry,Water Chemistry,waterchem_TSS_SHIP_FLAG,TSS_SHIP_FLAG,Total Suspended Solids for NA,,,CHEM,,,,,VARIABLE,waterchem
1314,NRSA 1314 Water Chemistry,Water Chemistry,waterchem_TURB_DATE_ANALYZED,TURB_DATE_ANALYZED,Turbidity for NA,,,CHEM,,,,,VARIABLE,waterchem
1314,NRSA 1314 Water Chemistry,Water Chemistry,waterchem_TURB_DATE_FILTERED,TURB_DATE_FILTERED,Turbidity for NA,,,CHEM,,,,,VARIABLE,waterchem
1314,NRSA 1314 Water Chemistry,Water Chemistry,waterchem_TURB_DATE_PROCESSED,TURB_DATE_PROCESSED,Turbidity for NA,,,CHEM,,,,,VARIABLE,waterchem
1314,NRSA 1314 Water Chemistry,Water Chemistry,waterchem_TURB_DATE_RECEIVED,TURB_DATE_RECEIVED,Turbidity for NA,,,CHEM,,,,,VARIABLE,waterchem
1314,NRSA 1314 Water Chemistry,Water Chemistry,waterchem_TURB_HOLDING_TIME,TURB_HOLDING_TIME,Turbidity for NA,,,CHEM,,,,,VARIABLE,waterchem
1314,NRSA 1314 Water Chemistry,Water Chemistry,waterchem_TURB_LAB_SAMPLE_ID,TURB_LAB_SAMPLE_ID,Turbidity for NA,,,CHEM,,,,,VARIABLE,waterchem
1314,NRSA 1314 Water Chemistry,Water Chemistry,waterchem_TURB_MDL,TURB_MDL,Turbidity for NA,,,CHEM,,,,,VARIABLE,waterchem
1314,NRSA 1314 Water Chemistry,Water Chemistry,waterchem_TURB_NARS_FLAG,TURB_NARS_FLAG,Turbidity for NA,,,CHEM,,,,,VARIABLE,waterchem
1314,NRSA 1314 Water Chemistry,Water Chemistry,waterchem_TURB_QA_FLAG,TURB_QA_FLAG,Turbidity for NA,,,CHEM,,,,,VARIABLE,waterchem
1314,NRSA 1314 Water Chemistry,Water Chemistry,waterchem_TURB_RESULT,TURB_RESULT,Turbidity for NA,,,CHEM,,,,,VARIABLE,waterchem
1314,NRSA 1314 Water Chemistry,Water Chemistry,waterchem_TURB_RL,TURB_RL,Turbidity for NA,,,CHEM,,,,,VARIABLE,waterchem
1314,NRSA 1314 Water Chemistry,Water Chemistry,waterchem_TURB_SAMPLE_ID,TURB_SAMPLE_ID,Turbidity for NA,,,CHEM,,,,,VARIABLE,waterchem
1314,NRSA 1314 Water Chemistry,Water Chemistry,waterchem_TURB_SHIP_FLAG,TURB_SHIP_FLAG,Turbidity for NA,,,CHEM,,,,,VARIABLE,waterchem
1314,NRSA 1314 Water Chemistry Indicator Values,Water Chemistry,waterchem_indicator_ANC,ANC,Acid Neutralizing Capacity - MG N/L,,,CHEM,,,,,PARAMETER,waterchem_indicator
1314,NRSA 1314 Water Chemistry Indicator Values,Water Chemistry,waterchem_indicator_DATE_COL,DATE_COL,,,,VERIF,,,,,PARAMETER,waterchem_indicator
1314,NRSA 1314 Water Chemistry Indicator Values,Water Chemistry,waterchem_indicator_DOC,DOC,Dissolved Organic Carbon - MG/L,,,CHEM,,,,,PARAMETER,waterchem_indicator
1314,NRSA 1314 Water Chemistry Indicator Values,Water Chemistry,waterchem_indicator_INDEX_VISIT,INDEX_VISIT,,,,VERIF,,,,,PARAMETER,waterchem_indicator
1314,NRSA 1314 Water Chemistry Indicator Values,Water Chemistry,waterchem_indicator_NTL_UG_L,NTL_UG_L,Total Nitrogen - UG N/L,,,CHEM,,,,,PARAMETER,waterchem_indicator
1314,NRSA 1314 Water Chemistry Indicator Values,Water Chemistry,waterchem_indicator_PH,PH,pH - STD. UNITS,,,CHEM,,,,,PARAMETER,waterchem_indicator
1314,NRSA 1314 Water Chemistry Indicator Values,Water Chemistry,waterchem_indicator_PTL,PTL,Total Phosphorus - UG/L,,,CHEM,,,,,PARAMETER,waterchem_indicator
1314,NRSA 1314 Water Chemistry Indicator Values,Water Chemistry,waterchem_indicator_SITE_ID,SITE_ID,,,,DESIGN,,,,,PARAMETER,waterchem_indicator
1314,NRSA 1314 Water Chemistry Indicator Values,Water Chemistry,waterchem_indicator_SITE_ID,SITE_ID,,,,LANDSCAPE,,,,,PARAMETER,waterchem_indicator
1314,NRSA 1314 Water Chemistry Indicator Values,Water Chemistry,waterchem_indicator_SITE_ID,SITE_ID,,,,VERIF,,,,,PARAMETER,waterchem_indicator
1314,NRSA 1314 Water Chemistry Indicator Values,Water Chemistry,waterchem_indicator_UID,UID,Unique site visit ID,,,,,,,,PARAMETER,waterchem_indicator
1314,NRSA 1314 Water Chemistry Indicator Values,Water Chemistry,waterchem_indicator_VISIT_NO,VISIT_NO,,,,VERIF,,|1|2,,,PARAMETER,waterchem_indicator
1314,NRSA 1314 Water Chemistry Indicator Values,Water Chemistry,waterchem_indicator_YEAR,YEAR,,,,VERIF,,,,,PARAMETER,waterchem_indicator
