cycle,database_style_key,epa_short_name,indicator,source_dataset,epa_definition_what_it_measures,sample_or_record_type_s,legal_values_format,range_low,range_high,definition_status,convenience_prefix,appears_in_count_datasets,metadata_record_count
1819,algaltox_ABSORBANCE,ABSORBANCE,Algal Toxin,NRSA 1819 Algal Toxin,Absorbance value,MICX,,,,Single metadata definition,algaltox,1,1
1819,algaltox_ABSORBANCE_UNITS,ABSORBANCE_UNITS,Algal Toxin,NRSA 1819 Algal Toxin,Units for parameter ABSORBANCE,COLUMN,,,,Single metadata definition,algaltox,1,1
1819,algaltox_AG_ECO9,AG_ECO9,Algal Toxin,NRSA 1819 Algal Toxin,"NARS 9-level reporting region (2015), based on aggregated Omernik Level III ecoregions",DESIGN,,,,Single metadata definition,algaltox,11,1
1819,algaltox_ANALYST,ANALYST,Algal Toxin,NRSA 1819 Algal Toxin,Laboratory analyst,MICX,,,,Single metadata definition,algaltox,2,1
1819,algaltox_ANALYTE,ANALYTE,Algal Toxin,NRSA 1819 Algal Toxin,Analyte,COLUMN,,,,Single metadata definition,algaltox,4,1
1819,algaltox_BATCH_ID,BATCH_ID,Algal Toxin,NRSA 1819 Algal Toxin,Laboratory batch number | Laboratory Batch ID,COLUMN,,,,Multiple protocol-specific labels — see Metadata Detail,algaltox,4,2
1819,algaltox_CONDITION_CODE,CONDITION_CODE,Algal Toxin,NRSA 1819 Algal Toxin,Condition of sample code,MICX,,,,Single metadata definition,algaltox,2,1
1819,algaltox_DATE_ANALYZED,DATE_ANALYZED,Algal Toxin,NRSA 1819 Algal Toxin,Date sample analyzed,MICX,,,,Single metadata definition,algaltox,3,1
1819,algaltox_DATE_COL,DATE_COL,Algal Toxin,NRSA 1819 Algal Toxin,Date collected,VERIF,|01|02|03|04|05|06|07|08|09|10|11|12,,,Single metadata definition,algaltox,15,1
1819,algaltox_DATE_RECEIVED,DATE_RECEIVED,Algal Toxin,NRSA 1819 Algal Toxin,Date sample received by lab,MICX,,,,Single metadata definition,algaltox,3,1
1819,algaltox_DILUTION_FACTOR,DILUTION_FACTOR,Algal Toxin,NRSA 1819 Algal Toxin,Dilution factor,MICX,,,,Single metadata definition,algaltox,1,1
1819,algaltox_EPA_REG,EPA_REG,Algal Toxin,NRSA 1819 Algal Toxin,EPA Region,DESIGN,,,,Single metadata definition,algaltox,10,1
1819,algaltox_KIT_ID,KIT_ID,Algal Toxin,NRSA 1819 Algal Toxin,"Kit identification code. If one does not exist, assign a unique code to each kit.",MICX,,,,Single metadata definition,algaltox,1,1
1819,algaltox_LAB,LAB,Algal Toxin,NRSA 1819 Algal Toxin,Laboratory processing sample,COLUMN,,,,Single metadata definition,algaltox,6,1
1819,algaltox_MATRIX,MATRIX,Algal Toxin,NRSA 1819 Algal Toxin,"Material used for analysis | Type of sample (e.g., water, sediment, tissue)",COLUMN,,,,Multiple protocol-specific labels — see Metadata Detail,algaltox,6,2
1819,algaltox_MDL,MDL,Algal Toxin,NRSA 1819 Algal Toxin,Minimum Detection Limit,MICX,,,,Single metadata definition,algaltox,4,1
1819,algaltox_NARS_FLAG,NARS_FLAG,Algal Toxin,NRSA 1819 Algal Toxin,NARS flag,MICX,,,,Single metadata definition,algaltox,3,1
1819,algaltox_PUBLICATION_DATE,PUBLICATION_DATE,Algal Toxin,NRSA 1819 Algal Toxin,Date the dataset was published to the NARS site | Date of data file publication,COLUMN,,,,Multiple protocol-specific labels — see Metadata Detail,algaltox,12,2
1819,algaltox_RESULT,RESULT,Algal Toxin,NRSA 1819 Algal Toxin,Value of associated parameter,COLUMN,,,,Single metadata definition,algaltox,5,1
1819,algaltox_RESULT_UNITS,RESULT_UNITS,Algal Toxin,NRSA 1819 Algal Toxin,Result unit,COLUMN,,,,Single metadata definition,algaltox,2,1
1819,algaltox_RL,RL,Algal Toxin,NRSA 1819 Algal Toxin,Reporting Limit,MICX,,,,Single metadata definition,algaltox,4,1
1819,algaltox_SAM_CODE,SAM_CODE,Algal Toxin,NRSA 1819 Algal Toxin,"Sample code (Regular/Lab duplicate/Lab split) | Sample code (e.g., regular, lab duplicate, lab split)",COLUMN,,,,Multiple protocol-specific labels — see Metadata Detail,algaltox,6,2
1819,algaltox_SAMPLE_ID,SAMPLE_ID,Algal Toxin,NRSA 1819 Algal Toxin,Algal toxin (MICZ) sample id,MICX | MICZ,,,,Same label appears for multiple sample/record types,algaltox,3,2
1819,algaltox_SAMPLE_TYPE,SAMPLE_TYPE,Algal Toxin,NRSA 1819 Algal Toxin,"Code identifying sample type: MICX=Microcystin, CYLSPER=Cylindrospermopsin, MICZ=Microcystin in legacy bottle type",COLUMN,,,,Single metadata definition,algaltox,9,1
1819,algaltox_SITE_ID,SITE_ID,Algal Toxin,NRSA 1819 Algal Toxin,"Site ID for the study and year sampled. Preferred form is NRSnn_MM-xxxxx where nn is current cycle year (04, 08, 13, 18, etc), MM is two letter state code, and xxxxx is between 10001 and 99999. Text. No missing values allowed. | Identification code for site",DESIGN | VERIF,,,,Multiple protocol-specific labels — see Metadata Detail,algaltox,16,2
1819,algaltox_STATE,STATE,Algal Toxin,NRSA 1819 Algal Toxin,State of site | State,COLUMN | VERIF,|AK|AL|AR|AZ|CA|CO|CT|DC|DE|FL|GA|HI|IA|ID|IL|IN|KS|KY|LA|MA|MD|ME|MI|MN|MO|MS|MT|NC|ND|NE|NH|NJ|NM|NV|NY|OH|OK|OR|PA|RI|SC|SD|TN|TX|UT|VA|VT|WA|WI|WV|WY,,,Multiple protocol-specific labels — see Metadata Detail,algaltox,13,2
1819,algaltox_UID,UID,Algal Toxin,NRSA 1819 Algal Toxin,Unique identifier for the site/visit | Unique site visit ID,COLUMN,,,,Multiple protocol-specific labels — see Metadata Detail,algaltox,15,2
1819,algaltox_VISIT_NO,VISIT_NO,Algal Toxin,NRSA 1819 Algal Toxin,Sequential number of visit to site,VERIF,|1|2|R,,,Single metadata definition,algaltox,15,1
1819,benthic_count_AG_ECO9,AG_ECO9,Benthic Macroinvertebrates,NRSA 1819 Benthic Macroinvertebrate Count,"NARS 9-level reporting region (2015), based on aggregated Omernik Level III ecoregions",DESIGN,CPL|NAP|NPL|SAP|SPL|TPL|UMW|WMT|XER|,,,Single metadata definition,benthic_count,11,1
1819,benthic_count_CLASS,CLASS,Benthic Macroinvertebrates,NRSA 1819 Benthic Macroinvertebrate Count,Class of taxon,TAXA: Invertebrates,,,,Single metadata definition,benthic_count,1,1
1819,benthic_count_DATE_COL,DATE_COL,Benthic Macroinvertebrates,NRSA 1819 Benthic Macroinvertebrate Count,Date collected,VERIF,|01|02|03|04|05|06|07|08|09|10|11|12,,,Single metadata definition,benthic_count,15,1
1819,benthic_count_EPA_REG,EPA_REG,Benthic Macroinvertebrates,NRSA 1819 Benthic Macroinvertebrate Count,EPA Region,DESIGN,Region_01|Region_02|Region_03|Region_04|Region_05|Region_06|Region_07|Region_08|Region_09|Region_10|,,,Single metadata definition,benthic_count,10,1
1819,benthic_count_FAMILY,FAMILY,Benthic Macroinvertebrates,NRSA 1819 Benthic Macroinvertebrate Count,Family of taxon,TAXA: Invertebrates,,,,Single metadata definition,benthic_count,1,1
1819,benthic_count_FFG,FFG,Benthic Macroinvertebrates,NRSA 1819 Benthic Macroinvertebrate Count,"Functional feeding group used in metric calculations;Collector-filterer(CF),Collector-gatherer(CG),Parasite(PA),Piercer(PI),Scraper(SC),Shredder(SH)",TAXA: Invertebrates,,,,Single metadata definition,benthic_count,1,1
1819,benthic_count_GENUS,GENUS,Benthic Macroinvertebrates,NRSA 1819 Benthic Macroinvertebrate Count,Genus of taxon,TAXA: Invertebrates,,,,Single metadata definition,benthic_count,1,1
1819,benthic_count_HABIT,HABIT,Benthic Macroinvertebrates,NRSA 1819 Benthic Macroinvertebrate Count,"Habit used in metric calculations;Burrower(BU),Climber(CB),Clinger(CN),Diver(DV),Planktonic(PK),Skater(SK),Sprawler(SP),Swimmer(SW)",TAXA: Invertebrates,,,,Single metadata definition,benthic_count,1,1
1819,benthic_count_IS_DISTINCT,IS_DISTINCT,Benthic Macroinvertebrates,NRSA 1819 Benthic Macroinvertebrate Count,Distinctness of taxon within sample,BERW | BETB,0|1,,,Same label appears for multiple sample/record types,benthic_count,2,2
1819,benthic_count_IS_DISTINCT300,IS_DISTINCT300,Benthic Macroinvertebrates,NRSA 1819 Benthic Macroinvertebrate Count,Distinctness in 300 organism subsample,BERW | BETB,0|1,,,Same label appears for multiple sample/record types,benthic_count,1,2
1819,benthic_count_NON_TARGET,NON_TARGET,Benthic Macroinvertebrates,NRSA 1819 Benthic Macroinvertebrate Count,Operational taxon unit for NRSA O/E,TAXA: Invertebrates,,,,Single metadata definition,benthic_count,1,1
1819,benthic_count_ORDER,ORDER,Benthic Macroinvertebrates,NRSA 1819 Benthic Macroinvertebrate Count,Order of taxon,TAXA: Invertebrates,,,,Single metadata definition,benthic_count,1,1
1819,benthic_count_PHYLUM,PHYLUM,Benthic Macroinvertebrates,NRSA 1819 Benthic Macroinvertebrate Count,Phylum of taxon,TAXA: Invertebrates,,,,Single metadata definition,benthic_count,1,1
1819,benthic_count_PTV,PTV,Benthic Macroinvertebrates,NRSA 1819 Benthic Macroinvertebrate Count,Pollution tolerance value as assigned for NWSA,TAXA: Invertebrates,,,,Single metadata definition,benthic_count,1,1
1819,benthic_count_SAMPLE_TYPE,SAMPLE_TYPE,Benthic Macroinvertebrates,NRSA 1819 Benthic Macroinvertebrate Count,Code identifying sample type,,,,,Single metadata definition,benthic_count,9,1
1819,benthic_count_SITE_ID,SITE_ID,Benthic Macroinvertebrates,NRSA 1819 Benthic Macroinvertebrate Count,"Site ID for the study and year sampled. Preferred form is NRSnn_MM-xxxxx where nn is current cycle year (04, 08, 13, 18, etc), MM is two letter state code, and xxxxx is between 10001 and 99999. Text. No missing values allowed. | Identification code for site",DESIGN | VERIF,,,,Multiple protocol-specific labels — see Metadata Detail,benthic_count,16,2
1819,benthic_count_SITESAMP,SITESAMP,Benthic Macroinvertebrates,NRSA 1819 Benthic Macroinvertebrate Count,Did you sample this site (Y/N),VERIF,|Y|N,,,Single metadata definition,benthic_count,3,1
1819,benthic_count_STATE,STATE,Benthic Macroinvertebrates,NRSA 1819 Benthic Macroinvertebrate Count,State,VERIF,|AK|AL|AR|AZ|CA|CO|CT|DC|DE|FL|GA|HI|IA|ID|IL|IN|KS|KY|LA|MA|MD|ME|MI|MN|MO|MS|MT|NC|ND|NE|NH|NJ|NM|NV|NY|OH|OK|OR|PA|RI|SC|SD|TN|TX|UT|VA|VT|WA|WI|WV|WY,,,Single metadata definition,benthic_count,13,1
1819,benthic_count_SUBFAMILY,SUBFAMILY,Benthic Macroinvertebrates,NRSA 1819 Benthic Macroinvertebrate Count,Subfamily of taxon,TAXA: Invertebrates,,,,Single metadata definition,benthic_count,1,1
1819,benthic_count_TARGET_TAXON,TARGET_TAXON,Benthic Macroinvertebrates,NRSA 1819 Benthic Macroinvertebrate Count,Taxaname at target hierarchical taxonomic level,BENT,,,,Single metadata definition,benthic_count,1,1
1819,benthic_count_TAXA_ID,TAXA_ID,Benthic Macroinvertebrates,NRSA 1819 Benthic Macroinvertebrate Count,NLA Taxon ID number,,,,,Single metadata definition,benthic_count,2,1
1819,benthic_count_TOTAL,TOTAL,Benthic Macroinvertebrates,NRSA 1819 Benthic Macroinvertebrate Count,Total number of individuals counted | Total number of individuals sorted for given taxon,BENT | BERW | BETB,,,,Multiple protocol-specific labels — see Metadata Detail,benthic_count,2,3
1819,benthic_count_TOTAL300,TOTAL300,Benthic Macroinvertebrates,NRSA 1819 Benthic Macroinvertebrate Count,Total of given taxon using subsampling.exe for 300 organism subsample,BERW | BETB,,,,Same label appears for multiple sample/record types,benthic_count,1,2
1819,benthic_count_TRIBE,TRIBE,Benthic Macroinvertebrates,NRSA 1819 Benthic Macroinvertebrate Count,Tribe of taxon,TAXA: Invertebrates,,,,Single metadata definition,benthic_count,1,1
1819,benthic_count_UID,UID,Benthic Macroinvertebrates,NRSA 1819 Benthic Macroinvertebrate Count,Unique identifier for the site/visit,,,,,Single metadata definition,benthic_count,15,1
1819,benthic_count_UNIQUE_ID,UNIQUE_ID,Benthic Macroinvertebrates,NRSA 1819 Benthic Macroinvertebrate Count,Unique site ID based on location that does not depend on year sampled or any other factor. Form is NRS_ss_nnnnn where ss state and nnnnn is number that starts at 10001. No missing values allowed.,,,,,Single metadata definition,benthic_count,7,1
1819,benthic_count_VISIT_NO,VISIT_NO,Benthic Macroinvertebrates,NRSA 1819 Benthic Macroinvertebrate Count,Sequential number of visit to site,VERIF,|1|2|R,,,Single metadata definition,benthic_count,15,1
1819,benthic_mmi_AG_ECO9,AG_ECO9,Benthic Macroinvertebrates,NRSA 1819 Benthic Macroinvertebrate MMI,"NARS 9-level reporting region (2015), based on aggregated Omernik Level III ecoregions",DESIGN,CPL|NAP|NPL|SAP|SPL|TPL|UMW|WMT|XER|,,,Single metadata definition,benthic_mmi,11,1
1819,benthic_mmi_BENT_MMI_COND,BENT_MMI_COND,Benthic Macroinvertebrates,NRSA 1819 Benthic Macroinvertebrate MMI,Condition class based on benthic MMI score,BERW,Good|Fair|Poor|Not Assessed,,,Same label appears for multiple sample/record types,benthic_mmi,2,2
1819,benthic_mmi_COMP_PT,COMP_PT,Benthic Macroinvertebrates,NRSA 1819 Benthic Macroinvertebrate MMI,Metric score for composition metric,BERW,numeric,,,Single metadata definition,benthic_mmi,1,1
1819,benthic_mmi_DATE_COL,DATE_COL,Benthic Macroinvertebrates,NRSA 1819 Benthic Macroinvertebrate MMI,Date collected,VERIF,|01|02|03|04|05|06|07|08|09|10|11|12,,,Single metadata definition,benthic_mmi,15,1
1819,benthic_mmi_DIVS_PT,DIVS_PT,Benthic Macroinvertebrates,NRSA 1819 Benthic Macroinvertebrate MMI,Metric score for diversity metric,BERW,numeric,,,Single metadata definition,benthic_mmi,1,1
1819,benthic_mmi_EPA_REG,EPA_REG,Benthic Macroinvertebrates,NRSA 1819 Benthic Macroinvertebrate MMI,EPA Region,DESIGN,Region_01|Region_02|Region_03|Region_04|Region_05|Region_06|Region_07|Region_08|Region_09|Region_10|,,,Single metadata definition,benthic_mmi,10,1
1819,benthic_mmi_FEED_PT,FEED_PT,Benthic Macroinvertebrates,NRSA 1819 Benthic Macroinvertebrate MMI,Metric score for functional feeding group,BERW,numeric,,,Single metadata definition,benthic_mmi,1,1
1819,benthic_mmi_HABT_PT,HABT_PT,Benthic Macroinvertebrates,NRSA 1819 Benthic Macroinvertebrate MMI,Metric score for habit,BERW,numeric,,,Single metadata definition,benthic_mmi,1,1
1819,benthic_mmi_MMI_BENT,MMI_BENT,Benthic Macroinvertebrates,NRSA 1819 Benthic Macroinvertebrate MMI,Benthic MMI score,BERW,numeric,,,Single metadata definition,benthic_mmi,1,1
1819,benthic_mmi_RICH_PT,RICH_PT,Benthic Macroinvertebrates,NRSA 1819 Benthic Macroinvertebrate MMI,Metric score for taxa richness,BERW,numeric,,,Single metadata definition,benthic_mmi,1,1
1819,benthic_mmi_SAMPLE_TYPE,SAMPLE_TYPE,Benthic Macroinvertebrates,NRSA 1819 Benthic Macroinvertebrate MMI,Code identifying sample type,,,,,Single metadata definition,benthic_mmi,9,1
1819,benthic_mmi_SITE_ID,SITE_ID,Benthic Macroinvertebrates,NRSA 1819 Benthic Macroinvertebrate MMI,"Site ID for the study and year sampled. Preferred form is NRSnn_MM-xxxxx where nn is current cycle year (04, 08, 13, 18, etc), MM is two letter state code, and xxxxx is between 10001 and 99999. Text. No missing values allowed. | Identification code for site",DESIGN | VERIF,,,,Multiple protocol-specific labels — see Metadata Detail,benthic_mmi,16,2
1819,benthic_mmi_SITESAMP,SITESAMP,Benthic Macroinvertebrates,NRSA 1819 Benthic Macroinvertebrate MMI,Did you sample this site (Y/N),VERIF,|Y|N,,,Single metadata definition,benthic_mmi,3,1
1819,benthic_mmi_STATE,STATE,Benthic Macroinvertebrates,NRSA 1819 Benthic Macroinvertebrate MMI,State,VERIF,|AK|AL|AR|AZ|CA|CO|CT|DC|DE|FL|GA|HI|IA|ID|IL|IN|KS|KY|LA|MA|MD|ME|MI|MN|MO|MS|MT|NC|ND|NE|NH|NJ|NM|NV|NY|OH|OK|OR|PA|RI|SC|SD|TN|TX|UT|VA|VT|WA|WI|WV|WY,,,Single metadata definition,benthic_mmi,13,1
1819,benthic_mmi_TOLR_PT,TOLR_PT,Benthic Macroinvertebrates,NRSA 1819 Benthic Macroinvertebrate MMI,Metric score for tolerance metric,BERW,numeric,,,Single metadata definition,benthic_mmi,1,1
1819,benthic_mmi_UID,UID,Benthic Macroinvertebrates,NRSA 1819 Benthic Macroinvertebrate MMI,Unique identifier for the site/visit,,,,,Single metadata definition,benthic_mmi,15,1
1819,benthic_mmi_UNIQUE_ID,UNIQUE_ID,Benthic Macroinvertebrates,NRSA 1819 Benthic Macroinvertebrate MMI,Unique site ID based on location that does not depend on year sampled or any other factor. Form is NRS_ss_nnnnn where ss state and nnnnn is number that starts at 10001. No missing values allowed.,,,,,Single metadata definition,benthic_mmi,7,1
1819,benthic_mmi_VISIT_NO,VISIT_NO,Benthic Macroinvertebrates,NRSA 1819 Benthic Macroinvertebrate MMI,Sequential number of visit to site,VERIF,|1|2|R,,,Single metadata definition,benthic_mmi,15,1
1819,fish_hg_ANALYST,ANALYST,Fish,NRSA 1819 Mercury in Fish Tissue Plugs,Laboratory analyst,FPLG,,,,Single metadata definition,fish_hg,2,1
1819,fish_hg_ANALYTE,ANALYTE,Fish,NRSA 1819 Mercury in Fish Tissue Plugs,Analyte,COLUMN,,,,Single metadata definition,fish_hg,4,1
1819,fish_hg_ARRIVAL_TEMP,ARRIVAL_TEMP,Fish,NRSA 1819 Mercury in Fish Tissue Plugs,Temperature upon arrival at lab,FPLG,,,,Single metadata definition,fish_hg,1,1
1819,fish_hg_BATCH_ID,BATCH_ID,Fish,NRSA 1819 Mercury in Fish Tissue Plugs,Laboratory batch number,COLUMN,,,,Single metadata definition,fish_hg,4,1
1819,fish_hg_CAS_NO,CAS_NO,Fish,NRSA 1819 Mercury in Fish Tissue Plugs,Chemical Abstracts Service number,FPLG,,,,Single metadata definition,fish_hg,1,1
1819,fish_hg_CONDITION_CODE,CONDITION_CODE,Fish,NRSA 1819 Mercury in Fish Tissue Plugs,Condition of sample code,FPLG,,,,Single metadata definition,fish_hg,2,1
1819,fish_hg_DATE_COL,DATE_COL,Fish,NRSA 1819 Mercury in Fish Tissue Plugs,Date collected,VERIF,|01|02|03|04|05|06|07|08|09|10|11|12,,,Single metadata definition,fish_hg,15,1
1819,fish_hg_DATE_PROCESSED,DATE_PROCESSED,Fish,NRSA 1819 Mercury in Fish Tissue Plugs,Date sample processed,FPLG,,,,Single metadata definition,fish_hg,1,1
1819,fish_hg_DILUTION,DILUTION,Fish,NRSA 1819 Mercury in Fish Tissue Plugs,Dilution of sample,FPLG,,,,Single metadata definition,fish_hg,1,1
1819,fish_hg_INSTRUMENT,INSTRUMENT,Fish,NRSA 1819 Mercury in Fish Tissue Plugs,Instrument used,FPLG,,,,Single metadata definition,fish_hg,1,1
1819,fish_hg_LAB,LAB,Fish,NRSA 1819 Mercury in Fish Tissue Plugs,Laboratory processing sample,COLUMN,,,,Single metadata definition,fish_hg,6,1
1819,fish_hg_LAB_SAMPLE_ID,LAB_SAMPLE_ID,Fish,NRSA 1819 Mercury in Fish Tissue Plugs,Laboratory sample ID,FPLG,,,,Single metadata definition,fish_hg,3,1
1819,fish_hg_MATRIX,MATRIX,Fish,NRSA 1819 Mercury in Fish Tissue Plugs,Material used for analysis,COLUMN,,,,Single metadata definition,fish_hg,6,1
1819,fish_hg_MDL,MDL,Fish,NRSA 1819 Mercury in Fish Tissue Plugs,Minimum Detection Limit,FPLG,,,,Single metadata definition,fish_hg,4,1
1819,fish_hg_METHOD,METHOD,Fish,NRSA 1819 Mercury in Fish Tissue Plugs,,FPLG,|ELECTROFISH|HOOK|SEINE|OTHER,,,Single metadata definition,fish_hg,1,1
1819,fish_hg_NAME_COM,NAME_COM,Fish,NRSA 1819 Mercury in Fish Tissue Plugs,FPLG_NAME_COM,FPLG,,,,Single metadata definition,fish_hg,1,1
1819,fish_hg_PUBLICATION_DATE,PUBLICATION_DATE,Fish,NRSA 1819 Mercury in Fish Tissue Plugs,Date the dataset was published to the NARS site,COLUMN,,,,Single metadata definition,fish_hg,12,1
1819,fish_hg_RESULT,RESULT,Fish,NRSA 1819 Mercury in Fish Tissue Plugs,Value of associated parameter,COLUMN,,,,Single metadata definition,fish_hg,5,1
1819,fish_hg_RL,RL,Fish,NRSA 1819 Mercury in Fish Tissue Plugs,Reporting Limit,FPLG,,,,Single metadata definition,fish_hg,4,1
1819,fish_hg_SAM_CODE,SAM_CODE,Fish,NRSA 1819 Mercury in Fish Tissue Plugs,Sample code (Regular/Lab duplicate/Lab split),COLUMN,,,,Single metadata definition,fish_hg,6,1
1819,fish_hg_SAMPLE_ID,SAMPLE_ID,Fish,NRSA 1819 Mercury in Fish Tissue Plugs,FPLG_SAMPLE_ID,FPLG,,,,Single metadata definition,fish_hg,3,1
1819,fish_hg_SAMPLE_TYPE,SAMPLE_TYPE,Fish,NRSA 1819 Mercury in Fish Tissue Plugs,Code identifying sample type,COLUMN,,,,Single metadata definition,fish_hg,9,1
1819,fish_hg_SITE_ID,SITE_ID,Fish,NRSA 1819 Mercury in Fish Tissue Plugs,Identification code for site,VERIF,,,,Single metadata definition,fish_hg,16,1
1819,fish_hg_STATE,STATE,Fish,NRSA 1819 Mercury in Fish Tissue Plugs,State,VERIF,|AK|AL|AR|AZ|CA|CO|CT|DC|DE|FL|GA|HI|IA|ID|IL|IN|KS|KY|LA|MA|MD|ME|MI|MN|MO|MS|MT|NC|ND|NE|NH|NJ|NM|NV|NY|OH|OK|OR|PA|RI|SC|SD|TN|TX|UT|VA|VT|WA|WI|WV|WY,,,Single metadata definition,fish_hg,13,1
1819,fish_hg_UID,UID,Fish,NRSA 1819 Mercury in Fish Tissue Plugs,Unique identifier for the site/visit,COLUMN,,,,Single metadata definition,fish_hg,15,1
1819,fish_hg_UNITS,UNITS,Fish,NRSA 1819 Mercury in Fish Tissue Plugs,Units of measurement,COLUMN,,,,Single metadata definition,fish_hg,2,1
1819,fish_hg_VISIT_NO,VISIT_NO,Fish,NRSA 1819 Mercury in Fish Tissue Plugs,Sequential number of visit to site,VERIF,|1|2|R,,,Single metadata definition,fish_hg,15,1
1819,fish_sampling_CONDUCTIVITY,CONDUCTIVITY,Fish,NRSA 1819 Fish Sampling Information,Conductivity (uS/cm),FISH,,,,Single metadata definition,fish_sampling,1,1
1819,fish_sampling_CORRECTED,CORRECTED,Fish,NRSA 1819 Fish Sampling Information,Corrected to 25C,FISH,|Y|N,,,Single metadata definition,fish_sampling,1,1
1819,fish_sampling_DATE_COL,DATE_COL,Fish,NRSA 1819 Fish Sampling Information,Date collected,VERIF,|01|02|03|04|05|06|07|08|09|10|11|12,,,Single metadata definition,fish_sampling,15,1
1819,fish_sampling_FISH_PROTOCOL,FISH_PROTOCOL,Fish,NRSA 1819 Fish Sampling Information,Fish Sampling Protocol,FISH,|LG_NONWADEABLE|LG_WADEABLE|SM_NONWADEABLE|SM_WADEABLE,,,Single metadata definition,fish_sampling,1,1
1819,fish_sampling_FISH_PROTOCOL_FLAG,FISH_PROTOCOL_FLAG,Fish,NRSA 1819 Fish Sampling Information,Flag associated with Fish Sampling Protocol,FISH,,,,Single metadata definition,fish_sampling,1,1
1819,fish_sampling_FISH_RESPONSE,FISH_RESPONSE,Fish,NRSA 1819 Fish Sampling Information,How did fish respond to electrofishing?,FISH,|IMMOBILE|INHIBITED|ESCAPE,,,Single metadata definition,fish_sampling,1,1
1819,fish_sampling_FISH_SAMPLING,FISH_SAMPLING,Fish,NRSA 1819 Fish Sampling Information,Fish Sampling - Not Conducted or Suspended,FISH,|NO_FISH|NOT_FISHED_REACH_MIN|NO_PERMIT|SITE_CONDITIONS|PERMIT_RESTRICT|EQUIPMENT_FAILURE|NO_FISH_OBSERVED,,,Single metadata definition,fish_sampling,1,1
1819,fish_sampling_FISH_SAMPLING_FLAG,FISH_SAMPLING_FLAG,Fish,NRSA 1819 Fish Sampling Information,Flag associated with Fish Sampling - Not Conducted or Suspended,FISH,,,,Single metadata definition,fish_sampling,1,1
1819,fish_sampling_FISH_SAMPLING_SUFFICIENT,FISH_SAMPLING_SUFFICIENT,Fish,NRSA 1819 Fish Sampling Information,Did conditions allow for sufficient sampling?,FISH,|Y|N|NOT_SURE,,,Single metadata definition,fish_sampling,1,1
1819,fish_sampling_FISHGEAR_REVIEW,FISHGEAR_REVIEW,Fish,NRSA 1819 Fish Sampling Information,FISHGEAR_REVIEW,FISH,|Y,,,Single metadata definition,fish_sampling,1,1
1819,fish_sampling_HIGH_GRADIENT,HIGH_GRADIENT,Fish,NRSA 1819 Fish Sampling Information,Fast flowing high gradient site,FISH,|Y,,,Single metadata definition,fish_sampling,1,1
1819,fish_sampling_PRIM_AMPS,PRIM_AMPS,Fish,NRSA 1819 Fish Sampling Information,Amps,FISH,,,,Single metadata definition,fish_sampling,1,1
1819,fish_sampling_PRIM_AMPS_FLAG,PRIM_AMPS_FLAG,Fish,NRSA 1819 Fish Sampling Information,Flag associated with Amps,FISH,,,,Single metadata definition,fish_sampling,1,1
1819,fish_sampling_PRIM_ANODE,PRIM_ANODE,Fish,NRSA 1819 Fish Sampling Information,Anodes Number,FISH,,0.0,30.0,Single metadata definition,fish_sampling,1,1
1819,fish_sampling_PRIM_ANODE_FLAG,PRIM_ANODE_FLAG,Fish,NRSA 1819 Fish Sampling Information,Flag associated with Anodes Number,FISH,,,,Single metadata definition,fish_sampling,1,1
1819,fish_sampling_PRIM_AVG_HAUL,PRIM_AVG_HAUL,Fish,NRSA 1819 Fish Sampling Information,Average Haul Length (m),FISH,,,,Single metadata definition,fish_sampling,1,1
1819,fish_sampling_PRIM_AVG_HAUL_FLAG,PRIM_AVG_HAUL_FLAG,Fish,NRSA 1819 Fish Sampling Information,Flag associated with Average Haul Length (m),FISH,,,,Single metadata definition,fish_sampling,1,1
1819,fish_sampling_PRIM_CREW,PRIM_CREW,Fish,NRSA 1819 Fish Sampling Information,Number of crew members,FISH,,0.0,10.0,Single metadata definition,fish_sampling,1,1
1819,fish_sampling_PRIM_CREW_FLAG,PRIM_CREW_FLAG,Fish,NRSA 1819 Fish Sampling Information,Flag associated with Number of crew members,FISH,,,,Single metadata definition,fish_sampling,1,1
1819,fish_sampling_PRIM_FSHTIME,PRIM_FSHTIME,Fish,NRSA 1819 Fish Sampling Information,Total Fishing Time (min),FISH,,,,Single metadata definition,fish_sampling,1,1
1819,fish_sampling_PRIM_FSHTIME_FLAG,PRIM_FSHTIME_FLAG,Fish,NRSA 1819 Fish Sampling Information,Flag associated with Total Fishing Time (min),FISH,,,,Single metadata definition,fish_sampling,1,1
1819,fish_sampling_PRIM_GEAR,PRIM_GEAR,Fish,NRSA 1819 Fish Sampling Information,Primary Electrofishing Gear,FISH,|BOAT|RAFT|BACKPACK|BARGE,,,Single metadata definition,fish_sampling,1,1
1819,fish_sampling_PRIM_GEAR_FLAG,PRIM_GEAR_FLAG,Fish,NRSA 1819 Fish Sampling Information,Flag associated with Primary Electrofishing Gear,FISH,,,,Single metadata definition,fish_sampling,1,1
1819,fish_sampling_PRIM_HAULS,PRIM_HAULS,Fish,NRSA 1819 Fish Sampling Information,Number of hauls,FISH,,,,Single metadata definition,fish_sampling,1,1
1819,fish_sampling_PRIM_HAULS_FLAG,PRIM_HAULS_FLAG,Fish,NRSA 1819 Fish Sampling Information,Flag associated with Number of hauls,FISH,,,,Single metadata definition,fish_sampling,1,1
1819,fish_sampling_PRIM_HEIGHT,PRIM_HEIGHT,Fish,NRSA 1819 Fish Sampling Information,Height (m),FISH,,,,Single metadata definition,fish_sampling,1,1
1819,fish_sampling_PRIM_HEIGHT_FLAG,PRIM_HEIGHT_FLAG,Fish,NRSA 1819 Fish Sampling Information,Flag associated with Height (m),FISH,,,,Single metadata definition,fish_sampling,1,1
1819,fish_sampling_PRIM_LENGTH,PRIM_LENGTH,Fish,NRSA 1819 Fish Sampling Information,Length (m),FISH,,,,Single metadata definition,fish_sampling,1,1
1819,fish_sampling_PRIM_LENGTH_FISHED,PRIM_LENGTH_FISHED,Fish,NRSA 1819 Fish Sampling Information,Length sampled(m).,FISH,,,,Single metadata definition,fish_sampling,1,1
1819,fish_sampling_PRIM_LENGTH_FISHED_FLAG,PRIM_LENGTH_FISHED_FLAG,Fish,NRSA 1819 Fish Sampling Information,Flag associated with Length sampled(m).,FISH,,,,Single metadata definition,fish_sampling,1,1
1819,fish_sampling_PRIM_LENGTH_FLAG,PRIM_LENGTH_FLAG,Fish,NRSA 1819 Fish Sampling Information,Flag associated with Length (m),FISH,,,,Single metadata definition,fish_sampling,1,1
1819,fish_sampling_PRIM_LENGTH_SEINE,PRIM_LENGTH_SEINE,Fish,NRSA 1819 Fish Sampling Information,Length sampled(m).,FISH,,,,Single metadata definition,fish_sampling,1,1
1819,fish_sampling_PRIM_LENGTH_SEINE_FLAG,PRIM_LENGTH_SEINE_FLAG,Fish,NRSA 1819 Fish Sampling Information,Flag associated with Length sampled(m).,FISH,,,,Single metadata definition,fish_sampling,1,1
1819,fish_sampling_PRIM_MESH,PRIM_MESH,Fish,NRSA 1819 Fish Sampling Information,Mesh (mm),FISH,,,,Single metadata definition,fish_sampling,1,1
1819,fish_sampling_PRIM_MESH_FLAG,PRIM_MESH_FLAG,Fish,NRSA 1819 Fish Sampling Information,Flag associated with Mesh (mm),FISH,,,,Single metadata definition,fish_sampling,1,1
1819,fish_sampling_PRIM_MODEL,PRIM_MODEL,Fish,NRSA 1819 Fish Sampling Information,PRIM_MODEL,FISH,,,,Single metadata definition,fish_sampling,1,1
1819,fish_sampling_PRIM_MODEL_FLAG,PRIM_MODEL_FLAG,Fish,NRSA 1819 Fish Sampling Information,Flag associated with PRIM_MODEL,FISH,,,,Single metadata definition,fish_sampling,1,1
1819,fish_sampling_PRIM_NET_DIAM,PRIM_NET_DIAM,Fish,NRSA 1819 Fish Sampling Information,Anodes Diameter (in or cm),FISH,,0.0,30.0,Single metadata definition,fish_sampling,1,1
1819,fish_sampling_PRIM_NET_DIAM_FLAG,PRIM_NET_DIAM_FLAG,Fish,NRSA 1819 Fish Sampling Information,Flag associated with Anodes Diameter (in or cm),FISH,,,,Single metadata definition,fish_sampling,1,1
1819,fish_sampling_PRIM_NET_UNITS,PRIM_NET_UNITS,Fish,NRSA 1819 Fish Sampling Information,Anodes Diameter units,FISH,|IN|CM,,,Single metadata definition,fish_sampling,1,1
1819,fish_sampling_PRIM_NET_UNITS_FLAG,PRIM_NET_UNITS_FLAG,Fish,NRSA 1819 Fish Sampling Information,Flag associated with Anodes Diameter units,FISH,,,,Single metadata definition,fish_sampling,1,1
1819,fish_sampling_PRIM_NETTERS,PRIM_NETTERS,Fish,NRSA 1819 Fish Sampling Information,Number of netters,FISH,,0.0,2.0,Single metadata definition,fish_sampling,1,1
1819,fish_sampling_PRIM_NETTERS_FLAG,PRIM_NETTERS_FLAG,Fish,NRSA 1819 Fish Sampling Information,Flag associated with Number of netters,FISH,,,,Single metadata definition,fish_sampling,1,1
1819,fish_sampling_PRIM_POWER,PRIM_POWER,Fish,NRSA 1819 Fish Sampling Information,PRIM_POWER,FISH,,,,Single metadata definition,fish_sampling,1,1
1819,fish_sampling_PRIM_POWER_FLAG,PRIM_POWER_FLAG,Fish,NRSA 1819 Fish Sampling Information,Flag associated with PRIM_POWER,FISH,,,,Single metadata definition,fish_sampling,1,1
1819,fish_sampling_PRIM_PULSRATE,PRIM_PULSRATE,Fish,NRSA 1819 Fish Sampling Information,Pulse Rate (pps/Hz),FISH,,,,Single metadata definition,fish_sampling,1,1
1819,fish_sampling_PRIM_PULSRATE_FLAG,PRIM_PULSRATE_FLAG,Fish,NRSA 1819 Fish Sampling Information,Flag associated with Pulse Rate (pps/Hz),FISH,,,,Single metadata definition,fish_sampling,1,1
1819,fish_sampling_PRIM_PULSWID,PRIM_PULSWID,Fish,NRSA 1819 Fish Sampling Information,Pulse Width (ms),FISH,,,,Single metadata definition,fish_sampling,1,1
1819,fish_sampling_PRIM_PULSWID_FLAG,PRIM_PULSWID_FLAG,Fish,NRSA 1819 Fish Sampling Information,Flag associated with Pulse Width (ms),FISH,,,,Single metadata definition,fish_sampling,1,1
1819,fish_sampling_PRIM_SEINE,PRIM_SEINE,Fish,NRSA 1819 Fish Sampling Information,Type Seine Net,FISH,|BAG|MINNOW,,,Single metadata definition,fish_sampling,1,1
1819,fish_sampling_PRIM_SEINE_FLAG,PRIM_SEINE_FLAG,Fish,NRSA 1819 Fish Sampling Information,Flag associated with Type Seine Net,FISH,,,,Single metadata definition,fish_sampling,1,1
1819,fish_sampling_PRIM_SHKTIME,PRIM_SHKTIME,Fish,NRSA 1819 Fish Sampling Information,Total Shock button Time (s),FISH,,,,Single metadata definition,fish_sampling,1,1
1819,fish_sampling_PRIM_SHKTIME_FLAG,PRIM_SHKTIME_FLAG,Fish,NRSA 1819 Fish Sampling Information,Flag associated with Total Shock button Time (s),FISH,,,,Single metadata definition,fish_sampling,1,1
1819,fish_sampling_PRIM_TOT_SEINE,PRIM_TOT_SEINE,Fish,NRSA 1819 Fish Sampling Information,Total Seining Time (min),FISH,,,,Single metadata definition,fish_sampling,1,1
1819,fish_sampling_PRIM_TOT_SEINE_FLAG,PRIM_TOT_SEINE_FLAG,Fish,NRSA 1819 Fish Sampling Information,Flag associated with Total Seining Time (min),FISH,,,,Single metadata definition,fish_sampling,1,1
1819,fish_sampling_PRIM_VOLTS,PRIM_VOLTS,Fish,NRSA 1819 Fish Sampling Information,Volts,FISH,,50.0,1000.0,Single metadata definition,fish_sampling,1,1
1819,fish_sampling_PRIM_VOLTS_FLAG,PRIM_VOLTS_FLAG,Fish,NRSA 1819 Fish Sampling Information,Flag associated with Volts,FISH,,,,Single metadata definition,fish_sampling,1,1
1819,fish_sampling_PRIM_WATTS,PRIM_WATTS,Fish,NRSA 1819 Fish Sampling Information,"Watts: likely 400 (bp), 2500 or 5000 (boat/raft)",FISH,,,,Single metadata definition,fish_sampling,1,1
1819,fish_sampling_PRIM_WATTS_FLAG,PRIM_WATTS_FLAG,Fish,NRSA 1819 Fish Sampling Information,"Flag associated with Watts: likely 400 (bp), 2500 or 5000 (boat/raft)",FISH,,,,Single metadata definition,fish_sampling,1,1
1819,fish_sampling_PRIM_WAVEFORM,PRIM_WAVEFORM,Fish,NRSA 1819 Fish Sampling Information,Wave Form,FISH,|AC|DC|PULSED_DC,,,Single metadata definition,fish_sampling,1,1
1819,fish_sampling_PRIM_WAVEFORM_FLAG,PRIM_WAVEFORM_FLAG,Fish,NRSA 1819 Fish Sampling Information,Flag associated with Wave Form,FISH,,,,Single metadata definition,fish_sampling,1,1
1819,fish_sampling_PUBLICATION_DATE,PUBLICATION_DATE,Fish,NRSA 1819 Fish Sampling Information,Date the dataset was published to the NARS site,COLUMN,,,,Single metadata definition,fish_sampling,12,1
1819,fish_sampling_RCH_LENGTH,RCH_LENGTH,Fish,NRSA 1819 Fish Sampling Information,Final Length of Fishing Reach (m),FISH,,,,Single metadata definition,fish_sampling,1,1
1819,fish_sampling_SAMPLE_TYPE,SAMPLE_TYPE,Fish,NRSA 1819 Fish Sampling Information,Code identifying sample type,COLUMN,,,,Single metadata definition,fish_sampling,9,1
1819,fish_sampling_SEC_AMPS,SEC_AMPS,Fish,NRSA 1819 Fish Sampling Information,Amps,FISH,,,,Single metadata definition,fish_sampling,1,1
1819,fish_sampling_SEC_AMPS_FLAG,SEC_AMPS_FLAG,Fish,NRSA 1819 Fish Sampling Information,Flag associated with Amps,FISH,,,,Single metadata definition,fish_sampling,1,1
1819,fish_sampling_SEC_ANODE,SEC_ANODE,Fish,NRSA 1819 Fish Sampling Information,Anodes Number,FISH,,0.0,30.0,Single metadata definition,fish_sampling,1,1
1819,fish_sampling_SEC_ANODE_FLAG,SEC_ANODE_FLAG,Fish,NRSA 1819 Fish Sampling Information,Flag associated with Anodes Number,FISH,,,,Single metadata definition,fish_sampling,1,1
1819,fish_sampling_SEC_AVG_HAUL,SEC_AVG_HAUL,Fish,NRSA 1819 Fish Sampling Information,Average Haul Length (m),FISH,,,,Single metadata definition,fish_sampling,1,1
1819,fish_sampling_SEC_AVG_HAUL_FLAG,SEC_AVG_HAUL_FLAG,Fish,NRSA 1819 Fish Sampling Information,Flag associated with Average Haul Length (m),FISH,,,,Single metadata definition,fish_sampling,1,1
1819,fish_sampling_SEC_CREW,SEC_CREW,Fish,NRSA 1819 Fish Sampling Information,Number of crew members,FISH,,0.0,10.0,Single metadata definition,fish_sampling,1,1
1819,fish_sampling_SEC_CREW_FLAG,SEC_CREW_FLAG,Fish,NRSA 1819 Fish Sampling Information,Flag associated with Number of crew members,FISH,,,,Single metadata definition,fish_sampling,1,1
1819,fish_sampling_SEC_FSHTIME,SEC_FSHTIME,Fish,NRSA 1819 Fish Sampling Information,Total Fishing Time (min),FISH,,,,Single metadata definition,fish_sampling,1,1
1819,fish_sampling_SEC_FSHTIME_FLAG,SEC_FSHTIME_FLAG,Fish,NRSA 1819 Fish Sampling Information,Flag associated with Total Fishing Time (min),FISH,,,,Single metadata definition,fish_sampling,1,1
1819,fish_sampling_SEC_GEAR,SEC_GEAR,Fish,NRSA 1819 Fish Sampling Information,Primary Electrofishing Gear,FISH,|BOAT|RAFT|BACKPACK|BARGE,,,Single metadata definition,fish_sampling,1,1
1819,fish_sampling_SEC_GEAR_FLAG,SEC_GEAR_FLAG,Fish,NRSA 1819 Fish Sampling Information,Flag associated with Primary Electrofishing Gear,FISH,,,,Single metadata definition,fish_sampling,1,1
1819,fish_sampling_SEC_HAULS,SEC_HAULS,Fish,NRSA 1819 Fish Sampling Information,Number of hauls,FISH,,,,Single metadata definition,fish_sampling,1,1
1819,fish_sampling_SEC_HAULS_FLAG,SEC_HAULS_FLAG,Fish,NRSA 1819 Fish Sampling Information,Flag associated with Number of hauls,FISH,,,,Single metadata definition,fish_sampling,1,1
1819,fish_sampling_SEC_HEIGHT,SEC_HEIGHT,Fish,NRSA 1819 Fish Sampling Information,Height (m),FISH,,,,Single metadata definition,fish_sampling,1,1
1819,fish_sampling_SEC_HEIGHT_FLAG,SEC_HEIGHT_FLAG,Fish,NRSA 1819 Fish Sampling Information,Flag associated with Height (m),FISH,,,,Single metadata definition,fish_sampling,1,1
1819,fish_sampling_SEC_LENGTH,SEC_LENGTH,Fish,NRSA 1819 Fish Sampling Information,Length (m),FISH,,,,Single metadata definition,fish_sampling,1,1
1819,fish_sampling_SEC_LENGTH_FISHED,SEC_LENGTH_FISHED,Fish,NRSA 1819 Fish Sampling Information,Length sampled(m).,FISH,,,,Single metadata definition,fish_sampling,1,1
1819,fish_sampling_SEC_LENGTH_FISHED_FLAG,SEC_LENGTH_FISHED_FLAG,Fish,NRSA 1819 Fish Sampling Information,Flag associated with Length sampled(m).,FISH,,,,Single metadata definition,fish_sampling,1,1
1819,fish_sampling_SEC_LENGTH_FLAG,SEC_LENGTH_FLAG,Fish,NRSA 1819 Fish Sampling Information,Flag associated with Length (m),FISH,,,,Single metadata definition,fish_sampling,1,1
1819,fish_sampling_SEC_LENGTH_SEINE,SEC_LENGTH_SEINE,Fish,NRSA 1819 Fish Sampling Information,Length sampled(m).,FISH,,,,Single metadata definition,fish_sampling,1,1
1819,fish_sampling_SEC_LENGTH_SEINE_FLAG,SEC_LENGTH_SEINE_FLAG,Fish,NRSA 1819 Fish Sampling Information,Flag associated with Length sampled(m).,FISH,,,,Single metadata definition,fish_sampling,1,1
1819,fish_sampling_SEC_MESH,SEC_MESH,Fish,NRSA 1819 Fish Sampling Information,Mesh (mm),FISH,,0.0,30.0,Single metadata definition,fish_sampling,1,1
1819,fish_sampling_SEC_MESH_FLAG,SEC_MESH_FLAG,Fish,NRSA 1819 Fish Sampling Information,Flag associated with Mesh (mm),FISH,,,,Single metadata definition,fish_sampling,1,1
1819,fish_sampling_SEC_MODEL,SEC_MODEL,Fish,NRSA 1819 Fish Sampling Information,SEC_MODEL,FISH,,,,Single metadata definition,fish_sampling,1,1
1819,fish_sampling_SEC_MODEL_FLAG,SEC_MODEL_FLAG,Fish,NRSA 1819 Fish Sampling Information,Flag associated with SEC_MODEL,FISH,,,,Single metadata definition,fish_sampling,1,1
1819,fish_sampling_SEC_NET_DIAM,SEC_NET_DIAM,Fish,NRSA 1819 Fish Sampling Information,Anodes Diameter (in or cm),FISH,,0.0,30.0,Single metadata definition,fish_sampling,1,1
1819,fish_sampling_SEC_NET_DIAM_FLAG,SEC_NET_DIAM_FLAG,Fish,NRSA 1819 Fish Sampling Information,Flag associated with Anodes Diameter (in or cm),FISH,,,,Single metadata definition,fish_sampling,1,1
1819,fish_sampling_SEC_NET_UNITS,SEC_NET_UNITS,Fish,NRSA 1819 Fish Sampling Information,Anodes Diameter units,FISH,|IN|CM,,,Single metadata definition,fish_sampling,1,1
1819,fish_sampling_SEC_NET_UNITS_FLAG,SEC_NET_UNITS_FLAG,Fish,NRSA 1819 Fish Sampling Information,Flag associated with Anodes Diameter units,FISH,,,,Single metadata definition,fish_sampling,1,1
1819,fish_sampling_SEC_NETTERS,SEC_NETTERS,Fish,NRSA 1819 Fish Sampling Information,Number of netters,FISH,,0.0,30.0,Single metadata definition,fish_sampling,1,1
1819,fish_sampling_SEC_NETTERS_FLAG,SEC_NETTERS_FLAG,Fish,NRSA 1819 Fish Sampling Information,Flag associated with Number of netters,FISH,,,,Single metadata definition,fish_sampling,1,1
1819,fish_sampling_SEC_POWER,SEC_POWER,Fish,NRSA 1819 Fish Sampling Information,SEC_POWER,FISH,,,,Single metadata definition,fish_sampling,1,1
1819,fish_sampling_SEC_POWER_FLAG,SEC_POWER_FLAG,Fish,NRSA 1819 Fish Sampling Information,Flag associated with SEC_POWER,FISH,,,,Single metadata definition,fish_sampling,1,1
1819,fish_sampling_SEC_PULSRATE,SEC_PULSRATE,Fish,NRSA 1819 Fish Sampling Information,Pulse Rate (pps/Hz),FISH,,,,Single metadata definition,fish_sampling,1,1
1819,fish_sampling_SEC_PULSRATE_FLAG,SEC_PULSRATE_FLAG,Fish,NRSA 1819 Fish Sampling Information,Flag associated with Pulse Rate (pps/Hz),FISH,,,,Single metadata definition,fish_sampling,1,1
1819,fish_sampling_SEC_PULSWID,SEC_PULSWID,Fish,NRSA 1819 Fish Sampling Information,Pulse Width (ms),FISH,,,,Single metadata definition,fish_sampling,1,1
1819,fish_sampling_SEC_PULSWID_FLAG,SEC_PULSWID_FLAG,Fish,NRSA 1819 Fish Sampling Information,Flag associated with Pulse Width (ms),FISH,,,,Single metadata definition,fish_sampling,1,1
1819,fish_sampling_SEC_SEINE,SEC_SEINE,Fish,NRSA 1819 Fish Sampling Information,Type Seine Net,FISH,|BAG|MINNOW,,,Single metadata definition,fish_sampling,1,1
1819,fish_sampling_SEC_SEINE_FLAG,SEC_SEINE_FLAG,Fish,NRSA 1819 Fish Sampling Information,Flag associated with Type Seine Net,FISH,,,,Single metadata definition,fish_sampling,1,1
1819,fish_sampling_SEC_SHKTIME,SEC_SHKTIME,Fish,NRSA 1819 Fish Sampling Information,Total Shock button Time (s),FISH,,,,Single metadata definition,fish_sampling,1,1
1819,fish_sampling_SEC_SHKTIME_FLAG,SEC_SHKTIME_FLAG,Fish,NRSA 1819 Fish Sampling Information,Flag associated with Total Shock button Time (s),FISH,,,,Single metadata definition,fish_sampling,1,1
1819,fish_sampling_SEC_TOT_SEINE,SEC_TOT_SEINE,Fish,NRSA 1819 Fish Sampling Information,Total Seining Time (min),FISH,,,,Single metadata definition,fish_sampling,1,1
1819,fish_sampling_SEC_TOT_SEINE_FLAG,SEC_TOT_SEINE_FLAG,Fish,NRSA 1819 Fish Sampling Information,Flag associated with Total Seining Time (min),FISH,,,,Single metadata definition,fish_sampling,1,1
1819,fish_sampling_SEC_VOLTS,SEC_VOLTS,Fish,NRSA 1819 Fish Sampling Information,Volts,FISH,,50.0,1000.0,Single metadata definition,fish_sampling,1,1
1819,fish_sampling_SEC_VOLTS_FLAG,SEC_VOLTS_FLAG,Fish,NRSA 1819 Fish Sampling Information,Flag associated with Volts,FISH,,,,Single metadata definition,fish_sampling,1,1
1819,fish_sampling_SEC_WATTS,SEC_WATTS,Fish,NRSA 1819 Fish Sampling Information,"Watts: likely 400 (bp), 2500 or 5000 (boat/raft)",FISH,,,,Single metadata definition,fish_sampling,1,1
1819,fish_sampling_SEC_WATTS_FLAG,SEC_WATTS_FLAG,Fish,NRSA 1819 Fish Sampling Information,"Flag associated with Watts: likely 400 (bp), 2500 or 5000 (boat/raft)",FISH,,,,Single metadata definition,fish_sampling,1,1
1819,fish_sampling_SEC_WAVEFORM,SEC_WAVEFORM,Fish,NRSA 1819 Fish Sampling Information,Wave Form,FISH,|AC|DC|PULSED_DC,,,Single metadata definition,fish_sampling,1,1
1819,fish_sampling_SEC_WAVEFORM_FLAG,SEC_WAVEFORM_FLAG,Fish,NRSA 1819 Fish Sampling Information,Flag associated with Wave Form,FISH,,,,Single metadata definition,fish_sampling,1,1
1819,fish_sampling_SITE_ID,SITE_ID,Fish,NRSA 1819 Fish Sampling Information,Identification code for site,VERIF,,,,Single metadata definition,fish_sampling,16,1
1819,fish_sampling_STATE,STATE,Fish,NRSA 1819 Fish Sampling Information,State,VERIF,|AK|AL|AR|AZ|CA|CO|CT|DC|DE|FL|GA|HI|IA|ID|IL|IN|KS|KY|LA|MA|MD|ME|MI|MN|MO|MS|MT|NC|ND|NE|NH|NJ|NM|NV|NY|OH|OK|OR|PA|RI|SC|SD|TN|TX|UT|VA|VT|WA|WI|WV|WY,,,Single metadata definition,fish_sampling,13,1
1819,fish_sampling_TEMPERATURE,TEMPERATURE,Fish,NRSA 1819 Fish Sampling Information,Temperature (C),FISH,,0.0,30.0,Single metadata definition,fish_sampling,1,1
1819,fish_sampling_UID,UID,Fish,NRSA 1819 Fish Sampling Information,Unique identifier for the site/visit,COLUMN,,,,Single metadata definition,fish_sampling,15,1
1819,fish_sampling_VISIT_NO,VISIT_NO,Fish,NRSA 1819 Fish Sampling Information,Sequential number of visit to site,VERIF,|1|2|R,,,Single metadata definition,fish_sampling,15,1
1819,fish_sampling_WATER_VIS,WATER_VIS,Fish,NRSA 1819 Fish Sampling Information,Water Visibility (m),FISH,|GOOD|POOR,,,Single metadata definition,fish_sampling,1,1
1819,fish_count_AG_ECO9,AG_ECO9,Fish,NRSA 1819 Fish Count,"NARS 9-level reporting region, based on aggregated Omernik Level III ecoregions. No missing or \blank\"" values allowed.""",DESIGN,CPL|NAP|NPL|SAP|SPL|TPL|UMW|WMT|XER |,,,Single metadata definition,fish_count,11,1
1819,fish_count_ANOM_CT,ANOM_CT,Fish,NRSA 1819 Fish Count,Total number of anomalies for taxon in sample,FISH,,,,Single metadata definition,fish_count,1,1
1819,fish_count_DATE_COL,DATE_COL,Fish,NRSA 1819 Fish Count,Date of data collection in field,VERIF,,,,Single metadata definition,fish_count,15,1
1819,fish_count_EPA_REG,EPA_REG,Fish,NRSA 1819 Fish Count,"EPA Region. No missing or \blank\"" values allowed.""",DESIGN,Region_01 | Region_02 | Region_03 | Region_04 | Region_05 | Region_06 | Region_07 | Region_08 | Region_09 | Region_10 |,,,Single metadata definition,fish_count,10,1
1819,fish_count_FINAL_NAME,FINAL_NAME,Fish,NRSA 1819 Fish Count,Final common name assigned to fish count data,TAXA: Vertebrate,,,,Single metadata definition,fish_count,1,1
1819,fish_count_IS_DISTINCT,IS_DISTINCT,Fish,NRSA 1819 Fish Count,Distinctness of taxon within sample,FISH,0|1,,,Single metadata definition,fish_count,2,1
1819,fish_count_NON_NATIVE,NON_NATIVE,Fish,NRSA 1819 Fish Count,Non-native status (Y/N) | Non-native to the HUC where sample was collected,FISH,N|Y,,,Multiple protocol-specific labels — see Metadata Detail,fish_count,1,2
1819,fish_count_PUBLICATION_DATE,PUBLICATION_DATE,Fish,NRSA 1819 Fish Count,Date of data file publication,,,,,Single metadata definition,fish_count,12,1
1819,fish_count_SITE_ID,SITE_ID,Fish,NRSA 1819 Fish Count,Site ID,VERIF,,,,Single metadata definition,fish_count,16,1
1819,fish_count_STATE,STATE,Fish,NRSA 1819 Fish Count,State of site,VERIF,,,,Single metadata definition,fish_count,13,1
1819,fish_count_TAXA_ID,TAXA_ID,Fish,NRSA 1819 Fish Count,Taxonomic ID number,,,,,Single metadata definition,fish_count,2,1
1819,fish_count_TOTAL,TOTAL,Fish,NRSA 1819 Fish Count,Total number of individuals for taxon in sample,FISH,,,,Single metadata definition,fish_count,2,1
1819,fish_count_UID,UID,Fish,NRSA 1819 Fish Count,Unique site visit ID,,,,,Single metadata definition,fish_count,15,1
1819,fish_count_VISIT_NO,VISIT_NO,Fish,NRSA 1819 Fish Count,Number identifying which visit this is,VERIF,|1|2,,,Single metadata definition,fish_count,15,1
1819,fish_mmi_AG_ECO9,AG_ECO9,Fish,NRSA 1819 Fish MMI,"NARS 9-level reporting region, based on aggregated Omernik Level III ecoregions. No missing or \blank\"" values allowed.""",DESIGN,CPL|NAP|NPL|SAP|SPL|TPL|UMW|WMT|XER |,,,Single metadata definition,fish_mmi,11,1
1819,fish_mmi_ALIENNTAX_PT,ALIENNTAX_PT,Fish,NRSA 1819 Fish MMI,Score for ALIENNTAX used in MMI,FISH,,,,Single metadata definition,fish_mmi,1,1
1819,fish_mmi_ALIENNTAX_WS,ALIENNTAX_WS,Fish,NRSA 1819 Fish MMI,Traditional MMI watershed adjusted value for ALIENNTAX,FISH,,,,Single metadata definition,fish_mmi,1,1
1819,fish_mmi_ALIENNTAX_WS_PT,ALIENNTAX_WS_PT,Fish,NRSA 1819 Fish MMI,Traditional MMI watershed adjusted metric score for ALIENNTAX,FISH,,,,Single metadata definition,fish_mmi,1,1
1819,fish_mmi_ALIENPIND_WS,ALIENPIND_WS,Fish,NRSA 1819 Fish MMI,Traditional MMI watershed adjusted value for ALIENPIND,FISH,,,,Single metadata definition,fish_mmi,1,1
1819,fish_mmi_ALIENPIND_WS_PT,ALIENPIND_WS_PT,Fish,NRSA 1819 Fish MMI,Traditional MMI watershed adjusted metric score for ALIENPIND,FISH,,,,Single metadata definition,fish_mmi,1,1
1819,fish_mmi_BENTINVPTAX_WS,BENTINVPTAX_WS,Fish,NRSA 1819 Fish MMI,Traditional MMI watershed adjusted value for BENTINVPTAX,FISH,,,,Single metadata definition,fish_mmi,1,1
1819,fish_mmi_BENTINVPTAX_WS_PT,BENTINVPTAX_WS_PT,Fish,NRSA 1819 Fish MMI,Traditional MMI watershed adjusted metric score for BENTINVPTAX,FISH,,,,Single metadata definition,fish_mmi,1,1
1819,fish_mmi_CARNNTAX_WS,CARNNTAX_WS,Fish,NRSA 1819 Fish MMI,Traditional MMI watershed adjusted value for CARNNTAX,FISH,,,,Single metadata definition,fish_mmi,1,1
1819,fish_mmi_CARNNTAX_WS_PT,CARNNTAX_WS_PT,Fish,NRSA 1819 Fish MMI,Traditional MMI watershed adjusted metric score for CARNNTAX,FISH,,,,Single metadata definition,fish_mmi,1,1
1819,fish_mmi_CENTPTAX_PT,CENTPTAX_PT,Fish,NRSA 1819 Fish MMI,Traditional MMI metric score for CENTPTAX,FISH,,,,Single metadata definition,fish_mmi,1,1
1819,fish_mmi_CYPRNTAX_PT,CYPRNTAX_PT,Fish,NRSA 1819 Fish MMI,Traditional MMI metric score for CYPRNTAX,FISH,,,,Single metadata definition,fish_mmi,1,1
1819,fish_mmi_CYPRPTAX_WS,CYPRPTAX_WS,Fish,NRSA 1819 Fish MMI,Traditional MMI watershed adjusted value for CYPRPTAX,FISH,,,,Single metadata definition,fish_mmi,1,1
1819,fish_mmi_CYPRPTAX_WS_PT,CYPRPTAX_WS_PT,Fish,NRSA 1819 Fish MMI,Traditional MMI watershed adjusted metric score for CYPRPTAX,FISH,,,,Single metadata definition,fish_mmi,1,1
1819,fish_mmi_DATE_COL,DATE_COL,Fish,NRSA 1819 Fish MMI,Date of data collection in field,VERIF,,,,Single metadata definition,fish_mmi,15,1
1819,fish_mmi_EPA_REG,EPA_REG,Fish,NRSA 1819 Fish MMI,"EPA Region. No missing or \blank\"" values allowed.""",DESIGN,Region_01 | Region_02 | Region_03 | Region_04 | Region_05 | Region_06 | Region_07 | Region_08 | Region_09 | Region_10 |,,,Single metadata definition,fish_mmi,10,1
1819,fish_mmi_FISH_MMI_COND,FISH_MMI_COND,Fish,NRSA 1819 Fish MMI,"Fish assemblage condition, based on regional Fish MMI.",FISH,Good|Fair|Poor|Not Assessed,,,Single metadata definition,fish_mmi,2,1
1819,fish_mmi_HERBPTAX_PT,HERBPTAX_PT,Fish,NRSA 1819 Fish MMI,Traditional MMI metric score for HERBPTAX,FISH,,,,Single metadata definition,fish_mmi,1,1
1819,fish_mmi_INTLINVPTAX_PT,INTLINVPTAX_PT,Fish,NRSA 1819 Fish MMI,Traditional MMI metric score for INTLINVPTAX,FISH,,,,Single metadata definition,fish_mmi,1,1
1819,fish_mmi_INTLLOTNTAX_WS,INTLLOTNTAX_WS,Fish,NRSA 1819 Fish MMI,Traditional MMI watershed adjusted value for INTLLOTNTAX,FISH,,,,Single metadata definition,fish_mmi,1,1
1819,fish_mmi_INTLLOTNTAX_WS_PT,INTLLOTNTAX_WS_PT,Fish,NRSA 1819 Fish MMI,Traditional MMI watershed adjusted metric score for INTLLOTNTAX,FISH,,,,Single metadata definition,fish_mmi,1,1
1819,fish_mmi_INTLLOTPTAX_WS,INTLLOTPTAX_WS,Fish,NRSA 1819 Fish MMI,Traditional MMI watershed adjusted value for INTLLOTPTAX,FISH,,,,Single metadata definition,fish_mmi,1,1
1819,fish_mmi_INTLLOTPTAX_WS_PT,INTLLOTPTAX_WS_PT,Fish,NRSA 1819 Fish MMI,Traditional MMI watershed adjusted metric score for INTLLOTPTAX,FISH,,,,Single metadata definition,fish_mmi,1,1
1819,fish_mmi_INTLMIGRNTAX_PT,INTLMIGRNTAX_PT,Fish,NRSA 1819 Fish MMI,Traditional MMI metric score for INTLMIGRNTAX,FISH,,,,Single metadata definition,fish_mmi,1,1
1819,fish_mmi_INTLMIGRPIND_PT,INTLMIGRPIND_PT,Fish,NRSA 1819 Fish MMI,Traditional MMI metric score for INTLMIGRPIND,FISH,,,,Single metadata definition,fish_mmi,1,1
1819,fish_mmi_INTLMIGRPTAX_PT,INTLMIGRPTAX_PT,Fish,NRSA 1819 Fish MMI,Score for INTLMIGRPTAX used in MMI,FISH,,,,Single metadata definition,fish_mmi,1,1
1819,fish_mmi_INTLPTAX_PT,INTLPTAX_PT,Fish,NRSA 1819 Fish MMI,Traditional MMI metric score for INTLPTAX,FISH,,,,Single metadata definition,fish_mmi,1,1
1819,fish_mmi_INVNTAX_PT,INVNTAX_PT,Fish,NRSA 1819 Fish MMI,Traditional MMI metric score for INVNTAX,FISH,,,,Single metadata definition,fish_mmi,1,1
1819,fish_mmi_INVPIND_WS,INVPIND_WS,Fish,NRSA 1819 Fish MMI,Traditional MMI watershed adjusted value for INVPIND,FISH,,,,Single metadata definition,fish_mmi,1,1
1819,fish_mmi_INVPIND_WS_PT,INVPIND_WS_PT,Fish,NRSA 1819 Fish MMI,Traditional MMI watershed adjusted metric score for INVPIND,FISH,,,,Single metadata definition,fish_mmi,1,1
1819,fish_mmi_INVPTAX_PT,INVPTAX_PT,Fish,NRSA 1819 Fish MMI,Score for INVPTAX used in MMI,FISH,,,,Single metadata definition,fish_mmi,1,1
1819,fish_mmi_LITHNTAX_PT,LITHNTAX_PT,Fish,NRSA 1819 Fish MMI,Traditional MMI metric score for LITHNTAX,FISH,,,,Single metadata definition,fish_mmi,1,1
1819,fish_mmi_LITHNTAX_WS,LITHNTAX_WS,Fish,NRSA 1819 Fish MMI,Traditional MMI watershed adjusted value for LITHNTAX,FISH,,,,Single metadata definition,fish_mmi,1,1
1819,fish_mmi_LITHNTAX_WS_PT,LITHNTAX_WS_PT,Fish,NRSA 1819 Fish MMI,Traditional MMI watershed adjusted metric score for LITHNTAX,FISH,,,,Single metadata definition,fish_mmi,1,1
1819,fish_mmi_LITHPIND_PT,LITHPIND_PT,Fish,NRSA 1819 Fish MMI,Score for LITHPIND used in MMI,FISH,,,,Single metadata definition,fish_mmi,1,1
1819,fish_mmi_LITHPIND_WS,LITHPIND_WS,Fish,NRSA 1819 Fish MMI,Traditional MMI watershed adjusted value for LITHPIND,FISH,,,,Single metadata definition,fish_mmi,1,1
1819,fish_mmi_LITHPIND_WS_PT,LITHPIND_WS_PT,Fish,NRSA 1819 Fish MMI,Traditional MMI watershed adjusted metric score for LITHPIND,FISH,,,,Single metadata definition,fish_mmi,1,1
1819,fish_mmi_LITHPTAX_PT,LITHPTAX_PT,Fish,NRSA 1819 Fish MMI,Score for LITHPTAX used in MMI,FISH,,,,Single metadata definition,fish_mmi,1,1
1819,fish_mmi_LITHPTAX_WS,LITHPTAX_WS,Fish,NRSA 1819 Fish MMI,Traditional MMI watershed adjusted value for LITHPTAX,FISH,,,,Single metadata definition,fish_mmi,1,1
1819,fish_mmi_LITHPTAX_WS_PT,LITHPTAX_WS_PT,Fish,NRSA 1819 Fish MMI,Traditional MMI watershed adjusted metric score for LITHPTAX,FISH,,,,Single metadata definition,fish_mmi,1,1
1819,fish_mmi_LOTNTAX_WS,LOTNTAX_WS,Fish,NRSA 1819 Fish MMI,Traditional MMI watershed adjusted value for LOTNTAX,FISH,,,,Single metadata definition,fish_mmi,1,1
1819,fish_mmi_LOTNTAX_WS_PT,LOTNTAX_WS_PT,Fish,NRSA 1819 Fish MMI,Traditional MMI watershed adjusted metric score for LOTNTAX,FISH,,,,Single metadata definition,fish_mmi,1,1
1819,fish_mmi_LOTPIND_WS,LOTPIND_WS,Fish,NRSA 1819 Fish MMI,Traditional MMI watershed adjusted value for LOTPIND,FISH,,,,Single metadata definition,fish_mmi,1,1
1819,fish_mmi_LOTPIND_WS_PT,LOTPIND_WS_PT,Fish,NRSA 1819 Fish MMI,Traditional MMI watershed adjusted metric score for LOTPIND,FISH,,,,Single metadata definition,fish_mmi,1,1
1819,fish_mmi_MIGRNTAX_WS,MIGRNTAX_WS,Fish,NRSA 1819 Fish MMI,Traditional MMI watershed adjusted value for MIGRNTAX,FISH,,,,Single metadata definition,fish_mmi,1,1
1819,fish_mmi_MIGRNTAX_WS_PT,MIGRNTAX_WS_PT,Fish,NRSA 1819 Fish MMI,Traditional MMI watershed adjusted metric score for MIGRNTAX,FISH,,,,Single metadata definition,fish_mmi,1,1
1819,fish_mmi_MIGRPTAX_WS,MIGRPTAX_WS,Fish,NRSA 1819 Fish MMI,Traditional MMI watershed adjusted value for MIGRPTAX,FISH,,,,Single metadata definition,fish_mmi,1,1
1819,fish_mmi_MIGRPTAX_WS_PT,MIGRPTAX_WS_PT,Fish,NRSA 1819 Fish MMI,Traditional MMI watershed adjusted metric score for MIGRPTAX,FISH,,,,Single metadata definition,fish_mmi,1,1
1819,fish_mmi_MMI_FISH,MMI_FISH,Fish,NRSA 1819 Fish MMI,Traditional MMI watershed adjusted value for MMI_FISH,FISH,,,,Single metadata definition,fish_mmi,1,1
1819,fish_mmi_NAT_CARNNTAX_WS,NAT_CARNNTAX_WS,Fish,NRSA 1819 Fish MMI,Traditional MMI watershed adjusted value for NAT_CARNNTAX,FISH,,,,Single metadata definition,fish_mmi,1,1
1819,fish_mmi_NAT_CARNNTAX_WS_PT,NAT_CARNNTAX_WS_PT,Fish,NRSA 1819 Fish MMI,Traditional MMI watershed adjusted metric score for NAT_CARNNTAX,FISH,,,,Single metadata definition,fish_mmi,1,1
1819,fish_mmi_NAT_CATOPIND_PT,NAT_CATOPIND_PT,Fish,NRSA 1819 Fish MMI,Traditional MMI metric score for NAT_CATOPIND,FISH,,,,Single metadata definition,fish_mmi,1,1
1819,fish_mmi_NAT_CENTNTAX_WS,NAT_CENTNTAX_WS,Fish,NRSA 1819 Fish MMI,Traditional MMI watershed adjusted value for NAT_CENTNTAX,FISH,,,,Single metadata definition,fish_mmi,1,1
1819,fish_mmi_NAT_CENTNTAX_WS_PT,NAT_CENTNTAX_WS_PT,Fish,NRSA 1819 Fish MMI,Traditional MMI watershed adjusted metric score for NAT_CENTNTAX,FISH,,,,Single metadata definition,fish_mmi,1,1
1819,fish_mmi_NAT_CYPRPIND_PT,NAT_CYPRPIND_PT,Fish,NRSA 1819 Fish MMI,Traditional MMI metric score for NAT_CYPRPIND,FISH,,,,Single metadata definition,fish_mmi,1,1
1819,fish_mmi_NAT_HERBPTAX_PT,NAT_HERBPTAX_PT,Fish,NRSA 1819 Fish MMI,Score for NAT_HERBPTAX used in MMI,FISH,,,,Single metadata definition,fish_mmi,1,1
1819,fish_mmi_NAT_ICTAPIND_WS,NAT_ICTAPIND_WS,Fish,NRSA 1819 Fish MMI,Traditional MMI watershed adjusted value for NAT_ICTAPIND,FISH,,,,Single metadata definition,fish_mmi,1,1
1819,fish_mmi_NAT_ICTAPIND_WS_PT,NAT_ICTAPIND_WS_PT,Fish,NRSA 1819 Fish MMI,Traditional MMI watershed adjusted metric score for NAT_ICTAPIND,FISH,,,,Single metadata definition,fish_mmi,1,1
1819,fish_mmi_NAT_INTLPIND_WS,NAT_INTLPIND_WS,Fish,NRSA 1819 Fish MMI,Traditional MMI watershed adjusted value for NAT_INTLPIND,FISH,,,,Single metadata definition,fish_mmi,1,1
1819,fish_mmi_NAT_INTLPIND_WS_PT,NAT_INTLPIND_WS_PT,Fish,NRSA 1819 Fish MMI,Traditional MMI watershed adjusted metric score for NAT_INTLPIND,FISH,,,,Single metadata definition,fish_mmi,1,1
1819,fish_mmi_NAT_LITHPIND_WS,NAT_LITHPIND_WS,Fish,NRSA 1819 Fish MMI,Traditional MMI watershed adjusted value for NAT_LITHPIND,FISH,,,,Single metadata definition,fish_mmi,1,1
1819,fish_mmi_NAT_LITHPIND_WS_PT,NAT_LITHPIND_WS_PT,Fish,NRSA 1819 Fish MMI,Traditional MMI watershed adjusted metric score for NAT_LITHPIND,FISH,,,,Single metadata definition,fish_mmi,1,1
1819,fish_mmi_NAT_MIGRNTAX_PT,NAT_MIGRNTAX_PT,Fish,NRSA 1819 Fish MMI,Traditional MMI metric score for NAT_MIGRNTAX,FISH,,,,Single metadata definition,fish_mmi,1,1
1819,fish_mmi_NAT_MIGRPTAX_WS,NAT_MIGRPTAX_WS,Fish,NRSA 1819 Fish MMI,Traditional MMI watershed adjusted value for NAT_MIGRPTAX,FISH,,,,Single metadata definition,fish_mmi,1,1
1819,fish_mmi_NAT_MIGRPTAX_WS_PT,NAT_MIGRPTAX_WS_PT,Fish,NRSA 1819 Fish MMI,Traditional MMI watershed adjusted metric score for NAT_MIGRPTAX,FISH,,,,Single metadata definition,fish_mmi,1,1
1819,fish_mmi_NAT_NTOLBENTPTAX_PT,NAT_NTOLBENTPTAX_PT,Fish,NRSA 1819 Fish MMI,Score for NAT_NTOLBENTPTAX used in MMI,FISH,,,,Single metadata definition,fish_mmi,1,1
1819,fish_mmi_NAT_NTOLNTAX_PT,NAT_NTOLNTAX_PT,Fish,NRSA 1819 Fish MMI,Traditional MMI metric score for NAT_NTOLNTAX,FISH,,,,Single metadata definition,fish_mmi,1,1
1819,fish_mmi_NAT_NTOLNTAX_WS,NAT_NTOLNTAX_WS,Fish,NRSA 1819 Fish MMI,Traditional MMI watershed adjusted value for NAT_NTOLNTAX,FISH,,,,Single metadata definition,fish_mmi,1,1
1819,fish_mmi_NAT_NTOLNTAX_WS_PT,NAT_NTOLNTAX_WS_PT,Fish,NRSA 1819 Fish MMI,Traditional MMI watershed adjusted metric score for NAT_NTOLNTAX,FISH,,,,Single metadata definition,fish_mmi,1,1
1819,fish_mmi_NAT_PIND_PT,NAT_PIND_PT,Fish,NRSA 1819 Fish MMI,Score for NAT_PIND used in MMI,FISH,,,,Single metadata definition,fish_mmi,1,1
1819,fish_mmi_NAT_PTAX_PT,NAT_PTAX_PT,Fish,NRSA 1819 Fish MMI,Score for NAT_PTAX used in MMI,FISH,,,,Single metadata definition,fish_mmi,1,1
1819,fish_mmi_NAT_RHEOPIND_PT,NAT_RHEOPIND_PT,Fish,NRSA 1819 Fish MMI,Traditional MMI metric score for NAT_RHEOPIND,FISH,,,,Single metadata definition,fish_mmi,1,1
1819,fish_mmi_NAT_TOTLNTAX_WS,NAT_TOTLNTAX_WS,Fish,NRSA 1819 Fish MMI,Traditional MMI watershed adjusted value for NAT_TOTLNTAX,FISH,,,,Single metadata definition,fish_mmi,1,1
1819,fish_mmi_NAT_TOTLNTAX_WS_PT,NAT_TOTLNTAX_WS_PT,Fish,NRSA 1819 Fish MMI,Traditional MMI watershed adjusted metric score for NAT_TOTLNTAX,FISH,,,,Single metadata definition,fish_mmi,1,1
1819,fish_mmi_NTOLNTAX_WS,NTOLNTAX_WS,Fish,NRSA 1819 Fish MMI,Traditional MMI watershed adjusted value for NTOLNTAX,FISH,,,,Single metadata definition,fish_mmi,1,1
1819,fish_mmi_NTOLNTAX_WS_PT,NTOLNTAX_WS_PT,Fish,NRSA 1819 Fish MMI,Traditional MMI watershed adjusted metric score for NTOLNTAX,FISH,,,,Single metadata definition,fish_mmi,1,1
1819,fish_mmi_NTOLPTAX_PT,NTOLPTAX_PT,Fish,NRSA 1819 Fish MMI,Score for NTOLPTAX used in MMI,FISH,,,,Single metadata definition,fish_mmi,1,1
1819,fish_mmi_NTOLPTAX_WS,NTOLPTAX_WS,Fish,NRSA 1819 Fish MMI,Traditional MMI watershed adjusted value for NTOLPTAX,FISH,,,,Single metadata definition,fish_mmi,1,1
1819,fish_mmi_NTOLPTAX_WS_PT,NTOLPTAX_WS_PT,Fish,NRSA 1819 Fish MMI,Traditional MMI watershed adjusted metric score for NTOLPTAX,FISH,,,,Single metadata definition,fish_mmi,1,1
1819,fish_mmi_PUBLICATION_DATE,PUBLICATION_DATE,Fish,NRSA 1819 Fish MMI,Date of data file publication,,,,,Single metadata definition,fish_mmi,12,1
1819,fish_mmi_RBCATONTAX_PT,RBCATONTAX_PT,Fish,NRSA 1819 Fish MMI,Traditional MMI metric score for RBCATONTAX,FISH,,,,Single metadata definition,fish_mmi,1,1
1819,fish_mmi_RHEONTAX_PT,RHEONTAX_PT,Fish,NRSA 1819 Fish MMI,Traditional MMI metric score for RHEONTAX,FISH,,,,Single metadata definition,fish_mmi,1,1
1819,fish_mmi_RHEOPIND_PT,RHEOPIND_PT,Fish,NRSA 1819 Fish MMI,Traditional MMI metric score for RHEOPIND,FISH,,,,Single metadata definition,fish_mmi,1,1
1819,fish_mmi_SALMNTAX_PT,SALMNTAX_PT,Fish,NRSA 1819 Fish MMI,Traditional MMI metric score for SALMNTAX,FISH,,,,Single metadata definition,fish_mmi,1,1
1819,fish_mmi_SAMPLE_TYPE,SAMPLE_TYPE,Fish,NRSA 1819 Fish MMI,Sample type,,,,,Single metadata definition,fish_mmi,9,1
1819,fish_mmi_SITE_ID,SITE_ID,Fish,NRSA 1819 Fish MMI,"Site ID for the study and year sampled. Preferred form is NRSnn_MM-xxxxx where nn is current cycle year (04, 08, 13, 18, etc), MM is two letter state code, and xxxxx is between 10001 and 99999. No missing or \blank\"" values allowed.""",VERIF,,,,Single metadata definition,fish_mmi,16,1
1819,fish_mmi_STATE,STATE,Fish,NRSA 1819 Fish MMI,State of site,VERIF,,,,Single metadata definition,fish_mmi,13,1
1819,fish_mmi_TOLRNTAX_PT,TOLRNTAX_PT,Fish,NRSA 1819 Fish MMI,Score for TOLRNTAX used in MMI,FISH,,,,Single metadata definition,fish_mmi,1,1
1819,fish_mmi_TOLRNTAX_WS,TOLRNTAX_WS,Fish,NRSA 1819 Fish MMI,Traditional MMI watershed adjusted value for TOLRNTAX,FISH,,,,Single metadata definition,fish_mmi,1,1
1819,fish_mmi_TOLRNTAX_WS_PT,TOLRNTAX_WS_PT,Fish,NRSA 1819 Fish MMI,Traditional MMI watershed adjusted metric score for TOLRNTAX,FISH,,,,Single metadata definition,fish_mmi,1,1
1819,fish_mmi_TOLRPTAX_PT,TOLRPTAX_PT,Fish,NRSA 1819 Fish MMI,Score for TOLRPTAX used in MMI,FISH,,,,Single metadata definition,fish_mmi,1,1
1819,fish_mmi_UID,UID,Fish,NRSA 1819 Fish MMI,Unique site visit ID,,,,,Single metadata definition,fish_mmi,15,1
1819,fish_mmi_VISIT_NO,VISIT_NO,Fish,NRSA 1819 Fish MMI,Number identifying which visit this is,VERIF,|1|2,,,Single metadata definition,fish_mmi,15,1
1819,phab_AG_ECO9,AG_ECO9,Physical Habitat,NRSA 1819 Physical Habitat Larger Set of Metrics,"NARS 9-level reporting region (2015), based on aggregated Omernik Level III ecoregions",DESIGN,CPL|NAP|NPL|SAP|SPL|TPL|UMW|WMT|XER|,,,Single metadata definition,phab,11,1
1819,phab_BANGMODE,BANGMODE,Physical Habitat,NRSA 1819 Physical Habitat Larger Set of Metrics,Mode of bank slope category (Zar 1984),INTERPRETATION,,,,Single metadata definition,phab,1,1
1819,phab_BFWD_RAT,BFWD_RAT,Physical Habitat,NRSA 1819 Physical Habitat Larger Set of Metrics,Bankfull Width/Depth Ratio,INTERPRETATION,,,,Single metadata definition,phab,1,1
1819,phab_C1TM100,C1TM100,Physical Habitat,NRSA 1819 Physical Habitat Larger Set of Metrics,Bankfull+above Channel Wood Count/100m Size=T+S+M+L+X (EPA/620/R-99/003 p53),INTERPRETATION,,,,Single metadata definition,phab,1,1
1819,phab_C1WM100,C1WM100,Physical Habitat,NRSA 1819 Physical Habitat Larger Set of Metrics,Bankfull Channel Wood Count/100m Size=T+S+M+L+X (EPA/620/R-99/003 p53),INTERPRETATION,,,,Single metadata definition,phab,1,1
1819,phab_C2TM100,C2TM100,Physical Habitat,NRSA 1819 Physical Habitat Larger Set of Metrics,Bankfull+above Channel Wood Count/100m Size=S+M+L+X (EPA/620/R-99/003 p53),INTERPRETATION,,,,Single metadata definition,phab,1,1
1819,phab_C2WM100,C2WM100,Physical Habitat,NRSA 1819 Physical Habitat Larger Set of Metrics,Bankfull Channel Wood Count/100m Size=S+M+L+X (EPA/620/R-99/003 p53),INTERPRETATION,,,,Single metadata definition,phab,1,1
1819,phab_C4TM100,C4TM100,Physical Habitat,NRSA 1819 Physical Habitat Larger Set of Metrics,Bankfull+above Channel Wood Count/100m Size=L+X (EPA/620/R-99/003 p53),INTERPRETATION,,,,Single metadata definition,phab,1,1
1819,phab_C4WM100,C4WM100,Physical Habitat,NRSA 1819 Physical Habitat Larger Set of Metrics,Bankfull Channel Wood Count/100m Size=L+X (EPA/620/R-99/003 p53),INTERPRETATION,,,,Single metadata definition,phab,1,1
1819,phab_COMID,COMID,Physical Habitat,NRSA 1819 Physical Habitat Larger Set of Metrics,NHD common identifier for NRSA sampling frame and subsequent designs.,DESIGN,,,,Single metadata definition,phab,2,1
1819,phab_CONFEATURES,CONFEATURES,Physical Habitat,NRSA 1819 Physical Habitat Larger Set of Metrics,Channel constraining Features,INTERPRETATION,,,,Single metadata definition,phab,1,1
1819,phab_CONPATTERN,CONPATTERN,Physical Habitat,NRSA 1819 Physical Habitat Larger Set of Metrics,Channel pattern,INTERPRETATION,,,,Single metadata definition,phab,1,1
1819,phab_CONPERCENT,CONPERCENT,Physical Habitat,NRSA 1819 Physical Habitat Larger Set of Metrics,Percent of Reach Constrained L or R,INTERPRETATION,,,,Single metadata definition,phab,1,1
1819,phab_CONSTRAINT,CONSTRAINT,Physical Habitat,NRSA 1819 Physical Habitat Larger Set of Metrics,Channel constraint type,INTERPRETATION,,,,Single metadata definition,phab,1,1
1819,phab_CVdth,CVdth,Physical Habitat,NRSA 1819 Physical Habitat Larger Set of Metrics,CV of thalweg depth (SDDEPTH/XDEPTH),INTERPRETATION,,,,Single metadata definition,phab,1,1
1819,phab_CVWIDTH,CVWIDTH,Physical Habitat,NRSA 1819 Physical Habitat Larger Set of Metrics,CV of Wetted Width (SDWIDTH/XWidth),INTERPRETATION,,,,Same label appears for multiple sample/record types,phab,1,4
1819,phab_CVWXD,CVWXD,Physical Habitat,NRSA 1819 Physical Habitat Larger Set of Metrics,CV of Width Depth Product (SDWXD/XWXD),INTERPRETATION,,,,Same label appears for multiple sample/record types,phab,1,4
1819,phab_DATE_COL,DATE_COL,Physical Habitat,NRSA 1819 Physical Habitat Larger Set of Metrics,Date of data collection in field,VERIF,,,,Single metadata definition,phab,15,1
1819,phab_EPA_REG,EPA_REG,Physical Habitat,NRSA 1819 Physical Habitat Larger Set of Metrics,EPA Region,DESIGN,Region_01|Region_02|Region_03|Region_04|Region_05|Region_06|Region_07|Region_08|Region_09|Region_10|,,,Single metadata definition,phab,10,1
1819,phab_LDCBF_G08,LDCBF_G08,Physical Habitat,NRSA 1819 Physical Habitat Larger Set of Metrics,Log10(Streambed Critical Diameter-at Bankfull- mm)(PRK 2008),INTERPRETATION,,,,Single metadata definition,phab,1,1
1819,phab_LDMB_BW5,LDMB_BW5,Physical Habitat,NRSA 1819 Physical Habitat Larger Set of Metrics,Log10(Streambed Critical Diameter-at Bankfull - mm) (PRK 1999),INTERPRETATION,,,,Single metadata definition,phab,1,1
1819,phab_LitSB1_FN,LitSB1_FN,Physical Habitat,NRSA 1819 Physical Habitat Larger Set of Metrics,Littoral Dominant % Substrate Fines (<0.06mm),INTERPRETATION,,,,Single metadata definition,phab,1,1
1819,phab_LitSB1_SF,LitSB1_SF,Physical Habitat,NRSA 1819 Physical Habitat Larger Set of Metrics,Littoral Dominant % Substrate Sand or Fines (<2.0mm),INTERPRETATION,,,,Single metadata definition,phab,1,1
1819,phab_LitSB1_SFGF,LitSB1_SFGF,Physical Habitat,NRSA 1819 Physical Habitat Larger Set of Metrics,Littoral Dominant % Substrate <16mm diameter,INTERPRETATION,,,,Single metadata definition,phab,1,1
1819,phab_LitSB12_FN,LitSB12_FN,Physical Habitat,NRSA 1819 Physical Habitat Larger Set of Metrics,Littoral Dominant or Subdominant % Substrate Fines (<0.06mm),INTERPRETATION,,,,Single metadata definition,phab,1,1
1819,phab_LitSB12_SF,LitSB12_SF,Physical Habitat,NRSA 1819 Physical Habitat Larger Set of Metrics,Littoral Dom. or Subdom. % Substrate Sand or Fines (<2.0mm),INTERPRETATION,,,,Single metadata definition,phab,1,1
1819,phab_LRBS_BW5,LRBS_BW5,Physical Habitat,NRSA 1819 Physical Habitat Larger Set of Metrics,Log10(Relative Bed Stability-bankfull: Dgm/Dcb) (PRK 1999),INTERPRETATION,,,,Single metadata definition,phab,1,1
1819,phab_LRBS_G08,LRBS_G08,Physical Habitat,NRSA 1819 Physical Habitat Larger Set of Metrics,Log10(Relative Bed Stability-bankfull: Dgm/Dcb) (PRK 2008),INTERPRETATION,,,,Single metadata definition,phab,1,1
1819,phab_LRBS_TST,LRBS_TST,Physical Habitat,NRSA 1819 Physical Habitat Larger Set of Metrics,Log10(Relative Bed Stability-bankfull: Dgm/Dcb) -- Quick Estimate,INTERPRETATION,,,,Single metadata definition,phab,1,1
1819,phab_LRBS_use,LRBS_use,Physical Habitat,NRSA 1819 Physical Habitat Larger Set of Metrics,Log10(Relative Bed Stability-bankfull: Dgm/Dcb) (PRK 2008) LRBS_g08 with some substitutions,INTERPRETATION,,,,Single metadata definition,phab,1,1
1819,phab_LSUB_DMM,LSUB_DMM,Physical Habitat,NRSA 1819 Physical Habitat Larger Set of Metrics,Log10(Dgm--Geometric Mean Bed Surface Particle Diameter--mm)),INTERPRETATION,,,,Single metadata definition,phab,1,1
1819,phab_LSUB_DMM_NOR,LSUB_DMM_NOR,Physical Habitat,NRSA 1819 Physical Habitat Larger Set of Metrics,"Log10(Dgm--Geom.Mean Bed Surf.Particle Diam,exclude Bdrk+hardpan--mm)",INTERPRETATION,,,,Single metadata definition,phab,1,1
1819,phab_LSUBD_SD,LSUBD_SD,Physical Habitat,NRSA 1819 Physical Habitat Larger Set of Metrics,StdDev{Log10(Dgm--Geometric Mean Bed Surface Particle Diameter--mm))},INTERPRETATION,,,,Single metadata definition,phab,1,1
1819,phab_LTEST,LTEST,Physical Habitat,NRSA 1819 Physical Habitat Larger Set of Metrics,Log10(Streambed Critical Diameter-at Bankfull - mm) -- Quick Estimate,INTERPRETATION,,,,Single metadata definition,phab,1,1
1819,phab_LWDeqVol_msq,LWDeqVol_msq,Physical Habitat,NRSA 1819 Physical Habitat Larger Set of Metrics,"Wood Vol (m3/m2 in area fished--Wadeable=V2 reach, Boatable=V1 littoral)",INTERPRETATION,,,,Single metadata definition,phab,1,1
1819,phab_LWDeqVolM100,LWDeqVolM100,Physical Habitat,NRSA 1819 Physical Habitat Larger Set of Metrics,"Wood Vol (m3) per 100m channel (Wadeable=V2, Boatable=V1)",INTERPRETATION,,,,Single metadata definition,phab,1,1
1819,phab_MEDBK_A,MEDBK_A,Physical Habitat,NRSA 1819 Physical Habitat Larger Set of Metrics,Median Bank Angle (degrees),INTERPRETATION,,,,Single metadata definition,phab,1,1
1819,phab_MEDBKUN,MEDBKUN,Physical Habitat,NRSA 1819 Physical Habitat Larger Set of Metrics,Median Bank Undercut Distance (m),INTERPRETATION,,,,Single metadata definition,phab,1,1
1819,phab_PCAN_C,PCAN_C,Physical Habitat,NRSA 1819 Physical Habitat Larger Set of Metrics,Coniferous Canopy - proportion of reach,INTERPRETATION,,,,Single metadata definition,phab,1,1
1819,phab_PCAN_D,PCAN_D,Physical Habitat,NRSA 1819 Physical Habitat Larger Set of Metrics,Broadleaf Deciduous Canopy - proportion of reach,INTERPRETATION,,,,Single metadata definition,phab,1,1
1819,phab_PCAN_E,PCAN_E,Physical Habitat,NRSA 1819 Physical Habitat Larger Set of Metrics,Broadleaf Evergreen Canopy - proportion of reach,INTERPRETATION,,,,Single metadata definition,phab,1,1
1819,phab_PCAN_M,PCAN_M,Physical Habitat,NRSA 1819 Physical Habitat Larger Set of Metrics,Mixed Coniferous-Broadleaf Canopy - proportion of reach,INTERPRETATION,,,,Single metadata definition,phab,1,1
1819,phab_PCAN_N,PCAN_N,Physical Habitat,NRSA 1819 Physical Habitat Larger Set of Metrics,Canopy Absent - proportion of reach,INTERPRETATION,,,,Single metadata definition,phab,1,1
1819,phab_PCT_BDRK,PCT_BDRK,Physical Habitat,NRSA 1819 Physical Habitat Larger Set of Metrics,Bed Surface % Bedrock (>4000mm),INTERPRETATION,,,,Single metadata definition,phab,1,1
1819,phab_PCT_BH,PCT_BH,Physical Habitat,NRSA 1819 Physical Habitat Larger Set of Metrics,Bed Surface % Bedrock + Hardpan (>4000mm) | Bed Surface % Bedrock + Hardpan,INTERPRETATION,,,,Multiple protocol-specific labels — see Metadata Detail,phab,1,4
1819,phab_PCT_BIGR,PCT_BIGR,Physical Habitat,NRSA 1819 Physical Habitat Larger Set of Metrics,Bed Surface % Larger than Gravel (>64mm),INTERPRETATION,,,,Single metadata definition,phab,1,1
1819,phab_PCT_BL,PCT_BL,Physical Habitat,NRSA 1819 Physical Habitat Larger Set of Metrics,Bed Surface % Boulders (250-<1000mm),INTERPRETATION,,,,Single metadata definition,phab,1,1
1819,phab_PCT_CB,PCT_CB,Physical Habitat,NRSA 1819 Physical Habitat Larger Set of Metrics,Bed Surface % Cobbles (64-<250mm),INTERPRETATION,,,,Single metadata definition,phab,1,1
1819,phab_PCT_DR,PCT_DR,Physical Habitat,NRSA 1819 Physical Habitat Larger Set of Metrics,Percent of Reach Length that is Dry,INTERPRETATION,,,,Single metadata definition,phab,1,1
1819,phab_pct_DRS,pct_DRS,Physical Habitat,NRSA 1819 Physical Habitat Larger Set of Metrics,Percent of Reach dry or submerged flow,INTERPRETATION,,,,Single metadata definition,phab,1,1
1819,phab_PCT_FA,PCT_FA,Physical Habitat,NRSA 1819 Physical Habitat Larger Set of Metrics,Percent of reach as Falls Habitat,INTERPRETATION,,,,Single metadata definition,phab,1,1
1819,phab_PCT_FAST,PCT_FAST,Physical Habitat,NRSA 1819 Physical Habitat Larger Set of Metrics,Percent Fast Water Habitat,INTERPRETATION,,,,Single metadata definition,phab,1,1
1819,phab_PCT_FN,PCT_FN,Physical Habitat,NRSA 1819 Physical Habitat Larger Set of Metrics,Bed Surface % Fines <0.06mm,INTERPRETATION,,,,Single metadata definition,phab,1,1
1819,phab_PCT_GC,PCT_GC,Physical Habitat,NRSA 1819 Physical Habitat Larger Set of Metrics,Bed Surface % Coarse Gravel (16-<64mm),INTERPRETATION,,,,Single metadata definition,phab,1,1
1819,phab_PCT_GF,PCT_GF,Physical Habitat,NRSA 1819 Physical Habitat Larger Set of Metrics,Bed Surface % Fine Gravel (2.0-<16mm),INTERPRETATION,,,,Single metadata definition,phab,1,1
1819,phab_PCT_GL,PCT_GL,Physical Habitat,NRSA 1819 Physical Habitat Larger Set of Metrics,Percent of reach with Glide Habitat,INTERPRETATION,,,,Single metadata definition,phab,1,1
1819,phab_PCT_GR,PCT_GR,Physical Habitat,NRSA 1819 Physical Habitat Larger Set of Metrics,Bed Surface % Gravel (2.0-<64mm),INTERPRETATION,,,,Single metadata definition,phab,1,1
1819,phab_PCT_HP,PCT_HP,Physical Habitat,NRSA 1819 Physical Habitat Larger Set of Metrics,Bed Surface % Hardpan (>4000mm),INTERPRETATION,,,,Single metadata definition,phab,1,1
1819,phab_PCT_OM,PCT_OM,Physical Habitat,NRSA 1819 Physical Habitat Larger Set of Metrics,Bed Surface % Organic Matter--- *** see PCT_ORG,INTERPRETATION,,,,Single metadata definition,phab,1,1
1819,phab_PCT_ORG,PCT_ORG,Physical Habitat,NRSA 1819 Physical Habitat Larger Set of Metrics,Bed Surface % Organic Matter --- *** see PCT_OM,INTERPRETATION,,,,Single metadata definition,phab,1,1
1819,phab_PCT_OT,PCT_OT,Physical Habitat,NRSA 1819 Physical Habitat Larger Set of Metrics,Bed Surface % Other,INTERPRETATION,,,,Single metadata definition,phab,1,1
1819,phab_PCT_OVRB,PCT_OVRB,Physical Habitat,NRSA 1819 Physical Habitat Larger Set of Metrics,Can you see over riverbank? % YES,INTERPRETATION,,,,Single metadata definition,phab,1,1
1819,phab_PCT_POOL,PCT_POOL,Physical Habitat,NRSA 1819 Physical Habitat Larger Set of Metrics,Percent of reach with Pool,INTERPRETATION,,,,Single metadata definition,phab,1,1
1819,phab_PCT_RC,PCT_RC,Physical Habitat,NRSA 1819 Physical Habitat Larger Set of Metrics,Bed Surface % Concrete or Asphalt,INTERPRETATION,,,,Single metadata definition,phab,1,1
1819,phab_PCT_RR,PCT_RR,Physical Habitat,NRSA 1819 Physical Habitat Larger Set of Metrics,Bed Surface % Rough Bedrock (>4000mm),INTERPRETATION,,,,Single metadata definition,phab,1,1
1819,phab_PCT_RS,PCT_RS,Physical Habitat,NRSA 1819 Physical Habitat Larger Set of Metrics,Bed Surface % Smooth Bedrock (>4000mm),INTERPRETATION,,,,Single metadata definition,phab,1,1
1819,phab_PCT_SA,PCT_SA,Physical Habitat,NRSA 1819 Physical Habitat Larger Set of Metrics,Bed Surface % Sand 0.06-<2.0mm),INTERPRETATION,,,,Single metadata definition,phab,1,1
1819,phab_PCT_SAFN,PCT_SAFN,Physical Habitat,NRSA 1819 Physical Habitat Larger Set of Metrics,Bed Surface Percent Sand or smaller (<2.0mm),INTERPRETATION,,,,Single metadata definition,phab,1,1
1819,phab_PCT_SB,PCT_SB,Physical Habitat,NRSA 1819 Physical Habitat Larger Set of Metrics,Bed Surface % Small Boulders (250-<1000mm),INTERPRETATION,,,,Single metadata definition,phab,1,1
1819,phab_PCT_SFG,PCT_SFG,Physical Habitat,NRSA 1819 Physical Habitat Larger Set of Metrics,Bed surface coarse gravel or smaller (<64mm) (PCT_SA + PCT_FN + PCT_GR) | Bed surface coarse gravel or smaller (<64mm) (PCT_SFGF + PCT_GC) | Bed Surface Gravel or smaller (<64mm),INTERPRETATION,,,,Multiple protocol-specific labels — see Metadata Detail,phab,1,4
1819,phab_PCT_SFGF,PCT_SFGF,Physical Habitat,NRSA 1819 Physical Habitat Larger Set of Metrics,Bed Surface Fine Gravel or smaller (<16mm),INTERPRETATION,,,,Single metadata definition,phab,1,1
1819,phab_PCT_SIDE,PCT_SIDE,Physical Habitat,NRSA 1819 Physical Habitat Larger Set of Metrics,Percent of reach with side Channels/Bkwtrs,INTERPRETATION,,,,Single metadata definition,phab,1,1
1819,phab_PCT_SLOW,PCT_SLOW,Physical Habitat,NRSA 1819 Physical Habitat Larger Set of Metrics,Percent of reach with Pool or Glide Habitat,INTERPRETATION,,,,Single metadata definition,phab,1,1
1819,phab_PCT_WD,PCT_WD,Physical Habitat,NRSA 1819 Physical Habitat Larger Set of Metrics,Bed Surface % Wood,INTERPRETATION,,,,Single metadata definition,phab,1,1
1819,phab_PCT_XB,PCT_XB,Physical Habitat,NRSA 1819 Physical Habitat Larger Set of Metrics,Bed Surface % Large Boulders (1000-<4000mm),INTERPRETATION,,,,Single metadata definition,phab,1,1
1819,phab_PCTCLINOMETER,PCTCLINOMETER,Physical Habitat,NRSA 1819 Physical Habitat Larger Set of Metrics,Percent of Slope measured with Clinometer,INTERPRETATION,,,,Single metadata definition,phab,1,1
1819,phab_PROTOCOL,PROTOCOL,Physical Habitat,NRSA 1819 Physical Habitat Larger Set of Metrics,Field Sampling Type Wadeable/Boatable/mixed,INTERPRETATION,,,,Single metadata definition,phab,1,1
1819,phab_QR1,QR1,Physical Habitat,NRSA 1819 Physical Habitat Larger Set of Metrics,Riparian Quality Index (Scaled 0 to 1):QR1=(QRVEG1*QRVEG2*QRDIST1)**(1/3) | Riparian Quality Index (Scaled XCMGW XCdenBK W1Hall 0-1),INTERPRETATION,,,,Multiple protocol-specific labels — see Metadata Detail,phab,1,4
1819,phab_QRDIST1,QRDIST1,Physical Habitat,NRSA 1819 Physical Habitat Larger Set of Metrics,Riparian Disturbance index (1 - RDIST1) | Riparian Index: Lack of Disturbance (Scaled 0 to 1): QRDIST1=1/(1+w1_hall),INTERPRETATION,,,,Multiple protocol-specific labels — see Metadata Detail,phab,1,4
1819,phab_QRVeg1,QRVeg1,Physical Habitat,NRSA 1819 Physical Habitat Larger Set of Metrics,Riparian Veg Quality Index--Scaled XCMGW: QRVeg1=.1+(.9*(xcmgw/2.00)),INTERPRETATION,,,,Single metadata definition,phab,1,1
1819,phab_QRVeg2,QRVeg2,Physical Habitat,NRSA 1819 Physical Habitat Larger Set of Metrics,Riparian Veg Quality Index--Scaled XCDENBK: QRVeg2=.1+(0.9*(xcdenbk/100)),INTERPRETATION,,,,Single metadata definition,phab,1,1
1819,phab_RDIST1,RDIST1,Physical Habitat,NRSA 1819 Physical Habitat Larger Set of Metrics,Riparian Disturbance index (scaled W1_Hall 0-1) | Riparian Disturbance index--scaled W1_Hall (0 to 1): RDIST1=1-(1/(1+w1_hall)),INTERPRETATION,,,,Multiple protocol-specific labels — see Metadata Detail,phab,1,4
1819,phab_REACHLEN,REACHLEN,Physical Habitat,NRSA 1819 Physical Habitat Larger Set of Metrics,Sample Reach Length (m),INTERPRETATION,,,,Single metadata definition,phab,1,1
1819,phab_REALM,REALM,Physical Habitat,NRSA 1819 Physical Habitat Larger Set of Metrics,Type of Site for PHab: Wadeable or Boatable Method,INTERPRETATION,,,,Same label appears for multiple sample/record types,phab,1,4
1819,phab_RP100,RP100,Physical Habitat,NRSA 1819 Physical Habitat Larger Set of Metrics,Mean Residual Depth at thalweg (cm),INTERPRETATION,,,,Single metadata definition,phab,1,1
1819,phab_RP100_cm,RP100_cm,Physical Habitat,NRSA 1819 Physical Habitat Larger Set of Metrics,Mean Residual Depth at thalweg (cm),INTERPRETATION,,,,Single metadata definition,phab,1,1
1819,phab_RPGT50,RPGT50,Physical Habitat,NRSA 1819 Physical Habitat Larger Set of Metrics,Residual Pools >50cm res-depth (number/reach),INTERPRETATION,,,,Single metadata definition,phab,1,1
1819,phab_RPGT75,RPGT75,Physical Habitat,NRSA 1819 Physical Habitat Larger Set of Metrics,Residual Pools >75cm res-depth (number/reach),INTERPRETATION,,,,Single metadata definition,phab,1,1
1819,phab_RPMXDEP,RPMXDEP,Physical Habitat,NRSA 1819 Physical Habitat Larger Set of Metrics,Maximum residual Depth (___),INTERPRETATION,,,,Single metadata definition,phab,1,1
1819,phab_RPMXDEP_CM,RPMXDEP_CM,Physical Habitat,NRSA 1819 Physical Habitat Larger Set of Metrics,"Maximum residual depth in reach (cm), converted from raw data in m | Maximum residual depth in reach (cm) | Maximum residual Depth in reach (cm)",INTERPRETATION,,,,Multiple protocol-specific labels — see Metadata Detail,phab,1,4
1819,phab_RpRat,RpRat,Physical Habitat,NRSA 1819 Physical Habitat Larger Set of Metrics,Residual Depth proportion (RP100/XDepth_cm),INTERPRETATION,,,,Single metadata definition,phab,1,1
1819,phab_RPXDEP,RPXDEP,Physical Habitat,NRSA 1819 Physical Habitat Larger Set of Metrics,Mean maximum depth of residual Pools in reach (__),INTERPRETATION,,,,Single metadata definition,phab,1,1
1819,phab_RPXDEP_CM,RPXDEP_CM,Physical Habitat,NRSA 1819 Physical Habitat Larger Set of Metrics,"Mean maximum depth of residual Pools in reach (cm) | Mean residual pool depth in reach (cm/pool) | Mean residual pool depth in reach (cm/pool), converted from raw data in m",INTERPRETATION,,,,Multiple protocol-specific labels — see Metadata Detail,phab,1,4
1819,phab_SDDEPTH,SDDEPTH,Physical Habitat,NRSA 1819 Physical Habitat Larger Set of Metrics,Std Dev. of Thalweg Depth (cm),INTERPRETATION,,,,Single metadata definition,phab,1,1
1819,phab_SDDEPTH_CM,SDDEPTH_CM,Physical Habitat,NRSA 1819 Physical Habitat Larger Set of Metrics,"Std deviation of thalweg depth (cm), converted from raw data in m | Std deviation of thalweg depth (cm) | Std Dev. of Thalweg Depth (cm)",INTERPRETATION,,,,Multiple protocol-specific labels — see Metadata Detail,phab,1,4
1819,phab_SDINC_H,SDINC_H,Physical Habitat,NRSA 1819 Physical Habitat Larger Set of Metrics,Std Dev of Terrace Height above water level,INTERPRETATION,,,,Single metadata definition,phab,1,1
1819,phab_SDWD_RAT,SDWD_RAT,Physical Habitat,NRSA 1819 Physical Habitat Larger Set of Metrics,Std Dev of Wetted Width-Depth Ratio,INTERPRETATION,,,,Single metadata definition,phab,1,1
1819,phab_SDWIDTH,SDWIDTH,Physical Habitat,NRSA 1819 Physical Habitat Larger Set of Metrics,Std Dev of Wetted Width (m),INTERPRETATION,,,,Single metadata definition,phab,1,1
1819,phab_SDWXD,SDWXD,Physical Habitat,NRSA 1819 Physical Habitat Larger Set of Metrics,Std Dev of Wetted Width x Thalweg Depth (m2),INTERPRETATION,,,,Single metadata definition,phab,1,1
1819,phab_SINU,SINU,Physical Habitat,NRSA 1819 Physical Habitat Larger Set of Metrics,Sinuosity of sample reach,INTERPRETATION,,,,Single metadata definition,phab,1,1
1819,phab_SITE_ID,SITE_ID,Physical Habitat,NRSA 1819 Physical Habitat Larger Set of Metrics,"Site ID for the study and year sampled. Preferred form is NRSnn_MM-xxxxx where nn is current cycle year (04, 08, 13, 18, etc), MM is two letter state code, and xxxxx is between 10001 and 99999. Text. No missing values allowed. | Site ID",DESIGN | VERIF,,,,Multiple protocol-specific labels — see Metadata Detail,phab,16,2
1819,phab_STATE,STATE,Physical Habitat,NRSA 1819 Physical Habitat Larger Set of Metrics,State of site,VERIF,,,,Single metadata definition,phab,13,1
1819,phab_SURVEY_YRS,SURVEY_YRS,Physical Habitat,NRSA 1819 Physical Habitat Larger Set of Metrics,"NARS Survey Years (eg, 0809, 1314, 1819)",INTERPRETATION,,,,Single metadata definition,phab,1,1
1819,phab_UID,UID,Physical Habitat,NRSA 1819 Physical Habitat Larger Set of Metrics,Unique site visit ID,,,,,Same label appears for multiple sample/record types,phab,15,3
1819,phab_UNIQUE_ID,UNIQUE_ID,Physical Habitat,NRSA 1819 Physical Habitat Larger Set of Metrics,Unique site ID based on location that does not depend on year sampled or any other factor. Form is NRS_ss_nnnnn where ss state and nnnnn is number that starts at 10001. No missing values allowed.,,,,,Single metadata definition,phab,7,1
1819,phab_V1W_MSQ,V1W_MSQ,Physical Habitat,NRSA 1819 Physical Habitat Larger Set of Metrics,Bankfull Channel Wood Volume (m3/m2) Size=T+S+M+L+X (EPA/620/R-99/003 p53),INTERPRETATION,,,,Single metadata definition,phab,1,1
1819,phab_V1WM100,V1WM100,Physical Habitat,NRSA 1819 Physical Habitat Larger Set of Metrics,Bankfull Channel Wood Volume (m3/100m) Size=T+S+M+L+X (EPA/620/R-99/003 p53),INTERPRETATION,,,,Single metadata definition,phab,1,1
1819,phab_V2W_MSQ,V2W_MSQ,Physical Habitat,NRSA 1819 Physical Habitat Larger Set of Metrics,Bankfull Channel Wood Volume (m3/m2) Size=S+M+L+X (EPA/620/R-99/003 p53),INTERPRETATION,,,,Single metadata definition,phab,1,1
1819,phab_V2WM100,V2WM100,Physical Habitat,NRSA 1819 Physical Habitat Larger Set of Metrics,Bankfull Channel Wood Volume (m3/100m) Size=S+M+L+X (EPA/620/R-99/003 p53),INTERPRETATION,,,,Single metadata definition,phab,1,1
1819,phab_V4W_MSQ,V4W_MSQ,Physical Habitat,NRSA 1819 Physical Habitat Larger Set of Metrics,Bankfull Channel Wood Volume (m3/m2) Size=L+X (EPA/620/R-99/003 p53),INTERPRETATION,,,,Single metadata definition,phab,1,1
1819,phab_V4WM100,V4WM100,Physical Habitat,NRSA 1819 Physical Habitat Larger Set of Metrics,Bankfull Channel Wood Volume (m3/100m) Size=L+X (EPA/620/R-99/003 p53),INTERPRETATION,,,,Single metadata definition,phab,1,1
1819,phab_VISIT_NO,VISIT_NO,Physical Habitat,NRSA 1819 Physical Habitat Larger Set of Metrics,Number identifying which visit this is,VERIF,|1|2,,,Single metadata definition,phab,15,1
1819,phab_W1_HAG,W1_HAG,Physical Habitat,NRSA 1819 Physical Habitat Larger Set of Metrics,Human Agricultural Influence Index(distance-wtd tally of types & presence),INTERPRETATION,,,,Single metadata definition,phab,1,1
1819,phab_W1_HALL,W1_HALL,Physical Habitat,NRSA 1819 Physical Habitat Larger Set of Metrics,Human Disturbance Index(distance-wtd tally of types and presence),INTERPRETATION,,,,Single metadata definition,phab,1,1
1819,phab_W1_HNOAG,W1_HNOAG,Physical Habitat,NRSA 1819 Physical Habitat Larger Set of Metrics,Human Non-Agric. Disturb. Index (distance wtd tally of types & presence),INTERPRETATION,,,,Single metadata definition,phab,1,1
1819,phab_W1H_BLDG,W1H_BLDG,Physical Habitat,NRSA 1819 Physical Habitat Larger Set of Metrics,Near Stream Human Dist: Buildings (distance-wtd tally of presence),INTERPRETATION,,,,Single metadata definition,phab,1,1
1819,phab_W1H_CROP,W1H_CROP,Physical Habitat,NRSA 1819 Physical Habitat Larger Set of Metrics,Near Stream Human Dist: Row Crops (distance-wtd tally of presence),INTERPRETATION,,,,Single metadata definition,phab,1,1
1819,phab_W1H_LDFL,W1H_LDFL,Physical Habitat,NRSA 1819 Physical Habitat Larger Set of Metrics,Near Stream Human Dist: Trash/Landfill (distance-wtd tally of presence),INTERPRETATION,,,,Single metadata definition,phab,1,1
1819,phab_W1H_LOG,W1H_LOG,Physical Habitat,NRSA 1819 Physical Habitat Larger Set of Metrics,Near Stream Human Dist: Logging (distance-wtd tally of presence),INTERPRETATION,,,,Single metadata definition,phab,1,1
1819,phab_W1H_MINE,W1H_MINE,Physical Habitat,NRSA 1819 Physical Habitat Larger Set of Metrics,Near Stream Human Dist: Mining (distance-wtd tally of presence),INTERPRETATION,,,,Single metadata definition,phab,1,1
1819,phab_W1H_PARK,W1H_PARK,Physical Habitat,NRSA 1819 Physical Habitat Larger Set of Metrics,Near Stream Human Dist: Park/Lawn (distance-wtd tally of presence),INTERPRETATION,,,,Single metadata definition,phab,1,1
1819,phab_W1H_PIPE,W1H_PIPE,Physical Habitat,NRSA 1819 Physical Habitat Larger Set of Metrics,Near Stream Human Dist: Pipe influent/effluent (distance-wtd tally of presence),INTERPRETATION,,,,Single metadata definition,phab,1,1
1819,phab_W1H_PSTR,W1H_PSTR,Physical Habitat,NRSA 1819 Physical Habitat Larger Set of Metrics,Near Stream Human Dist: Pasture/Hayfield (distance-wtd tally of presence),INTERPRETATION,,,,Single metadata definition,phab,1,1
1819,phab_W1H_PVMT,W1H_PVMT,Physical Habitat,NRSA 1819 Physical Habitat Larger Set of Metrics,Near Stream Human Dist: Pavement/parking lot(distance-wtd tally of presence),INTERPRETATION,,,,Single metadata definition,phab,1,1
1819,phab_W1H_ROAD,W1H_ROAD,Physical Habitat,NRSA 1819 Physical Habitat Larger Set of Metrics,Near Stream Human Dist: Road/Railroad (distance-wtd tally of presence),INTERPRETATION,,,,Single metadata definition,phab,1,1
1819,phab_W1H_WALL,W1H_WALL,Physical Habitat,NRSA 1819 Physical Habitat Larger Set of Metrics,Near Stream Human Dist: Walls/dikes/revetments(distance-wtd tally of presence),INTERPRETATION,,,,Single metadata definition,phab,1,1
1819,phab_XBEARING,XBEARING,Physical Habitat,NRSA 1819 Physical Habitat Larger Set of Metrics,Compass Bearing Sighted upstream (Degrees),INTERPRETATION,,,,Single metadata definition,phab,1,1
1819,phab_XBKA,XBKA,Physical Habitat,NRSA 1819 Physical Habitat Larger Set of Metrics,Bank Angle (mean degrees),INTERPRETATION,,,,Single metadata definition,phab,1,1
1819,phab_XBKF_H,XBKF_H,Physical Habitat,NRSA 1819 Physical Habitat Larger Set of Metrics,Mean Bankfull Height above wetted channel (m),INTERPRETATION,,,,Single metadata definition,phab,1,1
1819,phab_XBKF_W,XBKF_W,Physical Habitat,NRSA 1819 Physical Habitat Larger Set of Metrics,Mean Bankfull Width (m),INTERPRETATION,,,,Single metadata definition,phab,1,1
1819,phab_XC,XC,Physical Habitat,NRSA 1819 Physical Habitat Larger Set of Metrics,Canopy Mean Areal Cover proportion,INTERPRETATION,,,,Single metadata definition,phab,1,1
1819,phab_XCDENBK,XCDENBK,Physical Habitat,NRSA 1819 Physical Habitat Larger Set of Metrics,Canopy Density at bank (mean percent),INTERPRETATION,,,,Single metadata definition,phab,1,1
1819,phab_XCDENMID,XCDENMID,Physical Habitat,NRSA 1819 Physical Habitat Larger Set of Metrics,Canopy Density at mid-channel (mean percent),INTERPRETATION,,,,Single metadata definition,phab,1,1
1819,phab_XCEMBED,XCEMBED,Physical Habitat,NRSA 1819 Physical Habitat Larger Set of Metrics,Embeddedness Center of Channel (Mean % wetted streambed),INTERPRETATION,,,,Single metadata definition,phab,1,1
1819,phab_XCL,XCL,Physical Habitat,NRSA 1819 Physical Habitat Larger Set of Metrics,Large diameter (Dbh>0.3m) Tree Canopy Areal Cover proportion,INTERPRETATION,,,,Single metadata definition,phab,1,1
1819,phab_XCM,XCM,Physical Habitat,NRSA 1819 Physical Habitat Larger Set of Metrics,Sum of Canopy+Mid layer vegetation areal cover proportion,INTERPRETATION,,,,Single metadata definition,phab,1,1
1819,phab_XCMG,XCMG,Physical Habitat,NRSA 1819 Physical Habitat Larger Set of Metrics,Sum of Canopy+Mid+Ground layer areal cover proportion,INTERPRETATION,,,,Single metadata definition,phab,1,1
1819,phab_XCMGW,XCMGW,Physical Habitat,NRSA 1819 Physical Habitat Larger Set of Metrics,Sum of Woody Canopy+Mid+Ground layer areal cover proportion,INTERPRETATION,,,,Single metadata definition,phab,1,1
1819,phab_XCMW,XCMW,Physical Habitat,NRSA 1819 Physical Habitat Larger Set of Metrics,Sum of Woody Canopy+Mid layer vegetation areal cover proportion,INTERPRETATION,,,,Single metadata definition,phab,1,1
1819,phab_XCS,XCS,Physical Habitat,NRSA 1819 Physical Habitat Larger Set of Metrics,Small diameter (Dbh<0.3m) Tree Canopy Areal Cover proportion,INTERPRETATION,,,,Single metadata definition,phab,1,1
1819,phab_XDEPTH,XDEPTH,Physical Habitat,NRSA 1819 Physical Habitat Larger Set of Metrics,Mean thalweg depth,INTERPRETATION,,,,Single metadata definition,phab,1,1
1819,phab_XDEPTH_CM,XDEPTH_CM,Physical Habitat,NRSA 1819 Physical Habitat Larger Set of Metrics,"Mean thalweg depth (cm), converted from raw data in m | Mean thalweg depth (cm)",INTERPRETATION,,,,Multiple protocol-specific labels — see Metadata Detail,phab,1,4
1819,phab_XEMBED,XEMBED,Physical Habitat,NRSA 1819 Physical Habitat Larger Set of Metrics,Mean streambed embeddedness (%),INTERPRETATION,,,,Single metadata definition,phab,1,1
1819,phab_XFC_ALG,XFC_ALG,Physical Habitat,NRSA 1819 Physical Habitat Larger Set of Metrics,Instream Cover: Filamentous algae (areal proportion),INTERPRETATION,,,,Single metadata definition,phab,1,1
1819,phab_XFC_ALL,XFC_ALL,Physical Habitat,NRSA 1819 Physical Habitat Larger Set of Metrics,Instream Cover Sum: All except algae and aquatic macrophytes (areal proportion),INTERPRETATION,,,,Single metadata definition,phab,1,1
1819,phab_XFC_AQM,XFC_AQM,Physical Habitat,NRSA 1819 Physical Habitat Larger Set of Metrics,Instream Cover: Aquatic macrophytes (areal proportion),INTERPRETATION,,,,Single metadata definition,phab,1,1
1819,phab_XFC_BIG,XFC_BIG,Physical Habitat,NRSA 1819 Physical Habitat Larger Set of Metrics,"Instream Cover Sum: wood, boulders, over-hang banks, human structures (areal proportion)",INTERPRETATION,,,,Single metadata definition,phab,1,1
1819,phab_XFC_BRS,XFC_BRS,Physical Habitat,NRSA 1819 Physical Habitat Larger Set of Metrics,Instream Cover: Brush (areal proportion),INTERPRETATION,,,,Single metadata definition,phab,1,1
1819,phab_XFC_HUM,XFC_HUM,Physical Habitat,NRSA 1819 Physical Habitat Larger Set of Metrics,Instream Cover: Anthropogenic Structures/Trash (areal proportion),INTERPRETATION,,,,Single metadata definition,phab,1,1
1819,phab_XFC_LVT,XFC_LVT,Physical Habitat,NRSA 1819 Physical Habitat Larger Set of Metrics,Instream Cover: Live Trees (areal proportion),INTERPRETATION,,,,Single metadata definition,phab,1,1
1819,phab_XFC_LWD,XFC_LWD,Physical Habitat,NRSA 1819 Physical Habitat Larger Set of Metrics,Instream Cover: Large woody debris (areal proportion),INTERPRETATION,,,,Single metadata definition,phab,1,1
1819,phab_XFC_NAT,XFC_NAT,Physical Habitat,NRSA 1819 Physical Habitat Larger Set of Metrics,Instream Cover Sum: non-anthropogenic cover types (areal proportion),INTERPRETATION,,,,Single metadata definition,phab,1,1
1819,phab_XFC_OHV,XFC_OHV,Physical Habitat,NRSA 1819 Physical Habitat Larger Set of Metrics,Instream Cover: Overhanging Vegetation <1m above surface (areal proportion),INTERPRETATION,,,,Single metadata definition,phab,1,1
1819,phab_XFC_RCK,XFC_RCK,Physical Habitat,NRSA 1819 Physical Habitat Larger Set of Metrics,Instream Cover: Rocks and Ledges (areal proportion),INTERPRETATION,,,,Single metadata definition,phab,1,1
1819,phab_XFC_UCB,XFC_UCB,Physical Habitat,NRSA 1819 Physical Habitat Larger Set of Metrics,Instream Cover: Overhanging Banks (areal proportion),INTERPRETATION,,,,Single metadata definition,phab,1,1
1819,phab_XG,XG,Physical Habitat,NRSA 1819 Physical Habitat Larger Set of Metrics,Same as XGveg?,INTERPRETATION,,,,Single metadata definition,phab,1,1
1819,phab_XGB,XGB,Physical Habitat,NRSA 1819 Physical Habitat Larger Set of Metrics,Barren ground layer areal cover,INTERPRETATION,,,,Single metadata definition,phab,1,1
1819,phab_XGH,XGH,Physical Habitat,NRSA 1819 Physical Habitat Larger Set of Metrics,Non-woody ground layer areal cover,INTERPRETATION,,,,Single metadata definition,phab,1,1
1819,phab_XGveg,XGveg,Physical Habitat,NRSA 1819 Physical Habitat Larger Set of Metrics,Ground layer Vegetated areal cover,INTERPRETATION,,,,Single metadata definition,phab,1,1
1819,phab_XGW,XGW,Physical Habitat,NRSA 1819 Physical Habitat Larger Set of Metrics,Woody ground layer areal cover,INTERPRETATION,,,,Single metadata definition,phab,1,1
1819,phab_XINC_H,XINC_H,Physical Habitat,NRSA 1819 Physical Habitat Larger Set of Metrics,Terrace Height above water level (m),INTERPRETATION,,,,Single metadata definition,phab,1,1
1819,phab_XM,XM,Physical Habitat,NRSA 1819 Physical Habitat Larger Set of Metrics,Mid-Layer areal cover,INTERPRETATION,,,,Single metadata definition,phab,1,1
1819,phab_XMH,XMH,Physical Habitat,NRSA 1819 Physical Habitat Larger Set of Metrics,Mid-Layer Herbaceous areal cover,INTERPRETATION,,,,Single metadata definition,phab,1,1
1819,phab_XMW,XMW,Physical Habitat,NRSA 1819 Physical Habitat Larger Set of Metrics,Mid-Layer Woody areal cover,INTERPRETATION,,,,Single metadata definition,phab,1,1
1819,phab_XPCAN,XPCAN,Physical Habitat,NRSA 1819 Physical Habitat Larger Set of Metrics,Canopy Presence: proportion of reach,INTERPRETATION,,,,Single metadata definition,phab,1,1
1819,phab_XPCM,XPCM,Physical Habitat,NRSA 1819 Physical Habitat Larger Set of Metrics,Canopy+Mid-layer Presence: proportion of reach,INTERPRETATION,,,,Single metadata definition,phab,1,1
1819,phab_XPCMG,XPCMG,Physical Habitat,NRSA 1819 Physical Habitat Larger Set of Metrics,Canopy+Mid+Ground-layer Presence: proportion of reach,INTERPRETATION,,,,Single metadata definition,phab,1,1
1819,phab_XPMGW,XPMGW,Physical Habitat,NRSA 1819 Physical Habitat Larger Set of Metrics,Woody Canopy+Mid+Ground-layer Presence: proportion of reach,INTERPRETATION,,,,Single metadata definition,phab,1,1
1819,phab_XPMID,XPMID,Physical Habitat,NRSA 1819 Physical Habitat Larger Set of Metrics,Mid-layer Presence: proportion of reach,INTERPRETATION,,,,Single metadata definition,phab,1,1
1819,phab_XSHOR2VG,XSHOR2VG,Physical Habitat,NRSA 1819 Physical Habitat Larger Set of Metrics,Distance (m) from shoreline to vegetation Boatable only,INTERPRETATION,,,,Single metadata definition,phab,1,1
1819,phab_XSLOPE,XSLOPE,Physical Habitat,NRSA 1819 Physical Habitat Larger Set of Metrics,Mean Slope of water surface (%),INTERPRETATION,,,,Single metadata definition,phab,1,1
1819,phab_XSLOPE_FIELD,XSLOPE_FIELD,Physical Habitat,NRSA 1819 Physical Habitat Larger Set of Metrics,Mean Slope of water surface-Field measurement (%),INTERPRETATION,,,,Single metadata definition,phab,1,1
1819,phab_XSLOPE_MAP,XSLOPE_MAP,Physical Habitat,NRSA 1819 Physical Habitat Larger Set of Metrics,Mean Slope of water surface-Map-derived measurement (%),INTERPRETATION,,,,Single metadata definition,phab,1,1
1819,phab_XSLOPE_use,XSLOPE_use,Physical Habitat,NRSA 1819 Physical Habitat Larger Set of Metrics,Mean Slope of water surface-used used in assessment (%),INTERPRETATION,,,,Single metadata definition,phab,1,1
1819,phab_XUN,XUN,Physical Habitat,NRSA 1819 Physical Habitat Larger Set of Metrics,Mean bank undercut distance (m),INTERPRETATION,,,,Single metadata definition,phab,1,1
1819,phab_XWD_RAT,XWD_RAT,Physical Habitat,NRSA 1819 Physical Habitat Larger Set of Metrics,Mean Wetted Width/Thalweg Depth ratio,INTERPRETATION,,,,Single metadata definition,phab,1,1
1819,phab_XWIDTH,XWIDTH,Physical Habitat,NRSA 1819 Physical Habitat Larger Set of Metrics,Mean Wetted Width (m),INTERPRETATION,,,,Single metadata definition,phab,1,1
1819,phab_XWXD,XWXD,Physical Habitat,NRSA 1819 Physical Habitat Larger Set of Metrics,Mean Wetted Width x Thalweg depth (m2),INTERPRETATION,,,,Single metadata definition,phab,1,1
1819,phab_YEAR,YEAR,Physical Habitat,NRSA 1819 Physical Habitat Larger Set of Metrics,Year of sampling,VERIF,,,,Single metadata definition,phab,3,1
1819,siteinfo_AG_ECO3,AG_ECO3,Site Information,NRSA 1819 Site Information,"NARS 3-level reporting region (2015), based on aggregating AGGR_ECO9_2015 reporting regions | NARS 3-level reporting region (2015), based on aggregating AG_ECO9 reporting regions. No missing or \blank\"" values allowed.""",DESIGN,EHIGH|PLNLOW|WMTNS | EHIGH|PLNLOW|WMTNS |,,,Multiple protocol-specific labels — see Metadata Detail,siteinfo,2,2
1819,siteinfo_AG_ECO3_NM,AG_ECO3_NM,Site Information,NRSA 1819 Site Information,"NARS 3-level reporting region Name | NARS 3-level reporting region name. No missing or \blank\"" values allowed.""",DESIGN,Text names | Eastern Highlands | Plains and Lowlands | West |,,,Multiple protocol-specific labels — see Metadata Detail,siteinfo,1,2
1819,siteinfo_AG_ECO9,AG_ECO9,Site Information,NRSA 1819 Site Information,"NARS 9-level reporting region (2015), based on aggregated Omernik Level III ecoregions | NARS 9-level reporting region, based on aggregated Omernik Level III ecoregions. No missing or \blank\"" values allowed.""",DESIGN,CPL|NAP|NPL|SAP|SPL|TPL|UMW|WMT|XER | CPL|NAP|NPL|SAP|SPL|TPL|UMW|WMT|XER |,,,Multiple protocol-specific labels — see Metadata Detail,siteinfo,11,2
1819,siteinfo_AG_ECO9_NM,AG_ECO9_NM,Site Information,NRSA 1819 Site Information,"NARS 9-level reporting region Name | NARS 9-level reporting region name. No missing or \blank\"" values allowed.""",DESIGN,Text names | Coastal Plains | Northern Appalachians | Northern Plains | Southern Appalachians | Southern Plains | Temperate Plains | Upper Midwest | Western Mountains | Xeric |,,,Multiple protocol-specific labels — see Metadata Detail,siteinfo,1,2
1819,siteinfo_BORD_RIV,BORD_RIV,Site Information,NRSA 1819 Site Information,"Reach occurs on state or country boundaries | State border river code. For a border river, value is two postal codes: MM:NN, where MM is one state code and NN is other state code. If not a border river, then value is \Not_Border\"". No missing or \""blank\"" values allowed.""",DESIGN,Text of two postal codes: MM:NN where MM is one state and NN is other state the river is on the border. Blank if not a border river,,,Multiple protocol-specific labels — see Metadata Detail,siteinfo,1,2
1819,siteinfo_CNTYNAME,CNTYNAME,Site Information,NRSA 1819 Site Information,"County name (source ESRI counties based on census 2010) | County name (source ESRI counties based on census 2010). No missing or \blank\"" values allowed.""",DESIGN,Text Names,,,Multiple protocol-specific labels — see Metadata Detail,siteinfo,1,2
1819,siteinfo_COMID,COMID,Site Information,NRSA 1819 Site Information,"NHD common identifier for NRSA sampling frame and subsequent designs. | NHDPlusV2 common identifier for NRSA sampling frame. No missing values allowed but it is possible that a few lakes may not be in sample frame if from a state study or are hand-picked lakes. In this case value is \0\"". No missing values allowed. COMID used for NRSA0809 through NRSA18-19; No longer used in NRSA23-24 and NHDPlusHR.""",DESIGN,Numeric,,,Multiple protocol-specific labels — see Metadata Detail,siteinfo,2,2
1819,siteinfo_DATE_COL,DATE_COL,Site Information,NRSA 1819 Site Information,Date of data collection in field,VERIF,,,,Single metadata definition,siteinfo,15,1
1819,siteinfo_DES_FTYPE,DES_FTYPE,Site Information,NRSA 1819 Site Information,"Design FTYPE created from FTYPE and other NHD-Plus features | NRSA design feature type (based on NHD feature type). Generally, no missing values allowed but it is possible that a few lakes may not be in sample frame if from a state study or are hand-picked lakes. In this case value is \None\"". No missing or \""blank\"" values allowed.""",DESIGN,,,,Multiple protocol-specific labels — see Metadata Detail,siteinfo,1,2
1819,siteinfo_DSGN_CYCLE,DSGN_CYCLE,Site Information,NRSA 1819 Site Information,NRSA survey design time period 2000-04| 2008-09 | 2013-14 | 2018-19 | etc. No missing values allowed.,DESIGN,2000-04| 2008-09|2013-14|2018-19|,,,Same label appears for multiple sample/record types,siteinfo,2,2
1819,siteinfo_ELEVATION,ELEVATION,Site Information,NRSA 1819 Site Information,"Elevation at Transect K | Elevation at Stream site (LAT_DD83, LON_DD83) from USGS elevation point query service (30 m elevation) http://ned.usgs.gov/epqs/ | Elevation at Stream site (LAT_DD83, LON_DD83) from USGS elevation point query service (30 m elevation) http://ned.usgs.gov/epqs/. May legitimately be negative. No missing or \blank\"" values allowed. Unit: meters"" | Elevation at Transect A",ASSESS | DESIGN | VERIF,Numeric; may legitimately be negative,,,Multiple protocol-specific labels — see Metadata Detail,siteinfo,1,4
1819,siteinfo_EPA_REG,EPA_REG,Site Information,NRSA 1819 Site Information,"EPA Region | EPA Region. No missing or \blank\"" values allowed.""",DESIGN,Region_1 | Region_2 | Region_3 | Region_4 | Region_5 | Region_6 | Region_7 | Region_8 | Region_9 | Region_10 | Region_01 | Region_02 | Region_03 | Region_04 | Region_05 | Region_06 | Region_07 | Region_08 | Region_09 | Region_10 |,,,Multiple protocol-specific labels — see Metadata Detail,siteinfo,10,2
1819,siteinfo_EVAL_CAT,EVAL_CAT,Site Information,NRSA 1819 Site Information,"NRSA site evaluation result. For hand-picked sites evaluation is Target_Sampled. No missing or \blank\"" values allowed.""",DESIGN,,,,Single metadata definition,siteinfo,2,1
1819,siteinfo_FCODE,FCODE,Site Information,NRSA 1819 Site Information,"NHD feature type code | NHD 5-digit code for feature type. Generally, no missing values allowed but it is possible that a few lakes may not be in sample frame if from a state study or are hand-picked lakes. In this case value is \0\"". No missing or \""blank\"" values allowed.""",DESIGN,,,,Multiple protocol-specific labels — see Metadata Detail,siteinfo,1,2
1819,siteinfo_FED_NONFED,FED_NONFED,Site Information,NRSA 1819 Site Information,"Federal or Non-Federal land, based on OWN_NARS. OWN_NARS in FWS, Other Fed, USFS, NPS, NOAA, BLM, DOD, BOR considered Federal and all others Non-Federal.",DESIGN,Federal|Non-Federal,,,Single metadata definition,siteinfo,2,1
1819,siteinfo_FEOW_ID,FEOW_ID,Site Information,NRSA 1819 Site Information,"Freshwater Ecoregions of the World (2015) code | Freshwater Ecoregions of the World (2015) code. No missing or \blank\"" values allowed.""",DESIGN,Numeric,,,Multiple protocol-specific labels — see Metadata Detail,siteinfo,1,2
1819,siteinfo_FRAME08,FRAME08,Site Information,NRSA 1819 Site Information,"Stream reach is included or excluded from sample frame for the NRSA 2008-09 Target Population survey design. No missing or \blank\"" values allowed.""",DESIGN,Exclude|Include| Not Present |,,,Single metadata definition,siteinfo,1,1
1819,siteinfo_FRAME13,FRAME13,Site Information,NRSA 1819 Site Information,"Stream reach is included or excluded from sample frame for the NRSA 2013-14 Target Population survey design. No missing or \blank\"" values allowed.""",DESIGN,Exclude|Include| Not Present |,,,Single metadata definition,siteinfo,1,1
1819,siteinfo_FRAME18,FRAME18,Site Information,NRSA 1819 Site Information,"Stream reach is included or excluded from sample frame for the NRSA 2018-19 Target Population survey design. No missing or \blank\"" values allowed.""",DESIGN,Exclude|Include |,,,Single metadata definition,siteinfo,1,1
1819,siteinfo_FRAMEEW,FRAMEEW,Site Information,NRSA 1819 Site Information,"Stream reach is included or excluded from sample frame for the EMAP West 2000-3 Target Population survey design. No missing or \blank\"" values allowed.""",DESIGN,Exclude|Include| Not Present |,,,Single metadata definition,siteinfo,1,1
1819,siteinfo_FRAMEWS,FRAMEWS,Site Information,NRSA 1819 Site Information,"Stream reach is included or excluded from sample frame for the WSA 2004 Target Population survey design. No missing or \blank\"" values allowed.""",DESIGN,Exclude|Include| Not Present |,,,Single metadata definition,siteinfo,1,1
1819,siteinfo_FS_EW,FS_EW,Site Information,NRSA 1819 Site Information,"Eastern or western US Forest Service land | Eastern or western US Forest Service land. Not_USFS if not US Forest Service land. No missing or \blank\"" values allowed.""",DESIGN,East | West | blank if not US Forest Service land | East | West | Not_USFS |,,,Multiple protocol-specific labels — see Metadata Detail,siteinfo,2,2
1819,siteinfo_FTYPE,FTYPE,Site Information,NRSA 1819 Site Information,"HD feature type name | NHD feature type. Generally, no missing values allowed but it is possible that a few lakes may not be in sample frame if from a state study or are hand-picked lakes. In this case value is \None\"". No missing or \""blank\"" values allowed.""",DESIGN,,,,Multiple protocol-specific labels — see Metadata Detail,siteinfo,1,2
1819,siteinfo_GNIS_ID,GNIS_ID,Site Information,NRSA 1819 Site Information,"Goegraphic Names Information System ID (from NHD) | Goegraphic Names Information System ID (from NHD). If value is \0\"", then no GNIS_ID available. . No missing or \""blank\"" values allowed.""",DESIGN,Numeric,,,Multiple protocol-specific labels — see Metadata Detail,siteinfo,1,2
1819,siteinfo_GNIS_NAME,GNIS_NAME,Site Information,NRSA 1819 Site Information,"USGS Geographic Names Information System name | USGS Geographic Names Information System name (from NHD). Value of \None\"" if no GNIS_NAME available. . No missing or \""blank\"" values allowed."" | Name of the stream reach that the site was snapped to from the NHDPlusV21.",DESIGN | LAND,Text name,,,Multiple protocol-specific labels — see Metadata Detail,siteinfo,2,3
1819,siteinfo_HUC2,HUC2,Site Information,NRSA 1819 Site Information,"USGS Level 2 Hydrologic Unit Code where stream reach is located (based on NHDPlusV2 use of HUCs) | USGS Level 2 Hydrologic Unit Code where stream reach is located (based on NHDPlusV2 use of HUCs). No missing or \blank\"" values allowed.""",DESIGN,Alphanumeric: H01 to H20 with H03N :H 03S : H03W | H10L : H10U where region coded preceded by letter H | H01|H02|H03N|H03S|H03W|H04|H05|H06|H07|H08|H09|H10L|H10U|H11|H12|H13|H14|H15|H16|H17|H18|H19|H20,,,Multiple protocol-specific labels — see Metadata Detail,siteinfo,1,2
1819,siteinfo_HUC2_NM,HUC2_NM,Site Information,NRSA 1819 Site Information,"USGS Level 2 Hydrologic Unit Region Name where stream reach is located (based on NHDPlusV2 use of HUCs). No missing or \blank\"" values allowed.""",DESIGN,"Arkansas-Red-White Region |California Region |Great Basin Region |Great Lakes Region |Lower Colorado Region |Lower Mississippi Region |\Lower Missouri Region |Mid-Atlantic Region |New England Region |Ohio Region |Pacific Northwest Region |Rio Grande Region |Souris-Red-Rainy Region |South Atlantic-North Region |South Atlantic-South Region |South Atlantic-West Region |Tennessee Region |Texas Region |Upper Colorado Region |Upper Mississippi Region |Upper Missouri Region |""",,,Single metadata definition,siteinfo,2,1
1819,siteinfo_HUC8,HUC8,Site Information,NRSA 1819 Site Information,"USGS Level 8 Hydrologic Unit Code where stream reach is located (based on NHDPlusV2 use of HUCs) | USGS Level 8 Hydrologic Unit Code where stream reach is located (based on NHDPlusV2 use of HUCs). Eight-digit preceded by letter H. No missing or \blank\"" values allowed.""",DESIGN,Alphanumeric code; 8-digit preceded by letter H,,,Multiple protocol-specific labels — see Metadata Detail,siteinfo,1,2
1819,siteinfo_HUC8_NM,HUC8_NM,Site Information,NRSA 1819 Site Information,"USGS Level 8 Hydrologic Cataloging Unit Name where stream reach is located | USGS Level 8 Hydrologic Cataloging Unit Name where stream reach is located. No missing or \blank\"" values allowed.""",DESIGN,Text,,,Multiple protocol-specific labels — see Metadata Detail,siteinfo,1,2
1819,siteinfo_LAT_DD83,LAT_DD83,Site Information,NRSA 1819 Site Information,"Latitude (based on NAD83 datum) for stream site from NHD-based sample frame. | Latitude in decimal degrees (based on NAD83 datum) for stream site from NHDPlusV2, i.e., \design latitude.\"". No missing or \""blank\"" values allowed."" | Latitude in decimal degrees NAD83",DESIGN | LANDSCAPE,Numeric,,,Multiple protocol-specific labels — see Metadata Detail,siteinfo,2,3
1819,siteinfo_LON_DD83,LON_DD83,Site Information,NRSA 1819 Site Information,"Longitude (based on NAD83 datum) for stream site from NHD-based sample frame. | Longitude in decimal degrees (based on NAD83 datum) for stream site from NHDPlusV2, i.e., \design longitude.\"" No missing or \""blank\"" values allowed."" | Longitude in decimal degrees NAD83",DESIGN | LANDSCAPE,Numeric,,,Multiple protocol-specific labels — see Metadata Detail,siteinfo,2,3
1819,siteinfo_MAJ_BAS_NM,MAJ_BAS_NM,Site Information,NRSA 1819 Site Information,"Major USGS Hydrologic Basins derived from NHDPlus Names | Name of major USGS Hydrologic Basins derived from NHDPlus names. No missing or \blank\"" values allowed.""",DESIGN,Text of 16 basin names | Arkansas-White-Red Region | California Region | Great Basin Region | Great Lakes Region | Lower Colorado Region | Lower Mississippi Region | Mid Atlantic Region | Missouri Region | New England Region | Ohio-Tennessee Region | Pacific Northwest Region | Rio Grande-Texas-Gulf Region | Souris-Red-Rainy Region | South Atlantic Gulf Region | Upper Colorado Region | Upper Mississippi Region |,,,Multiple protocol-specific labels — see Metadata Detail,siteinfo,2,2
1819,siteinfo_MAJ_BASIN,MAJ_BASIN,Site Information,NRSA 1819 Site Information,"Major USGS Hydrologic Basins derived from NHDPlus Codes | Major USGS Hydrologic Basins code derived from NHDPlus codes. Has leading \H\"" to preserve leading zeros. No missing or \""blank\"" values allowed.""",DESIGN,16 Major Basin Codes from 01 to 18 with 05_06 and 12_13 combined preceeded by letter H | H01|H02|H03|H04|H05_06|H07|H08|H09|H10|H11|H12_13|H14|H15|H16|H17|H18,,,Multiple protocol-specific labels — see Metadata Detail,siteinfo,1,2
1819,siteinfo_MAJ_RIV_NM,MAJ_RIV_NM,Site Information,NRSA 1819 Site Information,"Name of major or additional river | Name of Major River in US (based on major and additional rivers defined in Benke's Rivers of North America). Includes entire river to its headwaters. \Not Major River\"" if not a major river. No missing or \""blank\"" values allowed.""",DESIGN,,,,Multiple protocol-specific labels — see Metadata Detail,siteinfo,1,2
1819,siteinfo_MAJ_RIVER,MAJ_RIVER,Site Information,NRSA 1819 Site Information,"Identifies river as major or additional river based on Rivers of North America | Designates major rivers in US (based on major rivers defined in Benke's Rivers of North America). Benke identifies \major rivers\"" and \""additional rivers.\"" Includes entire river to its headwaters. \""NotMajorRiver\"" if not a major river. No missing values allowed.""",DESIGN,MajorRiver | Additional | NotMajorRiver,,,Multiple protocol-specific labels — see Metadata Detail,siteinfo,1,2
1819,siteinfo_MIS_BAS_NM,MIS_BAS_NM,Site Information,NRSA 1819 Site Information,"The hydrologic basin name for streams in the Mississippi Basin derived from NHDPlus names. \Not Miss River Basin\"" for streams not in the Mississippi Basin. No missing values allowed.""",DESIGN,Ohio Region|Tennessee Region|Upper Mississippi Region|Lower Mississippi Region|Lower Missouri Region| Upper Missouri Region|Arkansas-Red-White Region|Not Mississippi River Basin,,,Single metadata definition,siteinfo,2,1
1819,siteinfo_MIS_BASIN,MIS_BASIN,Site Information,NRSA 1819 Site Information,"The hydrologic basin code for streams in the Mississippi Basin derived from NHDPlus codes. For streams not in the Mississippi Basin value equal to \NMRB\"". No missing values allowed.""",DESIGN,H05|H06|H07|H08|H10L|H10U|H11|NMRB,,,Single metadata definition,siteinfo,1,1
1819,siteinfo_MISS_BASIN,MISS_BASIN,Site Information,NRSA 1819 Site Information,"The hydrologic basin name for streams in the Mississippi Basin, or NA for streams not in the Mississippi Basin | Within Mississippi Basin or outside, based on MIS_BAS_NM values",DESIGN,Text of 7 basin names or NA | Mississippi_Basin|Not_Mississippi_Basin,,,Multiple protocol-specific labels — see Metadata Detail,siteinfo,2,2
1819,siteinfo_NA_L1CODE,NA_L1CODE,Site Information,NRSA 1819 Site Information,"CEC North American Level I ecoregion code | CEC North American Level I ecoregion code. Values of 5 to 15 excluding 14 and 0 designating HI. No missing or \blank\"" values allowed.""",DESIGN,Numeric 5 to 15 excluding 14 and 0 designating HI,,,Multiple protocol-specific labels — see Metadata Detail,siteinfo,1,2
1819,siteinfo_NA_L1NAME,NA_L1NAME,Site Information,NRSA 1819 Site Information,"CEC North American Level I ecoregion name | CEC North American Level I ecoregion name. No missing or \blank\"" values allowed.""",DESIGN,Text | EASTERN TEMPERATE FORESTS | GREAT PLAINS | MARINE WEST COAST FOREST | MEDITERRANEAN CALIFORNIA | NORTH AMERICAN DESERTS | NORTHERN FORESTS | NORTHWESTERN FORESTED MOUNTAINS | SOUTHERN SEMI-ARID HIGHLANDS | TEMPERATE SIERRAS | TROPICAL WET FORESTS |,,,Multiple protocol-specific labels — see Metadata Detail,siteinfo,1,2
1819,siteinfo_NA_L2CODE,NA_L2CODE,Site Information,NRSA 1819 Site Information,"CEC North American Level II ecoregion code | CEC North American Level II ecoregion code. Form is n.n where leading is L1 and following is level 2. No missing or \blank\"" values allowed.""",DESIGN,Alphanumeric: n.n where leading position is Level I code and following position is Level 2 designation,,,Multiple protocol-specific labels — see Metadata Detail,siteinfo,1,2
1819,siteinfo_NA_L2NAME,NA_L2NAME,Site Information,NRSA 1819 Site Information,"CEC North American Level II ecoregion name | CEC North American Level II ecoregion name. No missing or \blank\"" values allowed.""",DESIGN,Text,,,Multiple protocol-specific labels — see Metadata Detail,siteinfo,1,2
1819,siteinfo_NARS_NAME,NARS_NAME,Site Information,NRSA 1819 Site Information,"Name of lake from field evaluation or GNIS NAME if the same | Name of stream from field evaluation or GNIS NAME if the same. \None\"" if no name. No missing or \""blank\"" values allowed.""",DESIGN,Text,,,Multiple protocol-specific labels — see Metadata Detail,siteinfo,1,2
1819,siteinfo_OWN_NARS,OWN_NARS,Site Information,NRSA 1819 Site Information,"Land ownership code derived from USGS PADUS (http://gapanalysis.usgs.gov/padus/data/) - pulled May 2016 version of database. Aggregated to categories used by NARS. Text of 13 land ownership category names. Similar to OWN_TYPE in USGS PADUS dataset except that Federal_Land is separated into major federal agencies. No missing or \blank\"" values allowed.""",DESIGN,BLM | DOD | | DOE | USFS | FWS | NOAA | Non Federal | NPS | Tribal Land| USACE | USBR | NRCS| Other Fed,,,Single metadata definition,siteinfo,2,1
1819,siteinfo_PANEL_RVST,PANEL_RVST,Site Information,NRSA 1819 Site Information,"Survey of time panels that identifies which sites were visited in which design cycle. Form is SSS_Y1_Y2_Y3_etc where SSS is abbreviation for the STUDY (NRS) and Yi identifies year visited which is \NO\"" if no visit in that design cyle. For HAND sites, panel value is \""NONE\"". No missing or \""blank\"" values allowed.""",DESIGN,,,,Single metadata definition,siteinfo,1,1
1819,siteinfo_PANEL_SOT,PANEL_SOT,Site Information,NRSA 1819 Site Information,"Survey over time sets of sites for only probability sites. As new design cycles are added for NRSA, PANEL_SOT values must be updated. Form is NRS_XX_XX_XX_etc. Where XX equal design cycle year or NO if not evaluated and position designates the 1st, 2nd, and 3rd design cycles. Note that all possible combinates for PANEL_RVST may not be present for PANEL_SOT. For hand-picked sites, value is HAND. No missing or \blank\"" values allowed.""",DESIGN,NRS_08_NO | NRS_08_13 | NRS_NO_13 | HAND,,,Single metadata definition,siteinfo,1,1
1819,siteinfo_PANEL_USE,PANEL_USE,Site Information,NRSA 1819 Site Information,"NRSA Panel Assignment. Text that has form NRSnn_mmXXXn_YYYY, where nn is current cycle year (09, 14, 19, etc), mm is cycle year stream site was first selected for sampling, XXXn denotes revisit status, and YYYY denotes base or over sample status. XXXn equals either RVT2 (if site should be visited twice in current cycle year) or RVT (if site should be visited once in current cycle and was previously visited in a prior cycle year) and is blank otherwise. YYYY is either blank (if the stream site is a base site) or equals OverSamp (if the stream site is an over sample site). Note: For state specific designs, state two letter code is added. Hand-picked sites have value \NONE\"". No missing or \""blank\"" values allowed.""",DESIGN,,,,Single metadata definition,siteinfo,1,1
1819,siteinfo_PANEL_WGT,PANEL_WGT,Site Information,NRSA 1819 Site Information,"Sets of probability sites required for the weight adjustment for each design cycle. PANEL_WGT is not changed when future design cycles are completed. Hand-picked sites assigned as NONE, since they are not a probability site. No missing or \blank\"" values allowed..""",DESIGN,,,,Single metadata definition,siteinfo,1,1
1819,siteinfo_PROB_CAT,PROB_CAT,Site Information,NRSA 1819 Site Information,"NRSA unequal probability categories used within a stratum. Hand-picked sites equal to \None\"" as they are not a site from probability design. No missing values allowed""",DESIGN,,,,Single metadata definition,siteinfo,1,1
1819,siteinfo_PSTL_CODE,PSTL_CODE,Site Information,NRSA 1819 Site Information,"State two-letter postal code | State two letter postal code for site sampled. 50 state postal codes plus AS, MP, GU, PR, VI for American Samoa, Commonwealth of Northern Marianas, Guam, Puerto Rico and Virgin Islands. No missing or \blank\"" values allowed.""",DESIGN,,,,Multiple protocol-specific labels — see Metadata Detail,siteinfo,2,2
1819,siteinfo_PUBLICATION_DATE,PUBLICATION_DATE,Site Information,NRSA 1819 Site Information,Date of data file publication,,,,,Single metadata definition,siteinfo,12,1
1819,siteinfo_RCHDOWN,RCHDOWN,Site Information,NRSA 1819 Site Information,Downstream Length (m),VERIF,,,,Single metadata definition,siteinfo,1,1
1819,siteinfo_RCHUP,RCHUP,Site Information,NRSA 1819 Site Information,Upstream Length (m),VERIF,,,,Single metadata definition,siteinfo,1,1
1819,siteinfo_REACHCODE,REACHCODE,Site Information,NRSA 1819 Site Information,"NHD Reach code assigned | NHD Reach code assigned. Value of 'None' if site is on reach that is not in NHD. No missing values or \blanks\"" allowed.""",DESIGN,Numeric | Reachcode value preceeded by 'R' (values have leading zeros),,,Multiple protocol-specific labels — see Metadata Detail,siteinfo,1,2
1819,siteinfo_SF_ST_ID,SF_ST_ID,Site Information,NRSA 1819 Site Information,"Stream ID from a State sample frame . \None\"" if not in state sample frame.. No missing or \""blank\"" values allowed.""",DESIGN,,,,Single metadata definition,siteinfo,1,1
1819,siteinfo_SITE_ID,SITE_ID,Site Information,NRSA 1819 Site Information,"Site ID for the study and year sampled. Preferred form is NRSnn_MM-xxxxx where nn is current cycle year (04, 08, 13, 18, etc), MM is two letter state code, and xxxxx is between 10001 and 99999. No missing or \blank\"" values allowed."" | Unique Site ID assigned for NRSA13-14 | Site ID",DESIGN | LANDSCAPE | VERIF,,,,Multiple protocol-specific labels — see Metadata Detail,siteinfo,16,3
1819,siteinfo_SITETYPE,SITETYPE,Site Information,NRSA 1819 Site Information,"Site type (Probability-based or hand-picked). PROB for sites from probability survey. Usually HAND for hand-picked sites. In EMAP West and WSA, STARHAND is used to identify hand-picked sites that do not have all CORE indicators available. | Site type (Probability-based or hand-picked) | Site type (Probability-based or hand-picked). PROB for sites from probability survey. Usually HAND for hand-picked sites. In EMAP West and WSA, STARHAND is used to identify hand-picked sites that do not have all CORE indicators available . No missing or \blank\"" values allowed.""",DESIGN,PROB | HAND | PROB | HAND | STARHAND |,,,Multiple protocol-specific labels — see Metadata Detail,siteinfo,1,3
1819,siteinfo_SOURCE,SOURCE,Site Information,NRSA 1819 Site Information,"Sample frame source | Sample frame source for PROB sites and NONE for HAND sites. State frame names if used . No missing or \blank\"" values allowed.""",DESIGN,NHDPlusv2| State frame names | RF3 | NHDPlusV1| NHDPlusV2 | NONE,,,Multiple protocol-specific labels — see Metadata Detail,siteinfo,1,2
1819,siteinfo_STATE_NM,STATE_NM,Site Information,NRSA 1819 Site Information,"State to which stream reach is assigned for sampling in NRSA. No missing or \blank\"" values allowed.""",DESIGN,,,,Single metadata definition,siteinfo,1,1
1819,siteinfo_STATE_SF,STATE_SF,Site Information,NRSA 1819 Site Information,"Include or exclude stream reach in state sample frame. No missing or \blank\"" values allowed.""",DESIGN,Include | Exclude |,,,Single metadata definition,siteinfo,1,1
1819,siteinfo_STATECTY,STATECTY,Site Information,NRSA 1819 Site Information,"FIPS state and county code | FIPS state and county code. Text with leading \F\"" before code. No missing or \""blank\"" values allowed.""",DESIGN,Text - numeric with leading zero,,,Multiple protocol-specific labels — see Metadata Detail,siteinfo,1,2
1819,siteinfo_STRAH_CAL,STRAH_CAL,Site Information,NRSA 1819 Site Information,"Strahler calculator from NHDPlusv2. Used to identify braided reaches. | Strahler calculator from NHDPlusv2. Used to identify braided reaches. Values of 0 to 10. No missing or \blank\"" values allowed.""",DESIGN,Numeric: 0 to 10.,,,Multiple protocol-specific labels — see Metadata Detail,siteinfo,1,2
1819,siteinfo_STRAH_CAT,STRAH_CAT,Site Information,NRSA 1819 Site Information,"Strahler category used to classify reaches. RiversMajor (5th and higher) RiversOther (5th and higher) LargeStreams (3rd and 4th) SmallStreams (1st and 2nd) | Strahler category used to classify reaches. SmallStreams – 1st and 2nd order; LargeStreams – 3rd and 4th order; MajorRivers – 5th order and higher that are identified as MajorRiver/Additional in MAJ_RIVER variable; and OtherRivers – 5th and higher that are not MajorRivers. No missing or \blank\"" values allowed.""",DESIGN,RiversMajor | RiversOther | LargeStreams | SmallStreams | RiversMajor | RiversOther | LargeStreams | SmallStreams |,,,Multiple protocol-specific labels — see Metadata Detail,siteinfo,2,2
1819,siteinfo_STRAH_ORD,STRAH_ORD,Site Information,NRSA 1819 Site Information,"Strahler order from NHDPlusv2 | Strahler order from NHDPlusv2. Values from 0 to 10. No missing or \blank\"" values allowed.""",DESIGN,Numeric: 0 to 10.,,,Multiple protocol-specific labels — see Metadata Detail,siteinfo,1,2
1819,siteinfo_STRATUM,STRATUM,Site Information,NRSA 1819 Site Information,"Stratum use for survey design (national assessment). Needed for population estimates. For value definitions, see survey-specific design documentation. | Strata used in the NRSA survey design. . Hand-picked sites assigned value of \None\"". No missing or \""blank\"" values alllowed.""",DESIGN,,,,Multiple protocol-specific labels — see Metadata Detail,siteinfo,1,2
1819,siteinfo_TNT_CAT,TNT_CAT,Site Information,NRSA 1819 Site Information,"NRSA target status assigned based on stream site evaluation. For population estimation must combine with SITETYPE to restrict to probability survey sites. No missing or \blank\"" values allowed.""",DESIGN,Target | Target_Presumed |Uncertain | Non_Target | Not_Needed |,,,Single metadata definition,siteinfo,1,1
1819,siteinfo_UID,UID,Site Information,NRSA 1819 Site Information,Unique site visit ID,,,,,Single metadata definition,siteinfo,15,1
1819,siteinfo_UNIQUE_ID,UNIQUE_ID,Site Information,NRSA 1819 Site Information,Unique site ID based on location that does not depend on year sampled or any other factor. Form is NRS_ss_nnnnn where ss state and nnnnn is number that starts at 10001. No missing values allowed.,,,,,Single metadata definition,siteinfo,7,1
1819,siteinfo_URBN_NRS08,URBN_NRS08,Site Information,NRSA 1819 Site Information,"Stream identified as an urban stream based on urban definition used in NRSA 2008-9 design. Urban based on 2000 Census polygons of urban areas and 3km buffer to ensure census waters included. No missing or \blank\"" values allowed.""",DESIGN,Urban | Non-Urban |,,,Single metadata definition,siteinfo,1,1
1819,siteinfo_URBN_NRS18,URBN_NRS18,Site Information,NRSA 1819 Site Information,"Stream identified as an urban stream based on urban definition used in NRSA 2018-19 design. Urban based on 2010 Census polygons of urban areas. No 3km buffer to ensure census waters included since census polygons now include census waters. No missing or \blank\"" values allowed.""",DESIGN,Urban | Non-Urban |,,,Single metadata definition,siteinfo,2,1
1819,siteinfo_US_L3CODE,US_L3CODE,Site Information,NRSA 1819 Site Information,"Omernik Level III ecoregion code | Omernik Level III ecoregion code. Coded as \0\"" if ecoregions have not been defined for state or territory. No missing or \""blank\"" values allowed.""",DESIGN,Numeric 1 to 85,,,Multiple protocol-specific labels — see Metadata Detail,siteinfo,1,2
1819,siteinfo_US_L3NAME,US_L3NAME,Site Information,NRSA 1819 Site Information,"Omernik Level III ecoregion name | Omernik Level III ecoregion name. \None\"" if no ecoregion defined for state or territory. No missing or \""blank\"" values allowed.""",DESIGN,Text name,,,Multiple protocol-specific labels — see Metadata Detail,siteinfo,1,2
1819,siteinfo_US_L4CODE,US_L4CODE,Site Information,NRSA 1819 Site Information,"Omernik Level IV ecoregion code | Omernik Level IV ecoregion code. Level three codes plus aphabetic ending identifying level 4 subregion. \None\"" if no ecoregion defined for state or territory. No missing or \""blank\"" values allowed.""",DESIGN,Level three codes plus aphabetic ending identifying level 4 subregion,,,Multiple protocol-specific labels — see Metadata Detail,siteinfo,1,2
1819,siteinfo_US_L4NAME,US_L4NAME,Site Information,NRSA 1819 Site Information,"Omernik Level IV ecoregion name | Omernik Level IV ecoregion name. \None\"" if no ecoregion defined for state or territory. No missing or \""blank\"" values allowed.""",DESIGN,Text name,,,Multiple protocol-specific labels — see Metadata Detail,siteinfo,1,2
1819,siteinfo_USFS,USFS,Site Information,NRSA 1819 Site Information,"US Forest Service land or other, based on OWN_NARS.",DESIGN,Forest_Service|Not_Forest_Service,,,Single metadata definition,siteinfo,2,1
1819,siteinfo_VISIT_NO,VISIT_NO,Site Information,NRSA 1819 Site Information,Number identifying which visit this is,VERIF,|1|2,,,Single metadata definition,siteinfo,15,1
1819,siteinfo_WGT_CAT,WGT_CAT,Site Information,NRSA 1819 Site Information,"NRSA categories used to adjust weights for site. Hand-picked sites assigned value of \NONE\"". No missing or \""blank\"" values allowed.""",DESIGN,,,,Single metadata definition,siteinfo,1,1
1819,siteinfo_WGT_DSGN,WGT_DSGN,Site Information,NRSA 1819 Site Information,NRSA initial site weight assigned during site selection. >0 or 0 if site is not to be used for population estimation. DO NOT USE FOR POPULATION ESTIMATION!,DESIGN,,,,Single metadata definition,siteinfo,1,1
1819,siteinfo_WGT_TP_CORE,WGT_TP_CORE,Site Information,NRSA 1819 Site Information,NRSA adjusted weight for site for population estimates of target population based on sampled probability sites. Weight units are stream miles. Value is 0 if site is not to be used for estimates.,DESIGN,,,,Single metadata definition,siteinfo,1,1
1819,siteinfo_WGT_TP_EXTENT,WGT_TP_EXTENT,Site Information,NRSA 1819 Site Information,NRSA adjusted weight for site for extent estimates of target population based on all probability sites evaluated. Weight units are stream miles. Value is 0 if site is not to be used for estimates.,DESIGN,,,,Single metadata definition,siteinfo,1,1
1819,siteinfo_XCOORD,XCOORD,Site Information,NRSA 1819 Site Information,"x-coordinate from US Contiguous Albers Equal Area Conic projection EXCEPT Hawaii sites which are calculated from Hawaii Albers Equal Area Conic projection | x-coordinate from US Contiguous Albers Equal Area Conic projection EXCEPT Hawaii sites which are calculated from Hawaii Albers Equal Area Conic projection. No missing or \blank\"" values allowed. Projection: clon = -96, clat = 37.5, sp1 = 29.5, sp2 = 45.5""",DESIGN,Numeric,,,Multiple protocol-specific labels — see Metadata Detail,siteinfo,2,2
1819,siteinfo_YCOORD,YCOORD,Site Information,NRSA 1819 Site Information,"y-coordinate from US Contiguous Albers Equal Area Conic projection EXCEPT Hawaii sites which are calculated from Hawaii Albers Equal Area Conic projection | y-coordinate from US Contiguous Albers Equal Area Conic projection EXCEPT Hawaii sites which are calculated from Hawaii Albers Equal Area Conic projection. No missing or \blank\"" values allowed. Projection: sph = \""GRS80\"", clon = -96, clat = 37.5, sp1 = 29.5, sp2 = 45.5""",DESIGN,Numeric,,,Multiple protocol-specific labels — see Metadata Detail,siteinfo,2,2
1819,siteinfo_YEAR,YEAR,Site Information,NRSA 1819 Site Information,Year of sampling,VERIF,,,,Single metadata definition,siteinfo,3,1
1819,waterchem_AG_ECO9,AG_ECO9,Water Chemistry,NRSA 1819 Water Chemistry and Chlorophyll-a,"NARS 9-level reporting region (2015), based on aggregated Omernik Level III ecoregions",DESIGN,,,,Single metadata definition,waterchem,11,1
1819,waterchem_AMMONIA_N_BATCH_ID,AMMONIA_N_BATCH_ID,Water Chemistry,NRSA 1819 Water Chemistry and Chlorophyll-a,Laboratory Batch ID for Ammonia as N,COLUMN,,,,Single metadata definition,waterchem,1,1
1819,waterchem_AMMONIA_N_DATE_ANALYZED,AMMONIA_N_DATE_ANALYZED,Water Chemistry,NRSA 1819 Water Chemistry and Chlorophyll-a,Date sample analyzed for analyte: ammonia,COLUMN,,,,Single metadata definition,waterchem,1,1
1819,waterchem_AMMONIA_N_DILUTION_FACTOR,AMMONIA_N_DILUTION_FACTOR,Water Chemistry,NRSA 1819 Water Chemistry and Chlorophyll-a,Factor used to correct results based on dilution of sample by lab: Ammonia as N,COLUMN,,,,Single metadata definition,waterchem,1,1
1819,waterchem_AMMONIA_N_HOLDING_TIME,AMMONIA_N_HOLDING_TIME,Water Chemistry,NRSA 1819 Water Chemistry and Chlorophyll-a,Time from sampling to analysis (days): ammonia,COLUMN,,,,Single metadata definition,waterchem,1,1
1819,waterchem_AMMONIA_N_MDL,AMMONIA_N_MDL,Water Chemistry,NRSA 1819 Water Chemistry and Chlorophyll-a,Method detection limit of ammonia,COLUMN,,,,Single metadata definition,waterchem,1,1
1819,waterchem_AMMONIA_N_NARS_FLAG,AMMONIA_N_NARS_FLAG,Water Chemistry,NRSA 1819 Water Chemistry and Chlorophyll-a,Flag assigned by NARS: ammonia,COLUMN,,,,Single metadata definition,waterchem,1,1
1819,waterchem_AMMONIA_N_QA_FLAG,AMMONIA_N_QA_FLAG,Water Chemistry,NRSA 1819 Water Chemistry and Chlorophyll-a,QA flag assigned by lab: ammonia,COLUMN,,,,Single metadata definition,waterchem,1,1
1819,waterchem_AMMONIA_N_RESULT,AMMONIA_N_RESULT,Water Chemistry,NRSA 1819 Water Chemistry and Chlorophyll-a,Analyte value: ammonia,COLUMN,,,,Single metadata definition,waterchem,1,1
1819,waterchem_AMMONIA_N_RL,AMMONIA_N_RL,Water Chemistry,NRSA 1819 Water Chemistry and Chlorophyll-a,Reporting limit of ammonia,COLUMN,,,,Single metadata definition,waterchem,1,1
1819,waterchem_AMMONIA_N_UNITS,AMMONIA_N_UNITS,Water Chemistry,NRSA 1819 Water Chemistry and Chlorophyll-a,Units of measurement: ammonia,COLUMN,,,,Single metadata definition,waterchem,1,1
1819,waterchem_ANC_BATCH_ID,ANC_BATCH_ID,Water Chemistry,NRSA 1819 Water Chemistry and Chlorophyll-a,Laboratory Batch ID for Acid Neutralizing Capacity,COLUMN,,,,Single metadata definition,waterchem,1,1
1819,waterchem_ANC_DATE_ANALYZED,ANC_DATE_ANALYZED,Water Chemistry,NRSA 1819 Water Chemistry and Chlorophyll-a,Date sample analyzed for analyte: acid neutralizing capacity,COLUMN,,,,Single metadata definition,waterchem,1,1
1819,waterchem_ANC_HOLDING_TIME,ANC_HOLDING_TIME,Water Chemistry,NRSA 1819 Water Chemistry and Chlorophyll-a,Time from sampling to analysis (days): acid neutralizing capacity,COLUMN,,,,Single metadata definition,waterchem,1,1
1819,waterchem_ANC_MDL,ANC_MDL,Water Chemistry,NRSA 1819 Water Chemistry and Chlorophyll-a,Method Detection Limit: Acid Neutralizing Capacity,COLUMN,,,,Single metadata definition,waterchem,1,1
1819,waterchem_ANC_NARS_FLAG,ANC_NARS_FLAG,Water Chemistry,NRSA 1819 Water Chemistry and Chlorophyll-a,NARS flag translated from QA flag by lab: Acid Neutralizing Capacity,COLUMN,,,,Single metadata definition,waterchem,1,1
1819,waterchem_ANC_QA_FLAG,ANC_QA_FLAG,Water Chemistry,NRSA 1819 Water Chemistry and Chlorophyll-a,QA flag assigned by lab: acid neutralizing capacity,COLUMN,,,,Single metadata definition,waterchem,1,1
1819,waterchem_ANC_RESULT,ANC_RESULT,Water Chemistry,NRSA 1819 Water Chemistry and Chlorophyll-a,Analyte value: acid neutralizing capacity,COLUMN,,,,Single metadata definition,waterchem,1,1
1819,waterchem_ANC_RL,ANC_RL,Water Chemistry,NRSA 1819 Water Chemistry and Chlorophyll-a,Method Reporting Limit: Acid Neutralizing Capacity,COLUMN,,,,Single metadata definition,waterchem,1,1
1819,waterchem_ANC_UNITS,ANC_UNITS,Water Chemistry,NRSA 1819 Water Chemistry and Chlorophyll-a,Units of measurement: acid neutralizing capacity,COLUMN,,,,Single metadata definition,waterchem,1,1
1819,waterchem_CALCIUM_BATCH_ID,CALCIUM_BATCH_ID,Water Chemistry,NRSA 1819 Water Chemistry and Chlorophyll-a,Laboratory Batch ID for Calcium,COLUMN,,,,Single metadata definition,waterchem,1,1
1819,waterchem_CALCIUM_DATE_ANALYZED,CALCIUM_DATE_ANALYZED,Water Chemistry,NRSA 1819 Water Chemistry and Chlorophyll-a,Date sample analyzed for analyte: calcium,COLUMN,,,,Single metadata definition,waterchem,1,1
1819,waterchem_CALCIUM_DILUTION_FACTOR,CALCIUM_DILUTION_FACTOR,Water Chemistry,NRSA 1819 Water Chemistry and Chlorophyll-a,Factor used to correct results based on dilution of sample by lab: Calcium,COLUMN,,,,Single metadata definition,waterchem,1,1
1819,waterchem_CALCIUM_HOLDING_TIME,CALCIUM_HOLDING_TIME,Water Chemistry,NRSA 1819 Water Chemistry and Chlorophyll-a,Time from sampling to analysis (days): calcium,COLUMN,,,,Single metadata definition,waterchem,1,1
1819,waterchem_CALCIUM_MDL,CALCIUM_MDL,Water Chemistry,NRSA 1819 Water Chemistry and Chlorophyll-a,Method detection limit of calcium,COLUMN,,,,Single metadata definition,waterchem,1,1
1819,waterchem_CALCIUM_NARS_FLAG,CALCIUM_NARS_FLAG,Water Chemistry,NRSA 1819 Water Chemistry and Chlorophyll-a,NARS flag translated from QA flag by lab: Calcium,COLUMN,,,,Single metadata definition,waterchem,1,1
1819,waterchem_CALCIUM_QA_FLAG,CALCIUM_QA_FLAG,Water Chemistry,NRSA 1819 Water Chemistry and Chlorophyll-a,QA flag assigned by lab: calcium,COLUMN,,,,Single metadata definition,waterchem,1,1
1819,waterchem_CALCIUM_RESULT,CALCIUM_RESULT,Water Chemistry,NRSA 1819 Water Chemistry and Chlorophyll-a,Analyte value: calcium,COLUMN,,,,Single metadata definition,waterchem,1,1
1819,waterchem_CALCIUM_RL,CALCIUM_RL,Water Chemistry,NRSA 1819 Water Chemistry and Chlorophyll-a,Method Reporting Limit: Calcium,COLUMN,,,,Single metadata definition,waterchem,1,1
1819,waterchem_CALCIUM_UNITS,CALCIUM_UNITS,Water Chemistry,NRSA 1819 Water Chemistry and Chlorophyll-a,Units of measurement: calcium,COLUMN,,,,Single metadata definition,waterchem,1,1
1819,waterchem_CHEM_DATE_RECEIVED,CHEM_DATE_RECEIVED,Water Chemistry,NRSA 1819 Water Chemistry and Chlorophyll-a,Water chemistry date received in laboratory,COLUMN,,,,Single metadata definition,waterchem,1,1
1819,waterchem_CHEM_LAB_SAMPLE_ID,CHEM_LAB_SAMPLE_ID,Water Chemistry,NRSA 1819 Water Chemistry and Chlorophyll-a,Water chemistry lab sample ID,COLUMN,,,,Single metadata definition,waterchem,1,1
1819,waterchem_CHEM_NOT_COLLECTED,CHEM_NOT_COLLECTED,Water Chemistry,NRSA 1819 Water Chemistry and Chlorophyll-a,Water chemistry sample not collected,COLUMN,,,,Single metadata definition,waterchem,1,1
1819,waterchem_CHLA_BATCH_ID,CHLA_BATCH_ID,Water Chemistry,NRSA 1819 Water Chemistry and Chlorophyll-a,Lab batch id - Chlorophyll-a as ug/L in water sample,COLUMN,,,,Single metadata definition,waterchem,2,1
1819,waterchem_CHLA_DATE_ANALYZED,CHLA_DATE_ANALYZED,Water Chemistry,NRSA 1819 Water Chemistry and Chlorophyll-a,Date sample analyzed for analyte: chlorophyll-a,COLUMN,,,,Single metadata definition,waterchem,1,1
1819,waterchem_CHLA_HOLDING_TIME,CHLA_HOLDING_TIME,Water Chemistry,NRSA 1819 Water Chemistry and Chlorophyll-a,Time from sampling to analysis (days): chlorophyll-a,COLUMN,,,,Single metadata definition,waterchem,1,1
1819,waterchem_CHLA_MDL,CHLA_MDL,Water Chemistry,NRSA 1819 Water Chemistry and Chlorophyll-a,Method detection limit of chlorophyll-a,COLUMN,,,,Single metadata definition,waterchem,1,1
1819,waterchem_CHLA_NARS_FLAG,CHLA_NARS_FLAG,Water Chemistry,NRSA 1819 Water Chemistry and Chlorophyll-a,NARS flag translated from QA flag by lab: Chlorophyll a,COLUMN,,,,Single metadata definition,waterchem,1,1
1819,waterchem_CHLA_RESULT,CHLA_RESULT,Water Chemistry,NRSA 1819 Water Chemistry and Chlorophyll-a,Analyte value: chlorophyll-a,COLUMN,,,,Single metadata definition,waterchem,1,1
1819,waterchem_CHLA_RL,CHLA_RL,Water Chemistry,NRSA 1819 Water Chemistry and Chlorophyll-a,Method Reporting Limit: Chlorophyll a,COLUMN,,,,Single metadata definition,waterchem,1,1
1819,waterchem_CHLA_UNITS,CHLA_UNITS,Water Chemistry,NRSA 1819 Water Chemistry and Chlorophyll-a,Units - Chlorophyll-a as ug/L in water sample,COLUMN,,,,Single metadata definition,waterchem,1,1
1819,waterchem_CHLA_VOLUME_FILTERED,CHLA_VOLUME_FILTERED,Water Chemistry,NRSA 1819 Water Chemistry and Chlorophyll-a,Volume filtered for chlorophyll-a sample,COLUMN,,,,Single metadata definition,waterchem,1,1
1819,waterchem_CHLORIDE_BATCH_ID,CHLORIDE_BATCH_ID,Water Chemistry,NRSA 1819 Water Chemistry and Chlorophyll-a,Laboratory Batch ID for Chloride,COLUMN,,,,Single metadata definition,waterchem,1,1
1819,waterchem_CHLORIDE_DATE_ANALYZED,CHLORIDE_DATE_ANALYZED,Water Chemistry,NRSA 1819 Water Chemistry and Chlorophyll-a,Date sample analyzed for analyte: chloride,COLUMN,,,,Single metadata definition,waterchem,1,1
1819,waterchem_CHLORIDE_DILUTION_FACTOR,CHLORIDE_DILUTION_FACTOR,Water Chemistry,NRSA 1819 Water Chemistry and Chlorophyll-a,Factor used to correct results based on dilution of sample by lab: Chloride,COLUMN,,,,Single metadata definition,waterchem,1,1
1819,waterchem_CHLORIDE_HOLDING_TIME,CHLORIDE_HOLDING_TIME,Water Chemistry,NRSA 1819 Water Chemistry and Chlorophyll-a,Time from sampling to analysis (days): chloride,COLUMN,,,,Single metadata definition,waterchem,1,1
1819,waterchem_CHLORIDE_MDL,CHLORIDE_MDL,Water Chemistry,NRSA 1819 Water Chemistry and Chlorophyll-a,Method detection limit of chloride,COLUMN,,,,Single metadata definition,waterchem,1,1
1819,waterchem_CHLORIDE_NARS_FLAG,CHLORIDE_NARS_FLAG,Water Chemistry,NRSA 1819 Water Chemistry and Chlorophyll-a,NARS flag translated from QA flag by lab: Chloride,COLUMN,,,,Single metadata definition,waterchem,1,1
1819,waterchem_CHLORIDE_QA_FLAG,CHLORIDE_QA_FLAG,Water Chemistry,NRSA 1819 Water Chemistry and Chlorophyll-a,QA flag assigned by lab: chloride,COLUMN,,,,Single metadata definition,waterchem,1,1
1819,waterchem_CHLORIDE_RESULT,CHLORIDE_RESULT,Water Chemistry,NRSA 1819 Water Chemistry and Chlorophyll-a,Analyte value: chloride,COLUMN,,,,Single metadata definition,waterchem,1,1
1819,waterchem_CHLORIDE_RL,CHLORIDE_RL,Water Chemistry,NRSA 1819 Water Chemistry and Chlorophyll-a,Reporting limit of analyte: chloride,COLUMN,,,,Single metadata definition,waterchem,1,1
1819,waterchem_CHLORIDE_UNITS,CHLORIDE_UNITS,Water Chemistry,NRSA 1819 Water Chemistry and Chlorophyll-a,Units of measurement: chloride,COLUMN,,,,Single metadata definition,waterchem,1,1
1819,waterchem_COLOR_BATCH_ID,COLOR_BATCH_ID,Water Chemistry,NRSA 1819 Water Chemistry and Chlorophyll-a,Laboratory Batch ID for Color,COLUMN,,,,Single metadata definition,waterchem,1,1
1819,waterchem_COLOR_DATE_ANALYZED,COLOR_DATE_ANALYZED,Water Chemistry,NRSA 1819 Water Chemistry and Chlorophyll-a,Date sample analyzed for analyte: color,COLUMN,,,,Single metadata definition,waterchem,1,1
1819,waterchem_COLOR_HOLDING_TIME,COLOR_HOLDING_TIME,Water Chemistry,NRSA 1819 Water Chemistry and Chlorophyll-a,Time from sampling to analysis (days): color,COLUMN,,,,Single metadata definition,waterchem,1,1
1819,waterchem_COLOR_MDL,COLOR_MDL,Water Chemistry,NRSA 1819 Water Chemistry and Chlorophyll-a,Method Detection Limit: Color,COLUMN,,,,Single metadata definition,waterchem,1,1
1819,waterchem_COLOR_NARS_FLAG,COLOR_NARS_FLAG,Water Chemistry,NRSA 1819 Water Chemistry and Chlorophyll-a,NARS flag translated from QA flag by lab: Color,COLUMN,,,,Single metadata definition,waterchem,1,1
1819,waterchem_COLOR_QA_FLAG,COLOR_QA_FLAG,Water Chemistry,NRSA 1819 Water Chemistry and Chlorophyll-a,QA flag assigned by lab: color,COLUMN,,,,Single metadata definition,waterchem,1,1
1819,waterchem_COLOR_RESULT,COLOR_RESULT,Water Chemistry,NRSA 1819 Water Chemistry and Chlorophyll-a,Analyte value: color,COLUMN,,,,Single metadata definition,waterchem,1,1
1819,waterchem_COLOR_RL,COLOR_RL,Water Chemistry,NRSA 1819 Water Chemistry and Chlorophyll-a,Method Reporting Limit: Color,COLUMN,,,,Single metadata definition,waterchem,1,1
1819,waterchem_COLOR_UNITS,COLOR_UNITS,Water Chemistry,NRSA 1819 Water Chemistry and Chlorophyll-a,Units of measurement: color,COLUMN,,,,Single metadata definition,waterchem,1,1
1819,waterchem_COND_BATCH_ID,COND_BATCH_ID,Water Chemistry,NRSA 1819 Water Chemistry and Chlorophyll-a,Laboratory Batch ID for Conductivity,COLUMN,,,,Single metadata definition,waterchem,1,1
1819,waterchem_COND_DATE_ANALYZED,COND_DATE_ANALYZED,Water Chemistry,NRSA 1819 Water Chemistry and Chlorophyll-a,Date sample analyzed for analyte: conductivity,COLUMN,,,,Single metadata definition,waterchem,1,1
1819,waterchem_COND_HOLDING_TIME,COND_HOLDING_TIME,Water Chemistry,NRSA 1819 Water Chemistry and Chlorophyll-a,Time from sampling to analysis (days): conductivity,COLUMN,,,,Single metadata definition,waterchem,1,1
1819,waterchem_COND_MDL,COND_MDL,Water Chemistry,NRSA 1819 Water Chemistry and Chlorophyll-a,Method Detection Limit: Conductivity,COLUMN,,,,Single metadata definition,waterchem,1,1
1819,waterchem_COND_NARS_FLAG,COND_NARS_FLAG,Water Chemistry,NRSA 1819 Water Chemistry and Chlorophyll-a,NARS flag translated from QA flag by lab: Conductivity,COLUMN,,,,Single metadata definition,waterchem,1,1
1819,waterchem_COND_QA_FLAG,COND_QA_FLAG,Water Chemistry,NRSA 1819 Water Chemistry and Chlorophyll-a,QA flag assigned by lab: conductivity,COLUMN,,,,Single metadata definition,waterchem,1,1
1819,waterchem_COND_RESULT,COND_RESULT,Water Chemistry,NRSA 1819 Water Chemistry and Chlorophyll-a,Analyte value: conductivity,COLUMN,,,,Single metadata definition,waterchem,1,1
1819,waterchem_COND_RL,COND_RL,Water Chemistry,NRSA 1819 Water Chemistry and Chlorophyll-a,Method Reporting Limit: Conductivity,COLUMN,,,,Single metadata definition,waterchem,1,1
1819,waterchem_COND_UNITS,COND_UNITS,Water Chemistry,NRSA 1819 Water Chemistry and Chlorophyll-a,Units of measurement: conductivity,COLUMN,,,,Single metadata definition,waterchem,1,1
1819,waterchem_DATE_COL,DATE_COL,Water Chemistry,NRSA 1819 Water Chemistry and Chlorophyll-a,Date collected,VERIF,|01|02|03|04|05|06|07|08|09|10|11|12,,,Single metadata definition,waterchem,15,1
1819,waterchem_DOC_BATCH_ID,DOC_BATCH_ID,Water Chemistry,NRSA 1819 Water Chemistry and Chlorophyll-a,Laboratory Batch ID for Dissolved Organic Carbon,COLUMN,,,,Single metadata definition,waterchem,1,1
1819,waterchem_DOC_DATE_ANALYZED,DOC_DATE_ANALYZED,Water Chemistry,NRSA 1819 Water Chemistry and Chlorophyll-a,Date sample analyzed for analyte: dissolved organic carbon,COLUMN,,,,Single metadata definition,waterchem,1,1
1819,waterchem_DOC_DILUTION_FACTOR,DOC_DILUTION_FACTOR,Water Chemistry,NRSA 1819 Water Chemistry and Chlorophyll-a,Factor used to correct results based on dilution of sample by lab: Dissolved Organic Carbon,COLUMN,,,,Single metadata definition,waterchem,1,1
1819,waterchem_DOC_HOLDING_TIME,DOC_HOLDING_TIME,Water Chemistry,NRSA 1819 Water Chemistry and Chlorophyll-a,Time from sampling to analysis (days): dissolved organic carbon,COLUMN,,,,Single metadata definition,waterchem,1,1
1819,waterchem_DOC_MDL,DOC_MDL,Water Chemistry,NRSA 1819 Water Chemistry and Chlorophyll-a,Method detection limit of dissolved organic carbon,COLUMN,,,,Single metadata definition,waterchem,1,1
1819,waterchem_DOC_NARS_FLAG,DOC_NARS_FLAG,Water Chemistry,NRSA 1819 Water Chemistry and Chlorophyll-a,NARS flag translated from QA flag by lab: Dissolved Organic Carbon,COLUMN,,,,Single metadata definition,waterchem,1,1
1819,waterchem_DOC_QA_FLAG,DOC_QA_FLAG,Water Chemistry,NRSA 1819 Water Chemistry and Chlorophyll-a,QA flag assigned by lab: dissolved organic carbon,COLUMN,,,,Single metadata definition,waterchem,1,1
1819,waterchem_DOC_RESULT,DOC_RESULT,Water Chemistry,NRSA 1819 Water Chemistry and Chlorophyll-a,Analyte value: dissolved organic carbon,COLUMN,,,,Single metadata definition,waterchem,1,1
1819,waterchem_DOC_RL,DOC_RL,Water Chemistry,NRSA 1819 Water Chemistry and Chlorophyll-a,Method Reporting Limit: Dissolved Organic Carbon,COLUMN,,,,Single metadata definition,waterchem,1,1
1819,waterchem_DOC_UNITS,DOC_UNITS,Water Chemistry,NRSA 1819 Water Chemistry and Chlorophyll-a,Units of measurement: dissolved organic carbon,COLUMN,,,,Single metadata definition,waterchem,1,1
1819,waterchem_EPA_REG,EPA_REG,Water Chemistry,NRSA 1819 Water Chemistry and Chlorophyll-a,EPA Region,DESIGN,,,,Single metadata definition,waterchem,10,1
1819,waterchem_LAB,LAB,Water Chemistry,NRSA 1819 Water Chemistry and Chlorophyll-a,Laboratory processing sample,COLUMN,,,,Single metadata definition,waterchem,6,1
1819,waterchem_MAGNESIUM_BATCH_ID,MAGNESIUM_BATCH_ID,Water Chemistry,NRSA 1819 Water Chemistry and Chlorophyll-a,Laboratory Batch ID for Magnesium,COLUMN,,,,Single metadata definition,waterchem,1,1
1819,waterchem_MAGNESIUM_DATE_ANALYZED,MAGNESIUM_DATE_ANALYZED,Water Chemistry,NRSA 1819 Water Chemistry and Chlorophyll-a,Date sample analyzed for analyte: magnesium,COLUMN,,,,Single metadata definition,waterchem,1,1
1819,waterchem_MAGNESIUM_DILUTION_FACTOR,MAGNESIUM_DILUTION_FACTOR,Water Chemistry,NRSA 1819 Water Chemistry and Chlorophyll-a,Factor used to correct results based on dilution of sample by lab: Magnesium,COLUMN,,,,Single metadata definition,waterchem,1,1
1819,waterchem_MAGNESIUM_HOLDING_TIME,MAGNESIUM_HOLDING_TIME,Water Chemistry,NRSA 1819 Water Chemistry and Chlorophyll-a,Time from sampling to analysis (days): magnesium,COLUMN,,,,Single metadata definition,waterchem,1,1
1819,waterchem_MAGNESIUM_MDL,MAGNESIUM_MDL,Water Chemistry,NRSA 1819 Water Chemistry and Chlorophyll-a,Method detection limit of magnesium,COLUMN,,,,Single metadata definition,waterchem,1,1
1819,waterchem_MAGNESIUM_NARS_FLAG,MAGNESIUM_NARS_FLAG,Water Chemistry,NRSA 1819 Water Chemistry and Chlorophyll-a,NARS flag translated from QA flag by lab: Magnesium,COLUMN,,,,Single metadata definition,waterchem,1,1
1819,waterchem_MAGNESIUM_QA_FLAG,MAGNESIUM_QA_FLAG,Water Chemistry,NRSA 1819 Water Chemistry and Chlorophyll-a,QA flag assigned by lab: magnesium,COLUMN,,,,Single metadata definition,waterchem,1,1
1819,waterchem_MAGNESIUM_RESULT,MAGNESIUM_RESULT,Water Chemistry,NRSA 1819 Water Chemistry and Chlorophyll-a,Analyte value: magnesium,COLUMN,,,,Single metadata definition,waterchem,1,1
1819,waterchem_MAGNESIUM_RL,MAGNESIUM_RL,Water Chemistry,NRSA 1819 Water Chemistry and Chlorophyll-a,Method Reporting Limit: Magnesium,COLUMN,,,,Single metadata definition,waterchem,1,1
1819,waterchem_MAGNESIUM_UNITS,MAGNESIUM_UNITS,Water Chemistry,NRSA 1819 Water Chemistry and Chlorophyll-a,Units of measurement: magnesium,COLUMN,,,,Single metadata definition,waterchem,1,1
1819,waterchem_MATRIX,MATRIX,Water Chemistry,NRSA 1819 Water Chemistry and Chlorophyll-a,Material used for analysis,COLUMN,,,,Single metadata definition,waterchem,6,1
1819,waterchem_NITRATE_N_BATCH_ID,NITRATE_N_BATCH_ID,Water Chemistry,NRSA 1819 Water Chemistry and Chlorophyll-a,Laboratory Batch ID for Nitrate as N,COLUMN,,,,Single metadata definition,waterchem,1,1
1819,waterchem_NITRATE_N_DATE_ANALYZED,NITRATE_N_DATE_ANALYZED,Water Chemistry,NRSA 1819 Water Chemistry and Chlorophyll-a,Date sample analyzed for analyte: nitrate,COLUMN,,,,Single metadata definition,waterchem,1,1
1819,waterchem_NITRATE_N_DILUTION_FACTOR,NITRATE_N_DILUTION_FACTOR,Water Chemistry,NRSA 1819 Water Chemistry and Chlorophyll-a,Factor used to correct results based on dilution of sample by lab: Nitrate as N,COLUMN,,,,Single metadata definition,waterchem,1,1
1819,waterchem_NITRATE_N_HOLDING_TIME,NITRATE_N_HOLDING_TIME,Water Chemistry,NRSA 1819 Water Chemistry and Chlorophyll-a,Time from sampling to analysis (days): nitrate,COLUMN,,,,Single metadata definition,waterchem,1,1
1819,waterchem_NITRATE_N_MDL,NITRATE_N_MDL,Water Chemistry,NRSA 1819 Water Chemistry and Chlorophyll-a,Method detection limit of nitrate,COLUMN,,,,Single metadata definition,waterchem,1,1
1819,waterchem_NITRATE_N_NARS_FLAG,NITRATE_N_NARS_FLAG,Water Chemistry,NRSA 1819 Water Chemistry and Chlorophyll-a,NARS flag translated from QA flag by lab: Nitrate as N,COLUMN,,,,Single metadata definition,waterchem,1,1
1819,waterchem_NITRATE_N_QA_FLAG,NITRATE_N_QA_FLAG,Water Chemistry,NRSA 1819 Water Chemistry and Chlorophyll-a,QA flag assigned by lab: nitrate,COLUMN,,,,Single metadata definition,waterchem,1,1
1819,waterchem_NITRATE_N_RESULT,NITRATE_N_RESULT,Water Chemistry,NRSA 1819 Water Chemistry and Chlorophyll-a,Analyte value: nitrate,COLUMN,,,,Single metadata definition,waterchem,1,1
1819,waterchem_NITRATE_N_RL,NITRATE_N_RL,Water Chemistry,NRSA 1819 Water Chemistry and Chlorophyll-a,Reporting limit of nitrate,COLUMN,,,,Single metadata definition,waterchem,1,1
1819,waterchem_NITRATE_N_UNITS,NITRATE_N_UNITS,Water Chemistry,NRSA 1819 Water Chemistry and Chlorophyll-a,Units of measurement: nitrate,COLUMN,,,,Single metadata definition,waterchem,1,1
1819,waterchem_NITRATE_NITRITE_N_BATCH_ID,NITRATE_NITRITE_N_BATCH_ID,Water Chemistry,NRSA 1819 Water Chemistry and Chlorophyll-a,Laboratory Batch ID for Nitrate+Nitrite as N,COLUMN,,,,Single metadata definition,waterchem,1,1
1819,waterchem_NITRATE_NITRITE_N_DATE_ANALYZED,NITRATE_NITRITE_N_DATE_ANALYZED,Water Chemistry,NRSA 1819 Water Chemistry and Chlorophyll-a,Date sample analyzed for analyte: Nitrate+Nitrite as N,COLUMN,,,,Single metadata definition,waterchem,1,1
1819,waterchem_NITRATE_NITRITE_N_HOLDING_TIME,NITRATE_NITRITE_N_HOLDING_TIME,Water Chemistry,NRSA 1819 Water Chemistry and Chlorophyll-a,Time from sampling to analysis (days): Nitrate+Nitrite as N,COLUMN,,,,Single metadata definition,waterchem,1,1
1819,waterchem_NITRATE_NITRITE_N_MDL,NITRATE_NITRITE_N_MDL,Water Chemistry,NRSA 1819 Water Chemistry and Chlorophyll-a,Method detection limit of nitrate-nitrite,COLUMN,,,,Single metadata definition,waterchem,1,1
1819,waterchem_NITRATE_NITRITE_N_NARS_FLAG,NITRATE_NITRITE_N_NARS_FLAG,Water Chemistry,NRSA 1819 Water Chemistry and Chlorophyll-a,Flag assigned by NARS: nitrate-nitrite,COLUMN,,,,Single metadata definition,waterchem,1,1
1819,waterchem_NITRATE_NITRITE_N_QA_FLAG,NITRATE_NITRITE_N_QA_FLAG,Water Chemistry,NRSA 1819 Water Chemistry and Chlorophyll-a,QA flag assigned by lab: Nitrate+Nitrite as N,COLUMN,,,,Single metadata definition,waterchem,1,1
1819,waterchem_NITRATE_NITRITE_N_RESULT,NITRATE_NITRITE_N_RESULT,Water Chemistry,NRSA 1819 Water Chemistry and Chlorophyll-a,Analyte value: nitrate-nitrite,COLUMN,,,,Single metadata definition,waterchem,1,1
1819,waterchem_NITRATE_NITRITE_N_RL,NITRATE_NITRITE_N_RL,Water Chemistry,NRSA 1819 Water Chemistry and Chlorophyll-a,Method Reporting Limit: Nitrate+Nitrite as N,COLUMN,,,,Single metadata definition,waterchem,1,1
1819,waterchem_NITRATE_NITRITE_N_UNITS,NITRATE_NITRITE_N_UNITS,Water Chemistry,NRSA 1819 Water Chemistry and Chlorophyll-a,Units of measurement: nitrate-nitrite,COLUMN,,,,Single metadata definition,waterchem,1,1
1819,waterchem_NITRITE_N_BATCH_ID,NITRITE_N_BATCH_ID,Water Chemistry,NRSA 1819 Water Chemistry and Chlorophyll-a,Laboratory Batch ID for Nitrite as N,COLUMN,,,,Single metadata definition,waterchem,1,1
1819,waterchem_NITRITE_N_DATE_ANALYZED,NITRITE_N_DATE_ANALYZED,Water Chemistry,NRSA 1819 Water Chemistry and Chlorophyll-a,Date sample analyzed for analyte: nitrite,COLUMN,,,,Single metadata definition,waterchem,1,1
1819,waterchem_NITRITE_N_DILUTION_FACTOR,NITRITE_N_DILUTION_FACTOR,Water Chemistry,NRSA 1819 Water Chemistry and Chlorophyll-a,Factor used to correct results based on dilution of sample by lab: Nitrite as N,COLUMN,,,,Single metadata definition,waterchem,1,1
1819,waterchem_NITRITE_N_HOLDING_TIME,NITRITE_N_HOLDING_TIME,Water Chemistry,NRSA 1819 Water Chemistry and Chlorophyll-a,Time from sampling to analysis (days): nitrite,COLUMN,,,,Single metadata definition,waterchem,1,1
1819,waterchem_NITRITE_N_MDL,NITRITE_N_MDL,Water Chemistry,NRSA 1819 Water Chemistry and Chlorophyll-a,Method detection limit of nitrite,COLUMN,,,,Single metadata definition,waterchem,1,1
1819,waterchem_NITRITE_N_NARS_FLAG,NITRITE_N_NARS_FLAG,Water Chemistry,NRSA 1819 Water Chemistry and Chlorophyll-a,NARS flag translated from QA flag by lab: Nitrite as N,COLUMN,,,,Single metadata definition,waterchem,1,1
1819,waterchem_NITRITE_N_QA_FLAG,NITRITE_N_QA_FLAG,Water Chemistry,NRSA 1819 Water Chemistry and Chlorophyll-a,QA flag assigned by lab: nitrite,COLUMN,,,,Single metadata definition,waterchem,1,1
1819,waterchem_NITRITE_N_RESULT,NITRITE_N_RESULT,Water Chemistry,NRSA 1819 Water Chemistry and Chlorophyll-a,Analyte value: nitrite,COLUMN,,,,Single metadata definition,waterchem,1,1
1819,waterchem_NITRITE_N_RL,NITRITE_N_RL,Water Chemistry,NRSA 1819 Water Chemistry and Chlorophyll-a,Method Reporting Limit: Nitrite as N,COLUMN,,,,Single metadata definition,waterchem,1,1
1819,waterchem_NITRITE_N_UNITS,NITRITE_N_UNITS,Water Chemistry,NRSA 1819 Water Chemistry and Chlorophyll-a,Units of measurement: nitrite,COLUMN,,,,Single metadata definition,waterchem,1,1
1819,waterchem_NTL_BATCH_ID,NTL_BATCH_ID,Water Chemistry,NRSA 1819 Water Chemistry and Chlorophyll-a,Lab batch id - Total nitrogen,COLUMN,,,,Single metadata definition,waterchem,1,1
1819,waterchem_NTL_DATE_ANALYZED,NTL_DATE_ANALYZED,Water Chemistry,NRSA 1819 Water Chemistry and Chlorophyll-a,Date of lab analysis - Total nitrogen,COLUMN,,,,Single metadata definition,waterchem,1,1
1819,waterchem_NTL_DISS_BATCH_ID,NTL_DISS_BATCH_ID,Water Chemistry,NRSA 1819 Water Chemistry and Chlorophyll-a,Laboratory Batch ID for Dissolved Total Nitrogen,COLUMN,,,,Single metadata definition,waterchem,1,1
1819,waterchem_NTL_DISS_DATE_ANALYZED,NTL_DISS_DATE_ANALYZED,Water Chemistry,NRSA 1819 Water Chemistry and Chlorophyll-a,Date sample analyzed for analyte: Dissolved Total Nitrogen,COLUMN,,,,Single metadata definition,waterchem,1,1
1819,waterchem_NTL_DISS_HOLDING_TIME,NTL_DISS_HOLDING_TIME,Water Chemistry,NRSA 1819 Water Chemistry and Chlorophyll-a,Time from sampling to analysis (days): Dissolved Total Nitrogen,COLUMN,,,,Single metadata definition,waterchem,1,1
1819,waterchem_NTL_DISS_MDL,NTL_DISS_MDL,Water Chemistry,NRSA 1819 Water Chemistry and Chlorophyll-a,Method Detection Limit: Dissolved Total Nitrogen,COLUMN,,,,Single metadata definition,waterchem,1,1
1819,waterchem_NTL_DISS_NARS_FLAG,NTL_DISS_NARS_FLAG,Water Chemistry,NRSA 1819 Water Chemistry and Chlorophyll-a,NARS flag translated from QA flag by lab: Dissolved Total Nitrogen,COLUMN,,,,Single metadata definition,waterchem,1,1
1819,waterchem_NTL_DISS_QA_FLAG,NTL_DISS_QA_FLAG,Water Chemistry,NRSA 1819 Water Chemistry and Chlorophyll-a,QA flag assigned by lab: Dissolved Total Nitrogen,COLUMN,,,,Single metadata definition,waterchem,1,1
1819,waterchem_NTL_DISS_RESULT,NTL_DISS_RESULT,Water Chemistry,NRSA 1819 Water Chemistry and Chlorophyll-a,Analyte value: Dissolved Total Nitrogen,COLUMN,,,,Single metadata definition,waterchem,1,1
1819,waterchem_NTL_DISS_UNITS,NTL_DISS_UNITS,Water Chemistry,NRSA 1819 Water Chemistry and Chlorophyll-a,Units for Dissolved Total Nitrogen,COLUMN,,,,Single metadata definition,waterchem,1,1
1819,waterchem_NTL_HOLDING_TIME,NTL_HOLDING_TIME,Water Chemistry,NRSA 1819 Water Chemistry and Chlorophyll-a,Holding time (days) - Total nitrogen,COLUMN,,,,Single metadata definition,waterchem,1,1
1819,waterchem_NTL_MDL,NTL_MDL,Water Chemistry,NRSA 1819 Water Chemistry and Chlorophyll-a,Method Detection Limit: Total Nitrogen,COLUMN,,,,Single metadata definition,waterchem,1,1
1819,waterchem_NTL_NARS_FLAG,NTL_NARS_FLAG,Water Chemistry,NRSA 1819 Water Chemistry and Chlorophyll-a,NARS flag translated from QA flag by lab: Total Nitrogen,COLUMN,,,,Single metadata definition,waterchem,1,1
1819,waterchem_NTL_QA_FLAG,NTL_QA_FLAG,Water Chemistry,NRSA 1819 Water Chemistry and Chlorophyll-a,QA flag assigned by lab: Total Nitrogen,COLUMN,,,,Single metadata definition,waterchem,1,1
1819,waterchem_NTL_RESULT,NTL_RESULT,Water Chemistry,NRSA 1819 Water Chemistry and Chlorophyll-a,Total Nitrogen,COLUMN,,,,Single metadata definition,waterchem,1,1
1819,waterchem_NTL_RL,NTL_RL,Water Chemistry,NRSA 1819 Water Chemistry and Chlorophyll-a,Method Reporting Limit: Total Nitrogen,COLUMN,,,,Single metadata definition,waterchem,1,1
1819,waterchem_NTL_UNITS,NTL_UNITS,Water Chemistry,NRSA 1819 Water Chemistry and Chlorophyll-a,Units - Total nitrogen,COLUMN,,,,Single metadata definition,waterchem,1,1
1819,waterchem_PH_BATCH_ID,PH_BATCH_ID,Water Chemistry,NRSA 1819 Water Chemistry and Chlorophyll-a,Laboratory Batch ID for pH,COLUMN,,,,Single metadata definition,waterchem,1,1
1819,waterchem_PH_DATE_ANALYZED,PH_DATE_ANALYZED,Water Chemistry,NRSA 1819 Water Chemistry and Chlorophyll-a,Date sample analyzed for analyte: pH,COLUMN,,,,Single metadata definition,waterchem,1,1
1819,waterchem_PH_HOLDING_TIME,PH_HOLDING_TIME,Water Chemistry,NRSA 1819 Water Chemistry and Chlorophyll-a,Time from sampling to analysis (days): pH,COLUMN,,,,Single metadata definition,waterchem,1,1
1819,waterchem_PH_NARS_FLAG,PH_NARS_FLAG,Water Chemistry,NRSA 1819 Water Chemistry and Chlorophyll-a,NARS flag translated from QA flag by lab: pH,COLUMN,,,,Single metadata definition,waterchem,1,1
1819,waterchem_PH_QA_FLAG,PH_QA_FLAG,Water Chemistry,NRSA 1819 Water Chemistry and Chlorophyll-a,QA flag assigned by lab: pH,COLUMN,,,,Single metadata definition,waterchem,1,1
1819,waterchem_PH_RESULT,PH_RESULT,Water Chemistry,NRSA 1819 Water Chemistry and Chlorophyll-a,Analyte value: pH,COLUMN,,,,Single metadata definition,waterchem,1,1
1819,waterchem_PH_UNITS,PH_UNITS,Water Chemistry,NRSA 1819 Water Chemistry and Chlorophyll-a,Units of measurement: pH,COLUMN,,,,Single metadata definition,waterchem,1,1
1819,waterchem_PHEO_BATCH_ID,PHEO_BATCH_ID,Water Chemistry,NRSA 1819 Water Chemistry and Chlorophyll-a,Laboratory Batch ID for Pheophytin,COLUMN,,,,Single metadata definition,waterchem,1,1
1819,waterchem_PHEO_DATE_ANALYZED,PHEO_DATE_ANALYZED,Water Chemistry,NRSA 1819 Water Chemistry and Chlorophyll-a,Date sample analyzed for analyte: Pheophytin,COLUMN,,,,Single metadata definition,waterchem,1,1
1819,waterchem_PHEO_HOLDING_TIME,PHEO_HOLDING_TIME,Water Chemistry,NRSA 1819 Water Chemistry and Chlorophyll-a,Time from sampling to analysis (days): Pheophytin,COLUMN,,,,Single metadata definition,waterchem,1,1
1819,waterchem_PHEO_NARS_FLAG,PHEO_NARS_FLAG,Water Chemistry,NRSA 1819 Water Chemistry and Chlorophyll-a,NARS flag translated from QA flag by lab: Pheophytin,COLUMN,,,,Single metadata definition,waterchem,1,1
1819,waterchem_PHEO_RESULT,PHEO_RESULT,Water Chemistry,NRSA 1819 Water Chemistry and Chlorophyll-a,Analyte value: Pheophytin,COLUMN,,,,Single metadata definition,waterchem,1,1
1819,waterchem_PHEO_RL,PHEO_RL,Water Chemistry,NRSA 1819 Water Chemistry and Chlorophyll-a,Method Reporting Limit: Pheophytin,COLUMN,,,,Single metadata definition,waterchem,1,1
1819,waterchem_POTASSIUM_BATCH_ID,POTASSIUM_BATCH_ID,Water Chemistry,NRSA 1819 Water Chemistry and Chlorophyll-a,Laboratory Batch ID for Potassium,COLUMN,,,,Single metadata definition,waterchem,1,1
1819,waterchem_POTASSIUM_DATE_ANALYZED,POTASSIUM_DATE_ANALYZED,Water Chemistry,NRSA 1819 Water Chemistry and Chlorophyll-a,Date sample analyzed for analyte: potassium,COLUMN,,,,Single metadata definition,waterchem,1,1
1819,waterchem_POTASSIUM_DILUTION_FACTOR,POTASSIUM_DILUTION_FACTOR,Water Chemistry,NRSA 1819 Water Chemistry and Chlorophyll-a,Factor used to correct results based on dilution of sample by lab: Potassium,COLUMN,,,,Single metadata definition,waterchem,1,1
1819,waterchem_POTASSIUM_HOLDING_TIME,POTASSIUM_HOLDING_TIME,Water Chemistry,NRSA 1819 Water Chemistry and Chlorophyll-a,Time from sampling to analysis (days): potassium,COLUMN,,,,Single metadata definition,waterchem,1,1
1819,waterchem_POTASSIUM_MDL,POTASSIUM_MDL,Water Chemistry,NRSA 1819 Water Chemistry and Chlorophyll-a,Method detection limit of potassium,COLUMN,,,,Single metadata definition,waterchem,1,1
1819,waterchem_POTASSIUM_NARS_FLAG,POTASSIUM_NARS_FLAG,Water Chemistry,NRSA 1819 Water Chemistry and Chlorophyll-a,NARS flag translated from QA flag by lab: Potassium,COLUMN,,,,Single metadata definition,waterchem,1,1
1819,waterchem_POTASSIUM_QA_FLAG,POTASSIUM_QA_FLAG,Water Chemistry,NRSA 1819 Water Chemistry and Chlorophyll-a,QA flag assigned by lab: potassium,COLUMN,,,,Single metadata definition,waterchem,1,1
1819,waterchem_POTASSIUM_RESULT,POTASSIUM_RESULT,Water Chemistry,NRSA 1819 Water Chemistry and Chlorophyll-a,Analyte value: potassium,COLUMN,,,,Single metadata definition,waterchem,1,1
1819,waterchem_POTASSIUM_RL,POTASSIUM_RL,Water Chemistry,NRSA 1819 Water Chemistry and Chlorophyll-a,Reporting limit of potassium,COLUMN,,,,Single metadata definition,waterchem,1,1
1819,waterchem_POTASSIUM_UNITS,POTASSIUM_UNITS,Water Chemistry,NRSA 1819 Water Chemistry and Chlorophyll-a,Units of measurement: potassium,COLUMN,,,,Single metadata definition,waterchem,1,1
1819,waterchem_PTL_BATCH_ID,PTL_BATCH_ID,Water Chemistry,NRSA 1819 Water Chemistry and Chlorophyll-a,Lab batch id - Total phosphorus,COLUMN,,,,Single metadata definition,waterchem,1,1
1819,waterchem_PTL_DATE_ANALYZED,PTL_DATE_ANALYZED,Water Chemistry,NRSA 1819 Water Chemistry and Chlorophyll-a,Date of lab analysis - Total phosphorus,COLUMN,,,,Single metadata definition,waterchem,1,1
1819,waterchem_PTL_DISS_BATCH_ID,PTL_DISS_BATCH_ID,Water Chemistry,NRSA 1819 Water Chemistry and Chlorophyll-a,Laboratory Batch ID for Dissolved Total Phosphorus,COLUMN,,,,Single metadata definition,waterchem,1,1
1819,waterchem_PTL_DISS_DATE_ANALYZED,PTL_DISS_DATE_ANALYZED,Water Chemistry,NRSA 1819 Water Chemistry and Chlorophyll-a,Date sample analyzed for analyte: Dissolved Total Phosphorus,COLUMN,,,,Single metadata definition,waterchem,1,1
1819,waterchem_PTL_DISS_HOLDING_TIME,PTL_DISS_HOLDING_TIME,Water Chemistry,NRSA 1819 Water Chemistry and Chlorophyll-a,Time from sampling to analysis (days): Dissolved Total Phosphorus,COLUMN,,,,Single metadata definition,waterchem,1,1
1819,waterchem_PTL_DISS_MDL,PTL_DISS_MDL,Water Chemistry,NRSA 1819 Water Chemistry and Chlorophyll-a,Method Detection Limit: Dissolved Total Phosphorus,COLUMN,,,,Single metadata definition,waterchem,1,1
1819,waterchem_PTL_DISS_NARS_FLAG,PTL_DISS_NARS_FLAG,Water Chemistry,NRSA 1819 Water Chemistry and Chlorophyll-a,NARS flag translated from QA flag by lab: Dissolved Total Phosphorus,COLUMN,,,,Single metadata definition,waterchem,1,1
1819,waterchem_PTL_DISS_QA_FLAG,PTL_DISS_QA_FLAG,Water Chemistry,NRSA 1819 Water Chemistry and Chlorophyll-a,QA flag assigned by lab: Dissolved Total Phosphorus,COLUMN,,,,Single metadata definition,waterchem,1,1
1819,waterchem_PTL_DISS_RESULT,PTL_DISS_RESULT,Water Chemistry,NRSA 1819 Water Chemistry and Chlorophyll-a,Analyte value: Dissolved Total Phosphorus,COLUMN,,,,Single metadata definition,waterchem,1,1
1819,waterchem_PTL_DISS_UNITS,PTL_DISS_UNITS,Water Chemistry,NRSA 1819 Water Chemistry and Chlorophyll-a,Units for Dissolved Total Phosphorus,COLUMN,,,,Single metadata definition,waterchem,1,1
1819,waterchem_PTL_HOLDING_TIME,PTL_HOLDING_TIME,Water Chemistry,NRSA 1819 Water Chemistry and Chlorophyll-a,Holding time (days) - Total phosphorus,COLUMN,,,,Single metadata definition,waterchem,1,1
1819,waterchem_PTL_MDL,PTL_MDL,Water Chemistry,NRSA 1819 Water Chemistry and Chlorophyll-a,Method Detection Limit: Total Phosphorus,COLUMN,,,,Single metadata definition,waterchem,1,1
1819,waterchem_PTL_NARS_FLAG,PTL_NARS_FLAG,Water Chemistry,NRSA 1819 Water Chemistry and Chlorophyll-a,NARS flag translated from QA flag by lab: Total Phosphorus,COLUMN,,,,Single metadata definition,waterchem,1,1
1819,waterchem_PTL_QA_FLAG,PTL_QA_FLAG,Water Chemistry,NRSA 1819 Water Chemistry and Chlorophyll-a,QA flag assigned by lab: Total Phosphorus,COLUMN,,,,Single metadata definition,waterchem,1,1
1819,waterchem_PTL_RESULT,PTL_RESULT,Water Chemistry,NRSA 1819 Water Chemistry and Chlorophyll-a,Total Phosphorus,COLUMN,,,,Single metadata definition,waterchem,1,1
1819,waterchem_PTL_RL,PTL_RL,Water Chemistry,NRSA 1819 Water Chemistry and Chlorophyll-a,Method Reporting Limit: Total Phosphorus,COLUMN,,,,Single metadata definition,waterchem,1,1
1819,waterchem_PTL_UNITS,PTL_UNITS,Water Chemistry,NRSA 1819 Water Chemistry and Chlorophyll-a,Units - Total phosphorus,COLUMN,,,,Single metadata definition,waterchem,1,1
1819,waterchem_PUBLICATION_DATE,PUBLICATION_DATE,Water Chemistry,NRSA 1819 Water Chemistry and Chlorophyll-a,Date the dataset was published to the NARS site,COLUMN,,,,Single metadata definition,waterchem,12,1
1819,waterchem_SAM_CODE,SAM_CODE,Water Chemistry,NRSA 1819 Water Chemistry and Chlorophyll-a,Sample code (Regular/Lab duplicate/Lab split),COLUMN,,,,Single metadata definition,waterchem,6,1
1819,waterchem_SILICA_BATCH_ID,SILICA_BATCH_ID,Water Chemistry,NRSA 1819 Water Chemistry and Chlorophyll-a,Laboratory Batch ID for Silica,COLUMN,,,,Single metadata definition,waterchem,1,1
1819,waterchem_SILICA_DATE_ANALYZED,SILICA_DATE_ANALYZED,Water Chemistry,NRSA 1819 Water Chemistry and Chlorophyll-a,Date sample analyzed for analyte: silica,COLUMN,,,,Single metadata definition,waterchem,1,1
1819,waterchem_SILICA_HOLDING_TIME,SILICA_HOLDING_TIME,Water Chemistry,NRSA 1819 Water Chemistry and Chlorophyll-a,Time from sampling to analysis (days): silica,COLUMN,,,,Single metadata definition,waterchem,1,1
1819,waterchem_SILICA_MDL,SILICA_MDL,Water Chemistry,NRSA 1819 Water Chemistry and Chlorophyll-a,Method detection limit of silica,COLUMN,,,,Single metadata definition,waterchem,1,1
1819,waterchem_SILICA_NARS_FLAG,SILICA_NARS_FLAG,Water Chemistry,NRSA 1819 Water Chemistry and Chlorophyll-a,NARS flag translated from QA flag by lab: Silica,COLUMN,,,,Single metadata definition,waterchem,1,1
1819,waterchem_SILICA_QA_FLAG,SILICA_QA_FLAG,Water Chemistry,NRSA 1819 Water Chemistry and Chlorophyll-a,QA flag assigned by lab: silica,COLUMN,,,,Single metadata definition,waterchem,1,1
1819,waterchem_SILICA_RESULT,SILICA_RESULT,Water Chemistry,NRSA 1819 Water Chemistry and Chlorophyll-a,Analyte value: silica,COLUMN,,,,Single metadata definition,waterchem,1,1
1819,waterchem_SILICA_RL,SILICA_RL,Water Chemistry,NRSA 1819 Water Chemistry and Chlorophyll-a,Method Reporting Limit: Silica,COLUMN,,,,Single metadata definition,waterchem,1,1
1819,waterchem_SILICA_UNITS,SILICA_UNITS,Water Chemistry,NRSA 1819 Water Chemistry and Chlorophyll-a,Units of measurement: silica,COLUMN,,,,Single metadata definition,waterchem,1,1
1819,waterchem_SITE_ID,SITE_ID,Water Chemistry,NRSA 1819 Water Chemistry and Chlorophyll-a,"Site ID for the study and year sampled. Preferred form is NRSnn_MM-xxxxx where nn is current cycle year (04, 08, 13, 18, etc), MM is two letter state code, and xxxxx is between 10001 and 99999. Text. No missing values allowed. | Identification code for site",DESIGN | VERIF,,,,Multiple protocol-specific labels — see Metadata Detail,waterchem,16,2
1819,waterchem_SODIUM_BATCH_ID,SODIUM_BATCH_ID,Water Chemistry,NRSA 1819 Water Chemistry and Chlorophyll-a,Laboratory Batch ID for Sodium,COLUMN,,,,Single metadata definition,waterchem,1,1
1819,waterchem_SODIUM_DATE_ANALYZED,SODIUM_DATE_ANALYZED,Water Chemistry,NRSA 1819 Water Chemistry and Chlorophyll-a,Date sample analyzed for analyte: sodium,COLUMN,,,,Single metadata definition,waterchem,1,1
1819,waterchem_SODIUM_DILUTION_FACTOR,SODIUM_DILUTION_FACTOR,Water Chemistry,NRSA 1819 Water Chemistry and Chlorophyll-a,Factor used to correct results based on dilution of sample by lab: Sodium,COLUMN,,,,Single metadata definition,waterchem,1,1
1819,waterchem_SODIUM_HOLDING_TIME,SODIUM_HOLDING_TIME,Water Chemistry,NRSA 1819 Water Chemistry and Chlorophyll-a,Time from sampling to analysis (days): sodium,COLUMN,,,,Single metadata definition,waterchem,1,1
1819,waterchem_SODIUM_MDL,SODIUM_MDL,Water Chemistry,NRSA 1819 Water Chemistry and Chlorophyll-a,Method detection limit of sodium,COLUMN,,,,Single metadata definition,waterchem,1,1
1819,waterchem_SODIUM_NARS_FLAG,SODIUM_NARS_FLAG,Water Chemistry,NRSA 1819 Water Chemistry and Chlorophyll-a,NARS flag translated from QA flag by lab: Sodium,COLUMN,,,,Single metadata definition,waterchem,1,1
1819,waterchem_SODIUM_QA_FLAG,SODIUM_QA_FLAG,Water Chemistry,NRSA 1819 Water Chemistry and Chlorophyll-a,QA flag assigned by lab: sodium,COLUMN,,,,Single metadata definition,waterchem,1,1
1819,waterchem_SODIUM_RESULT,SODIUM_RESULT,Water Chemistry,NRSA 1819 Water Chemistry and Chlorophyll-a,Analyte value: sodium,COLUMN,,,,Single metadata definition,waterchem,1,1
1819,waterchem_SODIUM_RL,SODIUM_RL,Water Chemistry,NRSA 1819 Water Chemistry and Chlorophyll-a,Method Reporting Limit: Sodium,COLUMN,,,,Single metadata definition,waterchem,1,1
1819,waterchem_SODIUM_UNITS,SODIUM_UNITS,Water Chemistry,NRSA 1819 Water Chemistry and Chlorophyll-a,Units of measurement: sodium,COLUMN,,,,Single metadata definition,waterchem,1,1
1819,waterchem_STATE,STATE,Water Chemistry,NRSA 1819 Water Chemistry and Chlorophyll-a,State,VERIF,|AK|AL|AR|AZ|CA|CO|CT|DC|DE|FL|GA|HI|IA|ID|IL|IN|KS|KY|LA|MA|MD|ME|MI|MN|MO|MS|MT|NC|ND|NE|NH|NJ|NM|NV|NY|OH|OK|OR|PA|RI|SC|SD|TN|TX|UT|VA|VT|WA|WI|WV|WY,,,Single metadata definition,waterchem,13,1
1819,waterchem_SULFATE_BATCH_ID,SULFATE_BATCH_ID,Water Chemistry,NRSA 1819 Water Chemistry and Chlorophyll-a,Laboratory Batch ID for Sulfate,COLUMN,,,,Single metadata definition,waterchem,1,1
1819,waterchem_SULFATE_DATE_ANALYZED,SULFATE_DATE_ANALYZED,Water Chemistry,NRSA 1819 Water Chemistry and Chlorophyll-a,Date sample analyzed for analyte: sulfate,COLUMN,,,,Single metadata definition,waterchem,1,1
1819,waterchem_SULFATE_DILUTION_FACTOR,SULFATE_DILUTION_FACTOR,Water Chemistry,NRSA 1819 Water Chemistry and Chlorophyll-a,Factor used to correct results based on dilution of sample by lab: Sulfate,COLUMN,,,,Single metadata definition,waterchem,1,1
1819,waterchem_SULFATE_HOLDING_TIME,SULFATE_HOLDING_TIME,Water Chemistry,NRSA 1819 Water Chemistry and Chlorophyll-a,Time from sampling to analysis (days): sulfate,COLUMN,,,,Single metadata definition,waterchem,1,1
1819,waterchem_SULFATE_MDL,SULFATE_MDL,Water Chemistry,NRSA 1819 Water Chemistry and Chlorophyll-a,Method detection limit of sulfate,COLUMN,,,,Single metadata definition,waterchem,1,1
1819,waterchem_SULFATE_NARS_FLAG,SULFATE_NARS_FLAG,Water Chemistry,NRSA 1819 Water Chemistry and Chlorophyll-a,NARS flag translated from QA flag by lab: Sulfate,COLUMN,,,,Single metadata definition,waterchem,1,1
1819,waterchem_SULFATE_QA_FLAG,SULFATE_QA_FLAG,Water Chemistry,NRSA 1819 Water Chemistry and Chlorophyll-a,QA flag assigned by lab: sulfate,COLUMN,,,,Single metadata definition,waterchem,1,1
1819,waterchem_SULFATE_RESULT,SULFATE_RESULT,Water Chemistry,NRSA 1819 Water Chemistry and Chlorophyll-a,Analyte value: sulfate,COLUMN,,,,Single metadata definition,waterchem,1,1
1819,waterchem_SULFATE_RL,SULFATE_RL,Water Chemistry,NRSA 1819 Water Chemistry and Chlorophyll-a,Method Reporting Limit: Sulfate,COLUMN,,,,Single metadata definition,waterchem,1,1
1819,waterchem_SULFATE_UNITS,SULFATE_UNITS,Water Chemistry,NRSA 1819 Water Chemistry and Chlorophyll-a,Units of measurement: sulfate,COLUMN,,,,Single metadata definition,waterchem,1,1
1819,waterchem_TKN_BATCH_ID,TKN_BATCH_ID,Water Chemistry,NRSA 1819 Water Chemistry and Chlorophyll-a,Laboratory Batch ID for Total Kjeldahl Nitrogen,COLUMN,,,,Single metadata definition,waterchem,1,1
1819,waterchem_TKN_DATE_ANALYZED,TKN_DATE_ANALYZED,Water Chemistry,NRSA 1819 Water Chemistry and Chlorophyll-a,Date sample analyzed for analyte: Total Kjeldahl Nitrogen,COLUMN,,,,Single metadata definition,waterchem,1,1
1819,waterchem_TKN_HOLDING_TIME,TKN_HOLDING_TIME,Water Chemistry,NRSA 1819 Water Chemistry and Chlorophyll-a,Time from sampling to analysis (days): Total Kjeldahl Nitrogen,COLUMN,,,,Single metadata definition,waterchem,1,1
1819,waterchem_TKN_MDL,TKN_MDL,Water Chemistry,NRSA 1819 Water Chemistry and Chlorophyll-a,Method Detection Limit: Total Kjeldahl Nitrogen,COLUMN,,,,Single metadata definition,waterchem,1,1
1819,waterchem_TKN_NARS_FLAG,TKN_NARS_FLAG,Water Chemistry,NRSA 1819 Water Chemistry and Chlorophyll-a,NARS flag translated from QA flag by lab: Total Kjeldahl Nitrogen,COLUMN,,,,Single metadata definition,waterchem,1,1
1819,waterchem_TKN_QA_FLAG,TKN_QA_FLAG,Water Chemistry,NRSA 1819 Water Chemistry and Chlorophyll-a,QA flag assigned by lab: Total Kjeldahl Nitrogen,COLUMN,,,,Single metadata definition,waterchem,1,1
1819,waterchem_TKN_RESULT,TKN_RESULT,Water Chemistry,NRSA 1819 Water Chemistry and Chlorophyll-a,Analyte value: Total Kjeldahl Nitrogen,COLUMN,,,,Single metadata definition,waterchem,1,1
1819,waterchem_TKN_RL,TKN_RL,Water Chemistry,NRSA 1819 Water Chemistry and Chlorophyll-a,Method Reporting Limit: Total Kjeldahl Nitrogen,COLUMN,,,,Single metadata definition,waterchem,1,1
1819,waterchem_TKN_UNITS,TKN_UNITS,Water Chemistry,NRSA 1819 Water Chemistry and Chlorophyll-a,Units for Total Kjeldahl Nitrogen,COLUMN,,,,Single metadata definition,waterchem,1,1
1819,waterchem_TSS_BATCH_ID,TSS_BATCH_ID,Water Chemistry,NRSA 1819 Water Chemistry and Chlorophyll-a,Laboratory Batch ID for Total Suspended Solids,COLUMN,,,,Single metadata definition,waterchem,1,1
1819,waterchem_TSS_DATE_ANALYZED,TSS_DATE_ANALYZED,Water Chemistry,NRSA 1819 Water Chemistry and Chlorophyll-a,Date sample analyzed for analyte: Total Suspended Solids,COLUMN,,,,Single metadata definition,waterchem,1,1
1819,waterchem_TSS_HOLDING_TIME,TSS_HOLDING_TIME,Water Chemistry,NRSA 1819 Water Chemistry and Chlorophyll-a,Time from sampling to analysis (days): Total Suspended Solids,COLUMN,,,,Single metadata definition,waterchem,1,1
1819,waterchem_TSS_MDL,TSS_MDL,Water Chemistry,NRSA 1819 Water Chemistry and Chlorophyll-a,Method Detection Limit: Total Suspended Solids,COLUMN,,,,Single metadata definition,waterchem,1,1
1819,waterchem_TSS_NARS_FLAG,TSS_NARS_FLAG,Water Chemistry,NRSA 1819 Water Chemistry and Chlorophyll-a,NARS flag translated from QA flag by lab: Total Suspended Solids,COLUMN,,,,Single metadata definition,waterchem,1,1
1819,waterchem_TSS_QA_FLAG,TSS_QA_FLAG,Water Chemistry,NRSA 1819 Water Chemistry and Chlorophyll-a,QA flag assigned by lab: Total Suspended Solids,COLUMN,,,,Single metadata definition,waterchem,1,1
1819,waterchem_TSS_RESULT,TSS_RESULT,Water Chemistry,NRSA 1819 Water Chemistry and Chlorophyll-a,Total Suspended Solids,COLUMN,,,,Single metadata definition,waterchem,1,1
1819,waterchem_TSS_RL,TSS_RL,Water Chemistry,NRSA 1819 Water Chemistry and Chlorophyll-a,Method Reporting Limit: Total Suspended Solids,COLUMN,,,,Single metadata definition,waterchem,1,1
1819,waterchem_TSS_UNITS,TSS_UNITS,Water Chemistry,NRSA 1819 Water Chemistry and Chlorophyll-a,Units for Total Suspended Solids,COLUMN,,,,Single metadata definition,waterchem,1,1
1819,waterchem_TURB_BATCH_ID,TURB_BATCH_ID,Water Chemistry,NRSA 1819 Water Chemistry and Chlorophyll-a,Laboratory Batch ID for Turbidity,COLUMN,,,,Single metadata definition,waterchem,1,1
1819,waterchem_TURB_DATE_ANALYZED,TURB_DATE_ANALYZED,Water Chemistry,NRSA 1819 Water Chemistry and Chlorophyll-a,Date sample analyzed for analyte: turbidity,COLUMN,,,,Single metadata definition,waterchem,1,1
1819,waterchem_TURB_HOLDING_TIME,TURB_HOLDING_TIME,Water Chemistry,NRSA 1819 Water Chemistry and Chlorophyll-a,Time from sampling to analysis (days): turbidity,COLUMN,,,,Single metadata definition,waterchem,1,1
1819,waterchem_TURB_MDL,TURB_MDL,Water Chemistry,NRSA 1819 Water Chemistry and Chlorophyll-a,Method Detection Limit: Turbidity,COLUMN,,,,Single metadata definition,waterchem,1,1
1819,waterchem_TURB_NARS_FLAG,TURB_NARS_FLAG,Water Chemistry,NRSA 1819 Water Chemistry and Chlorophyll-a,NARS flag translated from QA flag by lab: Turbidity,COLUMN,,,,Single metadata definition,waterchem,1,1
1819,waterchem_TURB_QA_FLAG,TURB_QA_FLAG,Water Chemistry,NRSA 1819 Water Chemistry and Chlorophyll-a,QA flag assigned by lab: turbidity,COLUMN,,,,Single metadata definition,waterchem,1,1
1819,waterchem_TURB_RESULT,TURB_RESULT,Water Chemistry,NRSA 1819 Water Chemistry and Chlorophyll-a,Analyte value: turbidity,COLUMN,,,,Single metadata definition,waterchem,1,1
1819,waterchem_TURB_RL,TURB_RL,Water Chemistry,NRSA 1819 Water Chemistry and Chlorophyll-a,Method Reporting Limit: Turbidity,COLUMN,,,,Single metadata definition,waterchem,1,1
1819,waterchem_TURB_UNITS,TURB_UNITS,Water Chemistry,NRSA 1819 Water Chemistry and Chlorophyll-a,Units of measurement: turbidity,COLUMN,,,,Single metadata definition,waterchem,1,1
1819,waterchem_UID,UID,Water Chemistry,NRSA 1819 Water Chemistry and Chlorophyll-a,Unique identifier for the site/visit,COLUMN,,,,Single metadata definition,waterchem,15,1
1819,waterchem_VISIT_NO,VISIT_NO,Water Chemistry,NRSA 1819 Water Chemistry and Chlorophyll-a,Sequential number of visit to site,VERIF,|1|2|R,,,Single metadata definition,waterchem,15,1
1819,waterchem_WCHL_DATE_RECEIVED,WCHL_DATE_RECEIVED,Water Chemistry,NRSA 1819 Water Chemistry and Chlorophyll-a,Water chlorophyll sample data received by laboratory,COLUMN,,,,Single metadata definition,waterchem,1,1
1819,waterchem_WCHL_LAB_SAMPLE_ID,WCHL_LAB_SAMPLE_ID,Water Chemistry,NRSA 1819 Water Chemistry and Chlorophyll-a,Water chlorophyll lab sample ID,COLUMN,,,,Single metadata definition,waterchem,1,1
1819,waterchem_WCHL_NOT_COLLECTED,WCHL_NOT_COLLECTED,Water Chemistry,NRSA 1819 Water Chemistry and Chlorophyll-a,Water chlorophyll a sample not collected,COLUMN,,,,Single metadata definition,waterchem,1,1
1819,periphyton_biomass_ANALYTE,ANALYTE,Periphyton Biomass,NRSA 1819 Periphyton Biomass,Analyte,COLUMN,,,,Single metadata definition,periphyton_biomass,4,1
1819,periphyton_biomass_BATCH_ID,BATCH_ID,Periphyton Biomass,NRSA 1819 Periphyton Biomass,Laboratory Batch ID,COLUMN,,,,Single metadata definition,periphyton_biomass,4,1
1819,periphyton_biomass_DATE_ANALYZED,DATE_ANALYZED,Periphyton Biomass,NRSA 1819 Periphyton Biomass,Date sample analyzed,PBIO,,,,Single metadata definition,periphyton_biomass,3,1
1819,periphyton_biomass_DATE_COL,DATE_COL,Periphyton Biomass,NRSA 1819 Periphyton Biomass,Date of data collection in field,VERIF,,,,Single metadata definition,periphyton_biomass,15,1
1819,periphyton_biomass_DATE_RECEIVED,DATE_RECEIVED,Periphyton Biomass,NRSA 1819 Periphyton Biomass,Date sample received,PBIO,,,,Single metadata definition,periphyton_biomass,3,1
1819,periphyton_biomass_EXTRACT,EXTRACT,Periphyton Biomass,NRSA 1819 Periphyton Biomass,Amount in extract,PBIO,,,,Single metadata definition,periphyton_biomass,1,1
1819,periphyton_biomass_HOLDING_TIME,HOLDING_TIME,Periphyton Biomass,NRSA 1819 Periphyton Biomass,Holding time,PBIO,,,,Single metadata definition,periphyton_biomass,1,1
1819,periphyton_biomass_LAB,LAB,Periphyton Biomass,NRSA 1819 Periphyton Biomass,Laboratory processing sample,COLUMN,,,,Single metadata definition,periphyton_biomass,6,1
1819,periphyton_biomass_LAB_SAMPLE_ID,LAB_SAMPLE_ID,Periphyton Biomass,NRSA 1819 Periphyton Biomass,Laboratory Sample ID,PBIO,,,,Single metadata definition,periphyton_biomass,3,1
1819,periphyton_biomass_MATRIX,MATRIX,Periphyton Biomass,NRSA 1819 Periphyton Biomass,"Type of sample (e.g., water, sediment, tissue)",COLUMN,,,,Single metadata definition,periphyton_biomass,6,1
1819,periphyton_biomass_MDL,MDL,Periphyton Biomass,NRSA 1819 Periphyton Biomass,Minimum Detection Limit,PBIO,,,,Single metadata definition,periphyton_biomass,4,1
1819,periphyton_biomass_NARS_FLAG,NARS_FLAG,Periphyton Biomass,NRSA 1819 Periphyton Biomass,NARS flag,PBIO,,,,Single metadata definition,periphyton_biomass,3,1
1819,periphyton_biomass_NOT_COLLECTED,NOT_COLLECTED,Periphyton Biomass,NRSA 1819 Periphyton Biomass,Periphyton Biomass (PBIO) sample not collected,PBIO,,,,Single metadata definition,periphyton_biomass,1,1
1819,periphyton_biomass_PUBLICATION_DATE,PUBLICATION_DATE,Periphyton Biomass,NRSA 1819 Periphyton Biomass,Date of data file publication,COLUMN,,,,Single metadata definition,periphyton_biomass,12,1
1819,periphyton_biomass_QA_FLAG,QA_FLAG,Periphyton Biomass,NRSA 1819 Periphyton Biomass,QA flag from laboratory,PBIO,,,,Single metadata definition,periphyton_biomass,1,1
1819,periphyton_biomass_RESULT,RESULT,Periphyton Biomass,NRSA 1819 Periphyton Biomass,Value of associated parameter | Result,COLUMN | PBIO,,,,Multiple protocol-specific labels — see Metadata Detail,periphyton_biomass,5,2
1819,periphyton_biomass_RESULT_VOL,RESULT_VOL,Periphyton Biomass,NRSA 1819 Periphyton Biomass,"Result by volume, before correcting for area sampled",PBIO,,,,Single metadata definition,periphyton_biomass,2,1
1819,periphyton_biomass_RL,RL,Periphyton Biomass,NRSA 1819 Periphyton Biomass,"Reporting Limit, units varying",PBIO,,,,Single metadata definition,periphyton_biomass,4,1
1819,periphyton_biomass_SAM_CODE,SAM_CODE,Periphyton Biomass,NRSA 1819 Periphyton Biomass,"Sample code (e.g., regular, lab duplicate, lab split)",COLUMN,,,,Single metadata definition,periphyton_biomass,6,1
1819,periphyton_biomass_SAMPLE_ID,SAMPLE_ID,Periphyton Biomass,NRSA 1819 Periphyton Biomass,Field sample ID | Periphyton Biomass (PBIO) sample id,PBIO,,,,Multiple protocol-specific labels — see Metadata Detail,periphyton_biomass,3,2
1819,periphyton_biomass_SAMPLE_TYPE,SAMPLE_TYPE,Periphyton Biomass,NRSA 1819 Periphyton Biomass,"Code identifying sample type: MICX=Microcystin, CYLSPER=Cylindrospermopsin, MICZ=Microcystin in legacy bottle type",COLUMN,,,,Single metadata definition,periphyton_biomass,9,1
1819,periphyton_biomass_SITE_ID,SITE_ID,Periphyton Biomass,NRSA 1819 Periphyton Biomass,"Site ID for the study and year sampled. Preferred form is NRSnn_MM-xxxxx where nn is current cycle year (04, 08, 13, 18, etc), MM is two letter state code, and xxxxx is between 10001 and 99999. No missing or \blank\"" values allowed."" | Site ID",DESIGN | VERIF,,,,Multiple protocol-specific labels — see Metadata Detail,periphyton_biomass,16,2
1819,periphyton_biomass_STATE,STATE,Periphyton Biomass,NRSA 1819 Periphyton Biomass,State of site,COLUMN | VERIF,,,,Same label appears for multiple sample/record types,periphyton_biomass,13,2
1819,periphyton_biomass_UID,UID,Periphyton Biomass,NRSA 1819 Periphyton Biomass,Unique site visit ID,COLUMN,,,,Single metadata definition,periphyton_biomass,15,1
1819,periphyton_biomass_UNIQUE_ID,UNIQUE_ID,Periphyton Biomass,NRSA 1819 Periphyton Biomass,Unique site ID based on location that does not depend on year sampled or any other factor. Form is NRS_ss_nnnnn where ss state and nnnnn is number that starts at 10001. No missing values allowed.,COLUMN,,,,Single metadata definition,periphyton_biomass,7,1
1819,periphyton_biomass_VISIT_NO,VISIT_NO,Periphyton Biomass,NRSA 1819 Periphyton Biomass,Number identifying which visit this is,VERIF,|1|2,,,Single metadata definition,periphyton_biomass,15,1
1819,periphyton_biomass_VOLUME_FILTERED,VOLUME_FILTERED,Periphyton Biomass,NRSA 1819 Periphyton Biomass,Volume of water filtered,PBIO,,,,Single metadata definition,periphyton_biomass,2,1
1819,periphyton_chla_AG_ECO9,AG_ECO9,Chlorophyll-a,NRSA 1819 Periphyton Chlorophyll-a,"NARS 9-level reporting region, based on aggregated Omernik Level III ecoregions. No missing or \blank\"" values allowed.""",DESIGN,,,,Single metadata definition,periphyton_chla,11,1
1819,periphyton_chla_CHLA_BATCH_ID,CHLA_BATCH_ID,Chlorophyll-a,NRSA 1819 Periphyton Chlorophyll-a,Lab batch id - Chlorophyll-a as ug/L in water sample,COLUMN,,,,Single metadata definition,periphyton_chla,2,1
1819,periphyton_chla_DATE_ANALYZED,DATE_ANALYZED,Chlorophyll-a,NRSA 1819 Periphyton Chlorophyll-a,Date sample analyzed,PCHL,,,,Single metadata definition,periphyton_chla,3,1
1819,periphyton_chla_DATE_COL,DATE_COL,Chlorophyll-a,NRSA 1819 Periphyton Chlorophyll-a,Date collected,VERIF,|01|02|03|04|05|06|07|08|09|10|11|12,,,Single metadata definition,periphyton_chla,15,1
1819,periphyton_chla_DATE_RECEIVED,DATE_RECEIVED,Chlorophyll-a,NRSA 1819 Periphyton Chlorophyll-a,Date sample received,PCHL,,,,Single metadata definition,periphyton_chla,3,1
1819,periphyton_chla_EPA_REG,EPA_REG,Chlorophyll-a,NRSA 1819 Periphyton Chlorophyll-a,"EPA Region. No missing or \blank\"" values allowed.""",DESIGN,,,,Single metadata definition,periphyton_chla,10,1
1819,periphyton_chla_LAB,LAB,Chlorophyll-a,NRSA 1819 Periphyton Chlorophyll-a,Laboratory processing sample,COLUMN,,,,Single metadata definition,periphyton_chla,6,1
1819,periphyton_chla_LAB_SAMPLE_ID,LAB_SAMPLE_ID,Chlorophyll-a,NRSA 1819 Periphyton Chlorophyll-a,Laboratory Sample ID,PCHL,,,,Single metadata definition,periphyton_chla,3,1
1819,periphyton_chla_MATRIX,MATRIX,Chlorophyll-a,NRSA 1819 Periphyton Chlorophyll-a,Material used for analysis,COLUMN,,,,Single metadata definition,periphyton_chla,6,1
1819,periphyton_chla_MDL,MDL,Chlorophyll-a,NRSA 1819 Periphyton Chlorophyll-a,Minimum Detection Limit,PCHL,,,,Single metadata definition,periphyton_chla,4,1
1819,periphyton_chla_NARS_FLAG,NARS_FLAG,Chlorophyll-a,NRSA 1819 Periphyton Chlorophyll-a,NARS Flag,PCHL,,,,Single metadata definition,periphyton_chla,3,1
1819,periphyton_chla_PCHL_NOT_COLLECTED,PCHL_NOT_COLLECTED,Chlorophyll-a,NRSA 1819 Periphyton Chlorophyll-a,Periphyton chlorophyll a sample not collected,COLUMN,,,,Single metadata definition,periphyton_chla,1,1
1819,periphyton_chla_PUBLICATION_DATE,PUBLICATION_DATE,Chlorophyll-a,NRSA 1819 Periphyton Chlorophyll-a,Date the dataset was published to the NARS site,COLUMN,,,,Single metadata definition,periphyton_chla,12,1
1819,periphyton_chla_RESULT,RESULT,Chlorophyll-a,NRSA 1819 Periphyton Chlorophyll-a,Value of associated parameter | Result,COLUMN | PCHL,,,,Multiple protocol-specific labels — see Metadata Detail,periphyton_chla,5,2
1819,periphyton_chla_RESULT_UNITS,RESULT_UNITS,Chlorophyll-a,NRSA 1819 Periphyton Chlorophyll-a,Result unit,COLUMN,,,,Single metadata definition,periphyton_chla,2,1
1819,periphyton_chla_RESULT_VOL,RESULT_VOL,Chlorophyll-a,NRSA 1819 Periphyton Chlorophyll-a,"Result by volume, before correcting for area sampled",PCHL,,,,Single metadata definition,periphyton_chla,2,1
1819,periphyton_chla_RESULT_VOL_UNITS,RESULT_VOL_UNITS,Chlorophyll-a,NRSA 1819 Periphyton Chlorophyll-a,Units for result by volume (ug/L),COLUMN,,,,Single metadata definition,periphyton_chla,1,1
1819,periphyton_chla_RL,RL,Chlorophyll-a,NRSA 1819 Periphyton Chlorophyll-a,"Reporting Limit, units varying",PCHL,,,,Single metadata definition,periphyton_chla,4,1
1819,periphyton_chla_SAM_CODE,SAM_CODE,Chlorophyll-a,NRSA 1819 Periphyton Chlorophyll-a,Sample code (Regular/Lab duplicate/Lab split),COLUMN,,,,Single metadata definition,periphyton_chla,6,1
1819,periphyton_chla_SITE_ID,SITE_ID,Chlorophyll-a,NRSA 1819 Periphyton Chlorophyll-a,"Site ID for the study and year sampled. Preferred form is NRSnn_MM-xxxxx where nn is current cycle year (04, 08, 13, 18, etc), MM is two letter state code, and xxxxx is between 10001 and 99999. No missing or \blank\"" values allowed."" | Identification code for site",DESIGN | VERIF,,,,Multiple protocol-specific labels — see Metadata Detail,periphyton_chla,16,2
1819,periphyton_chla_STATE,STATE,Chlorophyll-a,NRSA 1819 Periphyton Chlorophyll-a,State,VERIF,|AK|AL|AR|AZ|CA|CO|CT|DC|DE|FL|GA|HI|IA|ID|IL|IN|KS|KY|LA|MA|MD|ME|MI|MN|MO|MS|MT|NC|ND|NE|NH|NJ|NM|NV|NY|OH|OK|OR|PA|RI|SC|SD|TN|TX|UT|VA|VT|WA|WI|WV|WY,,,Single metadata definition,periphyton_chla,13,1
1819,periphyton_chla_UID,UID,Chlorophyll-a,NRSA 1819 Periphyton Chlorophyll-a,Unique identifier for the site/visit,COLUMN,,,,Single metadata definition,periphyton_chla,15,1
1819,periphyton_chla_VISIT_NO,VISIT_NO,Chlorophyll-a,NRSA 1819 Periphyton Chlorophyll-a,Sequential number of visit to site,VERIF,|1|2|R,,,Single metadata definition,periphyton_chla,15,1
1819,periphyton_chla_VOLUME_FILTERED,VOLUME_FILTERED,Chlorophyll-a,NRSA 1819 Periphyton Chlorophyll-a,Volume filtered,PCHL,,,,Single metadata definition,periphyton_chla,2,1
1819,landscape_AG_ECO9,AG_ECO9,Landscape Data,NRSA 1819 Landscape,"NARS 9-level reporting region, based on aggregated Omernik Level III ecoregions. No missing or \blank\"" values allowed.""",DESIGN,CPL|NAP|NPL|SAP|SPL|TPL|UMW|WMT|XER |,,,Single metadata definition,landscape,11,1
1819,landscape_AG2006HISLP_WS_PCTFULL,AG2006HISLP_WS_PCTFULL,Landscape Data,NRSA 1819 Landscape,Percent of area with data for Percentage of Agricultural Land (NLCD 2006) that lies on slopes greater than 20 degrees within the watershed (Ws).,LAND,,,,Single metadata definition,landscape,1,1
1819,landscape_AG2006MIDSLP_WS_PCTFULL,AG2006MIDSLP_WS_PCTFULL,Landscape Data,NRSA 1819 Landscape,Percent of area with data for Percentage of Agricultural Land (NLCD 2006)that lies on slopes greater than 10 degrees within the watershed (Ws).,LAND,,,,Single metadata definition,landscape,1,1
1819,landscape_AGKFFACT_WS_PCTFULL,AGKFFACT_WS_PCTFULL,Landscape Data,NRSA 1819 Landscape,"Percent of area with data for Mean surface soil erodibility factors adjusted (KFFACT) on agricultural land (NLCD 2006), within the upstream watershed (Ws).",LAND,,,,Single metadata definition,landscape,1,1
1819,landscape_AGKFFACTWS,AGKFFACTWS,Landscape Data,NRSA 1819 Landscape,"Mean surface soil erodibility factors adjusted (KFFACT) on agricultural land (NLCD 2006), within the upstream watershed (Ws).",LAND,,,,Single metadata definition,landscape,1,1
1819,landscape_AL2O3_WS_PCTFULL,AL2O3_WS_PCTFULL,Landscape Data,NRSA 1819 Landscape,Percent of area with data for Mean of all Al2O3 values within the upstream watershed (Ws).,LAND,,,,Single metadata definition,landscape,1,1
1819,landscape_AL2O3WS,AL2O3WS,Landscape Data,NRSA 1819 Landscape,Mean of all Al2O3 values within the upstream watershed (Ws).,LAND,,,,Single metadata definition,landscape,1,1
1819,landscape_AWCH_WS_PCTFULL,AWCH_WS_PCTFULL,Landscape Data,NRSA 1819 Landscape,Percent of area with data for Mean high values of available water capacity of soils (fraction) within the upstream watershed (Ws). From State Soil Geographic (STATSGO) Database.,LAND,,,,Single metadata definition,landscape,1,1
1819,landscape_AWCHWS,AWCHWS,Landscape Data,NRSA 1819 Landscape,Mean high values of available water capacity of soils (fraction) within the upstream watershed (Ws). From State Soil Geographic (STATSGO) Database.,LAND,,,,Single metadata definition,landscape,1,1
1819,landscape_BDH_WS_PCTFULL,BDH_WS_PCTFULL,Landscape Data,NRSA 1819 Landscape,Percent of area with data for Mean high values of soil bulk density of soil types within the upstream watershed (Ws) (grams per cubic centimeter) from State Soil Geographic (STATSGO) Database.,LAND,,,,Single metadata definition,landscape,1,1
1819,landscape_BDHWS,BDHWS,Landscape Data,NRSA 1819 Landscape,Mean high values of soil bulk density of soil types within the upstream watershed (Ws) (grams per cubic centimeter) from State Soil Geographic (STATSGO) Database.,LAND,,,,Single metadata definition,landscape,1,1
1819,landscape_BEDROCK_PERM_WS_PCTFULL,BEDROCK_PERM_WS_PCTFULL,Landscape Data,NRSA 1819 Landscape,"Percent of area with data for bedrock permeability, based on principal aquifer permeability classes.",LAND,,,,Single metadata definition,landscape,1,1
1819,landscape_BFI_WS_PCTFULL,BFI_WS_PCTFULL,Landscape Data,NRSA 1819 Landscape,"Percent of area with data for Bfi is the ratio of base flow to total flow, expressed as a percentage. %, within the upstream watershed (Ws).",LAND,,,,Single metadata definition,landscape,1,1
1819,landscape_BFIWS,BFIWS,Landscape Data,NRSA 1819 Landscape,"Bfi is the ratio of base flow to total flow, expressed as a percentage. %, within the upstream watershed (Ws).",LAND,,,,Single metadata definition,landscape,1,1
1819,landscape_CANALDENSITY_WS_PCTFULL,CANALDENSITY_WS_PCTFULL,Landscape Data,NRSA 1819 Landscape,"Percent of area with data for density of NHDPlus line features classified as canal, ditch, or pipeline within the upstream watershed (Ws).",LAND,,,,Single metadata definition,landscape,1,1
1819,landscape_CANALDENSWS,CANALDENSWS,Landscape Data,NRSA 1819 Landscape,"Density of NHDPlus line features classified as canal, ditch, or pipeline within the upstream watershed (Ws).",LAND,,,,Single metadata definition,landscape,1,1
1819,landscape_CAO_WS_PCTFULL,CAO_WS_PCTFULL,Landscape Data,NRSA 1819 Landscape,Percent of area with data for Mean of all CaO values within the upstream watershed (Ws).,LAND,,,,Single metadata definition,landscape,1,1
1819,landscape_CAOWS,CAOWS,Landscape Data,NRSA 1819 Landscape,Mean of all CaO values within the upstream watershed (Ws).,LAND,,,,Single metadata definition,landscape,1,1
1819,landscape_CAT_COMID,CAT_COMID,Landscape Data,NRSA 1819 Landscape,"Catchment COMID that the site falls in, from NHDPlusV21.",LANDSCAPE,,,,Single metadata definition,landscape,1,1
1819,landscape_CATAREASQKM,CATAREASQKM,Landscape Data,NRSA 1819 Landscape,Area in square kilometers of the sub-catchment created by accumulating from the survey site upstream within the NHDPlusV21 catchment.,LAND,,,,Single metadata definition,landscape,1,1
1819,landscape_CATAREASQKMRP100,CATAREASQKMRP100,Landscape Data,NRSA 1819 Landscape,Area in square kilometers within 100-m buffer of NHD stream lines (Rp100) of the sub-catchment created by accumulating from the survey site upstream within the NHDPlusV21 catchment.,LAND,,,,Single metadata definition,landscape,1,1
1819,landscape_CBNF_WS_PCTFULL,CBNF_WS_PCTFULL,Landscape Data,NRSA 1819 Landscape,"Percent of area with data for Mean rate of biological nitrogen fixation from the cultivation of crops in kg N/ha/yr, within the upstream watershed (Ws).",LAND,,,,Single metadata definition,landscape,1,1
1819,landscape_CBNFWS,CBNFWS,Landscape Data,NRSA 1819 Landscape,"Mean rate of biological nitrogen fixation from the cultivation of crops in kg N/ha/yr, within the upstream watershed (Ws).",LAND,,,,Single metadata definition,landscape,1,1
1819,landscape_CLAY_WS_PCTFULL,CLAY_WS_PCTFULL,Landscape Data,NRSA 1819 Landscape,Percent of area with data for Mean of all clay values within the upstream watershed (Ws).,LAND,,,,Single metadata definition,landscape,1,1
1819,landscape_CLAYWS,CLAYWS,Landscape Data,NRSA 1819 Landscape,Mean of all clay values within the upstream watershed (Ws).,LAND,,,,Single metadata definition,landscape,1,1
1819,landscape_COALMINEDENSWS,COALMINEDENSWS,Landscape Data,NRSA 1819 Landscape,Density of georeferenced coal mine sites (USTRAT.shp) within the upstream watershed (Ws).,LAND,,,,Single metadata definition,landscape,1,1
1819,landscape_COALMINES_WS_PCTFULL,COALMINES_WS_PCTFULL,Landscape Data,NRSA 1819 Landscape,Percent of area with data for density of georeferenced coal mine sites (USTRAT.shp) within the upstream watershed (Ws).,LAND,,,,Single metadata definition,landscape,1,1
1819,landscape_COMPSTRGTH_WS_PCTFULL,COMPSTRGTH_WS_PCTFULL,Landscape Data,NRSA 1819 Landscape,Percent of area with data for Mean of all CompStrgth values within the upstream watershed (Ws).,LAND,,,,Single metadata definition,landscape,1,1
1819,landscape_COMPSTRGTHWS,COMPSTRGTHWS,Landscape Data,NRSA 1819 Landscape,Mean of all CompStrgth values within the upstream watershed (Ws).,LAND,,,,Single metadata definition,landscape,1,1
1819,landscape_DAMDENSWS,DAMDENSWS,Landscape Data,NRSA 1819 Landscape,Density of georeferenced dams within the upstream watershed (Ws).,LAND,,,,Single metadata definition,landscape,1,1
1819,landscape_DAMNIDSTORWS,DAMNIDSTORWS,Landscape Data,NRSA 1819 Landscape,Volume all reservoirs (NID_STORA in NID) per unit area of the upstream watershed (Ws).,LAND,,,,Single metadata definition,landscape,1,1
1819,landscape_DAMNRMSTORWS,DAMNRMSTORWS,Landscape Data,NRSA 1819 Landscape,Volume all reservoirs (NORM_STORA in NID) per unit area of the upstream watershed (Ws),LAND,,,,Single metadata definition,landscape,1,1
1819,landscape_DAMS_WS_PCTFULL,DAMS_WS_PCTFULL,Landscape Data,NRSA 1819 Landscape,Percent of area with data for Density of georeferenced dams within the upstream watershed (Ws).,LAND,,,,Single metadata definition,landscape,1,1
1819,landscape_DRAINAGEID,DRAINAGEID,Landscape Data,NRSA 1819 Landscape,"Hydreoregion of the Drainage Basin that the site falls in, from NHDPlusV21.",LAND,,,,Single metadata definition,landscape,1,1
1819,landscape_ELEV_PT,ELEV_PT,Landscape Data,NRSA 1819 Landscape,Elevation at site location (meters) from 30m NHDPlusV2 which uses National Elevation Data (NED) snapshots from 2010 and 2011,LANDSCAPE,,,,Single metadata definition,landscape,1,1
1819,landscape_ELEV_WS_MAX,ELEV_WS_MAX,Landscape Data,NRSA 1819 Landscape,Maximum of all elev_cm values within the upstream watershed (Ws) divided by 100 to convert cm to m.,LANDSCAPE,,,,Single metadata definition,landscape,1,1
1819,landscape_ELEV_WS_MIN,ELEV_WS_MIN,Landscape Data,NRSA 1819 Landscape,Minimum of all elev_cm values within the upstream watershed (Ws) divided by 100 to convert cm to m.,LANDSCAPE,,,,Single metadata definition,landscape,1,1
1819,landscape_ELEV_WS_PCTFULL,ELEV_WS_PCTFULL,Landscape Data,NRSA 1819 Landscape,Percent of area with data for Mean of all elev_cm values within the upstream watershed (Ws) divided by 100 to convert cm to m.,LAND,,,,Single metadata definition,landscape,1,1
1819,landscape_ELEVWS,ELEVWS,Landscape Data,NRSA 1819 Landscape,Mean of all elev_cm values within the upstream watershed (Ws) divided by 100 to convert cm to m.,LAND,,,,Single metadata definition,landscape,1,1
1819,landscape_ET_WS_PCTFULL,ET_WS_PCTFULL,Landscape Data,NRSA 1819 Landscape,"Percent of area with data for Mean-annual actual evapotranspiration (ET), estimated using regression equation of Sanford and Selnick (2013)",LAND,,,,Single metadata definition,landscape,1,1
1819,landscape_ETWS,ETWS,Landscape Data,NRSA 1819 Landscape,"Mean-annual actual evapotranspiration (ET), estimated using regression equation of Sanford and Selnick (2013)",LAND,,,,Single metadata definition,landscape,1,1
1819,landscape_FE2O3_WS_PCTFULL,FE2O3_WS_PCTFULL,Landscape Data,NRSA 1819 Landscape,Percent of area with data for Mean of all Fe2O3 values within the upstream watershed (Ws).,LAND,,,,Single metadata definition,landscape,1,1
1819,landscape_FE2O3WS,FE2O3WS,Landscape Data,NRSA 1819 Landscape,Mean of all Fe2O3 values within the upstream watershed (Ws).,LAND,,,,Single metadata definition,landscape,1,1
1819,landscape_FERT_WS_PCTFULL,FERT_WS_PCTFULL,Landscape Data,NRSA 1819 Landscape,"Percent of area with data for Mean rate of synthetic nitrogen fertilizer application to agricultural land in kg N/ha/yr, within the upstream watershed (Ws).",LAND,,,,Single metadata definition,landscape,1,1
1819,landscape_FERTWS,FERTWS,Landscape Data,NRSA 1819 Landscape,"Mean rate of synthetic nitrogen fertilizer application to agricultural land in kg N/ha/yr, within the upstream watershed (Ws).",LAND,,,,Single metadata definition,landscape,1,1
1819,landscape_FIRE2000_WS_PCTFULL,FIRE2000_WS_PCTFULL,Landscape Data,NRSA 1819 Landscape,Percent of area with data for % Forest loss to fire (fire perimeter) for 2000 within the upstream watershed (Ws).,LAND,,,,Single metadata definition,landscape,1,1
1819,landscape_FIRE2000_WS_PCTFULLRP100,FIRE2000_WS_PCTFULLRP100,Landscape Data,NRSA 1819 Landscape,Percent of area with data for % Forest loss to fire (fire perimeter) for year 2000 within the upstream watershed (Ws) and within 100-m buffer of NHD stream lines (Rp100).,LAND,,,,Single metadata definition,landscape,1,1
1819,landscape_FIRE2001_WS_PCTFULL,FIRE2001_WS_PCTFULL,Landscape Data,NRSA 1819 Landscape,Percent of area with data for % Forest loss to fire (fire perimeter) for 2001 within the upstream watershed (Ws).,LAND,,,,Single metadata definition,landscape,1,1
1819,landscape_FIRE2001_WS_PCTFULLRP100,FIRE2001_WS_PCTFULLRP100,Landscape Data,NRSA 1819 Landscape,Percent of area with data for % Forest loss to fire (fire perimeter) for year 2001 within the upstream watershed (Ws) and within 100-m buffer of NHD stream lines (Rp100).,LAND,,,,Single metadata definition,landscape,1,1
1819,landscape_FIRE2002_WS_PCTFULL,FIRE2002_WS_PCTFULL,Landscape Data,NRSA 1819 Landscape,Percent of area with data for % Forest loss to fire (fire perimeter) for 2002 within the upstream watershed (Ws).,LAND,,,,Single metadata definition,landscape,1,1
1819,landscape_FIRE2002_WS_PCTFULLRP100,FIRE2002_WS_PCTFULLRP100,Landscape Data,NRSA 1819 Landscape,Percent of area with data for % Forest loss to fire (fire perimeter) for year 2002 within the upstream watershed (Ws) and within 100-m buffer of NHD stream lines (Rp100).,LAND,,,,Single metadata definition,landscape,1,1
1819,landscape_FIRE2003_WS_PCTFULL,FIRE2003_WS_PCTFULL,Landscape Data,NRSA 1819 Landscape,Percent of area with data for % Forest loss to fire (fire perimeter) for 2003 within the upstream watershed (Ws).,LAND,,,,Single metadata definition,landscape,1,1
1819,landscape_FIRE2003_WS_PCTFULLRP100,FIRE2003_WS_PCTFULLRP100,Landscape Data,NRSA 1819 Landscape,Percent of area with data for % Forest loss to fire (fire perimeter) for year 2003 within the upstream watershed (Ws) and within 100-m buffer of NHD stream lines (Rp100).,LAND,,,,Single metadata definition,landscape,1,1
1819,landscape_FIRE2004_WS_PCTFULL,FIRE2004_WS_PCTFULL,Landscape Data,NRSA 1819 Landscape,Percent of area with data for % Forest loss to fire (fire perimeter) for 2004 within the upstream watershed (Ws).,LAND,,,,Single metadata definition,landscape,1,1
1819,landscape_FIRE2004_WS_PCTFULLRP100,FIRE2004_WS_PCTFULLRP100,Landscape Data,NRSA 1819 Landscape,Percent of area with data for % Forest loss to fire (fire perimeter) for year 2004 within the upstream watershed (Ws) and within 100-m buffer of NHD stream lines (Rp100).,LAND,,,,Single metadata definition,landscape,1,1
1819,landscape_FIRE2005_WS_PCTFULL,FIRE2005_WS_PCTFULL,Landscape Data,NRSA 1819 Landscape,Percent of area with data for % Forest loss to fire (fire perimeter) for 2005 within the upstream watershed (Ws).,LAND,,,,Single metadata definition,landscape,1,1
1819,landscape_FIRE2005_WS_PCTFULLRP100,FIRE2005_WS_PCTFULLRP100,Landscape Data,NRSA 1819 Landscape,Percent of area with data for % Forest loss to fire (fire perimeter) for year 2005 within the upstream watershed (Ws) and within 100-m buffer of NHD stream lines (Rp100).,LAND,,,,Single metadata definition,landscape,1,1
1819,landscape_FIRE2006_WS_PCTFULL,FIRE2006_WS_PCTFULL,Landscape Data,NRSA 1819 Landscape,Percent of area with data for % Forest loss to fire (fire perimeter) for 2006 within the upstream watershed (Ws).,LAND,,,,Single metadata definition,landscape,1,1
1819,landscape_FIRE2006_WS_PCTFULLRP100,FIRE2006_WS_PCTFULLRP100,Landscape Data,NRSA 1819 Landscape,Percent of area with data for % Forest loss to fire (fire perimeter) for year 2006 within the upstream watershed (Ws) and within 100-m buffer of NHD stream lines (Rp100).,LAND,,,,Single metadata definition,landscape,1,1
1819,landscape_FIRE2007_WS_PCTFULL,FIRE2007_WS_PCTFULL,Landscape Data,NRSA 1819 Landscape,Percent of area with data for % Forest loss to fire (fire perimeter) for 2007 within the upstream watershed (Ws).,LAND,,,,Single metadata definition,landscape,1,1
1819,landscape_FIRE2007_WS_PCTFULLRP100,FIRE2007_WS_PCTFULLRP100,Landscape Data,NRSA 1819 Landscape,Percent of area with data for % Forest loss to fire (fire perimeter) for year 2007 within the upstream watershed (Ws) and within 100-m buffer of NHD stream lines (Rp100).,LAND,,,,Single metadata definition,landscape,1,1
1819,landscape_FIRE2008_WS_PCTFULL,FIRE2008_WS_PCTFULL,Landscape Data,NRSA 1819 Landscape,Percent of area with data for % Forest loss to fire (fire perimeter) for 2008 within the upstream watershed (Ws).,LAND,,,,Single metadata definition,landscape,1,1
1819,landscape_FIRE2008_WS_PCTFULLRP100,FIRE2008_WS_PCTFULLRP100,Landscape Data,NRSA 1819 Landscape,Percent of area with data for % Forest loss to fire (fire perimeter) for year 2008 within the upstream watershed (Ws) and within 100-m buffer of NHD stream lines (Rp100).,LAND,,,,Single metadata definition,landscape,1,1
1819,landscape_FIRE2009_WS_PCTFULL,FIRE2009_WS_PCTFULL,Landscape Data,NRSA 1819 Landscape,Percent of area with data for % Forest loss to fire (fire perimeter) for 2009 within the upstream watershed (Ws).,LAND,,,,Single metadata definition,landscape,1,1
1819,landscape_FIRE2009_WS_PCTFULLRP100,FIRE2009_WS_PCTFULLRP100,Landscape Data,NRSA 1819 Landscape,Percent of area with data for % Forest loss to fire (fire perimeter) for year 2009 within the upstream watershed (Ws) and within 100-m buffer of NHD stream lines (Rp100).,LAND,,,,Single metadata definition,landscape,1,1
1819,landscape_FIRE2010_WS_PCTFULL,FIRE2010_WS_PCTFULL,Landscape Data,NRSA 1819 Landscape,Percent of area with data for % Forest loss to fire (fire perimeter) for 2010 within the upstream watershed (Ws).,LAND,,,,Single metadata definition,landscape,1,1
1819,landscape_FIRE2010_WS_PCTFULLRP100,FIRE2010_WS_PCTFULLRP100,Landscape Data,NRSA 1819 Landscape,Percent of area with data for % Forest loss to fire (fire perimeter) for year 2010 within the upstream watershed (Ws) and within 100-m buffer of NHD stream lines (Rp100).,LAND,,,,Single metadata definition,landscape,1,1
1819,landscape_FSTFRZ_PT,FSTFRZ_PT,Landscape Data,NRSA 1819 Landscape,"Site mean day of the year of first freeze, derived from 30 years of record (1961-1990), 2km PRISM. For example, value of 300 is the 300th day of the year (Oct 27th). Values > 365 mean that the first freeze occurs after Dec 31. It is done this way so that (first_freeze - last_freeze) should always give a positive number; high numbers for an area with a long frost-free period (e.g. Florida), low numbers for an area with a short frost-free period.",LAND,,,,Single metadata definition,landscape,1,1
1819,landscape_FSTFRZ_WS_PCTFULL,FSTFRZ_WS_PCTFULL,Landscape Data,NRSA 1819 Landscape,"Percent of area with data for Site average of mean day of the year of first freeze, derived from 30 years of record (1961-1990), 2km PRISM. For example, value of 300 is the 300th day of the year (Oct 27th). Values > 365 mean that the first freeze occurs after Dec 31. It is done this way so that (first_freeze - last_freeze) should always give a positive number; high numbers for an area with a long frost-free period (e.g. Florida), low numbers for an area with a short frost-free period.",LAND,,,,Single metadata definition,landscape,1,1
1819,landscape_FSTFRZWS,FSTFRZWS,Landscape Data,NRSA 1819 Landscape,"Site average of mean day of the year of first freeze, derived from 30 years of record (1961-1990), 2km PRISM. For example, value of 300 is the 300th day of the year (Oct 27th). Values > 365 mean that the first freeze occurs after Dec 31. It is done this way so that (first_freeze - last_freeze) should always give a positive number; high numbers for an area with a long frost-free period (e.g. Florida), low numbers for an area with a short frost-free period.",LAND,,,,Single metadata definition,landscape,1,1
1819,landscape_GEOL_HUNT_DOM_PCT_WS,GEOL_HUNT_DOM_PCT_WS,Landscape Data,NRSA 1819 Landscape,"Dominant (highest percent of area) geology, derived from Hunt (1979) coverage",LAND,,,,Single metadata definition,landscape,1,1
1819,landscape_GEOL_HUNT_DOM_WS,GEOL_HUNT_DOM_WS,Landscape Data,NRSA 1819 Landscape,"Percentage of the watershed covered by the dominant geology type (Hunt, 1979)",LANDSCAPE,,,,Single metadata definition,landscape,1,1
1819,landscape_GEOL_HUNT_PT,GEOL_HUNT_PT,Landscape Data,NRSA 1819 Landscape,"Value of categorized geology at site location, derived from a simplified version of Hunt (1979).",LANDSCAPE,,,,Single metadata definition,landscape,1,1
1819,landscape_GEOL_HUNT_WS_PCTFULL,GEOL_HUNT_WS_PCTFULL,Landscape Data,NRSA 1819 Landscape,"Percent of area with data for categorized geology (Hunt, 1979) in watershed.",LAND,,,,Single metadata definition,landscape,1,1
1819,landscape_GEOL_REEDBUSH_DOM_PCT_WS,GEOL_REEDBUSH_DOM_PCT_WS,Landscape Data,NRSA 1819 Landscape,"Percentage of the watershed covered by the dominant geology type (Reed & Bush, 2001)",LAND,,,,Single metadata definition,landscape,1,1
1819,landscape_GEOL_REEDBUSH_DOM_WS,GEOL_REEDBUSH_DOM_WS,Landscape Data,NRSA 1819 Landscape,"Dominant (highest percent of area) geology, derived from a simplified version of Reed & Bush (2001) - Generalized Geologic Map of the Conterminous United States.",LANDSCAPE,,,,Single metadata definition,landscape,1,1
1819,landscape_GEOL_REEDBUSH_PT,GEOL_REEDBUSH_PT,Landscape Data,NRSA 1819 Landscape,"Value of categorized geology at site location, derived from a simplified version of Reed & Bush (2001).",LANDSCAPE,,,,Single metadata definition,landscape,1,1
1819,landscape_GEOL_REEDBUSH_WS_PCTFULL,GEOL_REEDBUSH_WS_PCTFULL,Landscape Data,NRSA 1819 Landscape,"Percent of area with data for categorized geology (Reed & Bush, 2001) in watershed.",LAND,,,,Single metadata definition,landscape,1,1
1819,landscape_GNIS_NAME,GNIS_NAME,Landscape Data,NRSA 1819 Landscape,"USGS Geographic Names Information System name (from NHD). Value of \None\"" if no GNIS_NAME available. . No missing or \""blank\"" values allowed."" | Name of the stream reach that the site was snapped to from the NHDPlusV21.",DESIGN | LAND,,,,Multiple protocol-specific labels — see Metadata Detail,landscape,2,2
1819,landscape_HUDEN2010_WS_PCTFULL,HUDEN2010_WS_PCTFULL,Landscape Data,NRSA 1819 Landscape,Percent of area with data for Mean of all housing density values (housing units / km2) within the upstream watershed.,LAND,,,,Single metadata definition,landscape,1,1
1819,landscape_HUDEN2010_WS_PCTFULLRP100,HUDEN2010_WS_PCTFULLRP100,Landscape Data,NRSA 1819 Landscape,Percent of area with data for Mean of all housing density values (housing units / km2) within the upstream watershed and within 100-m buffer of NHD stream lines (Rp100).,LAND,,,,Single metadata definition,landscape,1,1
1819,landscape_HUDEN2010WS,HUDEN2010WS,Landscape Data,NRSA 1819 Landscape,Mean of all housing density values (housing units / km2) within the upstream watershed.,LAND,,,,Single metadata definition,landscape,1,1
1819,landscape_HUDEN2010WSRP100,HUDEN2010WSRP100,Landscape Data,NRSA 1819 Landscape,Mean of all housing density values (housing units / km2) within the upstream watershed and within 100-m buffer of NHD stream lines (Rp100).,LAND,,,,Single metadata definition,landscape,1,1
1819,landscape_HYDRLCOND_WS_PCTFULL,HYDRLCOND_WS_PCTFULL,Landscape Data,NRSA 1819 Landscape,Percent of area with data for Mean of all hydraulic conductivity (in micrometers per second) of surface or near surface geology values within the upstream watershed (Ws).,LAND,,,,Single metadata definition,landscape,1,1
1819,landscape_HYDRLCONDWS,HYDRLCONDWS,Landscape Data,NRSA 1819 Landscape,Mean of all hydraulic conductivity (in micrometers per second) of surface or near surface geology values within the upstream watershed (Ws).,LAND,,,,Single metadata definition,landscape,1,1
1819,landscape_INORGNWETDEP_2008_WS_PCTFULL,INORGNWETDEP_2008_WS_PCTFULL,Landscape Data,NRSA 1819 Landscape,"Percent of area with data for Annual average of preciptiation-weighted mean wet deposition for inorganic nitrogen concentration from nitrate and ammonium for year, 2008, within the upstream watershed (Ws).",LAND,,,,Single metadata definition,landscape,1,1
1819,landscape_INORGNWETDEP_2008WS,INORGNWETDEP_2008WS,Landscape Data,NRSA 1819 Landscape,"Annual average of preciptiation-weighted mean wet deposition for inorganic nitrogen concentration from nitrate and ammonium for year, 2008, within the upstream watershed (Ws).",LAND,,,,Single metadata definition,landscape,1,1
1819,landscape_K2O_WS_PCTFULL,K2O_WS_PCTFULL,Landscape Data,NRSA 1819 Landscape,Percent of area with data for Mean of all lithological potassium oxide (K2O) content in surface or near surface geology values within the upstream watershed (Ws).,LAND,,,,Single metadata definition,landscape,1,1
1819,landscape_K2OWS,K2OWS,Landscape Data,NRSA 1819 Landscape,Mean of all lithological potassium oxide (K2O) content in surface or near surface geology values within the upstream watershed (Ws).,LAND,,,,Single metadata definition,landscape,1,1
1819,landscape_KFFACT_PT,KFFACT_PT,Landscape Data,NRSA 1819 Landscape,Site mean of the soil erodibility factor (no units) of soils from the State Soil Geographic (STATSGO) Database.,LAND,,,,Single metadata definition,landscape,1,1
1819,landscape_KFFACT_WS_PCTFULL,KFFACT_WS_PCTFULL,Landscape Data,NRSA 1819 Landscape,"Percent of area with data for Mean surface soil erodibility factors adjusted (KFFACT) , within the upstream watershed (Ws).",LAND,,,,Single metadata definition,landscape,1,1
1819,landscape_KFFACTWS,KFFACTWS,Landscape Data,NRSA 1819 Landscape,"Mean surface soil erodibility factors adjusted (KFFACT) , within the upstream watershed (Ws).",LAND,,,,Single metadata definition,landscape,1,1
1819,landscape_LITH_WS_PCTFULL,LITH_WS_PCTFULL,Landscape Data,NRSA 1819 Landscape,Percent of area with data for lithology type metrics for the watershed.,LAND,,,,Single metadata definition,landscape,1,1
1819,landscape_LSTFRZ_PT,LSTFRZ_PT,Landscape Data,NRSA 1819 Landscape,"Site average of mean day of the year of last freeze, derived from 30 years of record (1961-1990), 2km PRISM. For example, value of 100 is the 100th day of the year (April 10th). Values of 0 here indicate there is no freeze",LANDSCAPE,,,,Single metadata definition,landscape,1,1
1819,landscape_LSTFRZ_WS_PCTFULL,LSTFRZ_WS_PCTFULL,Landscape Data,NRSA 1819 Landscape,"Percent of area with data for Watershed average of mean day of the year of last freeze, derived from 30 years of record (1961-1990), 2km PRISM. For example, value of 100 is the 100th day of the year (April 10th). Values of 0 here indicate there is no freeze",LAND,,,,Single metadata definition,landscape,1,1
1819,landscape_LSTFRZWS,LSTFRZWS,Landscape Data,NRSA 1819 Landscape,"Watershed average of mean day of the year of last freeze, derived from 30 years of record (1961-1990), 2km PRISM. For example, value of 100 is the 100th day of the year (April 10th). Values of 0 here indicate there is no freeze",LAND,,,,Single metadata definition,landscape,1,1
1819,landscape_MANURE_WS_PCTFULL,MANURE_WS_PCTFULL,Landscape Data,NRSA 1819 Landscape,"Percent of area with data for Mean rate of manure application to agricultural land from confined animal feeding operations in kg N/ha/yr, within the upstream watershed (Ws).",LAND,,,,Single metadata definition,landscape,1,1
1819,landscape_MANUREWS,MANUREWS,Landscape Data,NRSA 1819 Landscape,"Mean rate of manure application to agricultural land from confined animal feeding operations in kg N/ha/yr, within the upstream watershed (Ws).",LAND,,,,Single metadata definition,landscape,1,1
1819,landscape_MAST_2018,MAST_2018,Landscape Data,NRSA 1819 Landscape,Predicted reference-condition mean annual stream temperatures. These temperatures are predictions of what stream temperatures could be under minimal human-related alterations to watersheds - not current conditions,LAND,,,,Single metadata definition,landscape,1,1
1819,landscape_MAST_2019,MAST_2019,Landscape Data,NRSA 1819 Landscape,Predicted reference-condition mean annual stream temperatures. These temperatures are predictions of what stream temperatures could be under minimal human-related alterations to watersheds - not current conditions,LAND,,,,Single metadata definition,landscape,1,1
1819,landscape_MGO_WS_PCTFULL,MGO_WS_PCTFULL,Landscape Data,NRSA 1819 Landscape,Percent of area with data for Mean of all lithological magnesium oxide (MgO) content in surface or near surface geology values within the upstream watershed (Ws).,LAND,,,,Single metadata definition,landscape,1,1
1819,landscape_MGOWS,MGOWS,Landscape Data,NRSA 1819 Landscape,Mean of all lithological magnesium oxide (MgO) content in surface or near surface geology values within the upstream watershed (Ws).,LAND,,,,Single metadata definition,landscape,1,1
1819,landscape_MINE_WS_PCTFULL,MINE_WS_PCTFULL,Landscape Data,NRSA 1819 Landscape,Percent of area with data for density of georeferenced mine sites within the upstream watershed (Ws).,LAND,,,,Single metadata definition,landscape,1,1
1819,landscape_MINE_WS_PCTFULLRP100,MINE_WS_PCTFULLRP100,Landscape Data,NRSA 1819 Landscape,Percent of area with data for density of georeferenced mine sites within the upstream watershed (Ws) and within 100-m buffer of NHD stream lines (Rp100).,LAND,,,,Single metadata definition,landscape,1,1
1819,landscape_MINEDENSWS,MINEDENSWS,Landscape Data,NRSA 1819 Landscape,Density of georeferenced mine sites within the upstream watershed (Ws).,LAND,,,,Single metadata definition,landscape,1,1
1819,landscape_MINEDENSWSRP100,MINEDENSWSRP100,Landscape Data,NRSA 1819 Landscape,Density of georeferenced mine sites within the upstream watershed (Ws) and within 100-m buffer of NHD stream lines (Rp100).,LAND,,,,Single metadata definition,landscape,1,1
1819,landscape_MSST_2018,MSST_2018,Landscape Data,NRSA 1819 Landscape,Predicted reference-condition mean summer stream temperatures. These temperatures are predictions of what stream temperatures could be under minimal human-related alterations to watersheds - not current conditions,LAND,,,,Single metadata definition,landscape,1,1
1819,landscape_MSST_2019,MSST_2019,Landscape Data,NRSA 1819 Landscape,Predicted reference-condition mean summer stream temperatures. These temperatures are predictions of what stream temperatures could be under minimal human-related alterations to watersheds - not current conditions,LAND,,,,Single metadata definition,landscape,1,1
1819,landscape_MWST_2018,MWST_2018,Landscape Data,NRSA 1819 Landscape,Predicted reference-condition mean winter stream temperatures. These temperatures are predictions of what stream temperatures could be under minimal human-related alterations to watersheds - not current conditions,LAND,,,,Single metadata definition,landscape,1,1
1819,landscape_MWST_2019,MWST_2019,Landscape Data,NRSA 1819 Landscape,Predicted reference-condition mean winter stream temperatures. These temperatures are predictions of what stream temperatures could be under minimal human-related alterations to watersheds - not current conditions,LAND,,,,Single metadata definition,landscape,1,1
1819,landscape_N_WS_PCTFULL,N_WS_PCTFULL,Landscape Data,NRSA 1819 Landscape,Percent of area with data for Mean of all lithological nitrogen (N) content in surface or near surface geology values within the upstream watershed (Ws).,LAND,,,,Single metadata definition,landscape,1,1
1819,landscape_NA2O_WS_PCTFULL,NA2O_WS_PCTFULL,Landscape Data,NRSA 1819 Landscape,Percent of area with data for Mean of all lithological sodium oxide (Na2O) content in surface or near surface geology values within the upstream watershed (Ws).,LAND,,,,Single metadata definition,landscape,1,1
1819,landscape_NA2OWS,NA2OWS,Landscape Data,NRSA 1819 Landscape,Mean of all lithological sodium oxide (Na2O) content in surface or near surface geology values within the upstream watershed (Ws).,LAND,,,,Single metadata definition,landscape,1,1
1819,landscape_NABD_DENSWS,NABD_DENSWS,Landscape Data,NRSA 1819 Landscape,Density of georeferenced dams within the upstream watershed (Ws).,LAND,,,,Single metadata definition,landscape,1,1
1819,landscape_NABD_NIDSTORWS,NABD_NIDSTORWS,Landscape Data,NRSA 1819 Landscape,Volume of all reservoirs (NID_stor in NABD) per unit area of the upstream watershed (Ws).,LAND,,,,Single metadata definition,landscape,1,1
1819,landscape_NABD_NRMSTORWS,NABD_NRMSTORWS,Landscape Data,NRSA 1819 Landscape,Volume of all reservoirs (Norm_stor in NABD) per unit area of the upstream watershed (Ws).,LAND,,,,Single metadata definition,landscape,1,1
1819,landscape_NABD_WS_PCTFULL,NABD_WS_PCTFULL,Landscape Data,NRSA 1819 Landscape,Percent of area with data for density of georeferenced dams within the upstream watershed (Ws).,LAND,,,,Single metadata definition,landscape,1,1
1819,landscape_NH4_2008_WS_PCTFULL,NH4_2008_WS_PCTFULL,Landscape Data,NRSA 1819 Landscape,"Percent of area with data for Annual average of preciptiation-weighted mean deposition for ammonium ion concentration for year, 2008, within the upstream watershed (Ws).",LAND,,,,Single metadata definition,landscape,1,1
1819,landscape_NH4_2008WS,NH4_2008WS,Landscape Data,NRSA 1819 Landscape,"Annual average of preciptiation-weighted mean deposition for ammonium ion concentration for year, 2008, within the upstream watershed (Ws).",LAND,,,,Single metadata definition,landscape,1,1
1819,landscape_NLCD2001_WS_PCTFULL,NLCD2001_WS_PCTFULL,Landscape Data,NRSA 1819 Landscape,Percent of area with data for NLCD 2001 for upstream watershed.,LAND,,,,Single metadata definition,landscape,1,1
1819,landscape_NLCD2001_WS_PCTFULLRP100,NLCD2001_WS_PCTFULLRP100,Landscape Data,NRSA 1819 Landscape,Percent of area with data for NLCD 2001 for upstream watershed withing a 100-m buffer of the NHD stream lines.,LAND,,,,Single metadata definition,landscape,1,1
1819,landscape_NLCD2004_WS_PCTFULL,NLCD2004_WS_PCTFULL,Landscape Data,NRSA 1819 Landscape,Percent of area with data for NLCD 2004 for upstream watershed.,LAND,,,,Single metadata definition,landscape,1,1
1819,landscape_NLCD2004_WS_PCTFULLRP100,NLCD2004_WS_PCTFULLRP100,Landscape Data,NRSA 1819 Landscape,Percent of area with data for NLCD 2004 for upstream watershed within a 100-m buffer of the NHD stream lines.,LAND,,,,Single metadata definition,landscape,1,1
1819,landscape_NLCD2006_WS_PCTFULL,NLCD2006_WS_PCTFULL,Landscape Data,NRSA 1819 Landscape,Percent of area with data for NLCD 2006 for upstream watershed.,LAND,,,,Single metadata definition,landscape,1,1
1819,landscape_NLCD2006_WS_PCTFULLRP100,NLCD2006_WS_PCTFULLRP100,Landscape Data,NRSA 1819 Landscape,Percent of area with data for NLCD 2006 for upstream watershed withing a 100-m buffer of the NHD stream lines.,LAND,,,,Single metadata definition,landscape,1,1
1819,landscape_NLCD2008_WS_PCTFULL,NLCD2008_WS_PCTFULL,Landscape Data,NRSA 1819 Landscape,Percent of area with data for NLCD 2008 for upstream watershed.,LAND,,,,Single metadata definition,landscape,1,1
1819,landscape_NLCD2008_WS_PCTFULLRP100,NLCD2008_WS_PCTFULLRP100,Landscape Data,NRSA 1819 Landscape,Percent of area with data for NLCD 2008 for upstream watershed within a 100-m buffer of the NHD stream lines.,LAND,,,,Single metadata definition,landscape,1,1
1819,landscape_NLCD2011_WS_PCTFULL,NLCD2011_WS_PCTFULL,Landscape Data,NRSA 1819 Landscape,Percent of area with data for NLCD 2011 for upstream watershed.,LAND,,,,Single metadata definition,landscape,1,1
1819,landscape_NLCD2011_WS_PCTFULLRP100,NLCD2011_WS_PCTFULLRP100,Landscape Data,NRSA 1819 Landscape,Percent of area with data for NLCD 2011 for upstream watershed withing a 100-m buffer of the NHD stream lines.,LAND,,,,Single metadata definition,landscape,1,1
1819,landscape_NLCD2013_WS_PCTFULL,NLCD2013_WS_PCTFULL,Landscape Data,NRSA 1819 Landscape,Percent of area with data for NLCD 2013 for upstream watershed.,LAND,,,,Single metadata definition,landscape,1,1
1819,landscape_NLCD2013_WS_PCTFULLRP100,NLCD2013_WS_PCTFULLRP100,Landscape Data,NRSA 1819 Landscape,Percent of area with data for NLCD 2013 for upstream watershed within a 100-m buffer of the NHD stream lines.,LAND,,,,Single metadata definition,landscape,1,1
1819,landscape_NLCD2016_WS_PCTFULL,NLCD2016_WS_PCTFULL,Landscape Data,NRSA 1819 Landscape,Percent of area with data for NLCD 2016 for upstream watershed.,LAND,,,,Single metadata definition,landscape,1,1
1819,landscape_NLCD2016_WS_PCTFULLRP100,NLCD2016_WS_PCTFULLRP100,Landscape Data,NRSA 1819 Landscape,Percent of area with data for NLCD 2016 for upstream watershed withing a 100-m buffer of the NHD stream lines.,LAND,,,,Single metadata definition,landscape,1,1
1819,landscape_NLCD2019_WS_PCTFULL,NLCD2019_WS_PCTFULL,Landscape Data,NRSA 1819 Landscape,Percent of area with data for NLCD 2019 for upstream watershed.,LAND,,,,Single metadata definition,landscape,1,1
1819,landscape_NLCD2019_WS_PCTFULLRP100,NLCD2019_WS_PCTFULLRP100,Landscape Data,NRSA 1819 Landscape,Percent of area with data for NLCD 2019 for upstream watershed within a 100-m buffer of the NHD stream lines.,LAND,,,,Single metadata definition,landscape,1,1
1819,landscape_NO3_2008_WS_PCTFULL,NO3_2008_WS_PCTFULL,Landscape Data,NRSA 1819 Landscape,"Percent of area with data for Annual average of preciptiation-weighted mean deposition for nitrate ion concentration for year, 2008, within the upstream watershed (Ws).",LAND,,,,Single metadata definition,landscape,1,1
1819,landscape_NO3_2008WS,NO3_2008WS,Landscape Data,NRSA 1819 Landscape,"Annual average of preciptiation-weighted mean deposition for nitrate ion concentration for year, 2008, within the upstream watershed (Ws).",LAND,,,,Single metadata definition,landscape,1,1
1819,landscape_NPDES_WS_PCTFULL,NPDES_WS_PCTFULL,Landscape Data,NRSA 1819 Landscape,Percent of area with data for density of georeferenced NPDES sites (NPDES_Major.shp) within the upstream watershed (Ws).,LAND,,,,Single metadata definition,landscape,1,1
1819,landscape_NPDES_WS_PCTFULLRP100,NPDES_WS_PCTFULLRP100,Landscape Data,NRSA 1819 Landscape,Percent of area with data for density of georeferenced NPDES sites (NPDES_Major.shp) within a 100-m buffer (Rp100) of the NHD stream lines. Derived as the intersection between RpRp100 and NPDES_Major.shp landscape layers.,LAND,,,,Single metadata definition,landscape,1,1
1819,landscape_NPDESDENSWS,NPDESDENSWS,Landscape Data,NRSA 1819 Landscape,Density of georeferenced NPDES sites (NPDES_Major.shp) within the upstream watershed (Ws).,LAND,,,,Single metadata definition,landscape,1,1
1819,landscape_NPDESDENSWSRP100,NPDESDENSWSRP100,Landscape Data,NRSA 1819 Landscape,Density of georeferenced NPDES sites (NPDES_Major.shp) within a 100-m buffer (Rp100) of the NHD stream lines. Derived as the intersection between RpRp100 and NPDES_Major.shp landscape layers.,LAND,,,,Single metadata definition,landscape,1,1
1819,landscape_NWS,NWS,Landscape Data,NRSA 1819 Landscape,Mean of all lithological nitrogen (N) content in surface or near surface geology values within the upstream watershed (Ws).,LAND,,,,Single metadata definition,landscape,1,1
1819,landscape_OM_WS_PCTFULL,OM_WS_PCTFULL,Landscape Data,NRSA 1819 Landscape,Percent of area with data for Mean of all om values within the upstream watershed (Ws).,LAND,,,,Single metadata definition,landscape,1,1
1819,landscape_OMH_WS_PCTFULL,OMH_WS_PCTFULL,Landscape Data,NRSA 1819 Landscape,Percent of area with data for Watershed mean of the high value of organic matter content (percent by weight) of soils from State Soil Geographic (STATSGO) Database.,LAND,,,,Single metadata definition,landscape,1,1
1819,landscape_OMHWS,OMHWS,Landscape Data,NRSA 1819 Landscape,Watershed mean of the high value of organic matter content (percent by weight) of soils from State Soil Geographic (STATSGO) Database.,LAND,,,,Single metadata definition,landscape,1,1
1819,landscape_OMWS,OMWS,Landscape Data,NRSA 1819 Landscape,Mean of all om values within the upstream watershed (Ws).,LAND,,,,Single metadata definition,landscape,1,1
1819,landscape_P2O5_WS_PCTFULL,P2O5_WS_PCTFULL,Landscape Data,NRSA 1819 Landscape,Percent of area with data for Mean of all P2O5 values within the upstream watershed (Ws).,LAND,,,,Single metadata definition,landscape,1,1
1819,landscape_P2O5WS,P2O5WS,Landscape Data,NRSA 1819 Landscape,Mean of all P2O5 values within the upstream watershed (Ws).,LAND,,,,Single metadata definition,landscape,1,1
1819,landscape_PCTAG2006SLP10WS,PCTAG2006SLP10WS,Landscape Data,NRSA 1819 Landscape,Percentage of Agricultural Land (NLCD 2006)that lies on slopes greater than 10 degrees within the watershed (Ws).,LAND,,,,Single metadata definition,landscape,1,1
1819,landscape_PCTAG2006SLP20WS,PCTAG2006SLP20WS,Landscape Data,NRSA 1819 Landscape,Percentage of Agricultural Land (NLCD 2006) that lies on slopes greater than 20 degrees within the watershed (Ws).,LAND,,,,Single metadata definition,landscape,1,1
1819,landscape_PCTALKINTRUVOLWS,PCTALKINTRUVOLWS,Landscape Data,NRSA 1819 Landscape,% of the upstream watershed (Ws) classified as lithology type: alkaline intrusive volcanic rock.,LAND,,,,Single metadata definition,landscape,1,1
1819,landscape_PCTALLUVCOASTWS,PCTALLUVCOASTWS,Landscape Data,NRSA 1819 Landscape,% of the upstream watershed (Ws) classified as lithology type: alluvium and fine-textured coastal zone sediment.,LAND,,,,Single metadata definition,landscape,1,1
1819,landscape_PCTBL2001_WSRP100,PCTBL2001_WSRP100,Landscape Data,NRSA 1819 Landscape,"% of the upstream watershed (Ws) areas classified as areas of bedrock, desert pavement, scarps, talus, slides, volcanic materical, glacial debris, sand dunes, strip mines, gravel pits, and other accumulations of earthen material and within 100-m buffer of NHD stream lines (Rp100). Derived from the nlcd2001.tif (class 31) landscape raster.",LAND,,,,Single metadata definition,landscape,1,1
1819,landscape_PCTBL2001WS,PCTBL2001WS,Landscape Data,NRSA 1819 Landscape,"% of the upstream watershed (Ws) areas classified as areas of bedrock, desert pavement, scarps, talus, slides, volcanic materical, glacial debris, sand dunes, strip mines, gravel pits, and other accumulations of earthen material. Derived from the nlcd2001.tif (class 31) landscape raster.",LAND,,,,Single metadata definition,landscape,1,1
1819,landscape_PCTBL2004_WSRP100,PCTBL2004_WSRP100,Landscape Data,NRSA 1819 Landscape,"% of the upstream watershed (Ws) areas classified as areas of bedrock, desert pavement, scarps, talus, slides, volcanic materical, glacial debris, sand dunes, strip mines, gravel pits, and other accumulations of earthen material and within 100-m buffer of NHD stream lines (Rp100). Derived from the nlcd2004.tif (class 31) landscape raster.",LAND,,,,Single metadata definition,landscape,1,1
1819,landscape_PCTBL2004WS,PCTBL2004WS,Landscape Data,NRSA 1819 Landscape,"% of the upstream watershed (Ws) areas classified as areas of bedrock, desert pavement, scarps, talus, slides, volcanic materical, glacial debris, sand dunes, strip mines, gravel pits, and other accumulations of earthen material. Derived from the nlcd2004.tif (class 31) landscape raster.",LAND,,,,Single metadata definition,landscape,1,1
1819,landscape_PCTBL2006_WSRP100,PCTBL2006_WSRP100,Landscape Data,NRSA 1819 Landscape,"% of the upstream watershed (Ws) areas classified as areas of bedrock, desert pavement, scarps, talus, slides, volcanic materical, glacial debris, sand dunes, strip mines, gravel pits, and other accumulations of earthen material and within 100-m buffer of NHD stream lines (Rp100). Derived from the nlcd2006.tif (class 31) landscape raster.",LAND,,,,Single metadata definition,landscape,1,1
1819,landscape_PCTBL2006WS,PCTBL2006WS,Landscape Data,NRSA 1819 Landscape,"% of the upstream watershed (Ws) areas classified as areas of bedrock, desert pavement, scarps, talus, slides, volcanic materical, glacial debris, sand dunes, strip mines, gravel pits, and other accumulations of earthen material. Derived from the nlcd2006.tif (class 31) landscape raster.",LAND,,,,Single metadata definition,landscape,1,1
1819,landscape_PCTBL2008_WSRP100,PCTBL2008_WSRP100,Landscape Data,NRSA 1819 Landscape,"% of the upstream watershed (Ws) areas classified as areas of bedrock, desert pavement, scarps, talus, slides, volcanic materical, glacial debris, sand dunes, strip mines, gravel pits, and other accumulations of earthen material and within 100-m buffer of NHD stream lines (Rp100). Derived from the nlcd2008.tif (class 31) landscape raster.",LAND,,,,Single metadata definition,landscape,1,1
1819,landscape_PCTBL2008WS,PCTBL2008WS,Landscape Data,NRSA 1819 Landscape,"% of the upstream watershed (Ws) areas classified as areas of bedrock, desert pavement, scarps, talus, slides, volcanic materical, glacial debris, sand dunes, strip mines, gravel pits, and other accumulations of earthen material. Derived from the nlcd2008.tif (class 31) landscape raster.",LAND,,,,Single metadata definition,landscape,1,1
1819,landscape_PCTBL2011_WSRP100,PCTBL2011_WSRP100,Landscape Data,NRSA 1819 Landscape,"% of the upstream watershed (Ws) areas classified as areas of bedrock, desert pavement, scarps, talus, slides, volcanic materical, glacial debris, sand dunes, strip mines, gravel pits, and other accumulations of earthen material and within 100-m buffer of NHD stream lines (Rp100). Derived from the nlcd2011.tif (class 31) landscape raster.",LAND,,,,Single metadata definition,landscape,1,1
1819,landscape_PCTBL2011WS,PCTBL2011WS,Landscape Data,NRSA 1819 Landscape,"% of the upstream watershed (Ws) areas classified as areas of bedrock, desert pavement, scarps, talus, slides, volcanic materical, glacial debris, sand dunes, strip mines, gravel pits, and other accumulations of earthen material. Derived from the nlcd2011.tif (class 31) landscape raster.",LAND,,,,Single metadata definition,landscape,1,1
1819,landscape_PCTBL2013_WSRP100,PCTBL2013_WSRP100,Landscape Data,NRSA 1819 Landscape,"% of the upstream watershed (Ws) areas classified as areas of bedrock, desert pavement, scarps, talus, slides, volcanic materical, glacial debris, sand dunes, strip mines, gravel pits, and other accumulations of earthen material and within 100-m buffer of NHD stream lines (Rp100). Derived from the nlcd2013.tif (class 31) landscape raster.",LAND,,,,Single metadata definition,landscape,1,1
1819,landscape_PCTBL2013WS,PCTBL2013WS,Landscape Data,NRSA 1819 Landscape,"% of the upstream watershed (Ws) areas classified as areas of bedrock, desert pavement, scarps, talus, slides, volcanic materical, glacial debris, sand dunes, strip mines, gravel pits, and other accumulations of earthen material. Derived from the nlcd2013.tif (class 31) landscape raster.",LAND,,,,Single metadata definition,landscape,1,1
1819,landscape_PCTBL2016_WSRP100,PCTBL2016_WSRP100,Landscape Data,NRSA 1819 Landscape,"% of the upstream watershed (Ws) areas classified as areas of bedrock, desert pavement, scarps, talus, slides, volcanic materical, glacial debris, sand dunes, strip mines, gravel pits, and other accumulations of earthen material and within 100-m buffer of NHD stream lines (Rp100). Derived from the nlcd2016.tif (class 31) landscape raster.",LAND,,,,Single metadata definition,landscape,1,1
1819,landscape_PCTBL2016WS,PCTBL2016WS,Landscape Data,NRSA 1819 Landscape,"% of the upstream watershed (Ws) areas classified as areas of bedrock, desert pavement, scarps, talus, slides, volcanic materical, glacial debris, sand dunes, strip mines, gravel pits, and other accumulations of earthen material. Derived from the nlcd2016.tif (class 31) landscape raster.",LAND,,,,Single metadata definition,landscape,1,1
1819,landscape_PCTBL2019_WSRP100,PCTBL2019_WSRP100,Landscape Data,NRSA 1819 Landscape,"% of the upstream watershed (Ws) areas classified as areas of bedrock, desert pavement, scarps, talus, slides, volcanic materical, glacial debris, sand dunes, strip mines, gravel pits, and other accumulations of earthen material and within 100-m buffer of NHD stream lines (Rp100). Derived from the nlcd2019.tif (class 31) landscape raster.",LAND,,,,Single metadata definition,landscape,1,1
1819,landscape_PCTBL2019WS,PCTBL2019WS,Landscape Data,NRSA 1819 Landscape,"% of the upstream watershed (Ws) areas classified as areas of bedrock, desert pavement, scarps, talus, slides, volcanic materical, glacial debris, sand dunes, strip mines, gravel pits, and other accumulations of earthen material. Derived from the nlcd2019.tif (class 31) landscape raster.",LAND,,,,Single metadata definition,landscape,1,1
1819,landscape_PCTCARBONATEWS,PCTCARBONATEWS,Landscape Data,NRSA 1819 Landscape,% of the upstream watershed (Ws) classified as bedrock permeability type: Carbonate rock.,LAND,,,,Single metadata definition,landscape,1,1
1819,landscape_PCTCARBRESIDWS,PCTCARBRESIDWS,Landscape Data,NRSA 1819 Landscape,% of the upstream watershed (Ws) classified as lithology type: carbonate residual material.,LAND,,,,Single metadata definition,landscape,1,1
1819,landscape_PCTCOASTCRSWS,PCTCOASTCRSWS,Landscape Data,NRSA 1819 Landscape,"% of the upstream watershed (Ws) classified as lithology type: coastal zone sediment, coarse-textured.",LAND,,,,Single metadata definition,landscape,1,1
1819,landscape_PCTCOLLUVSEDWS,PCTCOLLUVSEDWS,Landscape Data,NRSA 1819 Landscape,% of the upstream watershed (Ws) classified as lithology type: colluvial sediment.,LAND,,,,Single metadata definition,landscape,1,1
1819,landscape_PCTCONIF2001_WSRP100,PCTCONIF2001_WSRP100,Landscape Data,NRSA 1819 Landscape,% of the upstream watershed (Ws) areas classified as evergreen forest land cover and within 100-m buffer of NHD stream lines (Rp100). Derived from the nlcd2001.tif (class 42) landscape raster.,LAND,,,,Single metadata definition,landscape,1,1
1819,landscape_PCTCONIF2001WS,PCTCONIF2001WS,Landscape Data,NRSA 1819 Landscape,% of the upstream watershed (Ws) areas classified as evergreen forest land cover. Derived from the nlcd2001.tif (class 42) landscape raster.,LAND,,,,Single metadata definition,landscape,1,1
1819,landscape_PCTCONIF2004_WSRP100,PCTCONIF2004_WSRP100,Landscape Data,NRSA 1819 Landscape,% of the upstream watershed (Ws) areas classified as evergreen forest land cover and within 100-m buffer of NHD stream lines (Rp100). Derived from the nlcd2004.tif (class 42) landscape raster.,LAND,,,,Single metadata definition,landscape,1,1
1819,landscape_PCTCONIF2004WS,PCTCONIF2004WS,Landscape Data,NRSA 1819 Landscape,% of the upstream watershed (Ws) areas classified as evergreen forest land cover. Derived from the nlcd2004.tif (class 42) landscape raster.,LAND,,,,Single metadata definition,landscape,1,1
1819,landscape_PCTCONIF2006_WSRP100,PCTCONIF2006_WSRP100,Landscape Data,NRSA 1819 Landscape,% of the upstream watershed (Ws) areas classified as evergreen forest land cover and within 100-m buffer of NHD stream lines (Rp100). Derived from the nlcd2006.tif (class 42) landscape raster.,LAND,,,,Single metadata definition,landscape,1,1
1819,landscape_PCTCONIF2006WS,PCTCONIF2006WS,Landscape Data,NRSA 1819 Landscape,% of the upstream watershed (Ws) areas classified as evergreen forest land cover. Derived from the nlcd2006.tif (class 42) landscape raster.,LAND,,,,Single metadata definition,landscape,1,1
1819,landscape_PCTCONIF2008_WSRP100,PCTCONIF2008_WSRP100,Landscape Data,NRSA 1819 Landscape,% of the upstream watershed (Ws) areas classified as evergreen forest land cover and within 100-m buffer of NHD stream lines (Rp100). Derived from the nlcd2008.tif (class 42) landscape raster.,LAND,,,,Single metadata definition,landscape,1,1
1819,landscape_PCTCONIF2008WS,PCTCONIF2008WS,Landscape Data,NRSA 1819 Landscape,% of the upstream watershed (Ws) areas classified as evergreen forest land cover. Derived from the nlcd2008.tif (class 42) landscape raster.,LAND,,,,Single metadata definition,landscape,1,1
1819,landscape_PCTCONIF2011_WSRP100,PCTCONIF2011_WSRP100,Landscape Data,NRSA 1819 Landscape,% of the upstream watershed (Ws) areas classified as evergreen forest land cover and within 100-m buffer of NHD stream lines (Rp100). Derived from the nlcd2011.tif (class 42) landscape raster.,LAND,,,,Single metadata definition,landscape,1,1
1819,landscape_PCTCONIF2011WS,PCTCONIF2011WS,Landscape Data,NRSA 1819 Landscape,% of the upstream watershed (Ws) areas classified as evergreen forest land cover. Derived from the nlcd2011.tif (class 42) landscape raster.,LAND,,,,Single metadata definition,landscape,1,1
1819,landscape_PCTCONIF2013_WSRP100,PCTCONIF2013_WSRP100,Landscape Data,NRSA 1819 Landscape,% of the upstream watershed (Ws) areas classified as evergreen forest land cover and within 100-m buffer of NHD stream lines (Rp100). Derived from the nlcd2013.tif (class 42) landscape raster.,LAND,,,,Single metadata definition,landscape,1,1
1819,landscape_PCTCONIF2013WS,PCTCONIF2013WS,Landscape Data,NRSA 1819 Landscape,% of the upstream watershed (Ws) areas classified as evergreen forest land cover. Derived from the nlcd2013.tif (class 42) landscape raster.,LAND,,,,Single metadata definition,landscape,1,1
1819,landscape_PCTCONIF2016_WSRP100,PCTCONIF2016_WSRP100,Landscape Data,NRSA 1819 Landscape,% of the upstream watershed (Ws) areas classified as evergreen forest land cover and within 100-m buffer of NHD stream lines (Rp100). Derived from the nlcd2016.tif (class 42) landscape raster.,LAND,,,,Single metadata definition,landscape,1,1
1819,landscape_PCTCONIF2016WS,PCTCONIF2016WS,Landscape Data,NRSA 1819 Landscape,% of the upstream watershed (Ws) areas classified as evergreen forest land cover. Derived from the nlcd2016.tif (class 42) landscape raster.,LAND,,,,Single metadata definition,landscape,1,1
1819,landscape_PCTCONIF2019_WSRP100,PCTCONIF2019_WSRP100,Landscape Data,NRSA 1819 Landscape,% of the upstream watershed (Ws) areas classified as evergreen forest land cover and within 100-m buffer of NHD stream lines (Rp100). Derived from the nlcd2019.tif (class 42) landscape raster.,LAND,,,,Single metadata definition,landscape,1,1
1819,landscape_PCTCONIF2019WS,PCTCONIF2019WS,Landscape Data,NRSA 1819 Landscape,% of the upstream watershed (Ws) areas classified as evergreen forest land cover. Derived from the nlcd2019.tif (class 42) landscape raster.,LAND,,,,Single metadata definition,landscape,1,1
1819,landscape_PCTCROP2001_WSRP100,PCTCROP2001_WSRP100,Landscape Data,NRSA 1819 Landscape,% of the upstream watershed (Ws) areas classified as row crop land use and within 100-m buffer of NHD stream lines (Rp100). Derived from the nlcd2001.tif (class 82) landscape raster,LAND,,,,Single metadata definition,landscape,1,1
1819,landscape_PCTCROP2001WS,PCTCROP2001WS,Landscape Data,NRSA 1819 Landscape,% of the upstream watershed (Ws) areas classified as row crop land use. Derived from the nlcd2001.tif (class 82) landscape raster,LAND,,,,Single metadata definition,landscape,1,1
1819,landscape_PCTCROP2004_WSRP100,PCTCROP2004_WSRP100,Landscape Data,NRSA 1819 Landscape,% of the upstream watershed (Ws) areas classified as row crop land use and within 100-m buffer of NHD stream lines (Rp100). Derived from the nlcd2004.tif (class 82) landscape raster,LAND,,,,Single metadata definition,landscape,1,1
1819,landscape_PCTCROP2004WS,PCTCROP2004WS,Landscape Data,NRSA 1819 Landscape,% of the upstream watershed (Ws) areas classified as row crop land use. Derived from the nlcd2004.tif (class 82) landscape raster,LAND,,,,Single metadata definition,landscape,1,1
1819,landscape_PCTCROP2006_WSRP100,PCTCROP2006_WSRP100,Landscape Data,NRSA 1819 Landscape,% of the upstream watershed (Ws) areas classified as row crop land use and within 100-m buffer of NHD stream lines (Rp100). Derived from the nlcd2006.tif (class 82) landscape raster,LAND,,,,Single metadata definition,landscape,1,1
1819,landscape_PCTCROP2006WS,PCTCROP2006WS,Landscape Data,NRSA 1819 Landscape,% of the upstream watershed (Ws) areas classified as row crop land use. Derived from the nlcd2006.tif (class 82) landscape raster,LAND,,,,Single metadata definition,landscape,1,1
1819,landscape_PCTCROP2008_WSRP100,PCTCROP2008_WSRP100,Landscape Data,NRSA 1819 Landscape,% of the upstream watershed (Ws) areas classified as row crop land use and within 100-m buffer of NHD stream lines (Rp100). Derived from the nlcd2008.tif (class 82) landscape raster,LAND,,,,Single metadata definition,landscape,1,1
1819,landscape_PCTCROP2008WS,PCTCROP2008WS,Landscape Data,NRSA 1819 Landscape,% of the upstream watershed (Ws) areas classified as row crop land use. Derived from the nlcd2008.tif (class 82) landscape raster,LAND,,,,Single metadata definition,landscape,1,1
1819,landscape_PCTCROP2011_WSRP100,PCTCROP2011_WSRP100,Landscape Data,NRSA 1819 Landscape,% of the upstream watershed (Ws) areas classified as row crop land use and within 100-m buffer of NHD stream lines (Rp100). Derived from the nlcd2011.tif (class 82) landscape raster,LAND,,,,Single metadata definition,landscape,1,1
1819,landscape_PCTCROP2011WS,PCTCROP2011WS,Landscape Data,NRSA 1819 Landscape,% of the upstream watershed (Ws) areas classified as row crop land use. Derived from the nlcd2011.tif (class 82) landscape raster,LAND,,,,Single metadata definition,landscape,1,1
1819,landscape_PCTCROP2013_WSRP100,PCTCROP2013_WSRP100,Landscape Data,NRSA 1819 Landscape,% of the upstream watershed (Ws) areas classified as row crop land use and within 100-m buffer of NHD stream lines (Rp100). Derived from the nlcd2013.tif (class 82) landscape raster,LAND,,,,Single metadata definition,landscape,1,1
1819,landscape_PCTCROP2013WS,PCTCROP2013WS,Landscape Data,NRSA 1819 Landscape,% of the upstream watershed (Ws) areas classified as row crop land use. Derived from the nlcd2013.tif (class 82) landscape raster,LAND,,,,Single metadata definition,landscape,1,1
1819,landscape_PCTCROP2016_WSRP100,PCTCROP2016_WSRP100,Landscape Data,NRSA 1819 Landscape,% of the upstream watershed (Ws) areas classified as row crop land use and within 100-m buffer of NHD stream lines (Rp100). Derived from the nlcd2016.tif (class 82) landscape raster,LAND,,,,Single metadata definition,landscape,1,1
1819,landscape_PCTCROP2016WS,PCTCROP2016WS,Landscape Data,NRSA 1819 Landscape,% of the upstream watershed (Ws) areas classified as row crop land use. Derived from the nlcd2016.tif (class 82) landscape raster,LAND,,,,Single metadata definition,landscape,1,1
1819,landscape_PCTCROP2019_WSRP100,PCTCROP2019_WSRP100,Landscape Data,NRSA 1819 Landscape,% of the upstream watershed (Ws) areas classified as row crop land use and within 100-m buffer of NHD stream lines (Rp100). Derived from the nlcd2019.tif (class 82) landscape raster,LAND,,,,Single metadata definition,landscape,1,1
1819,landscape_PCTCROP2019WS,PCTCROP2019WS,Landscape Data,NRSA 1819 Landscape,% of the upstream watershed (Ws) areas classified as row crop land use. Derived from the nlcd2019.tif (class 82) landscape raster,LAND,,,,Single metadata definition,landscape,1,1
1819,landscape_PCTDECID2001_WSRP100,PCTDECID2001_WSRP100,Landscape Data,NRSA 1819 Landscape,% of the upstream watershed (Ws) areas classified as deciduous forest land cover and within 100-m buffer of NHD stream lines (Rp100). Derived from the nlcd2001.tif (class 41) landscape raster.,LAND,,,,Single metadata definition,landscape,1,1
1819,landscape_PCTDECID2001WS,PCTDECID2001WS,Landscape Data,NRSA 1819 Landscape,% of the upstream watershed (Ws) areas classified as deciduous forest land cover. Derived from the nlcd2001.tif (class 41) landscape raster.,LAND,,,,Single metadata definition,landscape,1,1
1819,landscape_PCTDECID2004_WSRP100,PCTDECID2004_WSRP100,Landscape Data,NRSA 1819 Landscape,% of the upstream watershed (Ws) areas classified as deciduous forest land cover and within 100-m buffer of NHD stream lines (Rp100). Derived from the nlcd2004.tif (class 41) landscape raster.,LAND,,,,Single metadata definition,landscape,1,1
1819,landscape_PCTDECID2004WS,PCTDECID2004WS,Landscape Data,NRSA 1819 Landscape,% of the upstream watershed (Ws) areas classified as deciduous forest land cover. Derived from the nlcd2004.tif (class 41) landscape raster.,LAND,,,,Single metadata definition,landscape,1,1
1819,landscape_PCTDECID2006_WSRP100,PCTDECID2006_WSRP100,Landscape Data,NRSA 1819 Landscape,% of the upstream watershed (Ws) areas classified as deciduous forest land cover and within 100-m buffer of NHD stream lines (Rp100). Derived from the nlcd2006.tif (class 41) landscape raster.,LAND,,,,Single metadata definition,landscape,1,1
1819,landscape_PCTDECID2006WS,PCTDECID2006WS,Landscape Data,NRSA 1819 Landscape,% of the upstream watershed (Ws) areas classified as deciduous forest land cover. Derived from the nlcd2006.tif (class 41) landscape raster.,LAND,,,,Single metadata definition,landscape,1,1
1819,landscape_PCTDECID2008_WSRP100,PCTDECID2008_WSRP100,Landscape Data,NRSA 1819 Landscape,% of the upstream watershed (Ws) areas classified as deciduous forest land cover and within 100-m buffer of NHD stream lines (Rp100). Derived from the nlcd2008.tif (class 41) landscape raster.,LAND,,,,Single metadata definition,landscape,1,1
1819,landscape_PCTDECID2008WS,PCTDECID2008WS,Landscape Data,NRSA 1819 Landscape,% of the upstream watershed (Ws) areas classified as deciduous forest land cover. Derived from the nlcd2008.tif (class 41) landscape raster.,LAND,,,,Single metadata definition,landscape,1,1
1819,landscape_PCTDECID2011_WSRP100,PCTDECID2011_WSRP100,Landscape Data,NRSA 1819 Landscape,% of the upstream watershed (Ws) areas classified as deciduous forest land cover and within 100-m buffer of NHD stream lines (Rp100). Derived from the nlcd2011.tif (class 41) landscape raster.,LAND,,,,Single metadata definition,landscape,1,1
1819,landscape_PCTDECID2011WS,PCTDECID2011WS,Landscape Data,NRSA 1819 Landscape,% of the upstream watershed (Ws) areas classified as deciduous forest land cover. Derived from the nlcd2011.tif (class 41) landscape raster.,LAND,,,,Single metadata definition,landscape,1,1
1819,landscape_PCTDECID2013_WSRP100,PCTDECID2013_WSRP100,Landscape Data,NRSA 1819 Landscape,% of the upstream watershed (Ws) areas classified as deciduous forest land cover and within 100-m buffer of NHD stream lines (Rp100). Derived from the nlcd2013.tif (class 41) landscape raster.,LAND,,,,Single metadata definition,landscape,1,1
1819,landscape_PCTDECID2013WS,PCTDECID2013WS,Landscape Data,NRSA 1819 Landscape,% of the upstream watershed (Ws) areas classified as deciduous forest land cover. Derived from the nlcd2013.tif (class 41) landscape raster.,LAND,,,,Single metadata definition,landscape,1,1
1819,landscape_PCTDECID2016_WSRP100,PCTDECID2016_WSRP100,Landscape Data,NRSA 1819 Landscape,% of the upstream watershed (Ws) areas classified as deciduous forest land cover and within 100-m buffer of NHD stream lines (Rp100). Derived from the nlcd2016.tif (class 41) landscape raster.,LAND,,,,Single metadata definition,landscape,1,1
1819,landscape_PCTDECID2016WS,PCTDECID2016WS,Landscape Data,NRSA 1819 Landscape,% of the upstream watershed (Ws) areas classified as deciduous forest land cover. Derived from the nlcd2016.tif (class 41) landscape raster.,LAND,,,,Single metadata definition,landscape,1,1
1819,landscape_PCTDECID2019_WSRP100,PCTDECID2019_WSRP100,Landscape Data,NRSA 1819 Landscape,% of the upstream watershed (Ws) areas classified as deciduous forest land cover and within 100-m buffer of NHD stream lines (Rp100). Derived from the nlcd2019.tif (class 41) landscape raster.,LAND,,,,Single metadata definition,landscape,1,1
1819,landscape_PCTDECID2019WS,PCTDECID2019WS,Landscape Data,NRSA 1819 Landscape,% of the upstream watershed (Ws) areas classified as deciduous forest land cover. Derived from the nlcd2019.tif (class 41) landscape raster.,LAND,,,,Single metadata definition,landscape,1,1
1819,landscape_PCTEOLCRSWS,PCTEOLCRSWS,Landscape Data,NRSA 1819 Landscape,"% of the upstream watershed (Ws) classified as lithology type: eolian sediment, coarse-textured (sand dunes).",LAND,,,,Single metadata definition,landscape,1,1
1819,landscape_PCTEOLFINEWS,PCTEOLFINEWS,Landscape Data,NRSA 1819 Landscape,"% of the upstream watershed (Ws) classified as lithology type: eolian sediment, fine-textured (glacial loess).",LAND,,,,Single metadata definition,landscape,1,1
1819,landscape_PCTEXTRUVOLWS,PCTEXTRUVOLWS,Landscape Data,NRSA 1819 Landscape,% of the upstream watershed (Ws) classified as lithology type: extrusive volcanic rock.,LAND,,,,Single metadata definition,landscape,1,1
1819,landscape_PCTFIRE2000WS,PCTFIRE2000WS,Landscape Data,NRSA 1819 Landscape,% Forest loss to fire (fire perimeter) for 2000 within the upstream watershed (Ws).,LAND,,,,Single metadata definition,landscape,1,1
1819,landscape_PCTFIRE2000WSRP100,PCTFIRE2000WSRP100,Landscape Data,NRSA 1819 Landscape,% Forest loss to fire (fire perimeter) for year 2000 within the upstream watershed (Ws) and within 100-m buffer of NHD stream lines (Rp100).,LAND,,,,Single metadata definition,landscape,1,1
1819,landscape_PCTFIRE2001WS,PCTFIRE2001WS,Landscape Data,NRSA 1819 Landscape,% Forest loss to fire (fire perimeter) for 2001 within the upstream watershed (Ws).,LAND,,,,Single metadata definition,landscape,1,1
1819,landscape_PCTFIRE2001WSRP100,PCTFIRE2001WSRP100,Landscape Data,NRSA 1819 Landscape,% Forest loss to fire (fire perimeter) for year 2001 within the upstream watershed (Ws) and within 100-m buffer of NHD stream lines (Rp100).,LAND,,,,Single metadata definition,landscape,1,1
1819,landscape_PCTFIRE2002WS,PCTFIRE2002WS,Landscape Data,NRSA 1819 Landscape,% Forest loss to fire (fire perimeter) for 2002 within the upstream watershed (Ws).,LAND,,,,Single metadata definition,landscape,1,1
1819,landscape_PCTFIRE2002WSRP100,PCTFIRE2002WSRP100,Landscape Data,NRSA 1819 Landscape,% Forest loss to fire (fire perimeter) for year 2002 within the upstream watershed (Ws) and within 100-m buffer of NHD stream lines (Rp100).,LAND,,,,Single metadata definition,landscape,1,1
1819,landscape_PCTFIRE2003WS,PCTFIRE2003WS,Landscape Data,NRSA 1819 Landscape,% Forest loss to fire (fire perimeter) for 2003 within the upstream watershed (Ws).,LAND,,,,Single metadata definition,landscape,1,1
1819,landscape_PCTFIRE2003WSRP100,PCTFIRE2003WSRP100,Landscape Data,NRSA 1819 Landscape,% Forest loss to fire (fire perimeter) for year 2003 within the upstream watershed (Ws) and within 100-m buffer of NHD stream lines (Rp100).,LAND,,,,Single metadata definition,landscape,1,1
1819,landscape_PCTFIRE2004WS,PCTFIRE2004WS,Landscape Data,NRSA 1819 Landscape,% Forest loss to fire (fire perimeter) for 2004 within the upstream watershed (Ws).,LAND,,,,Single metadata definition,landscape,1,1
1819,landscape_PCTFIRE2004WSRP100,PCTFIRE2004WSRP100,Landscape Data,NRSA 1819 Landscape,% Forest loss to fire (fire perimeter) for year 2004 within the upstream watershed (Ws) and within 100-m buffer of NHD stream lines (Rp100).,LAND,,,,Single metadata definition,landscape,1,1
1819,landscape_PCTFIRE2005WS,PCTFIRE2005WS,Landscape Data,NRSA 1819 Landscape,% Forest loss to fire (fire perimeter) for 2005 within the upstream watershed (Ws).,LAND,,,,Single metadata definition,landscape,1,1
1819,landscape_PCTFIRE2005WSRP100,PCTFIRE2005WSRP100,Landscape Data,NRSA 1819 Landscape,% Forest loss to fire (fire perimeter) for year 2005 within the upstream watershed (Ws) and within 100-m buffer of NHD stream lines (Rp100).,LAND,,,,Single metadata definition,landscape,1,1
1819,landscape_PCTFIRE2006WS,PCTFIRE2006WS,Landscape Data,NRSA 1819 Landscape,% Forest loss to fire (fire perimeter) for 2006 within the upstream watershed (Ws).,LAND,,,,Single metadata definition,landscape,1,1
1819,landscape_PCTFIRE2006WSRP100,PCTFIRE2006WSRP100,Landscape Data,NRSA 1819 Landscape,% Forest loss to fire (fire perimeter) for year 2006 within the upstream watershed (Ws) and within 100-m buffer of NHD stream lines (Rp100).,LAND,,,,Single metadata definition,landscape,1,1
1819,landscape_PCTFIRE2007WS,PCTFIRE2007WS,Landscape Data,NRSA 1819 Landscape,% Forest loss to fire (fire perimeter) for 2007 within the upstream watershed (Ws).,LAND,,,,Single metadata definition,landscape,1,1
1819,landscape_PCTFIRE2007WSRP100,PCTFIRE2007WSRP100,Landscape Data,NRSA 1819 Landscape,% Forest loss to fire (fire perimeter) for year 2007 within the upstream watershed (Ws) and within 100-m buffer of NHD stream lines (Rp100).,LAND,,,,Single metadata definition,landscape,1,1
1819,landscape_PCTFIRE2008WS,PCTFIRE2008WS,Landscape Data,NRSA 1819 Landscape,% Forest loss to fire (fire perimeter) for 2008 within the upstream watershed (Ws).,LAND,,,,Single metadata definition,landscape,1,1
1819,landscape_PCTFIRE2008WSRP100,PCTFIRE2008WSRP100,Landscape Data,NRSA 1819 Landscape,% Forest loss to fire (fire perimeter) for year 2008 within the upstream watershed (Ws) and within 100-m buffer of NHD stream lines (Rp100).,LAND,,,,Single metadata definition,landscape,1,1
1819,landscape_PCTFIRE2009WS,PCTFIRE2009WS,Landscape Data,NRSA 1819 Landscape,% Forest loss to fire (fire perimeter) for 2009 within the upstream watershed (Ws).,LAND,,,,Single metadata definition,landscape,1,1
1819,landscape_PCTFIRE2009WSRP100,PCTFIRE2009WSRP100,Landscape Data,NRSA 1819 Landscape,% Forest loss to fire (fire perimeter) for year 2009 within the upstream watershed (Ws) and within 100-m buffer of NHD stream lines (Rp100).,LAND,,,,Single metadata definition,landscape,1,1
1819,landscape_PCTFIRE2010WS,PCTFIRE2010WS,Landscape Data,NRSA 1819 Landscape,% Forest loss to fire (fire perimeter) for 2010 within the upstream watershed (Ws).,LAND,,,,Single metadata definition,landscape,1,1
1819,landscape_PCTFIRE2010WSRP100,PCTFIRE2010WSRP100,Landscape Data,NRSA 1819 Landscape,% Forest loss to fire (fire perimeter) for year 2010 within the upstream watershed (Ws) and within 100-m buffer of NHD stream lines (Rp100).,LAND,,,,Single metadata definition,landscape,1,1
1819,landscape_PCTFRSTLOSS2001WS,PCTFRSTLOSS2001WS,Landscape Data,NRSA 1819 Landscape,% Forest cover loss (Tree canopy cover change) for 2001 within watershed,LAND,,,,Single metadata definition,landscape,1,1
1819,landscape_PCTFRSTLOSS2001WSRP100,PCTFRSTLOSS2001WSRP100,Landscape Data,NRSA 1819 Landscape,% Forest cover loss (Tree canopy cover change) for 2001 within watershed and within 100-m buffer of NHD stream lines,LAND,,,,Single metadata definition,landscape,1,1
1819,landscape_PCTFRSTLOSS2002WS,PCTFRSTLOSS2002WS,Landscape Data,NRSA 1819 Landscape,% Forest cover loss (Tree canopy cover change) for 2002 within watershed,LAND,,,,Single metadata definition,landscape,1,1
1819,landscape_PCTFRSTLOSS2002WSRP100,PCTFRSTLOSS2002WSRP100,Landscape Data,NRSA 1819 Landscape,% Forest cover loss (Tree canopy cover change) for 2002 within watershed and within 100-m buffer of NHD stream lines,LAND,,,,Single metadata definition,landscape,1,1
1819,landscape_PCTFRSTLOSS2003WS,PCTFRSTLOSS2003WS,Landscape Data,NRSA 1819 Landscape,% Forest cover loss (Tree canopy cover change) for 2003 within watershed,LAND,,,,Single metadata definition,landscape,1,1
1819,landscape_PCTFRSTLOSS2003WSRP100,PCTFRSTLOSS2003WSRP100,Landscape Data,NRSA 1819 Landscape,% Forest cover loss (Tree canopy cover change) for 2003 within watershed and within 100-m buffer of NHD stream lines,LAND,,,,Single metadata definition,landscape,1,1
1819,landscape_PCTFRSTLOSS2004WS,PCTFRSTLOSS2004WS,Landscape Data,NRSA 1819 Landscape,% Forest cover loss (Tree canopy cover change) for 2004 within watershed,LAND,,,,Single metadata definition,landscape,1,1
1819,landscape_PCTFRSTLOSS2004WSRP100,PCTFRSTLOSS2004WSRP100,Landscape Data,NRSA 1819 Landscape,% Forest cover loss (Tree canopy cover change) for 2004 within watershed and within 100-m buffer of NHD stream lines,LAND,,,,Single metadata definition,landscape,1,1
1819,landscape_PCTFRSTLOSS2005WS,PCTFRSTLOSS2005WS,Landscape Data,NRSA 1819 Landscape,% Forest cover loss (Tree canopy cover change) for 2005 within watershed,LAND,,,,Single metadata definition,landscape,1,1
1819,landscape_PCTFRSTLOSS2005WSRP100,PCTFRSTLOSS2005WSRP100,Landscape Data,NRSA 1819 Landscape,% Forest cover loss (Tree canopy cover change) for 2005 within watershed and within 100-m buffer of NHD stream lines,LAND,,,,Single metadata definition,landscape,1,1
1819,landscape_PCTFRSTLOSS2006WS,PCTFRSTLOSS2006WS,Landscape Data,NRSA 1819 Landscape,% Forest cover loss (Tree canopy cover change) for 2006 within watershed,LAND,,,,Single metadata definition,landscape,1,1
1819,landscape_PCTFRSTLOSS2006WSRP100,PCTFRSTLOSS2006WSRP100,Landscape Data,NRSA 1819 Landscape,% Forest cover loss (Tree canopy cover change) for 2006 within watershed and within 100-m buffer of NHD stream lines,LAND,,,,Single metadata definition,landscape,1,1
1819,landscape_PCTFRSTLOSS2007WS,PCTFRSTLOSS2007WS,Landscape Data,NRSA 1819 Landscape,% Forest cover loss (Tree canopy cover change) for 2007 within watershed,LAND,,,,Single metadata definition,landscape,1,1
1819,landscape_PCTFRSTLOSS2007WSRP100,PCTFRSTLOSS2007WSRP100,Landscape Data,NRSA 1819 Landscape,% Forest cover loss (Tree canopy cover change) for 2007 within watershed and within 100-m buffer of NHD stream lines,LAND,,,,Single metadata definition,landscape,1,1
1819,landscape_PCTFRSTLOSS2008WS,PCTFRSTLOSS2008WS,Landscape Data,NRSA 1819 Landscape,% Forest cover loss (Tree canopy cover change) for 2008 within watershed,LAND,,,,Single metadata definition,landscape,1,1
1819,landscape_PCTFRSTLOSS2008WSRP100,PCTFRSTLOSS2008WSRP100,Landscape Data,NRSA 1819 Landscape,% Forest cover loss (Tree canopy cover change) for 2008 within watershed and within 100-m buffer of NHD stream lines,LAND,,,,Single metadata definition,landscape,1,1
1819,landscape_PCTFRSTLOSS2009WS,PCTFRSTLOSS2009WS,Landscape Data,NRSA 1819 Landscape,% Forest cover loss (Tree canopy cover change) for 2009 within watershed,LAND,,,,Single metadata definition,landscape,1,1
1819,landscape_PCTFRSTLOSS2009WSRP100,PCTFRSTLOSS2009WSRP100,Landscape Data,NRSA 1819 Landscape,% Forest cover loss (Tree canopy cover change) for 2009 within watershed and within 100-m buffer of NHD stream lines,LAND,,,,Single metadata definition,landscape,1,1
1819,landscape_PCTFRSTLOSS2010WS,PCTFRSTLOSS2010WS,Landscape Data,NRSA 1819 Landscape,% Forest cover loss (Tree canopy cover change) for 2010 within watershed,LAND,,,,Single metadata definition,landscape,1,1
1819,landscape_PCTFRSTLOSS2010WSRP100,PCTFRSTLOSS2010WSRP100,Landscape Data,NRSA 1819 Landscape,% Forest cover loss (Tree canopy cover change) for 2010 within watershed and within 100-m buffer of NHD stream lines,LAND,,,,Single metadata definition,landscape,1,1
1819,landscape_PCTFRSTLOSS2011WS,PCTFRSTLOSS2011WS,Landscape Data,NRSA 1819 Landscape,% Forest cover loss (Tree canopy cover change) for 2011 within watershed,LAND,,,,Single metadata definition,landscape,1,1
1819,landscape_PCTFRSTLOSS2011WSRP100,PCTFRSTLOSS2011WSRP100,Landscape Data,NRSA 1819 Landscape,% Forest cover loss (Tree canopy cover change) for 2011 within watershed and within 100-m buffer of NHD stream lines,LAND,,,,Single metadata definition,landscape,1,1
1819,landscape_PCTFRSTLOSS2012WS,PCTFRSTLOSS2012WS,Landscape Data,NRSA 1819 Landscape,% Forest cover loss (Tree canopy cover change) for 2012 within watershed,LAND,,,,Single metadata definition,landscape,1,1
1819,landscape_PCTFRSTLOSS2012WSRP100,PCTFRSTLOSS2012WSRP100,Landscape Data,NRSA 1819 Landscape,% Forest cover loss (Tree canopy cover change) for 2012 within watershed and within 100-m buffer of NHD stream lines,LAND,,,,Single metadata definition,landscape,1,1
1819,landscape_PCTFRSTLOSS2013WS,PCTFRSTLOSS2013WS,Landscape Data,NRSA 1819 Landscape,% Forest cover loss (Tree canopy cover change) for 2013 within watershed,LAND,,,,Single metadata definition,landscape,1,1
1819,landscape_PCTFRSTLOSS2013WSRP100,PCTFRSTLOSS2013WSRP100,Landscape Data,NRSA 1819 Landscape,% Forest cover loss (Tree canopy cover change) for 2013 within watershed and within 100-m buffer of NHD stream lines,LAND,,,,Single metadata definition,landscape,1,1
1819,landscape_PCTFRSTLOSSBYYEAR_WS_PCTFULL,PCTFRSTLOSSBYYEAR_WS_PCTFULL,Landscape Data,NRSA 1819 Landscape,Percent of area with data for % Forest cover loss (Tree canopy cover change) within watershed,LAND,,,,Single metadata definition,landscape,1,1
1819,landscape_PCTFRSTLOSSBYYEAR_WS_PCTFULLRP100,PCTFRSTLOSSBYYEAR_WS_PCTFULLRP100,Landscape Data,NRSA 1819 Landscape,Percent of area with data for % Forest cover loss (Tree canopy cover change) within watershed and within 100-m buffer of NHD stream lines,LAND,,,,Single metadata definition,landscape,1,1
1819,landscape_PCTGLACLAKECRSWS,PCTGLACLAKECRSWS,Landscape Data,NRSA 1819 Landscape,"% of the upstream watershed (Ws) classified as lithology type: glacial outwash and glacial lake sediment, coarse-textured.",LAND,,,,Single metadata definition,landscape,1,1
1819,landscape_PCTGLACLAKEFINEWS,PCTGLACLAKEFINEWS,Landscape Data,NRSA 1819 Landscape,"% of the upstream watershed (Ws) classified as lithology type: glacial outwash and glacial lake sediment, fine-textured.",LAND,,,,Single metadata definition,landscape,1,1
1819,landscape_PCTGLACTILCLAYWS,PCTGLACTILCLAYWS,Landscape Data,NRSA 1819 Landscape,"% of the upstream watershed (Ws) classified as lithology type: glacial till, clayey.",LAND,,,,Single metadata definition,landscape,1,1
1819,landscape_PCTGLACTILCRSWS,PCTGLACTILCRSWS,Landscape Data,NRSA 1819 Landscape,"% of the upstream watershed (Ws) classified as lithology type: glacial till, coarse-textured.",LAND,,,,Single metadata definition,landscape,1,1
1819,landscape_PCTGLACTILLOAMWS,PCTGLACTILLOAMWS,Landscape Data,NRSA 1819 Landscape,"% of the upstream watershed (Ws) classified as lithology type: glacial till, loamy.",LAND,,,,Single metadata definition,landscape,1,1
1819,landscape_PCTGRS2001_WSRP100,PCTGRS2001_WSRP100,Landscape Data,NRSA 1819 Landscape,% of the upstream watershed (Ws) areas classified as grassland/herbaceous land cover and within 100-m buffer of NHD stream lines (Rp100). Derived from the nlcd2001.tif (class 71) landscape raster.,LAND,,,,Single metadata definition,landscape,1,1
1819,landscape_PCTGRS2001WS,PCTGRS2001WS,Landscape Data,NRSA 1819 Landscape,% of the upstream watershed (Ws) areas classified as grassland/herbaceous land cover. Derived from the nlcd2001.tif (class 71) landscape raster.,LAND,,,,Single metadata definition,landscape,1,1
1819,landscape_PCTGRS2004_WSRP100,PCTGRS2004_WSRP100,Landscape Data,NRSA 1819 Landscape,% of the upstream watershed (Ws) areas classified as grassland/herbaceous land cover and within 100-m buffer of NHD stream lines (Rp100). Derived from the nlcd2004.tif (class 71) landscape raster.,LAND,,,,Single metadata definition,landscape,1,1
1819,landscape_PCTGRS2004WS,PCTGRS2004WS,Landscape Data,NRSA 1819 Landscape,% of the upstream watershed (Ws) areas classified as grassland/herbaceous land cover. Derived from the nlcd2004.tif (class 71) landscape raster.,LAND,,,,Single metadata definition,landscape,1,1
1819,landscape_PCTGRS2006_WSRP100,PCTGRS2006_WSRP100,Landscape Data,NRSA 1819 Landscape,% of the upstream watershed (Ws) areas classified as grassland/herbaceous land cover and within 100-m buffer of NHD stream lines (Rp100). Derived from the nlcd2006.tif (class 71) landscape raster.,LAND,,,,Single metadata definition,landscape,1,1
1819,landscape_PCTGRS2006WS,PCTGRS2006WS,Landscape Data,NRSA 1819 Landscape,% of the upstream watershed (Ws) areas classified as grassland/herbaceous land cover. Derived from the nlcd2006.tif (class 71) landscape raster.,LAND,,,,Single metadata definition,landscape,1,1
1819,landscape_PCTGRS2008_WSRP100,PCTGRS2008_WSRP100,Landscape Data,NRSA 1819 Landscape,% of the upstream watershed (Ws) areas classified as grassland/herbaceous land cover and within 100-m buffer of NHD stream lines (Rp100). Derived from the nlcd2008.tif (class 71) landscape raster.,LAND,,,,Single metadata definition,landscape,1,1
1819,landscape_PCTGRS2008WS,PCTGRS2008WS,Landscape Data,NRSA 1819 Landscape,% of the upstream watershed (Ws) areas classified as grassland/herbaceous land cover. Derived from the nlcd2008.tif (class 71) landscape raster.,LAND,,,,Single metadata definition,landscape,1,1
1819,landscape_PCTGRS2011_WSRP100,PCTGRS2011_WSRP100,Landscape Data,NRSA 1819 Landscape,% of the upstream watershed (Ws) areas classified as grassland/herbaceous land cover and within 100-m buffer of NHD stream lines (Rp100). Derived from the nlcd2011.tif (class 71) landscape raster.,LAND,,,,Single metadata definition,landscape,1,1
1819,landscape_PCTGRS2011WS,PCTGRS2011WS,Landscape Data,NRSA 1819 Landscape,% of the upstream watershed (Ws) areas classified as grassland/herbaceous land cover. Derived from the nlcd2011.tif (class 71) landscape raster.,LAND,,,,Single metadata definition,landscape,1,1
1819,landscape_PCTGRS2013_WSRP100,PCTGRS2013_WSRP100,Landscape Data,NRSA 1819 Landscape,% of the upstream watershed (Ws) areas classified as grassland/herbaceous land cover and within 100-m buffer of NHD stream lines (Rp100). Derived from the nlcd2013.tif (class 71) landscape raster.,LAND,,,,Single metadata definition,landscape,1,1
1819,landscape_PCTGRS2013WS,PCTGRS2013WS,Landscape Data,NRSA 1819 Landscape,% of the upstream watershed (Ws) areas classified as grassland/herbaceous land cover. Derived from the nlcd2013.tif (class 71) landscape raster.,LAND,,,,Single metadata definition,landscape,1,1
1819,landscape_PCTGRS2016_WSRP100,PCTGRS2016_WSRP100,Landscape Data,NRSA 1819 Landscape,% of the upstream watershed (Ws) areas classified as grassland/herbaceous land cover and within 100-m buffer of NHD stream lines (Rp100). Derived from the nlcd2016.tif (class 71) landscape raster.,LAND,,,,Single metadata definition,landscape,1,1
1819,landscape_PCTGRS2016WS,PCTGRS2016WS,Landscape Data,NRSA 1819 Landscape,% of the upstream watershed (Ws) areas classified as grassland/herbaceous land cover. Derived from the nlcd2016.tif (class 71) landscape raster.,LAND,,,,Single metadata definition,landscape,1,1
1819,landscape_PCTGRS2019_WSRP100,PCTGRS2019_WSRP100,Landscape Data,NRSA 1819 Landscape,% of the upstream watershed (Ws) areas classified as grassland/herbaceous land cover and within 100-m buffer of NHD stream lines (Rp100). Derived from the nlcd2019.tif (class 71) landscape raster.,LAND,,,,Single metadata definition,landscape,1,1
1819,landscape_PCTGRS2019WS,PCTGRS2019WS,Landscape Data,NRSA 1819 Landscape,% of the upstream watershed (Ws) areas classified as grassland/herbaceous land cover. Derived from the nlcd2019.tif (class 71) landscape raster.,LAND,,,,Single metadata definition,landscape,1,1
1819,landscape_PCTHAY2001_WSRP100,PCTHAY2001_WSRP100,Landscape Data,NRSA 1819 Landscape,% of the upstream watershed (Ws) areas classified as pasture/hay land use and within 100-m buffer of NHD stream lines (Rp100). Derived from the nlcd2001.tif (class 81) landscape raster.,LAND,,,,Single metadata definition,landscape,1,1
1819,landscape_PCTHAY2001WS,PCTHAY2001WS,Landscape Data,NRSA 1819 Landscape,% of the upstream watershed (Ws) areas classified as pasture/hay land use. Derived from the nlcd2001.tif (class 81) landscape raster.,LAND,,,,Single metadata definition,landscape,1,1
1819,landscape_PCTHAY2004_WSRP100,PCTHAY2004_WSRP100,Landscape Data,NRSA 1819 Landscape,% of the upstream watershed (Ws) areas classified as pasture/hay land use and within 100-m buffer of NHD stream lines (Rp100). Derived from the nlcd2004.tif (class 81) landscape raster.,LAND,,,,Single metadata definition,landscape,1,1
1819,landscape_PCTHAY2004WS,PCTHAY2004WS,Landscape Data,NRSA 1819 Landscape,% of the upstream watershed (Ws) areas classified as pasture/hay land use. Derived from the nlcd2004.tif (class 81) landscape raster.,LAND,,,,Single metadata definition,landscape,1,1
1819,landscape_PCTHAY2006_WSRP100,PCTHAY2006_WSRP100,Landscape Data,NRSA 1819 Landscape,% of the upstream watershed (Ws) areas classified as pasture/hay land use and within 100-m buffer of NHD stream lines (Rp100). Derived from the nlcd2006.tif (class 81) landscape raster.,LAND,,,,Single metadata definition,landscape,1,1
1819,landscape_PCTHAY2006WS,PCTHAY2006WS,Landscape Data,NRSA 1819 Landscape,% of the upstream watershed (Ws) areas classified as pasture/hay land use. Derived from the nlcd2006.tif (class 81) landscape raster.,LAND,,,,Single metadata definition,landscape,1,1
1819,landscape_PCTHAY2008_WSRP100,PCTHAY2008_WSRP100,Landscape Data,NRSA 1819 Landscape,% of the upstream watershed (Ws) areas classified as pasture/hay land use and within 100-m buffer of NHD stream lines (Rp100). Derived from the nlcd2008.tif (class 81) landscape raster.,LAND,,,,Single metadata definition,landscape,1,1
1819,landscape_PCTHAY2008WS,PCTHAY2008WS,Landscape Data,NRSA 1819 Landscape,% of the upstream watershed (Ws) areas classified as pasture/hay land use. Derived from the nlcd2008.tif (class 81) landscape raster.,LAND,,,,Single metadata definition,landscape,1,1
1819,landscape_PCTHAY2011_WSRP100,PCTHAY2011_WSRP100,Landscape Data,NRSA 1819 Landscape,% of the upstream watershed (Ws) areas classified as pasture/hay land use and within 100-m buffer of NHD stream lines (Rp100). Derived from the nlcd2011.tif (class 81) landscape raster.,LAND,,,,Single metadata definition,landscape,1,1
1819,landscape_PCTHAY2011WS,PCTHAY2011WS,Landscape Data,NRSA 1819 Landscape,% of the upstream watershed (Ws) areas classified as pasture/hay land use. Derived from the nlcd2011.tif (class 81) landscape raster.,LAND,,,,Single metadata definition,landscape,1,1
1819,landscape_PCTHAY2013_WSRP100,PCTHAY2013_WSRP100,Landscape Data,NRSA 1819 Landscape,% of the upstream watershed (Ws) areas classified as pasture/hay land use and within 100-m buffer of NHD stream lines (Rp100). Derived from the nlcd2013.tif (class 81) landscape raster.,LAND,,,,Single metadata definition,landscape,1,1
1819,landscape_PCTHAY2013WS,PCTHAY2013WS,Landscape Data,NRSA 1819 Landscape,% of the upstream watershed (Ws) areas classified as pasture/hay land use. Derived from the nlcd2013.tif (class 81) landscape raster.,LAND,,,,Single metadata definition,landscape,1,1
1819,landscape_PCTHAY2016_WSRP100,PCTHAY2016_WSRP100,Landscape Data,NRSA 1819 Landscape,% of the upstream watershed (Ws) areas classified as pasture/hay land use and within 100-m buffer of NHD stream lines (Rp100). Derived from the nlcd2016.tif (class 81) landscape raster.,LAND,,,,Single metadata definition,landscape,1,1
1819,landscape_PCTHAY2016WS,PCTHAY2016WS,Landscape Data,NRSA 1819 Landscape,% of the upstream watershed (Ws) areas classified as pasture/hay land use. Derived from the nlcd2016.tif (class 81) landscape raster.,LAND,,,,Single metadata definition,landscape,1,1
1819,landscape_PCTHAY2019_WSRP100,PCTHAY2019_WSRP100,Landscape Data,NRSA 1819 Landscape,% of the upstream watershed (Ws) areas classified as pasture/hay land use and within 100-m buffer of NHD stream lines (Rp100). Derived from the nlcd2019.tif (class 81) landscape raster.,LAND,,,,Single metadata definition,landscape,1,1
1819,landscape_PCTHAY2019WS,PCTHAY2019WS,Landscape Data,NRSA 1819 Landscape,% of the upstream watershed (Ws) areas classified as pasture/hay land use. Derived from the nlcd2019.tif (class 81) landscape raster.,LAND,,,,Single metadata definition,landscape,1,1
1819,landscape_PCTHBWET2001_WSRP100,PCTHBWET2001_WSRP100,Landscape Data,NRSA 1819 Landscape,% of the upstream watershed (Ws) areas classified as herbaceous wetland land cover and within 100-m buffer of NHD stream lines (Rp100). Derived from the nlcd2001.tif (class 95) landscape raster.,LAND,,,,Single metadata definition,landscape,1,1
1819,landscape_PCTHBWET2001WS,PCTHBWET2001WS,Landscape Data,NRSA 1819 Landscape,% of the upstream watershed (Ws) areas classified as herbaceous wetland land cover. Derived from the nlcd2001.tif (class 95) landscape raster.,LAND,,,,Single metadata definition,landscape,1,1
1819,landscape_PCTHBWET2004_WSRP100,PCTHBWET2004_WSRP100,Landscape Data,NRSA 1819 Landscape,% of the upstream watershed (Ws) areas classified as herbaceous wetland land cover and within 100-m buffer of NHD stream lines (Rp100). Derived from the nlcd2004.tif (class 95) landscape raster.,LAND,,,,Single metadata definition,landscape,1,1
1819,landscape_PCTHBWET2004WS,PCTHBWET2004WS,Landscape Data,NRSA 1819 Landscape,% of the upstream watershed (Ws) areas classified as herbaceous wetland land cover. Derived from the nlcd2004.tif (class 95) landscape raster.,LAND,,,,Single metadata definition,landscape,1,1
1819,landscape_PCTHBWET2006_WSRP100,PCTHBWET2006_WSRP100,Landscape Data,NRSA 1819 Landscape,% of the upstream watershed (Ws) areas classified as herbaceous wetland land cover and within 100-m buffer of NHD stream lines (Rp100). Derived from the nlcd2006.tif (class 95) landscape raster.,LAND,,,,Single metadata definition,landscape,1,1
1819,landscape_PCTHBWET2006WS,PCTHBWET2006WS,Landscape Data,NRSA 1819 Landscape,% of the upstream watershed (Ws) areas classified as herbaceous wetland land cover. Derived from the nlcd2006.tif (class 95) landscape raster.,LAND,,,,Single metadata definition,landscape,1,1
1819,landscape_PCTHBWET2008_WSRP100,PCTHBWET2008_WSRP100,Landscape Data,NRSA 1819 Landscape,% of the upstream watershed (Ws) areas classified as herbaceous wetland land cover and within 100-m buffer of NHD stream lines (Rp100). Derived from the nlcd2008.tif (class 95) landscape raster.,LAND,,,,Single metadata definition,landscape,1,1
1819,landscape_PCTHBWET2008WS,PCTHBWET2008WS,Landscape Data,NRSA 1819 Landscape,% of the upstream watershed (Ws) areas classified as herbaceous wetland land cover. Derived from the nlcd2008.tif (class 95) landscape raster.,LAND,,,,Single metadata definition,landscape,1,1
1819,landscape_PCTHBWET2011_WSRP100,PCTHBWET2011_WSRP100,Landscape Data,NRSA 1819 Landscape,% of the upstream watershed (Ws) areas classified as herbaceous wetland land cover and within 100-m buffer of NHD stream lines (Rp100). Derived from the nlcd2011.tif (class 95) landscape raster.,LAND,,,,Single metadata definition,landscape,1,1
1819,landscape_PCTHBWET2011WS,PCTHBWET2011WS,Landscape Data,NRSA 1819 Landscape,% of the upstream watershed (Ws) areas classified as herbaceous wetland land cover. Derived from the nlcd2011.tif (class 95) landscape raster.,LAND,,,,Single metadata definition,landscape,1,1
1819,landscape_PCTHBWET2013_WSRP100,PCTHBWET2013_WSRP100,Landscape Data,NRSA 1819 Landscape,% of the upstream watershed (Ws) areas classified as herbaceous wetland land cover and within 100-m buffer of NHD stream lines (Rp100). Derived from the nlcd2013.tif (class 95) landscape raster.,LAND,,,,Single metadata definition,landscape,1,1
1819,landscape_PCTHBWET2013WS,PCTHBWET2013WS,Landscape Data,NRSA 1819 Landscape,% of the upstream watershed (Ws) areas classified as herbaceous wetland land cover. Derived from the nlcd2013.tif (class 95) landscape raster.,LAND,,,,Single metadata definition,landscape,1,1
1819,landscape_PCTHBWET2016_WSRP100,PCTHBWET2016_WSRP100,Landscape Data,NRSA 1819 Landscape,% of the upstream watershed (Ws) areas classified as herbaceous wetland land cover and within 100-m buffer of NHD stream lines (Rp100). Derived from the nlcd2016.tif (class 95) landscape raster.,LAND,,,,Single metadata definition,landscape,1,1
1819,landscape_PCTHBWET2016WS,PCTHBWET2016WS,Landscape Data,NRSA 1819 Landscape,% of the upstream watershed (Ws) areas classified as herbaceous wetland land cover. Derived from the nlcd2016.tif (class 95) landscape raster.,LAND,,,,Single metadata definition,landscape,1,1
1819,landscape_PCTHBWET2019_WSRP100,PCTHBWET2019_WSRP100,Landscape Data,NRSA 1819 Landscape,% of the upstream watershed (Ws) areas classified as herbaceous wetland land cover and within 100-m buffer of NHD stream lines (Rp100). Derived from the nlcd2019.tif (class 95) landscape raster.,LAND,,,,Single metadata definition,landscape,1,1
1819,landscape_PCTHBWET2019WS,PCTHBWET2019WS,Landscape Data,NRSA 1819 Landscape,% of the upstream watershed (Ws) areas classified as herbaceous wetland land cover. Derived from the nlcd2019.tif (class 95) landscape raster.,LAND,,,,Single metadata definition,landscape,1,1
1819,landscape_PCTHYDRICWS,PCTHYDRICWS,Landscape Data,NRSA 1819 Landscape,"% of the upstream watershed (Ws) classified as lithology type: hydric, peat and muck.",LAND,,,,Single metadata definition,landscape,1,1
1819,landscape_PCTICE2001_WSRP100,PCTICE2001_WSRP100,Landscape Data,NRSA 1819 Landscape,% of the upstream watershed (Ws) areas classified as ice/snow land cover and within 100-m buffer of NHD stream lines (Rp100). Derived from the nlcd2001.tif (class 12) landscape raster.,LAND,,,,Single metadata definition,landscape,1,1
1819,landscape_PCTICE2001WS,PCTICE2001WS,Landscape Data,NRSA 1819 Landscape,% of the upstream watershed (Ws) areas classified as ice/snow land cover. Derived from the nlcd2001.tif (class 12) landscape raster.,LAND,,,,Single metadata definition,landscape,1,1
1819,landscape_PCTICE2004_WSRP100,PCTICE2004_WSRP100,Landscape Data,NRSA 1819 Landscape,% of the upstream watershed (Ws) areas classified as ice/snow land cover and within 100-m buffer of NHD stream lines (Rp100). Derived from the nlcd2004.tif (class 12) landscape raster.,LAND,,,,Single metadata definition,landscape,1,1
1819,landscape_PCTICE2004WS,PCTICE2004WS,Landscape Data,NRSA 1819 Landscape,% of the upstream watershed (Ws) areas classified as ice/snow land cover. Derived from the nlcd2004.tif (class 12) landscape raster.,LAND,,,,Single metadata definition,landscape,1,1
1819,landscape_PCTICE2006_WSRP100,PCTICE2006_WSRP100,Landscape Data,NRSA 1819 Landscape,% of the upstream watershed (Ws) areas classified as ice/snow land cover and within 100-m buffer of NHD stream lines (Rp100). Derived from the nlcd2006.tif (class 12) landscape raster.,LAND,,,,Single metadata definition,landscape,1,1
1819,landscape_PCTICE2006WS,PCTICE2006WS,Landscape Data,NRSA 1819 Landscape,% of the upstream watershed (Ws) areas classified as ice/snow land cover. Derived from the nlcd2006.tif (class 12) landscape raster.,LAND,,,,Single metadata definition,landscape,1,1
1819,landscape_PCTICE2008_WSRP100,PCTICE2008_WSRP100,Landscape Data,NRSA 1819 Landscape,% of the upstream watershed (Ws) areas classified as ice/snow land cover and within 100-m buffer of NHD stream lines (Rp100). Derived from the nlcd2008.tif (class 12) landscape raster.,LAND,,,,Single metadata definition,landscape,1,1
1819,landscape_PCTICE2008WS,PCTICE2008WS,Landscape Data,NRSA 1819 Landscape,% of the upstream watershed (Ws) areas classified as ice/snow land cover. Derived from the nlcd2008.tif (class 12) landscape raster.,LAND,,,,Single metadata definition,landscape,1,1
1819,landscape_PCTICE2011_WSRP100,PCTICE2011_WSRP100,Landscape Data,NRSA 1819 Landscape,% of the upstream watershed (Ws) areas classified as ice/snow land cover and within 100-m buffer of NHD stream lines (Rp100). Derived from the nlcd2011.tif (class 12) landscape raster.,LAND,,,,Single metadata definition,landscape,1,1
1819,landscape_PCTICE2011WS,PCTICE2011WS,Landscape Data,NRSA 1819 Landscape,% of the upstream watershed (Ws) areas classified as ice/snow land cover. Derived from the nlcd2011.tif (class 12) landscape raster.,LAND,,,,Single metadata definition,landscape,1,1
1819,landscape_PCTICE2013_WSRP100,PCTICE2013_WSRP100,Landscape Data,NRSA 1819 Landscape,% of the upstream watershed (Ws) areas classified as ice/snow land cover and within 100-m buffer of NHD stream lines (Rp100). Derived from the nlcd2013.tif (class 12) landscape raster.,LAND,,,,Single metadata definition,landscape,1,1
1819,landscape_PCTICE2013WS,PCTICE2013WS,Landscape Data,NRSA 1819 Landscape,% of the upstream watershed (Ws) areas classified as ice/snow land cover. Derived from the nlcd2013.tif (class 12) landscape raster.,LAND,,,,Single metadata definition,landscape,1,1
1819,landscape_PCTICE2016_WSRP100,PCTICE2016_WSRP100,Landscape Data,NRSA 1819 Landscape,% of the upstream watershed (Ws) areas classified as ice/snow land cover and within 100-m buffer of NHD stream lines (Rp100). Derived from the nlcd2016.tif (class 12) landscape raster.,LAND,,,,Single metadata definition,landscape,1,1
1819,landscape_PCTICE2016WS,PCTICE2016WS,Landscape Data,NRSA 1819 Landscape,% of the upstream watershed (Ws) areas classified as ice/snow land cover. Derived from the nlcd2016.tif (class 12) landscape raster.,LAND,,,,Single metadata definition,landscape,1,1
1819,landscape_PCTICE2019_WSRP100,PCTICE2019_WSRP100,Landscape Data,NRSA 1819 Landscape,% of the upstream watershed (Ws) areas classified as ice/snow land cover and within 100-m buffer of NHD stream lines (Rp100). Derived from the nlcd2019.tif (class 12) landscape raster.,LAND,,,,Single metadata definition,landscape,1,1
1819,landscape_PCTICE2019WS,PCTICE2019WS,Landscape Data,NRSA 1819 Landscape,% of the upstream watershed (Ws) areas classified as ice/snow land cover. Derived from the nlcd2019.tif (class 12) landscape raster.,LAND,,,,Single metadata definition,landscape,1,1
1819,landscape_PCTIMP2001_WS_PCTFULL,PCTIMP2001_WS_PCTFULL,Landscape Data,NRSA 1819 Landscape,Percent of area with data for Mean imperviousness of anthropogenic surfaces (NLCD 2001) within the upstream watershed (Ws).,LAND,,,,Single metadata definition,landscape,1,1
1819,landscape_PCTIMP2001_WS_PCTFULLRP100,PCTIMP2001_WS_PCTFULLRP100,Landscape Data,NRSA 1819 Landscape,Percent of area with data for Mean imperviousness of anthropogenic surfaces (NLCD 2001) within watershed (Ws) and within 100-m buffer of NHD stream lines (Rp100).,LAND,,,,Single metadata definition,landscape,1,1
1819,landscape_PCTIMP2001WS,PCTIMP2001WS,Landscape Data,NRSA 1819 Landscape,Mean imperviousness of anthropogenic surfaces (NLCD 2001) within the upstream watershed (Ws).,LAND,,,,Single metadata definition,landscape,1,1
1819,landscape_PCTIMP2001WSRP100,PCTIMP2001WSRP100,Landscape Data,NRSA 1819 Landscape,Mean imperviousness of anthropogenic surfaces (NLCD 2001) within watershed (Ws) and within 100-m buffer of NHD stream lines (Rp100).,LAND,,,,Single metadata definition,landscape,1,1
1819,landscape_PCTIMP2004_WS_PCTFULL,PCTIMP2004_WS_PCTFULL,Landscape Data,NRSA 1819 Landscape,Percent of area with data for Mean imperviousness of anthropogenic surfaces (NLCD 2004) within the upstream watershed (Ws).,LAND,,,,Single metadata definition,landscape,1,1
1819,landscape_PCTIMP2004_WS_PCTFULLRP100,PCTIMP2004_WS_PCTFULLRP100,Landscape Data,NRSA 1819 Landscape,Percent of area with data for Mean imperviousness of anthropogenic surfaces (NLCD 2004) within watershed (Ws) and within 100-m buffer of NHD stream lines (Rp100).,LAND,,,,Single metadata definition,landscape,1,1
1819,landscape_PCTIMP2004WS,PCTIMP2004WS,Landscape Data,NRSA 1819 Landscape,Mean imperviousness of anthropogenic surfaces (NLCD 2004) within the upstream watershed (Ws).,LAND,,,,Single metadata definition,landscape,1,1
1819,landscape_PCTIMP2004WSRP100,PCTIMP2004WSRP100,Landscape Data,NRSA 1819 Landscape,Mean imperviousness of anthropogenic surfaces (NLCD 2004) within watershed (Ws) and within 100-m buffer of NHD stream lines (Rp100).,LAND,,,,Single metadata definition,landscape,1,1
1819,landscape_PCTIMP2006_WS_PCTFULL,PCTIMP2006_WS_PCTFULL,Landscape Data,NRSA 1819 Landscape,Percent of area with data for Mean imperviousness of anthropogenic surfaces (NLCD 2006) within the upstream watershed (Ws).,LAND,,,,Single metadata definition,landscape,1,1
1819,landscape_PCTIMP2006_WS_PCTFULLRP100,PCTIMP2006_WS_PCTFULLRP100,Landscape Data,NRSA 1819 Landscape,Percent of area with data for Mean imperviousness of anthropogenic surfaces (NLCD 2006) within watershed (Ws) and within 100-m buffer of NHD stream lines (Rp100).,LAND,,,,Single metadata definition,landscape,1,1
1819,landscape_PCTIMP2006WS,PCTIMP2006WS,Landscape Data,NRSA 1819 Landscape,Mean imperviousness of anthropogenic surfaces (NLCD 2006) within the upstream watershed (Ws).,LAND,,,,Single metadata definition,landscape,1,1
1819,landscape_PCTIMP2006WSRP100,PCTIMP2006WSRP100,Landscape Data,NRSA 1819 Landscape,Mean imperviousness of anthropogenic surfaces (NLCD 2006) within watershed (Ws) and within 100-m buffer of NHD stream lines (Rp100).,LAND,,,,Single metadata definition,landscape,1,1
1819,landscape_PCTIMP2008_WS_PCTFULL,PCTIMP2008_WS_PCTFULL,Landscape Data,NRSA 1819 Landscape,Percent of area with data for Mean imperviousness of anthropogenic surfaces (NLCD 2008) within the upstream watershed (Ws).,LAND,,,,Single metadata definition,landscape,1,1
1819,landscape_PCTIMP2008_WS_PCTFULLRP100,PCTIMP2008_WS_PCTFULLRP100,Landscape Data,NRSA 1819 Landscape,Percent of area with data for Mean imperviousness of anthropogenic surfaces (NLCD 2008) within watershed (Ws) and within 100-m buffer of NHD stream lines (Rp100).,LAND,,,,Single metadata definition,landscape,1,1
1819,landscape_PCTIMP2008WS,PCTIMP2008WS,Landscape Data,NRSA 1819 Landscape,Mean imperviousness of anthropogenic surfaces (NLCD 2008) within the upstream watershed (Ws).,LAND,,,,Single metadata definition,landscape,1,1
1819,landscape_PCTIMP2008WSRP100,PCTIMP2008WSRP100,Landscape Data,NRSA 1819 Landscape,Mean imperviousness of anthropogenic surfaces (NLCD 2008) within watershed (Ws) and within 100-m buffer of NHD stream lines (Rp100).,LAND,,,,Single metadata definition,landscape,1,1
1819,landscape_PCTIMP2011_WS_PCTFULL,PCTIMP2011_WS_PCTFULL,Landscape Data,NRSA 1819 Landscape,Percent of area with data for Mean imperviousness of anthropogenic surfaces (NLCD 2011) within the upstream watershed (Ws).,LAND,,,,Single metadata definition,landscape,1,1
1819,landscape_PCTIMP2011_WS_PCTFULLRP100,PCTIMP2011_WS_PCTFULLRP100,Landscape Data,NRSA 1819 Landscape,Percent of area with data for Mean imperviousness of anthropogenic surfaces (NLCD 2011) within watershed (Ws) and within 100-m buffer of NHD stream lines (Rp100).,LAND,,,,Single metadata definition,landscape,1,1
1819,landscape_PCTIMP2011WS,PCTIMP2011WS,Landscape Data,NRSA 1819 Landscape,Mean imperviousness of anthropogenic surfaces (NLCD 2011) within the upstream watershed (Ws).,LAND,,,,Single metadata definition,landscape,1,1
1819,landscape_PCTIMP2011WSRP100,PCTIMP2011WSRP100,Landscape Data,NRSA 1819 Landscape,Mean imperviousness of anthropogenic surfaces (NLCD 2011) within watershed (Ws) and within 100-m buffer of NHD stream lines (Rp100).,LAND,,,,Single metadata definition,landscape,1,1
1819,landscape_PCTIMP2013_WS_PCTFULL,PCTIMP2013_WS_PCTFULL,Landscape Data,NRSA 1819 Landscape,Percent of area with data for Mean imperviousness of anthropogenic surfaces (NLCD 2013) within the upstream watershed (Ws).,LAND,,,,Single metadata definition,landscape,1,1
1819,landscape_PCTIMP2013_WS_PCTFULLRP100,PCTIMP2013_WS_PCTFULLRP100,Landscape Data,NRSA 1819 Landscape,Percent of area with data for Mean imperviousness of anthropogenic surfaces (NLCD 2013) within watershed (Ws) and within 100-m buffer of NHD stream lines (Rp100).,LAND,,,,Single metadata definition,landscape,1,1
1819,landscape_PCTIMP2013_WSRP100,PCTIMP2013_WSRP100,Landscape Data,NRSA 1819 Landscape,Percent of area with data for Mean imperviousness of anthropogenic surfaces (NLCD 2013) within watershed (Ws) and within 100-m buffer of NHD stream lines (Rp100).,LAND,,,,Single metadata definition,landscape,1,1
1819,landscape_PCTIMP2013WS,PCTIMP2013WS,Landscape Data,NRSA 1819 Landscape,Mean imperviousness of anthropogenic surfaces (NLCD 2013) within the upstream watershed (Ws).,LAND,,,,Single metadata definition,landscape,1,1
1819,landscape_PCTIMP2016_WS_PCTFULL,PCTIMP2016_WS_PCTFULL,Landscape Data,NRSA 1819 Landscape,Percent of area with data for Mean imperviousness of anthropogenic surfaces (NLCD 2016) within the upstream watershed (Ws).,LAND,,,,Single metadata definition,landscape,1,1
1819,landscape_PCTIMP2016_WS_PCTFULLRP100,PCTIMP2016_WS_PCTFULLRP100,Landscape Data,NRSA 1819 Landscape,Percent of area with data for Mean imperviousness of anthropogenic surfaces (NLCD 2016) within watershed (Ws) and within 100-m buffer of NHD stream lines (Rp100).,LAND,,,,Single metadata definition,landscape,1,1
1819,landscape_PCTIMP2016WS,PCTIMP2016WS,Landscape Data,NRSA 1819 Landscape,Mean imperviousness of anthropogenic surfaces (NLCD 2016) within the upstream watershed (Ws).,LAND,,,,Single metadata definition,landscape,1,1
1819,landscape_PCTIMP2016WSRP100,PCTIMP2016WSRP100,Landscape Data,NRSA 1819 Landscape,Mean imperviousness of anthropogenic surfaces (NLCD 2016) within watershed (Ws) and within 100-m buffer of NHD stream lines (Rp100).,LAND,,,,Single metadata definition,landscape,1,1
1819,landscape_PCTIMP2019_WS_PCTFULL,PCTIMP2019_WS_PCTFULL,Landscape Data,NRSA 1819 Landscape,Percent of area with data for Mean imperviousness of anthropogenic surfaces (NLCD 2019) within the upstream watershed (Ws).,LAND,,,,Single metadata definition,landscape,1,1
1819,landscape_PCTIMP2019_WS_PCTFULLRP100,PCTIMP2019_WS_PCTFULLRP100,Landscape Data,NRSA 1819 Landscape,Percent of area with data for Mean imperviousness of anthropogenic surfaces (NLCD 2019) within watershed (Ws) and within 100-m buffer of NHD stream lines (Rp100).,LAND,,,,Single metadata definition,landscape,1,1
1819,landscape_PCTIMP2019_WSRP100,PCTIMP2019_WSRP100,Landscape Data,NRSA 1819 Landscape,Percent of area with data for Mean imperviousness of anthropogenic surfaces (NLCD 2019) within watershed (Ws) and within 100-m buffer of NHD stream lines (Rp100).,LAND,,,,Single metadata definition,landscape,1,1
1819,landscape_PCTIMP2019WS,PCTIMP2019WS,Landscape Data,NRSA 1819 Landscape,Mean imperviousness of anthropogenic surfaces (NLCD 2019) within the upstream watershed (Ws).,LAND,,,,Single metadata definition,landscape,1,1
1819,landscape_PCTMXFST2001_WSRP100,PCTMXFST2001_WSRP100,Landscape Data,NRSA 1819 Landscape,% of the upstream watershed (Ws) areas classified as mixed deciduous/evergreen forest land cover and within 100-m buffer of NHD stream lines (Rp100). Derived from the nlcd2001.tif (class 43) landscape raster.,LAND,,,,Single metadata definition,landscape,1,1
1819,landscape_PCTMXFST2001WS,PCTMXFST2001WS,Landscape Data,NRSA 1819 Landscape,% of the upstream watershed (Ws) areas classified as mixed deciduous/evergreen forest land cover. Derived from the nlcd2001.tif (class 43) landscape raster.,LAND,,,,Single metadata definition,landscape,1,1
1819,landscape_PCTMXFST2004_WSRP100,PCTMXFST2004_WSRP100,Landscape Data,NRSA 1819 Landscape,% of the upstream watershed (Ws) areas classified as mixed deciduous/evergreen forest land cover and within 100-m buffer of NHD stream lines (Rp100). Derived from the nlcd2004.tif (class 43) landscape raster.,LAND,,,,Single metadata definition,landscape,1,1
1819,landscape_PCTMXFST2004WS,PCTMXFST2004WS,Landscape Data,NRSA 1819 Landscape,% of the upstream watershed (Ws) areas classified as mixed deciduous/evergreen forest land cover. Derived from the nlcd2004.tif (class 43) landscape raster.,LAND,,,,Single metadata definition,landscape,1,1
1819,landscape_PCTMXFST2006_WSRP100,PCTMXFST2006_WSRP100,Landscape Data,NRSA 1819 Landscape,% of the upstream watershed (Ws) areas classified as mixed deciduous/evergreen forest land cover and within 100-m buffer of NHD stream lines (Rp100). Derived from the nlcd2006.tif (class 43) landscape raster.,LAND,,,,Single metadata definition,landscape,1,1
1819,landscape_PCTMXFST2006WS,PCTMXFST2006WS,Landscape Data,NRSA 1819 Landscape,% of the upstream watershed (Ws) areas classified as mixed deciduous/evergreen forest land cover. Derived from the nlcd2006.tif (class 43) landscape raster.,LAND,,,,Single metadata definition,landscape,1,1
1819,landscape_PCTMXFST2008_WSRP100,PCTMXFST2008_WSRP100,Landscape Data,NRSA 1819 Landscape,% of the upstream watershed (Ws) areas classified as mixed deciduous/evergreen forest land cover and within 100-m buffer of NHD stream lines (Rp100). Derived from the nlcd2008.tif (class 43) landscape raster.,LAND,,,,Single metadata definition,landscape,1,1
1819,landscape_PCTMXFST2008WS,PCTMXFST2008WS,Landscape Data,NRSA 1819 Landscape,% of the upstream watershed (Ws) areas classified as mixed deciduous/evergreen forest land cover. Derived from the nlcd2008.tif (class 43) landscape raster.,LAND,,,,Single metadata definition,landscape,1,1
1819,landscape_PCTMXFST2011_WSRP100,PCTMXFST2011_WSRP100,Landscape Data,NRSA 1819 Landscape,% of the upstream watershed (Ws) areas classified as mixed deciduous/evergreen forest land cover and within 100-m buffer of NHD stream lines (Rp100). Derived from the nlcd2011.tif (class 43) landscape raster.,LAND,,,,Single metadata definition,landscape,1,1
1819,landscape_PCTMXFST2011WS,PCTMXFST2011WS,Landscape Data,NRSA 1819 Landscape,% of the upstream watershed (Ws) areas classified as mixed deciduous/evergreen forest land cover. Derived from the nlcd2011.tif (class 43) landscape raster.,LAND,,,,Single metadata definition,landscape,1,1
1819,landscape_PCTMXFST2013_WSRP100,PCTMXFST2013_WSRP100,Landscape Data,NRSA 1819 Landscape,% of the upstream watershed (Ws) areas classified as mixed deciduous/evergreen forest land cover and within 100-m buffer of NHD stream lines (Rp100). Derived from the nlcd2013.tif (class 43) landscape raster.,LAND,,,,Single metadata definition,landscape,1,1
1819,landscape_PCTMXFST2013WS,PCTMXFST2013WS,Landscape Data,NRSA 1819 Landscape,% of the upstream watershed (Ws) areas classified as mixed deciduous/evergreen forest land cover. Derived from the nlcd2013.tif (class 43) landscape raster.,LAND,,,,Single metadata definition,landscape,1,1
1819,landscape_PCTMXFST2016_WSRP100,PCTMXFST2016_WSRP100,Landscape Data,NRSA 1819 Landscape,% of the upstream watershed (Ws) areas classified as mixed deciduous/evergreen forest land cover and within 100-m buffer of NHD stream lines (Rp100). Derived from the nlcd2016.tif (class 43) landscape raster.,LAND,,,,Single metadata definition,landscape,1,1
1819,landscape_PCTMXFST2016WS,PCTMXFST2016WS,Landscape Data,NRSA 1819 Landscape,% of the upstream watershed (Ws) areas classified as mixed deciduous/evergreen forest land cover. Derived from the nlcd2016.tif (class 43) landscape raster.,LAND,,,,Single metadata definition,landscape,1,1
1819,landscape_PCTMXFST2019_WSRP100,PCTMXFST2019_WSRP100,Landscape Data,NRSA 1819 Landscape,% of the upstream watershed (Ws) areas classified as mixed deciduous/evergreen forest land cover and within 100-m buffer of NHD stream lines (Rp100). Derived from the nlcd2019.tif (class 43) landscape raster.,LAND,,,,Single metadata definition,landscape,1,1
1819,landscape_PCTMXFST2019WS,PCTMXFST2019WS,Landscape Data,NRSA 1819 Landscape,% of the upstream watershed (Ws) areas classified as mixed deciduous/evergreen forest land cover. Derived from the nlcd2019.tif (class 43) landscape raster.,LAND,,,,Single metadata definition,landscape,1,1
1819,landscape_PCTNONAGINTRODMANAGVEG_WS_PCTFULL,PCTNONAGINTRODMANAGVEG_WS_PCTFULL,Landscape Data,NRSA 1819 Landscape,"Percent of area with data for % Nonnative vegetation landcover type reclassed from LANDFIRE Existing Vegetation Type (EVT), within upstream watershed (Ws).",LAND,,,,Single metadata definition,landscape,1,1
1819,landscape_PCTNONAGINTRODMANAGVEG_WS_PCTFULLRP100,PCTNONAGINTRODMANAGVEG_WS_PCTFULLRP100,Landscape Data,NRSA 1819 Landscape,"Percent of area with data for % Nonnative vegetation landcover type reclassed from LANDFIRE Existing Vegetation Type (EVT), within upstream watershed (Ws) and within 100-m buffer of NHD stream lines (Rp100).",LAND,,,,Single metadata definition,landscape,1,1
1819,landscape_PCTNONAGINTRODMANAGVEGWS,PCTNONAGINTRODMANAGVEGWS,Landscape Data,NRSA 1819 Landscape,"% Nonnative vegetation landcover type reclassed from LANDFIRE Existing Vegetation Type (EVT), within upstream watershed (Ws).",LAND,,,,Single metadata definition,landscape,1,1
1819,landscape_PCTNONAGINTRODMANAGVEGWSRP100,PCTNONAGINTRODMANAGVEGWSRP100,Landscape Data,NRSA 1819 Landscape,"% Nonnative vegetation landcover type reclassed from LANDFIRE Existing Vegetation Type (EVT), within upstream watershed (Ws) and within 100-m buffer of NHD stream lines (Rp100).",LAND,,,,Single metadata definition,landscape,1,1
1819,landscape_PCTNONCARBRESIDWS,PCTNONCARBRESIDWS,Landscape Data,NRSA 1819 Landscape,% of the upstream watershed (Ws) classified as lithology type: non-carbonate residual material.,LAND,,,,Single metadata definition,landscape,1,1
1819,landscape_PCTNOT_PRINCIPLEWS,PCTNOT_PRINCIPLEWS,Landscape Data,NRSA 1819 Landscape,% of the upstream watershed (Ws) classified as bedrock permeability type: Not a prinicpal aquifer.,LAND,,,,Single metadata definition,landscape,1,1
1819,landscape_PCTOW2001_WSRP100,PCTOW2001_WSRP100,Landscape Data,NRSA 1819 Landscape,% of the upstream watershed (Ws) areas classified as open water land cover and within 100-m buffer of NHD stream lines (Rp100). Derived from the nlcd2001.tif (class 11) landscape raster.,LAND,,,,Single metadata definition,landscape,1,1
1819,landscape_PCTOW2001WS,PCTOW2001WS,Landscape Data,NRSA 1819 Landscape,% of the upstream watershed (Ws) areas classified as open water land cover. Derived from the nlcd2001.tif (class 11) landscape raster.,LAND,,,,Single metadata definition,landscape,1,1
1819,landscape_PCTOW2004_WSRP100,PCTOW2004_WSRP100,Landscape Data,NRSA 1819 Landscape,% of the upstream watershed (Ws) areas classified as open water land cover and within 100-m buffer of NHD stream lines (Rp100). Derived from the nlcd2004.tif (class 11) landscape raster.,LAND,,,,Single metadata definition,landscape,1,1
1819,landscape_PCTOW2004WS,PCTOW2004WS,Landscape Data,NRSA 1819 Landscape,% of the upstream watershed (Ws) areas classified as open water land cover. Derived from the nlcd2004.tif (class 11) landscape raster.,LAND,,,,Single metadata definition,landscape,1,1
1819,landscape_PCTOW2006_WSRP100,PCTOW2006_WSRP100,Landscape Data,NRSA 1819 Landscape,% of the upstream watershed (Ws) areas classified as open water land cover and within 100-m buffer of NHD stream lines (Rp100). Derived from the nlcd2006.tif (class 11) landscape raster.,LAND,,,,Single metadata definition,landscape,1,1
1819,landscape_PCTOW2006WS,PCTOW2006WS,Landscape Data,NRSA 1819 Landscape,% of the upstream watershed (Ws) areas classified as open water land cover. Derived from the nlcd2006.tif (class 11) landscape raster.,LAND,,,,Single metadata definition,landscape,1,1
1819,landscape_PCTOW2008_WSRP100,PCTOW2008_WSRP100,Landscape Data,NRSA 1819 Landscape,% of the upstream watershed (Ws) areas classified as open water land cover and within 100-m buffer of NHD stream lines (Rp100). Derived from the nlcd2008.tif (class 11) landscape raster.,LAND,,,,Single metadata definition,landscape,1,1
1819,landscape_PCTOW2008WS,PCTOW2008WS,Landscape Data,NRSA 1819 Landscape,% of the upstream watershed (Ws) areas classified as open water land cover. Derived from the nlcd2008.tif (class 11) landscape raster.,LAND,,,,Single metadata definition,landscape,1,1
1819,landscape_PCTOW2011_WSRP100,PCTOW2011_WSRP100,Landscape Data,NRSA 1819 Landscape,% of the upstream watershed (Ws) areas classified as open water land cover and within 100-m buffer of NHD stream lines (Rp100). Derived from the nlcd2011.tif (class 11) landscape raster.,LAND,,,,Single metadata definition,landscape,1,1
1819,landscape_PCTOW2011WS,PCTOW2011WS,Landscape Data,NRSA 1819 Landscape,% of the upstream watershed (Ws) areas classified as open water land cover. Derived from the nlcd2011.tif (class 11) landscape raster.,LAND,,,,Single metadata definition,landscape,1,1
1819,landscape_PCTOW2013_WSRP100,PCTOW2013_WSRP100,Landscape Data,NRSA 1819 Landscape,% of the upstream watershed (Ws) areas classified as open water land cover and within 100-m buffer of NHD stream lines (Rp100). Derived from the nlcd2013.tif (class 11) landscape raster.,LAND,,,,Single metadata definition,landscape,1,1
1819,landscape_PCTOW2013WS,PCTOW2013WS,Landscape Data,NRSA 1819 Landscape,% of the upstream watershed (Ws) areas classified as open water land cover. Derived from the nlcd2013.tif (class 11) landscape raster.,LAND,,,,Single metadata definition,landscape,1,1
1819,landscape_PCTOW2016_WSRP100,PCTOW2016_WSRP100,Landscape Data,NRSA 1819 Landscape,% of the upstream watershed (Ws) areas classified as open water land cover and within 100-m buffer of NHD stream lines (Rp100). Derived from the nlcd2016.tif (class 11) landscape raster.,LAND,,,,Single metadata definition,landscape,1,1
1819,landscape_PCTOW2016WS,PCTOW2016WS,Landscape Data,NRSA 1819 Landscape,% of the upstream watershed (Ws) areas classified as open water land cover. Derived from the nlcd2016.tif (class 11) landscape raster.,LAND,,,,Single metadata definition,landscape,1,1
1819,landscape_PCTOW2019_WSRP100,PCTOW2019_WSRP100,Landscape Data,NRSA 1819 Landscape,% of the upstream watershed (Ws) areas classified as open water land cover and within 100-m buffer of NHD stream lines (Rp100). Derived from the nlcd2019.tif (class 11) landscape raster.,LAND,,,,Single metadata definition,landscape,1,1
1819,landscape_PCTOW2019WS,PCTOW2019WS,Landscape Data,NRSA 1819 Landscape,% of the upstream watershed (Ws) areas classified as open water land cover. Derived from the nlcd2019.tif (class 11) landscape raster.,LAND,,,,Single metadata definition,landscape,1,1
1819,landscape_PCTSALLAKEWS,PCTSALLAKEWS,Landscape Data,NRSA 1819 Landscape,% of the upstream watershed (Ws) classified as lithology type: saline like sediment.,LAND,,,,Single metadata definition,landscape,1,1
1819,landscape_PCTSANDSTONE_CARBONATEWS,PCTSANDSTONE_CARBONATEWS,Landscape Data,NRSA 1819 Landscape,% of the upstream watershed (Ws) classified as bedrock permeability type: Sandstone and carbonate rocks.,LAND,,,,Single metadata definition,landscape,1,1
1819,landscape_PCTSANDSTONEWS,PCTSANDSTONEWS,Landscape Data,NRSA 1819 Landscape,% of the upstream watershed (Ws) classified as bedrock permeability type: Sandstone.,LAND,,,,Single metadata definition,landscape,1,1
1819,landscape_PCTSEMICONSOL_SANDWS,PCTSEMICONSOL_SANDWS,Landscape Data,NRSA 1819 Landscape,% of the upstream watershed (Ws) classified as bedrock permeability type: Semiconsolidated sand.,LAND,,,,Single metadata definition,landscape,1,1
1819,landscape_PCTSHRB2001_WSRP100,PCTSHRB2001_WSRP100,Landscape Data,NRSA 1819 Landscape,% of the upstream watershed (Ws) areas classified as shrub/scrub land cover and within 100-m buffer of NHD stream lines (Rp100). Derived from the nlcd2001.tif (class 52) landscape raster.,LAND,,,,Single metadata definition,landscape,1,1
1819,landscape_PCTSHRB2001WS,PCTSHRB2001WS,Landscape Data,NRSA 1819 Landscape,% of the upstream watershed (Ws) areas classified as shrub/scrub land cover. Derived from the nlcd2001.tif (class 52) landscape raster.,LAND,,,,Single metadata definition,landscape,1,1
1819,landscape_PCTSHRB2004_WSRP100,PCTSHRB2004_WSRP100,Landscape Data,NRSA 1819 Landscape,% of the upstream watershed (Ws) areas classified as shrub/scrub land cover and within 100-m buffer of NHD stream lines (Rp100). Derived from the nlcd2004.tif (class 52) landscape raster.,LAND,,,,Single metadata definition,landscape,1,1
1819,landscape_PCTSHRB2004WS,PCTSHRB2004WS,Landscape Data,NRSA 1819 Landscape,% of the upstream watershed (Ws) areas classified as shrub/scrub land cover. Derived from the nlcd2004.tif (class 52) landscape raster.,LAND,,,,Single metadata definition,landscape,1,1
1819,landscape_PCTSHRB2006_WSRP100,PCTSHRB2006_WSRP100,Landscape Data,NRSA 1819 Landscape,% of the upstream watershed (Ws) areas classified as shrub/scrub land cover and within 100-m buffer of NHD stream lines (Rp100). Derived from the nlcd2006.tif (class 52) landscape raster.,LAND,,,,Single metadata definition,landscape,1,1
1819,landscape_PCTSHRB2006WS,PCTSHRB2006WS,Landscape Data,NRSA 1819 Landscape,% of the upstream watershed (Ws) areas classified as shrub/scrub land cover. Derived from the nlcd2006.tif (class 52) landscape raster.,LAND,,,,Single metadata definition,landscape,1,1
1819,landscape_PCTSHRB2008_WSRP100,PCTSHRB2008_WSRP100,Landscape Data,NRSA 1819 Landscape,% of the upstream watershed (Ws) areas classified as shrub/scrub land cover and within 100-m buffer of NHD stream lines (Rp100). Derived from the nlcd2008.tif (class 52) landscape raster.,LAND,,,,Single metadata definition,landscape,1,1
1819,landscape_PCTSHRB2008WS,PCTSHRB2008WS,Landscape Data,NRSA 1819 Landscape,% of the upstream watershed (Ws) areas classified as shrub/scrub land cover. Derived from the nlcd2008.tif (class 52) landscape raster.,LAND,,,,Single metadata definition,landscape,1,1
1819,landscape_PCTSHRB2011_WSRP100,PCTSHRB2011_WSRP100,Landscape Data,NRSA 1819 Landscape,% of the upstream watershed (Ws) areas classified as shrub/scrub land cover and within 100-m buffer of NHD stream lines (Rp100). Derived from the nlcd2011.tif (class 52) landscape raster.,LAND,,,,Single metadata definition,landscape,1,1
1819,landscape_PCTSHRB2011WS,PCTSHRB2011WS,Landscape Data,NRSA 1819 Landscape,% of the upstream watershed (Ws) areas classified as shrub/scrub land cover. Derived from the nlcd2011.tif (class 52) landscape raster.,LAND,,,,Single metadata definition,landscape,1,1
1819,landscape_PCTSHRB2013_WSRP100,PCTSHRB2013_WSRP100,Landscape Data,NRSA 1819 Landscape,% of the upstream watershed (Ws) areas classified as shrub/scrub land cover and within 100-m buffer of NHD stream lines (Rp100). Derived from the nlcd2013.tif (class 52) landscape raster.,LAND,,,,Single metadata definition,landscape,1,1
1819,landscape_PCTSHRB2013WS,PCTSHRB2013WS,Landscape Data,NRSA 1819 Landscape,% of the upstream watershed (Ws) areas classified as shrub/scrub land cover. Derived from the nlcd2013.tif (class 52) landscape raster.,LAND,,,,Single metadata definition,landscape,1,1
1819,landscape_PCTSHRB2016_WSRP100,PCTSHRB2016_WSRP100,Landscape Data,NRSA 1819 Landscape,% of the upstream watershed (Ws) areas classified as shrub/scrub land cover and within 100-m buffer of NHD stream lines (Rp100). Derived from the nlcd2016.tif (class 52) landscape raster.,LAND,,,,Single metadata definition,landscape,1,1
1819,landscape_PCTSHRB2016WS,PCTSHRB2016WS,Landscape Data,NRSA 1819 Landscape,% of the upstream watershed (Ws) areas classified as shrub/scrub land cover. Derived from the nlcd2016.tif (class 52) landscape raster.,LAND,,,,Single metadata definition,landscape,1,1
1819,landscape_PCTSHRB2019_WSRP100,PCTSHRB2019_WSRP100,Landscape Data,NRSA 1819 Landscape,% of the upstream watershed (Ws) areas classified as shrub/scrub land cover and within 100-m buffer of NHD stream lines (Rp100). Derived from the nlcd2019.tif (class 52) landscape raster.,LAND,,,,Single metadata definition,landscape,1,1
1819,landscape_PCTSHRB2019WS,PCTSHRB2019WS,Landscape Data,NRSA 1819 Landscape,% of the upstream watershed (Ws) areas classified as shrub/scrub land cover. Derived from the nlcd2019.tif (class 52) landscape raster.,LAND,,,,Single metadata definition,landscape,1,1
1819,landscape_PCTSILICICWS,PCTSILICICWS,Landscape Data,NRSA 1819 Landscape,% of the upstream watershed (Ws) classified as lithology type: silicic residual material.,LAND,,,,Single metadata definition,landscape,1,1
1819,landscape_PCTUNCONSOL_SAND_GRAVELWS,PCTUNCONSOL_SAND_GRAVELWS,Landscape Data,NRSA 1819 Landscape,% of the upstream watershed (Ws) classified as bedrock permeability type: Unconsolidated sand and gravel.,LAND,,,,Single metadata definition,landscape,1,1
1819,landscape_PCTURBHI2001_WSRP100,PCTURBHI2001_WSRP100,Landscape Data,NRSA 1819 Landscape,"% of the upstream watershed (Ws) areas classified as developed, high intensity land use and within 100-m buffer of NHD stream lines (Rp100). Derived from the nlcd2001.tif (class 24) landscape raster.",LAND,,,,Single metadata definition,landscape,1,1
1819,landscape_PCTURBHI2001WS,PCTURBHI2001WS,Landscape Data,NRSA 1819 Landscape,"% of the upstream watershed (Ws) areas classified as developed, high intensity land use. Derived from the nlcd2001.tif (class 24) landscape raster.",LAND,,,,Single metadata definition,landscape,1,1
1819,landscape_PCTURBHI2004_WSRP100,PCTURBHI2004_WSRP100,Landscape Data,NRSA 1819 Landscape,"% of the upstream watershed (Ws) areas classified as developed, high intensity land use and within 100-m buffer of NHD stream lines (Rp100). Derived from the nlcd2004.tif (class 24) landscape raster.",LAND,,,,Single metadata definition,landscape,1,1
1819,landscape_PCTURBHI2004WS,PCTURBHI2004WS,Landscape Data,NRSA 1819 Landscape,"% of the upstream watershed (Ws) areas classified as developed, high intensity land use. Derived from the nlcd2004.tif (class 24) landscape raster.",LAND,,,,Single metadata definition,landscape,1,1
1819,landscape_PCTURBHI2006_WSRP100,PCTURBHI2006_WSRP100,Landscape Data,NRSA 1819 Landscape,"% of the upstream watershed (Ws) areas classified as developed, high intensity land use and within 100-m buffer of NHD stream lines (Rp100). Derived from the nlcd2006.tif (class 24) landscape raster.",LAND,,,,Single metadata definition,landscape,1,1
1819,landscape_PCTURBHI2006WS,PCTURBHI2006WS,Landscape Data,NRSA 1819 Landscape,"% of the upstream watershed (Ws) areas classified as developed, high intensity land use. Derived from the nlcd2006.tif (class 24) landscape raster.",LAND,,,,Single metadata definition,landscape,1,1
1819,landscape_PCTURBHI2008_WSRP100,PCTURBHI2008_WSRP100,Landscape Data,NRSA 1819 Landscape,"% of the upstream watershed (Ws) areas classified as developed, high intensity land use and within 100-m buffer of NHD stream lines (Rp100). Derived from the nlcd2008.tif (class 24) landscape raster.",LAND,,,,Single metadata definition,landscape,1,1
1819,landscape_PCTURBHI2008WS,PCTURBHI2008WS,Landscape Data,NRSA 1819 Landscape,"% of the upstream watershed (Ws) areas classified as developed, high intensity land use. Derived from the nlcd2008.tif (class 24) landscape raster.",LAND,,,,Single metadata definition,landscape,1,1
1819,landscape_PCTURBHI2011_WSRP100,PCTURBHI2011_WSRP100,Landscape Data,NRSA 1819 Landscape,"% of the upstream watershed (Ws) areas classified as developed, high intensity land use and within 100-m buffer of NHD stream lines (Rp100). Derived from the nlcd2011.tif (class 24) landscape raster.",LAND,,,,Single metadata definition,landscape,1,1
1819,landscape_PCTURBHI2011WS,PCTURBHI2011WS,Landscape Data,NRSA 1819 Landscape,"% of the upstream watershed (Ws) areas classified as developed, high intensity land use. Derived from the nlcd2011.tif (class 24) landscape raster.",LAND,,,,Single metadata definition,landscape,1,1
1819,landscape_PCTURBHI2013_WSRP100,PCTURBHI2013_WSRP100,Landscape Data,NRSA 1819 Landscape,"% of the upstream watershed (Ws) areas classified as developed, high intensity land use and within 100-m buffer of NHD stream lines (Rp100). Derived from the nlcd2013.tif (class 24) landscape raster.",LAND,,,,Single metadata definition,landscape,1,1
1819,landscape_PCTURBHI2013WS,PCTURBHI2013WS,Landscape Data,NRSA 1819 Landscape,"% of the upstream watershed (Ws) areas classified as developed, high intensity land use. Derived from the nlcd2013.tif (class 24) landscape raster.",LAND,,,,Single metadata definition,landscape,1,1
1819,landscape_PCTURBHI2016_WSRP100,PCTURBHI2016_WSRP100,Landscape Data,NRSA 1819 Landscape,"% of the upstream watershed (Ws) areas classified as developed, high intensity land use and within 100-m buffer of NHD stream lines (Rp100). Derived from the nlcd2016.tif (class 24) landscape raster.",LAND,,,,Single metadata definition,landscape,1,1
1819,landscape_PCTURBHI2016WS,PCTURBHI2016WS,Landscape Data,NRSA 1819 Landscape,"% of the upstream watershed (Ws) areas classified as developed, high intensity land use. Derived from the nlcd2016.tif (class 24) landscape raster.",LAND,,,,Single metadata definition,landscape,1,1
1819,landscape_PCTURBHI2019_WSRP100,PCTURBHI2019_WSRP100,Landscape Data,NRSA 1819 Landscape,"% of the upstream watershed (Ws) areas classified as developed, high intensity land use and within 100-m buffer of NHD stream lines (Rp100). Derived from the nlcd2019.tif (class 24) landscape raster.",LAND,,,,Single metadata definition,landscape,1,1
1819,landscape_PCTURBHI2019WS,PCTURBHI2019WS,Landscape Data,NRSA 1819 Landscape,"% of the upstream watershed (Ws) areas classified as developed, high intensity land use. Derived from the nlcd2019.tif (class 24) landscape raster.",LAND,,,,Single metadata definition,landscape,1,1
1819,landscape_PCTURBLO2001_WSRP100,PCTURBLO2001_WSRP100,Landscape Data,NRSA 1819 Landscape,"% of the upstream watershed (Ws) areas classified as developed, low intensity land use and within 100-m buffer of NHD stream lines (Rp100). Derived from the nlcd2001.tif (class 22) landscape raster.",LAND,,,,Single metadata definition,landscape,1,1
1819,landscape_PCTURBLO2001WS,PCTURBLO2001WS,Landscape Data,NRSA 1819 Landscape,"% of the upstream watershed (Ws) areas classified as developed, low intensity land use. Derived from the nlcd2001.tif (class 22) landscape raster.",LAND,,,,Single metadata definition,landscape,1,1
1819,landscape_PCTURBLO2004_WSRP100,PCTURBLO2004_WSRP100,Landscape Data,NRSA 1819 Landscape,"% of the upstream watershed (Ws) areas classified as developed, low intensity land use and within 100-m buffer of NHD stream lines (Rp100). Derived from the nlcd2004.tif (class 22) landscape raster.",LAND,,,,Single metadata definition,landscape,1,1
1819,landscape_PCTURBLO2004WS,PCTURBLO2004WS,Landscape Data,NRSA 1819 Landscape,"% of the upstream watershed (Ws) areas classified as developed, low intensity land use. Derived from the nlcd2004.tif (class 22) landscape raster.",LAND,,,,Single metadata definition,landscape,1,1
1819,landscape_PCTURBLO2006_WSRP100,PCTURBLO2006_WSRP100,Landscape Data,NRSA 1819 Landscape,"% of the upstream watershed (Ws) areas classified as developed, low intensity land use and within 100-m buffer of NHD stream lines (Rp100). Derived from the nlcd2006.tif (class 22) landscape raster.",LAND,,,,Single metadata definition,landscape,1,1
1819,landscape_PCTURBLO2006WS,PCTURBLO2006WS,Landscape Data,NRSA 1819 Landscape,"% of the upstream watershed (Ws) areas classified as developed, low intensity land use. Derived from the nlcd2006.tif (class 22) landscape raster.",LAND,,,,Single metadata definition,landscape,1,1
1819,landscape_PCTURBLO2008_WSRP100,PCTURBLO2008_WSRP100,Landscape Data,NRSA 1819 Landscape,"% of the upstream watershed (Ws) areas classified as developed, low intensity land use and within 100-m buffer of NHD stream lines (Rp100). Derived from the nlcd2008.tif (class 22) landscape raster.",LAND,,,,Single metadata definition,landscape,1,1
1819,landscape_PCTURBLO2008WS,PCTURBLO2008WS,Landscape Data,NRSA 1819 Landscape,"% of the upstream watershed (Ws) areas classified as developed, low intensity land use. Derived from the nlcd2008.tif (class 22) landscape raster.",LAND,,,,Single metadata definition,landscape,1,1
1819,landscape_PCTURBLO2011_WSRP100,PCTURBLO2011_WSRP100,Landscape Data,NRSA 1819 Landscape,"% of the upstream watershed (Ws) areas classified as developed, low intensity land use and within 100-m buffer of NHD stream lines (Rp100). Derived from the nlcd2011.tif (class 22) landscape raster.",LAND,,,,Single metadata definition,landscape,1,1
1819,landscape_PCTURBLO2011WS,PCTURBLO2011WS,Landscape Data,NRSA 1819 Landscape,"% of the upstream watershed (Ws) areas classified as developed, low intensity land use. Derived from the nlcd2011.tif (class 22) landscape raster.",LAND,,,,Single metadata definition,landscape,1,1
1819,landscape_PCTURBLO2013_WSRP100,PCTURBLO2013_WSRP100,Landscape Data,NRSA 1819 Landscape,"% of the upstream watershed (Ws) areas classified as developed, low intensity land use and within 100-m buffer of NHD stream lines (Rp100). Derived from the nlcd2013.tif (class 22) landscape raster.",LAND,,,,Single metadata definition,landscape,1,1
1819,landscape_PCTURBLO2013WS,PCTURBLO2013WS,Landscape Data,NRSA 1819 Landscape,"% of the upstream watershed (Ws) areas classified as developed, low intensity land use. Derived from the nlcd2013.tif (class 22) landscape raster.",LAND,,,,Single metadata definition,landscape,1,1
1819,landscape_PCTURBLO2016_WSRP100,PCTURBLO2016_WSRP100,Landscape Data,NRSA 1819 Landscape,"% of the upstream watershed (Ws) areas classified as developed, low intensity land use and within 100-m buffer of NHD stream lines (Rp100). Derived from the nlcd2016.tif (class 22) landscape raster.",LAND,,,,Single metadata definition,landscape,1,1
1819,landscape_PCTURBLO2016WS,PCTURBLO2016WS,Landscape Data,NRSA 1819 Landscape,"% of the upstream watershed (Ws) areas classified as developed, low intensity land use. Derived from the nlcd2016.tif (class 22) landscape raster.",LAND,,,,Single metadata definition,landscape,1,1
1819,landscape_PCTURBLO2019_WSRP100,PCTURBLO2019_WSRP100,Landscape Data,NRSA 1819 Landscape,"% of the upstream watershed (Ws) areas classified as developed, low intensity land use and within 100-m buffer of NHD stream lines (Rp100). Derived from the nlcd2019.tif (class 22) landscape raster.",LAND,,,,Single metadata definition,landscape,1,1
1819,landscape_PCTURBLO2019WS,PCTURBLO2019WS,Landscape Data,NRSA 1819 Landscape,"% of the upstream watershed (Ws) areas classified as developed, low intensity land use. Derived from the nlcd2019.tif (class 22) landscape raster.",LAND,,,,Single metadata definition,landscape,1,1
1819,landscape_PCTURBMD2001_WSRP100,PCTURBMD2001_WSRP100,Landscape Data,NRSA 1819 Landscape,"% of the upstream watershed (Ws) areas classified as developed, medium intensity land use and within 100-m buffer of NHD stream lines (Rp100). Derived from the nlcd2001.tif (class 23) landscape raster.",LAND,,,,Single metadata definition,landscape,1,1
1819,landscape_PCTURBMD2001WS,PCTURBMD2001WS,Landscape Data,NRSA 1819 Landscape,"% of the upstream watershed (Ws) areas classified as developed, medium intensity land use. Derived from the nlcd2001.tif (class 23) landscape raster.",LAND,,,,Single metadata definition,landscape,1,1
1819,landscape_PCTURBMD2004_WSRP100,PCTURBMD2004_WSRP100,Landscape Data,NRSA 1819 Landscape,"% of the upstream watershed (Ws) areas classified as developed, medium intensity land use and within 100-m buffer of NHD stream lines (Rp100). Derived from the nlcd2004.tif (class 23) landscape raster.",LAND,,,,Single metadata definition,landscape,1,1
1819,landscape_PCTURBMD2004WS,PCTURBMD2004WS,Landscape Data,NRSA 1819 Landscape,"% of the upstream watershed (Ws) areas classified as developed, medium intensity land use. Derived from the nlcd2004.tif (class 23) landscape raster.",LAND,,,,Single metadata definition,landscape,1,1
1819,landscape_PCTURBMD2006_WSRP100,PCTURBMD2006_WSRP100,Landscape Data,NRSA 1819 Landscape,"% of the upstream watershed (Ws) areas classified as developed, medium intensity land use and within 100-m buffer of NHD stream lines (Rp100). Derived from the nlcd2006.tif (class 23) landscape raster.",LAND,,,,Single metadata definition,landscape,1,1
1819,landscape_PCTURBMD2006WS,PCTURBMD2006WS,Landscape Data,NRSA 1819 Landscape,"% of the upstream watershed (Ws) areas classified as developed, medium intensity land use. Derived from the nlcd2006.tif (class 23) landscape raster.",LAND,,,,Single metadata definition,landscape,1,1
1819,landscape_PCTURBMD2008_WSRP100,PCTURBMD2008_WSRP100,Landscape Data,NRSA 1819 Landscape,"% of the upstream watershed (Ws) areas classified as developed, medium intensity land use and within 100-m buffer of NHD stream lines (Rp100). Derived from the nlcd2008.tif (class 23) landscape raster.",LAND,,,,Single metadata definition,landscape,1,1
1819,landscape_PCTURBMD2008WS,PCTURBMD2008WS,Landscape Data,NRSA 1819 Landscape,"% of the upstream watershed (Ws) areas classified as developed, medium intensity land use. Derived from the nlcd2008.tif (class 23) landscape raster.",LAND,,,,Single metadata definition,landscape,1,1
1819,landscape_PCTURBMD2011_WSRP100,PCTURBMD2011_WSRP100,Landscape Data,NRSA 1819 Landscape,"% of the upstream watershed (Ws) areas classified as developed, medium intensity land use and within 100-m buffer of NHD stream lines (Rp100). Derived from the nlcd2011.tif (class 23) landscape raster.",LAND,,,,Single metadata definition,landscape,1,1
1819,landscape_PCTURBMD2011WS,PCTURBMD2011WS,Landscape Data,NRSA 1819 Landscape,"% of the upstream watershed (Ws) areas classified as developed, medium intensity land use. Derived from the nlcd2011.tif (class 23) landscape raster.",LAND,,,,Single metadata definition,landscape,1,1
1819,landscape_PCTURBMD2013_WSRP100,PCTURBMD2013_WSRP100,Landscape Data,NRSA 1819 Landscape,"% of the upstream watershed (Ws) areas classified as developed, medium intensity land use and within 100-m buffer of NHD stream lines (Rp100). Derived from the nlcd2013.tif (class 23) landscape raster.",LAND,,,,Single metadata definition,landscape,1,1
1819,landscape_PCTURBMD2013WS,PCTURBMD2013WS,Landscape Data,NRSA 1819 Landscape,"% of the upstream watershed (Ws) areas classified as developed, medium intensity land use. Derived from the nlcd2013.tif (class 23) landscape raster.",LAND,,,,Single metadata definition,landscape,1,1
1819,landscape_PCTURBMD2016_WSRP100,PCTURBMD2016_WSRP100,Landscape Data,NRSA 1819 Landscape,"% of the upstream watershed (Ws) areas classified as developed, medium intensity land use and within 100-m buffer of NHD stream lines (Rp100). Derived from the nlcd2016.tif (class 23) landscape raster.",LAND,,,,Single metadata definition,landscape,1,1
1819,landscape_PCTURBMD2016WS,PCTURBMD2016WS,Landscape Data,NRSA 1819 Landscape,"% of the upstream watershed (Ws) areas classified as developed, medium intensity land use. Derived from the nlcd2016.tif (class 23) landscape raster.",LAND,,,,Single metadata definition,landscape,1,1
1819,landscape_PCTURBMD2019_WSRP100,PCTURBMD2019_WSRP100,Landscape Data,NRSA 1819 Landscape,"% of the upstream watershed (Ws) areas classified as developed, medium intensity land use and within 100-m buffer of NHD stream lines (Rp100). Derived from the nlcd2019.tif (class 23) landscape raster.",LAND,,,,Single metadata definition,landscape,1,1
1819,landscape_PCTURBMD2019WS,PCTURBMD2019WS,Landscape Data,NRSA 1819 Landscape,"% of the upstream watershed (Ws) areas classified as developed, medium intensity land use. Derived from the nlcd2019.tif (class 23) landscape raster.",LAND,,,,Single metadata definition,landscape,1,1
1819,landscape_PCTURBOP2001_WSRP100,PCTURBOP2001_WSRP100,Landscape Data,NRSA 1819 Landscape,"% of the upstream watershed (Ws) areas classified as developed, open space land use and within 100-m buffer of NHD stream lines (Rp100). Derived from the nlcd2001.tif (class 21) landscape raster.",LAND,,,,Single metadata definition,landscape,1,1
1819,landscape_PCTURBOP2001WS,PCTURBOP2001WS,Landscape Data,NRSA 1819 Landscape,"% of the upstream watershed (Ws) areas classified as developed, open space land use. Derived from the nlcd2001.tif (class 21) landscape raster.",LAND,,,,Single metadata definition,landscape,1,1
1819,landscape_PCTURBOP2004_WSRP100,PCTURBOP2004_WSRP100,Landscape Data,NRSA 1819 Landscape,"% of the upstream watershed (Ws) areas classified as developed, open space land use and within 100-m buffer of NHD stream lines (Rp100). Derived from the nlcd2004.tif (class 21) landscape raster.",LAND,,,,Single metadata definition,landscape,1,1
1819,landscape_PCTURBOP2004WS,PCTURBOP2004WS,Landscape Data,NRSA 1819 Landscape,"% of the upstream watershed (Ws) areas classified as developed, open space land use. Derived from the nlcd2004.tif (class 21) landscape raster.",LAND,,,,Single metadata definition,landscape,1,1
1819,landscape_PCTURBOP2006_WSRP100,PCTURBOP2006_WSRP100,Landscape Data,NRSA 1819 Landscape,"% of the upstream watershed (Ws) areas classified as developed, open space land use and within 100-m buffer of NHD stream lines (Rp100). Derived from the nlcd2006.tif (class 21) landscape raster.",LAND,,,,Single metadata definition,landscape,1,1
1819,landscape_PCTURBOP2006WS,PCTURBOP2006WS,Landscape Data,NRSA 1819 Landscape,"% of the upstream watershed (Ws) areas classified as developed, open space land use. Derived from the nlcd2006.tif (class 21) landscape raster.",LAND,,,,Single metadata definition,landscape,1,1
1819,landscape_PCTURBOP2008_WSRP100,PCTURBOP2008_WSRP100,Landscape Data,NRSA 1819 Landscape,"% of the upstream watershed (Ws) areas classified as developed, open space land use and within 100-m buffer of NHD stream lines (Rp100). Derived from the nlcd2008.tif (class 21) landscape raster.",LAND,,,,Single metadata definition,landscape,1,1
1819,landscape_PCTURBOP2008WS,PCTURBOP2008WS,Landscape Data,NRSA 1819 Landscape,"% of the upstream watershed (Ws) areas classified as developed, open space land use. Derived from the nlcd2008.tif (class 21) landscape raster.",LAND,,,,Single metadata definition,landscape,1,1
1819,landscape_PCTURBOP2011_WSRP100,PCTURBOP2011_WSRP100,Landscape Data,NRSA 1819 Landscape,"% of the upstream watershed (Ws) areas classified as developed, open space land use and within 100-m buffer of NHD stream lines (Rp100). Derived from the nlcd2011.tif (class 21) landscape raster.",LAND,,,,Single metadata definition,landscape,1,1
1819,landscape_PCTURBOP2011WS,PCTURBOP2011WS,Landscape Data,NRSA 1819 Landscape,"% of the upstream watershed (Ws) areas classified as developed, open space land use. Derived from the nlcd2011.tif (class 21) landscape raster.",LAND,,,,Single metadata definition,landscape,1,1
1819,landscape_PCTURBOP2013_WSRP100,PCTURBOP2013_WSRP100,Landscape Data,NRSA 1819 Landscape,"% of the upstream watershed (Ws) areas classified as developed, open space land use and within 100-m buffer of NHD stream lines (Rp100). Derived from the nlcd2013.tif (class 21) landscape raster.",LAND,,,,Single metadata definition,landscape,1,1
1819,landscape_PCTURBOP2013WS,PCTURBOP2013WS,Landscape Data,NRSA 1819 Landscape,"% of the upstream watershed (Ws) areas classified as developed, open space land use. Derived from the nlcd2013.tif (class 21) landscape raster.",LAND,,,,Single metadata definition,landscape,1,1
1819,landscape_PCTURBOP2016_WSRP100,PCTURBOP2016_WSRP100,Landscape Data,NRSA 1819 Landscape,"% of the upstream watershed (Ws) areas classified as developed, open space land use and within 100-m buffer of NHD stream lines (Rp100). Derived from the nlcd2016.tif (class 21) landscape raster.",LAND,,,,Single metadata definition,landscape,1,1
1819,landscape_PCTURBOP2016WS,PCTURBOP2016WS,Landscape Data,NRSA 1819 Landscape,"% of the upstream watershed (Ws) areas classified as developed, open space land use. Derived from the nlcd2016.tif (class 21) landscape raster.",LAND,,,,Single metadata definition,landscape,1,1
1819,landscape_PCTURBOP2019_WSRP100,PCTURBOP2019_WSRP100,Landscape Data,NRSA 1819 Landscape,"% of the upstream watershed (Ws) areas classified as developed, open space land use and within 100-m buffer of NHD stream lines (Rp100). Derived from the nlcd2019.tif (class 21) landscape raster.",LAND,,,,Single metadata definition,landscape,1,1
1819,landscape_PCTURBOP2019WS,PCTURBOP2019WS,Landscape Data,NRSA 1819 Landscape,"% of the upstream watershed (Ws) areas classified as developed, open space land use. Derived from the nlcd2019.tif (class 21) landscape raster.",LAND,,,,Single metadata definition,landscape,1,1
1819,landscape_PCTVOLCANICWS,PCTVOLCANICWS,Landscape Data,NRSA 1819 Landscape,% of the upstream watershed (Ws) classified as bedrock permeability type: Basalt and other volcanic rocks.,LAND,,,,Single metadata definition,landscape,1,1
1819,landscape_PCTWATERWS,PCTWATERWS,Landscape Data,NRSA 1819 Landscape,% of the upstream watershed (Ws) classified as lithology type: water.,LAND,,,,Single metadata definition,landscape,1,1
1819,landscape_PCTWDWET2001_WSRP100,PCTWDWET2001_WSRP100,Landscape Data,NRSA 1819 Landscape,% of the upstream watershed (Ws) areas classified as woody wetland land cover and within 100-m buffer of NHD stream lines (Rp100). Derived from the nlcd2001.tif (class 90) landscape raster.,LAND,,,,Single metadata definition,landscape,1,1
1819,landscape_PCTWDWET2001WS,PCTWDWET2001WS,Landscape Data,NRSA 1819 Landscape,% of the upstream watershed (Ws) areas classified as woody wetland land cover. Derived from the nlcd2001.tif (class 90) landscape raster.,LAND,,,,Single metadata definition,landscape,1,1
1819,landscape_PCTWDWET2004_WSRP100,PCTWDWET2004_WSRP100,Landscape Data,NRSA 1819 Landscape,% of the upstream watershed (Ws) areas classified as woody wetland land cover and within 100-m buffer of NHD stream lines (Rp100). Derived from the nlcd2004.tif (class 90) landscape raster.,LAND,,,,Single metadata definition,landscape,1,1
1819,landscape_PCTWDWET2004WS,PCTWDWET2004WS,Landscape Data,NRSA 1819 Landscape,% of the upstream watershed (Ws) areas classified as woody wetland land cover. Derived from the nlcd2004.tif (class 90) landscape raster.,LAND,,,,Single metadata definition,landscape,1,1
1819,landscape_PCTWDWET2006_WSRP100,PCTWDWET2006_WSRP100,Landscape Data,NRSA 1819 Landscape,% of the upstream watershed (Ws) areas classified as woody wetland land cover and within 100-m buffer of NHD stream lines (Rp100). Derived from the nlcd2006.tif (class 90) landscape raster.,LAND,,,,Single metadata definition,landscape,1,1
1819,landscape_PCTWDWET2006WS,PCTWDWET2006WS,Landscape Data,NRSA 1819 Landscape,% of the upstream watershed (Ws) areas classified as woody wetland land cover. Derived from the nlcd2006.tif (class 90) landscape raster.,LAND,,,,Single metadata definition,landscape,1,1
1819,landscape_PCTWDWET2008_WSRP100,PCTWDWET2008_WSRP100,Landscape Data,NRSA 1819 Landscape,% of the upstream watershed (Ws) areas classified as woody wetland land cover and within 100-m buffer of NHD stream lines (Rp100). Derived from the nlcd2008.tif (class 90) landscape raster.,LAND,,,,Single metadata definition,landscape,1,1
1819,landscape_PCTWDWET2008WS,PCTWDWET2008WS,Landscape Data,NRSA 1819 Landscape,% of the upstream watershed (Ws) areas classified as woody wetland land cover. Derived from the nlcd2008.tif (class 90) landscape raster.,LAND,,,,Single metadata definition,landscape,1,1
1819,landscape_PCTWDWET2011_WSRP100,PCTWDWET2011_WSRP100,Landscape Data,NRSA 1819 Landscape,% of the upstream watershed (Ws) areas classified as woody wetland land cover and within 100-m buffer of NHD stream lines (Rp100). Derived from the nlcd2011.tif (class 90) landscape raster.,LAND,,,,Single metadata definition,landscape,1,1
1819,landscape_PCTWDWET2011WS,PCTWDWET2011WS,Landscape Data,NRSA 1819 Landscape,% of the upstream watershed (Ws) areas classified as woody wetland land cover. Derived from the nlcd2011.tif (class 90) landscape raster.,LAND,,,,Single metadata definition,landscape,1,1
1819,landscape_PCTWDWET2013_WSRP100,PCTWDWET2013_WSRP100,Landscape Data,NRSA 1819 Landscape,% of the upstream watershed (Ws) areas classified as woody wetland land cover and within 100-m buffer of NHD stream lines (Rp100). Derived from the nlcd2013.tif (class 90) landscape raster.,LAND,,,,Single metadata definition,landscape,1,1
1819,landscape_PCTWDWET2013WS,PCTWDWET2013WS,Landscape Data,NRSA 1819 Landscape,% of the upstream watershed (Ws) areas classified as woody wetland land cover. Derived from the nlcd2013.tif (class 90) landscape raster.,LAND,,,,Single metadata definition,landscape,1,1
1819,landscape_PCTWDWET2016_WSRP100,PCTWDWET2016_WSRP100,Landscape Data,NRSA 1819 Landscape,% of the upstream watershed (Ws) areas classified as woody wetland land cover and within 100-m buffer of NHD stream lines (Rp100). Derived from the nlcd2016.tif (class 90) landscape raster.,LAND,,,,Single metadata definition,landscape,1,1
1819,landscape_PCTWDWET2016WS,PCTWDWET2016WS,Landscape Data,NRSA 1819 Landscape,% of the upstream watershed (Ws) areas classified as woody wetland land cover. Derived from the nlcd2016.tif (class 90) landscape raster.,LAND,,,,Single metadata definition,landscape,1,1
1819,landscape_PCTWDWET2019_WSRP100,PCTWDWET2019_WSRP100,Landscape Data,NRSA 1819 Landscape,% of the upstream watershed (Ws) areas classified as woody wetland land cover and within 100-m buffer of NHD stream lines (Rp100). Derived from the nlcd2019.tif (class 90) landscape raster.,LAND,,,,Single metadata definition,landscape,1,1
1819,landscape_PCTWDWET2019WS,PCTWDWET2019WS,Landscape Data,NRSA 1819 Landscape,% of the upstream watershed (Ws) areas classified as woody wetland land cover. Derived from the nlcd2019.tif (class 90) landscape raster.,LAND,,,,Single metadata definition,landscape,1,1
1819,landscape_PERDUN_WS_PCTFULL,PERDUN_WS_PCTFULL,Landscape Data,NRSA 1819 Landscape,"Percent of area with data for Dunne overland flow, also know as saturation overland flow, is generated in a basin when the water table \outcrops\\ on the land surface (due to the infiltration and redistribution of soil moisture within the basin), thereby producing temporary saturated areas. These saturated areas generate Dunne overland flow through exfiltration of shallow ground water and by routing precipitation directly to the stream network. The data are estimated from a watershed simulation model called TOPMODEL (Wolock, 1993). The model was run throughout the conterminous U.S. and estimated percentage of Dunne overland flow in total streamflow was quantified (Wolock, 2003).\""""",LAND,,,,Single metadata definition,landscape,1,1
1819,landscape_PERDUNWS,PERDUNWS,Landscape Data,NRSA 1819 Landscape,"Dunne overland flow, also know as saturation overland flow, is generated in a basin when the water table \outcrops\\ on the land surface (due to the infiltration and redistribution of soil moisture within the basin), thereby producing temporary saturated areas. These saturated areas generate Dunne overland flow through exfiltration of shallow ground water and by routing precipitation directly to the stream network. The data are estimated from a watershed simulation model called TOPMODEL (Wolock, 1993). The model was run throughout the conterminous U.S. and estimated percentage of Dunne overland flow in total streamflow was quantified (Wolock, 2003).\""""",LAND,,,,Single metadata definition,landscape,1,1
1819,landscape_PERHOR_WS_PCTFULL,PERHOR_WS_PCTFULL,Landscape Data,NRSA 1819 Landscape,"Percent of area with data for Horton overland flow, also known as infiltration-excess overland flow, is generated in a basin when infiltration rates are exceeded by precipitation rates. The data are estimated from a watershed simulation model called TOPMODEL (Wolock, 1993). The model was run throughout the conterminous U.S. and estimated percentage of Horton overland flow in total streamflow was quantified (Wolock, 2003).",LAND,,,,Single metadata definition,landscape,1,1
1819,landscape_PERHORWS,PERHORWS,Landscape Data,NRSA 1819 Landscape,"Horton overland flow, also known as infiltration-excess overland flow, is generated in a basin when infiltration rates are exceeded by precipitation rates. The data are estimated from a watershed simulation model called TOPMODEL (Wolock, 1993). The model was run throughout the conterminous U.S. and estimated percentage of Horton overland flow in total streamflow was quantified (Wolock, 2003).",LAND,,,,Single metadata definition,landscape,1,1
1819,landscape_PERM_WS_PCTFULL,PERM_WS_PCTFULL,Landscape Data,NRSA 1819 Landscape,Percent of area with data for Mean of all perm values within upstream watershed (Ws).,LAND,,,,Single metadata definition,landscape,1,1
1819,landscape_PERMH_WS_PCTFULL,PERMH_WS_PCTFULL,Landscape Data,NRSA 1819 Landscape,Percent of area with data for Watershed mean of the high values of permeability (inches/hour) of soils from the State Soil Geographic (STATSGO) Database,LAND,,,,Single metadata definition,landscape,1,1
1819,landscape_PERMHWS,PERMHWS,Landscape Data,NRSA 1819 Landscape,Watershed mean of the high values of permeability (inches/hour) of soils from the State Soil Geographic (STATSGO) Database,LAND,,,,Single metadata definition,landscape,1,1
1819,landscape_PERMWS,PERMWS,Landscape Data,NRSA 1819 Landscape,Mean of all perm values within upstream watershed (Ws).,LAND,,,,Single metadata definition,landscape,1,1
1819,landscape_PESTIC97_WS_PCTFULL,PESTIC97_WS_PCTFULL,Landscape Data,NRSA 1819 Landscape,Percent of area with data for Mean of all pestic.tif values within upstream watershed (Ws).,LAND,,,,Single metadata definition,landscape,1,1
1819,landscape_PESTIC97WS,PESTIC97WS,Landscape Data,NRSA 1819 Landscape,Mean of all pestic.tif values within upstream watershed (Ws).,LAND,,,,Single metadata definition,landscape,1,1
1819,landscape_PMAX_WS_PCTFULL,PMAX_WS_PCTFULL,Landscape Data,NRSA 1819 Landscape,"Percent of area with data for GIS raster calculated as (MAXxi) / 30, where xi = the modeled total precipitation (mm) for month i (1-12). Values based on 30 years (1971-2000) of PRISM climate estimates. Each value represents a 900 x 900 meter cell. Mean of all Pmax values within the watershed upstream of the sampling point (?Pmax i / n, where i = each of n pixels within the watershed).",LAND,,,,Single metadata definition,landscape,1,1
1819,landscape_PMAXWS,PMAXWS,Landscape Data,NRSA 1819 Landscape,"GIS raster calculated as (MAXxi) / 30, where xi = the modeled total precipitation (mm) for month i (1-12). Values based on 30 years (1971-2000) of PRISM climate estimates. Each value represents a 900 x 900 meter cell. Mean of all Pmax values within the watershed upstream of the sampling point (?Pmax i / n, where i = each of n pixels within the watershed).",LAND,,,,Single metadata definition,landscape,1,1
1819,landscape_PMIN_WS_PCTFULL,PMIN_WS_PCTFULL,Landscape Data,NRSA 1819 Landscape,"Percent of area with data for GIS raster calculated as (MINxi) / 30, where xi = the modeled total precipitation (mm) for month i (1-12). Values based on 30 years (1971-2000) of PRISM climate estimates. Each value represents a 900 x 900 meter cell. Mean of all Pmin values within the watershed upstream of the sampling point (?Pmin i / n, where i = each of n pixels within the watershed).",LAND,,,,Single metadata definition,landscape,1,1
1819,landscape_PMINWS,PMINWS,Landscape Data,NRSA 1819 Landscape,"GIS raster calculated as (MINxi) / 30, where xi = the modeled total precipitation (mm) for month i (1-12). Values based on 30 years (1971-2000) of PRISM climate estimates. Each value represents a 900 x 900 meter cell. Mean of all Pmin values within the watershed upstream of the sampling point (?Pmin i / n, where i = each of n pixels within the watershed).",LAND,,,,Single metadata definition,landscape,1,1
1819,landscape_POPDEN2010_WS_PCTFULL,POPDEN2010_WS_PCTFULL,Landscape Data,NRSA 1819 Landscape,Percent of area with data for Mean of all popden2010 values within the upstream watershed (Ws).,LAND,,,,Single metadata definition,landscape,1,1
1819,landscape_POPDEN2010_WS_PCTFULLRP100,POPDEN2010_WS_PCTFULLRP100,Landscape Data,NRSA 1819 Landscape,Percent of area with data for Mean of all popden2010 values within the upstream watershed (Ws) within a 100-m wide buffer of the NHD stream lines (Rp100). Derived as the intersection between Rp100 and popden2010 landscape layers.,LAND,,,,Single metadata definition,landscape,1,1
1819,landscape_POPDEN2010WS,POPDEN2010WS,Landscape Data,NRSA 1819 Landscape,Mean of all popden2010 values within the upstream watershed (Ws).,LAND,,,,Single metadata definition,landscape,1,1
1819,landscape_POPDEN2010WSRP100,POPDEN2010WSRP100,Landscape Data,NRSA 1819 Landscape,Mean of all popden2010 values within the upstream watershed (Ws) within a 100-m wide buffer of the NHD stream lines (Rp100). Derived as the intersection between Rp100 and popden2010 landscape layers.,LAND,,,,Single metadata definition,landscape,1,1
1819,landscape_PRECIP_WS_PCTFULL,PRECIP_WS_PCTFULL,Landscape Data,NRSA 1819 Landscape,"Percent of area with data for mean annual precip (cm) for the watershed, from 800m PRISM data. 30 years period of record 1971-2000.",LAND,,,,Single metadata definition,landscape,1,1
1819,landscape_PRECIP08WS,PRECIP08WS,Landscape Data,NRSA 1819 Landscape,"PRISM climate data - mean precipitation (mm):, within the upstream watershed (Ws). This metric was derived to support modeling of stream biological condition based on the 2008-2009 NRSA.",LAND,,,,Single metadata definition,landscape,1,1
1819,landscape_PRECIP09WS,PRECIP09WS,Landscape Data,NRSA 1819 Landscape,"PRISM climate data - mean precipitation (mm):, within the upstream watershed (Ws). This metric was derived to support modeling of stream biological condition based on the 2008-2009 NRSA.",LAND,,,,Single metadata definition,landscape,1,1
1819,landscape_PRECIP8110WS,PRECIP8110WS,Landscape Data,NRSA 1819 Landscape,"PRISM climate data - 30-year average annual normal precipitation (mm):, within the upstream watershed (Ws)",LAND,,,,Single metadata definition,landscape,1,1
1819,landscape_PRISMPPT_2008_WS_PCTFULL,PRISMPPT_2008_WS_PCTFULL,Landscape Data,NRSA 1819 Landscape,"Percent of area with data for PRISM climate data - mean precipitation (mm):, within the upstream watershed (Ws). This metric was derived to support modeling of stream biological condition based on the 2008-2009 NRSA.",LAND,,,,Single metadata definition,landscape,1,1
1819,landscape_PRISMPPT_2009_WS_PCTFULL,PRISMPPT_2009_WS_PCTFULL,Landscape Data,NRSA 1819 Landscape,"Percent of area with data for PRISM climate data - mean precipitation (mm):, within the upstream watershed (Ws). This metric was derived to support modeling of stream biological condition based on the 2008-2009 NRSA.",LAND,,,,Single metadata definition,landscape,1,1
1819,landscape_PSUMPY_2004_PT,PSUMPY_2004_PT,Landscape Data,NRSA 1819 Landscape,"GIS raster value at site location calculated as xi, where xi = the modeled total precipitation (mm) for month i (5-12) of the previous year and month i (1-4) of the sampling year. This value estimates the total precipitation for the 12 months prior to the field sampling season. Each value represents a 2 x 2 kilometer cell (http://www.prism.oregonstate.edu).",LAND,,,,Single metadata definition,landscape,1,1
1819,landscape_PSUMPY_2004_WS_PCTFULL,PSUMPY_2004_WS_PCTFULL,Landscape Data,NRSA 1819 Landscape,"Percent of area with data for GIS raster calculated as xi, where xi = the modeled total precipitation (mm) for month i (5-12) of the previous year and month i (1-4) of the sampling year. This value estimates the total precipitation for the 12 months prior to the field sampling season. Each value represents a 2 x 2 kilometer cell (http://www.prism.oregonstate.edu).",LAND,,,,Single metadata definition,landscape,1,1
1819,landscape_PSUMPY_2004WS,PSUMPY_2004WS,Landscape Data,NRSA 1819 Landscape,"GIS raster calculated as xi, where xi = the modeled total precipitation (mm) for month i (5-12) of the previous year and month i (1-4) of the sampling year. This value estimates the total precipitation for the 12 months prior to the field sampling season. Each value represents a 2 x 2 kilometer cell (http://www.prism.oregonstate.edu).",LAND,,,,Single metadata definition,landscape,1,1
1819,landscape_PSUMPY_2005_PT,PSUMPY_2005_PT,Landscape Data,NRSA 1819 Landscape,"GIS raster value at site location calculated as xi, where xi = the modeled total precipitation (mm) for month i (5-12) of the previous year and month i (1-4) of the sampling year. This value estimates the total precipitation for the 12 months prior to the field sampling season. Each value represents a 2 x 2 kilometer cell (http://www.prism.oregonstate.edu).",LAND,,,,Single metadata definition,landscape,1,1
1819,landscape_PSUMPY_2005_WS_PCTFULL,PSUMPY_2005_WS_PCTFULL,Landscape Data,NRSA 1819 Landscape,"Percent of area with data for GIS raster calculated as xi, where xi = the modeled total precipitation (mm) for month i (5-12) of the previous year and month i (1-4) of the sampling year. This value estimates the total precipitation for the 12 months prior to the field sampling season. Each value represents a 2 x 2 kilometer cell (http://www.prism.oregonstate.edu).",LAND,,,,Single metadata definition,landscape,1,1
1819,landscape_PSUMPY_2005WS,PSUMPY_2005WS,Landscape Data,NRSA 1819 Landscape,"GIS raster calculated as xi, where xi = the modeled total precipitation (mm) for month i (5-12) of the previous year and month i (1-4) of the sampling year. This value estimates the total precipitation for the 12 months prior to the field sampling season. Each value represents a 2 x 2 kilometer cell (http://www.prism.oregonstate.edu).",LAND,,,,Single metadata definition,landscape,1,1
1819,landscape_PSUMPY_2008_PT,PSUMPY_2008_PT,Landscape Data,NRSA 1819 Landscape,"GIS raster value at site location calculated as xi, where xi = the modeled total precipitation (mm) for month i (5-12) of the previous year and month i (1-4) of the sampling year. This value estimates the total precipitation for the 12 months prior to the field sampling season. Each value represents a 2 x 2 kilometer cell (http://www.prism.oregonstate.edu).",LAND,,,,Single metadata definition,landscape,1,1
1819,landscape_PSUMPY_2008_WS_PCTFULL,PSUMPY_2008_WS_PCTFULL,Landscape Data,NRSA 1819 Landscape,"Percent of area with data for GIS raster calculated as xi, where xi = the modeled total precipitation (mm) for month i (5-12) of the previous year and month i (1-4) of the sampling year. This value estimates the total precipitation for the 12 months prior to the field sampling season. Each value represents a 2 x 2 kilometer cell (http://www.prism.oregonstate.edu).",LAND,,,,Single metadata definition,landscape,1,1
1819,landscape_PSUMPY_2008WS,PSUMPY_2008WS,Landscape Data,NRSA 1819 Landscape,"GIS raster calculated as xi, where xi = the modeled total precipitation (mm) for month i (5-12) of the previous year and month i (1-4) of the sampling year. This value estimates the total precipitation for the 12 months prior to the field sampling season. Each value represents a 2 x 2 kilometer cell (http://www.prism.oregonstate.edu).",LAND,,,,Single metadata definition,landscape,1,1
1819,landscape_PSUMPY_2009_PT,PSUMPY_2009_PT,Landscape Data,NRSA 1819 Landscape,"GIS raster value at site location calculated as xi, where xi = the modeled total precipitation (mm) for month i (5-12) of the previous year and month i (1-4) of the sampling year. This value estimates the total precipitation for the 12 months prior to the field sampling season. Each value represents a 2 x 2 kilometer cell (http://www.prism.oregonstate.edu).",LAND,,,,Single metadata definition,landscape,1,1
1819,landscape_PSUMPY_2009_WS_PCTFULL,PSUMPY_2009_WS_PCTFULL,Landscape Data,NRSA 1819 Landscape,"Percent of area with data for GIS raster calculated as xi, where xi = the modeled total precipitation (mm) for month i (5-12) of the previous year and month i (1-4) of the sampling year. This value estimates the total precipitation for the 12 months prior to the field sampling season. Each value represents a 2 x 2 kilometer cell (http://www.prism.oregonstate.edu).",LAND,,,,Single metadata definition,landscape,1,1
1819,landscape_PSUMPY_2009WS,PSUMPY_2009WS,Landscape Data,NRSA 1819 Landscape,"GIS raster calculated as xi, where xi = the modeled total precipitation (mm) for month i (5-12) of the previous year and month i (1-4) of the sampling year. This value estimates the total precipitation for the 12 months prior to the field sampling season. Each value represents a 2 x 2 kilometer cell (http://www.prism.oregonstate.edu).",LAND,,,,Single metadata definition,landscape,1,1
1819,landscape_PSUMPY_2013_PT,PSUMPY_2013_PT,Landscape Data,NRSA 1819 Landscape,"GIS raster value at site location calculated as xi, where xi = the modeled total precipitation (mm) for month i (5-12) of the previous year and month i (1-4) of the sampling year. This value estimates the total precipitation for the 12 months prior to the field sampling season. Each value represents a 2 x 2 kilometer cell (http://www.prism.oregonstate.edu).",LANDSCAPE,,,,Single metadata definition,landscape,1,1
1819,landscape_PSUMPY_2013_WS_PCTFULL,PSUMPY_2013_WS_PCTFULL,Landscape Data,NRSA 1819 Landscape,"Percent of area with data for GIS raster calculated as xi, where xi = the modeled total precipitation (mm) for month i (5-12) of the previous year and month i (1-4) of the sampling year. This value estimates the total precipitation for the 12 months prior to the field sampling season. Each value represents a 2 x 2 kilometer cell (http://www.prism.oregonstate.edu).",LAND,,,,Single metadata definition,landscape,1,1
1819,landscape_PSUMPY_2013WS,PSUMPY_2013WS,Landscape Data,NRSA 1819 Landscape,"GIS raster calculated as xi, where xi = the modeled total precipitation (mm) for month i (5-12) of the previous year and month i (1-4) of the sampling year. This value estimates the total precipitation for the 12 months prior to the field sampling season. Each value represents a 2 x 2 kilometer cell (http://www.prism.oregonstate.edu).",LAND,,,,Single metadata definition,landscape,1,1
1819,landscape_PSUMPY_2014_PT,PSUMPY_2014_PT,Landscape Data,NRSA 1819 Landscape,"GIS raster value at site location calculated as xi, where xi = the modeled total precipitation (mm) for month i (5-12) of the previous year and month i (1-4) of the sampling year. This value estimates the total precipitation for the 12 months prior to the field sampling season. Each value represents a 2 x 2 kilometer cell (http://www.prism.oregonstate.edu).",LANDSCAPE,,,,Single metadata definition,landscape,1,1
1819,landscape_PSUMPY_2014_WS_PCTFULL,PSUMPY_2014_WS_PCTFULL,Landscape Data,NRSA 1819 Landscape,"Percent of area with data for GIS raster calculated as xi, where xi = the modeled total precipitation (mm) for month i (5-12) of the previous year and month i (1-4) of the sampling year. This value estimates the total precipitation for the 12 months prior to the field sampling season. Each value represents a 2 x 2 kilometer cell (http://www.prism.oregonstate.edu).",LAND,,,,Single metadata definition,landscape,1,1
1819,landscape_PSUMPY_2014WS,PSUMPY_2014WS,Landscape Data,NRSA 1819 Landscape,"GIS raster calculated as xi, where xi = the modeled total precipitation (mm) for month i (5-12) of the previous year and month i (1-4) of the sampling year. This value estimates the total precipitation for the 12 months prior to the field sampling season. Each value represents a 2 x 2 kilometer cell (http://www.prism.oregonstate.edu).",LAND,,,,Single metadata definition,landscape,1,1
1819,landscape_PSUMPY_2018_PT,PSUMPY_2018_PT,Landscape Data,NRSA 1819 Landscape,"GIS raster value at site location calculated as xi, where xi = the modeled total precipitation (mm) for month i (5-12) of the previous year and month i (1-4) of the sampling year. This value estimates the total precipitation for the 12 months prior to the field sampling season. Each value represents a 2 x 2 kilometer cell (http://www.prism.oregonstate.edu).",LAND,,,,Single metadata definition,landscape,1,1
1819,landscape_PSUMPY_2018_WS_PCTFULL,PSUMPY_2018_WS_PCTFULL,Landscape Data,NRSA 1819 Landscape,"Percent of area with data for GIS raster calculated as xi, where xi = the modeled total precipitation (mm) for month i (5-12) of the previous year and month i (1-4) of the sampling year. This value estimates the total precipitation for the 12 months prior to the field sampling season. Each value represents a 2 x 2 kilometer cell (http://www.prism.oregonstate.edu).",LAND,,,,Single metadata definition,landscape,1,1
1819,landscape_PSUMPY_2018WS,PSUMPY_2018WS,Landscape Data,NRSA 1819 Landscape,"GIS raster calculated as xi, where xi = the modeled total precipitation (mm) for month i (5-12) of the previous year and month i (1-4) of the sampling year. This value estimates the total precipitation for the 12 months prior to the field sampling season. Each value represents a 2 x 2 kilometer cell (http://www.prism.oregonstate.edu).",LAND,,,,Single metadata definition,landscape,1,1
1819,landscape_PSUMPY_2019_PT,PSUMPY_2019_PT,Landscape Data,NRSA 1819 Landscape,"GIS raster value at site location calculated as xi, where xi = the modeled total precipitation (mm) for month i (5-12) of the previous year and month i (1-4) of the sampling year. This value estimates the total precipitation for the 12 months prior to the field sampling season. Each value represents a 2 x 2 kilometer cell (http://www.prism.oregonstate.edu).",LAND,,,,Single metadata definition,landscape,1,1
1819,landscape_PSUMPY_2019_WS_PCTFULL,PSUMPY_2019_WS_PCTFULL,Landscape Data,NRSA 1819 Landscape,"Percent of area with data for GIS raster calculated as xi, where xi = the modeled total precipitation (mm) for month i (5-12) of the previous year and month i (1-4) of the sampling year. This value estimates the total precipitation for the 12 months prior to the field sampling season. Each value represents a 2 x 2 kilometer cell (http://www.prism.oregonstate.edu).",LAND,,,,Single metadata definition,landscape,1,1
1819,landscape_PSUMPY_2019WS,PSUMPY_2019WS,Landscape Data,NRSA 1819 Landscape,"GIS raster calculated as xi, where xi = the modeled total precipitation (mm) for month i (5-12) of the previous year and month i (1-4) of the sampling year. This value estimates the total precipitation for the 12 months prior to the field sampling season. Each value represents a 2 x 2 kilometer cell (http://www.prism.oregonstate.edu).",LAND,,,,Single metadata definition,landscape,1,1
1819,landscape_QTSDVOL,QTSDVOL,Landscape Data,NRSA 1819 Landscape,"Percentage of the watershed covered by any of the geology types QTRNRY, SDMNTRY, or VOLCANIC. Values 5, 6, or 7. (Reed & Bush, 2001)",LAND,,,,Single metadata definition,landscape,1,1
1819,landscape_RCKDEP_WS_PCTFULL,RCKDEP_WS_PCTFULL,Landscape Data,NRSA 1819 Landscape,Percent of area with data for Mean of all rckdep values within the upstream watershed (Ws).,LAND,,,,Single metadata definition,landscape,1,1
1819,landscape_RCKDEPWS,RCKDEPWS,Landscape Data,NRSA 1819 Landscape,Mean of all rckdep values within the upstream watershed (Ws).,LAND,,,,Single metadata definition,landscape,1,1
1819,landscape_RDCRS_WS_PCTFULL,RDCRS_WS_PCTFULL,Landscape Data,NRSA 1819 Landscape,Percent of area with data for Sum of all rdstrcrs values within the upstream watershed (Ws) divided by the area of each Cat and Ws.,LAND,,,,Single metadata definition,landscape,1,1
1819,landscape_RDCRSSLPWTDWS,RDCRSSLPWTDWS,Landscape Data,NRSA 1819 Landscape,Sum of all rdstrcrs values within the upstream watershed (Ws) multiplied by NHDPlusV21 slope and divided by the area of each Cat and Ws.,LAND,,,,Single metadata definition,landscape,1,1
1819,landscape_RDCRSWS,RDCRSWS,Landscape Data,NRSA 1819 Landscape,Sum of all rdstrcrs values within the upstream watershed (Ws) divided by the area of each Cat and Ws.,LAND,,,,Single metadata definition,landscape,1,1
1819,landscape_RDDENS_WS_PCTFULL,RDDENS_WS_PCTFULL,Landscape Data,NRSA 1819 Landscape,Percent of area with data for Mean of all rddens values within the upstream watershed (Ws).,LAND,,,,Single metadata definition,landscape,1,1
1819,landscape_RDDENS_WS_PCTFULLRP100,RDDENS_WS_PCTFULLRP100,Landscape Data,NRSA 1819 Landscape,Percent of area with data for Density of roads (2010 Census Tiger Lines) within watershed and within a 100-m buffer of NHD stream lines (km/square km),LAND,,,,Single metadata definition,landscape,1,1
1819,landscape_RDDENSWS,RDDENSWS,Landscape Data,NRSA 1819 Landscape,Mean of all rddens values within the upstream watershed (Ws).,LAND,,,,Single metadata definition,landscape,1,1
1819,landscape_RDDENSWSRP100,RDDENSWSRP100,Landscape Data,NRSA 1819 Landscape,Density of roads (2010 Census Tiger Lines) within watershed and within a 100-m buffer of NHD stream lines (km/square km),LAND,,,,Single metadata definition,landscape,1,1
1819,landscape_RDH_PT,RDH_PT,Landscape Data,NRSA 1819 Landscape,Site mean of the high values of depth to bedrock (inches) of soils from the State Soil Geographic (STATSGO) Database.,LANDSCAPE,,,,Single metadata definition,landscape,1,1
1819,landscape_RDH_WS_PCTFULL,RDH_WS_PCTFULL,Landscape Data,NRSA 1819 Landscape,Percent of area with data for Site mean of the high values of depth to bedrock (inches) of soils from the State Soil Geographic (STATSGO) Database.,LAND,,,,Single metadata definition,landscape,1,1
1819,landscape_RDHWS,RDHWS,Landscape Data,NRSA 1819 Landscape,Site mean of the high values of depth to bedrock (inches) of soils from the State Soil Geographic (STATSGO) Database.,LAND,,,,Single metadata definition,landscape,1,1
1819,landscape_RHMEAN_PT,RHMEAN_PT,Landscape Data,NRSA 1819 Landscape,"GIS raster calculated as (SUMxi / 12) / 30, where xi = the modeled mean relative humidity (%) for month i (1-12). Values based on 30 years (1961-1990) of PRISM climate estimates. Each value represents a 2 x 2 kilometer cell",LANDSCAPE,,,,Single metadata definition,landscape,1,1
1819,landscape_RHMEAN_WS_PCTFULL,RHMEAN_WS_PCTFULL,Landscape Data,NRSA 1819 Landscape,"Percent of area with data for Watershed average relative humidity (percent), from 2km PRISM, derived from 30 years of record (1961-1990).",LAND,,,,Single metadata definition,landscape,1,1
1819,landscape_RHMEANWS,RHMEANWS,Landscape Data,NRSA 1819 Landscape,"Watershed average relative humidity (percent), from 2km PRISM, derived from 30 years of record (1961-1990).",LAND,,,,Single metadata definition,landscape,1,1
1819,landscape_RPU,RPU,Landscape Data,NRSA 1819 Landscape,"Raster Processing Unit that the site falls in, from NHDPlusV21.",LAND,,,,Single metadata definition,landscape,1,1
1819,landscape_RUNOFF_WS_PCTFULL,RUNOFF_WS_PCTFULL,Landscape Data,NRSA 1819 Landscape,Percent of area with data for Mean of all runoff values within the upstream watershed (Ws).,LAND,,,,Single metadata definition,landscape,1,1
1819,landscape_RUNOFFWS,RUNOFFWS,Landscape Data,NRSA 1819 Landscape,Mean of all runoff values within the upstream watershed (Ws).,LAND,,,,Single metadata definition,landscape,1,1
1819,landscape_S_WS_PCTFULL,S_WS_PCTFULL,Landscape Data,NRSA 1819 Landscape,Percent of area with data for Mean of all S values within the upstream watershed (Ws).,LAND,,,,Single metadata definition,landscape,1,1
1819,landscape_SAND_WS_PCTFULL,SAND_WS_PCTFULL,Landscape Data,NRSA 1819 Landscape,Percent of area with data for Mean of all sand values within the upstream watershed (Ws).,LAND,,,,Single metadata definition,landscape,1,1
1819,landscape_SANDWS,SANDWS,Landscape Data,NRSA 1819 Landscape,Mean of all sand values within the upstream watershed (Ws).,LAND,,,,Single metadata definition,landscape,1,1
1819,landscape_SIO2_WS_PCTFULL,SIO2_WS_PCTFULL,Landscape Data,NRSA 1819 Landscape,Percent of area with data for Mean of all SiO2 values within the upstream watershed (Ws).,LAND,,,,Single metadata definition,landscape,1,1
1819,landscape_SIO2WS,SIO2WS,Landscape Data,NRSA 1819 Landscape,Mean of all SiO2 values within the upstream watershed (Ws).,LAND,,,,Single metadata definition,landscape,1,1
1819,landscape_SITE_ID,SITE_ID,Landscape Data,NRSA 1819 Landscape,"Site ID for the study and year sampled. Preferred form is NRSnn_MM-xxxxx where nn is current cycle year (04, 08, 13, 18, etc), MM is two letter state code, and xxxxx is between 10001 and 99999. No missing or \blank\"" values allowed."" | Unique Site ID assigned for NRSA13-14 | Site ID",DESIGN | LANDSCAPE | VERIF,,,,Multiple protocol-specific labels — see Metadata Detail,landscape,16,3
1819,landscape_SN_2008_WS_PCTFULL,SN_2008_WS_PCTFULL,Landscape Data,NRSA 1819 Landscape,"Percent of area with data for Annual average of preciptiation-weighted mean deposition for average sulfur & nitrogen concentration for year, 2008, within the upstream watershed (Ws).",LAND,,,,Single metadata definition,landscape,1,1
1819,landscape_SN_2008WS,SN_2008WS,Landscape Data,NRSA 1819 Landscape,"Annual average of preciptiation-weighted mean deposition for average sulfur & nitrogen concentration for year, 2008, within the upstream watershed (Ws).",LAND,,,,Single metadata definition,landscape,1,1
1819,landscape_SUPERFUND_WS_PCTFULL,SUPERFUND_WS_PCTFULL,Landscape Data,NRSA 1819 Landscape,Percent of area with data for density of georeferenced Superfund sites (Superfund.shp) within the upstream watershed (Ws).,LAND,,,,Single metadata definition,landscape,1,1
1819,landscape_SUPERFUND_WS_PCTFULLRP100,SUPERFUND_WS_PCTFULLRP100,Landscape Data,NRSA 1819 Landscape,Percent of area with data for density of georeferenced Superfund sites (Superfund.shp) within the upstream watershed (Ws) within a 100-m buffer (Rp100) of the NHD stream lines. Derived as the intersection between RpRp100 and Superfund.shp landscape layers.,LAND,,,,Single metadata definition,landscape,1,1
1819,landscape_SUPERFUNDDENSWS,SUPERFUNDDENSWS,Landscape Data,NRSA 1819 Landscape,Density of georeferenced Superfund sites (Superfund.shp) within the upstream watershed (Ws).,LAND,,,,Single metadata definition,landscape,1,1
1819,landscape_SUPERFUNDDENSWSRP100,SUPERFUNDDENSWSRP100,Landscape Data,NRSA 1819 Landscape,Density of georeferenced Superfund sites (Superfund.shp) within the upstream watershed (Ws) within a 100-m buffer (Rp100) of the NHD stream lines. Derived as the intersection between RpRp100 and Superfund.shp landscape layers.,LAND,,,,Single metadata definition,landscape,1,1
1819,landscape_SWS,SWS,Landscape Data,NRSA 1819 Landscape,Mean of all S values within the upstream watershed (Ws).,LAND,,,,Single metadata definition,landscape,1,1
1819,landscape_TMAX_WS_PCTFULL,TMAX_WS_PCTFULL,Landscape Data,NRSA 1819 Landscape,"Percent of area with data for PRISM climate data - 30-year average annual normal maxmum air temperature (C°):, within the upstream watershed (Ws)",LAND,,,,Single metadata definition,landscape,1,1
1819,landscape_TMAX8110WS,TMAX8110WS,Landscape Data,NRSA 1819 Landscape,"PRISM climate data - 30-year average annual normal maxmum air temperature (C°):, within the upstream watershed (Ws)",LAND,,,,Single metadata definition,landscape,1,1
1819,landscape_TMEAN_PW_2004_PT,TMEAN_PW_2004_PT,Landscape Data,NRSA 1819 Landscape,"GIS raster value at site location calculated as xi / 3, where xi = the modeled mean air temperature (°C) for month i (12) of the previous year and month i (1-2) of the sample year. The modeled monthly mean air temperature (xi) is the average of the minimum and maximum monthly air temperatures (http://www.prism.oregonstate.edu/faq.phtml). This value estimates the average temperature of the winter just prior to when field sampling was done. Each value represents a 2 x 2 kilometer cell",LAND,,,,Single metadata definition,landscape,1,1
1819,landscape_TMEAN_PW_2004_WS_PCTFULL,TMEAN_PW_2004_WS_PCTFULL,Landscape Data,NRSA 1819 Landscape,"Percent of area with data for GIS raster calculated as xi / 3, where xi = the modeled mean air temperature (°C) for month i (12) of the previous year and month i (1-2) of the sample year. The modeled monthly mean air temperature (xi) is the average of the minimum and maximum monthly air temperatures (http://www.prism.oregonstate.edu/faq.phtml). This value estimates the average temperature of the winter just prior to when field sampling was done. Each value represents a 2 x 2 kilometer cell",LAND,,,,Single metadata definition,landscape,1,1
1819,landscape_TMEAN_PW_2004WS,TMEAN_PW_2004WS,Landscape Data,NRSA 1819 Landscape,"GIS raster calculated as xi / 3, where xi = the modeled mean air temperature (°C) for month i (12) of the previous year and month i (1-2) of the sample year. The modeled monthly mean air temperature (xi) is the average of the minimum and maximum monthly air temperatures (http://www.prism.oregonstate.edu/faq.phtml). This value estimates the average temperature of the winter just prior to when field sampling was done. Each value represents a 2 x 2 kilometer cell",LAND,,,,Single metadata definition,landscape,1,1
1819,landscape_TMEAN_PW_2005_PT,TMEAN_PW_2005_PT,Landscape Data,NRSA 1819 Landscape,"GIS raster value at site location calculated as xi / 3, where xi = the modeled mean air temperature (°C) for month i (12) of the previous year and month i (1-2) of the sample year. The modeled monthly mean air temperature (xi) is the average of the minimum and maximum monthly air temperatures (http://www.prism.oregonstate.edu/faq.phtml). This value estimates the average temperature of the winter just prior to when field sampling was done. Each value represents a 2 x 2 kilometer cell",LAND,,,,Single metadata definition,landscape,1,1
1819,landscape_TMEAN_PW_2005_WS_PCTFULL,TMEAN_PW_2005_WS_PCTFULL,Landscape Data,NRSA 1819 Landscape,"Percent of area with data for GIS raster calculated as xi / 3, where xi = the modeled mean air temperature (°C) for month i (12) of the previous year and month i (1-2) of the sample year. The modeled monthly mean air temperature (xi) is the average of the minimum and maximum monthly air temperatures (http://www.prism.oregonstate.edu/faq.phtml). This value estimates the average temperature of the winter just prior to when field sampling was done. Each value represents a 2 x 2 kilometer cell",LAND,,,,Single metadata definition,landscape,1,1
1819,landscape_TMEAN_PW_2005WS,TMEAN_PW_2005WS,Landscape Data,NRSA 1819 Landscape,"GIS raster calculated as xi / 3, where xi = the modeled mean air temperature (°C) for month i (12) of the previous year and month i (1-2) of the sample year. The modeled monthly mean air temperature (xi) is the average of the minimum and maximum monthly air temperatures (http://www.prism.oregonstate.edu/faq.phtml). This value estimates the average temperature of the winter just prior to when field sampling was done. Each value represents a 2 x 2 kilometer cell",LAND,,,,Single metadata definition,landscape,1,1
1819,landscape_TMEAN_PW_2008_PT,TMEAN_PW_2008_PT,Landscape Data,NRSA 1819 Landscape,"GIS raster value at site location calculated as xi / 3, where xi = the modeled mean air temperature (°C) for month i (12) of the previous year and month i (1-2) of the sample year. The modeled monthly mean air temperature (xi) is the average of the minimum and maximum monthly air temperatures (http://www.prism.oregonstate.edu/faq.phtml). This value estimates the average temperature of the winter just prior to when field sampling was done. Each value represents a 2 x 2 kilometer cell",LAND,,,,Single metadata definition,landscape,1,1
1819,landscape_TMEAN_PW_2008_WS_PCTFULL,TMEAN_PW_2008_WS_PCTFULL,Landscape Data,NRSA 1819 Landscape,"Percent of area with data for GIS raster calculated as xi / 3, where xi = the modeled mean air temperature (°C) for month i (12) of the previous year and month i (1-2) of the sample year. The modeled monthly mean air temperature (xi) is the average of the minimum and maximum monthly air temperatures (http://www.prism.oregonstate.edu/faq.phtml). This value estimates the average temperature of the winter just prior to when field sampling was done. Each value represents a 2 x 2 kilometer cell",LAND,,,,Single metadata definition,landscape,1,1
1819,landscape_TMEAN_PW_2008WS,TMEAN_PW_2008WS,Landscape Data,NRSA 1819 Landscape,"GIS raster calculated as xi / 3, where xi = the modeled mean air temperature (°C) for month i (12) of the previous year and month i (1-2) of the sample year. The modeled monthly mean air temperature (xi) is the average of the minimum and maximum monthly air temperatures (http://www.prism.oregonstate.edu/faq.phtml). This value estimates the average temperature of the winter just prior to when field sampling was done. Each value represents a 2 x 2 kilometer cell",LAND,,,,Single metadata definition,landscape,1,1
1819,landscape_TMEAN_PW_2009_PT,TMEAN_PW_2009_PT,Landscape Data,NRSA 1819 Landscape,"GIS raster value at site location calculated as xi / 3, where xi = the modeled mean air temperature (°C) for month i (12) of the previous year and month i (1-2) of the sample year. The modeled monthly mean air temperature (xi) is the average of the minimum and maximum monthly air temperatures (http://www.prism.oregonstate.edu/faq.phtml). This value estimates the average temperature of the winter just prior to when field sampling was done. Each value represents a 2 x 2 kilometer cell",LAND,,,,Single metadata definition,landscape,1,1
1819,landscape_TMEAN_PW_2009_WS_PCTFULL,TMEAN_PW_2009_WS_PCTFULL,Landscape Data,NRSA 1819 Landscape,"Percent of area with data for GIS raster calculated as xi / 3, where xi = the modeled mean air temperature (°C) for month i (12) of the previous year and month i (1-2) of the sample year. The modeled monthly mean air temperature (xi) is the average of the minimum and maximum monthly air temperatures (http://www.prism.oregonstate.edu/faq.phtml). This value estimates the average temperature of the winter just prior to when field sampling was done. Each value represents a 2 x 2 kilometer cell",LAND,,,,Single metadata definition,landscape,1,1
1819,landscape_TMEAN_PW_2009WS,TMEAN_PW_2009WS,Landscape Data,NRSA 1819 Landscape,"GIS raster calculated as xi / 3, where xi = the modeled mean air temperature (°C) for month i (12) of the previous year and month i (1-2) of the sample year. The modeled monthly mean air temperature (xi) is the average of the minimum and maximum monthly air temperatures (http://www.prism.oregonstate.edu/faq.phtml). This value estimates the average temperature of the winter just prior to when field sampling was done. Each value represents a 2 x 2 kilometer cell",LAND,,,,Single metadata definition,landscape,1,1
1819,landscape_TMEAN_PW_2013_PT,TMEAN_PW_2013_PT,Landscape Data,NRSA 1819 Landscape,"GIS raster value at site location calculated as xi / 3, where xi = the modeled mean air temperature (°C) for month i (12) of the previous year and month i (1-2) of the sample year. The modeled monthly mean air temperature (xi) is the average of the minimum and maximum monthly air temperatures (http://www.prism.oregonstate.edu/faq.phtml). This value estimates the average temperature of the winter just prior to when field sampling was done. Each value represents a 2 x 2 kilometer cell",LAND,,,,Single metadata definition,landscape,1,1
1819,landscape_TMEAN_PW_2013_WS_PCTFULL,TMEAN_PW_2013_WS_PCTFULL,Landscape Data,NRSA 1819 Landscape,"Percent of area with data for GIS raster calculated as xi / 3, where xi = the modeled mean air temperature (°C) for month i (12) of the previous year and month i (1-2) of the sample year. The modeled monthly mean air temperature (xi) is the average of the minimum and maximum monthly air temperatures (http://www.prism.oregonstate.edu/faq.phtml). This value estimates the average temperature of the winter just prior to when field sampling was done. Each value represents a 2 x 2 kilometer cell",LAND,,,,Single metadata definition,landscape,1,1
1819,landscape_TMEAN_PW_2013WS,TMEAN_PW_2013WS,Landscape Data,NRSA 1819 Landscape,"GIS raster calculated as xi / 3, where xi = the modeled mean air temperature (°C) for month i (12) of the previous year and month i (1-2) of the sample year. The modeled monthly mean air temperature (xi) is the average of the minimum and maximum monthly air temperatures (http://www.prism.oregonstate.edu/faq.phtml). This value estimates the average temperature of the winter just prior to when field sampling was done. Each value represents a 2 x 2 kilometer cell",LAND,,,,Single metadata definition,landscape,1,1
1819,landscape_TMEAN_PW_2014_PT,TMEAN_PW_2014_PT,Landscape Data,NRSA 1819 Landscape,"GIS raster value at site location calculated as xi / 3, where xi = the modeled mean air temperature (°C) for month i (12) of the previous year and month i (1-2) of the sample year. The modeled monthly mean air temperature (xi) is the average of the minimum and maximum monthly air temperatures (http://www.prism.oregonstate.edu/faq.phtml). This value estimates the average temperature of the winter just prior to when field sampling was done. Each value represents a 2 x 2 kilometer cell",LAND,,,,Single metadata definition,landscape,1,1
1819,landscape_TMEAN_PW_2014_WS_PCTFULL,TMEAN_PW_2014_WS_PCTFULL,Landscape Data,NRSA 1819 Landscape,"Percent of area with data for GIS raster calculated as xi / 3, where xi = the modeled mean air temperature (°C) for month i (12) of the previous year and month i (1-2) of the sample year. The modeled monthly mean air temperature (xi) is the average of the minimum and maximum monthly air temperatures (http://www.prism.oregonstate.edu/faq.phtml). This value estimates the average temperature of the winter just prior to when field sampling was done. Each value represents a 2 x 2 kilometer cell",LAND,,,,Single metadata definition,landscape,1,1
1819,landscape_TMEAN_PW_2014WS,TMEAN_PW_2014WS,Landscape Data,NRSA 1819 Landscape,"GIS raster calculated as xi / 3, where xi = the modeled mean air temperature (°C) for month i (12) of the previous year and month i (1-2) of the sample year. The modeled monthly mean air temperature (xi) is the average of the minimum and maximum monthly air temperatures (http://www.prism.oregonstate.edu/faq.phtml). This value estimates the average temperature of the winter just prior to when field sampling was done. Each value represents a 2 x 2 kilometer cell",LAND,,,,Single metadata definition,landscape,1,1
1819,landscape_TMEAN_PW_2018_PT,TMEAN_PW_2018_PT,Landscape Data,NRSA 1819 Landscape,"GIS raster value at site location calculated as xi / 3, where xi = the modeled mean air temperature (°C) for month i (12) of the previous year and month i (1-2) of the sample year. The modeled monthly mean air temperature (xi) is the average of the minimum and maximum monthly air temperatures (http://www.prism.oregonstate.edu/faq.phtml). This value estimates the average temperature of the winter just prior to when field sampling was done. Each value represents a 2 x 2 kilometer cell",LAND,,,,Single metadata definition,landscape,1,1
1819,landscape_TMEAN_PW_2018_WS_PCTFULL,TMEAN_PW_2018_WS_PCTFULL,Landscape Data,NRSA 1819 Landscape,"Percent of area with data for GIS raster calculated as xi / 3, where xi = the modeled mean air temperature (°C) for month i (12) of the previous year and month i (1-2) of the sample year. The modeled monthly mean air temperature (xi) is the average of the minimum and maximum monthly air temperatures (http://www.prism.oregonstate.edu/faq.phtml). This value estimates the average temperature of the winter just prior to when field sampling was done. Each value represents a 2 x 2 kilometer cell",LAND,,,,Single metadata definition,landscape,1,1
1819,landscape_TMEAN_PW_2018WS,TMEAN_PW_2018WS,Landscape Data,NRSA 1819 Landscape,"GIS raster calculated as xi / 3, where xi = the modeled mean air temperature (°C) for month i (12) of the previous year and month i (1-2) of the sample year. The modeled monthly mean air temperature (xi) is the average of the minimum and maximum monthly air temperatures (http://www.prism.oregonstate.edu/faq.phtml). This value estimates the average temperature of the winter just prior to when field sampling was done. Each value represents a 2 x 2 kilometer cell",LAND,,,,Single metadata definition,landscape,1,1
1819,landscape_TMEAN_PW_2019_PT,TMEAN_PW_2019_PT,Landscape Data,NRSA 1819 Landscape,"GIS raster value at site location calculated as xi / 3, where xi = the modeled mean air temperature (°C) for month i (12) of the previous year and month i (1-2) of the sample year. The modeled monthly mean air temperature (xi) is the average of the minimum and maximum monthly air temperatures (http://www.prism.oregonstate.edu/faq.phtml). This value estimates the average temperature of the winter just prior to when field sampling was done. Each value represents a 2 x 2 kilometer cell",LAND,,,,Single metadata definition,landscape,1,1
1819,landscape_TMEAN_PW_2019_WS_PCTFULL,TMEAN_PW_2019_WS_PCTFULL,Landscape Data,NRSA 1819 Landscape,"Percent of area with data for GIS raster calculated as xi / 3, where xi = the modeled mean air temperature (°C) for month i (12) of the previous year and month i (1-2) of the sample year. The modeled monthly mean air temperature (xi) is the average of the minimum and maximum monthly air temperatures (http://www.prism.oregonstate.edu/faq.phtml). This value estimates the average temperature of the winter just prior to when field sampling was done. Each value represents a 2 x 2 kilometer cell",LAND,,,,Single metadata definition,landscape,1,1
1819,landscape_TMEAN_PW_2019WS,TMEAN_PW_2019WS,Landscape Data,NRSA 1819 Landscape,"GIS raster calculated as xi / 3, where xi = the modeled mean air temperature (°C) for month i (12) of the previous year and month i (1-2) of the sample year. The modeled monthly mean air temperature (xi) is the average of the minimum and maximum monthly air temperatures (http://www.prism.oregonstate.edu/faq.phtml). This value estimates the average temperature of the winter just prior to when field sampling was done. Each value represents a 2 x 2 kilometer cell",LAND,,,,Single metadata definition,landscape,1,1
1819,landscape_TMEAN_S_2004_PT,TMEAN_S_2004_PT,Landscape Data,NRSA 1819 Landscape,"GIS raster value at site location calculated as xi / 4, where xi = the modeled mean air temperature (°C) for month i (6-9) of the sample year. The modeled monthly mean air temperature (xi) is the average of the minimum and maximum monthly air temperatures (http://www.prism.oregonstate.edu/faq.phtml). This value estimates the average temperature of the specific summer that field sampling was done. Each value represents a 2 x 2 kilometer cell",LAND,,,,Single metadata definition,landscape,1,1
1819,landscape_TMEAN_S_2004_WS_PCTFULL,TMEAN_S_2004_WS_PCTFULL,Landscape Data,NRSA 1819 Landscape,"Percent of area with data for GIS raster calculated as xi / 4, where xi = the modeled mean air temperature (°C) for month i (6-9) of the sample year. The modeled monthly mean air temperature (xi) is the average of the minimum and maximum monthly air temperatures (http://www.prism.oregonstate.edu/faq.phtml). This value estimates the average temperature of the specific summer that field sampling was done. Each value represents a 2 x 2 kilometer cell",LAND,,,,Single metadata definition,landscape,1,1
1819,landscape_TMEAN_S_2004WS,TMEAN_S_2004WS,Landscape Data,NRSA 1819 Landscape,"GIS raster calculated as xi / 4, where xi = the modeled mean air temperature (°C) for month i (6-9) of the sample year. The modeled monthly mean air temperature (xi) is the average of the minimum and maximum monthly air temperatures (http://www.prism.oregonstate.edu/faq.phtml). This value estimates the average temperature of the specific summer that field sampling was done. Each value represents a 2 x 2 kilometer cell",LAND,,,,Single metadata definition,landscape,1,1
1819,landscape_TMEAN_S_2005_PT,TMEAN_S_2005_PT,Landscape Data,NRSA 1819 Landscape,"GIS raster value at site location calculated as xi / 4, where xi = the modeled mean air temperature (°C) for month i (6-9) of the sample year. The modeled monthly mean air temperature (xi) is the average of the minimum and maximum monthly air temperatures (http://www.prism.oregonstate.edu/faq.phtml). This value estimates the average temperature of the specific summer that field sampling was done. Each value represents a 2 x 2 kilometer cell",LAND,,,,Single metadata definition,landscape,1,1
1819,landscape_TMEAN_S_2005_WS_PCTFULL,TMEAN_S_2005_WS_PCTFULL,Landscape Data,NRSA 1819 Landscape,"Percent of area with data for GIS raster calculated as xi / 4, where xi = the modeled mean air temperature (°C) for month i (6-9) of the sample year. The modeled monthly mean air temperature (xi) is the average of the minimum and maximum monthly air temperatures (http://www.prism.oregonstate.edu/faq.phtml). This value estimates the average temperature of the specific summer that field sampling was done. Each value represents a 2 x 2 kilometer cell",LAND,,,,Single metadata definition,landscape,1,1
1819,landscape_TMEAN_S_2005WS,TMEAN_S_2005WS,Landscape Data,NRSA 1819 Landscape,"GIS raster calculated as xi / 4, where xi = the modeled mean air temperature (°C) for month i (6-9) of the sample year. The modeled monthly mean air temperature (xi) is the average of the minimum and maximum monthly air temperatures (http://www.prism.oregonstate.edu/faq.phtml). This value estimates the average temperature of the specific summer that field sampling was done. Each value represents a 2 x 2 kilometer cell",LAND,,,,Single metadata definition,landscape,1,1
1819,landscape_TMEAN_S_2008_PT,TMEAN_S_2008_PT,Landscape Data,NRSA 1819 Landscape,"GIS raster value at site location calculated as xi / 4, where xi = the modeled mean air temperature (°C) for month i (6-9) of the sample year. The modeled monthly mean air temperature (xi) is the average of the minimum and maximum monthly air temperatures (http://www.prism.oregonstate.edu/faq.phtml). This value estimates the average temperature of the specific summer that field sampling was done. Each value represents a 2 x 2 kilometer cell",LAND,,,,Single metadata definition,landscape,1,1
1819,landscape_TMEAN_S_2008_WS_PCTFULL,TMEAN_S_2008_WS_PCTFULL,Landscape Data,NRSA 1819 Landscape,"Percent of area with data for GIS raster calculated as xi / 4, where xi = the modeled mean air temperature (°C) for month i (6-9) of the sample year. The modeled monthly mean air temperature (xi) is the average of the minimum and maximum monthly air temperatures (http://www.prism.oregonstate.edu/faq.phtml). This value estimates the average temperature of the specific summer that field sampling was done. Each value represents a 2 x 2 kilometer cell",LAND,,,,Single metadata definition,landscape,1,1
1819,landscape_TMEAN_S_2008WS,TMEAN_S_2008WS,Landscape Data,NRSA 1819 Landscape,"GIS raster calculated as xi / 4, where xi = the modeled mean air temperature (°C) for month i (6-9) of the sample year. The modeled monthly mean air temperature (xi) is the average of the minimum and maximum monthly air temperatures (http://www.prism.oregonstate.edu/faq.phtml). This value estimates the average temperature of the specific summer that field sampling was done. Each value represents a 2 x 2 kilometer cell",LAND,,,,Single metadata definition,landscape,1,1
1819,landscape_TMEAN_S_2009_PT,TMEAN_S_2009_PT,Landscape Data,NRSA 1819 Landscape,"GIS raster value at site location calculated as xi / 4, where xi = the modeled mean air temperature (°C) for month i (6-9) of the sample year. The modeled monthly mean air temperature (xi) is the average of the minimum and maximum monthly air temperatures (http://www.prism.oregonstate.edu/faq.phtml). This value estimates the average temperature of the specific summer that field sampling was done. Each value represents a 2 x 2 kilometer cell",LAND,,,,Single metadata definition,landscape,1,1
1819,landscape_TMEAN_S_2009_WS_PCTFULL,TMEAN_S_2009_WS_PCTFULL,Landscape Data,NRSA 1819 Landscape,"Percent of area with data for GIS raster calculated as xi / 4, where xi = the modeled mean air temperature (°C) for month i (6-9) of the sample year. The modeled monthly mean air temperature (xi) is the average of the minimum and maximum monthly air temperatures (http://www.prism.oregonstate.edu/faq.phtml). This value estimates the average temperature of the specific summer that field sampling was done. Each value represents a 2 x 2 kilometer cell",LAND,,,,Single metadata definition,landscape,1,1
1819,landscape_TMEAN_S_2009WS,TMEAN_S_2009WS,Landscape Data,NRSA 1819 Landscape,"GIS raster calculated as xi / 4, where xi = the modeled mean air temperature (°C) for month i (6-9) of the sample year. The modeled monthly mean air temperature (xi) is the average of the minimum and maximum monthly air temperatures (http://www.prism.oregonstate.edu/faq.phtml). This value estimates the average temperature of the specific summer that field sampling was done. Each value represents a 2 x 2 kilometer cell",LAND,,,,Single metadata definition,landscape,1,1
1819,landscape_TMEAN_S_2013_PT,TMEAN_S_2013_PT,Landscape Data,NRSA 1819 Landscape,"GIS raster value at site location calculated as xi / 4, where xi = the modeled mean air temperature (°C) for month i (6-9) of the sample year. The modeled monthly mean air temperature (xi) is the average of the minimum and maximum monthly air temperatures (http://www.prism.oregonstate.edu/faq.phtml). This value estimates the average temperature of the specific summer that field sampling was done. Each value represents a 2 x 2 kilometer cell",LAND,,,,Single metadata definition,landscape,1,1
1819,landscape_TMEAN_S_2013_WS_PCTFULL,TMEAN_S_2013_WS_PCTFULL,Landscape Data,NRSA 1819 Landscape,"Percent of area with data for GIS raster calculated as xi / 4, where xi = the modeled mean air temperature (°C) for month i (6-9) of the sample year. The modeled monthly mean air temperature (xi) is the average of the minimum and maximum monthly air temperatures (http://www.prism.oregonstate.edu/faq.phtml). This value estimates the average temperature of the specific summer that field sampling was done. Each value represents a 2 x 2 kilometer cell",LAND,,,,Single metadata definition,landscape,1,1
1819,landscape_TMEAN_S_2013WS,TMEAN_S_2013WS,Landscape Data,NRSA 1819 Landscape,"GIS raster calculated as xi / 4, where xi = the modeled mean air temperature (°C) for month i (6-9) of the sample year. The modeled monthly mean air temperature (xi) is the average of the minimum and maximum monthly air temperatures (http://www.prism.oregonstate.edu/faq.phtml). This value estimates the average temperature of the specific summer that field sampling was done. Each value represents a 2 x 2 kilometer cell",LAND,,,,Single metadata definition,landscape,1,1
1819,landscape_TMEAN_S_2014_PT,TMEAN_S_2014_PT,Landscape Data,NRSA 1819 Landscape,"GIS raster value at site location calculated as xi / 4, where xi = the modeled mean air temperature (°C) for month i (6-9) of the sample year. The modeled monthly mean air temperature (xi) is the average of the minimum and maximum monthly air temperatures (http://www.prism.oregonstate.edu/faq.phtml). This value estimates the average temperature of the specific summer that field sampling was done. Each value represents a 2 x 2 kilometer cell",LAND,,,,Single metadata definition,landscape,1,1
1819,landscape_TMEAN_S_2014_WS_PCTFULL,TMEAN_S_2014_WS_PCTFULL,Landscape Data,NRSA 1819 Landscape,"Percent of area with data for GIS raster calculated as xi / 4, where xi = the modeled mean air temperature (°C) for month i (6-9) of the sample year. The modeled monthly mean air temperature (xi) is the average of the minimum and maximum monthly air temperatures (http://www.prism.oregonstate.edu/faq.phtml). This value estimates the average temperature of the specific summer that field sampling was done. Each value represents a 2 x 2 kilometer cell",LAND,,,,Single metadata definition,landscape,1,1
1819,landscape_TMEAN_S_2014WS,TMEAN_S_2014WS,Landscape Data,NRSA 1819 Landscape,"GIS raster calculated as xi / 4, where xi = the modeled mean air temperature (°C) for month i (6-9) of the sample year. The modeled monthly mean air temperature (xi) is the average of the minimum and maximum monthly air temperatures (http://www.prism.oregonstate.edu/faq.phtml). This value estimates the average temperature of the specific summer that field sampling was done. Each value represents a 2 x 2 kilometer cell",LAND,,,,Single metadata definition,landscape,1,1
1819,landscape_TMEAN_S_2018_PT,TMEAN_S_2018_PT,Landscape Data,NRSA 1819 Landscape,"GIS raster value at site location calculated as xi / 4, where xi = the modeled mean air temperature (°C) for month i (6-9) of the sample year. The modeled monthly mean air temperature (xi) is the average of the minimum and maximum monthly air temperatures (http://www.prism.oregonstate.edu/faq.phtml). This value estimates the average temperature of the specific summer that field sampling was done. Each value represents a 2 x 2 kilometer cell",LAND,,,,Single metadata definition,landscape,1,1
1819,landscape_TMEAN_S_2018_WS_PCTFULL,TMEAN_S_2018_WS_PCTFULL,Landscape Data,NRSA 1819 Landscape,"Percent of area with data for GIS raster calculated as xi / 4, where xi = the modeled mean air temperature (°C) for month i (6-9) of the sample year. The modeled monthly mean air temperature (xi) is the average of the minimum and maximum monthly air temperatures (http://www.prism.oregonstate.edu/faq.phtml). This value estimates the average temperature of the specific summer that field sampling was done. Each value represents a 2 x 2 kilometer cell",LAND,,,,Single metadata definition,landscape,1,1
1819,landscape_TMEAN_S_2018WS,TMEAN_S_2018WS,Landscape Data,NRSA 1819 Landscape,"GIS raster calculated as xi / 4, where xi = the modeled mean air temperature (°C) for month i (6-9) of the sample year. The modeled monthly mean air temperature (xi) is the average of the minimum and maximum monthly air temperatures (http://www.prism.oregonstate.edu/faq.phtml). This value estimates the average temperature of the specific summer that field sampling was done. Each value represents a 2 x 2 kilometer cell",LAND,,,,Single metadata definition,landscape,1,1
1819,landscape_TMEAN_S_2019_PT,TMEAN_S_2019_PT,Landscape Data,NRSA 1819 Landscape,"GIS raster value at site location calculated as xi / 4, where xi = the modeled mean air temperature (°C) for month i (6-9) of the sample year. The modeled monthly mean air temperature (xi) is the average of the minimum and maximum monthly air temperatures (http://www.prism.oregonstate.edu/faq.phtml). This value estimates the average temperature of the specific summer that field sampling was done. Each value represents a 2 x 2 kilometer cell",LAND,,,,Single metadata definition,landscape,1,1
1819,landscape_TMEAN_S_2019_WS_PCTFULL,TMEAN_S_2019_WS_PCTFULL,Landscape Data,NRSA 1819 Landscape,"Percent of area with data for GIS raster calculated as xi / 4, where xi = the modeled mean air temperature (°C) for month i (6-9) of the sample year. The modeled monthly mean air temperature (xi) is the average of the minimum and maximum monthly air temperatures (http://www.prism.oregonstate.edu/faq.phtml). This value estimates the average temperature of the specific summer that field sampling was done. Each value represents a 2 x 2 kilometer cell",LAND,,,,Single metadata definition,landscape,1,1
1819,landscape_TMEAN_S_2019WS,TMEAN_S_2019WS,Landscape Data,NRSA 1819 Landscape,"GIS raster calculated as xi / 4, where xi = the modeled mean air temperature (°C) for month i (6-9) of the sample year. The modeled monthly mean air temperature (xi) is the average of the minimum and maximum monthly air temperatures (http://www.prism.oregonstate.edu/faq.phtml). This value estimates the average temperature of the specific summer that field sampling was done. Each value represents a 2 x 2 kilometer cell",LAND,,,,Single metadata definition,landscape,1,1
1819,landscape_TMEAN_SY_2004_PT,TMEAN_SY_2004_PT,Landscape Data,NRSA 1819 Landscape,"GIS raster value at site location calculated as xi / 12, where xi = the modeled mean air temperature (°C) for month i (1-12) of the sample year. The modeled monthly mean air temperature (xi) is the average of the minimum and maximum monthly air temperatures (http://www.prism.oregonstate.edu/faq.phtml). This value estimates the average temperature of the specific year that field sampling was done.",LAND,,,,Single metadata definition,landscape,1,1
1819,landscape_TMEAN_SY_2004_WS_PCTFULL,TMEAN_SY_2004_WS_PCTFULL,Landscape Data,NRSA 1819 Landscape,"Percent of area with data for GIS raster calculated as xi / 12, where xi = the modeled mean air temperature (°C) for month i (1-12) of the sample year. The modeled monthly mean air temperature (xi) is the average of the minimum and maximum monthly air temperatures (http://www.prism.oregonstate.edu/faq.phtml). This value estimates the average temperature of the specific year that field sampling was done. Each value represents a 2 x 2 kilometer cell",LAND,,,,Single metadata definition,landscape,1,1
1819,landscape_TMEAN_SY_2004WS,TMEAN_SY_2004WS,Landscape Data,NRSA 1819 Landscape,"GIS raster calculated as xi / 12, where xi = the modeled mean air temperature (°C) for month i (1-12) of the sample year. The modeled monthly mean air temperature (xi) is the average of the minimum and maximum monthly air temperatures (http://www.prism.oregonstate.edu/faq.phtml). This value estimates the average temperature of the specific year that field sampling was done. Each value represents a 2 x 2 kilometer cell",LAND,,,,Single metadata definition,landscape,1,1
1819,landscape_TMEAN_SY_2005_PT,TMEAN_SY_2005_PT,Landscape Data,NRSA 1819 Landscape,"GIS raster value at site location calculated as xi / 12, where xi = the modeled mean air temperature (°C) for month i (1-12) of the sample year. The modeled monthly mean air temperature (xi) is the average of the minimum and maximum monthly air temperatures (http://www.prism.oregonstate.edu/faq.phtml). This value estimates the average temperature of the specific year that field sampling was done.",LAND,,,,Single metadata definition,landscape,1,1
1819,landscape_TMEAN_SY_2005_WS_PCTFULL,TMEAN_SY_2005_WS_PCTFULL,Landscape Data,NRSA 1819 Landscape,"Percent of area with data for GIS raster calculated as xi / 12, where xi = the modeled mean air temperature (°C) for month i (1-12) of the sample year. The modeled monthly mean air temperature (xi) is the average of the minimum and maximum monthly air temperatures (http://www.prism.oregonstate.edu/faq.phtml). This value estimates the average temperature of the specific year that field sampling was done. Each value represents a 2 x 2 kilometer cell",LAND,,,,Single metadata definition,landscape,1,1
1819,landscape_TMEAN_SY_2005WS,TMEAN_SY_2005WS,Landscape Data,NRSA 1819 Landscape,"GIS raster calculated as xi / 12, where xi = the modeled mean air temperature (°C) for month i (1-12) of the sample year. The modeled monthly mean air temperature (xi) is the average of the minimum and maximum monthly air temperatures (http://www.prism.oregonstate.edu/faq.phtml). This value estimates the average temperature of the specific year that field sampling was done. Each value represents a 2 x 2 kilometer cell",LAND,,,,Single metadata definition,landscape,1,1
1819,landscape_TMEAN_SY_2008_PT,TMEAN_SY_2008_PT,Landscape Data,NRSA 1819 Landscape,"GIS raster value at site location calculated as xi / 12, where xi = the modeled mean air temperature (°C) for month i (1-12) of the sample year. The modeled monthly mean air temperature (xi) is the average of the minimum and maximum monthly air temperatures (http://www.prism.oregonstate.edu/faq.phtml). This value estimates the average temperature of the specific year that field sampling was done.",LAND,,,,Single metadata definition,landscape,1,1
1819,landscape_TMEAN_SY_2008_WS_PCTFULL,TMEAN_SY_2008_WS_PCTFULL,Landscape Data,NRSA 1819 Landscape,"Percent of area with data for GIS raster calculated as xi / 12, where xi = the modeled mean air temperature (°C) for month i (1-12) of the sample year. The modeled monthly mean air temperature (xi) is the average of the minimum and maximum monthly air temperatures (http://www.prism.oregonstate.edu/faq.phtml). This value estimates the average temperature of the specific year that field sampling was done. Each value represents a 2 x 2 kilometer cell",LAND,,,,Single metadata definition,landscape,1,1
1819,landscape_TMEAN_SY_2008WS,TMEAN_SY_2008WS,Landscape Data,NRSA 1819 Landscape,"GIS raster calculated as xi / 12, where xi = the modeled mean air temperature (°C) for month i (1-12) of the sample year. The modeled monthly mean air temperature (xi) is the average of the minimum and maximum monthly air temperatures (http://www.prism.oregonstate.edu/faq.phtml). This value estimates the average temperature of the specific year that field sampling was done. Each value represents a 2 x 2 kilometer cell",LAND,,,,Single metadata definition,landscape,1,1
1819,landscape_TMEAN_SY_2009_PT,TMEAN_SY_2009_PT,Landscape Data,NRSA 1819 Landscape,"GIS raster value at site location calculated as xi / 12, where xi = the modeled mean air temperature (°C) for month i (1-12) of the sample year. The modeled monthly mean air temperature (xi) is the average of the minimum and maximum monthly air temperatures (http://www.prism.oregonstate.edu/faq.phtml). This value estimates the average temperature of the specific year that field sampling was done.",LAND,,,,Single metadata definition,landscape,1,1
1819,landscape_TMEAN_SY_2009_WS_PCTFULL,TMEAN_SY_2009_WS_PCTFULL,Landscape Data,NRSA 1819 Landscape,"Percent of area with data for GIS raster calculated as xi / 12, where xi = the modeled mean air temperature (°C) for month i (1-12) of the sample year. The modeled monthly mean air temperature (xi) is the average of the minimum and maximum monthly air temperatures (http://www.prism.oregonstate.edu/faq.phtml). This value estimates the average temperature of the specific year that field sampling was done. Each value represents a 2 x 2 kilometer cell",LAND,,,,Single metadata definition,landscape,1,1
1819,landscape_TMEAN_SY_2009WS,TMEAN_SY_2009WS,Landscape Data,NRSA 1819 Landscape,"GIS raster calculated as xi / 12, where xi = the modeled mean air temperature (°C) for month i (1-12) of the sample year. The modeled monthly mean air temperature (xi) is the average of the minimum and maximum monthly air temperatures (http://www.prism.oregonstate.edu/faq.phtml). This value estimates the average temperature of the specific year that field sampling was done. Each value represents a 2 x 2 kilometer cell",LAND,,,,Single metadata definition,landscape,1,1
1819,landscape_TMEAN_SY_2013_PT,TMEAN_SY_2013_PT,Landscape Data,NRSA 1819 Landscape,"GIS raster value at site location calculated as xi / 12, where xi = the modeled mean air temperature (°C) for month i (1-12) of the sample year. The modeled monthly mean air temperature (xi) is the average of the minimum and maximum monthly air temperatures (http://www.prism.oregonstate.edu/faq.phtml). This value estimates the average temperature of the specific year that field sampling was done.",LAND,,,,Single metadata definition,landscape,1,1
1819,landscape_TMEAN_SY_2013_WS_PCTFULL,TMEAN_SY_2013_WS_PCTFULL,Landscape Data,NRSA 1819 Landscape,"Percent of area with data for GIS raster calculated as xi / 12, where xi = the modeled mean air temperature (°C) for month i (1-12) of the sample year. The modeled monthly mean air temperature (xi) is the average of the minimum and maximum monthly air temperatures (http://www.prism.oregonstate.edu/faq.phtml). This value estimates the average temperature of the specific year that field sampling was done. Each value represents a 2 x 2 kilometer cell",LAND,,,,Single metadata definition,landscape,1,1
1819,landscape_TMEAN_SY_2013WS,TMEAN_SY_2013WS,Landscape Data,NRSA 1819 Landscape,"GIS raster calculated as xi / 12, where xi = the modeled mean air temperature (°C) for month i (1-12) of the sample year. The modeled monthly mean air temperature (xi) is the average of the minimum and maximum monthly air temperatures (http://www.prism.oregonstate.edu/faq.phtml). This value estimates the average temperature of the specific year that field sampling was done. Each value represents a 2 x 2 kilometer cell",LAND,,,,Single metadata definition,landscape,1,1
1819,landscape_TMEAN_SY_2014_PT,TMEAN_SY_2014_PT,Landscape Data,NRSA 1819 Landscape,"GIS raster value at site location calculated as xi / 12, where xi = the modeled mean air temperature (°C) for month i (1-12) of the sample year. The modeled monthly mean air temperature (xi) is the average of the minimum and maximum monthly air temperatures (http://www.prism.oregonstate.edu/faq.phtml). This value estimates the average temperature of the specific year that field sampling was done.",LAND,,,,Single metadata definition,landscape,1,1
1819,landscape_TMEAN_SY_2014_WS_PCTFULL,TMEAN_SY_2014_WS_PCTFULL,Landscape Data,NRSA 1819 Landscape,"Percent of area with data for GIS raster calculated as xi / 12, where xi = the modeled mean air temperature (°C) for month i (1-12) of the sample year. The modeled monthly mean air temperature (xi) is the average of the minimum and maximum monthly air temperatures (http://www.prism.oregonstate.edu/faq.phtml). This value estimates the average temperature of the specific year that field sampling was done. Each value represents a 2 x 2 kilometer cell",LAND,,,,Single metadata definition,landscape,1,1
1819,landscape_TMEAN_SY_2014WS,TMEAN_SY_2014WS,Landscape Data,NRSA 1819 Landscape,"GIS raster calculated as xi / 12, where xi = the modeled mean air temperature (°C) for month i (1-12) of the sample year. The modeled monthly mean air temperature (xi) is the average of the minimum and maximum monthly air temperatures (http://www.prism.oregonstate.edu/faq.phtml). This value estimates the average temperature of the specific year that field sampling was done. Each value represents a 2 x 2 kilometer cell",LAND,,,,Single metadata definition,landscape,1,1
1819,landscape_TMEAN_SY_2018_PT,TMEAN_SY_2018_PT,Landscape Data,NRSA 1819 Landscape,"GIS raster value at site location calculated as xi / 12, where xi = the modeled mean air temperature (°C) for month i (1-12) of the sample year. The modeled monthly mean air temperature (xi) is the average of the minimum and maximum monthly air temperatures (http://www.prism.oregonstate.edu/faq.phtml). This value estimates the average temperature of the specific year that field sampling was done.",LAND,,,,Single metadata definition,landscape,1,1
1819,landscape_TMEAN_SY_2018_WS_PCTFULL,TMEAN_SY_2018_WS_PCTFULL,Landscape Data,NRSA 1819 Landscape,"Percent of area with data for GIS raster calculated as xi / 12, where xi = the modeled mean air temperature (°C) for month i (1-12) of the sample year. The modeled monthly mean air temperature (xi) is the average of the minimum and maximum monthly air temperatures (http://www.prism.oregonstate.edu/faq.phtml). This value estimates the average temperature of the specific year that field sampling was done. Each value represents a 2 x 2 kilometer cell",LAND,,,,Single metadata definition,landscape,1,1
1819,landscape_TMEAN_SY_2018WS,TMEAN_SY_2018WS,Landscape Data,NRSA 1819 Landscape,"GIS raster calculated as xi / 12, where xi = the modeled mean air temperature (°C) for month i (1-12) of the sample year. The modeled monthly mean air temperature (xi) is the average of the minimum and maximum monthly air temperatures (http://www.prism.oregonstate.edu/faq.phtml). This value estimates the average temperature of the specific year that field sampling was done. Each value represents a 2 x 2 kilometer cell",LAND,,,,Single metadata definition,landscape,1,1
1819,landscape_TMEAN_SY_2019_PT,TMEAN_SY_2019_PT,Landscape Data,NRSA 1819 Landscape,"GIS raster value at site location calculated as xi / 12, where xi = the modeled mean air temperature (°C) for month i (1-12) of the sample year. The modeled monthly mean air temperature (xi) is the average of the minimum and maximum monthly air temperatures (http://www.prism.oregonstate.edu/faq.phtml). This value estimates the average temperature of the specific year that field sampling was done.",LAND,,,,Single metadata definition,landscape,1,1
1819,landscape_TMEAN_SY_2019_WS_PCTFULL,TMEAN_SY_2019_WS_PCTFULL,Landscape Data,NRSA 1819 Landscape,"Percent of area with data for GIS raster calculated as xi / 12, where xi = the modeled mean air temperature (°C) for month i (1-12) of the sample year. The modeled monthly mean air temperature (xi) is the average of the minimum and maximum monthly air temperatures (http://www.prism.oregonstate.edu/faq.phtml). This value estimates the average temperature of the specific year that field sampling was done. Each value represents a 2 x 2 kilometer cell",LAND,,,,Single metadata definition,landscape,1,1
1819,landscape_TMEAN_SY_2019WS,TMEAN_SY_2019WS,Landscape Data,NRSA 1819 Landscape,"GIS raster calculated as xi / 12, where xi = the modeled mean air temperature (°C) for month i (1-12) of the sample year. The modeled monthly mean air temperature (xi) is the average of the minimum and maximum monthly air temperatures (http://www.prism.oregonstate.edu/faq.phtml). This value estimates the average temperature of the specific year that field sampling was done. Each value represents a 2 x 2 kilometer cell",LAND,,,,Single metadata definition,landscape,1,1
1819,landscape_TMEAN_W_2004_PT,TMEAN_W_2004_PT,Landscape Data,NRSA 1819 Landscape,"GIS raster value at site location calculated as xi / 4, where xi = the modeled mean air temperature (°C) for month i (1-2) of the sample year. The modeled monthly mean air temperature (xi) is the average of the minimum and maximum monthly air temperatures (http://www.prism.oregonstate.edu/faq.phtml). This value estimates the average temperature of the specific summer that field sampling was done. Each value represents a 2 x 2 kilometer cell",LAND,,,,Single metadata definition,landscape,1,1
1819,landscape_TMEAN_W_2004_WS_PCTFULL,TMEAN_W_2004_WS_PCTFULL,Landscape Data,NRSA 1819 Landscape,"Percent of area with data for GIS raster calculated as xi / 4, where xi = the modeled mean air temperature (°C) for month i (1-2) of the sample year. The modeled monthly mean air temperature (xi) is the average of the minimum and maximum monthly air temperatures (http://www.prism.oregonstate.edu/faq.phtml). This value estimates the average temperature of the specific summer that field sampling was done. Each value represents a 2 x 2 kilometer cell",LAND,,,,Single metadata definition,landscape,1,1
1819,landscape_TMEAN_W_2004WS,TMEAN_W_2004WS,Landscape Data,NRSA 1819 Landscape,"GIS raster calculated as xi / 4, where xi = the modeled mean air temperature (°C) for month i (1-2) of the sample year. The modeled monthly mean air temperature (xi) is the average of the minimum and maximum monthly air temperatures (http://www.prism.oregonstate.edu/faq.phtml). This value estimates the average temperature of the specific summer that field sampling was done. Each value represents a 2 x 2 kilometer cell",LAND,,,,Single metadata definition,landscape,1,1
1819,landscape_TMEAN_W_2005_PT,TMEAN_W_2005_PT,Landscape Data,NRSA 1819 Landscape,"GIS raster value at site location calculated as xi / 4, where xi = the modeled mean air temperature (°C) for month i (1-2) of the sample year. The modeled monthly mean air temperature (xi) is the average of the minimum and maximum monthly air temperatures (http://www.prism.oregonstate.edu/faq.phtml). This value estimates the average temperature of the specific summer that field sampling was done. Each value represents a 2 x 2 kilometer cell",LAND,,,,Single metadata definition,landscape,1,1
1819,landscape_TMEAN_W_2005_WS_PCTFULL,TMEAN_W_2005_WS_PCTFULL,Landscape Data,NRSA 1819 Landscape,"Percent of area with data for GIS raster calculated as xi / 4, where xi = the modeled mean air temperature (°C) for month i (1-2) of the sample year. The modeled monthly mean air temperature (xi) is the average of the minimum and maximum monthly air temperatures (http://www.prism.oregonstate.edu/faq.phtml). This value estimates the average temperature of the specific summer that field sampling was done. Each value represents a 2 x 2 kilometer cell",LAND,,,,Single metadata definition,landscape,1,1
1819,landscape_TMEAN_W_2005WS,TMEAN_W_2005WS,Landscape Data,NRSA 1819 Landscape,"GIS raster calculated as xi / 4, where xi = the modeled mean air temperature (°C) for month i (1-2) of the sample year. The modeled monthly mean air temperature (xi) is the average of the minimum and maximum monthly air temperatures (http://www.prism.oregonstate.edu/faq.phtml). This value estimates the average temperature of the specific summer that field sampling was done. Each value represents a 2 x 2 kilometer cell",LAND,,,,Single metadata definition,landscape,1,1
1819,landscape_TMEAN_W_2008_PT,TMEAN_W_2008_PT,Landscape Data,NRSA 1819 Landscape,"GIS raster value at site location calculated as xi / 4, where xi = the modeled mean air temperature (°C) for month i (1-2) of the sample year. The modeled monthly mean air temperature (xi) is the average of the minimum and maximum monthly air temperatures (http://www.prism.oregonstate.edu/faq.phtml). This value estimates the average temperature of the specific summer that field sampling was done. Each value represents a 2 x 2 kilometer cell",LAND,,,,Single metadata definition,landscape,1,1
1819,landscape_TMEAN_W_2008_WS_PCTFULL,TMEAN_W_2008_WS_PCTFULL,Landscape Data,NRSA 1819 Landscape,"Percent of area with data for GIS raster calculated as xi / 4, where xi = the modeled mean air temperature (°C) for month i (1-2) of the sample year. The modeled monthly mean air temperature (xi) is the average of the minimum and maximum monthly air temperatures (http://www.prism.oregonstate.edu/faq.phtml). This value estimates the average temperature of the specific summer that field sampling was done. Each value represents a 2 x 2 kilometer cell",LAND,,,,Single metadata definition,landscape,1,1
1819,landscape_TMEAN_W_2008WS,TMEAN_W_2008WS,Landscape Data,NRSA 1819 Landscape,"GIS raster calculated as xi / 4, where xi = the modeled mean air temperature (°C) for month i (1-2) of the sample year. The modeled monthly mean air temperature (xi) is the average of the minimum and maximum monthly air temperatures (http://www.prism.oregonstate.edu/faq.phtml). This value estimates the average temperature of the specific summer that field sampling was done. Each value represents a 2 x 2 kilometer cell",LAND,,,,Single metadata definition,landscape,1,1
1819,landscape_TMEAN_W_2009_PT,TMEAN_W_2009_PT,Landscape Data,NRSA 1819 Landscape,"GIS raster value at site location calculated as xi / 4, where xi = the modeled mean air temperature (°C) for month i (1-2) of the sample year. The modeled monthly mean air temperature (xi) is the average of the minimum and maximum monthly air temperatures (http://www.prism.oregonstate.edu/faq.phtml). This value estimates the average temperature of the specific summer that field sampling was done. Each value represents a 2 x 2 kilometer cell",LAND,,,,Single metadata definition,landscape,1,1
1819,landscape_TMEAN_W_2009_WS_PCTFULL,TMEAN_W_2009_WS_PCTFULL,Landscape Data,NRSA 1819 Landscape,"Percent of area with data for GIS raster calculated as xi / 4, where xi = the modeled mean air temperature (°C) for month i (1-2) of the sample year. The modeled monthly mean air temperature (xi) is the average of the minimum and maximum monthly air temperatures (http://www.prism.oregonstate.edu/faq.phtml). This value estimates the average temperature of the specific summer that field sampling was done. Each value represents a 2 x 2 kilometer cell",LAND,,,,Single metadata definition,landscape,1,1
1819,landscape_TMEAN_W_2009WS,TMEAN_W_2009WS,Landscape Data,NRSA 1819 Landscape,"GIS raster calculated as xi / 4, where xi = the modeled mean air temperature (°C) for month i (1-2) of the sample year. The modeled monthly mean air temperature (xi) is the average of the minimum and maximum monthly air temperatures (http://www.prism.oregonstate.edu/faq.phtml). This value estimates the average temperature of the specific summer that field sampling was done. Each value represents a 2 x 2 kilometer cell",LAND,,,,Single metadata definition,landscape,1,1
1819,landscape_TMEAN_W_2013_PT,TMEAN_W_2013_PT,Landscape Data,NRSA 1819 Landscape,"GIS raster value at site location calculated as xi / 4, where xi = the modeled mean air temperature (°C) for month i (1-2) of the sample year. The modeled monthly mean air temperature (xi) is the average of the minimum and maximum monthly air temperatures (http://www.prism.oregonstate.edu/faq.phtml). This value estimates the average temperature of the specific summer that field sampling was done. Each value represents a 2 x 2 kilometer cell",LAND,,,,Single metadata definition,landscape,1,1
1819,landscape_TMEAN_W_2013_WS_PCTFULL,TMEAN_W_2013_WS_PCTFULL,Landscape Data,NRSA 1819 Landscape,"Percent of area with data for GIS raster calculated as xi / 4, where xi = the modeled mean air temperature (°C) for month i (1-2) of the sample year. The modeled monthly mean air temperature (xi) is the average of the minimum and maximum monthly air temperatures (http://www.prism.oregonstate.edu/faq.phtml). This value estimates the average temperature of the specific summer that field sampling was done. Each value represents a 2 x 2 kilometer cell",LAND,,,,Single metadata definition,landscape,1,1
1819,landscape_TMEAN_W_2013WS,TMEAN_W_2013WS,Landscape Data,NRSA 1819 Landscape,"GIS raster calculated as xi / 4, where xi = the modeled mean air temperature (°C) for month i (1-2) of the sample year. The modeled monthly mean air temperature (xi) is the average of the minimum and maximum monthly air temperatures (http://www.prism.oregonstate.edu/faq.phtml). This value estimates the average temperature of the specific summer that field sampling was done. Each value represents a 2 x 2 kilometer cell",LAND,,,,Single metadata definition,landscape,1,1
1819,landscape_TMEAN_W_2014_PT,TMEAN_W_2014_PT,Landscape Data,NRSA 1819 Landscape,"GIS raster value at site location calculated as xi / 4, where xi = the modeled mean air temperature (°C) for month i (1-2) of the sample year. The modeled monthly mean air temperature (xi) is the average of the minimum and maximum monthly air temperatures (http://www.prism.oregonstate.edu/faq.phtml). This value estimates the average temperature of the specific summer that field sampling was done. Each value represents a 2 x 2 kilometer cell",LAND,,,,Single metadata definition,landscape,1,1
1819,landscape_TMEAN_W_2014_WS_PCTFULL,TMEAN_W_2014_WS_PCTFULL,Landscape Data,NRSA 1819 Landscape,"Percent of area with data for GIS raster calculated as xi / 4, where xi = the modeled mean air temperature (°C) for month i (1-2) of the sample year. The modeled monthly mean air temperature (xi) is the average of the minimum and maximum monthly air temperatures (http://www.prism.oregonstate.edu/faq.phtml). This value estimates the average temperature of the specific summer that field sampling was done. Each value represents a 2 x 2 kilometer cell",LAND,,,,Single metadata definition,landscape,1,1
1819,landscape_TMEAN_W_2014WS,TMEAN_W_2014WS,Landscape Data,NRSA 1819 Landscape,"GIS raster calculated as xi / 4, where xi = the modeled mean air temperature (°C) for month i (1-2) of the sample year. The modeled monthly mean air temperature (xi) is the average of the minimum and maximum monthly air temperatures (http://www.prism.oregonstate.edu/faq.phtml). This value estimates the average temperature of the specific summer that field sampling was done. Each value represents a 2 x 2 kilometer cell",LAND,,,,Single metadata definition,landscape,1,1
1819,landscape_TMEAN_W_2018_PT,TMEAN_W_2018_PT,Landscape Data,NRSA 1819 Landscape,"GIS raster value at site location calculated as xi / 4, where xi = the modeled mean air temperature (°C) for month i (1-2) of the sample year. The modeled monthly mean air temperature (xi) is the average of the minimum and maximum monthly air temperatures (http://www.prism.oregonstate.edu/faq.phtml). This value estimates the average temperature of the specific summer that field sampling was done. Each value represents a 2 x 2 kilometer cell",LAND,,,,Single metadata definition,landscape,1,1
1819,landscape_TMEAN_W_2018_WS_PCTFULL,TMEAN_W_2018_WS_PCTFULL,Landscape Data,NRSA 1819 Landscape,"Percent of area with data for GIS raster calculated as xi / 4, where xi = the modeled mean air temperature (°C) for month i (1-2) of the sample year. The modeled monthly mean air temperature (xi) is the average of the minimum and maximum monthly air temperatures (http://www.prism.oregonstate.edu/faq.phtml). This value estimates the average temperature of the specific summer that field sampling was done. Each value represents a 2 x 2 kilometer cell",LAND,,,,Single metadata definition,landscape,1,1
1819,landscape_TMEAN_W_2018WS,TMEAN_W_2018WS,Landscape Data,NRSA 1819 Landscape,"GIS raster calculated as xi / 4, where xi = the modeled mean air temperature (°C) for month i (1-2) of the sample year. The modeled monthly mean air temperature (xi) is the average of the minimum and maximum monthly air temperatures (http://www.prism.oregonstate.edu/faq.phtml). This value estimates the average temperature of the specific summer that field sampling was done. Each value represents a 2 x 2 kilometer cell",LAND,,,,Single metadata definition,landscape,1,1
1819,landscape_TMEAN_W_2019_PT,TMEAN_W_2019_PT,Landscape Data,NRSA 1819 Landscape,"GIS raster value at site location calculated as xi / 4, where xi = the modeled mean air temperature (°C) for month i (1-2) of the sample year. The modeled monthly mean air temperature (xi) is the average of the minimum and maximum monthly air temperatures (http://www.prism.oregonstate.edu/faq.phtml). This value estimates the average temperature of the specific summer that field sampling was done. Each value represents a 2 x 2 kilometer cell",LAND,,,,Single metadata definition,landscape,1,1
1819,landscape_TMEAN_W_2019_WS_PCTFULL,TMEAN_W_2019_WS_PCTFULL,Landscape Data,NRSA 1819 Landscape,"Percent of area with data for GIS raster calculated as xi / 4, where xi = the modeled mean air temperature (°C) for month i (1-2) of the sample year. The modeled monthly mean air temperature (xi) is the average of the minimum and maximum monthly air temperatures (http://www.prism.oregonstate.edu/faq.phtml). This value estimates the average temperature of the specific summer that field sampling was done. Each value represents a 2 x 2 kilometer cell",LAND,,,,Single metadata definition,landscape,1,1
1819,landscape_TMEAN_W_2019WS,TMEAN_W_2019WS,Landscape Data,NRSA 1819 Landscape,"GIS raster calculated as xi / 4, where xi = the modeled mean air temperature (°C) for month i (1-2) of the sample year. The modeled monthly mean air temperature (xi) is the average of the minimum and maximum monthly air temperatures (http://www.prism.oregonstate.edu/faq.phtml). This value estimates the average temperature of the specific summer that field sampling was done. Each value represents a 2 x 2 kilometer cell",LAND,,,,Single metadata definition,landscape,1,1
1819,landscape_TMEAN_WS_PCTFULL,TMEAN_WS_PCTFULL,Landscape Data,NRSA 1819 Landscape,"Percent of area with data for PRISM climate data - 30-year average annual normal mean air temperature (C°):, within the upstream watershed (Ws)",LAND,,,,Single metadata definition,landscape,1,1
1819,landscape_TMEAN8110WS,TMEAN8110WS,Landscape Data,NRSA 1819 Landscape,"PRISM climate data - 30-year average annual normal mean air temperature (C°):, within the upstream watershed (Ws)",LAND,,,,Single metadata definition,landscape,1,1
1819,landscape_TMIN_WS_PCTFULL,TMIN_WS_PCTFULL,Landscape Data,NRSA 1819 Landscape,"Percent of area with data for PRISM climate data - 30-year average annual normal minimum air temperature (C°):, within the upstream watershed (Ws)",LAND,,,,Single metadata definition,landscape,1,1
1819,landscape_TMIN8110WS,TMIN8110WS,Landscape Data,NRSA 1819 Landscape,"PRISM climate data - 30-year average annual normal minimum air temperature (C°):, within the upstream watershed (Ws)",LAND,,,,Single metadata definition,landscape,1,1
1819,landscape_TRI_WS_PCTFULL,TRI_WS_PCTFULL,Landscape Data,NRSA 1819 Landscape,Percent of area with data for density of georeferenced Toxic Release Inventory sites (TRI.shp) within the upstream watershed (Ws).,LAND,,,,Single metadata definition,landscape,1,1
1819,landscape_TRI_WS_PCTFULLRP100,TRI_WS_PCTFULLRP100,Landscape Data,NRSA 1819 Landscape,Percent of area with data for density of georeferenced Toxic Release Inventory sites (TRI.shp) within the upstream watershed (Ws) within a 100-m buffer (Rp100) of the NHD stream lines. Derived as the intersection between RpRp100 and TRI.shp landscape layers.,LAND,,,,Single metadata definition,landscape,1,1
1819,landscape_TRIDENSWS,TRIDENSWS,Landscape Data,NRSA 1819 Landscape,Density of georeferenced Toxic Release Inventory sites (TRI.shp) within the upstream watershed (Ws).,LAND,,,,Single metadata definition,landscape,1,1
1819,landscape_TRIDENSWSRP100,TRIDENSWSRP100,Landscape Data,NRSA 1819 Landscape,Density of georeferenced Toxic Release Inventory sites (TRI.shp) within the upstream watershed (Ws) within a 100-m buffer (Rp100) of the NHD stream lines. Derived as the intersection between RpRp100 and TRI.shp landscape layers.,LAND,,,,Single metadata definition,landscape,1,1
1819,landscape_UNIQUE_ID,UNIQUE_ID,Landscape Data,NRSA 1819 Landscape,Unique site ID based on location that does not depend on year sampled or any other factor. Form is NRS_ss_nnnnn where ss state and nnnnn is number that starts at 10001. No missing values allowed.,,,,,Single metadata definition,landscape,7,1
1819,landscape_VPU,VPU,Landscape Data,NRSA 1819 Landscape,"Vector Processing Unit that the site falls in, from NHDPlusV21.",LAND,,,,Single metadata definition,landscape,1,1
1819,landscape_WDMAX_PT,WDMAX_PT,Landscape Data,NRSA 1819 Landscape,"GIS raster calculated as (SUMxi / 12) / 30, where xi = the modeled maximum number of days with measurable precipitation (i.e., \wetdays\\, days) for month i (1-12). Values based on 30 years (1961-1990) of PRISM climate estimates. Each value represents a 2 x 2 kilometer cell\""""",LANDSCAPE,,,,Single metadata definition,landscape,1,1
1819,landscape_WDMAX_WS_PCTFULL,WDMAX_WS_PCTFULL,Landscape Data,NRSA 1819 Landscape,"Percent of area with data for GIS raster calculated as (SUMxi / 12) / 30, where xi = the modeled maximum number of days with measurable precipitation (i.e., \wetdays\\, days) for month i (1-12). Values based on 30 years (1961-1990) of PRISM climate estimates. Each value represents a 2 x 2 kilometer cell\""""",LAND,,,,Single metadata definition,landscape,1,1
1819,landscape_WDMAXWS,WDMAXWS,Landscape Data,NRSA 1819 Landscape,"GIS raster calculated as (SUMxi / 12) / 30, where xi = the modeled maximum number of days with measurable precipitation (i.e., \wetdays\\, days) for month i (1-12). Values based on 30 years (1961-1990) of PRISM climate estimates. Each value represents a 2 x 2 kilometer cell\""""",LAND,,,,Single metadata definition,landscape,1,1
1819,landscape_WDMIN_PT,WDMIN_PT,Landscape Data,NRSA 1819 Landscape,"GIS raster calculated as (SUMxi / 12) / 30, where xi = the modeled minimum number of days with measurable precipitation (i.e., \wetdays\\, days) for month i (1-12). Values based on 30 years (1961-1990) of PRISM climate estimates. Each value represents a 2 x 2 kilometer cell\""""",LANDSCAPE,,,,Single metadata definition,landscape,1,1
1819,landscape_WDMIN_WS_PCTFULL,WDMIN_WS_PCTFULL,Landscape Data,NRSA 1819 Landscape,"Percent of area with data for GIS raster calculated as (SUMxi / 12) / 30, where xi = the modeled minimum number of days with measurable precipitation (i.e., \wetdays\\, days) for month i (1-12). Values based on 30 years (1961-1990) of PRISM climate estimates. Each value represents a 2 x 2 kilometer cell\""""",LAND,,,,Single metadata definition,landscape,1,1
1819,landscape_WDMINWS,WDMINWS,Landscape Data,NRSA 1819 Landscape,"GIS raster calculated as (SUMxi / 12) / 30, where xi = the modeled minimum number of days with measurable precipitation (i.e., \wetdays\\, days) for month i (1-12). Values based on 30 years (1961-1990) of PRISM climate estimates. Each value represents a 2 x 2 kilometer cell\""""",LAND,,,,Single metadata definition,landscape,1,1
1819,landscape_WDSUM_PT,WDSUM_PT,Landscape Data,NRSA 1819 Landscape,"GIS raster calculated as (SUMxi / 12) / 30, where xi = the modeled mean number of days with measurable precipitation (i.e., \wetdays\\, days) for month i (1-12). Values based on 30 years (1961-1990) of PRISM climate estimates. Each value represents a 2 x 2 kilometer cell \""""",LANDSCAPE,,,,Single metadata definition,landscape,1,1
1819,landscape_WDSUM_WS_PCTFULL,WDSUM_WS_PCTFULL,Landscape Data,NRSA 1819 Landscape,"Percent of area with data for GIS raster calculated as (SUMxi / 12) / 30, where xi = the modeled mean number of days with measurable precipitation (i.e., \wetdays\\, days) for month i (1-12). Values based on 30 years (1961-1990) of PRISM climate estimates. Each value represents a 2 x 2 kilometer cell \""""",LAND,,,,Single metadata definition,landscape,1,1
1819,landscape_WDSUMWS,WDSUMWS,Landscape Data,NRSA 1819 Landscape,"GIS raster calculated as (SUMxi / 12) / 30, where xi = the modeled mean number of days with measurable precipitation (i.e., \wetdays\\, days) for month i (1-12). Values based on 30 years (1961-1990) of PRISM climate estimates. Each value represents a 2 x 2 kilometer cell \""""",LAND,,,,Single metadata definition,landscape,1,1
1819,landscape_WETINDEXWS,WETINDEXWS,Landscape Data,NRSA 1819 Landscape,"Mean Composite Topographic Index (CTI)[Wetness Index]:, within the upstream watershed (Ws)",LAND,,,,Single metadata definition,landscape,1,1
1819,landscape_WETNESSINDEX_WS_PCTFULL,WETNESSINDEX_WS_PCTFULL,Landscape Data,NRSA 1819 Landscape,"Percent of area with data for Mean Composite Topographic Index (CTI)[Wetness Index]:, within the upstream watershed (Ws)",LAND,,,,Single metadata definition,landscape,1,1
1819,landscape_WSAREASQKM,WSAREASQKM,Landscape Data,NRSA 1819 Landscape,Area in square kilometers of the watershed basin. Summarized by joining the sub-catchment area of the catchment with all of the upstream catchments of the NHDPlusV21.,LANDSCAPE,,,,Single metadata definition,landscape,1,1
1819,landscape_WSAREASQKMRP100,WSAREASQKMRP100,Landscape Data,NRSA 1819 Landscape,Area in square kilometers within 100-m buffer of NHD stream lines (Rp100) of the watershed basin. Summarized by joining the sub-catchment riparian zone area of the catchment with all of the upstream catchment's riparian zone areas.,LAND,,,,Single metadata definition,landscape,1,1
1819,landscape_WTDEP_WS_PCTFULL,WTDEP_WS_PCTFULL,Landscape Data,NRSA 1819 Landscape,Percent of area with data for Mean of all wtdep values within the upstream watershed (Ws).,LAND,,,,Single metadata definition,landscape,1,1
1819,landscape_WTDEPWS,WTDEPWS,Landscape Data,NRSA 1819 Landscape,Mean of all wtdep values within the upstream watershed (Ws).,LAND,,,,Single metadata definition,landscape,1,1
1819,fieldchem_DATE_COL,DATE_COL,Field Chemistry Measures,NRSA 1819 Field Chemistry,Date collected,VERIF,|01|02|03|04|05|06|07|08|09|10|11|12,,,Single metadata definition,fieldchem,15,1
1819,fieldchem_PUBLICATION_DATE,PUBLICATION_DATE,Field Chemistry Measures,NRSA 1819 Field Chemistry,Date the dataset was published to the NARS site,COLUMN,,,,Single metadata definition,fieldchem,12,1
1819,fieldchem_RESULT,RESULT,Field Chemistry Measures,NRSA 1819 Field Chemistry,Value of associated parameter,COLUMN,,,,Single metadata definition,fieldchem,5,1
1819,fieldchem_SAMPLE_TYPE,SAMPLE_TYPE,Field Chemistry Measures,NRSA 1819 Field Chemistry,Code identifying sample type,COLUMN,,,,Single metadata definition,fieldchem,9,1
1819,fieldchem_SITE_ID,SITE_ID,Field Chemistry Measures,NRSA 1819 Field Chemistry,Identification code for site,VERIF,,,,Single metadata definition,fieldchem,16,1
1819,fieldchem_STATE,STATE,Field Chemistry Measures,NRSA 1819 Field Chemistry,State,VERIF,|AK|AL|AR|AZ|CA|CO|CT|DC|DE|FL|GA|HI|IA|ID|IL|IN|KS|KY|LA|MA|MD|ME|MI|MN|MO|MS|MT|NC|ND|NE|NH|NJ|NM|NV|NY|OH|OK|OR|PA|RI|SC|SD|TN|TX|UT|VA|VT|WA|WI|WV|WY,,,Single metadata definition,fieldchem,13,1
1819,fieldchem_UID,UID,Field Chemistry Measures,NRSA 1819 Field Chemistry,Unique identifier for the site/visit,COLUMN,,,,Single metadata definition,fieldchem,15,1
1819,fieldchem_VISIT_NO,VISIT_NO,Field Chemistry Measures,NRSA 1819 Field Chemistry,Sequential number of visit to site,VERIF,|1|2|R,,,Single metadata definition,fieldchem,15,1
1819,enterococci_ANALYTE,ANALYTE,Enterococci,NRSA 1819 Enterococci,Analyte,,,,,Single metadata definition,enterococci,4,1
1819,enterococci_BATCH_ID,BATCH_ID,Enterococci,NRSA 1819 Enterococci,Laboratory Batch ID,,,,,Same label appears for multiple sample/record types,enterococci,4,3
1819,enterococci_DATE_COL,DATE_COL,Enterococci,NRSA 1819 Enterococci,Date of data collection in field,VERIF,,,,Single metadata definition,enterococci,15,1
1819,enterococci_ENT_1X_CCE_100ML,ENT_1X_CCE_100ML,Enterococci,NRSA 1819 Enterococci,"Estimated enterococci CCE / 100 mL of water sample volume from ORD analysis of undiluted DNA extracts and CCE / extract calculations from EPA Method 1609 calculation spreadsheet. CCE are based on 15:1 calibrator target sequence equivalent (CSE) to CCE ratio established for RWQC guideline values. CCE / extract was multiplied by 100 ÷ filtered sample volume to obtain final estimate /100 ml. \QC fail\"" denotes analysis results that did not meet Method 1609 control assay acceptance criteria.""",ENTE,,,,Single metadata definition,enterococci,1,1
1819,enterococci_ENT_1X_STV_COND,ENT_1X_STV_COND,Enterococci,NRSA 1819 Enterococci,Estimated enterococci CCE / 100 mL of water sample volume from ORD analyses of undiluted DNA extract and calculations from EPA Method 1609 calculation spreadsheet exceeds (1) or is less than (0) RWQC STV value of 1280 CCE/100 mL.,ENTE,,,,Single metadata definition,enterococci,2,1
1819,enterococci_LAB,LAB,Enterococci,NRSA 1819 Enterococci,Laboratory processing sample,,,,,Same label appears for multiple sample/record types,enterococci,6,3
1819,enterococci_MATRIX,MATRIX,Enterococci,NRSA 1819 Enterococci,"Type of sample (e.g., water, sediment, tissue)",,,,,Same label appears for multiple sample/record types,enterococci,6,3
1819,enterococci_PUBLICATION_DATE,PUBLICATION_DATE,Enterococci,NRSA 1819 Enterococci,Date of data file publication,,,,,Single metadata definition,enterococci,12,1
1819,enterococci_SAM_CODE,SAM_CODE,Enterococci,NRSA 1819 Enterococci,"Sample code (e.g., regular, lab duplicate, lab split)",,,,,Same label appears for multiple sample/record types,enterococci,6,3
1819,enterococci_SAMPLE_TYPE,SAMPLE_TYPE,Enterococci,NRSA 1819 Enterococci,Sample type,,,,,Same label appears for multiple sample/record types,enterococci,9,3
1819,enterococci_SITE_ID,SITE_ID,Enterococci,NRSA 1819 Enterococci,Site ID,VERIF,,,,Single metadata definition,enterococci,16,1
1819,enterococci_STATE,STATE,Enterococci,NRSA 1819 Enterococci,State of site,VERIF,,,,Same label appears for multiple sample/record types,enterococci,13,4
1819,enterococci_UID,UID,Enterococci,NRSA 1819 Enterococci,Unique site visit ID,,,,,Single metadata definition,enterococci,15,1
1819,enterococci_UNITS,UNITS,Enterococci,NRSA 1819 Enterococci,Units,,,,,Same label appears for multiple sample/record types,enterococci,2,3
1819,enterococci_VISIT_NO,VISIT_NO,Enterococci,NRSA 1819 Enterococci,Number identifying which visit this is,VERIF,|1|2,,,Single metadata definition,enterococci,15,1
1819,population_ACID_COND,ACID_COND,Population Estimates,NRSA 1819 Data for Population Estimates,"Condition based on ANC, DOC, and sulfate",,Good|Fair|Poor|Not Assessed,,,Single metadata definition,population,1,1
1819,population_AG_ECO3,AG_ECO3,Population Estimates,NRSA 1819 Data for Population Estimates,"NARS 3-level reporting region (2015), based on aggregating AG_ECO9 reporting regions. No missing or ""blank"" values allowed.",,EHIGH|PLNLOW|WMTNS |,,,Single metadata definition,population,2,1
1819,population_AG_ECO9,AG_ECO9,Population Estimates,NRSA 1819 Data for Population Estimates,"NARS 9-level reporting region, based on aggregated Omernik Level III ecoregions. No missing or ""blank"" values allowed.",,CPL|NAP|NPL|SAP|SPL|TPL|UMW|WMT|XER |,,,Single metadata definition,population,11,1
1819,population_ANC_COND,ANC_COND,Population Estimates,NRSA 1819 Data for Population Estimates,Site condition class based on acidity,,None|Episodic|ACID-AMD|ACID-aciddep|ACID-organic|No Data,,,Single metadata definition,population,1,1
1819,population_BEDSED_COND,BEDSED_COND,Population Estimates,NRSA 1819 Data for Population Estimates,"Bed sediment condition, based on log relative bed stability (LRBS_use)",,Good|Fair|Poor|Not Assessed,,,Single metadata definition,population,1,1
1819,population_BENT_MMI_COND,BENT_MMI_COND,Population Estimates,NRSA 1819 Data for Population Estimates,Condition class based on benthic MMI score,,Good|Fair|Poor|Not Assessed,,,Single metadata definition,population,2,1
1819,population_CYLSPER_DETECT,CYLSPER_DETECT,Population Estimates,NRSA 1819 Data for Population Estimates,Cylindrospermopsin Detection,,Detected|Not Detected|Not Assessed,,,Single metadata definition,population,1,1
1819,population_CYLSPER_EPA_COND,CYLSPER_EPA_COND,Population Estimates,NRSA 1819 Data for Population Estimates,Cylindrospermopsin condition based on EPA benchmark,,Above Benchmark|At or Below Benchmark|Not Assessed,,,Single metadata definition,population,1,1
1819,population_DATE_COL,DATE_COL,Population Estimates,NRSA 1819 Data for Population Estimates,Date of data collection in field,,,,,Single metadata definition,population,15,1
1819,population_DSGN_CYCLE,DSGN_CYCLE,Population Estimates,NRSA 1819 Data for Population Estimates,NRSA survey design time period 2000-04| 2008-09 | 2013-14 | 2018-19 | etc. No missing values allowed.,,,,,Single metadata definition,population,2,1
1819,population_ENT_1X_STV_COND,ENT_1X_STV_COND,Population Estimates,NRSA 1819 Data for Population Estimates,Estimated enterococci CCE / 100 mL of water sample volume from ORD analyses of undiluted DNA extract and calculations from EPA Method 1609 calculation spreadsheet exceeds (1) or is less than (0) RWQC STV value of 1280 CCE/100 mL.,,,,,Single metadata definition,population,2,1
1819,population_EPA_REG,EPA_REG,Population Estimates,NRSA 1819 Data for Population Estimates,"EPA Region. No missing or ""blank"" values allowed.",,Region_01 | Region_02 | Region_03 | Region_04 | Region_05 | Region_06 | Region_07 | Region_08 | Region_09 | Region_10 |,,,Single metadata definition,population,10,1
1819,population_EVAL_CAT,EVAL_CAT,Population Estimates,NRSA 1819 Data for Population Estimates,"NRSA site evaluation result. For hand-picked sites evaluation is Target_Sampled. No missing or ""blank"" values allowed.",,,,,Single metadata definition,population,2,1
1819,population_FED_NONFED,FED_NONFED,Population Estimates,NRSA 1819 Data for Population Estimates,"Federal or Non-Federal land, based on OWN_NARS. OWN_NARS in FWS, Other Fed, USFS, NPS, NOAA, BLM, DOD, BOR considered Federal and all others Non-Federal.",,Federal|Non-Federal,,,Single metadata definition,population,2,1
1819,population_FISH_MMI_COND,FISH_MMI_COND,Population Estimates,NRSA 1819 Data for Population Estimates,"Fish assemblage condition, based on regional Fish MMI.",,Good|Fair|Poor|Not Assessed,,,Single metadata definition,population,2,1
1819,population_FS_EW,FS_EW,Population Estimates,NRSA 1819 Data for Population Estimates,"Eastern or western US Forest Service land. Not_USFS if not US Forest Service land. No missing or ""blank"" values allowed.",,East | West | Not_USFS |,,,Single metadata definition,population,2,1
1819,population_HG_COND,HG_COND,Population Estimates,NRSA 1819 Data for Population Estimates,Site condition class based on mercury concentration in fish tissue,,Does Not Exceed 300 mg Hg/g ww|Exceeds 300 mg Hg/g ww|No Data|Not Assessed|No Sample Collected,,,Single metadata definition,population,1,1
1819,population_HUC2_NM,HUC2_NM,Population Estimates,NRSA 1819 Data for Population Estimates,"USGS Level 2 Hydrologic Unit Region Name where stream reach is located (based on NHDPlusV2 use of HUCs). No missing or ""blank"" values allowed.",,"Arkansas-Red-White Region |California Region |Great Basin Region |Great Lakes Region |Lower Colorado Region |Lower Mississippi Region |""Lower Missouri Region |Mid-Atlantic Region |New England Region |Ohio Region |Pacific Northwest Region |Rio Grande Region |Souris-Red-Rainy Region |South Atlantic-North Region |South Atlantic-South Region |South Atlantic-West Region |Tennessee Region |Texas Region |Upper Colorado Region |Upper Mississippi Region |Upper Missouri Region |",,,Single metadata definition,population,2,1
1819,population_INSTRMCVR_COND,INSTRMCVR_COND,Population Estimates,NRSA 1819 Data for Population Estimates,"Instream cover condition, based in log natural fish cover (L_XFC_NAT)",,Good|Fair|Poor|Not Assessed,,,Single metadata definition,population,1,1
1819,population_LAT_DD83,LAT_DD83,Population Estimates,NRSA 1819 Data for Population Estimates,"Latitude in decimal degrees (based on NAD83 datum) for stream site from NHDPlusV2, i.e., ""design latitude."". No missing or ""blank"" values allowed.",,,,,Single metadata definition,population,2,1
1819,population_LON_DD83,LON_DD83,Population Estimates,NRSA 1819 Data for Population Estimates,"Longitude in decimal degrees (based on NAD83 datum) for stream site from NHDPlusV2, i.e., ""design longitude."" No missing or ""blank"" values allowed.",,,,,Single metadata definition,population,2,1
1819,population_MAJ_BAS_NM,MAJ_BAS_NM,Population Estimates,NRSA 1819 Data for Population Estimates,"Name of major USGS Hydrologic Basins derived from NHDPlus names. No missing or ""blank"" values allowed.",,Arkansas-White-Red Region | California Region | Great Basin Region | Great Lakes Region | Lower Colorado Region | Lower Mississippi Region | Mid Atlantic Region | Missouri Region | New England Region | Ohio-Tennessee Region | Pacific Northwest Region | Rio Grande-Texas-Gulf Region | Souris-Red-Rainy Region | South Atlantic Gulf Region | Upper Colorado Region | Upper Mississippi Region |,,,Single metadata definition,population,2,1
1819,population_MICX_DETECT,MICX_DETECT,Population Estimates,NRSA 1819 Data for Population Estimates,Microcystin Detection,,Detected|Not Detected|Not Assessed,,,Single metadata definition,population,1,1
1819,population_MICX_EPA_COND,MICX_EPA_COND,Population Estimates,NRSA 1819 Data for Population Estimates,Microcystin condition based on EPA benchmark,,Above Benchmark|At or Below Benchmark|Not Assessed,,,Single metadata definition,population,1,1
1819,population_MIS_BAS_NM,MIS_BAS_NM,Population Estimates,NRSA 1819 Data for Population Estimates,"The hydrologic basin name for streams in the Mississippi Basin derived from NHDPlus names. ""Not Miss River Basin"" for streams not in the Mississippi Basin. No missing values allowed.",,Ohio Region|Tennessee Region|Upper Mississippi Region|Lower Mississippi Region|Lower Missouri Region| Upper Missouri Region|Arkansas-Red-White Region|Not Mississippi River Basin,,,Single metadata definition,population,2,1
1819,population_MISS_BASIN,MISS_BASIN,Population Estimates,NRSA 1819 Data for Population Estimates,"Within Mississippi Basin or outside, based on MIS_BAS_NM values",,Mississippi_Basin|Not_Mississippi_Basin,,,Single metadata definition,population,2,1
1819,population_NTL_COND,NTL_COND,Population Estimates,NRSA 1819 Data for Population Estimates,Site condition class based on total nitrogen concentration,,Good|Fair|Poor|No Data,,,Single metadata definition,population,1,1
1819,population_OE_COND,OE_COND,Population Estimates,NRSA 1819 Data for Population Estimates,Condition class based on O/E score,,<0.5|<0.8|<0.9|>=0.9,,,Single metadata definition,population,1,1
1819,population_OWN_NARS,OWN_NARS,Population Estimates,NRSA 1819 Data for Population Estimates,"Land ownership code derived from USGS PADUS (http://gapanalysis.usgs.gov/padus/data/) - pulled May 2016 version of database. Aggregated to categories used by NARS. Text of 13 land ownership category names. Similar to OWN_TYPE in USGS PADUS dataset except that Federal_Land is separated into major federal agencies. No missing or ""blank"" values allowed.",,BLM | DOD | | DOE | USFS | FWS | NOAA | Non Federal | NPS | Tribal Land| USACE | USBR | NRCS| Other Fed,,,Single metadata definition,population,2,1
1819,population_PSTL_CODE,PSTL_CODE,Population Estimates,NRSA 1819 Data for Population Estimates,"State two letter postal code for site sampled. 50 state postal codes plus AS, MP, GU, PR, VI for American Samoa, Commonwealth of Northern Marianas, Guam, Puerto Rico and Virgin Islands. No missing or ""blank"" values allowed.",,,,,Single metadata definition,population,2,1
1819,population_PTL_COND,PTL_COND,Population Estimates,NRSA 1819 Data for Population Estimates,Site condition class based on total phosphorus concentration,,Good|Fair|Poor|No Data,,,Single metadata definition,population,1,1
1819,population_PUBLICATION_DATE,PUBLICATION_DATE,Population Estimates,NRSA 1819 Data for Population Estimates,Date of data file publication,,,,,Single metadata definition,population,12,1
1819,population_RIPDIST_COND,RIPDIST_COND,Population Estimates,NRSA 1819 Data for Population Estimates,"Riparian disturbance condition, based on W1_HALL",,Low|Medium|High|Not Assessed,,,Single metadata definition,population,1,1
1819,population_RIPVEG_COND,RIPVEG_COND,Population Estimates,NRSA 1819 Data for Population Estimates,"Riparian vegetation condition, based on L_XCMGW",,Good|Fair|Poor|Not Assessed,,,Single metadata definition,population,1,1
1819,population_SAL_COND,SAL_COND,Population Estimates,NRSA 1819 Data for Population Estimates,Site condition class based on conductivity,,Good|Fair|Poor|No Data,,,Single metadata definition,population,1,1
1819,population_SALINITY_CLASS,SALINITY_CLASS,Population Estimates,NRSA 1819 Data for Population Estimates,"Salinity class, based on total salts in sample",,Not Assessed|Freshwater|Slightly Saline|Moderately Saline|Highly Saline,,,Single metadata definition,population,1,1
1819,population_SITE_ID,SITE_ID,Population Estimates,NRSA 1819 Data for Population Estimates,"Site ID for the study and year sampled. Preferred form is NRSnn_MM-xxxxx where nn is current cycle year (04, 08, 13, 18, etc), MM is two letter state code, and xxxxx is between 10001 and 99999. No missing or ""blank"" values allowed.",,,,,Single metadata definition,population,16,1
1819,population_SITESAMP,SITESAMP,Population Estimates,NRSA 1819 Data for Population Estimates,Was site sampled: Y/N.,,|Y|N,,,Single metadata definition,population,3,1
1819,population_STRAH_CAT,STRAH_CAT,Population Estimates,NRSA 1819 Data for Population Estimates,"Strahler category used to classify reaches. SmallStreams – 1st and 2nd order; LargeStreams – 3rd and 4th order; MajorRivers – 5th order and higher that are identified as MajorRiver/Additional in MAJ_RIVER variable; and OtherRivers – 5th and higher that are not MajorRivers. No missing or ""blank"" values allowed.",,RiversMajor | RiversOther | LargeStreams | SmallStreams |,,,Single metadata definition,population,2,1
1819,population_UID,UID,Population Estimates,NRSA 1819 Data for Population Estimates,Unique site visit ID,,,,,Single metadata definition,population,15,1
1819,population_UNIQUE_ID,UNIQUE_ID,Population Estimates,NRSA 1819 Data for Population Estimates,Unique site ID based on location that does not depend on year sampled or any other factor. Form is NRS_ss_nnnnn where ss state and nnnnn is number that starts at 10001. No missing values allowed.,,,,,Single metadata definition,population,7,1
1819,population_URBN_NRS18,URBN_NRS18,Population Estimates,NRSA 1819 Data for Population Estimates,"Stream identified as an urban stream based on urban definition used in NRSA 2018-19 design. Urban based on 2010 Census polygons of urban areas. No 3km buffer to ensure census waters included since census polygons now include census waters. No missing or ""blank"" values allowed.",,Urban | Non-Urban |,,,Single metadata definition,population,2,1
1819,population_USFS,USFS,Population Estimates,NRSA 1819 Data for Population Estimates,"US Forest Service land or other, based on OWN_NARS.",,Forest_Service|Not_Forest_Service,,,Single metadata definition,population,2,1
1819,population_VISIT_NO,VISIT_NO,Population Estimates,NRSA 1819 Data for Population Estimates,Number identifying which visit this is,,|1|2,,,Single metadata definition,population,15,1
1819,population_WGT_TP,WGT_TP,Population Estimates,NRSA 1819 Data for Population Estimates,NRSA adjusted weight for site when want estimates to be for the Target Population. Includes weight adjustments to account for sites with unknown status and when site status is known to be target but not sampled. >0 or 0 if site is not to be used for population estimation. Units: miles.,,,,,Single metadata definition,population,1,1
1819,population_XCOORD,XCOORD,Population Estimates,NRSA 1819 Data for Population Estimates,"x-coordinate from US Contiguous Albers Equal Area Conic projection EXCEPT Hawaii sites which are calculated from Hawaii Albers Equal Area Conic projection. No missing or ""blank"" values allowed. Projection: clon = -96, clat = 37.5, sp1 = 29.5, sp2 = 45.5",,,,,Single metadata definition,population,2,1
1819,population_YCOORD,YCOORD,Population Estimates,NRSA 1819 Data for Population Estimates,"y-coordinate from US Contiguous Albers Equal Area Conic projection EXCEPT Hawaii sites which are calculated from Hawaii Albers Equal Area Conic projection. No missing or ""blank"" values allowed. Projection: sph = ""GRS80"", clon = -96, clat = 37.5, sp1 = 29.5, sp2 = 45.5",,,,,Single metadata definition,population,2,1
1819,population_YEAR,YEAR,Population Estimates,NRSA 1819 Data for Population Estimates,Year of sampling,,,,,Single metadata definition,population,3,1
