cycle,database_style_key,epa_short_name,indicator,source_dataset,epa_definition_what_it_measures,sample_or_record_type_s,legal_values_format,range_low,range_high,definition_status,convenience_prefix,appears_in_count_datasets,metadata_record_count
2324,algaltox_ABSORBANCE,ABSORBANCE,Algal Toxin,NRSA 2324 Algal Toxin,Absorbance,MICX,,,,Single metadata definition,algaltox,1,1
2324,algaltox_ABSORBANCE_UNITS,ABSORBANCE_UNITS,Algal Toxin,NRSA 2324 Algal Toxin,Units for parameter ABSORBANCE,COLUMN,,,,Single metadata definition,algaltox,1,1
2324,algaltox_ANALYST,ANALYST,Algal Toxin,NRSA 2324 Algal Toxin,Laboratory analyst,MICX,,,,Single metadata definition,algaltox,2,1
2324,algaltox_ANALYTE,ANALYTE,Algal Toxin,NRSA 2324 Algal Toxin,Analyte,COLUMN,,,,Single metadata definition,algaltox,4,1
2324,algaltox_BATCH_ID,BATCH_ID,Algal Toxin,NRSA 2324 Algal Toxin,Laboratory Batch ID,COLUMN,,,,Single metadata definition,algaltox,5,1
2324,algaltox_COND_COMMENT,COND_COMMENT,Algal Toxin,NRSA 2324 Algal Toxin,Condition of sample on arrival at laboratory,MICX,,,,Single metadata definition,algaltox,1,1
2324,algaltox_CONDITION_CODE,CONDITION_CODE,Algal Toxin,NRSA 2324 Algal Toxin,Condition of sample code,MICX,,,,Single metadata definition,algaltox,2,1
2324,algaltox_DATE_ANALYZED,DATE_ANALYZED,Algal Toxin,NRSA 2324 Algal Toxin,Date sample analyzed,MICX,,,,Single metadata definition,algaltox,3,1
2324,algaltox_DATE_COL,DATE_COL,Algal Toxin,NRSA 2324 Algal Toxin,Date of data collection in field,VERIF,,,,Single metadata definition,algaltox,15,1
2324,algaltox_DATE_RECEIVED,DATE_RECEIVED,Algal Toxin,NRSA 2324 Algal Toxin,Date sample received,MICX,,,,Single metadata definition,algaltox,3,1
2324,algaltox_DILUTION_FACTOR,DILUTION_FACTOR,Algal Toxin,NRSA 2324 Algal Toxin,Dilution factor,MICX,,,,Single metadata definition,algaltox,2,1
2324,algaltox_KIT_ID,KIT_ID,Algal Toxin,NRSA 2324 Algal Toxin,"Kit identification code. If one does not exist, assign a unique code to each kit.",MICX,,,,Single metadata definition,algaltox,1,1
2324,algaltox_LAB,LAB,Algal Toxin,NRSA 2324 Algal Toxin,Laboratory processing sample,COLUMN,,,,Single metadata definition,algaltox,6,1
2324,algaltox_LAB_COMMENT,LAB_COMMENT,Algal Toxin,NRSA 2324 Algal Toxin,Laboratory comment,COLUMN,,,,Single metadata definition,algaltox,1,1
2324,algaltox_MATRIX,MATRIX,Algal Toxin,NRSA 2324 Algal Toxin,"Type of sample (e.g., water, sediment, tissue)",COLUMN,,,,Single metadata definition,algaltox,6,1
2324,algaltox_MDL,MDL,Algal Toxin,NRSA 2324 Algal Toxin,Minimum Detection Limit,MICX,,,,Single metadata definition,algaltox,3,1
2324,algaltox_NARS_COMMENT,NARS_COMMENT,Algal Toxin,NRSA 2324 Algal Toxin,Comment to explain NARS_COMMENT when necessary,COLUMN,,,,Single metadata definition,algaltox,2,1
2324,algaltox_NARS_FLAG,NARS_FLAG,Algal Toxin,NRSA 2324 Algal Toxin,"Flag assigned by NARS: ND = Non-detect, L = Estimated, Q = Quality-related issue, S = Shipping time exceedence, H = Holding time exceedence, NR = No lab result for analyte",MICX,,,,Single metadata definition,algaltox,5,1
2324,algaltox_PSTL_CODE,PSTL_CODE,Algal Toxin,NRSA 2324 Algal Toxin,"State two letter postal code for site sampled. 50 state postal codes plus AS, MP, GU, PR, VI for American Samoa, Commonwealth of Northern Marianas, Guam, Puerto Rico and Virgin Islands. No missing or \blank\"" values allowed.""",DESIGN,,,,Single metadata definition,algaltox,15,1
2324,algaltox_PUBLICATION_DATE,PUBLICATION_DATE,Algal Toxin,NRSA 2324 Algal Toxin,Date of data file publication,COLUMN,,,,Single metadata definition,algaltox,16,1
2324,algaltox_QA_FLAG,QA_FLAG,Algal Toxin,NRSA 2324 Algal Toxin,QA flag from laboratory,MICX,,,,Single metadata definition,algaltox,3,1
2324,algaltox_RESULT,RESULT,Algal Toxin,NRSA 2324 Algal Toxin,Value of associated parameter,COLUMN,,,,Single metadata definition,algaltox,4,1
2324,algaltox_RESULT_UNITS,RESULT_UNITS,Algal Toxin,NRSA 2324 Algal Toxin,Result unit,COLUMN,,,,Single metadata definition,algaltox,3,1
2324,algaltox_RL,RL,Algal Toxin,NRSA 2324 Algal Toxin,Reporting Limit,MICX,,,,Single metadata definition,algaltox,4,1
2324,algaltox_SAM_CODE,SAM_CODE,Algal Toxin,NRSA 2324 Algal Toxin,"Sample code (e.g., regular, lab duplicate, lab split)",COLUMN,,,,Single metadata definition,algaltox,6,1
2324,algaltox_SAMPLE_ID,SAMPLE_ID,Algal Toxin,NRSA 2324 Algal Toxin,Field sample ID,MICX,,,,Single metadata definition,algaltox,4,1
2324,algaltox_SAMPLE_TYPE,SAMPLE_TYPE,Algal Toxin,NRSA 2324 Algal Toxin,"Code identifying sample type: MICX=Microcystin, CYLSPER=Cylindrospermopsin, MICZ=Microcystin in legacy bottle type",COLUMN,,,,Single metadata definition,algaltox,7,1
2324,algaltox_SITE_ID,SITE_ID,Algal Toxin,NRSA 2324 Algal Toxin,"Site ID for the study and year sampled. Preferred form is NRSnn_MM-xxxxx where nn is current cycle year (04, 08, 13, 18, etc), MM is two letter state code, and xxxxx is between 10001 and 99999. No missing or \blank\"" values allowed.""",DESIGN,,,,Single metadata definition,algaltox,15,1
2324,algaltox_UID,UID,Algal Toxin,NRSA 2324 Algal Toxin,Unique site visit ID,COLUMN,,,,Single metadata definition,algaltox,15,1
2324,algaltox_UNIQUE_ID,UNIQUE_ID,Algal Toxin,NRSA 2324 Algal Toxin,Unique site ID based on location that does not depend on year sampled or any other factor. Form is NRS_ss_nnnnn where ss state and nnnnn is number that starts at 10001. No missing values allowed.,COLUMN,,,,Single metadata definition,algaltox,15,1
2324,algaltox_VISIT_NO,VISIT_NO,Algal Toxin,NRSA 2324 Algal Toxin,Number identifying which visit this is,VERIF,|1|2,,,Single metadata definition,algaltox,15,1
2324,benthic_count_CLASS,CLASS,Benthic Macroinvertebrates,NRSA 2324 Benthic Count,Class of taxon,TAXA: Invertebrates,,,,Single metadata definition,benthic_count,2,1
2324,benthic_count_DATE_COL,DATE_COL,Benthic Macroinvertebrates,NRSA 2324 Benthic Count,Date of data collection in field,VERIF,,,,Single metadata definition,benthic_count,15,1
2324,benthic_count_FAMILY,FAMILY,Benthic Macroinvertebrates,NRSA 2324 Benthic Count,Family of taxon,TAXA: Invertebrates,,,,Single metadata definition,benthic_count,3,1
2324,benthic_count_FFG,FFG,Benthic Macroinvertebrates,NRSA 2324 Benthic Count,"Functional feeding group used in metric calculations;Collector-filterer(CF),Collector-gatherer(CG),Parasite(PA),Piercer(PI),Scraper(SC),Shredder(SH)",TAXA: Invertebrates,,,,Single metadata definition,benthic_count,2,1
2324,benthic_count_GENUS,GENUS,Benthic Macroinvertebrates,NRSA 2324 Benthic Count,Genus of taxon,TAXA: Invertebrates,,,,Single metadata definition,benthic_count,3,1
2324,benthic_count_HABIT,HABIT,Benthic Macroinvertebrates,NRSA 2324 Benthic Count,"Habit used in metric calculations;Burrower(BU),Climber(CB),Clinger(CN),Diver(DV),Planktonic(PK),Skater(SK),Sprawler(SP),Swimmer(SW)",TAXA: Invertebrates,,,,Single metadata definition,benthic_count,2,1
2324,benthic_count_IS_DISTINCT,IS_DISTINCT,Benthic Macroinvertebrates,NRSA 2324 Benthic Count,Distinctness of taxon within sample,BERW | BETB,0|1,,,Same definition appears for multiple sample/record types,benthic_count,2,2
2324,benthic_count_NON_TARGET,NON_TARGET,Benthic Macroinvertebrates,NRSA 2324 Benthic Count,Operational taxon unit for NRSA O/E,TAXA: Invertebrates,,,,Single metadata definition,benthic_count,2,1
2324,benthic_count_ORDER,ORDER,Benthic Macroinvertebrates,NRSA 2324 Benthic Count,Order of taxon,TAXA: Invertebrates,,,,Single metadata definition,benthic_count,2,1
2324,benthic_count_PHYLUM,PHYLUM,Benthic Macroinvertebrates,NRSA 2324 Benthic Count,Phylum of taxon,TAXA: Invertebrates,,,,Single metadata definition,benthic_count,2,1
2324,benthic_count_PSTL_CODE,PSTL_CODE,Benthic Macroinvertebrates,NRSA 2324 Benthic Count,"State two letter postal code for site sampled. 50 state postal codes plus AS, MP, GU, PR, VI for American Samoa, Commonwealth of Northern Marianas, Guam, Puerto Rico and Virgin Islands. No missing or \blank\"" values allowed.""",DESIGN,,,,Single metadata definition,benthic_count,15,1
2324,benthic_count_PTV,PTV,Benthic Macroinvertebrates,NRSA 2324 Benthic Count,Pollution tolerance value as assigned for NWSA,TAXA: Invertebrates,,,,Single metadata definition,benthic_count,2,1
2324,benthic_count_SAMPLE_TYPE,SAMPLE_TYPE,Benthic Macroinvertebrates,NRSA 2324 Benthic Count,Sample type; BETB = non-wadable method (Benthic Boatable) and BERW = wadeable method (Benthic Reach Wide),,,,,Single metadata definition,benthic_count,7,1
2324,benthic_count_SITE_ID,SITE_ID,Benthic Macroinvertebrates,NRSA 2324 Benthic Count,"Site ID for the study and year sampled. Preferred form is NRSnn_MM-xxxxx where nn is current cycle year (04, 08, 13, 18, etc), MM is two letter state code, and xxxxx is between 10001 and 99999. No missing or \blank\"" values allowed.""",DESIGN,,,,Single metadata definition,benthic_count,15,1
2324,benthic_count_SUBFAMILY,SUBFAMILY,Benthic Macroinvertebrates,NRSA 2324 Benthic Count,Subfamily of taxon,TAXA: Invertebrates,,,,Single metadata definition,benthic_count,2,1
2324,benthic_count_TARGET_TAXON,TARGET_TAXON,Benthic Macroinvertebrates,NRSA 2324 Benthic Count,Name of taxon at target taxon level,TAXA: Invertebrates,,,,Single metadata definition,benthic_count,2,1
2324,benthic_count_TAXA_ID,TAXA_ID,Benthic Macroinvertebrates,NRSA 2324 Benthic Count,Taxonomic ID number,,,,,Single metadata definition,benthic_count,4,1
2324,benthic_count_TOTAL,TOTAL,Benthic Macroinvertebrates,NRSA 2324 Benthic Count,Total number of individuals sorted for given taxon,BERW | BETB,,,,Same definition appears for multiple sample/record types,benthic_count,2,2
2324,benthic_count_TRIBE,TRIBE,Benthic Macroinvertebrates,NRSA 2324 Benthic Count,Tribe of taxon,TAXA: Invertebrates,,,,Single metadata definition,benthic_count,2,1
2324,benthic_count_UID,UID,Benthic Macroinvertebrates,NRSA 2324 Benthic Count,Unique site visit ID,,,,,Single metadata definition,benthic_count,15,1
2324,benthic_count_UNIQUE_ID,UNIQUE_ID,Benthic Macroinvertebrates,NRSA 2324 Benthic Count,Unique site ID based on location that does not depend on year sampled or any other factor. Form is NRS_ss_nnnnn where ss state and nnnnn is number that starts at 10001. No missing values allowed.,,,,,Single metadata definition,benthic_count,15,1
2324,benthic_count_VISIT_NO,VISIT_NO,Benthic Macroinvertebrates,NRSA 2324 Benthic Count,Number identifying which visit this is,VERIF,|1|2,,,Single metadata definition,benthic_count,15,1
2324,benthic_metrics_AMPHNTAX,AMPHNTAX,Benthic Macroinvertebrates,NRSA 2324 Benthic Metrics,No. of Amphipoda taxa,BERW | BETB,,,,Same definition appears for multiple sample/record types,benthic_metrics,1,2
2324,benthic_metrics_AMPHPIND,AMPHPIND,Benthic Macroinvertebrates,NRSA 2324 Benthic Metrics,% Amphipoda individuals,BERW | BETB,,,,Same definition appears for multiple sample/record types,benthic_metrics,1,2
2324,benthic_metrics_AMPHPTAX,AMPHPTAX,Benthic Macroinvertebrates,NRSA 2324 Benthic Metrics,% Amphipoda taxa,BERW | BETB,,,,Same definition appears for multiple sample/record types,benthic_metrics,1,2
2324,benthic_metrics_BURRNTAX,BURRNTAX,Benthic Macroinvertebrates,NRSA 2324 Benthic Metrics,No. of Burrowers taxa,BERW | BETB,,,,Same definition appears for multiple sample/record types,benthic_metrics,1,2
2324,benthic_metrics_BURRPIND,BURRPIND,Benthic Macroinvertebrates,NRSA 2324 Benthic Metrics,% Burrowers individuals,BERW | BETB,,,,Same definition appears for multiple sample/record types,benthic_metrics,1,2
2324,benthic_metrics_BURRPTAX,BURRPTAX,Benthic Macroinvertebrates,NRSA 2324 Benthic Metrics,% Burrowers taxa,BERW | BETB,,,,Same definition appears for multiple sample/record types,benthic_metrics,1,2
2324,benthic_metrics_CHIRDOM1PIND,CHIRDOM1PIND,Benthic Macroinvertebrates,NRSA 2324 Benthic Metrics,% individuals in most abundant distinct Chironomidae taxon,BERW | BETB,,,,Same definition appears for multiple sample/record types,benthic_metrics,1,2
2324,benthic_metrics_CHIRDOM3PIND,CHIRDOM3PIND,Benthic Macroinvertebrates,NRSA 2324 Benthic Metrics,% individuals in most abundant 3 distinct Chironomidae taxa,BERW | BETB,,,,Same definition appears for multiple sample/record types,benthic_metrics,1,2
2324,benthic_metrics_CHIRDOM5PIND,CHIRDOM5PIND,Benthic Macroinvertebrates,NRSA 2324 Benthic Metrics,% individuals in most abundant 5 distinct Chironomidae taxa,BERW | BETB,,,,Same definition appears for multiple sample/record types,benthic_metrics,1,2
2324,benthic_metrics_CHIRNTAX,CHIRNTAX,Benthic Macroinvertebrates,NRSA 2324 Benthic Metrics,No. of Chironomidae taxa,BERW | BETB,,,,Same definition appears for multiple sample/record types,benthic_metrics,1,2
2324,benthic_metrics_CHIRPIND,CHIRPIND,Benthic Macroinvertebrates,NRSA 2324 Benthic Metrics,% Chironomidae individuals,BERW | BETB,,,,Same definition appears for multiple sample/record types,benthic_metrics,1,2
2324,benthic_metrics_CHIRPTAX,CHIRPTAX,Benthic Macroinvertebrates,NRSA 2324 Benthic Metrics,% Chironomidae taxa,BERW | BETB,,,,Same definition appears for multiple sample/record types,benthic_metrics,1,2
2324,benthic_metrics_CLMBNTAX,CLMBNTAX,Benthic Macroinvertebrates,NRSA 2324 Benthic Metrics,No. of Climbers taxa,BERW | BETB,,,,Same definition appears for multiple sample/record types,benthic_metrics,1,2
2324,benthic_metrics_CLMBPIND,CLMBPIND,Benthic Macroinvertebrates,NRSA 2324 Benthic Metrics,% Climbers individuals,BERW | BETB,,,,Same definition appears for multiple sample/record types,benthic_metrics,1,2
2324,benthic_metrics_CLMBPTAX,CLMBPTAX,Benthic Macroinvertebrates,NRSA 2324 Benthic Metrics,% Climbers taxa,BERW | BETB,,,,Same definition appears for multiple sample/record types,benthic_metrics,1,2
2324,benthic_metrics_CLNGNTAX,CLNGNTAX,Benthic Macroinvertebrates,NRSA 2324 Benthic Metrics,No. of Clingers taxa,BERW | BETB,,,,Same definition appears for multiple sample/record types,benthic_metrics,1,2
2324,benthic_metrics_CLNGPIND,CLNGPIND,Benthic Macroinvertebrates,NRSA 2324 Benthic Metrics,% Clingers individuals,BERW | BETB,,,,Same definition appears for multiple sample/record types,benthic_metrics,1,2
2324,benthic_metrics_CLNGPTAX,CLNGPTAX,Benthic Macroinvertebrates,NRSA 2324 Benthic Metrics,% Clingers taxa,BERW | BETB,,,,Same definition appears for multiple sample/record types,benthic_metrics,1,2
2324,benthic_metrics_COFINTAX,COFINTAX,Benthic Macroinvertebrates,NRSA 2324 Benthic Metrics,No. of Collecter-filterer taxa,BERW | BETB,,,,Same definition appears for multiple sample/record types,benthic_metrics,1,2
2324,benthic_metrics_COFIPIND,COFIPIND,Benthic Macroinvertebrates,NRSA 2324 Benthic Metrics,% Collecter-filterer individuals,BERW | BETB,,,,Same definition appears for multiple sample/record types,benthic_metrics,1,2
2324,benthic_metrics_COFIPTAX,COFIPTAX,Benthic Macroinvertebrates,NRSA 2324 Benthic Metrics,% Collecter-filterer taxa,BERW | BETB,,,,Same definition appears for multiple sample/record types,benthic_metrics,1,2
2324,benthic_metrics_COFITRICNTAX,COFITRICNTAX,Benthic Macroinvertebrates,NRSA 2324 Benthic Metrics,No. of Collector-filterer Trichoptera taxa,BERW | BETB,,,,Same definition appears for multiple sample/record types,benthic_metrics,1,2
2324,benthic_metrics_COFITRICPIND,COFITRICPIND,Benthic Macroinvertebrates,NRSA 2324 Benthic Metrics,% Collector-filterer Trichoptera individuals,BERW | BETB,,,,Same definition appears for multiple sample/record types,benthic_metrics,1,2
2324,benthic_metrics_COFITRICPTAX,COFITRICPTAX,Benthic Macroinvertebrates,NRSA 2324 Benthic Metrics,% Collector-filterer Trichoptera taxa,BERW | BETB,,,,Same definition appears for multiple sample/record types,benthic_metrics,1,2
2324,benthic_metrics_COGANTAX,COGANTAX,Benthic Macroinvertebrates,NRSA 2324 Benthic Metrics,No. of Collecter-gatherer taxa,BERW | BETB,,,,Same definition appears for multiple sample/record types,benthic_metrics,1,2
2324,benthic_metrics_COGAPIND,COGAPIND,Benthic Macroinvertebrates,NRSA 2324 Benthic Metrics,% Collecter-gatherer individuals,BERW | BETB,,,,Same definition appears for multiple sample/record types,benthic_metrics,1,2
2324,benthic_metrics_COGAPTAX,COGAPTAX,Benthic Macroinvertebrates,NRSA 2324 Benthic Metrics,% Collecter-gatherer taxa,BERW | BETB,,,,Same definition appears for multiple sample/record types,benthic_metrics,1,2
2324,benthic_metrics_CRUSNTAX,CRUSNTAX,Benthic Macroinvertebrates,NRSA 2324 Benthic Metrics,No. of Crustaceans taxa,BERW | BETB,,,,Same definition appears for multiple sample/record types,benthic_metrics,1,2
2324,benthic_metrics_CRUSPIND,CRUSPIND,Benthic Macroinvertebrates,NRSA 2324 Benthic Metrics,% Crustaceans individuals,BERW | BETB,,,,Same definition appears for multiple sample/record types,benthic_metrics,1,2
2324,benthic_metrics_CRUSPTAX,CRUSPTAX,Benthic Macroinvertebrates,NRSA 2324 Benthic Metrics,% Crustaceans taxa,BERW | BETB,,,,Same definition appears for multiple sample/record types,benthic_metrics,1,2
2324,benthic_metrics_DATE_COL,DATE_COL,Benthic Macroinvertebrates,NRSA 2324 Benthic Metrics,Date of data collection in field,VERIF,,,,Single metadata definition,benthic_metrics,15,1
2324,benthic_metrics_DIPTNTAX,DIPTNTAX,Benthic Macroinvertebrates,NRSA 2324 Benthic Metrics,No. of Diptera taxa,BERW | BETB,,,,Same definition appears for multiple sample/record types,benthic_metrics,1,2
2324,benthic_metrics_DIPTPIND,DIPTPIND,Benthic Macroinvertebrates,NRSA 2324 Benthic Metrics,% Diptera individuals,BERW | BETB,,,,Same definition appears for multiple sample/record types,benthic_metrics,1,2
2324,benthic_metrics_DIPTPTAX,DIPTPTAX,Benthic Macroinvertebrates,NRSA 2324 Benthic Metrics,% Diptera taxa,BERW | BETB,,,,Same definition appears for multiple sample/record types,benthic_metrics,1,2
2324,benthic_metrics_DOM1PIND,DOM1PIND,Benthic Macroinvertebrates,NRSA 2324 Benthic Metrics,% individuals in dominant distinct taxon,BERW | BETB,,,,Same definition appears for multiple sample/record types,benthic_metrics,1,2
2324,benthic_metrics_DOM3PIND,DOM3PIND,Benthic Macroinvertebrates,NRSA 2324 Benthic Metrics,% individuals in dominant 3 distinct taxa,BERW | BETB,,,,Same definition appears for multiple sample/record types,benthic_metrics,1,2
2324,benthic_metrics_DOM5PIND,DOM5PIND,Benthic Macroinvertebrates,NRSA 2324 Benthic Metrics,% individuals in dominant 5 distinct taxa,BERW | BETB,,,,Same definition appears for multiple sample/record types,benthic_metrics,1,2
2324,benthic_metrics_EPHENTAX,EPHENTAX,Benthic Macroinvertebrates,NRSA 2324 Benthic Metrics,No. of Ephemeroptera taxa,BERW | BETB,,,,Same definition appears for multiple sample/record types,benthic_metrics,1,2
2324,benthic_metrics_EPHEPIND,EPHEPIND,Benthic Macroinvertebrates,NRSA 2324 Benthic Metrics,% Ephemeroptera individuals,BERW | BETB,,,,Same definition appears for multiple sample/record types,benthic_metrics,1,2
2324,benthic_metrics_EPHEPTAX,EPHEPTAX,Benthic Macroinvertebrates,NRSA 2324 Benthic Metrics,% Ephemeroptera taxa,BERW | BETB,,,,Same definition appears for multiple sample/record types,benthic_metrics,1,2
2324,benthic_metrics_EPOTNTAX,EPOTNTAX,Benthic Macroinvertebrates,NRSA 2324 Benthic Metrics,"No. of Ephemeroptera, Plecoptera, Odonata, & Trichoptera taxa",BERW | BETB,,,,Same definition appears for multiple sample/record types,benthic_metrics,1,2
2324,benthic_metrics_EPOTPIND,EPOTPIND,Benthic Macroinvertebrates,NRSA 2324 Benthic Metrics,"% Ephemeroptera, Plecoptera, Odonata, & Trichoptera individuals",BERW | BETB,,,,Same definition appears for multiple sample/record types,benthic_metrics,1,2
2324,benthic_metrics_EPOTPTAX,EPOTPTAX,Benthic Macroinvertebrates,NRSA 2324 Benthic Metrics,"% Ephemeroptera, Plecoptera, Odonata, & Trichoptera taxa",BERW | BETB,,,,Same definition appears for multiple sample/record types,benthic_metrics,1,2
2324,benthic_metrics_EPT_NTAX,EPT_NTAX,Benthic Macroinvertebrates,NRSA 2324 Benthic Metrics,No. of EPT taxa,BERW | BETB,,,,Same definition appears for multiple sample/record types,benthic_metrics,1,2
2324,benthic_metrics_EPT_PIND,EPT_PIND,Benthic Macroinvertebrates,NRSA 2324 Benthic Metrics,% EPT individuals,BERW | BETB,,,,Same definition appears for multiple sample/record types,benthic_metrics,1,2
2324,benthic_metrics_EPT_PTAX,EPT_PTAX,Benthic Macroinvertebrates,NRSA 2324 Benthic Metrics,% EPT taxa,BERW | BETB,,,,Same definition appears for multiple sample/record types,benthic_metrics,1,2
2324,benthic_metrics_FACLNTAX,FACLNTAX,Benthic Macroinvertebrates,NRSA 2324 Benthic Metrics,No. of Facultative (3< PTV <7) taxa,BERW | BETB,,,,Same definition appears for multiple sample/record types,benthic_metrics,1,2
2324,benthic_metrics_FACLPIND,FACLPIND,Benthic Macroinvertebrates,NRSA 2324 Benthic Metrics,% Facultative (3< PTV <7) individuals,BERW | BETB,,,,Same definition appears for multiple sample/record types,benthic_metrics,1,2
2324,benthic_metrics_FACLPTAX,FACLPTAX,Benthic Macroinvertebrates,NRSA 2324 Benthic Metrics,% Facultative (3< PTV <7) taxa,BERW | BETB,,,,Same definition appears for multiple sample/record types,benthic_metrics,1,2
2324,benthic_metrics_HEMINTAX,HEMINTAX,Benthic Macroinvertebrates,NRSA 2324 Benthic Metrics,No. of Hemiptera taxa,BERW | BETB,,,,Same definition appears for multiple sample/record types,benthic_metrics,1,2
2324,benthic_metrics_HEMIPIND,HEMIPIND,Benthic Macroinvertebrates,NRSA 2324 Benthic Metrics,% Hemiptera individuals,BERW | BETB,,,,Same definition appears for multiple sample/record types,benthic_metrics,1,2
2324,benthic_metrics_HEMIPTAX,HEMIPTAX,Benthic Macroinvertebrates,NRSA 2324 Benthic Metrics,% Hemiptera taxa,BERW | BETB,,,,Same definition appears for multiple sample/record types,benthic_metrics,1,2
2324,benthic_metrics_HPRIME,HPRIME,Benthic Macroinvertebrates,NRSA 2324 Benthic Metrics,"Shannon diversity- sum of prop_i*ln(prop_i) based only on distinct taxa, where prop_i=proportion of species i in sample",BERW | BETB,,,,Same definition appears for multiple sample/record types,benthic_metrics,1,2
2324,benthic_metrics_INTLNTAX,INTLNTAX,Benthic Macroinvertebrates,NRSA 2324 Benthic Metrics,No. of Intolerant (PTV<=3) taxa,BERW | BETB,,,,Same definition appears for multiple sample/record types,benthic_metrics,2,2
2324,benthic_metrics_INTLPIND,INTLPIND,Benthic Macroinvertebrates,NRSA 2324 Benthic Metrics,% Intolerant (PTV<=3) individuals,BERW | BETB,,,,Same definition appears for multiple sample/record types,benthic_metrics,2,2
2324,benthic_metrics_INTLPTAX,INTLPTAX,Benthic Macroinvertebrates,NRSA 2324 Benthic Metrics,% Intolerant (PTV<=3) taxa,BERW | BETB,,,,Same definition appears for multiple sample/record types,benthic_metrics,2,2
2324,benthic_metrics_MITENTAX,MITENTAX,Benthic Macroinvertebrates,NRSA 2324 Benthic Metrics,No. of Mite taxa,BERW | BETB,,,,Same definition appears for multiple sample/record types,benthic_metrics,1,2
2324,benthic_metrics_MITEPIND,MITEPIND,Benthic Macroinvertebrates,NRSA 2324 Benthic Metrics,% Mite individuals,BERW | BETB,,,,Same definition appears for multiple sample/record types,benthic_metrics,1,2
2324,benthic_metrics_MITEPTAX,MITEPTAX,Benthic Macroinvertebrates,NRSA 2324 Benthic Metrics,% Mite taxa,BERW | BETB,,,,Same definition appears for multiple sample/record types,benthic_metrics,1,2
2324,benthic_metrics_MOLLNTAX,MOLLNTAX,Benthic Macroinvertebrates,NRSA 2324 Benthic Metrics,No. of Mollusca taxa,BERW | BETB,,,,Same definition appears for multiple sample/record types,benthic_metrics,1,2
2324,benthic_metrics_MOLLPIND,MOLLPIND,Benthic Macroinvertebrates,NRSA 2324 Benthic Metrics,% Mollusca individuals,BERW | BETB,,,,Same definition appears for multiple sample/record types,benthic_metrics,1,2
2324,benthic_metrics_MOLLPTAX,MOLLPTAX,Benthic Macroinvertebrates,NRSA 2324 Benthic Metrics,% Mollusca taxa,BERW | BETB,,,,Same definition appears for multiple sample/record types,benthic_metrics,1,2
2324,benthic_metrics_NOINNTAX,NOINNTAX,Benthic Macroinvertebrates,NRSA 2324 Benthic Metrics,No. of Non-insects taxa,BERW | BETB,,,,Same definition appears for multiple sample/record types,benthic_metrics,1,2
2324,benthic_metrics_NOINPIND,NOINPIND,Benthic Macroinvertebrates,NRSA 2324 Benthic Metrics,% Non-insects individuals,BERW | BETB,,,,Same definition appears for multiple sample/record types,benthic_metrics,1,2
2324,benthic_metrics_NOINPTAX,NOINPTAX,Benthic Macroinvertebrates,NRSA 2324 Benthic Metrics,% Non-insects taxa,BERW | BETB,,,,Same definition appears for multiple sample/record types,benthic_metrics,1,2
2324,benthic_metrics_NTOLNTAX,NTOLNTAX,Benthic Macroinvertebrates,NRSA 2324 Benthic Metrics,No. of non-tolerants (PTV<6) taxa,BERW | BETB,,,,Same definition appears for multiple sample/record types,benthic_metrics,2,2
2324,benthic_metrics_NTOLPIND,NTOLPIND,Benthic Macroinvertebrates,NRSA 2324 Benthic Metrics,% non-tolerants (PTV<6) individuals,BERW | BETB,,,,Same definition appears for multiple sample/record types,benthic_metrics,2,2
2324,benthic_metrics_NTOLPTAX,NTOLPTAX,Benthic Macroinvertebrates,NRSA 2324 Benthic Metrics,% non-tolerants (PTV<6) taxa,BERW | BETB,,,,Same definition appears for multiple sample/record types,benthic_metrics,2,2
2324,benthic_metrics_ODONNTAX,ODONNTAX,Benthic Macroinvertebrates,NRSA 2324 Benthic Metrics,No. of Odonata taxa,BERW | BETB,,,,Same definition appears for multiple sample/record types,benthic_metrics,1,2
2324,benthic_metrics_ODONPIND,ODONPIND,Benthic Macroinvertebrates,NRSA 2324 Benthic Metrics,% Odonata individuals,BERW | BETB,,,,Same definition appears for multiple sample/record types,benthic_metrics,1,2
2324,benthic_metrics_ODONPTAX,ODONPTAX,Benthic Macroinvertebrates,NRSA 2324 Benthic Metrics,% Odonata taxa,BERW | BETB,,,,Same definition appears for multiple sample/record types,benthic_metrics,1,2
2324,benthic_metrics_OLLENTAX,OLLENTAX,Benthic Macroinvertebrates,NRSA 2324 Benthic Metrics,No. of Oligochaete and leech taxa,BERW | BETB,,,,Same definition appears for multiple sample/record types,benthic_metrics,1,2
2324,benthic_metrics_OLLEPIND,OLLEPIND,Benthic Macroinvertebrates,NRSA 2324 Benthic Metrics,% Oligochaete and leech individuals,BERW | BETB,,,,Same definition appears for multiple sample/record types,benthic_metrics,1,2
2324,benthic_metrics_OLLEPTAX,OLLEPTAX,Benthic Macroinvertebrates,NRSA 2324 Benthic Metrics,% Oligochaete and leech taxa,BERW | BETB,,,,Same definition appears for multiple sample/record types,benthic_metrics,1,2
2324,benthic_metrics_ORTHCHIRPIND,ORTHCHIRPIND,Benthic Macroinvertebrates,NRSA 2324 Benthic Metrics,% Chironomidae individuals in Orthocladiinae,BERW | BETB,,,,Same definition appears for multiple sample/record types,benthic_metrics,1,2
2324,benthic_metrics_ORTHNTAX,ORTHNTAX,Benthic Macroinvertebrates,NRSA 2324 Benthic Metrics,No. of Orthocladiinae chironomid taxa,BERW | BETB,,,,Same definition appears for multiple sample/record types,benthic_metrics,1,2
2324,benthic_metrics_ORTHPIND,ORTHPIND,Benthic Macroinvertebrates,NRSA 2324 Benthic Metrics,% Orthocladiinae chironomid individuals,BERW | BETB,,,,Same definition appears for multiple sample/record types,benthic_metrics,1,2
2324,benthic_metrics_ORTHPTAX,ORTHPTAX,Benthic Macroinvertebrates,NRSA 2324 Benthic Metrics,% Orthocladiinae chironomid taxa,BERW | BETB,,,,Same definition appears for multiple sample/record types,benthic_metrics,1,2
2324,benthic_metrics_PLECNTAX,PLECNTAX,Benthic Macroinvertebrates,NRSA 2324 Benthic Metrics,No. of Plecoptera taxa,BERW | BETB,,,,Same definition appears for multiple sample/record types,benthic_metrics,1,2
2324,benthic_metrics_PLECPIND,PLECPIND,Benthic Macroinvertebrates,NRSA 2324 Benthic Metrics,% Plecoptera individuals,BERW | BETB,,,,Same definition appears for multiple sample/record types,benthic_metrics,1,2
2324,benthic_metrics_PLECPTAX,PLECPTAX,Benthic Macroinvertebrates,NRSA 2324 Benthic Metrics,% Plecoptera taxa,BERW | BETB,,,,Same definition appears for multiple sample/record types,benthic_metrics,1,2
2324,benthic_metrics_PREDNTAX,PREDNTAX,Benthic Macroinvertebrates,NRSA 2324 Benthic Metrics,No. of Predators taxa,BERW | BETB,,,,Same definition appears for multiple sample/record types,benthic_metrics,1,2
2324,benthic_metrics_PREDPIND,PREDPIND,Benthic Macroinvertebrates,NRSA 2324 Benthic Metrics,% Predators individuals,BERW | BETB,,,,Same definition appears for multiple sample/record types,benthic_metrics,1,2
2324,benthic_metrics_PREDPTAX,PREDPTAX,Benthic Macroinvertebrates,NRSA 2324 Benthic Metrics,% Predators taxa,BERW | BETB,,,,Same definition appears for multiple sample/record types,benthic_metrics,1,2
2324,benthic_metrics_PSTL_CODE,PSTL_CODE,Benthic Macroinvertebrates,NRSA 2324 Benthic Metrics,"State two letter postal code for site sampled. 50 state postal codes plus AS, MP, GU, PR, VI for American Samoa, Commonwealth of Northern Marianas, Guam, Puerto Rico and Virgin Islands. No missing or \blank\"" values allowed.""",DESIGN,,,,Single metadata definition,benthic_metrics,15,1
2324,benthic_metrics_PUBLICATION_DATE,PUBLICATION_DATE,Benthic Macroinvertebrates,NRSA 2324 Benthic Metrics,Date of data file publication,,,,,Single metadata definition,benthic_metrics,16,1
2324,benthic_metrics_SAMPLE_TYPE,SAMPLE_TYPE,Benthic Macroinvertebrates,NRSA 2324 Benthic Metrics,Sample type; BETB = non-wadable method (Benthic Boatable) and BERW = wadeable method (Benthic Reach Wide),,,,,Single metadata definition,benthic_metrics,7,1
2324,benthic_metrics_SCRPNTAX,SCRPNTAX,Benthic Macroinvertebrates,NRSA 2324 Benthic Metrics,No. of Scrapers taxa,BERW | BETB,,,,Same definition appears for multiple sample/record types,benthic_metrics,1,2
2324,benthic_metrics_SCRPPIND,SCRPPIND,Benthic Macroinvertebrates,NRSA 2324 Benthic Metrics,% Scrapers individuals,BERW | BETB,,,,Same definition appears for multiple sample/record types,benthic_metrics,1,2
2324,benthic_metrics_SCRPPTAX,SCRPPTAX,Benthic Macroinvertebrates,NRSA 2324 Benthic Metrics,% Scrapers taxa,BERW | BETB,,,,Same definition appears for multiple sample/record types,benthic_metrics,1,2
2324,benthic_metrics_SHRDNTAX,SHRDNTAX,Benthic Macroinvertebrates,NRSA 2324 Benthic Metrics,No. of Shredders taxa,BERW | BETB,,,,Same definition appears for multiple sample/record types,benthic_metrics,1,2
2324,benthic_metrics_SHRDPIND,SHRDPIND,Benthic Macroinvertebrates,NRSA 2324 Benthic Metrics,% Shredders individuals,BERW | BETB,,,,Same definition appears for multiple sample/record types,benthic_metrics,1,2
2324,benthic_metrics_SHRDPTAX,SHRDPTAX,Benthic Macroinvertebrates,NRSA 2324 Benthic Metrics,% Shredders taxa,BERW | BETB,,,,Same definition appears for multiple sample/record types,benthic_metrics,1,2
2324,benthic_metrics_SITE_ID,SITE_ID,Benthic Macroinvertebrates,NRSA 2324 Benthic Metrics,"Site ID for the study and year sampled. Preferred form is NRSnn_MM-xxxxx where nn is current cycle year (04, 08, 13, 18, etc), MM is two letter state code, and xxxxx is between 10001 and 99999. No missing or \blank\"" values allowed.""",DESIGN,,,,Single metadata definition,benthic_metrics,15,1
2324,benthic_metrics_SPWLNTAX,SPWLNTAX,Benthic Macroinvertebrates,NRSA 2324 Benthic Metrics,No. of Sprawlers taxa,BERW | BETB,,,,Same definition appears for multiple sample/record types,benthic_metrics,1,2
2324,benthic_metrics_SPWLPIND,SPWLPIND,Benthic Macroinvertebrates,NRSA 2324 Benthic Metrics,% Sprawlers individuals,BERW | BETB,,,,Same definition appears for multiple sample/record types,benthic_metrics,1,2
2324,benthic_metrics_SPWLPTAX,SPWLPTAX,Benthic Macroinvertebrates,NRSA 2324 Benthic Metrics,% Sprawlers taxa,BERW | BETB,,,,Same definition appears for multiple sample/record types,benthic_metrics,1,2
2324,benthic_metrics_STOLNTAX,STOLNTAX,Benthic Macroinvertebrates,NRSA 2324 Benthic Metrics,No. of taxa with PTV>=8,BERW | BETB,,,,Same definition appears for multiple sample/record types,benthic_metrics,1,2
2324,benthic_metrics_STOLPIND,STOLPIND,Benthic Macroinvertebrates,NRSA 2324 Benthic Metrics,% Individuals with PTV>=8,BERW | BETB,,,,Same definition appears for multiple sample/record types,benthic_metrics,1,2
2324,benthic_metrics_STOLPTAX,STOLPTAX,Benthic Macroinvertebrates,NRSA 2324 Benthic Metrics,% taxa with PTV>=8,BERW | BETB,,,,Same definition appears for multiple sample/record types,benthic_metrics,1,2
2324,benthic_metrics_SWIMNTAX,SWIMNTAX,Benthic Macroinvertebrates,NRSA 2324 Benthic Metrics,No. of Swimmers taxa,BERW | BETB,,,,Same definition appears for multiple sample/record types,benthic_metrics,1,2
2324,benthic_metrics_SWIMPIND,SWIMPIND,Benthic Macroinvertebrates,NRSA 2324 Benthic Metrics,% Swimmers individuals,BERW | BETB,,,,Same definition appears for multiple sample/record types,benthic_metrics,1,2
2324,benthic_metrics_SWIMPTAX,SWIMPTAX,Benthic Macroinvertebrates,NRSA 2324 Benthic Metrics,% Swimmers taxa,BERW | BETB,,,,Same definition appears for multiple sample/record types,benthic_metrics,1,2
2324,benthic_metrics_TANYNTAX,TANYNTAX,Benthic Macroinvertebrates,NRSA 2324 Benthic Metrics,No. of Tanytarsini taxa,BERW | BETB,,,,Same definition appears for multiple sample/record types,benthic_metrics,1,2
2324,benthic_metrics_TANYPIND,TANYPIND,Benthic Macroinvertebrates,NRSA 2324 Benthic Metrics,% Tanytarsini individuals,BERW | BETB,,,,Same definition appears for multiple sample/record types,benthic_metrics,1,2
2324,benthic_metrics_TANYPTAX,TANYPTAX,Benthic Macroinvertebrates,NRSA 2324 Benthic Metrics,% Tanytarsini taxa,BERW | BETB,,,,Same definition appears for multiple sample/record types,benthic_metrics,1,2
2324,benthic_metrics_TL01NTAX,TL01NTAX,Benthic Macroinvertebrates,NRSA 2324 Benthic Metrics,No. of taxa with PTV<2,BERW | BETB,,,,Same definition appears for multiple sample/record types,benthic_metrics,1,2
2324,benthic_metrics_TL01PIND,TL01PIND,Benthic Macroinvertebrates,NRSA 2324 Benthic Metrics,% Individuals with PTV <2,BERW | BETB,,,,Same definition appears for multiple sample/record types,benthic_metrics,1,2
2324,benthic_metrics_TL01PTAX,TL01PTAX,Benthic Macroinvertebrates,NRSA 2324 Benthic Metrics,% taxa with PTV<2,BERW | BETB,,,,Same definition appears for multiple sample/record types,benthic_metrics,1,2
2324,benthic_metrics_TL23NTAX,TL23NTAX,Benthic Macroinvertebrates,NRSA 2324 Benthic Metrics,No. taxa with PTV >=2 & <4,BERW | BETB,,,,Same definition appears for multiple sample/record types,benthic_metrics,1,2
2324,benthic_metrics_TL23PIND,TL23PIND,Benthic Macroinvertebrates,NRSA 2324 Benthic Metrics,% individuals with PTV >=2 & <4,BERW | BETB,,,,Same definition appears for multiple sample/record types,benthic_metrics,1,2
2324,benthic_metrics_TL23PTAX,TL23PTAX,Benthic Macroinvertebrates,NRSA 2324 Benthic Metrics,% taxa with PTV>=2 & <4,BERW | BETB,,,,Same definition appears for multiple sample/record types,benthic_metrics,1,2
2324,benthic_metrics_TL45NTAX,TL45NTAX,Benthic Macroinvertebrates,NRSA 2324 Benthic Metrics,No. taxa with PTV >=4 & <6,BERW | BETB,,,,Same definition appears for multiple sample/record types,benthic_metrics,1,2
2324,benthic_metrics_TL45PIND,TL45PIND,Benthic Macroinvertebrates,NRSA 2324 Benthic Metrics,% individuals with PTV >=4 & <6,BERW | BETB,,,,Same definition appears for multiple sample/record types,benthic_metrics,1,2
2324,benthic_metrics_TL45PTAX,TL45PTAX,Benthic Macroinvertebrates,NRSA 2324 Benthic Metrics,% taxa with PTV>=4 & <6,BERW | BETB,,,,Same definition appears for multiple sample/record types,benthic_metrics,1,2
2324,benthic_metrics_TL67NTAX,TL67NTAX,Benthic Macroinvertebrates,NRSA 2324 Benthic Metrics,No. taxa with PTV >=6 & <8,BERW | BETB,,,,Same definition appears for multiple sample/record types,benthic_metrics,1,2
2324,benthic_metrics_TL67PIND,TL67PIND,Benthic Macroinvertebrates,NRSA 2324 Benthic Metrics,% individuals with PTV >=6 & <8,BERW | BETB,,,,Same definition appears for multiple sample/record types,benthic_metrics,1,2
2324,benthic_metrics_TL67PTAX,TL67PTAX,Benthic Macroinvertebrates,NRSA 2324 Benthic Metrics,% taxa with PTV>=6 & <8,BERW | BETB,,,,Same definition appears for multiple sample/record types,benthic_metrics,1,2
2324,benthic_metrics_TOLRNTAX,TOLRNTAX,Benthic Macroinvertebrates,NRSA 2324 Benthic Metrics,No. of Tolerant (PTV>=7) taxa,BERW | BETB,,,,Same definition appears for multiple sample/record types,benthic_metrics,2,2
2324,benthic_metrics_TOLRPIND,TOLRPIND,Benthic Macroinvertebrates,NRSA 2324 Benthic Metrics,% Tolerant (PTV>=7) individuals,BERW | BETB,,,,Same definition appears for multiple sample/record types,benthic_metrics,2,2
2324,benthic_metrics_TOLRPTAX,TOLRPTAX,Benthic Macroinvertebrates,NRSA 2324 Benthic Metrics,% Tolerant (PTV>=7) taxa,BERW | BETB,,,,Same definition appears for multiple sample/record types,benthic_metrics,2,2
2324,benthic_metrics_TOTLNIND,TOTLNIND,Benthic Macroinvertebrates,NRSA 2324 Benthic Metrics,Number of individuals in sample,BERW | BETB,,,,Same definition appears for multiple sample/record types,benthic_metrics,2,2
2324,benthic_metrics_TOTLNTAX,TOTLNTAX,Benthic Macroinvertebrates,NRSA 2324 Benthic Metrics,Number of distinct taxa in sample,BERW | BETB,,,,Same definition appears for multiple sample/record types,benthic_metrics,2,2
2324,benthic_metrics_TRICNTAX,TRICNTAX,Benthic Macroinvertebrates,NRSA 2324 Benthic Metrics,No. of Trichoptera taxa,BERW | BETB,,,,Same definition appears for multiple sample/record types,benthic_metrics,1,2
2324,benthic_metrics_TRICPIND,TRICPIND,Benthic Macroinvertebrates,NRSA 2324 Benthic Metrics,% Trichoptera individuals,BERW | BETB,,,,Same definition appears for multiple sample/record types,benthic_metrics,1,2
2324,benthic_metrics_TRICPTAX,TRICPTAX,Benthic Macroinvertebrates,NRSA 2324 Benthic Metrics,% Trichoptera taxa,BERW | BETB,,,,Same definition appears for multiple sample/record types,benthic_metrics,1,2
2324,benthic_metrics_TUBINAIDNTAX,TUBINAIDNTAX,Benthic Macroinvertebrates,NRSA 2324 Benthic Metrics,No. of Tubificidae and Naididae taxa,BERW | BETB,,,,Same definition appears for multiple sample/record types,benthic_metrics,1,2
2324,benthic_metrics_TUBINAIDPIND,TUBINAIDPIND,Benthic Macroinvertebrates,NRSA 2324 Benthic Metrics,% Tubificidae and Naididae individuals,BERW | BETB,,,,Same definition appears for multiple sample/record types,benthic_metrics,1,2
2324,benthic_metrics_TUBINAIDPTAX,TUBINAIDPTAX,Benthic Macroinvertebrates,NRSA 2324 Benthic Metrics,% Tubificidae and Naididae taxa,BERW | BETB,,,,Same definition appears for multiple sample/record types,benthic_metrics,1,2
2324,benthic_metrics_UID,UID,Benthic Macroinvertebrates,NRSA 2324 Benthic Metrics,Unique site visit ID,,,,,Single metadata definition,benthic_metrics,15,1
2324,benthic_metrics_UNIQUE_ID,UNIQUE_ID,Benthic Macroinvertebrates,NRSA 2324 Benthic Metrics,Unique site ID based on location that does not depend on year sampled or any other factor. Form is NRS_ss_nnnnn where ss state and nnnnn is number that starts at 10001. No missing values allowed.,,,,,Single metadata definition,benthic_metrics,15,1
2324,benthic_metrics_VISIT_NO,VISIT_NO,Benthic Macroinvertebrates,NRSA 2324 Benthic Metrics,Number identifying which visit this is,VERIF,|1|2,,,Single metadata definition,benthic_metrics,15,1
2324,benthic_metrics_WTD_TV,WTD_TV,Benthic Macroinvertebrates,NRSA 2324 Benthic Metrics,"Hilsenhoff Biotic Index (HBI), sum of TV_i*prop_i, where TV_i=tolerance value for species i and prop_i=proportion of taxon i in sample, based on all taxa in sample",BERW | BETB,,,,Same definition appears for multiple sample/record types,benthic_metrics,2,2
2324,benthic_mmi_BENT_MMI_COND,BENT_MMI_COND,Benthic Macroinvertebrates,NRSA 2324 Benthic MMI,Condition class based on benthic MMI score,BERW | BETB,Good|Fair|Poor|Not Assessed,,,Same definition appears for multiple sample/record types,benthic_mmi,1,2
2324,benthic_mmi_COMP_PT,COMP_PT,Benthic Macroinvertebrates,NRSA 2324 Benthic MMI,Metric score for composition metric,BERW | BETB,Good|Fair|Poor|Not Assessed,,,Same definition appears for multiple sample/record types,benthic_mmi,1,2
2324,benthic_mmi_DATE_COL,DATE_COL,Benthic Macroinvertebrates,NRSA 2324 Benthic MMI,Date of data collection in field,VERIF,,,,Single metadata definition,benthic_mmi,15,1
2324,benthic_mmi_DIVS_PT,DIVS_PT,Benthic Macroinvertebrates,NRSA 2324 Benthic MMI,Metric score for diversity metric,BERW | BETB,Good|Fair|Poor|Not Assessed,,,Same definition appears for multiple sample/record types,benthic_mmi,1,2
2324,benthic_mmi_FEED_PT,FEED_PT,Benthic Macroinvertebrates,NRSA 2324 Benthic MMI,Metric score for functional feeding group,BERW | BETB,Good|Fair|Poor|Not Assessed,,,Same definition appears for multiple sample/record types,benthic_mmi,1,2
2324,benthic_mmi_HABT_PT,HABT_PT,Benthic Macroinvertebrates,NRSA 2324 Benthic MMI,Metric score for habit,BERW | BETB,Good|Fair|Poor|Not Assessed,,,Same definition appears for multiple sample/record types,benthic_mmi,1,2
2324,benthic_mmi_MMI_BENT,MMI_BENT,Benthic Macroinvertebrates,NRSA 2324 Benthic MMI,Benthic MMI score,BERW | BETB,Good|Fair|Poor|Not Assessed,,,Same definition appears for multiple sample/record types,benthic_mmi,1,2
2324,benthic_mmi_PSTL_CODE,PSTL_CODE,Benthic Macroinvertebrates,NRSA 2324 Benthic MMI,"State two letter postal code for site sampled. 50 state postal codes plus AS, MP, GU, PR, VI for American Samoa, Commonwealth of Northern Marianas, Guam, Puerto Rico and Virgin Islands. No missing or \blank\"" values allowed.""",DESIGN,,,,Single metadata definition,benthic_mmi,15,1
2324,benthic_mmi_PUBLICATION_DATE,PUBLICATION_DATE,Benthic Macroinvertebrates,NRSA 2324 Benthic MMI,Date of data file publication,,,,,Single metadata definition,benthic_mmi,16,1
2324,benthic_mmi_RICH_PT,RICH_PT,Benthic Macroinvertebrates,NRSA 2324 Benthic MMI,Metric score for taxa richness,BERW | BETB,Good|Fair|Poor|Not Assessed,,,Same definition appears for multiple sample/record types,benthic_mmi,1,2
2324,benthic_mmi_SAMPLE_TYPE,SAMPLE_TYPE,Benthic Macroinvertebrates,NRSA 2324 Benthic MMI,Sample type; BETB = non-wadable method (Benthic Boatable) and BERW = wadeable method (Benthic Reach Wide),,,,,Single metadata definition,benthic_mmi,7,1
2324,benthic_mmi_SITE_ID,SITE_ID,Benthic Macroinvertebrates,NRSA 2324 Benthic MMI,"Site ID for the study and year sampled. Preferred form is NRSnn_MM-xxxxx where nn is current cycle year (04, 08, 13, 18, etc), MM is two letter state code, and xxxxx is between 10001 and 99999. No missing or \blank\"" values allowed.""",DESIGN,,,,Single metadata definition,benthic_mmi,15,1
2324,benthic_mmi_TOLR_PT,TOLR_PT,Benthic Macroinvertebrates,NRSA 2324 Benthic MMI,Metric score for tolerance metric,BERW | BETB,Good|Fair|Poor|Not Assessed,,,Same definition appears for multiple sample/record types,benthic_mmi,1,2
2324,benthic_mmi_UID,UID,Benthic Macroinvertebrates,NRSA 2324 Benthic MMI,Unique site visit ID,,,,,Single metadata definition,benthic_mmi,15,1
2324,benthic_mmi_UNIQUE_ID,UNIQUE_ID,Benthic Macroinvertebrates,NRSA 2324 Benthic MMI,Unique site ID based on location that does not depend on year sampled or any other factor. Form is NRS_ss_nnnnn where ss state and nnnnn is number that starts at 10001. No missing values allowed.,,,,,Single metadata definition,benthic_mmi,15,1
2324,benthic_mmi_VISIT_NO,VISIT_NO,Benthic Macroinvertebrates,NRSA 2324 Benthic MMI,Number identifying which visit this is,VERIF,|1|2,,,Single metadata definition,benthic_mmi,15,1
2324,benthic_taxa_CLASS,CLASS,Benthic Macroinvertebrates,NRSA 2324 Benthic Taxa List,Class name | Class of taxon,TAXA: Algae | TAXA: Invertebrates,,,,Protocol/sample-type specific definitions — see Metadata Detail,benthic_taxa,2,2
2324,benthic_taxa_FAMILY,FAMILY,Benthic Macroinvertebrates,NRSA 2324 Benthic Taxa List,Family name | Family of taxon | Final taxon name within fish samples,TAXA: Algae | TAXA: Invertebrates | TAXA: Vertebrate,,,,Protocol/sample-type specific definitions — see Metadata Detail,benthic_taxa,3,3
2324,benthic_taxa_FFG,FFG,Benthic Macroinvertebrates,NRSA 2324 Benthic Taxa List,"Functional feeding group used in metric calculations;Collector-filterer(CF),Collector-gatherer(CG),Parasite(PA),Piercer(PI),Scraper(SC),Shredder(SH)",TAXA: Invertebrates,,,,Single metadata definition,benthic_taxa,2,1
2324,benthic_taxa_GENUS,GENUS,Benthic Macroinvertebrates,NRSA 2324 Benthic Taxa List,"Genus name | Genus of taxon | Genus of taxon, if available",TAXA: Algae | TAXA: Invertebrates | TAXA: Vertebrate,,,,Protocol/sample-type specific definitions — see Metadata Detail,benthic_taxa,3,3
2324,benthic_taxa_HABIT,HABIT,Benthic Macroinvertebrates,NRSA 2324 Benthic Taxa List,"Habit used in metric calculations;Burrower(BU),Climber(CB),Clinger(CN),Diver(DV),Planktonic(PK),Skater(SK),Sprawler(SP),Swimmer(SW)",TAXA: Invertebrates,,,,Single metadata definition,benthic_taxa,2,1
2324,benthic_taxa_NON_TARGET,NON_TARGET,Benthic Macroinvertebrates,NRSA 2324 Benthic Taxa List,Operational taxon unit for NRSA O/E,TAXA: Invertebrates,,,,Single metadata definition,benthic_taxa,2,1
2324,benthic_taxa_ORDER,ORDER,Benthic Macroinvertebrates,NRSA 2324 Benthic Taxa List,Order name | Order of taxon,TAXA: Algae | TAXA: Invertebrates,,,,Protocol/sample-type specific definitions — see Metadata Detail,benthic_taxa,2,2
2324,benthic_taxa_PHYLUM,PHYLUM,Benthic Macroinvertebrates,NRSA 2324 Benthic Taxa List,Phylum name | Phylum of taxon,TAXA: Algae | TAXA: Invertebrates,,,,Protocol/sample-type specific definitions — see Metadata Detail,benthic_taxa,2,2
2324,benthic_taxa_PTV,PTV,Benthic Macroinvertebrates,NRSA 2324 Benthic Taxa List,Pollution tolerance value as assigned for NWSA,TAXA: Invertebrates,,,,Single metadata definition,benthic_taxa,2,1
2324,benthic_taxa_PUBLICATION_DATE,PUBLICATION_DATE,Benthic Macroinvertebrates,NRSA 2324 Benthic Taxa List,Date of data file publication,,,,,Single metadata definition,benthic_taxa,16,1
2324,benthic_taxa_SUBFAMILY,SUBFAMILY,Benthic Macroinvertebrates,NRSA 2324 Benthic Taxa List,Subfamily of taxon,TAXA: Invertebrates,,,,Single metadata definition,benthic_taxa,2,1
2324,benthic_taxa_TARGET_TAXON,TARGET_TAXON,Benthic Macroinvertebrates,NRSA 2324 Benthic Taxa List,Name of taxon at target taxon level,TAXA: Invertebrates,,,,Single metadata definition,benthic_taxa,2,1
2324,benthic_taxa_TAXA_ID,TAXA_ID,Benthic Macroinvertebrates,NRSA 2324 Benthic Taxa List,Taxonomic ID number,,,,,Single metadata definition,benthic_taxa,4,1
2324,benthic_taxa_TRIBE,TRIBE,Benthic Macroinvertebrates,NRSA 2324 Benthic Taxa List,Tribe of taxon,TAXA: Invertebrates,,,,Single metadata definition,benthic_taxa,2,1
2324,enterococci_ANALYTE,ANALYTE,Enterococci,NRSA 2324 Enterococci,Analyte,,,,,Single metadata definition,enterococci,4,1
2324,enterococci_BATCH_ID,BATCH_ID,Enterococci,NRSA 2324 Enterococci,Laboratory Batch ID,,,,,Single metadata definition,enterococci,5,1
2324,enterococci_COMMENT,COMMENT,Enterococci,NRSA 2324 Enterococci,Descriptive comment.,,,,,Single metadata definition,enterococci,1,1
2324,enterococci_DATE_COL,DATE_COL,Enterococci,NRSA 2324 Enterococci,Date of data collection in field,VERIF,,,,Single metadata definition,enterococci,15,1
2324,enterococci_ENT_1X_CCE_100ML,ENT_1X_CCE_100ML,Enterococci,NRSA 2324 Enterococci,"Estimated enterococci CCE / 100 mL of water sample volume from ORD analysis of undiluted DNA extracts and CCE / extract calculations from EPA Method 1609 calculation spreadsheet. CCE are based on 15:1 calibrator target sequence equivalent (CSE) to CCE ratio established for RWQC guideline values. CCE / extract was multiplied by 100 ÷ filtered sample volume to obtain final estimate /100 ml. \QC fail\"" denotes analysis results that did not meet Method 1609 control assay acceptance criteria.""",ENTE,,,,Single metadata definition,enterococci,1,1
2324,enterococci_LAB,LAB,Enterococci,NRSA 2324 Enterococci,Laboratory processing sample,,,,,Single metadata definition,enterococci,6,1
2324,enterococci_MATRIX,MATRIX,Enterococci,NRSA 2324 Enterococci,"Type of sample (e.g., water, sediment, tissue)",,,,,Single metadata definition,enterococci,6,1
2324,enterococci_NARS_FLAG,NARS_FLAG,Enterococci,NRSA 2324 Enterococci,"Flag assigned by NARS: ND = Non-detect, L = Estimated, Q = Quality-related issue, S = Shipping time exceedence, H = Holding time exceedence, NR = No lab result for analyte",ENTE,,,,Single metadata definition,enterococci,5,1
2324,enterococci_PSTL_CODE,PSTL_CODE,Enterococci,NRSA 2324 Enterococci,"State two letter postal code for site sampled. 50 state postal codes plus AS, MP, GU, PR, VI for American Samoa, Commonwealth of Northern Marianas, Guam, Puerto Rico and Virgin Islands. No missing or \blank\"" values allowed.""",DESIGN,,,,Single metadata definition,enterococci,15,1
2324,enterococci_PUBLICATION_DATE,PUBLICATION_DATE,Enterococci,NRSA 2324 Enterococci,Date of data file publication,,,,,Single metadata definition,enterococci,16,1
2324,enterococci_SAM_CODE,SAM_CODE,Enterococci,NRSA 2324 Enterococci,"Sample code (e.g., regular, lab duplicate, lab split)",,,,,Single metadata definition,enterococci,6,1
2324,enterococci_SAMPLE_TYPE,SAMPLE_TYPE,Enterococci,NRSA 2324 Enterococci,Sample type,,,,,Single metadata definition,enterococci,7,1
2324,enterococci_SITE_ID,SITE_ID,Enterococci,NRSA 2324 Enterococci,"Site ID for the study and year sampled. Preferred form is NRSnn_MM-xxxxx where nn is current cycle year (04, 08, 13, 18, etc), MM is two letter state code, and xxxxx is between 10001 and 99999. No missing or \blank\"" values allowed.""",DESIGN,,,,Single metadata definition,enterococci,15,1
2324,enterococci_UID,UID,Enterococci,NRSA 2324 Enterococci,Unique site visit ID,,,,,Single metadata definition,enterococci,15,1
2324,enterococci_UNIQUE_ID,UNIQUE_ID,Enterococci,NRSA 2324 Enterococci,Unique site ID based on location that does not depend on year sampled or any other factor. Form is NRS_ss_nnnnn where ss state and nnnnn is number that starts at 10001. No missing values allowed.,,,,,Single metadata definition,enterococci,15,1
2324,enterococci_UNITS,UNITS,Enterococci,NRSA 2324 Enterococci,Units,,,,,Single metadata definition,enterococci,2,1
2324,enterococci_VISIT_NO,VISIT_NO,Enterococci,NRSA 2324 Enterococci,Number identifying which visit this is,VERIF,|1|2,,,Single metadata definition,enterococci,15,1
2324,fish_count_ANOM_CT,ANOM_CT,Fish,NRSA 2324 Fish Count,Total number of anomalies for taxon in sample,,,,,Single metadata definition,fish_count,1,1
2324,fish_count_COUNT_12,COUNT_12,Fish,NRSA 2324 Fish Count,Tally of fish between 150 and 300 mm total length,,,,,Single metadata definition,fish_count,1,1
2324,fish_count_COUNT_18,COUNT_18,Fish,NRSA 2324 Fish Count,Tally of fish between 300 and 450 mm total length,,,,,Single metadata definition,fish_count,1,1
2324,fish_count_COUNT_19,COUNT_19,Fish,NRSA 2324 Fish Count,Tally of fish > 450 mm total length,,,,,Single metadata definition,fish_count,1,1
2324,fish_count_COUNT_6,COUNT_6,Fish,NRSA 2324 Fish Count,Tally of fish < 150 mm total length,,,,,Single metadata definition,fish_count,1,1
2324,fish_count_DATE_COL,DATE_COL,Fish,NRSA 2324 Fish Count,Date of data collection in field,,,,,Single metadata definition,fish_count,15,1
2324,fish_count_FINAL_NAME,FINAL_NAME,Fish,NRSA 2324 Fish Count,Final common name assigned to fish count data,,,,,Single metadata definition,fish_count,2,1
2324,fish_count_FISH_SAMPLING,FISH_SAMPLING,Fish,NRSA 2324 Fish Count,Fish Sampling - not conducted or suspended,,|NO_FISH|NOT_FISHED_REACH_MIN|NO_PERMIT|SITE_CONDITIONS|PERMIT_RESTRICT|EQUIPMENT_FAILURE|OTHER,,,Single metadata definition,fish_count,1,1
2324,fish_count_IS_DISTINCT,IS_DISTINCT,Fish,NRSA 2324 Fish Count,Distinctness of taxon within sample,,0|1,,,Single metadata definition,fish_count,2,1
2324,fish_count_NON_NATIVE,NON_NATIVE,Fish,NRSA 2324 Fish Count,Non-native status (Y/N),,N|Y,,,Single metadata definition,fish_count,1,1
2324,fish_count_PSTL_CODE,PSTL_CODE,Fish,NRSA 2324 Fish Count,"State two letter postal code for site sampled. 50 state postal codes plus AS, MP, GU, PR, VI for American Samoa, Commonwealth of Northern Marianas, Guam, Puerto Rico and Virgin Islands. No missing or \blank\"" values allowed.""",,,,,Single metadata definition,fish_count,15,1
2324,fish_count_PUBLICATION_DATE,PUBLICATION_DATE,Fish,NRSA 2324 Fish Count,Date of data file publication,,,,,Single metadata definition,fish_count,16,1
2324,fish_count_SAMPLED_FISH,SAMPLED_FISH,Fish,NRSA 2324 Fish Count,Whether site sampled sufficiently,,,,,Single metadata definition,fish_count,1,1
2324,fish_count_SITE_ID,SITE_ID,Fish,NRSA 2324 Fish Count,"Site ID for the study and year sampled. Preferred form is NRSnn_MM-xxxxx where nn is current cycle year (04, 08, 13, 18, etc), MM is two letter state code, and xxxxx is between 10001 and 99999. No missing or \blank\"" values allowed.""",,,,,Single metadata definition,fish_count,15,1
2324,fish_count_TAXA_ID,TAXA_ID,Fish,NRSA 2324 Fish Count,Taxonomic ID number,,,,,Single metadata definition,fish_count,4,1
2324,fish_count_TOTAL,TOTAL,Fish,NRSA 2324 Fish Count,Total number of individuals for taxon in sample,,,,,Single metadata definition,fish_count,2,1
2324,fish_count_UID,UID,Fish,NRSA 2324 Fish Count,Unique site visit ID,,,,,Single metadata definition,fish_count,15,1
2324,fish_count_UNIQUE_ID,UNIQUE_ID,Fish,NRSA 2324 Fish Count,Unique site ID based on location that does not depend on year sampled or any other factor. Form is NRS_ss_nnnnn where ss state and nnnnn is number that starts at 10001. No missing values allowed.,,,,,Single metadata definition,fish_count,15,1
2324,fish_count_VISIT_NO,VISIT_NO,Fish,NRSA 2324 Fish Count,Number identifying which visit this is,,|1|2,,,Single metadata definition,fish_count,15,1
2324,fish_metrics_ALIENNTAX,ALIENNTAX,Fish,NRSA 2324 Fish Metrics,Number of non-native (alien) taxa,,,,,Single metadata definition,fish_metrics,1,1
2324,fish_metrics_ALIENPIND,ALIENPIND,Fish,NRSA 2324 Fish Metrics,% alien individuals,,,,,Single metadata definition,fish_metrics,1,1
2324,fish_metrics_ALIENPTAX,ALIENPTAX,Fish,NRSA 2324 Fish Metrics,% alien taxa,,,,,Single metadata definition,fish_metrics,1,1
2324,fish_metrics_ANOMPIND,ANOMPIND,Fish,NRSA 2324 Fish Metrics,% individuals with anomalies (% DELT anomalies),,,,,Single metadata definition,fish_metrics,1,1
2324,fish_metrics_BENTINVNTAX,BENTINVNTAX,Fish,NRSA 2324 Fish Metrics,Number of benthic invertivore taxa,,,,,Single metadata definition,fish_metrics,1,1
2324,fish_metrics_BENTINVPIND,BENTINVPIND,Fish,NRSA 2324 Fish Metrics,% benthic invertivore individuals,,,,,Single metadata definition,fish_metrics,1,1
2324,fish_metrics_BENTINVPTAX,BENTINVPTAX,Fish,NRSA 2324 Fish Metrics,% benthic invertivore taxa,,,,,Single metadata definition,fish_metrics,1,1
2324,fish_metrics_CARNNTAX,CARNNTAX,Fish,NRSA 2324 Fish Metrics,Number of carnivore taxa,,,,,Single metadata definition,fish_metrics,1,1
2324,fish_metrics_CARNPIND,CARNPIND,Fish,NRSA 2324 Fish Metrics,% carnivore individuals,,,,,Single metadata definition,fish_metrics,1,1
2324,fish_metrics_CARNPTAX,CARNPTAX,Fish,NRSA 2324 Fish Metrics,% carnivore taxa,,,,,Single metadata definition,fish_metrics,1,1
2324,fish_metrics_CATONTAX,CATONTAX,Fish,NRSA 2324 Fish Metrics,No. Catostomid taxa,,,,,Single metadata definition,fish_metrics,1,1
2324,fish_metrics_CATOPIND,CATOPIND,Fish,NRSA 2324 Fish Metrics,% Catostomid individuals,,,,,Single metadata definition,fish_metrics,1,1
2324,fish_metrics_CATOPTAX,CATOPTAX,Fish,NRSA 2324 Fish Metrics,% Catostomid taxa,,,,,Single metadata definition,fish_metrics,1,1
2324,fish_metrics_CENTNTAX,CENTNTAX,Fish,NRSA 2324 Fish Metrics,Number of Centrarchidae taxa (minus Micropterus),,,,,Single metadata definition,fish_metrics,1,1
2324,fish_metrics_CENTPIND,CENTPIND,Fish,NRSA 2324 Fish Metrics,% Centrarchidae individuals (minus Micropterus),,,,,Single metadata definition,fish_metrics,1,1
2324,fish_metrics_CENTPTAX,CENTPTAX,Fish,NRSA 2324 Fish Metrics,% Centrarchidae taxa (minus Micropterus),,,,,Single metadata definition,fish_metrics,1,1
2324,fish_metrics_COLDNTAX,COLDNTAX,Fish,NRSA 2324 Fish Metrics,No. coldwater taxa,,,,,Single metadata definition,fish_metrics,1,1
2324,fish_metrics_COLDPIND,COLDPIND,Fish,NRSA 2324 Fish Metrics,% coldwater individuals,,,,,Single metadata definition,fish_metrics,1,1
2324,fish_metrics_COLDPTAX,COLDPTAX,Fish,NRSA 2324 Fish Metrics,% coldwater taxa,,,,,Single metadata definition,fish_metrics,1,1
2324,fish_metrics_CYPRNTAX,CYPRNTAX,Fish,NRSA 2324 Fish Metrics,Number of Cyprinidae taxa,,,,,Single metadata definition,fish_metrics,1,1
2324,fish_metrics_CYPRPIND,CYPRPIND,Fish,NRSA 2324 Fish Metrics,% Cyprinidae individuals,,,,,Single metadata definition,fish_metrics,1,1
2324,fish_metrics_CYPRPTAX,CYPRPTAX,Fish,NRSA 2324 Fish Metrics,% Cyprinidae taxa,,,,,Single metadata definition,fish_metrics,1,1
2324,fish_metrics_DATE_COL,DATE_COL,Fish,NRSA 2324 Fish Metrics,Date of data collection in field,,,,,Single metadata definition,fish_metrics,15,1
2324,fish_metrics_HERBNTAX,HERBNTAX,Fish,NRSA 2324 Fish Metrics,Number of herbivores taxa,,,,,Single metadata definition,fish_metrics,1,1
2324,fish_metrics_HERBPIND,HERBPIND,Fish,NRSA 2324 Fish Metrics,% herbivores individuals,,,,,Single metadata definition,fish_metrics,1,1
2324,fish_metrics_HERBPTAX,HERBPTAX,Fish,NRSA 2324 Fish Metrics,% herbivores taxa,,,,,Single metadata definition,fish_metrics,1,1
2324,fish_metrics_ICTANTAX,ICTANTAX,Fish,NRSA 2324 Fish Metrics,No. Ictalurid taxa,,,,,Single metadata definition,fish_metrics,1,1
2324,fish_metrics_ICTAPIND,ICTAPIND,Fish,NRSA 2324 Fish Metrics,% Ictalurid individuals,,,,,Single metadata definition,fish_metrics,1,1
2324,fish_metrics_ICTAPTAX,ICTAPTAX,Fish,NRSA 2324 Fish Metrics,% Ictalurid taxa,,,,,Single metadata definition,fish_metrics,1,1
2324,fish_metrics_INTLCARNNTAX,INTLCARNNTAX,Fish,NRSA 2324 Fish Metrics,No. of intolerant carnivore taxa,,,,,Single metadata definition,fish_metrics,1,1
2324,fish_metrics_INTLCARNPIND,INTLCARNPIND,Fish,NRSA 2324 Fish Metrics,% intolerant carnivore individuals,,,,,Single metadata definition,fish_metrics,1,1
2324,fish_metrics_INTLCARNPTAX,INTLCARNPTAX,Fish,NRSA 2324 Fish Metrics,% intolerant carnivore taxa,,,,,Single metadata definition,fish_metrics,1,1
2324,fish_metrics_INTLINVNTAX,INTLINVNTAX,Fish,NRSA 2324 Fish Metrics,Number of intolerant invertivore taxa,,,,,Single metadata definition,fish_metrics,1,1
2324,fish_metrics_INTLINVPIND,INTLINVPIND,Fish,NRSA 2324 Fish Metrics,% intolerant invertivore individuals,,,,,Single metadata definition,fish_metrics,1,1
2324,fish_metrics_INTLINVPTAX,INTLINVPTAX,Fish,NRSA 2324 Fish Metrics,% intolerant invertivore taxa,,,,,Single metadata definition,fish_metrics,1,1
2324,fish_metrics_INTLLOTNTAX,INTLLOTNTAX,Fish,NRSA 2324 Fish Metrics,Number of intolerant lotic taxa,,,,,Single metadata definition,fish_metrics,1,1
2324,fish_metrics_INTLLOTPIND,INTLLOTPIND,Fish,NRSA 2324 Fish Metrics,% intolerant lotic individuals,,,,,Single metadata definition,fish_metrics,1,1
2324,fish_metrics_INTLLOTPTAX,INTLLOTPTAX,Fish,NRSA 2324 Fish Metrics,% intolerant lotic taxa,,,,,Single metadata definition,fish_metrics,1,1
2324,fish_metrics_INTLMIGRNTAX,INTLMIGRNTAX,Fish,NRSA 2324 Fish Metrics,Number of intolerant migratory taxa,,,,,Single metadata definition,fish_metrics,1,1
2324,fish_metrics_INTLMIGRPIND,INTLMIGRPIND,Fish,NRSA 2324 Fish Metrics,% intolerant migratory individuals,,,,,Single metadata definition,fish_metrics,1,1
2324,fish_metrics_INTLMIGRPTAX,INTLMIGRPTAX,Fish,NRSA 2324 Fish Metrics,% intolerant migratory taxa,,,,,Single metadata definition,fish_metrics,1,1
2324,fish_metrics_INTLNTAX,INTLNTAX,Fish,NRSA 2324 Fish Metrics,No. distinct intolerant taxa based on TOLERANCE_NRSA,,,,,Single metadata definition,fish_metrics,2,1
2324,fish_metrics_INTLPIND,INTLPIND,Fish,NRSA 2324 Fish Metrics,% Intolerant individuals based on TOLERANCE_NRSA,,,,,Single metadata definition,fish_metrics,2,1
2324,fish_metrics_INTLPTAX,INTLPTAX,Fish,NRSA 2324 Fish Metrics,% Intolerant taxa based on TOLERANCE_NRSA,,,,,Single metadata definition,fish_metrics,2,1
2324,fish_metrics_INTLRHEONTAX,INTLRHEONTAX,Fish,NRSA 2324 Fish Metrics,Number of intolerant rheophilic taxa,,,,,Single metadata definition,fish_metrics,1,1
2324,fish_metrics_INTLRHEOPIND,INTLRHEOPIND,Fish,NRSA 2324 Fish Metrics,% intolerant rheophilic individuals,,,,,Single metadata definition,fish_metrics,1,1
2324,fish_metrics_INTLRHEOPTAX,INTLRHEOPTAX,Fish,NRSA 2324 Fish Metrics,% intolerant rheophilic taxa,,,,,Single metadata definition,fish_metrics,1,1
2324,fish_metrics_INVNTAX,INVNTAX,Fish,NRSA 2324 Fish Metrics,Number of invertivore taxa,,,,,Single metadata definition,fish_metrics,1,1
2324,fish_metrics_INVPIND,INVPIND,Fish,NRSA 2324 Fish Metrics,% invertivore individuals,,,,,Single metadata definition,fish_metrics,1,1
2324,fish_metrics_INVPTAX,INVPTAX,Fish,NRSA 2324 Fish Metrics,% invertivore taxa,,,,,Single metadata definition,fish_metrics,1,1
2324,fish_metrics_LITHNTAX,LITHNTAX,Fish,NRSA 2324 Fish Metrics,No. lithophilic taxa,,,,,Single metadata definition,fish_metrics,1,1
2324,fish_metrics_LITHPIND,LITHPIND,Fish,NRSA 2324 Fish Metrics,% lithophilic individuals,,,,,Single metadata definition,fish_metrics,1,1
2324,fish_metrics_LITHPTAX,LITHPTAX,Fish,NRSA 2324 Fish Metrics,% lithophilic taxa,,,,,Single metadata definition,fish_metrics,1,1
2324,fish_metrics_LOTNTAX,LOTNTAX,Fish,NRSA 2324 Fish Metrics,Number of lotic taxa,,,,,Single metadata definition,fish_metrics,1,1
2324,fish_metrics_LOTPIND,LOTPIND,Fish,NRSA 2324 Fish Metrics,% lotic individuals,,,,,Single metadata definition,fish_metrics,1,1
2324,fish_metrics_LOTPTAX,LOTPTAX,Fish,NRSA 2324 Fish Metrics,% lotic taxa,,,,,Single metadata definition,fish_metrics,1,1
2324,fish_metrics_MIGRNTAX,MIGRNTAX,Fish,NRSA 2324 Fish Metrics,Number of migratory taxa,,,,,Single metadata definition,fish_metrics,1,1
2324,fish_metrics_MIGRPIND,MIGRPIND,Fish,NRSA 2324 Fish Metrics,% migratory individuals,,,,,Single metadata definition,fish_metrics,1,1
2324,fish_metrics_MIGRPTAX,MIGRPTAX,Fish,NRSA 2324 Fish Metrics,% migratory taxa,,,,,Single metadata definition,fish_metrics,1,1
2324,fish_metrics_MTOLNTAX,MTOLNTAX,Fish,NRSA 2324 Fish Metrics,No. distinct intermediate tolerant taxa based on TOLERANCE_NRSA,,,,,Single metadata definition,fish_metrics,1,1
2324,fish_metrics_MTOLPIND,MTOLPIND,Fish,NRSA 2324 Fish Metrics,% Intermediate tolerant individuals based on TOLERANCE_NRSA,,,,,Single metadata definition,fish_metrics,1,1
2324,fish_metrics_MTOLPTAX,MTOLPTAX,Fish,NRSA 2324 Fish Metrics,% intermediate tolerant taxa based on TOLERANCE_NRSA,,,,,Single metadata definition,fish_metrics,1,1
2324,fish_metrics_NAT_BENTINVNTAX,NAT_BENTINVNTAX,Fish,NRSA 2324 Fish Metrics,Number of native benthic invertivore taxa,,,,,Single metadata definition,fish_metrics,1,1
2324,fish_metrics_NAT_BENTINVPIND,NAT_BENTINVPIND,Fish,NRSA 2324 Fish Metrics,% native individuals as benthic invertivore,,,,,Single metadata definition,fish_metrics,1,1
2324,fish_metrics_NAT_BENTINVPTAX,NAT_BENTINVPTAX,Fish,NRSA 2324 Fish Metrics,% native taxa as benthic invertivore,,,,,Single metadata definition,fish_metrics,1,1
2324,fish_metrics_NAT_CARNNTAX,NAT_CARNNTAX,Fish,NRSA 2324 Fish Metrics,Number of native carnivore taxa,,,,,Single metadata definition,fish_metrics,1,1
2324,fish_metrics_NAT_CARNPIND,NAT_CARNPIND,Fish,NRSA 2324 Fish Metrics,% native individuals as carnivore,,,,,Single metadata definition,fish_metrics,1,1
2324,fish_metrics_NAT_CARNPTAX,NAT_CARNPTAX,Fish,NRSA 2324 Fish Metrics,% native taxa as carnivore,,,,,Single metadata definition,fish_metrics,1,1
2324,fish_metrics_NAT_CATONTAX,NAT_CATONTAX,Fish,NRSA 2324 Fish Metrics,No. native Catostomid taxa,,,,,Single metadata definition,fish_metrics,1,1
2324,fish_metrics_NAT_CATOPIND,NAT_CATOPIND,Fish,NRSA 2324 Fish Metrics,% native individuals as Catostomid,,,,,Single metadata definition,fish_metrics,1,1
2324,fish_metrics_NAT_CATOPTAX,NAT_CATOPTAX,Fish,NRSA 2324 Fish Metrics,% native taxa as Catostomid,,,,,Single metadata definition,fish_metrics,1,1
2324,fish_metrics_NAT_CENTNTAX,NAT_CENTNTAX,Fish,NRSA 2324 Fish Metrics,Number of native Centrarchidae (minus Micropterus) taxa,,,,,Single metadata definition,fish_metrics,1,1
2324,fish_metrics_NAT_CENTPIND,NAT_CENTPIND,Fish,NRSA 2324 Fish Metrics,% native individuals as Centrarchidae (minus Micropterus),,,,,Single metadata definition,fish_metrics,1,1
2324,fish_metrics_NAT_CENTPTAX,NAT_CENTPTAX,Fish,NRSA 2324 Fish Metrics,% native taxa as Centrarchidae (minus Micropterus),,,,,Single metadata definition,fish_metrics,1,1
2324,fish_metrics_NAT_COLDNTAX,NAT_COLDNTAX,Fish,NRSA 2324 Fish Metrics,Number of native coldwater taxa,,,,,Single metadata definition,fish_metrics,1,1
2324,fish_metrics_NAT_COLDPIND,NAT_COLDPIND,Fish,NRSA 2324 Fish Metrics,% native individuals as coldwater,,,,,Single metadata definition,fish_metrics,1,1
2324,fish_metrics_NAT_COLDPTAX,NAT_COLDPTAX,Fish,NRSA 2324 Fish Metrics,% native taxa as coldwater,,,,,Single metadata definition,fish_metrics,1,1
2324,fish_metrics_NAT_CYPRNTAX,NAT_CYPRNTAX,Fish,NRSA 2324 Fish Metrics,Number of native Cyprinidae taxa,,,,,Single metadata definition,fish_metrics,1,1
2324,fish_metrics_NAT_CYPRPIND,NAT_CYPRPIND,Fish,NRSA 2324 Fish Metrics,% native individuals as Cyprinidae,,,,,Single metadata definition,fish_metrics,1,1
2324,fish_metrics_NAT_CYPRPTAX,NAT_CYPRPTAX,Fish,NRSA 2324 Fish Metrics,% native taxa as Cyprinidae,,,,,Single metadata definition,fish_metrics,1,1
2324,fish_metrics_NAT_HERBNTAX,NAT_HERBNTAX,Fish,NRSA 2324 Fish Metrics,Number of native herbivores taxa,,,,,Single metadata definition,fish_metrics,1,1
2324,fish_metrics_NAT_HERBPIND,NAT_HERBPIND,Fish,NRSA 2324 Fish Metrics,% native individuals as native herbivores,,,,,Single metadata definition,fish_metrics,1,1
2324,fish_metrics_NAT_HERBPTAX,NAT_HERBPTAX,Fish,NRSA 2324 Fish Metrics,% native taxa as native herbivores,,,,,Single metadata definition,fish_metrics,1,1
2324,fish_metrics_NAT_ICTANTAX,NAT_ICTANTAX,Fish,NRSA 2324 Fish Metrics,Number of native Ictaluridae taxa,,,,,Single metadata definition,fish_metrics,1,1
2324,fish_metrics_NAT_ICTAPIND,NAT_ICTAPIND,Fish,NRSA 2324 Fish Metrics,% native individuals as Ictaluridae,,,,,Single metadata definition,fish_metrics,1,1
2324,fish_metrics_NAT_ICTAPTAX,NAT_ICTAPTAX,Fish,NRSA 2324 Fish Metrics,% native taxa as Ictaluridae,,,,,Single metadata definition,fish_metrics,1,1
2324,fish_metrics_NAT_INTLCARNNTAX,NAT_INTLCARNNTAX,Fish,NRSA 2324 Fish Metrics,No. of native intolerant carnivore taxa,,,,,Single metadata definition,fish_metrics,1,1
2324,fish_metrics_NAT_INTLCARNPIND,NAT_INTLCARNPIND,Fish,NRSA 2324 Fish Metrics,% native intolerant carnivore individuals,,,,,Single metadata definition,fish_metrics,1,1
2324,fish_metrics_NAT_INTLCARNPTAX,NAT_INTLCARNPTAX,Fish,NRSA 2324 Fish Metrics,% native intolerant carnivore taxa,,,,,Single metadata definition,fish_metrics,1,1
2324,fish_metrics_NAT_INTLINVNTAX,NAT_INTLINVNTAX,Fish,NRSA 2324 Fish Metrics,Number of native intolerant invertivore taxa,,,,,Single metadata definition,fish_metrics,1,1
2324,fish_metrics_NAT_INTLINVPIND,NAT_INTLINVPIND,Fish,NRSA 2324 Fish Metrics,% native individuals as intolerant invertivore,,,,,Single metadata definition,fish_metrics,1,1
2324,fish_metrics_NAT_INTLINVPTAX,NAT_INTLINVPTAX,Fish,NRSA 2324 Fish Metrics,% native taxa as intolerant invertivore,,,,,Single metadata definition,fish_metrics,1,1
2324,fish_metrics_NAT_INTLLOTNTAX,NAT_INTLLOTNTAX,Fish,NRSA 2324 Fish Metrics,Number of native intolerant lotic taxa,,,,,Single metadata definition,fish_metrics,1,1
2324,fish_metrics_NAT_INTLLOTPIND,NAT_INTLLOTPIND,Fish,NRSA 2324 Fish Metrics,% native individuals as intolerant lotic,,,,,Single metadata definition,fish_metrics,1,1
2324,fish_metrics_NAT_INTLLOTPTAX,NAT_INTLLOTPTAX,Fish,NRSA 2324 Fish Metrics,% native taxa as intolerant lotic,,,,,Single metadata definition,fish_metrics,1,1
2324,fish_metrics_NAT_INTLMIGRNTAX,NAT_INTLMIGRNTAX,Fish,NRSA 2324 Fish Metrics,Number of native intolerant migratory taxa,,,,,Single metadata definition,fish_metrics,1,1
2324,fish_metrics_NAT_INTLMIGRPIND,NAT_INTLMIGRPIND,Fish,NRSA 2324 Fish Metrics,% native individuals as intolerant migratory,,,,,Single metadata definition,fish_metrics,1,1
2324,fish_metrics_NAT_INTLMIGRPTAX,NAT_INTLMIGRPTAX,Fish,NRSA 2324 Fish Metrics,% native taxa as intolerant migratory,,,,,Single metadata definition,fish_metrics,1,1
2324,fish_metrics_NAT_INTLNTAX,NAT_INTLNTAX,Fish,NRSA 2324 Fish Metrics,No. distinct intolerant native taxa based on TOLERANCE_NRSA,,,,,Single metadata definition,fish_metrics,1,1
2324,fish_metrics_NAT_INTLPIND,NAT_INTLPIND,Fish,NRSA 2324 Fish Metrics,% Intolerant native individuals based on TOLERANCE_NRSA,,,,,Single metadata definition,fish_metrics,1,1
2324,fish_metrics_NAT_INTLPTAX,NAT_INTLPTAX,Fish,NRSA 2324 Fish Metrics,% Intolerant native taxa based on TOLERANCE_NRSA,,,,,Single metadata definition,fish_metrics,1,1
2324,fish_metrics_NAT_INTLRHEONTAX,NAT_INTLRHEONTAX,Fish,NRSA 2324 Fish Metrics,Number of native intolerant rheophilic taxa,,,,,Single metadata definition,fish_metrics,1,1
2324,fish_metrics_NAT_INTLRHEOPIND,NAT_INTLRHEOPIND,Fish,NRSA 2324 Fish Metrics,% native individuals as intolerant rheophilic,,,,,Single metadata definition,fish_metrics,1,1
2324,fish_metrics_NAT_INTLRHEOPTAX,NAT_INTLRHEOPTAX,Fish,NRSA 2324 Fish Metrics,% native taxa as intolerant rheophilic,,,,,Single metadata definition,fish_metrics,1,1
2324,fish_metrics_NAT_INVNTAX,NAT_INVNTAX,Fish,NRSA 2324 Fish Metrics,Number of native invertivores taxa,,,,,Single metadata definition,fish_metrics,1,1
2324,fish_metrics_NAT_INVPIND,NAT_INVPIND,Fish,NRSA 2324 Fish Metrics,% native individuals as invertivores,,,,,Single metadata definition,fish_metrics,1,1
2324,fish_metrics_NAT_INVPTAX,NAT_INVPTAX,Fish,NRSA 2324 Fish Metrics,% native taxa as invertivores,,,,,Single metadata definition,fish_metrics,1,1
2324,fish_metrics_NAT_LITHNTAX,NAT_LITHNTAX,Fish,NRSA 2324 Fish Metrics,Number of native simple lithophils taxa,,,,,Single metadata definition,fish_metrics,1,1
2324,fish_metrics_NAT_LITHPIND,NAT_LITHPIND,Fish,NRSA 2324 Fish Metrics,% native individuals as simple lithophils,,,,,Single metadata definition,fish_metrics,1,1
2324,fish_metrics_NAT_LITHPTAX,NAT_LITHPTAX,Fish,NRSA 2324 Fish Metrics,% native taxa as simple lithophils,,,,,Single metadata definition,fish_metrics,1,1
2324,fish_metrics_NAT_LOTNTAX,NAT_LOTNTAX,Fish,NRSA 2324 Fish Metrics,Number of native lotic taxa,,,,,Single metadata definition,fish_metrics,1,1
2324,fish_metrics_NAT_LOTPIND,NAT_LOTPIND,Fish,NRSA 2324 Fish Metrics,% native individuals as lotic,,,,,Single metadata definition,fish_metrics,1,1
2324,fish_metrics_NAT_LOTPTAX,NAT_LOTPTAX,Fish,NRSA 2324 Fish Metrics,% native taxa as lotic,,,,,Single metadata definition,fish_metrics,1,1
2324,fish_metrics_NAT_MIGRNTAX,NAT_MIGRNTAX,Fish,NRSA 2324 Fish Metrics,No. native migratory taxa,,,,,Single metadata definition,fish_metrics,1,1
2324,fish_metrics_NAT_MIGRPIND,NAT_MIGRPIND,Fish,NRSA 2324 Fish Metrics,% native individuals as migratory,,,,,Single metadata definition,fish_metrics,1,1
2324,fish_metrics_NAT_MIGRPTAX,NAT_MIGRPTAX,Fish,NRSA 2324 Fish Metrics,% native taxa as migratory,,,,,Single metadata definition,fish_metrics,1,1
2324,fish_metrics_NAT_MTOLNTAX,NAT_MTOLNTAX,Fish,NRSA 2324 Fish Metrics,No. distinct intermediate tolerant native taxa based on TOLERANCE_NRSA,,,,,Single metadata definition,fish_metrics,1,1
2324,fish_metrics_NAT_MTOLPIND,NAT_MTOLPIND,Fish,NRSA 2324 Fish Metrics,% Intermediate tolerant native individuals based on TOLERANCE_NRSA,,,,,Single metadata definition,fish_metrics,1,1
2324,fish_metrics_NAT_MTOLPTAX,NAT_MTOLPTAX,Fish,NRSA 2324 Fish Metrics,% intermediate tolerant native taxa based on TOLERANCE_NRSA,,,,,Single metadata definition,fish_metrics,1,1
2324,fish_metrics_NAT_NTOLBENTNTAX,NAT_NTOLBENTNTAX,Fish,NRSA 2324 Fish Metrics,No. native non-tolerant benthic taxa based on TOLERANCE_NRSA,,,,,Single metadata definition,fish_metrics,1,1
2324,fish_metrics_NAT_NTOLBENTPIND,NAT_NTOLBENTPIND,Fish,NRSA 2324 Fish Metrics,% native non-tolerant benthic individuals based on TOLERANCE_NRSA,,,,,Single metadata definition,fish_metrics,1,1
2324,fish_metrics_NAT_NTOLBENTPTAX,NAT_NTOLBENTPTAX,Fish,NRSA 2324 Fish Metrics,% native non-tolerant benthic taxa based on TOLERANCE_NRSA,,,,,Single metadata definition,fish_metrics,1,1
2324,fish_metrics_NAT_NTOLCARNNTAX,NAT_NTOLCARNNTAX,Fish,NRSA 2324 Fish Metrics,No. native non-tolerant carnivore taxa based on TOLERANCE_NRSA,,,,,Single metadata definition,fish_metrics,1,1
2324,fish_metrics_NAT_NTOLCARNPIND,NAT_NTOLCARNPIND,Fish,NRSA 2324 Fish Metrics,% native non-tolerant carnivore individuals based on TOLERANCE_NRSA,,,,,Single metadata definition,fish_metrics,1,1
2324,fish_metrics_NAT_NTOLCARNPTAX,NAT_NTOLCARNPTAX,Fish,NRSA 2324 Fish Metrics,% native non-tolerant carnivore taxa based on TOLERANCE_NRSA,,,,,Single metadata definition,fish_metrics,1,1
2324,fish_metrics_NAT_NTOLINVNTAX,NAT_NTOLINVNTAX,Fish,NRSA 2324 Fish Metrics,No. native non-tolerant invertivore taxa based on TOLERANCE_NRSA,,,,,Single metadata definition,fish_metrics,1,1
2324,fish_metrics_NAT_NTOLINVPIND,NAT_NTOLINVPIND,Fish,NRSA 2324 Fish Metrics,% native non-tolerant invertivore individuals based on TOLERANCE_NRSA,,,,,Single metadata definition,fish_metrics,1,1
2324,fish_metrics_NAT_NTOLINVPTAX,NAT_NTOLINVPTAX,Fish,NRSA 2324 Fish Metrics,% native non-tolerant invertivore taxa based on TOLERANCE_NRSA,,,,,Single metadata definition,fish_metrics,1,1
2324,fish_metrics_NAT_NTOLNTAX,NAT_NTOLNTAX,Fish,NRSA 2324 Fish Metrics,No. native non-tolerant taxa based on TOLERANCE_NRSA,,,,,Single metadata definition,fish_metrics,1,1
2324,fish_metrics_NAT_NTOLPIND,NAT_NTOLPIND,Fish,NRSA 2324 Fish Metrics,% native non-tolerant individuals based on TOLERANCE_NRSA,,,,,Single metadata definition,fish_metrics,1,1
2324,fish_metrics_NAT_NTOLPTAX,NAT_NTOLPTAX,Fish,NRSA 2324 Fish Metrics,% native non-tolerant taxa based on TOLERANCE_NRSA,,,,,Single metadata definition,fish_metrics,1,1
2324,fish_metrics_NAT_OMNINTAX,NAT_OMNINTAX,Fish,NRSA 2324 Fish Metrics,No. native omnivore taxa,,,,,Single metadata definition,fish_metrics,1,1
2324,fish_metrics_NAT_OMNIPIND,NAT_OMNIPIND,Fish,NRSA 2324 Fish Metrics,% native individuals as omnivore,,,,,Single metadata definition,fish_metrics,1,1
2324,fish_metrics_NAT_OMNIPTAX,NAT_OMNIPTAX,Fish,NRSA 2324 Fish Metrics,% native taxa as omnivore,,,,,Single metadata definition,fish_metrics,1,1
2324,fish_metrics_NAT_PIND,NAT_PIND,Fish,NRSA 2324 Fish Metrics,native % of total individuals,,,,,Single metadata definition,fish_metrics,1,1
2324,fish_metrics_NAT_PTAX,NAT_PTAX,Fish,NRSA 2324 Fish Metrics,native % of total taxa,,,,,Single metadata definition,fish_metrics,1,1
2324,fish_metrics_NAT_RBCATONTAX,NAT_RBCATONTAX,Fish,NRSA 2324 Fish Metrics,No. native round-bodied sucker taxa,,,,,Single metadata definition,fish_metrics,1,1
2324,fish_metrics_NAT_RBCATOPIND,NAT_RBCATOPIND,Fish,NRSA 2324 Fish Metrics,% native individuals as round-bodied sucker,,,,,Single metadata definition,fish_metrics,1,1
2324,fish_metrics_NAT_RBCATOPTAX,NAT_RBCATOPTAX,Fish,NRSA 2324 Fish Metrics,% native taxa as round-bodied sucker,,,,,Single metadata definition,fish_metrics,1,1
2324,fish_metrics_NAT_RHEONTAX,NAT_RHEONTAX,Fish,NRSA 2324 Fish Metrics,No. native rheophilic taxa,,,,,Single metadata definition,fish_metrics,1,1
2324,fish_metrics_NAT_RHEOPIND,NAT_RHEOPIND,Fish,NRSA 2324 Fish Metrics,% native individuals as rheophilic,,,,,Single metadata definition,fish_metrics,1,1
2324,fish_metrics_NAT_RHEOPTAX,NAT_RHEOPTAX,Fish,NRSA 2324 Fish Metrics,% native taxa as rheophilic,,,,,Single metadata definition,fish_metrics,1,1
2324,fish_metrics_NAT_SALMNTAX,NAT_SALMNTAX,Fish,NRSA 2324 Fish Metrics,No. native salmonid taxa,,,,,Single metadata definition,fish_metrics,1,1
2324,fish_metrics_NAT_SALMPIND,NAT_SALMPIND,Fish,NRSA 2324 Fish Metrics,% native individuals as salmonid,,,,,Single metadata definition,fish_metrics,1,1
2324,fish_metrics_NAT_SALMPTAX,NAT_SALMPTAX,Fish,NRSA 2324 Fish Metrics,% native taxa as salmonid,,,,,Single metadata definition,fish_metrics,1,1
2324,fish_metrics_NAT_TOLRNTAX,NAT_TOLRNTAX,Fish,NRSA 2324 Fish Metrics,No. distinct Tolerant native taxa based on TOLERANCE_NRSA,,,,,Single metadata definition,fish_metrics,1,1
2324,fish_metrics_NAT_TOLRPIND,NAT_TOLRPIND,Fish,NRSA 2324 Fish Metrics,% Tolerant native individuals based on TOLERANCE_NRSA,,,,,Single metadata definition,fish_metrics,1,1
2324,fish_metrics_NAT_TOLRPTAX,NAT_TOLRPTAX,Fish,NRSA 2324 Fish Metrics,% Tolerant native taxa based on TOLERANCE_NRSA,,,,,Single metadata definition,fish_metrics,1,1
2324,fish_metrics_NAT_TOTLNIND,NAT_TOTLNIND,Fish,NRSA 2324 Fish Metrics,Total native individuals,,,,,Single metadata definition,fish_metrics,1,1
2324,fish_metrics_NAT_TOTLNTAX,NAT_TOTLNTAX,Fish,NRSA 2324 Fish Metrics,Total native taxa,,,,,Single metadata definition,fish_metrics,1,1
2324,fish_metrics_NAT_WTD_TV,NAT_WTD_TV,Fish,NRSA 2324 Fish Metrics,Weighted average tolerance value among natives,,,,,Single metadata definition,fish_metrics,1,1
2324,fish_metrics_NTOLBENTNTAX,NTOLBENTNTAX,Fish,NRSA 2324 Fish Metrics,No. non-tolerant benthic taxa,,,,,Single metadata definition,fish_metrics,1,1
2324,fish_metrics_NTOLBENTPIND,NTOLBENTPIND,Fish,NRSA 2324 Fish Metrics,% non-tolerant benthic individuals,,,,,Single metadata definition,fish_metrics,1,1
2324,fish_metrics_NTOLBENTPTAX,NTOLBENTPTAX,Fish,NRSA 2324 Fish Metrics,% non-tolerant benthic taxa,,,,,Single metadata definition,fish_metrics,1,1
2324,fish_metrics_NTOLCARNNTAX,NTOLCARNNTAX,Fish,NRSA 2324 Fish Metrics,No. non-tolerant carnivore taxa,,,,,Single metadata definition,fish_metrics,1,1
2324,fish_metrics_NTOLCARNPIND,NTOLCARNPIND,Fish,NRSA 2324 Fish Metrics,% non-tolerant carnivore individuals,,,,,Single metadata definition,fish_metrics,1,1
2324,fish_metrics_NTOLCARNPTAX,NTOLCARNPTAX,Fish,NRSA 2324 Fish Metrics,% non-tolerant carnivore taxa,,,,,Single metadata definition,fish_metrics,1,1
2324,fish_metrics_NTOLINVNTAX,NTOLINVNTAX,Fish,NRSA 2324 Fish Metrics,No. non-tolerant invertivore taxa,,,,,Single metadata definition,fish_metrics,1,1
2324,fish_metrics_NTOLINVPIND,NTOLINVPIND,Fish,NRSA 2324 Fish Metrics,% non-tolerant invertivore individuals,,,,,Single metadata definition,fish_metrics,1,1
2324,fish_metrics_NTOLINVPTAX,NTOLINVPTAX,Fish,NRSA 2324 Fish Metrics,% non-tolerant invertivore taxa,,,,,Single metadata definition,fish_metrics,1,1
2324,fish_metrics_NTOLNTAX,NTOLNTAX,Fish,NRSA 2324 Fish Metrics,no. non-tolerant (TOLERANCE_NRSA=(S)ensitive/(I)ntermediate) taxa,,,,,Single metadata definition,fish_metrics,2,1
2324,fish_metrics_NTOLPIND,NTOLPIND,Fish,NRSA 2324 Fish Metrics,% non-tolerant (TOLERANCE_NRSA=(S)ensitive/(I)ntermediate) individuals,,,,,Single metadata definition,fish_metrics,2,1
2324,fish_metrics_NTOLPTAX,NTOLPTAX,Fish,NRSA 2324 Fish Metrics,% non-tolerant (TOLERANCE_NRSA=(S)ensitive/(I)ntermediate) taxa,,,,,Single metadata definition,fish_metrics,2,1
2324,fish_metrics_OMNINTAX,OMNINTAX,Fish,NRSA 2324 Fish Metrics,No. omnivore taxa,,,,,Single metadata definition,fish_metrics,1,1
2324,fish_metrics_OMNIPIND,OMNIPIND,Fish,NRSA 2324 Fish Metrics,% omnivore individuals,,,,,Single metadata definition,fish_metrics,1,1
2324,fish_metrics_OMNIPTAX,OMNIPTAX,Fish,NRSA 2324 Fish Metrics,% omnivore taxa,,,,,Single metadata definition,fish_metrics,1,1
2324,fish_metrics_PSTL_CODE,PSTL_CODE,Fish,NRSA 2324 Fish Metrics,"State two letter postal code for site sampled. 50 state postal codes plus AS, MP, GU, PR, VI for American Samoa, Commonwealth of Northern Marianas, Guam, Puerto Rico and Virgin Islands. No missing or \blank\"" values allowed.""",,,,,Single metadata definition,fish_metrics,15,1
2324,fish_metrics_PUBLICATION_DATE,PUBLICATION_DATE,Fish,NRSA 2324 Fish Metrics,Date of data file publication,,,,,Single metadata definition,fish_metrics,16,1
2324,fish_metrics_RBCATONTAX,RBCATONTAX,Fish,NRSA 2324 Fish Metrics,No. round-bodied sucker taxa,,,,,Single metadata definition,fish_metrics,1,1
2324,fish_metrics_RBCATOPIND,RBCATOPIND,Fish,NRSA 2324 Fish Metrics,% round-bodied sucker individuals,,,,,Single metadata definition,fish_metrics,1,1
2324,fish_metrics_RBCATOPTAX,RBCATOPTAX,Fish,NRSA 2324 Fish Metrics,% round-bodied sucker taxa,,,,,Single metadata definition,fish_metrics,1,1
2324,fish_metrics_RHEONTAX,RHEONTAX,Fish,NRSA 2324 Fish Metrics,No. rheophilic taxa,,,,,Single metadata definition,fish_metrics,1,1
2324,fish_metrics_RHEOPIND,RHEOPIND,Fish,NRSA 2324 Fish Metrics,% rheophilic individuals,,,,,Single metadata definition,fish_metrics,1,1
2324,fish_metrics_RHEOPTAX,RHEOPTAX,Fish,NRSA 2324 Fish Metrics,% rheophilic taxa,,,,,Single metadata definition,fish_metrics,1,1
2324,fish_metrics_SALMNTAX,SALMNTAX,Fish,NRSA 2324 Fish Metrics,No. Salmonid taxa,,,,,Single metadata definition,fish_metrics,1,1
2324,fish_metrics_SALMPIND,SALMPIND,Fish,NRSA 2324 Fish Metrics,% Salmonid individuals,,,,,Single metadata definition,fish_metrics,1,1
2324,fish_metrics_SALMPTAX,SALMPTAX,Fish,NRSA 2324 Fish Metrics,% Salmonid taxa,,,,,Single metadata definition,fish_metrics,1,1
2324,fish_metrics_SITE_ID,SITE_ID,Fish,NRSA 2324 Fish Metrics,"Site ID for the study and year sampled. Preferred form is NRSnn_MM-xxxxx where nn is current cycle year (04, 08, 13, 18, etc), MM is two letter state code, and xxxxx is between 10001 and 99999. No missing or \blank\"" values allowed.""",,,,,Single metadata definition,fish_metrics,15,1
2324,fish_metrics_TOLRNTAX,TOLRNTAX,Fish,NRSA 2324 Fish Metrics,No. distinct Tolerant taxa based on TOLERANCE_NRSA,,,,,Single metadata definition,fish_metrics,2,1
2324,fish_metrics_TOLRPIND,TOLRPIND,Fish,NRSA 2324 Fish Metrics,% Tolerant individuals based on TOLERANCE_NRSA,,,,,Single metadata definition,fish_metrics,2,1
2324,fish_metrics_TOLRPTAX,TOLRPTAX,Fish,NRSA 2324 Fish Metrics,% Tolerant taxa based on TOLERANCE_NRSA,,,,,Single metadata definition,fish_metrics,2,1
2324,fish_metrics_TOTLNIND,TOTLNIND,Fish,NRSA 2324 Fish Metrics,Total no. individuals,,,,,Single metadata definition,fish_metrics,2,1
2324,fish_metrics_TOTLNTAX,TOTLNTAX,Fish,NRSA 2324 Fish Metrics,Total no. distinct taxa,,,,,Single metadata definition,fish_metrics,2,1
2324,fish_metrics_UID,UID,Fish,NRSA 2324 Fish Metrics,Unique site visit ID,,,,,Single metadata definition,fish_metrics,15,1
2324,fish_metrics_UNIQUE_ID,UNIQUE_ID,Fish,NRSA 2324 Fish Metrics,Unique site ID based on location that does not depend on year sampled or any other factor. Form is NRS_ss_nnnnn where ss state and nnnnn is number that starts at 10001. No missing values allowed.,,,,,Single metadata definition,fish_metrics,15,1
2324,fish_metrics_VISIT_NO,VISIT_NO,Fish,NRSA 2324 Fish Metrics,Number identifying which visit this is,,|1|2,,,Single metadata definition,fish_metrics,15,1
2324,fish_metrics_WTD_TV,WTD_TV,Fish,NRSA 2324 Fish Metrics,"Hilsenhoff Biotic Index (HBI), sum of TV_i*prop_i, where TV_i=tolerance value for species i and prop_i=proportion of taxon i in sample, based on all taxa in sample",,,,,Single metadata definition,fish_metrics,2,1
2324,fish_mmi_ALIENNTAX_PT,ALIENNTAX_PT,Fish,NRSA 2324 Fish MMI,Score for ALIENNTAX used in MMI,,,,,Single metadata definition,fish_mmi,1,1
2324,fish_mmi_ALIENNTAX_WS,ALIENNTAX_WS,Fish,NRSA 2324 Fish MMI,Traditional MMI watershed adjusted value for ALIENNTAX,,,,,Single metadata definition,fish_mmi,1,1
2324,fish_mmi_ALIENNTAX_WS_PT,ALIENNTAX_WS_PT,Fish,NRSA 2324 Fish MMI,Traditional MMI watershed adjusted metric score for ALIENNTAX,,,,,Single metadata definition,fish_mmi,1,1
2324,fish_mmi_ALIENPIND_WS,ALIENPIND_WS,Fish,NRSA 2324 Fish MMI,Traditional MMI watershed adjusted value for ALIENPIND,,,,,Single metadata definition,fish_mmi,1,1
2324,fish_mmi_ALIENPIND_WS_PT,ALIENPIND_WS_PT,Fish,NRSA 2324 Fish MMI,Traditional MMI watershed adjusted metric score for ALIENPIND,,,,,Single metadata definition,fish_mmi,1,1
2324,fish_mmi_BENTINVPTAX_WS,BENTINVPTAX_WS,Fish,NRSA 2324 Fish MMI,Traditional MMI watershed adjusted value for BENTINVPTAX,,,,,Single metadata definition,fish_mmi,1,1
2324,fish_mmi_BENTINVPTAX_WS_PT,BENTINVPTAX_WS_PT,Fish,NRSA 2324 Fish MMI,Traditional MMI watershed adjusted metric score for BENTINVPTAX,,,,,Single metadata definition,fish_mmi,1,1
2324,fish_mmi_CARNNTAX_WS,CARNNTAX_WS,Fish,NRSA 2324 Fish MMI,Traditional MMI watershed adjusted value for CARNNTAX,,,,,Single metadata definition,fish_mmi,1,1
2324,fish_mmi_CARNNTAX_WS_PT,CARNNTAX_WS_PT,Fish,NRSA 2324 Fish MMI,Traditional MMI watershed adjusted metric score for CARNNTAX,,,,,Single metadata definition,fish_mmi,1,1
2324,fish_mmi_CENTPTAX_PT,CENTPTAX_PT,Fish,NRSA 2324 Fish MMI,Traditional MMI metric score for CENTPTAX,,,,,Single metadata definition,fish_mmi,1,1
2324,fish_mmi_CYPRNTAX_PT,CYPRNTAX_PT,Fish,NRSA 2324 Fish MMI,Traditional MMI metric score for CYPRNTAX,,,,,Single metadata definition,fish_mmi,1,1
2324,fish_mmi_CYPRPTAX_WS,CYPRPTAX_WS,Fish,NRSA 2324 Fish MMI,Traditional MMI watershed adjusted value for CYPRPTAX,,,,,Single metadata definition,fish_mmi,1,1
2324,fish_mmi_CYPRPTAX_WS_PT,CYPRPTAX_WS_PT,Fish,NRSA 2324 Fish MMI,Traditional MMI watershed adjusted metric score for CYPRPTAX,,,,,Single metadata definition,fish_mmi,1,1
2324,fish_mmi_DATE_COL,DATE_COL,Fish,NRSA 2324 Fish MMI,Date of data collection in field,,,,,Single metadata definition,fish_mmi,15,1
2324,fish_mmi_FISH_MMI_COND,FISH_MMI_COND,Fish,NRSA 2324 Fish MMI,"Fish assemblage condition, based on regional Fish MMI.",,Good|Fair|Poor|Not Assessed,,,Single metadata definition,fish_mmi,1,1
2324,fish_mmi_HERBPTAX_PT,HERBPTAX_PT,Fish,NRSA 2324 Fish MMI,Traditional MMI metric score for HERBPTAX,,,,,Single metadata definition,fish_mmi,1,1
2324,fish_mmi_INTLINVPTAX_PT,INTLINVPTAX_PT,Fish,NRSA 2324 Fish MMI,Traditional MMI metric score for INTLINVPTAX,,,,,Single metadata definition,fish_mmi,1,1
2324,fish_mmi_INTLLOTNTAX_WS,INTLLOTNTAX_WS,Fish,NRSA 2324 Fish MMI,Traditional MMI watershed adjusted value for INTLLOTNTAX,,,,,Single metadata definition,fish_mmi,1,1
2324,fish_mmi_INTLLOTNTAX_WS_PT,INTLLOTNTAX_WS_PT,Fish,NRSA 2324 Fish MMI,Traditional MMI watershed adjusted metric score for INTLLOTNTAX,,,,,Single metadata definition,fish_mmi,1,1
2324,fish_mmi_INTLLOTPTAX_WS,INTLLOTPTAX_WS,Fish,NRSA 2324 Fish MMI,Traditional MMI watershed adjusted value for INTLLOTPTAX,,,,,Single metadata definition,fish_mmi,1,1
2324,fish_mmi_INTLLOTPTAX_WS_PT,INTLLOTPTAX_WS_PT,Fish,NRSA 2324 Fish MMI,Traditional MMI watershed adjusted metric score for INTLLOTPTAX,,,,,Single metadata definition,fish_mmi,1,1
2324,fish_mmi_INTLMIGRNTAX_PT,INTLMIGRNTAX_PT,Fish,NRSA 2324 Fish MMI,Traditional MMI metric score for INTLMIGRNTAX,,,,,Single metadata definition,fish_mmi,1,1
2324,fish_mmi_INTLMIGRPIND_PT,INTLMIGRPIND_PT,Fish,NRSA 2324 Fish MMI,Traditional MMI metric score for INTLMIGRPIND,,,,,Single metadata definition,fish_mmi,1,1
2324,fish_mmi_INTLMIGRPTAX_PT,INTLMIGRPTAX_PT,Fish,NRSA 2324 Fish MMI,Score for INTLMIGRPTAX used in MMI,,,,,Single metadata definition,fish_mmi,1,1
2324,fish_mmi_INTLPTAX_PT,INTLPTAX_PT,Fish,NRSA 2324 Fish MMI,Traditional MMI metric score for INTLPTAX,,,,,Single metadata definition,fish_mmi,1,1
2324,fish_mmi_INVNTAX_PT,INVNTAX_PT,Fish,NRSA 2324 Fish MMI,Traditional MMI metric score for INVNTAX,,,,,Single metadata definition,fish_mmi,1,1
2324,fish_mmi_INVPIND_WS,INVPIND_WS,Fish,NRSA 2324 Fish MMI,Traditional MMI watershed adjusted value for INVPIND,,,,,Single metadata definition,fish_mmi,1,1
2324,fish_mmi_INVPIND_WS_PT,INVPIND_WS_PT,Fish,NRSA 2324 Fish MMI,Traditional MMI watershed adjusted metric score for INVPIND,,,,,Single metadata definition,fish_mmi,1,1
2324,fish_mmi_INVPTAX_PT,INVPTAX_PT,Fish,NRSA 2324 Fish MMI,Score for INVPTAX used in MMI,,,,,Single metadata definition,fish_mmi,1,1
2324,fish_mmi_LITHNTAX_PT,LITHNTAX_PT,Fish,NRSA 2324 Fish MMI,Traditional MMI metric score for LITHNTAX,,,,,Single metadata definition,fish_mmi,1,1
2324,fish_mmi_LITHNTAX_WS,LITHNTAX_WS,Fish,NRSA 2324 Fish MMI,Traditional MMI watershed adjusted value for LITHNTAX,,,,,Single metadata definition,fish_mmi,1,1
2324,fish_mmi_LITHNTAX_WS_PT,LITHNTAX_WS_PT,Fish,NRSA 2324 Fish MMI,Traditional MMI watershed adjusted metric score for LITHNTAX,,,,,Single metadata definition,fish_mmi,1,1
2324,fish_mmi_LITHPIND_PT,LITHPIND_PT,Fish,NRSA 2324 Fish MMI,Score for LITHPIND used in MMI,,,,,Single metadata definition,fish_mmi,1,1
2324,fish_mmi_LITHPIND_WS,LITHPIND_WS,Fish,NRSA 2324 Fish MMI,Traditional MMI watershed adjusted value for LITHPIND,,,,,Single metadata definition,fish_mmi,1,1
2324,fish_mmi_LITHPIND_WS_PT,LITHPIND_WS_PT,Fish,NRSA 2324 Fish MMI,Traditional MMI watershed adjusted metric score for LITHPIND,,,,,Single metadata definition,fish_mmi,1,1
2324,fish_mmi_LITHPTAX_PT,LITHPTAX_PT,Fish,NRSA 2324 Fish MMI,Score for LITHPTAX used in MMI,,,,,Single metadata definition,fish_mmi,1,1
2324,fish_mmi_LITHPTAX_WS,LITHPTAX_WS,Fish,NRSA 2324 Fish MMI,Traditional MMI watershed adjusted value for LITHPTAX,,,,,Single metadata definition,fish_mmi,1,1
2324,fish_mmi_LITHPTAX_WS_PT,LITHPTAX_WS_PT,Fish,NRSA 2324 Fish MMI,Traditional MMI watershed adjusted metric score for LITHPTAX,,,,,Single metadata definition,fish_mmi,1,1
2324,fish_mmi_LOTNTAX_WS,LOTNTAX_WS,Fish,NRSA 2324 Fish MMI,Traditional MMI watershed adjusted value for LOTNTAX,,,,,Single metadata definition,fish_mmi,1,1
2324,fish_mmi_LOTNTAX_WS_PT,LOTNTAX_WS_PT,Fish,NRSA 2324 Fish MMI,Traditional MMI watershed adjusted metric score for LOTNTAX,,,,,Single metadata definition,fish_mmi,1,1
2324,fish_mmi_LOTPIND_WS,LOTPIND_WS,Fish,NRSA 2324 Fish MMI,Traditional MMI watershed adjusted value for LOTPIND,,,,,Single metadata definition,fish_mmi,1,1
2324,fish_mmi_LOTPIND_WS_PT,LOTPIND_WS_PT,Fish,NRSA 2324 Fish MMI,Traditional MMI watershed adjusted metric score for LOTPIND,,,,,Single metadata definition,fish_mmi,1,1
2324,fish_mmi_MIGRNTAX_WS,MIGRNTAX_WS,Fish,NRSA 2324 Fish MMI,Traditional MMI watershed adjusted value for MIGRNTAX,,,,,Single metadata definition,fish_mmi,1,1
2324,fish_mmi_MIGRNTAX_WS_PT,MIGRNTAX_WS_PT,Fish,NRSA 2324 Fish MMI,Traditional MMI watershed adjusted metric score for MIGRNTAX,,,,,Single metadata definition,fish_mmi,1,1
2324,fish_mmi_MIGRPTAX_WS,MIGRPTAX_WS,Fish,NRSA 2324 Fish MMI,Traditional MMI watershed adjusted value for MIGRPTAX,,,,,Single metadata definition,fish_mmi,1,1
2324,fish_mmi_MIGRPTAX_WS_PT,MIGRPTAX_WS_PT,Fish,NRSA 2324 Fish MMI,Traditional MMI watershed adjusted metric score for MIGRPTAX,,,,,Single metadata definition,fish_mmi,1,1
2324,fish_mmi_MMI_FISH,MMI_FISH,Fish,NRSA 2324 Fish MMI,Traditional MMI watershed adjusted value for MMI_FISH,,,,,Single metadata definition,fish_mmi,1,1
2324,fish_mmi_NAT_CARNNTAX_WS,NAT_CARNNTAX_WS,Fish,NRSA 2324 Fish MMI,Traditional MMI watershed adjusted value for NAT_CARNNTAX,,,,,Single metadata definition,fish_mmi,1,1
2324,fish_mmi_NAT_CARNNTAX_WS_PT,NAT_CARNNTAX_WS_PT,Fish,NRSA 2324 Fish MMI,Traditional MMI watershed adjusted metric score for NAT_CARNNTAX,,,,,Single metadata definition,fish_mmi,1,1
2324,fish_mmi_NAT_CATOPIND_PT,NAT_CATOPIND_PT,Fish,NRSA 2324 Fish MMI,Traditional MMI metric score for NAT_CATOPIND,,,,,Single metadata definition,fish_mmi,1,1
2324,fish_mmi_NAT_CENTNTAX_WS,NAT_CENTNTAX_WS,Fish,NRSA 2324 Fish MMI,Traditional MMI watershed adjusted value for NAT_CENTNTAX,,,,,Single metadata definition,fish_mmi,1,1
2324,fish_mmi_NAT_CENTNTAX_WS_PT,NAT_CENTNTAX_WS_PT,Fish,NRSA 2324 Fish MMI,Traditional MMI watershed adjusted metric score for NAT_CENTNTAX,,,,,Single metadata definition,fish_mmi,1,1
2324,fish_mmi_NAT_CYPRPIND_PT,NAT_CYPRPIND_PT,Fish,NRSA 2324 Fish MMI,Traditional MMI metric score for NAT_CYPRPIND,,,,,Single metadata definition,fish_mmi,1,1
2324,fish_mmi_NAT_HERBPTAX_PT,NAT_HERBPTAX_PT,Fish,NRSA 2324 Fish MMI,Score for NAT_HERBPTAX used in MMI,,,,,Single metadata definition,fish_mmi,1,1
2324,fish_mmi_NAT_ICTAPIND_WS,NAT_ICTAPIND_WS,Fish,NRSA 2324 Fish MMI,Traditional MMI watershed adjusted value for NAT_ICTAPIND,,,,,Single metadata definition,fish_mmi,1,1
2324,fish_mmi_NAT_ICTAPIND_WS_PT,NAT_ICTAPIND_WS_PT,Fish,NRSA 2324 Fish MMI,Traditional MMI watershed adjusted metric score for NAT_ICTAPIND,,,,,Single metadata definition,fish_mmi,1,1
2324,fish_mmi_NAT_INTLPIND_WS,NAT_INTLPIND_WS,Fish,NRSA 2324 Fish MMI,Traditional MMI watershed adjusted value for NAT_INTLPIND,,,,,Single metadata definition,fish_mmi,1,1
2324,fish_mmi_NAT_INTLPIND_WS_PT,NAT_INTLPIND_WS_PT,Fish,NRSA 2324 Fish MMI,Traditional MMI watershed adjusted metric score for NAT_INTLPIND,,,,,Single metadata definition,fish_mmi,1,1
2324,fish_mmi_NAT_LITHPIND_WS,NAT_LITHPIND_WS,Fish,NRSA 2324 Fish MMI,Traditional MMI watershed adjusted value for NAT_LITHPIND,,,,,Single metadata definition,fish_mmi,1,1
2324,fish_mmi_NAT_LITHPIND_WS_PT,NAT_LITHPIND_WS_PT,Fish,NRSA 2324 Fish MMI,Traditional MMI watershed adjusted metric score for NAT_LITHPIND,,,,,Single metadata definition,fish_mmi,1,1
2324,fish_mmi_NAT_MIGRNTAX_PT,NAT_MIGRNTAX_PT,Fish,NRSA 2324 Fish MMI,Traditional MMI metric score for NAT_MIGRNTAX,,,,,Single metadata definition,fish_mmi,1,1
2324,fish_mmi_NAT_MIGRPTAX_WS,NAT_MIGRPTAX_WS,Fish,NRSA 2324 Fish MMI,Traditional MMI watershed adjusted value for NAT_MIGRPTAX,,,,,Single metadata definition,fish_mmi,1,1
2324,fish_mmi_NAT_MIGRPTAX_WS_PT,NAT_MIGRPTAX_WS_PT,Fish,NRSA 2324 Fish MMI,Traditional MMI watershed adjusted metric score for NAT_MIGRPTAX,,,,,Single metadata definition,fish_mmi,1,1
2324,fish_mmi_NAT_NTOLBENTPTAX_PT,NAT_NTOLBENTPTAX_PT,Fish,NRSA 2324 Fish MMI,Score for NAT_NTOLBENTPTAX used in MMI,,,,,Single metadata definition,fish_mmi,1,1
2324,fish_mmi_NAT_NTOLNTAX_PT,NAT_NTOLNTAX_PT,Fish,NRSA 2324 Fish MMI,Traditional MMI metric score for NAT_NTOLNTAX,,,,,Single metadata definition,fish_mmi,1,1
2324,fish_mmi_NAT_NTOLNTAX_WS,NAT_NTOLNTAX_WS,Fish,NRSA 2324 Fish MMI,Traditional MMI watershed adjusted value for NAT_NTOLNTAX,,,,,Single metadata definition,fish_mmi,1,1
2324,fish_mmi_NAT_NTOLNTAX_WS_PT,NAT_NTOLNTAX_WS_PT,Fish,NRSA 2324 Fish MMI,Traditional MMI watershed adjusted metric score for NAT_NTOLNTAX,,,,,Single metadata definition,fish_mmi,1,1
2324,fish_mmi_NAT_PIND_PT,NAT_PIND_PT,Fish,NRSA 2324 Fish MMI,Score for NAT_PIND used in MMI,,,,,Single metadata definition,fish_mmi,1,1
2324,fish_mmi_NAT_PTAX_PT,NAT_PTAX_PT,Fish,NRSA 2324 Fish MMI,Score for NAT_PTAX used in MMI,,,,,Single metadata definition,fish_mmi,1,1
2324,fish_mmi_NAT_RHEOPIND_PT,NAT_RHEOPIND_PT,Fish,NRSA 2324 Fish MMI,Traditional MMI metric score for NAT_RHEOPIND,,,,,Single metadata definition,fish_mmi,1,1
2324,fish_mmi_NAT_TOTLNTAX_WS,NAT_TOTLNTAX_WS,Fish,NRSA 2324 Fish MMI,Traditional MMI watershed adjusted value for NAT_TOTLNTAX,,,,,Single metadata definition,fish_mmi,1,1
2324,fish_mmi_NAT_TOTLNTAX_WS_PT,NAT_TOTLNTAX_WS_PT,Fish,NRSA 2324 Fish MMI,Traditional MMI watershed adjusted metric score for NAT_TOTLNTAX,,,,,Single metadata definition,fish_mmi,1,1
2324,fish_mmi_NTOLNTAX_WS,NTOLNTAX_WS,Fish,NRSA 2324 Fish MMI,Traditional MMI watershed adjusted value for NTOLNTAX,,,,,Single metadata definition,fish_mmi,1,1
2324,fish_mmi_NTOLNTAX_WS_PT,NTOLNTAX_WS_PT,Fish,NRSA 2324 Fish MMI,Traditional MMI watershed adjusted metric score for NTOLNTAX,,,,,Single metadata definition,fish_mmi,1,1
2324,fish_mmi_NTOLPTAX_PT,NTOLPTAX_PT,Fish,NRSA 2324 Fish MMI,Score for NTOLPTAX used in MMI,,,,,Single metadata definition,fish_mmi,1,1
2324,fish_mmi_NTOLPTAX_WS,NTOLPTAX_WS,Fish,NRSA 2324 Fish MMI,Traditional MMI watershed adjusted value for NTOLPTAX,,,,,Single metadata definition,fish_mmi,1,1
2324,fish_mmi_NTOLPTAX_WS_PT,NTOLPTAX_WS_PT,Fish,NRSA 2324 Fish MMI,Traditional MMI watershed adjusted metric score for NTOLPTAX,,,,,Single metadata definition,fish_mmi,1,1
2324,fish_mmi_PSTL_CODE,PSTL_CODE,Fish,NRSA 2324 Fish MMI,"State two letter postal code for site sampled. 50 state postal codes plus AS, MP, GU, PR, VI for American Samoa, Commonwealth of Northern Marianas, Guam, Puerto Rico and Virgin Islands. No missing or \blank\"" values allowed.""",,,,,Single metadata definition,fish_mmi,15,1
2324,fish_mmi_PUBLICATION_DATE,PUBLICATION_DATE,Fish,NRSA 2324 Fish MMI,Date of data file publication,,,,,Single metadata definition,fish_mmi,16,1
2324,fish_mmi_RBCATONTAX_PT,RBCATONTAX_PT,Fish,NRSA 2324 Fish MMI,Traditional MMI metric score for RBCATONTAX,,,,,Single metadata definition,fish_mmi,1,1
2324,fish_mmi_RHEONTAX_PT,RHEONTAX_PT,Fish,NRSA 2324 Fish MMI,Traditional MMI metric score for RHEONTAX,,,,,Single metadata definition,fish_mmi,1,1
2324,fish_mmi_RHEOPIND_PT,RHEOPIND_PT,Fish,NRSA 2324 Fish MMI,Traditional MMI metric score for RHEOPIND,,,,,Single metadata definition,fish_mmi,1,1
2324,fish_mmi_SALMNTAX_PT,SALMNTAX_PT,Fish,NRSA 2324 Fish MMI,Traditional MMI metric score for SALMNTAX,,,,,Single metadata definition,fish_mmi,1,1
2324,fish_mmi_SITE_ID,SITE_ID,Fish,NRSA 2324 Fish MMI,"Site ID for the study and year sampled. Preferred form is NRSnn_MM-xxxxx where nn is current cycle year (04, 08, 13, 18, etc), MM is two letter state code, and xxxxx is between 10001 and 99999. No missing or \blank\"" values allowed.""",,,,,Single metadata definition,fish_mmi,15,1
2324,fish_mmi_TOLRNTAX_PT,TOLRNTAX_PT,Fish,NRSA 2324 Fish MMI,Score for TOLRNTAX used in MMI,,,,,Single metadata definition,fish_mmi,1,1
2324,fish_mmi_TOLRNTAX_WS,TOLRNTAX_WS,Fish,NRSA 2324 Fish MMI,Traditional MMI watershed adjusted value for TOLRNTAX,,,,,Single metadata definition,fish_mmi,1,1
2324,fish_mmi_TOLRNTAX_WS_PT,TOLRNTAX_WS_PT,Fish,NRSA 2324 Fish MMI,Traditional MMI watershed adjusted metric score for TOLRNTAX,,,,,Single metadata definition,fish_mmi,1,1
2324,fish_mmi_TOLRPTAX_PT,TOLRPTAX_PT,Fish,NRSA 2324 Fish MMI,Score for TOLRPTAX used in MMI,,,,,Single metadata definition,fish_mmi,1,1
2324,fish_mmi_UID,UID,Fish,NRSA 2324 Fish MMI,Unique site visit ID,,,,,Single metadata definition,fish_mmi,15,1
2324,fish_mmi_UNIQUE_ID,UNIQUE_ID,Fish,NRSA 2324 Fish MMI,Unique site ID based on location that does not depend on year sampled or any other factor. Form is NRS_ss_nnnnn where ss state and nnnnn is number that starts at 10001. No missing values allowed.,,,,,Single metadata definition,fish_mmi,15,1
2324,fish_mmi_VISIT_NO,VISIT_NO,Fish,NRSA 2324 Fish MMI,Number identifying which visit this is,,|1|2,,,Single metadata definition,fish_mmi,15,1
2324,fish_hg_ANALYST,ANALYST,Fish,NRSA 2324 Mercury in Fish Tissue Plugs,Laboratory analyst,FPLG,,,,Single metadata definition,fish_hg,2,1
2324,fish_hg_ANALYTE,ANALYTE,Fish,NRSA 2324 Mercury in Fish Tissue Plugs,Analyte,COLUMN,,,,Single metadata definition,fish_hg,4,1
2324,fish_hg_ARRIVAL_TEMP,ARRIVAL_TEMP,Fish,NRSA 2324 Mercury in Fish Tissue Plugs,Temperature upon arrival at lab,FPLG,,,,Single metadata definition,fish_hg,1,1
2324,fish_hg_BATCH_ID,BATCH_ID,Fish,NRSA 2324 Mercury in Fish Tissue Plugs,Laboratory Batch ID,COLUMN,,,,Single metadata definition,fish_hg,5,1
2324,fish_hg_CAS_NO,CAS_NO,Fish,NRSA 2324 Mercury in Fish Tissue Plugs,Chemical Abstracts Service number,FPLG,,,,Single metadata definition,fish_hg,1,1
2324,fish_hg_CONDITION_CODE,CONDITION_CODE,Fish,NRSA 2324 Mercury in Fish Tissue Plugs,Condition of sample code,FPLG,,,,Single metadata definition,fish_hg,2,1
2324,fish_hg_DATE_COL,DATE_COL,Fish,NRSA 2324 Mercury in Fish Tissue Plugs,Date of data collection in field,VERIF,,,,Single metadata definition,fish_hg,15,1
2324,fish_hg_DATE_PROCESSED,DATE_PROCESSED,Fish,NRSA 2324 Mercury in Fish Tissue Plugs,Date sample processed,FPLG,,,,Single metadata definition,fish_hg,1,1
2324,fish_hg_DILUTION,DILUTION,Fish,NRSA 2324 Mercury in Fish Tissue Plugs,Dilution of sample,FPLG,,,,Single metadata definition,fish_hg,1,1
2324,fish_hg_INSTRUMENT,INSTRUMENT,Fish,NRSA 2324 Mercury in Fish Tissue Plugs,Instrument used,FPLG,,,,Single metadata definition,fish_hg,1,1
2324,fish_hg_LAB,LAB,Fish,NRSA 2324 Mercury in Fish Tissue Plugs,Laboratory processing sample,COLUMN,,,,Single metadata definition,fish_hg,6,1
2324,fish_hg_LENGTH_1,LENGTH_1,Fish,NRSA 2324 Mercury in Fish Tissue Plugs,Fish length 1 (mm),COLUMN,,,,Single metadata definition,fish_hg,1,1
2324,fish_hg_LENGTH_2,LENGTH_2,Fish,NRSA 2324 Mercury in Fish Tissue Plugs,Fish length 1 (mm),COLUMN,,,,Single metadata definition,fish_hg,1,1
2324,fish_hg_MATRIX,MATRIX,Fish,NRSA 2324 Mercury in Fish Tissue Plugs,"Type of sample (e.g., water, sediment, tissue)",COLUMN,,,,Single metadata definition,fish_hg,6,1
2324,fish_hg_MDL,MDL,Fish,NRSA 2324 Mercury in Fish Tissue Plugs,Minimum Detection Limit,FPLG,,,,Single metadata definition,fish_hg,3,1
2324,fish_hg_METHOD,METHOD,Fish,NRSA 2324 Mercury in Fish Tissue Plugs,Fish collection method for fish plug sample,FPLG,,,,Single metadata definition,fish_hg,1,1
2324,fish_hg_NAME_COM,NAME_COM,Fish,NRSA 2324 Mercury in Fish Tissue Plugs,Common Name,FTIS,,,,Single metadata definition,fish_hg,1,1
2324,fish_hg_NARS_FLAG,NARS_FLAG,Fish,NRSA 2324 Mercury in Fish Tissue Plugs,"Flag assigned by NARS: ND = Non-detect, L = Estimated, Q = Quality-related issue, S = Shipping time exceedence, H = Holding time exceedence, NR = No lab result for analyte",FPLG,,,,Single metadata definition,fish_hg,5,1
2324,fish_hg_PSTL_CODE,PSTL_CODE,Fish,NRSA 2324 Mercury in Fish Tissue Plugs,"State two letter postal code for site sampled. 50 state postal codes plus AS, MP, GU, PR, VI for American Samoa, Commonwealth of Northern Marianas, Guam, Puerto Rico and Virgin Islands. No missing or \blank\"" values allowed.""",DESIGN,,,,Single metadata definition,fish_hg,15,1
2324,fish_hg_PUBLICATION_DATE,PUBLICATION_DATE,Fish,NRSA 2324 Mercury in Fish Tissue Plugs,Date of data file publication,COLUMN,,,,Single metadata definition,fish_hg,16,1
2324,fish_hg_RESULT,RESULT,Fish,NRSA 2324 Mercury in Fish Tissue Plugs,Value of associated parameter,COLUMN,,,,Single metadata definition,fish_hg,4,1
2324,fish_hg_RL,RL,Fish,NRSA 2324 Mercury in Fish Tissue Plugs,Reporting Limit,FPLG,,,,Single metadata definition,fish_hg,4,1
2324,fish_hg_SAM_CODE,SAM_CODE,Fish,NRSA 2324 Mercury in Fish Tissue Plugs,"Sample code (e.g., regular, lab duplicate, lab split)",COLUMN,,,,Single metadata definition,fish_hg,6,1
2324,fish_hg_SAMPLE_ID,SAMPLE_ID,Fish,NRSA 2324 Mercury in Fish Tissue Plugs,Field Sample ID,FPLG,,,,Single metadata definition,fish_hg,4,1
2324,fish_hg_SAMPLE_TYPE,SAMPLE_TYPE,Fish,NRSA 2324 Mercury in Fish Tissue Plugs,Sample type,COLUMN,,,,Single metadata definition,fish_hg,7,1
2324,fish_hg_SITE_ID,SITE_ID,Fish,NRSA 2324 Mercury in Fish Tissue Plugs,"Site ID for the study and year sampled. Preferred form is NRSnn_MM-xxxxx where nn is current cycle year (04, 08, 13, 18, etc), MM is two letter state code, and xxxxx is between 10001 and 99999. No missing or \blank\"" values allowed.""",DESIGN,,,,Single metadata definition,fish_hg,15,1
2324,fish_hg_UID,UID,Fish,NRSA 2324 Mercury in Fish Tissue Plugs,Unique site visit ID,COLUMN,,,,Single metadata definition,fish_hg,15,1
2324,fish_hg_UNIQUE_ID,UNIQUE_ID,Fish,NRSA 2324 Mercury in Fish Tissue Plugs,Unique site ID based on location that does not depend on year sampled or any other factor. Form is NRS_ss_nnnnn where ss state and nnnnn is number that starts at 10001. No missing values allowed.,COLUMN,,,,Single metadata definition,fish_hg,15,1
2324,fish_hg_UNITS,UNITS,Fish,NRSA 2324 Mercury in Fish Tissue Plugs,Units,COLUMN,,,,Single metadata definition,fish_hg,2,1
2324,fish_hg_VISIT_NO,VISIT_NO,Fish,NRSA 2324 Mercury in Fish Tissue Plugs,Number identifying which visit this is,VERIF,|1|2,,,Single metadata definition,fish_hg,15,1
2324,fish_taxa_FAM_OR_CLS,FAM_OR_CLS,Fish,NRSA 2324 Fish Taxa List,Family or class,,,,,Single metadata definition,fish_taxa,1,1
2324,fish_taxa_FAMILY,FAMILY,Fish,NRSA 2324 Fish Taxa List,Final taxon name within fish samples,,,,,Single metadata definition,fish_taxa,3,1
2324,fish_taxa_FINAL_NAME,FINAL_NAME,Fish,NRSA 2324 Fish Taxa List,Final common name assigned to fish count data,,,,,Single metadata definition,fish_taxa,2,1
2324,fish_taxa_GENUS,GENUS,Fish,NRSA 2324 Fish Taxa List,"Genus of taxon, if available",,,,,Single metadata definition,fish_taxa,3,1
2324,fish_taxa_HABITAT_NRSA,HABITAT_NRSA,Fish,NRSA 2324 Fish Taxa List,"Habitat preferences,W-water column,B-Benthic,E-Edge",,,,,Single metadata definition,fish_taxa,1,1
2324,fish_taxa_ITISTSN,ITISTSN,Fish,NRSA 2324 Fish Taxa List,Unique Taxonmoic Serial Number (TSN) based on ITIS,,,,,Single metadata definition,fish_taxa,1,1
2324,fish_taxa_MIGR_NRSA,MIGR_NRSA,Fish,NRSA 2324 Fish Taxa List,Migratory or not,,,,,Single metadata definition,fish_taxa,1,1
2324,fish_taxa_PUBLICATION_DATE,PUBLICATION_DATE,Fish,NRSA 2324 Fish Taxa List,Date of data file publication,,,,,Single metadata definition,fish_taxa,16,1
2324,fish_taxa_REPROD_NRSA,REPROD_NRSA,Fish,NRSA 2324 Fish Taxa List,"Reproductive strategy,C-clean,coarse(lithophil),D-drifter,G-guarder,O-other",,,,,Single metadata definition,fish_taxa,1,1
2324,fish_taxa_SPECIES,SPECIES,Fish,NRSA 2324 Fish Taxa List,"Species of taxon, if available",,,,,Single metadata definition,fish_taxa,1,1
2324,fish_taxa_TAXA_ID,TAXA_ID,Fish,NRSA 2324 Fish Taxa List,Taxonomic ID number,,,,,Single metadata definition,fish_taxa,4,1
2324,fish_taxa_TEMP_NRSA,TEMP_NRSA,Fish,NRSA 2324 Fish Taxa List,"Temperature preferences,WM-warm,CD-coldwater,CL-coolwater",,,,,Single metadata definition,fish_taxa,1,1
2324,fish_taxa_TOL_VAL_EMAPW,TOL_VAL_EMAPW,Fish,NRSA 2324 Fish Taxa List,Species Tolerance Values,,,,,Single metadata definition,fish_taxa,1,1
2324,fish_taxa_TOLERANCE_NRSA,TOLERANCE_NRSA,Fish,NRSA 2324 Fish Taxa List,"Tolerance categories Sensitive/Intolerant (S), Intermediate (I), Tolerant (T), based on WEMAP, USGS, Region 7",,,,,Single metadata definition,fish_taxa,1,1
2324,fish_taxa_TROPHIC_NRSA,TROPHIC_NRSA,Fish,NRSA 2324 Fish Taxa List,"Trophic guild,C-carnivore,I-invertivore,H-herbivore,O-omnivore",,,,,Single metadata definition,fish_taxa,1,1
2324,fish_taxa_VEL_NRSA,VEL_NRSA,Fish,NRSA 2324 Fish Taxa List,"Velocity preferences,O-other,R-rheophil,P-pool",,,,,Single metadata definition,fish_taxa,1,1
2324,periphyton_biomass_ANALYTE,ANALYTE,Periphyton Biomass,NRSA 2324 Periphyton Biomass,Analyte,COLUMN,,,,Single metadata definition,periphyton_biomass,4,1
2324,periphyton_biomass_BATCH_ID,BATCH_ID,Periphyton Biomass,NRSA 2324 Periphyton Biomass,Laboratory Batch ID,COLUMN,,,,Single metadata definition,periphyton_biomass,5,1
2324,periphyton_biomass_DATE_ANALYZED,DATE_ANALYZED,Periphyton Biomass,NRSA 2324 Periphyton Biomass,Date sample analyzed,PBIO,,,,Single metadata definition,periphyton_biomass,3,1
2324,periphyton_biomass_DATE_COL,DATE_COL,Periphyton Biomass,NRSA 2324 Periphyton Biomass,Date of data collection in field,VERIF,,,,Single metadata definition,periphyton_biomass,15,1
2324,periphyton_biomass_DATE_RECEIVED,DATE_RECEIVED,Periphyton Biomass,NRSA 2324 Periphyton Biomass,Date sample received,PBIO,,,,Single metadata definition,periphyton_biomass,3,1
2324,periphyton_biomass_EXTRACT,EXTRACT,Periphyton Biomass,NRSA 2324 Periphyton Biomass,Amount in extract,PBIO,,,,Single metadata definition,periphyton_biomass,2,1
2324,periphyton_biomass_EXTRACT_UNITS,EXTRACT_UNITS,Periphyton Biomass,NRSA 2324 Periphyton Biomass,Units for chlorophyll a extract,COLUMN,,,,Single metadata definition,periphyton_biomass,1,1
2324,periphyton_biomass_HOLDING_TIME,HOLDING_TIME,Periphyton Biomass,NRSA 2324 Periphyton Biomass,Holding time,PBIO,,,,Single metadata definition,periphyton_biomass,2,1
2324,periphyton_biomass_HOLDING_TIME_UNITS,HOLDING_TIME_UNITS,Periphyton Biomass,NRSA 2324 Periphyton Biomass,Units of holding time,COLUMN,,,,Single metadata definition,periphyton_biomass,1,1
2324,periphyton_biomass_LAB,LAB,Periphyton Biomass,NRSA 2324 Periphyton Biomass,Laboratory processing sample,COLUMN,,,,Single metadata definition,periphyton_biomass,6,1
2324,periphyton_biomass_LAB_SAMPLE_ID,LAB_SAMPLE_ID,Periphyton Biomass,NRSA 2324 Periphyton Biomass,Laboratory Sample ID,PBIO,,,,Single metadata definition,periphyton_biomass,2,1
2324,periphyton_biomass_MATRIX,MATRIX,Periphyton Biomass,NRSA 2324 Periphyton Biomass,"Type of sample (e.g., water, sediment, tissue)",COLUMN,,,,Single metadata definition,periphyton_biomass,6,1
2324,periphyton_biomass_NARS_COMMENT,NARS_COMMENT,Periphyton Biomass,NRSA 2324 Periphyton Biomass,Comment to explain NARS_COMMENT when necessary,COLUMN,,,,Single metadata definition,periphyton_biomass,2,1
2324,periphyton_biomass_NARS_FLAG,NARS_FLAG,Periphyton Biomass,NRSA 2324 Periphyton Biomass,"Flag assigned by NARS: ND = Non-detect, L = Estimated, Q = Quality-related issue, S = Shipping time exceedence, H = Holding time exceedence, NR = No lab result for analyte",PBIO,,,,Single metadata definition,periphyton_biomass,5,1
2324,periphyton_biomass_PSTL_CODE,PSTL_CODE,Periphyton Biomass,NRSA 2324 Periphyton Biomass,"State two letter postal code for site sampled. 50 state postal codes plus AS, MP, GU, PR, VI for American Samoa, Commonwealth of Northern Marianas, Guam, Puerto Rico and Virgin Islands. No missing or \blank\"" values allowed.""",DESIGN,,,,Single metadata definition,periphyton_biomass,15,1
2324,periphyton_biomass_PUBLICATION_DATE,PUBLICATION_DATE,Periphyton Biomass,NRSA 2324 Periphyton Biomass,Date of data file publication,COLUMN,,,,Single metadata definition,periphyton_biomass,16,1
2324,periphyton_biomass_QA_FLAG,QA_FLAG,Periphyton Biomass,NRSA 2324 Periphyton Biomass,QA flag from laboratory,PBIO,,,,Single metadata definition,periphyton_biomass,3,1
2324,periphyton_biomass_RESULT,RESULT,Periphyton Biomass,NRSA 2324 Periphyton Biomass,Value of associated parameter,COLUMN,,,,Single metadata definition,periphyton_biomass,4,1
2324,periphyton_biomass_RESULT_UNITS,RESULT_UNITS,Periphyton Biomass,NRSA 2324 Periphyton Biomass,Result unit,COLUMN,,,,Single metadata definition,periphyton_biomass,3,1
2324,periphyton_biomass_RESULT_VOL,RESULT_VOL,Periphyton Biomass,NRSA 2324 Periphyton Biomass,"Result by volume, before correcting for area sampled",PBIO,,,,Single metadata definition,periphyton_biomass,2,1
2324,periphyton_biomass_RESULT_VOL_UNITS,RESULT_VOL_UNITS,Periphyton Biomass,NRSA 2324 Periphyton Biomass,Units for result by volume (ug/L),COLUMN,,,,Single metadata definition,periphyton_biomass,2,1
2324,periphyton_biomass_RL,RL,Periphyton Biomass,NRSA 2324 Periphyton Biomass,"Reporting Limit, units varying",PBIO,,,,Single metadata definition,periphyton_biomass,4,1
2324,periphyton_biomass_RL_UNITS,RL_UNITS,Periphyton Biomass,NRSA 2324 Periphyton Biomass,Units for reporting limit,COLUMN,,,,Single metadata definition,periphyton_biomass,1,1
2324,periphyton_biomass_SAM_CODE,SAM_CODE,Periphyton Biomass,NRSA 2324 Periphyton Biomass,"Sample code (e.g., regular, lab duplicate, lab split)",COLUMN,,,,Single metadata definition,periphyton_biomass,6,1
2324,periphyton_biomass_SAMPLE_ID,SAMPLE_ID,Periphyton Biomass,NRSA 2324 Periphyton Biomass,Periphyton Biomass (PBIO) sample id,PBIO,,,,Single metadata definition,periphyton_biomass,4,1
2324,periphyton_biomass_SAMPLE_TYPE,SAMPLE_TYPE,Periphyton Biomass,NRSA 2324 Periphyton Biomass,Code identifying sample type: PBIO=Periphyton biomass,COLUMN,,,,Single metadata definition,periphyton_biomass,7,1
2324,periphyton_biomass_SITE_ID,SITE_ID,Periphyton Biomass,NRSA 2324 Periphyton Biomass,"Site ID for the study and year sampled. Preferred form is NRSnn_MM-xxxxx where nn is current cycle year (04, 08, 13, 18, etc), MM is two letter state code, and xxxxx is between 10001 and 99999. No missing or \blank\"" values allowed.""",DESIGN,,,,Single metadata definition,periphyton_biomass,15,1
2324,periphyton_biomass_UID,UID,Periphyton Biomass,NRSA 2324 Periphyton Biomass,Unique site visit ID,COLUMN,,,,Single metadata definition,periphyton_biomass,15,1
2324,periphyton_biomass_UNIQUE_ID,UNIQUE_ID,Periphyton Biomass,NRSA 2324 Periphyton Biomass,Unique site ID based on location that does not depend on year sampled or any other factor. Form is NRS_ss_nnnnn where ss state and nnnnn is number that starts at 10001. No missing values allowed.,COLUMN,,,,Single metadata definition,periphyton_biomass,15,1
2324,periphyton_biomass_VISIT_NO,VISIT_NO,Periphyton Biomass,NRSA 2324 Periphyton Biomass,Number identifying which visit this is,VERIF,|1|2,,,Single metadata definition,periphyton_biomass,15,1
2324,periphyton_biomass_VOLUME_FILTERED,VOLUME_FILTERED,Periphyton Biomass,NRSA 2324 Periphyton Biomass,Volume of water filtered,PBIO,,,,Single metadata definition,periphyton_biomass,2,1
2324,periphyton_biomass_VOLUME_FILTERED_UNITS,VOLUME_FILTERED_UNITS,Periphyton Biomass,NRSA 2324 Periphyton Biomass,Units for volume filtered for chlorophyll a,COLUMN,,,,Single metadata definition,periphyton_biomass,1,1
2324,periphyton_chla_BATCH_ID,BATCH_ID,Chlorophyll-a,NRSA 2324 Periphyton Chlorophyll-a,Laboratory Batch ID,COLUMN,,,,Single metadata definition,periphyton_chla,5,1
2324,periphyton_chla_DATE_ANALYZED,DATE_ANALYZED,Chlorophyll-a,NRSA 2324 Periphyton Chlorophyll-a,Date sample analyzed,PCHL,,,,Single metadata definition,periphyton_chla,3,1
2324,periphyton_chla_DATE_COL,DATE_COL,Chlorophyll-a,NRSA 2324 Periphyton Chlorophyll-a,Date of data collection in field,VERIF,,,,Single metadata definition,periphyton_chla,15,1
2324,periphyton_chla_DATE_RECEIVED,DATE_RECEIVED,Chlorophyll-a,NRSA 2324 Periphyton Chlorophyll-a,Date sample received,PCHL,,,,Single metadata definition,periphyton_chla,3,1
2324,periphyton_chla_DILUTION_FACTOR,DILUTION_FACTOR,Chlorophyll-a,NRSA 2324 Periphyton Chlorophyll-a,Dilution factor,PCHL,,,,Single metadata definition,periphyton_chla,2,1
2324,periphyton_chla_EXTRACT,EXTRACT,Chlorophyll-a,NRSA 2324 Periphyton Chlorophyll-a,Amount in extract by volume,PCHL,,,,Single metadata definition,periphyton_chla,2,1
2324,periphyton_chla_HOLDING_TIME,HOLDING_TIME,Chlorophyll-a,NRSA 2324 Periphyton Chlorophyll-a,Holding time,PCHL,,,,Single metadata definition,periphyton_chla,2,1
2324,periphyton_chla_LAB,LAB,Chlorophyll-a,NRSA 2324 Periphyton Chlorophyll-a,Laboratory processing sample,COLUMN,,,,Single metadata definition,periphyton_chla,6,1
2324,periphyton_chla_LAB_SAMPLE_ID,LAB_SAMPLE_ID,Chlorophyll-a,NRSA 2324 Periphyton Chlorophyll-a,Laboratory Sample ID,PCHL,,,,Single metadata definition,periphyton_chla,2,1
2324,periphyton_chla_MATRIX,MATRIX,Chlorophyll-a,NRSA 2324 Periphyton Chlorophyll-a,"Type of sample (e.g., water, sediment, tissue)",COLUMN,,,,Single metadata definition,periphyton_chla,6,1
2324,periphyton_chla_MDL,MDL,Chlorophyll-a,NRSA 2324 Periphyton Chlorophyll-a,Minimum Detection Limit,PCHL,,,,Single metadata definition,periphyton_chla,3,1
2324,periphyton_chla_NARS_FLAG,NARS_FLAG,Chlorophyll-a,NRSA 2324 Periphyton Chlorophyll-a,"Flag assigned by NARS: ND = Non-detect, L = Estimated, Q = Quality-related issue, S = Shipping time exceedence, H = Holding time exceedence, NR = No lab result for analyte",PCHL,,,,Single metadata definition,periphyton_chla,5,1
2324,periphyton_chla_PSTL_CODE,PSTL_CODE,Chlorophyll-a,NRSA 2324 Periphyton Chlorophyll-a,"State two letter postal code for site sampled. 50 state postal codes plus AS, MP, GU, PR, VI for American Samoa, Commonwealth of Northern Marianas, Guam, Puerto Rico and Virgin Islands. No missing or \blank\"" values allowed.""",DESIGN,,,,Single metadata definition,periphyton_chla,15,1
2324,periphyton_chla_PUBLICATION_DATE,PUBLICATION_DATE,Chlorophyll-a,NRSA 2324 Periphyton Chlorophyll-a,Date of data file publication,COLUMN,,,,Single metadata definition,periphyton_chla,16,1
2324,periphyton_chla_QA_FLAG,QA_FLAG,Chlorophyll-a,NRSA 2324 Periphyton Chlorophyll-a,QA flag from laboratory,PCHL,,,,Single metadata definition,periphyton_chla,3,1
2324,periphyton_chla_RESULT,RESULT,Chlorophyll-a,NRSA 2324 Periphyton Chlorophyll-a,Value of associated parameter,COLUMN,,,,Single metadata definition,periphyton_chla,4,1
2324,periphyton_chla_RESULT_UNITS,RESULT_UNITS,Chlorophyll-a,NRSA 2324 Periphyton Chlorophyll-a,Result unit,COLUMN,,,,Single metadata definition,periphyton_chla,3,1
2324,periphyton_chla_RESULT_VOL,RESULT_VOL,Chlorophyll-a,NRSA 2324 Periphyton Chlorophyll-a,"Result by volume, before correcting for area sampled",PCHL,,,,Single metadata definition,periphyton_chla,2,1
2324,periphyton_chla_RESULT_VOL_UNITS,RESULT_VOL_UNITS,Chlorophyll-a,NRSA 2324 Periphyton Chlorophyll-a,Units for result by volume (ug/L),COLUMN,,,,Single metadata definition,periphyton_chla,2,1
2324,periphyton_chla_RL,RL,Chlorophyll-a,NRSA 2324 Periphyton Chlorophyll-a,"Reporting Limit, units varying",PCHL,,,,Single metadata definition,periphyton_chla,4,1
2324,periphyton_chla_SAM_CODE,SAM_CODE,Chlorophyll-a,NRSA 2324 Periphyton Chlorophyll-a,"Sample code (e.g., regular, lab duplicate, lab split)",COLUMN,,,,Single metadata definition,periphyton_chla,6,1
2324,periphyton_chla_SAMPLE_ID,SAMPLE_ID,Chlorophyll-a,NRSA 2324 Periphyton Chlorophyll-a,Periphyton Chlorophyll (PCHL) sample id,PCHL,,,,Single metadata definition,periphyton_chla,4,1
2324,periphyton_chla_SHIP_FLAG,SHIP_FLAG,Chlorophyll-a,NRSA 2324 Periphyton Chlorophyll-a,Shipping flag,PCHL,,,,Single metadata definition,periphyton_chla,1,1
2324,periphyton_chla_SITE_ID,SITE_ID,Chlorophyll-a,NRSA 2324 Periphyton Chlorophyll-a,"Site ID for the study and year sampled. Preferred form is NRSnn_MM-xxxxx where nn is current cycle year (04, 08, 13, 18, etc), MM is two letter state code, and xxxxx is between 10001 and 99999. No missing or \blank\"" values allowed.""",DESIGN,,,,Single metadata definition,periphyton_chla,15,1
2324,periphyton_chla_UID,UID,Chlorophyll-a,NRSA 2324 Periphyton Chlorophyll-a,Unique site visit ID,COLUMN,,,,Single metadata definition,periphyton_chla,15,1
2324,periphyton_chla_UNIQUE_ID,UNIQUE_ID,Chlorophyll-a,NRSA 2324 Periphyton Chlorophyll-a,Unique site ID based on location that does not depend on year sampled or any other factor. Form is NRS_ss_nnnnn where ss state and nnnnn is number that starts at 10001. No missing values allowed.,COLUMN,,,,Single metadata definition,periphyton_chla,15,1
2324,periphyton_chla_VISIT_NO,VISIT_NO,Chlorophyll-a,NRSA 2324 Periphyton Chlorophyll-a,Number identifying which visit this is,VERIF,|1|2,,,Single metadata definition,periphyton_chla,15,1
2324,periphyton_chla_VOLUME_ADJUST,VOLUME_ADJUST,Chlorophyll-a,NRSA 2324 Periphyton Chlorophyll-a,Volume adjustment for analysis,PCHL,,,,Single metadata definition,periphyton_chla,1,1
2324,periphyton_chla_VOLUME_FILTERED,VOLUME_FILTERED,Chlorophyll-a,NRSA 2324 Periphyton Chlorophyll-a,Volume filtered,PCHL,,,,Single metadata definition,periphyton_chla,2,1
2324,phab_BANGMODE,BANGMODE,Physical Habitat,NRSA 2324 Physical Habitat Metrics,Mode of bank slope category (Zar 1984),PHab boatable: bank morphology,,,,Single metadata definition,phab,1,1
2324,phab_BFWD_RAT,BFWD_RAT,Physical Habitat,NRSA 2324 Physical Habitat Metrics,Bankfull Width/Depth Ratio,PHab boatable: channel morphology | PHab wadeable: channel morphology,,,,Same definition appears for multiple sample/record types,phab,1,2
2324,phab_C1TM100,C1TM100,Physical Habitat,NRSA 2324 Physical Habitat Metrics,LWD in/above wet chan(#/100m-all sizes) | LWD in/above Bkfl chan(#/100m-all sizes),PHab boatable: large woody debris | PHab wadeable: large woody debris,,,,Protocol/sample-type specific definitions — see Metadata Detail,phab,1,2
2324,phab_C1WM100,C1WM100,Physical Habitat,NRSA 2324 Physical Habitat Metrics,Woody Debris pieces/100m,PHab boatable: large woody debris | PHab wadeable: large woody debris,,,,Same definition appears for multiple sample/record types,phab,1,2
2324,phab_C2TM100,C2TM100,Physical Habitat,NRSA 2324 Physical Habitat Metrics,LWD in/above wetted chan(#/100m-SMLX) | LWD in/above Bkfl chan (#/100m-SMLX),PHab boatable: large woody debris | PHab wadeable: large woody debris,,,,Protocol/sample-type specific definitions — see Metadata Detail,phab,1,2
2324,phab_C2WM100,C2WM100,Physical Habitat,NRSA 2324 Physical Habitat Metrics,LWD in wetted chnl (#/100m-SMLX) | LWD in Bkf chnl (#/100m-SMLX),PHab boatable: large woody debris | PHab wadeable: large woody debris,,,,Protocol/sample-type specific definitions — see Metadata Detail,phab,1,2
2324,phab_C4TM100,C4TM100,Physical Habitat,NRSA 2324 Physical Habitat Metrics,LWD in/above wetted chan (#/100m-LX) | LWD in/above Bkfl chan (#/100m-LX),PHab boatable: large woody debris | PHab wadeable: large woody debris,,,,Protocol/sample-type specific definitions — see Metadata Detail,phab,1,2
2324,phab_C4WM100,C4WM100,Physical Habitat,NRSA 2324 Physical Habitat Metrics,LWD in wetted chnl (#/100m-LX) | LWD in Bkf chnl (#/100m-LX),PHab boatable: large woody debris | PHab wadeable: large woody debris,,,,Protocol/sample-type specific definitions — see Metadata Detail,phab,1,2
2324,phab_CONFEATURES,CONFEATURES,Physical Habitat,NRSA 2324 Physical Habitat Metrics,Constraining features,PHab boatable: channel characteristics | PHab wadeable: channel characteristics,,,,Same definition appears for multiple sample/record types,phab,1,2
2324,phab_CONPATTERN,CONPATTERN,Physical Habitat,NRSA 2324 Physical Habitat Metrics,Channel pattern,PHab boatable: channel characteristics | PHab wadeable: channel characteristics,,,,Same definition appears for multiple sample/record types,phab,1,2
2324,phab_CONPERCENT,CONPERCENT,Physical Habitat,NRSA 2324 Physical Habitat Metrics,Percent of channel length in contact with constraining features,PHab boatable: channel characteristics | PHab wadeable: channel characteristics,,,,Same definition appears for multiple sample/record types,phab,1,2
2324,phab_CONSTRAINT,CONSTRAINT,Physical Habitat,NRSA 2324 Physical Habitat Metrics,Channel constraint type,PHab boatable: channel characteristics | PHab wadeable: channel characteristics,,,,Same definition appears for multiple sample/record types,phab,1,2
2324,phab_DATE_COL,DATE_COL,Physical Habitat,NRSA 2324 Physical Habitat Metrics,Date of data collection in field,VERIF,,,,Single metadata definition,phab,15,1
2324,phab_LDCBF_G08,LDCBF_G08,Physical Habitat,NRSA 2324 Physical Habitat Metrics,Log10(Streambed Critical Diameter-at Bankfull -- mm)(PRK 2008),PHab boatable: substrate characterization | PHab wadeable: substrate characterization,,,,Same definition appears for multiple sample/record types,phab,1,2
2324,phab_LDMB_BW5,LDMB_BW5,Physical Habitat,NRSA 2324 Physical Habitat Metrics,Log10(Streambed Critical Diameter-at Bankfull - mm) (PRK 1999),PHab boatable: bed stability | PHab wadeable: bed stability,,,,Same definition appears for multiple sample/record types,phab,1,2
2324,phab_LRBS_BW5,LRBS_BW5,Physical Habitat,NRSA 2324 Physical Habitat Metrics,Log10(Relative Bed Stability (Dgm/Dcb) (PRK 1999),PHab boatable: bed stability | PHab wadeable: bed stability,,,,Same definition appears for multiple sample/record types,phab,1,2
2324,phab_LRBS_G08,LRBS_G08,Physical Habitat,NRSA 2324 Physical Habitat Metrics,Log10(Relative Bed Stability (Dgm/Dcb) (PRK 2008),PHab boatable: bed stability | PHab wadeable: bed stability,,,,Same definition appears for multiple sample/record types,phab,1,2
2324,phab_LRBS_TST,LRBS_TST,Physical Habitat,NRSA 2324 Physical Habitat Metrics,Log10[Relative Bed Stability] - Fast est,PHab boatable: bed stability | PHab wadeable: bed stability,,,,Same definition appears for multiple sample/record types,phab,1,2
2324,phab_LRBS_USE,LRBS_USE,Physical Habitat,NRSA 2324 Physical Habitat Metrics,"Log relative bed stability to use in assessing BEDSED_COND, filled in from other variables as needed",PHAB,,,,Single metadata definition,phab,1,1
2324,phab_LSUB_DMM,LSUB_DMM,Physical Habitat,NRSA 2324 Physical Habitat Metrics,Log10(Dgm--Geometric Mean Bed Surface Particle Diameter--mm)),PHab boatable: substrate characterization | PHab wadeable: substrate characterization,,,,Same definition appears for multiple sample/record types,phab,1,2
2324,phab_LSUB_DMM_NOR,LSUB_DMM_NOR,Physical Habitat,NRSA 2324 Physical Habitat Metrics,"Log10(Dgm--Geom.Mean Bed Surf.Part Diam,exclud Bdrk+hardpan--mm)",PHab boatable: substrate characterization | PHab wadeable: substrate characterization,,,,Same definition appears for multiple sample/record types,phab,1,2
2324,phab_LSUBD_SD,LSUBD_SD,Physical Habitat,NRSA 2324 Physical Habitat Metrics,Thalweg sub.-StDev LOG10(Diam Class mm) | Substrate-StDev LOG10(Diam Class mm),PHab boatable: substrate characterization | PHab wadeable: substrate characterization,,,,Protocol/sample-type specific definitions — see Metadata Detail,phab,1,2
2324,phab_LTEST,LTEST,Physical Habitat,NRSA 2324 Physical Habitat Metrics,Log10[Erodible Substr Dia.(mm)]-Fast est | Log10[Erod. Substr Dia.(mm)]-Fast est,PHab boatable: bed stability | PHab wadeable: bed stability,,,,Protocol/sample-type specific definitions — see Metadata Detail,phab,1,2
2324,phab_MEDBK_A,MEDBK_A,Physical Habitat,NRSA 2324 Physical Habitat Metrics,Bank Angle--Median (degrees),PHab wadeable: bank morphology,,,,Single metadata definition,phab,1,1
2324,phab_MEDBKUN,MEDBKUN,Physical Habitat,NRSA 2324 Physical Habitat Metrics,Undercut Distance--Median (m),PHab wadeable: bank morphology,,,,Single metadata definition,phab,1,1
2324,phab_PCAN_C,PCAN_C,Physical Habitat,NRSA 2324 Physical Habitat Metrics,Riparian Canopy Coniferous (Fract reach),PHab boatable: riparian vegetation | PHab wadeable: riparian vegetation,,,,Same definition appears for multiple sample/record types,phab,1,2
2324,phab_PCAN_D,PCAN_D,Physical Habitat,NRSA 2324 Physical Habitat Metrics,Riparian Canopy Deciduous (Fract. reach),PHab boatable: riparian vegetation | PHab wadeable: riparian vegetation,,,,Same definition appears for multiple sample/record types,phab,1,2
2324,phab_PCAN_E,PCAN_E,Physical Habitat,NRSA 2324 Physical Habitat Metrics,Rip Canopy Broadlf evrgrn (Fract of rch),PHab boatable: riparian vegetation | PHab wadeable: riparian vegetation,,,,Same definition appears for multiple sample/record types,phab,1,2
2324,phab_PCAN_M,PCAN_M,Physical Habitat,NRSA 2324 Physical Habitat Metrics,Rip Canopy Mix Conif-Decid (Fract reach),PHab boatable: riparian vegetation | PHab wadeable: riparian vegetation,,,,Same definition appears for multiple sample/record types,phab,1,2
2324,phab_PCAN_N,PCAN_N,Physical Habitat,NRSA 2324 Physical Habitat Metrics,Rip Canopy Absent (Fraction of reach),PHab boatable: riparian vegetation | PHab wadeable: riparian vegetation,,,,Same definition appears for multiple sample/record types,phab,1,2
2324,phab_PCT_BDRK,PCT_BDRK,Physical Habitat,NRSA 2324 Physical Habitat Metrics,Bed Surface % Bedrock,PHab boatable: substrate characterization | PHab wadeable: substrate characterization,,,,Same definition appears for multiple sample/record types,phab,1,2
2324,phab_PCT_BH,PCT_BH,Physical Habitat,NRSA 2324 Physical Habitat Metrics,Bed Surface % Bedrock + Hardpan,PHab boatable: substrate characterization,,,,Single metadata definition,phab,1,1
2324,phab_PCT_BIGR,PCT_BIGR,Physical Habitat,NRSA 2324 Physical Habitat Metrics,Bed Surface % Larger than Gravel (64mm),PHab boatable: substrate characterization | PHab wadeable: substrate characterization,,,,Same definition appears for multiple sample/record types,phab,1,2
2324,phab_PCT_BL,PCT_BL,Physical Habitat,NRSA 2324 Physical Habitat Metrics,Thalweg sub. Boulders -- 250-4000 mm (%) | Substrate Boulders -- 250-4000 mm (%),PHab boatable: substrate characterization | PHab wadeable: substrate characterization,,,,Protocol/sample-type specific definitions — see Metadata Detail,phab,1,2
2324,phab_PCT_CB,PCT_CB,Physical Habitat,NRSA 2324 Physical Habitat Metrics,Thalweg sub. Cobbles -- 64-250 mm (%) | Substrate Cobbles -- 64-250 mm (%),PHab boatable: substrate characterization | PHab wadeable: substrate characterization,,,,Protocol/sample-type specific definitions — see Metadata Detail,phab,1,2
2324,phab_PCT_DR,PCT_DR,Physical Habitat,NRSA 2324 Physical Habitat Metrics,Percent of Reach that is Dry,PHab boatable: channel habitat | PHab wadeable: channel habitat,,,,Same definition appears for multiple sample/record types,phab,1,2
2324,phab_PCT_FA,PCT_FA,Physical Habitat,NRSA 2324 Physical Habitat Metrics,Falls (% of reach),PHab boatable: channel habitat | PHab wadeable: channel habitat,,,,Same definition appears for multiple sample/record types,phab,1,2
2324,phab_PCT_FAST,PCT_FAST,Physical Habitat,NRSA 2324 Physical Habitat Metrics,Percent Fast Water Habitat,PHab boatable: channel habitat | PHab wadeable: channel habitat,,,,Same definition appears for multiple sample/record types,phab,1,2
2324,phab_PCT_FN,PCT_FN,Physical Habitat,NRSA 2324 Physical Habitat Metrics,Bed Surface % Fines <0.06mm,PHab boatable: substrate characterization | PHab wadeable: substrate characterization,,,,Same definition appears for multiple sample/record types,phab,1,2
2324,phab_PCT_GC,PCT_GC,Physical Habitat,NRSA 2324 Physical Habitat Metrics,Substrate Coarse Gravel -- 16-64 mm (%),PHab boatable: substrate characterization | PHab wadeable: substrate characterization,,,,Same definition appears for multiple sample/record types,phab,1,2
2324,phab_PCT_GF,PCT_GF,Physical Habitat,NRSA 2324 Physical Habitat Metrics,Substrate Fine Gravel -- 2-16 mm (%),PHab boatable: substrate characterization | PHab wadeable: substrate characterization,,,,Same definition appears for multiple sample/record types,phab,1,2
2324,phab_PCT_GL,PCT_GL,Physical Habitat,NRSA 2324 Physical Habitat Metrics,Glide (% of reach),PHab boatable: channel habitat | PHab wadeable: channel habitat,,,,Same definition appears for multiple sample/record types,phab,1,2
2324,phab_PCT_GR,PCT_GR,Physical Habitat,NRSA 2324 Physical Habitat Metrics,Thalweg substrate Gravel -- 16-64 mm (%),PHab boatable: substrate characterization,,,,Single metadata definition,phab,1,1
2324,phab_PCT_HP,PCT_HP,Physical Habitat,NRSA 2324 Physical Habitat Metrics,Bed Surface % Hardpan,PHab boatable: substrate characterization | Phab wadeable: substrate characterization,,,,Same definition appears for multiple sample/record types,phab,1,2
2324,phab_PCT_OM,PCT_OM,Physical Habitat,NRSA 2324 Physical Habitat Metrics,Substrate Organic detritus -- (%),PHab boatable: substrate characterization | PHab wadeable: substrate characterization,,,,Same definition appears for multiple sample/record types,phab,1,2
2324,phab_PCT_ORG,PCT_ORG,Physical Habitat,NRSA 2324 Physical Habitat Metrics,Substrate Wood or Detritus -- (%),PHab boatable: substrate characterization | PHab wadeable: substrate characterization,,,,Same definition appears for multiple sample/record types,phab,1,2
2324,phab_PCT_OT,PCT_OT,Physical Habitat,NRSA 2324 Physical Habitat Metrics,Thalweg substrate Miscellaneous -- (%) | Substrate Miscellaneous -- (%),PHab boatable: substrate characterization | PHab wadeable: substrate characterization,,,,Protocol/sample-type specific definitions — see Metadata Detail,phab,1,2
2324,phab_PCT_OVRB,PCT_OVRB,Physical Habitat,NRSA 2324 Physical Habitat Metrics,Ability to see over bank (% reach),PHab boatable: channel characteristics,,,,Single metadata definition,phab,1,1
2324,phab_PCT_POOL,PCT_POOL,Physical Habitat,NRSA 2324 Physical Habitat Metrics,Pools -- All Types (% of reach),PHab boatable: channel habitat | PHab wadeable: channel habitat,,,,Same definition appears for multiple sample/record types,phab,1,2
2324,phab_PCT_RC,PCT_RC,Physical Habitat,NRSA 2324 Physical Habitat Metrics,Substrate Concrete (%),PHab boatable: substrate characterization | PHab wadeable: substrate characterization,,,,Same definition appears for multiple sample/record types,phab,1,2
2324,phab_PCT_RR,PCT_RR,Physical Habitat,NRSA 2324 Physical Habitat Metrics,Substrate Rough Bedrock (%),PHab boatable: substrate characterization | PHab wadeable: substrate characterization,,,,Same definition appears for multiple sample/record types,phab,1,2
2324,phab_PCT_RS,PCT_RS,Physical Habitat,NRSA 2324 Physical Habitat Metrics,Substrate Smooth Bedrock (%),PHab boatable: substrate characterization | PHab wadeable: substrate characterization,,,,Same definition appears for multiple sample/record types,phab,1,2
2324,phab_PCT_SA,PCT_SA,Physical Habitat,NRSA 2324 Physical Habitat Metrics,Thalweg substrate Sand -- .06-2 mm (%) | Substrate Sand -- .06-2 mm (%),PHab boatable: substrate characterization | PHab wadeable: substrate characterization,,,,Protocol/sample-type specific definitions — see Metadata Detail,phab,1,2
2324,phab_PCT_SAFN,PCT_SAFN,Physical Habitat,NRSA 2324 Physical Habitat Metrics,Bed Surface Percent Sand or smaller (<2.0mm),PHab boatable: substrate characterization | PHab wadeable: substrate characterization,,,,Same definition appears for multiple sample/record types,phab,1,2
2324,phab_PCT_SB,PCT_SB,Physical Habitat,NRSA 2324 Physical Habitat Metrics,Substrate Boulders -- 250-1000 mm (%),PHab boatable: substrate characterization | PHab wadeable: substrate characterization,,,,Same definition appears for multiple sample/record types,phab,1,2
2324,phab_PCT_SFGF,PCT_SFGF,Physical Habitat,NRSA 2324 Physical Habitat Metrics,Bed Surface Fine Gravel or smaller (<16mm),PHab boatable: substrate characterization | PHab wadeable: substrate characterization,,,,Same definition appears for multiple sample/record types,phab,1,2
2324,phab_PCT_SIDE,PCT_SIDE,Physical Habitat,NRSA 2324 Physical Habitat Metrics,Percent of reach with side Channels/Bkwtrs,PHab boatable: general | PHab wadeable: general,,,,Same definition appears for multiple sample/record types,phab,1,2
2324,phab_PCT_SLOW,PCT_SLOW,Physical Habitat,NRSA 2324 Physical Habitat Metrics,Percent of reach with Pool or Glide Habitat.,PHab boatable: channel habitat | PHab wadeable: channel habitat,,,,Same definition appears for multiple sample/record types,phab,1,2
2324,phab_PCT_WD,PCT_WD,Physical Habitat,NRSA 2324 Physical Habitat Metrics,Substrate Woody -- (%),PHab boatable: substrate characterization | PHab wadeable: substrate characterization,,,,Same definition appears for multiple sample/record types,phab,1,2
2324,phab_PCT_XB,PCT_XB,Physical Habitat,NRSA 2324 Physical Habitat Metrics,Substrate Boulders -- 1000-4000 mm (%),PHab boatable: substrate characterization | PHab wadeable: substrate characterization,,,,Same definition appears for multiple sample/record types,phab,1,2
2324,phab_PCTCLINOMETER,PCTCLINOMETER,Physical Habitat,NRSA 2324 Physical Habitat Metrics,Percent of slope values based on hand held clinometer,PHab boatable: slope and bearing | PHab wadeable: slope and bearing,,,,Same definition appears for multiple sample/record types,phab,1,2
2324,phab_PROTOCOL,PROTOCOL,Physical Habitat,NRSA 2324 Physical Habitat Metrics,Field protocol used for site (BOATABLE/WADEABLE),,,,,Single metadata definition,phab,1,1
2324,phab_PSTL_CODE,PSTL_CODE,Physical Habitat,NRSA 2324 Physical Habitat Metrics,"State two letter postal code for site sampled. 50 state postal codes plus AS, MP, GU, PR, VI for American Samoa, Commonwealth of Northern Marianas, Guam, Puerto Rico and Virgin Islands. No missing or \blank\"" values allowed.""",DESIGN,,,,Single metadata definition,phab,15,1
2324,phab_PUBLICATION_DATE,PUBLICATION_DATE,Physical Habitat,NRSA 2324 Physical Habitat Metrics,Date of data file publication,,,,,Single metadata definition,phab,16,1
2324,phab_REACHLEN,REACHLEN,Physical Habitat,NRSA 2324 Physical Habitat Metrics,Sample Reach Length (m),PHab boatable: general | PHab wadeable: general,,,,Same definition appears for multiple sample/record types,phab,1,2
2324,phab_RP100,RP100,Physical Habitat,NRSA 2324 Physical Habitat Metrics,Mean Residual Depth at thalweg (cm),PHab boatable: residual pools | PHab wadeable: residual pools,,,,Same definition appears for multiple sample/record types,phab,1,2
2324,phab_RPGT50,RPGT50,Physical Habitat,NRSA 2324 Physical Habitat Metrics,Resid Pools >50cm deep (number/reach),PHab boatable: residual pools | PHab wadeable: residual pools,,,,Same definition appears for multiple sample/record types,phab,1,2
2324,phab_RPGT75,RPGT75,Physical Habitat,NRSA 2324 Physical Habitat Metrics,Resid Pools >75cm deep (number/reach),PHab boatable: residual pools | PHab wadeable: residual pools,,,,Same definition appears for multiple sample/record types,phab,1,2
2324,phab_RPMXDEP,RPMXDEP,Physical Habitat,NRSA 2324 Physical Habitat Metrics,Maximum residual depth in reach (m) | Maximum residual depth in reach (cm),PHab boatable: residual pools | PHab wadeable: residual pools,,,,Protocol/sample-type specific definitions — see Metadata Detail,phab,1,2
2324,phab_RPXDEP,RPXDEP,Physical Habitat,NRSA 2324 Physical Habitat Metrics,Mean RP depth in reach (m/pool) | Mean RP depth in reach (cm/pool),PHab boatable: residual pools | PHab wadeable: residual pools,,,,Protocol/sample-type specific definitions — see Metadata Detail,phab,1,2
2324,phab_SDDEPTH,SDDEPTH,Physical Habitat,NRSA 2324 Physical Habitat Metrics,Std Dev. of Thalweg Depth (m) | Std Dev. of Thalweg Depth (cm),PHab boatable: channel morphology | PHab wadeable: channel morphology,,,,Protocol/sample-type specific definitions — see Metadata Detail,phab,1,2
2324,phab_SDDEPTH_CM,SDDEPTH_CM,Physical Habitat,NRSA 2324 Physical Habitat Metrics,Std Dev. of Thalweg Depth (cm),PHab boatable: channel morphology | PHab wadeable: channel morphology,,,,Same definition appears for multiple sample/record types,phab,1,2
2324,phab_SDINC_H,SDINC_H,Physical Habitat,NRSA 2324 Physical Habitat Metrics,Channel Incision Ht.-Std. Dev. (m),PHab boatable: channel morphology | PHab wadeable: channel morphology,,,,Same definition appears for multiple sample/record types,phab,1,2
2324,phab_SDWD_RAT,SDWD_RAT,Physical Habitat,NRSA 2324 Physical Habitat Metrics,Std Dev of Width/Depth Ratio (m/m),PHab boatable: channel morphology | PHab wadeable: channel morphology,,,,Same definition appears for multiple sample/record types,phab,1,2
2324,phab_SDWIDTH,SDWIDTH,Physical Habitat,NRSA 2324 Physical Habitat Metrics,Std Dev. of Wetted Width (m),PHab boatable: channel morphology | PHab wadeable: channel morphology,,,,Same definition appears for multiple sample/record types,phab,1,2
2324,phab_SDWXD,SDWXD,Physical Habitat,NRSA 2324 Physical Habitat Metrics,Std Dev. of Wetted Width x Thalweg Depth (m2),PHab boatable: channel morphology | PHab wadeable: channel morphology,,,,Same definition appears for multiple sample/record types,phab,1,2
2324,phab_SINU,SINU,Physical Habitat,NRSA 2324 Physical Habitat Metrics,Sinuosity of sample reach.,PHab boatable: slope & bearing | PHab wadeable: slope & bearing,,,,Same definition appears for multiple sample/record types,phab,1,2
2324,phab_SITE_ID,SITE_ID,Physical Habitat,NRSA 2324 Physical Habitat Metrics,"Site ID for the study and year sampled. Preferred form is NRSnn_MM-xxxxx where nn is current cycle year (04, 08, 13, 18, etc), MM is two letter state code, and xxxxx is between 10001 and 99999. No missing or \blank\"" values allowed."" | Site ID",DESIGN | VERIF,,,,Protocol/sample-type specific definitions — see Metadata Detail,phab,15,2
2324,phab_UID,UID,Physical Habitat,NRSA 2324 Physical Habitat Metrics,Unique site visit ID,,,,,Single metadata definition,phab,15,1
2324,phab_UNIQUE_ID,UNIQUE_ID,Physical Habitat,NRSA 2324 Physical Habitat Metrics,Unique site ID based on location that does not depend on year sampled or any other factor. Form is NRS_ss_nnnnn where ss state and nnnnn is number that starts at 10001. No missing values allowed.,,,,,Single metadata definition,phab,15,1
2324,phab_V1W_MSQ,V1W_MSQ,Physical Habitat,NRSA 2324 Physical Habitat Metrics,Bankful Channel woody debris (m3/m2),PHab boatable: large woody debris | PHab wadeable: large woody debris,,,,Same definition appears for multiple sample/record types,phab,1,2
2324,phab_V1WM100,V1WM100,Physical Habitat,NRSA 2324 Physical Habitat Metrics,Bankful channel woody debris (m3/100m),PHab boatable: large woody debris | PHab wadeable: large woody debris,,,,Same definition appears for multiple sample/record types,phab,1,2
2324,phab_V2W_MSQ,V2W_MSQ,Physical Habitat,NRSA 2324 Physical Habitat Metrics,LWD vol in Bkf chnl& dry (m3/m2-SMLX) | LWD Vol in Bkf chnl (m3/m2-SMLX),PHab boatable: large woody debris | PHab wadeable: large woody debris,,,,Protocol/sample-type specific definitions — see Metadata Detail,phab,1,2
2324,phab_V2WM100,V2WM100,Physical Habitat,NRSA 2324 Physical Habitat Metrics,LWD vol in Bkf chnl& dry (m3/100m-SMLX) | LWD Vol in Bkf chnl (m3/100m-SMLX),PHab boatable: large woody debris | PHab wadeable: large woody debris,,,,Protocol/sample-type specific definitions — see Metadata Detail,phab,1,2
2324,phab_V4W_MSQ,V4W_MSQ,Physical Habitat,NRSA 2324 Physical Habitat Metrics,LWD vol in Bkf chnl & dry (m3/m2-LX) | LWD Vol in Bkf chnl (m3/m2-LX),PHab boatable: large woody debris | PHab wadeable: large woody debris,,,,Protocol/sample-type specific definitions — see Metadata Detail,phab,1,2
2324,phab_V4WM100,V4WM100,Physical Habitat,NRSA 2324 Physical Habitat Metrics,LWD vol in Bkf chnl & dry (m3/100m-LX) | LWD Vol in Bkf chnl (m3/100m-LX),PHab boatable: large woody debris | PHab wadeable: large woody debris,,,,Protocol/sample-type specific definitions — see Metadata Detail,phab,1,2
2324,phab_VISIT_NO,VISIT_NO,Physical Habitat,NRSA 2324 Physical Habitat Metrics,Number identifying which visit this is,VERIF,|1|2,,,Single metadata definition,phab,15,1
2324,phab_W1_HAG,W1_HAG,Physical Habitat,NRSA 2324 Physical Habitat Metrics,Human Agricultural Influence Index(distance-wtd tally of types and presence,PHab boatable: human disturbance | PHab wadeable: human disturbance,,,,Same definition appears for multiple sample/record types,phab,1,2
2324,phab_W1_HALL,W1_HALL,Physical Habitat,NRSA 2324 Physical Habitat Metrics,Human Disturbance Index(distance-wtd tally of types and presence used for condition | Human Disturbance Index(distance-wtd tally of types and presence,PHAB | PHab boatable: human disturbance | PHab wadeable: human disturbance,,,,Protocol/sample-type specific definitions — see Metadata Detail,phab,1,3
2324,phab_W1_HNOAG,W1_HNOAG,Physical Habitat,NRSA 2324 Physical Habitat Metrics,Human Non-Agricultural Disturbance Index (distance weighted tally of types and presence),PHab boatable: human disturbance | PHab wadeable: human disturbance,,,,Same definition appears for multiple sample/record types,phab,1,2
2324,phab_W1H_BLDG,W1H_BLDG,Physical Habitat,NRSA 2324 Physical Habitat Metrics,Rip Dist--Buildings (ProxWt Pres),PHab boatable: human disturbance | PHab wadeable: human disturbance,,,,Same definition appears for multiple sample/record types,phab,1,2
2324,phab_W1H_CROP,W1H_CROP,Physical Habitat,NRSA 2324 Physical Habitat Metrics,Near Channel Human Dist : Row Crops (distance-wtd tally of presence,PHab boatable: human disturbance | PHab wadeable: human disturbance,,,,Same definition appears for multiple sample/record types,phab,1,2
2324,phab_W1H_LDFL,W1H_LDFL,Physical Habitat,NRSA 2324 Physical Habitat Metrics,Rip Dist--Trash/Landfill (ProxWt Pres),PHab boatable: human disturbance | PHab wadeable: human disturbance,,,,Same definition appears for multiple sample/record types,phab,1,2
2324,phab_W1H_LOG,W1H_LOG,Physical Habitat,NRSA 2324 Physical Habitat Metrics,Rip Dist--Logging Activity (ProxWt Pres),PHab boatable: human disturbance | PHab wadeable: human disturbance,,,,Same definition appears for multiple sample/record types,phab,1,2
2324,phab_W1H_MINE,W1H_MINE,Physical Habitat,NRSA 2324 Physical Habitat Metrics,Rip Dist--Mining Activity (ProxWt Pres),PHab boatable: human disturbance | PHab wadeable: human disturbance,,,,Same definition appears for multiple sample/record types,phab,1,2
2324,phab_W1H_PARK,W1H_PARK,Physical Habitat,NRSA 2324 Physical Habitat Metrics,Rip Dist--Lawn/Park (ProxWt Pres),PHab boatable: human disturbance | PHab wadeable: human disturbance,,,,Same definition appears for multiple sample/record types,phab,1,2
2324,phab_W1H_PIPE,W1H_PIPE,Physical Habitat,NRSA 2324 Physical Habitat Metrics,Rip Dist--Pipes infl/effl (ProxWt Pres),PHab boatable: human disturbance | PHab wadeable: human disturbance,,,,Same definition appears for multiple sample/record types,phab,1,2
2324,phab_W1H_PSTR,W1H_PSTR,Physical Habitat,NRSA 2324 Physical Habitat Metrics,Rip Dist--Pasture/Hayfield (ProxWt Pres),PHab boatable: human disturbance | PHab wadeable: human disturbance,,,,Same definition appears for multiple sample/record types,phab,1,2
2324,phab_W1H_PVMT,W1H_PVMT,Physical Habitat,NRSA 2324 Physical Habitat Metrics,Rip Dist--Pavement (ProxWt Pres),PHab boatable: human disturbance | PHab wadeable: human disturbance,,,,Same definition appears for multiple sample/record types,phab,1,2
2324,phab_W1H_ROAD,W1H_ROAD,Physical Habitat,NRSA 2324 Physical Habitat Metrics,Rip Dist--Road/Railroad (ProxWt Pres),PHab boatable: human disturbance | PHab wadeable: human disturbance,,,,Same definition appears for multiple sample/record types,phab,1,2
2324,phab_W1H_WALL,W1H_WALL,Physical Habitat,NRSA 2324 Physical Habitat Metrics,Near Channel Human Dist : Walls/dikes/revetments(distance-wtd tally of presence,PHab boatable: human disturbance | PHab wadeable: human disturbance,,,,Same definition appears for multiple sample/record types,phab,1,2
2324,phab_XBEARING,XBEARING,Physical Habitat,NRSA 2324 Physical Habitat Metrics,Mean Flow Direction of reach (degrees),PHab boatable: slope & bearing | PHab wadeable: slope & bearing,,,,Same definition appears for multiple sample/record types,phab,1,2
2324,phab_XBKA,XBKA,Physical Habitat,NRSA 2324 Physical Habitat Metrics,Bank Angle--mean (degrees),PHab wadeable: bank morphology,,,,Single metadata definition,phab,1,1
2324,phab_XBKF_H,XBKF_H,Physical Habitat,NRSA 2324 Physical Habitat Metrics,Mean Bankfull Height above wetted channel (m),PHab boatable: channel morphology | PHab wadeable: channel morphology,,,,Same definition appears for multiple sample/record types,phab,1,2
2324,phab_XBKF_W,XBKF_W,Physical Habitat,NRSA 2324 Physical Habitat Metrics,Mean Bankfull Width (m),PHab boatable: channel morphology | PHab wadeable: channel morphology,,,,Same definition appears for multiple sample/record types,phab,1,2
2324,phab_XC,XC,Physical Habitat,NRSA 2324 Physical Habitat Metrics,Canopy Mean Areal Cover proportion,PHab boatable: riparian vegetation | PHab wadeable: riparian vegetation,,,,Same definition appears for multiple sample/record types,phab,1,2
2324,phab_XCDENBK,XCDENBK,Physical Habitat,NRSA 2324 Physical Habitat Metrics,Canopy Density at bank (mean percent),PHab boatable: canopy densiometer | PHab wadeable: canopy densiometer,,,,Same definition appears for multiple sample/record types,phab,1,2
2324,phab_XCDENMID,XCDENMID,Physical Habitat,NRSA 2324 Physical Habitat Metrics,Canopy Density at mid-channel (mean percent),PHab boatable: canopy densiometer | PHab wadeable: canopy densiometer,,,,Same definition appears for multiple sample/record types,phab,1,2
2324,phab_XCEMBED,XCEMBED,Physical Habitat,NRSA 2324 Physical Habitat Metrics,Mean Embeddedness--Channel only (%),PHab boatable: substrate embeddedness | PHab wadeable: substrate embeddedness,,,,Same definition appears for multiple sample/record types,phab,1,2
2324,phab_XCL,XCL,Physical Habitat,NRSA 2324 Physical Habitat Metrics,Large diameter (Dbh>0.3m) Tree Canopy Areal Cover proportion,PHab boatable: riparian vegetation | PHab wadeable: riparian vegetation,,,,Same definition appears for multiple sample/record types,phab,1,2
2324,phab_XCM,XCM,Physical Habitat,NRSA 2324 Physical Habitat Metrics,Rip Veg Canopy+Mid Layer Cover,PHab boatable: riparian vegetation | PHab wadeable: riparian vegetation,,,,Same definition appears for multiple sample/record types,phab,1,2
2324,phab_XCMG,XCMG,Physical Habitat,NRSA 2324 Physical Habitat Metrics,Sum of Canopy+Mid+Ground layer areal cover proportion,PHab boatable: riparian vegetation | PHab wadeable: riparian vegetation,,,,Same definition appears for multiple sample/record types,phab,1,2
2324,phab_XCMGW,XCMGW,Physical Habitat,NRSA 2324 Physical Habitat Metrics,Sum of Woody Canopy+Mid+Ground layer areal cover proportion,PHab boatable: riparian vegetation | PHab wadeable: riparian vegetation,,,,Same definition appears for multiple sample/record types,phab,1,2
2324,phab_XCMW,XCMW,Physical Habitat,NRSA 2324 Physical Habitat Metrics,Rip Veg Canopy+Mid Layer Woody Cover,PHab boatable: riparian vegetation | PHab wadeable: riparian vegetation,,,,Same definition appears for multiple sample/record types,phab,1,2
2324,phab_XCS,XCS,Physical Habitat,NRSA 2324 Physical Habitat Metrics,Riparian Canopy <= 0.3m DBH (Cover),PHab boatable: riparian vegetation | PHab wadeable: riparian vegetation,,,,Same definition appears for multiple sample/record types,phab,1,2
2324,phab_XDEPTH,XDEPTH,Physical Habitat,NRSA 2324 Physical Habitat Metrics,Mean thalweg depth (m) | Mean thalweg depth (cm),PHab boatable: channel morphology | PHab wadeable: channel morphology,,,,Protocol/sample-type specific definitions — see Metadata Detail,phab,1,2
2324,phab_XDEPTH_CM,XDEPTH_CM,Physical Habitat,NRSA 2324 Physical Habitat Metrics,Mean thalweg depth (cm),PHab boatable: channel morphology | PHab wadeable: channel morphology,,,,Same definition appears for multiple sample/record types,phab,1,2
2324,phab_XEMBED,XEMBED,Physical Habitat,NRSA 2324 Physical Habitat Metrics,Mean streambed embeddedness (%),PHab boatable: substrate embeddedness | PHab wadeable: substrate embeddedness,,,,Same definition appears for multiple sample/record types,phab,1,2
2324,phab_XFC_ALG,XFC_ALG,Physical Habitat,NRSA 2324 Physical Habitat Metrics,Filamentous algae Mean areal cover,PHab boatable: fish cover | PHab wadeable: fish cover,,,,Same definition appears for multiple sample/record types,phab,1,2
2324,phab_XFC_ALL,XFC_ALL,Physical Habitat,NRSA 2324 Physical Habitat Metrics,Lit. cover-sum(all) (Areal Prop) | Fish Cvr-All Types (Sum Areal Prop),PHab boatable: fish cover | PHab wadeable: fish cover,,,,Protocol/sample-type specific definitions — see Metadata Detail,phab,1,2
2324,phab_XFC_AQM,XFC_AQM,Physical Habitat,NRSA 2324 Physical Habitat Metrics,Aquatic macrophyte mean areal cover,PHab boatable: fish cover | PHab wadeable: fish cover,,,,Same definition appears for multiple sample/record types,phab,1,2
2324,phab_XFC_BIG,XFC_BIG,Physical Habitat,NRSA 2324 Physical Habitat Metrics,Lit. cvr-sum(LWDRCKUCBHUM Area Prop) | Fish Cvr-LWDRCKUCBorHUM(Sum Area Prop),PHab boatable: fish cover | PHab wadeable: fish cover,,,,Protocol/sample-type specific definitions — see Metadata Detail,phab,1,2
2324,phab_XFC_BRS,XFC_BRS,Physical Habitat,NRSA 2324 Physical Habitat Metrics,Lit. cvr-brush&small debris (Areal Prop) | Fish Cvr-Brush&Small Debris (Areal Prop),PHab boatable: fish cover | PHab wadeable: fish cover,,,,Protocol/sample-type specific definitions — see Metadata Detail,phab,1,2
2324,phab_XFC_HUM,XFC_HUM,Physical Habitat,NRSA 2324 Physical Habitat Metrics,Lit. cover-artif. structs. (Areal Prop) | Fish Cvr-Artif. Structs. (Areal Prop),PHab boatable: fish cover | PHab wadeable: fish cover,,,,Protocol/sample-type specific definitions — see Metadata Detail,phab,1,2
2324,phab_XFC_LVT,XFC_LVT,Physical Habitat,NRSA 2324 Physical Habitat Metrics,Fish Cvr-Artif. Structs. (Areal Prop),PHab boatable: fish cover | PHab wadeable: fish cover,,,,Same definition appears for multiple sample/record types,phab,1,2
2324,phab_XFC_LWD,XFC_LWD,Physical Habitat,NRSA 2324 Physical Habitat Metrics,Large woody debris areal cover,PHab boatable: fish cover | PHab wadeable: fish cover,,,,Same definition appears for multiple sample/record types,phab,1,2
2324,phab_XFC_NAT,XFC_NAT,Physical Habitat,NRSA 2324 Physical Habitat Metrics,Sum of non-anthropogenic fish areal cover types,PHab boatable: fish cover | PHab wadeable: fish cover,,,,Same definition appears for multiple sample/record types,phab,1,2
2324,phab_XFC_OHV,XFC_OHV,Physical Habitat,NRSA 2324 Physical Habitat Metrics,Lit. cover-overhang veg (Areal Prop) | Fish Cvr-Overhang Veg (Areal Prop),PHab boatable: fish cover | PHab wadeable: fish cover,,,,Protocol/sample-type specific definitions — see Metadata Detail,phab,1,2
2324,phab_XFC_RCK,XFC_RCK,Physical Habitat,NRSA 2324 Physical Habitat Metrics,Littoral fish cvr-boulders (Areal Prop) | Fish Cvr-Boulders (Areal Prop),PHab boatable: fish cover | PHab wadeable: fish cover,,,,Protocol/sample-type specific definitions — see Metadata Detail,phab,1,2
2324,phab_XFC_UCB,XFC_UCB,Physical Habitat,NRSA 2324 Physical Habitat Metrics,Lit. cover-undercut banks (Areal Prop) | Fish Cvr-Undercut Banks (Areal Prop),PHab boatable: fish cover | PHab wadeable: fish cover,,,,Protocol/sample-type specific definitions — see Metadata Detail,phab,1,2
2324,phab_XG,XG,Physical Habitat,NRSA 2324 Physical Habitat Metrics,Riparian Veg Ground Layer Cover,PHab boatable: riparian vegetation | PHab wadeable: riparian vegetation,,,,Same definition appears for multiple sample/record types,phab,1,2
2324,phab_XGB,XGB,Physical Habitat,NRSA 2324 Physical Habitat Metrics,Barren ground layer areal cover,PHab boatable: riparian vegetation | PHab wadeable: riparian vegetation,,,,Same definition appears for multiple sample/record types,phab,1,2
2324,phab_XGH,XGH,Physical Habitat,NRSA 2324 Physical Habitat Metrics,Non-woody ground layer areal cover,PHab boatable: riparian vegetation | PHab wadeable: riparian vegetation,,,,Same definition appears for multiple sample/record types,phab,1,2
2324,phab_XGW,XGW,Physical Habitat,NRSA 2324 Physical Habitat Metrics,Woody ground layer areal cover,PHab boatable: riparian vegetation | PHab wadeable: riparian vegetation,,,,Same definition appears for multiple sample/record types,phab,1,2
2324,phab_XINC_H,XINC_H,Physical Habitat,NRSA 2324 Physical Habitat Metrics,Terrace Height above water level (m),PHab boatable: channel morphology | PHab wadeable: channel morphology,,,,Same definition appears for multiple sample/record types,phab,1,2
2324,phab_XM,XM,Physical Habitat,NRSA 2324 Physical Habitat Metrics,Riparian Veg Mid Layer Cover,PHab boatable: riparian vegetation | PHab wadeable: riparian vegetation,,,,Same definition appears for multiple sample/record types,phab,1,2
2324,phab_XMH,XMH,Physical Habitat,NRSA 2324 Physical Habitat Metrics,Rip Mid Layer Herbaceous (Cover),PHab boatable: riparian vegetation | PHab wadeable: riparian vegetation,,,,Same definition appears for multiple sample/record types,phab,1,2
2324,phab_XMW,XMW,Physical Habitat,NRSA 2324 Physical Habitat Metrics,Rip Mid Layer Woody (Cover),PHab boatable: riparian vegetation | PHab wadeable: riparian vegetation,,,,Same definition appears for multiple sample/record types,phab,1,2
2324,phab_XPCAN,XPCAN,Physical Habitat,NRSA 2324 Physical Habitat Metrics,Rip Canopy Present (Fraction of reach),PHab boatable: riparian vegetation | PHab wadeable: riparian vegetation,,,,Same definition appears for multiple sample/record types,phab,1,2
2324,phab_XPCM,XPCM,Physical Habitat,NRSA 2324 Physical Habitat Metrics,Rip Can & MidLayer Present (Frac. reach),PHab boatable: riparian vegetation | PHab wadeable: riparian vegetation,,,,Same definition appears for multiple sample/record types,phab,1,2
2324,phab_XPCMG,XPCMG,Physical Habitat,NRSA 2324 Physical Habitat Metrics,Riparian 3-Layers Present (Fract. reach),PHab boatable: riparian vegetation | PHab wadeable: riparian vegetation,,,,Same definition appears for multiple sample/record types,phab,1,2
2324,phab_XPMGW,XPMGW,Physical Habitat,NRSA 2324 Physical Habitat Metrics,Rip. mid & gnd wood Present (Frac. reach),PHab boatable: riparian vegetation | PHab wadeable: riparian vegetation,,,,Same definition appears for multiple sample/record types,phab,1,2
2324,phab_XPMID,XPMID,Physical Habitat,NRSA 2324 Physical Habitat Metrics,Rip MidLayer Present (Fraction of reach),PHab boatable: riparian vegetation | PHab wadeable: riparian vegetation,,,,Same definition appears for multiple sample/record types,phab,1,2
2324,phab_XSHOR2VG,XSHOR2VG,Physical Habitat,NRSA 2324 Physical Habitat Metrics,Distance (m) from shoreline to vegetation Boatable only,PHab boatable: channel characteristics,,,,Single metadata definition,phab,1,1
2324,phab_XSLOPE,XSLOPE,Physical Habitat,NRSA 2324 Physical Habitat Metrics,Mean Slope of water surface (%),PHab boatable: slope & bearing | PHab wadeable: slope & bearing,,,,Same definition appears for multiple sample/record types,phab,1,2
2324,phab_XSLOPE_FIELD,XSLOPE_FIELD,Physical Habitat,NRSA 2324 Physical Habitat Metrics,Reach mean channel slope according to field-based measurements,PHab boatable: slope and bearing | PHab wadeable: slope and bearing,,,,Same definition appears for multiple sample/record types,phab,1,2
2324,phab_XSLOPE_MAP,XSLOPE_MAP,Physical Habitat,NRSA 2324 Physical Habitat Metrics,Reach mean channel slope according to map-based calculations,PHab boatable: slope and bearing | PHab wadeable: slope and bearing | slope & bearing,,,,Same definition appears for multiple sample/record types,phab,1,3
2324,phab_XUN,XUN,Physical Habitat,NRSA 2324 Physical Habitat Metrics,Undercut Distance--Mean (m),PHab wadeable: bank morphology,,,,Single metadata definition,phab,1,1
2324,phab_XWD_RAT,XWD_RAT,Physical Habitat,NRSA 2324 Physical Habitat Metrics,Mean Wetted Width/Thalweg Depth ratio,PHab boatable: channel morphology | PHab wadeable: channel morphology,,,,Same definition appears for multiple sample/record types,phab,1,2
2324,phab_XWIDTH,XWIDTH,Physical Habitat,NRSA 2324 Physical Habitat Metrics,Mean Wetted Width (m),PHab boatable: channel morphology | PHab wadeable: channel morphology,,,,Same definition appears for multiple sample/record types,phab,1,2
2324,phab_XWXD,XWXD,Physical Habitat,NRSA 2324 Physical Habitat Metrics,Mean Wetted Width x Thalweg depth (m2),PHab boatable: channel morphology | PHab wadeable: channel morphology,,,,Same definition appears for multiple sample/record types,phab,1,2
2324,samplegrid_BCUL,BCUL,All / Sample Design,NRSA 2324 Sample Grid,Either sample ID or Not Collected for bacteria culture sample.,,,,,Single metadata definition,samplegrid,1,1
2324,samplegrid_BDNA,BDNA,All / Sample Design,NRSA 2324 Sample Grid,Either sample ID or Not Collected for bacteria DNA sample.,,,,,Single metadata definition,samplegrid,1,1
2324,samplegrid_BERW,BERW,All / Sample Design,NRSA 2324 Sample Grid,Either sample ID or Not Collected for wadeable benthos sample.,,,,,Single metadata definition,samplegrid,1,1
2324,samplegrid_BETB,BETB,All / Sample Design,NRSA 2324 Sample Grid,Either sample ID or Not Collected for boatable benthos sample.,,,,,Single metadata definition,samplegrid,1,1
2324,samplegrid_CHEM,CHEM,All / Sample Design,NRSA 2324 Sample Grid,Either sample ID or Not Collected for water chemistry sample.,,,,,Single metadata definition,samplegrid,1,1
2324,samplegrid_DATE_COL,DATE_COL,All / Sample Design,NRSA 2324 Sample Grid,Date of data collection in field,,,,,Single metadata definition,samplegrid,15,1
2324,samplegrid_ENTE,ENTE,All / Sample Design,NRSA 2324 Sample Grid,Either sample ID or Not Collected for enterococci sample.,,,,,Single metadata definition,samplegrid,1,1
2324,samplegrid_FIELD,FIELD,All / Sample Design,NRSA 2324 Sample Grid,Either Collected or Not Collected for field in situ measurements,,,,,Single metadata definition,samplegrid,1,1
2324,samplegrid_FISH,FISH,All / Sample Design,NRSA 2324 Sample Grid,Either fishing protocol or reason for not sampling for fish.,,,,,Single metadata definition,samplegrid,1,1
2324,samplegrid_FPLG,FPLG,All / Sample Design,NRSA 2324 Sample Grid,Either sample ID or Not Collected for fish plug sample.,,,,,Single metadata definition,samplegrid,1,1
2324,samplegrid_MICX,MICX,All / Sample Design,NRSA 2324 Sample Grid,Either sample ID or Not Collected for microcystin sample.,,,,,Single metadata definition,samplegrid,1,1
2324,samplegrid_PBIO,PBIO,All / Sample Design,NRSA 2324 Sample Grid,Either sample ID or Not Collected for periphyton biomass sample.,,,,,Single metadata definition,samplegrid,1,1
2324,samplegrid_PCHL,PCHL,All / Sample Design,NRSA 2324 Sample Grid,Either sample ID or Not Collected for periphyton chlorophyll a sample.,,,,,Single metadata definition,samplegrid,1,1
2324,samplegrid_PDNA,PDNA,All / Sample Design,NRSA 2324 Sample Grid,Either sample ID or Not Collected for periphyton metagenomic sample.,,,,,Single metadata definition,samplegrid,1,1
2324,samplegrid_PERI,PERI,All / Sample Design,NRSA 2324 Sample Grid,Either sample ID or Not Collected for periphyton assemblage sample.,,,,,Single metadata definition,samplegrid,1,1
2324,samplegrid_PSTL_CODE,PSTL_CODE,All / Sample Design,NRSA 2324 Sample Grid,"State two letter postal code for site sampled. 50 state postal codes plus AS, MP, GU, PR, VI for American Samoa, Commonwealth of Northern Marianas, Guam, Puerto Rico and Virgin Islands. No missing or \blank\"" values allowed.""",,,,,Single metadata definition,samplegrid,15,1
2324,samplegrid_PUBLICATION_DATE,PUBLICATION_DATE,All / Sample Design,NRSA 2324 Sample Grid,Date of data file publication,,,,,Single metadata definition,samplegrid,16,1
2324,samplegrid_SITE_ID,SITE_ID,All / Sample Design,NRSA 2324 Sample Grid,"Site ID for the study and year sampled. Preferred form is NRSnn_MM-xxxxx where nn is current cycle year (04, 08, 13, 18, etc), MM is two letter state code, and xxxxx is between 10001 and 99999. No missing or \blank\"" values allowed.""",,,,,Single metadata definition,samplegrid,15,1
2324,samplegrid_UID,UID,All / Sample Design,NRSA 2324 Sample Grid,Unique site visit ID,,,,,Single metadata definition,samplegrid,15,1
2324,samplegrid_UNIQUE_ID,UNIQUE_ID,All / Sample Design,NRSA 2324 Sample Grid,Unique site ID based on location that does not depend on year sampled or any other factor. Form is NRS_ss_nnnnn where ss state and nnnnn is number that starts at 10001. No missing values allowed.,,,,,Single metadata definition,samplegrid,15,1
2324,samplegrid_VISIT_NO,VISIT_NO,All / Sample Design,NRSA 2324 Sample Grid,Number identifying which visit this is,,|1|2,,,Single metadata definition,samplegrid,15,1
2324,samplegrid_WCHL,WCHL,All / Sample Design,NRSA 2324 Sample Grid,Either sample ID or Not Collected for water chlorophyll a sample.,,,,,Single metadata definition,samplegrid,1,1
2324,siteinfo_AG_ECO3,AG_ECO3,Site Information,NRSA 2324 Site Information,"NARS 3-level reporting region (2015), based on aggregating AGGR_ECO9_2015 reporting regions",,EHIGH|PLNLOW|WMTNS,,,Single metadata definition,siteinfo,1,1
2324,siteinfo_AG_ECO3_NM,AG_ECO3_NM,Site Information,NRSA 2324 Site Information,NARS 3-level reporting region Name,,Text names,,,Single metadata definition,siteinfo,1,1
2324,siteinfo_AG_ECO9,AG_ECO9,Site Information,NRSA 2324 Site Information,"NARS 9-level reporting region (2015), based on aggregated Omernik Level III ecoregions",,CPL|NAP|NPL|SAP|SPL|TPL|UMW|WMT|XER,,,Single metadata definition,siteinfo,1,1
2324,siteinfo_AG_ECO9_NM,AG_ECO9_NM,Site Information,NRSA 2324 Site Information,NARS 9-level reporting region Name,,Text names,,,Single metadata definition,siteinfo,1,1
2324,siteinfo_BORD_RIV,BORD_RIV,Site Information,NRSA 2324 Site Information,Reach occurs on state or country boundaries,,Text of two postal codes: MM:NN where MM is one state and NN is other state the river is on the border. Blank if not a border river,,,Single metadata definition,siteinfo,1,1
2324,siteinfo_CNTYNAME,CNTYNAME,Site Information,NRSA 2324 Site Information,County name (source ESRI counties based on census 2010),,Text Names,,,Single metadata definition,siteinfo,1,1
2324,siteinfo_COMID,COMID,Site Information,NRSA 2324 Site Information,NHD common identifier for NRSA sampling frame and subsequent designs.,,Numeric,,,Single metadata definition,siteinfo,1,1
2324,siteinfo_DATE_COL,DATE_COL,Site Information,NRSA 2324 Site Information,Date of data collection in field,,,,,Single metadata definition,siteinfo,15,1
2324,siteinfo_DSGN_CYCLE,DSGN_CYCLE,Site Information,NRSA 2324 Site Information,,,2000-04| 2008-09|2013-14|2018-19|,,,Single metadata definition,siteinfo,1,1
2324,siteinfo_ELEVATION,ELEVATION,Site Information,NRSA 2324 Site Information,"Elevation at Stream site (LAT_DD83, LON_DD83) from USGS elevation point query service (30 m elevation) http://ned.usgs.gov/epqs/",,Numeric; may legitimately be negative,,,Single metadata definition,siteinfo,1,1
2324,siteinfo_EPA_REG,EPA_REG,Site Information,NRSA 2324 Site Information,EPA Region,,Region_1 | Region_2 | Region_3 | Region_4 | Region_5 | Region_6 | Region_7 | Region_8 | Region_9 | Region_10,,,Single metadata definition,siteinfo,1,1
2324,siteinfo_EVAL_CAT,EVAL_CAT,Site Information,NRSA 2324 Site Information,"NRSA site evaluation result. For hand-picked sites evaluation is Target_Sampled. No missing or \blank\"" values allowed.""",,,,,Single metadata definition,siteinfo,1,1
2324,siteinfo_FCODE,FCODE,Site Information,NRSA 2324 Site Information,NHD feature type code,,,,,Single metadata definition,siteinfo,1,1
2324,siteinfo_FED_NONFED,FED_NONFED,Site Information,NRSA 2324 Site Information,"Federal or Non-Federal land, based on OWN_NARS. OWN_NARS in FWS, Other Fed, USFS, NPS, NOAA, BLM, DOD, BOR considered Federal and all others Non-Federal.",,Federal|Non-Federal,,,Single metadata definition,siteinfo,1,1
2324,siteinfo_FEOW_ID,FEOW_ID,Site Information,NRSA 2324 Site Information,Freshwater Ecoregions of the World (2015) code,,Numeric,,,Single metadata definition,siteinfo,1,1
2324,siteinfo_FLOW_SIZE,FLOW_SIZE,Site Information,NRSA 2324 Site Information,Flow size categories based on mean annual flow from NHDPlusHR for each reach. Mean annual flow estimates are based on a model described in the NHDPlusHR Users Guide,,-8 | < 1cfs | LS | RV | SS,,,Single metadata definition,siteinfo,1,1
2324,siteinfo_FRAME23_ID,FRAME23_ID,Site Information,NRSA 2324 Site Information,2023 Frame ID number,,,,,Single metadata definition,siteinfo,1,1
2324,siteinfo_FS_EW,FS_EW,Site Information,NRSA 2324 Site Information,Eastern or western US Forest Service land,,East | West | blank if not US Forest Service land,,,Single metadata definition,siteinfo,1,1
2324,siteinfo_FTYPE,FTYPE,Site Information,NRSA 2324 Site Information,HD feature type name,,,,,Single metadata definition,siteinfo,1,1
2324,siteinfo_GNIS_ID,GNIS_ID,Site Information,NRSA 2324 Site Information,Goegraphic Names Information System ID (from NHD),,Numeric,,,Single metadata definition,siteinfo,1,1
2324,siteinfo_GNIS_NAME,GNIS_NAME,Site Information,NRSA 2324 Site Information,USGS Geographic Names Information System name,,Text name,,,Single metadata definition,siteinfo,1,1
2324,siteinfo_HUC10,HUC10,Site Information,NRSA 2324 Site Information,"USGS Level 10 Hydrologic Unit Code where wetland is located. where region 10-digit code is preceded by letter H. No missing or \blank\"" values allowed.""",,,,,Single metadata definition,siteinfo,1,1
2324,siteinfo_HUC10_NM,HUC10_NM,Site Information,NRSA 2324 Site Information,"USGS Level 10 Hydrologic Unit Name where wetland is located. No missing or \blank\""values allowed""",,,,,Single metadata definition,siteinfo,1,1
2324,siteinfo_HUC12,HUC12,Site Information,NRSA 2324 Site Information,"USGS Level 12 Hydrologic Unit Code where wetland is located. Region 12-digit code is preceded by letter H. No missing or \blank\"" values allowed.""",,,,,Single metadata definition,siteinfo,1,1
2324,siteinfo_HUC12_NM,HUC12_NM,Site Information,NRSA 2324 Site Information,"USGS Level 12 Hydrologic Unit Code Name where wetland is located. No missing or \blank\"" values allowed.""",,,,,Single metadata definition,siteinfo,1,1
2324,siteinfo_HUC2,HUC2,Site Information,NRSA 2324 Site Information,USGS Level 2 Hydrologic Unit Code where stream reach is located (based on NHDPlusV2 use of HUCs),,Alphanumeric: H01 to H20 with H03N :H 03S : H03W | H10L : H10U where region coded preceded by letter H,,,Single metadata definition,siteinfo,1,1
2324,siteinfo_HUC2_NM,HUC2_NM,Site Information,NRSA 2324 Site Information,"USGS Level 2 Hydrologic Unit Region Name where stream reach is located (based on NHDPlusV2 use of HUCs). No missing or \blank\"" values allowed.""",,"Arkansas-Red-White Region |California Region |Great Basin Region |Great Lakes Region |Lower Colorado Region |Lower Mississippi Region |\Lower Missouri Region |Mid-Atlantic Region |New England Region |Ohio Region |Pacific Northwest Region |Rio Grande Region |Souris-Red-Rainy Region |South Atlantic-North Region |South Atlantic-South Region |South Atlantic-West Region |Tennessee Region |Texas Region |Upper Colorado Region |Upper Mississippi Region |Upper Missouri Region |""",,,Single metadata definition,siteinfo,1,1
2324,siteinfo_HUC8,HUC8,Site Information,NRSA 2324 Site Information,USGS Level 8 Hydrologic Unit Code where stream reach is located (based on NHDPlusV2 use of HUCs),,Alphanumeric code; 8-digit preceded by letter H,,,Single metadata definition,siteinfo,1,1
2324,siteinfo_HUC8_NM,HUC8_NM,Site Information,NRSA 2324 Site Information,USGS Level 8 Hydrologic Cataloging Unit Name where stream reach is located,,Text,,,Single metadata definition,siteinfo,1,1
2324,siteinfo_IND_DOMAIN,IND_DOMAIN,Site Information,NRSA 2324 Site Information,"Name of the indicator group within a study or Domain within a study. Text with all sites expected to be assigned to EXTENT and CORE indicator groups. Other values will occur when a particular group of indicators is only sampled on a planned probability subsample for the main STUDY. For example, FTIS is used to identify study for fish tissue indicators only collected at subset of sites that are a probability sample of a class of streams and rivers in a study. A Domain may be a state specific design where not all the sites are included in NRSA . Hand-picked sites are assigned \HAND.\"" No missing or \""blank\"" values allowed.""",,EXTENT | CORE | FTIS | HAND |,,,Single metadata definition,siteinfo,1,1
2324,siteinfo_LAT_DD83,LAT_DD83,Site Information,NRSA 2324 Site Information,Latitude (based on NAD83 datum) for stream site from NHD-based sample frame.,,Numeric,,,Single metadata definition,siteinfo,1,1
2324,siteinfo_LENGTH_KM,LENGTH_KM,Site Information,NRSA 2324 Site Information,Stream reach length in km. No missing or zero values allowed.,,,,,Single metadata definition,siteinfo,1,1
2324,siteinfo_LON_DD83,LON_DD83,Site Information,NRSA 2324 Site Information,Longitude (based on NAD83 datum) for stream site from NHD-based sample frame.,,Numeric,,,Single metadata definition,siteinfo,1,1
2324,siteinfo_MAJ_BAS_NM,MAJ_BAS_NM,Site Information,NRSA 2324 Site Information,Major USGS Hydrologic Basins derived from NHDPlus Names,,Text of 16 basin names,,,Single metadata definition,siteinfo,1,1
2324,siteinfo_MAJ_BASIN,MAJ_BASIN,Site Information,NRSA 2324 Site Information,Major USGS Hydrologic Basins derived from NHDPlus Codes,,16 Major Basin Codes from 01 to 18 with 05_06 and 12_13 combined preceeded by letter H,,,Single metadata definition,siteinfo,1,1
2324,siteinfo_MEAN_FLOW,MEAN_FLOW,Site Information,NRSA 2324 Site Information,Mean flow value for streams (cfs),,,,,Single metadata definition,siteinfo,1,1
2324,siteinfo_MIS_BAS_NM,MIS_BAS_NM,Site Information,NRSA 2324 Site Information,"The hydrologic basin name for streams in the Mississippi Basin derived from NHDPlus names. \Not Miss River Basin\"" for streams not in the Mississippi Basin. No missing values allowed.""",,Ohio Region|Tennessee Region|Upper Mississippi Region|Lower Mississippi Region|Lower Missouri Region| Upper Missouri Region|Arkansas-Red-White Region|Not Mississippi River Basin,,,Single metadata definition,siteinfo,1,1
2324,siteinfo_MIS_BASIN,MIS_BASIN,Site Information,NRSA 2324 Site Information,"The hydrologic basin code for streams in the Mississippi Basin derived from NHDPlus codes. For streams not in the Mississippi Basin value equal to \NMRB\"". No missing values allowed.""",,H05|H06|H07|H08|H10L|H10U|H11|NMRB,,,Single metadata definition,siteinfo,1,1
2324,siteinfo_NA_L1CODE,NA_L1CODE,Site Information,NRSA 2324 Site Information,CEC North American Level I ecoregion code,,Numeric 5 to 15 excluding 14 and 0 designating HI,,,Single metadata definition,siteinfo,1,1
2324,siteinfo_NA_L1NAME,NA_L1NAME,Site Information,NRSA 2324 Site Information,CEC North American Level I ecoregion name,,Text,,,Single metadata definition,siteinfo,1,1
2324,siteinfo_NA_L2CODE,NA_L2CODE,Site Information,NRSA 2324 Site Information,CEC North American Level II ecoregion code,,Alphanumeric: n.n where leading position is Level I code and following position is Level 2 designation,,,Single metadata definition,siteinfo,1,1
2324,siteinfo_NA_L2NAME,NA_L2NAME,Site Information,NRSA 2324 Site Information,CEC North American Level II ecoregion name,,Text,,,Single metadata definition,siteinfo,1,1
2324,siteinfo_NARS_NAME,NARS_NAME,Site Information,NRSA 2324 Site Information,Name of lake from field evaluation or GNIS NAME if the same,,Text,,,Single metadata definition,siteinfo,1,1
2324,siteinfo_NHDPLUSID,NHDPLUSID,Site Information,NRSA 2324 Site Information,NHDPlus unique identifier for a flowline feature used in NRSA 23-24 and NHDPLusHR.,,,,,Single metadata definition,siteinfo,1,1
2324,siteinfo_OWN_NARS,OWN_NARS,Site Information,NRSA 2324 Site Information,"Land ownership code derived from USGS PADUS (http://gapanalysis.usgs.gov/padus/data/) - pulled May 2016 version of database. Aggregated to categories used by NARS. Text of 13 land ownership category names. Similar to OWN_TYPE in USGS PADUS dataset except that Federal_Land is separated into major federal agencies. No missing or \blank\"" values allowed.""",,BLM | DOD | | DOE | USFS | FWS | NOAA | Non Federal | NPS | Tribal Land| USACE | USBR | NRCS| Other Fed,,,Single metadata definition,siteinfo,1,1
2324,siteinfo_PANEL_USE,PANEL_USE,Site Information,NRSA 2324 Site Information,"NRSA Panel Assignment. Text that has form NRSnn_mmXXXn_YYYY, where nn is current cycle year (09, 14, 19, etc), mm is cycle year stream site was first selected for sampling, XXXn denotes revisit status, and YYYY denotes base or over sample status. XXXn equals either RVT2 (if site should be visited twice in current cycle year) or RVT (if site should be visited once in current cycle and was previously visited in a prior cycle year) and is blank otherwise. YYYY is either blank (if the stream site is a base site) or equals OverSamp (if the stream site is an over sample site). Note: For state specific designs, state two letter code is added. Hand-picked sites have value \NONE\"". No missing or \""blank\"" values allowed.""",,,,,Single metadata definition,siteinfo,1,1
2324,siteinfo_PERM_ID,PERM_ID,Site Information,NRSA 2324 Site Information,40-char value that uniquely identifies the occurrence of each feature in The National Map. National Database primary key. Used only for NRSA and NLA,,,,,Single metadata definition,siteinfo,1,1
2324,siteinfo_PROB_CAT,PROB_CAT,Site Information,NRSA 2324 Site Information,"NRSA unequal probability categories used within a stratum. Hand-picked sites equal to \None\"" as they are not a site from probability design. No missing values allowed""",,,,,Single metadata definition,siteinfo,1,1
2324,siteinfo_PSTL_CODE,PSTL_CODE,Site Information,NRSA 2324 Site Information,State two-letter postal code,,,,,Single metadata definition,siteinfo,15,1
2324,siteinfo_PUBLICATION_DATE,PUBLICATION_DATE,Site Information,NRSA 2324 Site Information,Date of data file publication,,,,,Single metadata definition,siteinfo,16,1
2324,siteinfo_REACHCODE,REACHCODE,Site Information,NRSA 2324 Site Information,NHD Reach code assigned,,Numeric,,,Single metadata definition,siteinfo,1,1
2324,siteinfo_SITE_ID,SITE_ID,Site Information,NRSA 2324 Site Information,"Site ID for the study and year sampled. Preferred form is NRSnn_MM-xxxxx where nn is current cycle year (04, 08, 13, 18, etc), MM is two letter state code, and xxxxx is between 10001 and 99999. No missing or \blank\"" values allowed.""",,,,,Single metadata definition,siteinfo,15,1
2324,siteinfo_SITESAMP,SITESAMP,Site Information,NRSA 2324 Site Information,Was site sampled: Y/N.,,|Y|N,,,Single metadata definition,siteinfo,1,1
2324,siteinfo_SITETYPE,SITETYPE,Site Information,NRSA 2324 Site Information,Site type (Probability-based or hand-picked),,PROB | HAND,,,Single metadata definition,siteinfo,1,1
2324,siteinfo_STATE_NM,STATE_NM,Site Information,NRSA 2324 Site Information,"State to which stream reach is assigned for sampling in NRSA. No missing or \blank\"" values allowed.""",,,,,Single metadata definition,siteinfo,1,1
2324,siteinfo_STATECTY,STATECTY,Site Information,NRSA 2324 Site Information,FIPS state and county code,,Text - numeric with leading zero,,,Single metadata definition,siteinfo,1,1
2324,siteinfo_STRAH_CAL,STRAH_CAL,Site Information,NRSA 2324 Site Information,Strahler calculator from NHDPlusv2. Used to identify braided reaches.,,Numeric: 0 to 10.,,,Single metadata definition,siteinfo,1,1
2324,siteinfo_STRAH_CAT,STRAH_CAT,Site Information,NRSA 2324 Site Information,Strahler category used to classify reaches. RiversMajor (5th and higher) RiversOther (5th and higher) LargeStreams (3rd and 4th) SmallStreams (1st and 2nd),,RiversMajor | RiversOther | LargeStreams | SmallStreams,,,Single metadata definition,siteinfo,1,1
2324,siteinfo_STRAH_ORD,STRAH_ORD,Site Information,NRSA 2324 Site Information,Strahler order from NHDPlusv2,,Numeric: 0 to 10.,,,Single metadata definition,siteinfo,1,1
2324,siteinfo_STRATUM,STRATUM,Site Information,NRSA 2324 Site Information,"Stratum use for survey design (national assessment). Needed for population estimates. For value definitions, see survey-specific design documentation.",,,,,Single metadata definition,siteinfo,1,1
2324,siteinfo_STUDY,STUDY,Site Information,NRSA 2324 Site Information,Study to which site belongs,,ALASKA|HAWAII|MSQA|BLM|CALAPOOIA|NRSA|WISCONSIN,,,Single metadata definition,siteinfo,1,1
2324,siteinfo_UID,UID,Site Information,NRSA 2324 Site Information,Unique site visit ID,,,,,Single metadata definition,siteinfo,15,1
2324,siteinfo_UNIQUE_ID,UNIQUE_ID,Site Information,NRSA 2324 Site Information,Unique site ID based on location that does not depend on year sampled or any other factor. Form is NRS_ss_nnnnn where ss state and nnnnn is number that starts at 10001. No missing values allowed.,,,,,Single metadata definition,siteinfo,15,1
2324,siteinfo_URBN_NRS08,URBN_NRS08,Site Information,NRSA 2324 Site Information,"Stream identified as an urban stream based on urban definition used in NRSA 2008-9 design. Urban based on 2000 Census polygons of urban areas and 3km buffer to ensure census waters included. No missing or \blank\"" values allowed.""",,Urban | Non-Urban |,,,Single metadata definition,siteinfo,1,1
2324,siteinfo_URBN_NRS18,URBN_NRS18,Site Information,NRSA 2324 Site Information,"Stream identified as an urban stream based on urban definition used in NRSA 2018-19 design. Urban based on 2010 Census polygons of urban areas. No 3km buffer to ensure census waters included since census polygons now include census waters. No missing or \blank\"" values allowed.""",,Urban | Non-Urban |,,,Single metadata definition,siteinfo,1,1
2324,siteinfo_URBN_NRS23,URBN_NRS23,Site Information,NRSA 2324 Site Information,"Stream identified as an urban stream based on urban definition used in NRSA 2018-19 design. Urban based on 2010 Census polygons of urban areas. No 3km buffer to ensure census waters included since census polygons now include census waters. No missing or \blank\"" values allowed.""",,Urban|Non-Urban,,,Single metadata definition,siteinfo,1,1
2324,siteinfo_US_L3CODE,US_L3CODE,Site Information,NRSA 2324 Site Information,Omernik Level III ecoregion code,,Numeric 1 to 85,,,Single metadata definition,siteinfo,1,1
2324,siteinfo_US_L3NAME,US_L3NAME,Site Information,NRSA 2324 Site Information,Omernik Level III ecoregion name,,Text name,,,Single metadata definition,siteinfo,1,1
2324,siteinfo_US_L4CODE,US_L4CODE,Site Information,NRSA 2324 Site Information,Omernik Level IV ecoregion code,,Level three codes plus aphabetic ending identifying level 4 subregion,,,Single metadata definition,siteinfo,1,1
2324,siteinfo_US_L4NAME,US_L4NAME,Site Information,NRSA 2324 Site Information,Omernik Level IV ecoregion name,,Text name,,,Single metadata definition,siteinfo,1,1
2324,siteinfo_VALXSITE,VALXSITE,Site Information,NRSA 2324 Site Information,Sample method/Nonsamp. reason,,|WADEABLE|BOATABLE|PARBYWADE|PARBYBOAT|INTWADE|INTBOAT|ALTERED|DRYVISIT|DRYNOVISIT|WETLAND|MAPERROR|IMPOUNDED|TIDAL|OTHR_NSP|OTHR_NST|NOTBOAT|NOTWADE|OTHER_NOACCESS|ACCDENIED|INACCPERM|INACCTEMP,,,Single metadata definition,siteinfo,1,1
2324,siteinfo_VISIT_NO,VISIT_NO,Site Information,NRSA 2324 Site Information,Number identifying which visit this is,,|1|2,,,Single metadata definition,siteinfo,15,1
2324,siteinfo_WSAREASQKM,WSAREASQKM,Site Information,NRSA 2324 Site Information,Area in square kilometers of the watershed basin. Summarized by joining the sub-catchment area of the catchment with all of the upstream catchments of the NHDPlusV21.,,,,,Single metadata definition,siteinfo,1,1
2324,siteinfo_YEAR,YEAR,Site Information,NRSA 2324 Site Information,Year of sampling,,,,,Single metadata definition,siteinfo,1,1
2324,waterchem_AMMONIA_N_BATCH_ID,AMMONIA_N_BATCH_ID,Water Chemistry,NRSA 2324 Water Chemistry,Laboratory Batch ID for Ammonia as N,COLUMN,,,,Single metadata definition,waterchem,1,1
2324,waterchem_AMMONIA_N_DATE_ANALYZED,AMMONIA_N_DATE_ANALYZED,Water Chemistry,NRSA 2324 Water Chemistry,Date sample analyzed for analyte: ammonia,COLUMN,,,,Single metadata definition,waterchem,1,1
2324,waterchem_AMMONIA_N_DILUTION_FACTOR,AMMONIA_N_DILUTION_FACTOR,Water Chemistry,NRSA 2324 Water Chemistry,Factor used to correct results based on dilution of sample by lab: Ammonia as N,COLUMN,,,,Single metadata definition,waterchem,1,1
2324,waterchem_AMMONIA_N_HOLDING_TIME,AMMONIA_N_HOLDING_TIME,Water Chemistry,NRSA 2324 Water Chemistry,Time from sampling to analysis (days): ammonia,COLUMN,,,,Single metadata definition,waterchem,1,1
2324,waterchem_AMMONIA_N_MDL,AMMONIA_N_MDL,Water Chemistry,NRSA 2324 Water Chemistry,Method detection limit of ammonia,COLUMN,,,,Single metadata definition,waterchem,1,1
2324,waterchem_AMMONIA_N_NARS_FLAG,AMMONIA_N_NARS_FLAG,Water Chemistry,NRSA 2324 Water Chemistry,"Flag assigned by NARS: ammonia. ND = Non-detect, L = Estimated, Q = Quality-related issue, S = Shipping time exceedence, H = Holding time exceedence, NR = No lab result for analyte",COLUMN,,,,Single metadata definition,waterchem,1,1
2324,waterchem_AMMONIA_N_QA_FLAG,AMMONIA_N_QA_FLAG,Water Chemistry,NRSA 2324 Water Chemistry,QA flag assigned by lab: ammonia,COLUMN,,,,Single metadata definition,waterchem,1,1
2324,waterchem_AMMONIA_N_RESULT,AMMONIA_N_RESULT,Water Chemistry,NRSA 2324 Water Chemistry,Analyte value: ammonia,COLUMN,,,,Single metadata definition,waterchem,1,1
2324,waterchem_AMMONIA_N_RL,AMMONIA_N_RL,Water Chemistry,NRSA 2324 Water Chemistry,Reporting limit of ammonia,COLUMN,,,,Single metadata definition,waterchem,1,1
2324,waterchem_AMMONIA_N_UNITS,AMMONIA_N_UNITS,Water Chemistry,NRSA 2324 Water Chemistry,Units of measurement: ammonia,COLUMN,,,,Single metadata definition,waterchem,1,1
2324,waterchem_ANC_BATCH_ID,ANC_BATCH_ID,Water Chemistry,NRSA 2324 Water Chemistry,Laboratory Batch ID for Acid Neutralizing Capacity,COLUMN,,,,Single metadata definition,waterchem,1,1
2324,waterchem_ANC_DATE_ANALYZED,ANC_DATE_ANALYZED,Water Chemistry,NRSA 2324 Water Chemistry,Date sample analyzed for analyte: acid neutralizing capacity,COLUMN,,,,Single metadata definition,waterchem,1,1
2324,waterchem_ANC_HOLDING_TIME,ANC_HOLDING_TIME,Water Chemistry,NRSA 2324 Water Chemistry,Time from sampling to analysis (days): acid neutralizing capacity,COLUMN,,,,Single metadata definition,waterchem,1,1
2324,waterchem_ANC_MDL,ANC_MDL,Water Chemistry,NRSA 2324 Water Chemistry,Method Detection Limit: Acid Neutralizing Capacity,COLUMN,,,,Single metadata definition,waterchem,1,1
2324,waterchem_ANC_NARS_FLAG,ANC_NARS_FLAG,Water Chemistry,NRSA 2324 Water Chemistry,"NARS flag translated from QA flag by lab: Acid Neutralizing Capacity. ND = Non-detect, L = Estimated, Q = Quality-related issue, S = Shipping time exceedence, H = Holding time exceedence, NR = No lab result for analyte",COLUMN,,,,Single metadata definition,waterchem,1,1
2324,waterchem_ANC_QA_FLAG,ANC_QA_FLAG,Water Chemistry,NRSA 2324 Water Chemistry,QA flag assigned by lab: acid neutralizing capacity,COLUMN,,,,Single metadata definition,waterchem,1,1
2324,waterchem_ANC_RESULT,ANC_RESULT,Water Chemistry,NRSA 2324 Water Chemistry,Analyte value: acid neutralizing capacity,COLUMN,,,,Single metadata definition,waterchem,1,1
2324,waterchem_ANC_RL,ANC_RL,Water Chemistry,NRSA 2324 Water Chemistry,Method Reporting Limit: Acid Neutralizing Capacity,COLUMN,,,,Single metadata definition,waterchem,1,1
2324,waterchem_ANC_UNITS,ANC_UNITS,Water Chemistry,NRSA 2324 Water Chemistry,Units of measurement: acid neutralizing capacity,COLUMN,,,,Single metadata definition,waterchem,1,1
2324,waterchem_CALCIUM_BATCH_ID,CALCIUM_BATCH_ID,Water Chemistry,NRSA 2324 Water Chemistry,Laboratory Batch ID for Calcium,COLUMN,,,,Single metadata definition,waterchem,1,1
2324,waterchem_CALCIUM_DATE_ANALYZED,CALCIUM_DATE_ANALYZED,Water Chemistry,NRSA 2324 Water Chemistry,Date sample analyzed for analyte: calcium,COLUMN,,,,Single metadata definition,waterchem,1,1
2324,waterchem_CALCIUM_DILUTION_FACTOR,CALCIUM_DILUTION_FACTOR,Water Chemistry,NRSA 2324 Water Chemistry,Factor used to correct results based on dilution of sample by lab: Calcium,COLUMN,,,,Single metadata definition,waterchem,1,1
2324,waterchem_CALCIUM_HOLDING_TIME,CALCIUM_HOLDING_TIME,Water Chemistry,NRSA 2324 Water Chemistry,Time from sampling to analysis (days): calcium,COLUMN,,,,Single metadata definition,waterchem,1,1
2324,waterchem_CALCIUM_MDL,CALCIUM_MDL,Water Chemistry,NRSA 2324 Water Chemistry,Method detection limit of calcium,COLUMN,,,,Single metadata definition,waterchem,1,1
2324,waterchem_CALCIUM_NARS_FLAG,CALCIUM_NARS_FLAG,Water Chemistry,NRSA 2324 Water Chemistry,"NARS flag translated from QA flag by lab: Calcium. ND = Non-detect, L = Estimated, Q = Quality-related issue, S = Shipping time exceedence, H = Holding time exceedence, NR = No lab result for analyte",COLUMN,,,,Single metadata definition,waterchem,1,1
2324,waterchem_CALCIUM_QA_FLAG,CALCIUM_QA_FLAG,Water Chemistry,NRSA 2324 Water Chemistry,QA flag assigned by lab: calcium,COLUMN,,,,Single metadata definition,waterchem,1,1
2324,waterchem_CALCIUM_RESULT,CALCIUM_RESULT,Water Chemistry,NRSA 2324 Water Chemistry,Analyte value: calcium,COLUMN,,,,Single metadata definition,waterchem,1,1
2324,waterchem_CALCIUM_RL,CALCIUM_RL,Water Chemistry,NRSA 2324 Water Chemistry,Method Reporting Limit: Calcium,COLUMN,,,,Single metadata definition,waterchem,1,1
2324,waterchem_CALCIUM_UNITS,CALCIUM_UNITS,Water Chemistry,NRSA 2324 Water Chemistry,Units of measurement: calcium,COLUMN,,,,Single metadata definition,waterchem,1,1
2324,waterchem_CHEM_DATE_RECEIVED,CHEM_DATE_RECEIVED,Water Chemistry,NRSA 2324 Water Chemistry,Water chemistry date received in laboratory,COLUMN,,,,Single metadata definition,waterchem,1,1
2324,waterchem_CHEM_LAB_SAMPLE_ID,CHEM_LAB_SAMPLE_ID,Water Chemistry,NRSA 2324 Water Chemistry,Water chemistry lab sample ID,COLUMN,,,,Single metadata definition,waterchem,1,1
2324,waterchem_CHEM_SAMPLE_ID,CHEM_SAMPLE_ID,Water Chemistry,NRSA 2324 Water Chemistry,Sample identification number: Water chemistry sample,COLUMN,,,,Single metadata definition,waterchem,1,1
2324,waterchem_CHLA_BATCH_ID,CHLA_BATCH_ID,Water Chemistry,NRSA 2324 Water Chemistry,Lab batch id - Chlorophyll-a as ug/L in water sample,COLUMN,,,,Single metadata definition,waterchem,1,1
2324,waterchem_CHLA_DATE_ANALYZED,CHLA_DATE_ANALYZED,Water Chemistry,NRSA 2324 Water Chemistry,Date sample analyzed for analyte: chlorophyll-a,COLUMN,,,,Single metadata definition,waterchem,1,1
2324,waterchem_CHLA_DILUTION_FACTOR,CHLA_DILUTION_FACTOR,Water Chemistry,NRSA 2324 Water Chemistry,Factor used to correct results based on dilution of sample by lab: Chlorophyll-a,COLUMN,,,,Single metadata definition,waterchem,1,1
2324,waterchem_CHLA_EXTRACT,CHLA_EXTRACT,Water Chemistry,NRSA 2324 Water Chemistry,chlorophyll-a amount in extract by volume (ug/L),COLUMN,,,,Single metadata definition,waterchem,1,1
2324,waterchem_CHLA_EXTRACT_UNITS,CHLA_EXTRACT_UNITS,Water Chemistry,NRSA 2324 Water Chemistry,Chlorophyll a: Extract units,COLUMN,,,,Single metadata definition,waterchem,1,1
2324,waterchem_CHLA_HOLDING_TIME,CHLA_HOLDING_TIME,Water Chemistry,NRSA 2324 Water Chemistry,Time from sampling to analysis (days): chlorophyll-a,COLUMN,,,,Single metadata definition,waterchem,1,1
2324,waterchem_CHLA_MDL,CHLA_MDL,Water Chemistry,NRSA 2324 Water Chemistry,Method detection limit of chlorophyll-a,COLUMN,,,,Single metadata definition,waterchem,1,1
2324,waterchem_CHLA_NARS_FLAG,CHLA_NARS_FLAG,Water Chemistry,NRSA 2324 Water Chemistry,"NARS flag translated from QA flag by lab: Chlorophyll a. ND = Non-detect, L = Estimated, Q = Quality-related issue, S = Shipping time exceedence, H = Holding time exceedence, NR = No lab result for analyte",COLUMN,,,,Single metadata definition,waterchem,1,1
2324,waterchem_CHLA_QA_FLAG,CHLA_QA_FLAG,Water Chemistry,NRSA 2324 Water Chemistry,QA flag assigned by lab: Chlorophyll a,COLUMN,,,,Single metadata definition,waterchem,1,1
2324,waterchem_CHLA_RESULT,CHLA_RESULT,Water Chemistry,NRSA 2324 Water Chemistry,Analyte value: chlorophyll-a,COLUMN,,,,Single metadata definition,waterchem,1,1
2324,waterchem_CHLA_RL,CHLA_RL,Water Chemistry,NRSA 2324 Water Chemistry,Method Reporting Limit: Chlorophyll a,COLUMN,,,,Single metadata definition,waterchem,1,1
2324,waterchem_CHLA_UNITS,CHLA_UNITS,Water Chemistry,NRSA 2324 Water Chemistry,Units - Chlorophyll-a as ug/L in water sample,COLUMN,,,,Single metadata definition,waterchem,1,1
2324,waterchem_CHLA_VOLUME_ADJUST,CHLA_VOLUME_ADJUST,Water Chemistry,NRSA 2324 Water Chemistry,--,COLUMN,,,,Single metadata definition,waterchem,1,1
2324,waterchem_CHLA_VOLUME_FILTERED,CHLA_VOLUME_FILTERED,Water Chemistry,NRSA 2324 Water Chemistry,Volume filtered for chlorophyll-a sample,COLUMN,,,,Single metadata definition,waterchem,1,1
2324,waterchem_CHLORIDE_BATCH_ID,CHLORIDE_BATCH_ID,Water Chemistry,NRSA 2324 Water Chemistry,Laboratory Batch ID for Chloride,COLUMN,,,,Single metadata definition,waterchem,1,1
2324,waterchem_CHLORIDE_DATE_ANALYZED,CHLORIDE_DATE_ANALYZED,Water Chemistry,NRSA 2324 Water Chemistry,Date sample analyzed for analyte: chloride,COLUMN,,,,Single metadata definition,waterchem,1,1
2324,waterchem_CHLORIDE_DILUTION_FACTOR,CHLORIDE_DILUTION_FACTOR,Water Chemistry,NRSA 2324 Water Chemistry,Factor used to correct results based on dilution of sample by lab: Chloride,COLUMN,,,,Single metadata definition,waterchem,1,1
2324,waterchem_CHLORIDE_HOLDING_TIME,CHLORIDE_HOLDING_TIME,Water Chemistry,NRSA 2324 Water Chemistry,Time from sampling to analysis (days): chloride,COLUMN,,,,Single metadata definition,waterchem,1,1
2324,waterchem_CHLORIDE_MDL,CHLORIDE_MDL,Water Chemistry,NRSA 2324 Water Chemistry,Method detection limit of chloride,COLUMN,,,,Single metadata definition,waterchem,1,1
2324,waterchem_CHLORIDE_NARS_FLAG,CHLORIDE_NARS_FLAG,Water Chemistry,NRSA 2324 Water Chemistry,"NARS flag translated from QA flag by lab: Chloride. ND = Non-detect, L = Estimated, Q = Quality-related issue, S = Shipping time exceedence, H = Holding time exceedence, NR = No lab result for analyte",COLUMN,,,,Single metadata definition,waterchem,1,1
2324,waterchem_CHLORIDE_QA_FLAG,CHLORIDE_QA_FLAG,Water Chemistry,NRSA 2324 Water Chemistry,QA flag assigned by lab: chloride,COLUMN,,,,Single metadata definition,waterchem,1,1
2324,waterchem_CHLORIDE_RESULT,CHLORIDE_RESULT,Water Chemistry,NRSA 2324 Water Chemistry,Analyte value: chloride,COLUMN,,,,Single metadata definition,waterchem,1,1
2324,waterchem_CHLORIDE_RL,CHLORIDE_RL,Water Chemistry,NRSA 2324 Water Chemistry,Reporting limit of analyte: chloride,COLUMN,,,,Single metadata definition,waterchem,1,1
2324,waterchem_CHLORIDE_UNITS,CHLORIDE_UNITS,Water Chemistry,NRSA 2324 Water Chemistry,Units of measurement: chloride,COLUMN,,,,Single metadata definition,waterchem,1,1
2324,waterchem_COLOR_BATCH_ID,COLOR_BATCH_ID,Water Chemistry,NRSA 2324 Water Chemistry,Laboratory Batch ID for Color,COLUMN,,,,Single metadata definition,waterchem,1,1
2324,waterchem_COLOR_DATE_ANALYZED,COLOR_DATE_ANALYZED,Water Chemistry,NRSA 2324 Water Chemistry,Date sample analyzed for analyte: color,COLUMN,,,,Single metadata definition,waterchem,1,1
2324,waterchem_COLOR_DILUTION_FACTOR,COLOR_DILUTION_FACTOR,Water Chemistry,NRSA 2324 Water Chemistry,Factor used to correct results based on dilution of sample by lab: Color,COLUMN,,,,Single metadata definition,waterchem,1,1
2324,waterchem_COLOR_HOLDING_TIME,COLOR_HOLDING_TIME,Water Chemistry,NRSA 2324 Water Chemistry,Time from sampling to analysis (days): color,COLUMN,,,,Single metadata definition,waterchem,1,1
2324,waterchem_COLOR_MDL,COLOR_MDL,Water Chemistry,NRSA 2324 Water Chemistry,Method Detection Limit: Color,COLUMN,,,,Single metadata definition,waterchem,1,1
2324,waterchem_COLOR_NARS_FLAG,COLOR_NARS_FLAG,Water Chemistry,NRSA 2324 Water Chemistry,"NARS flag translated from QA flag by lab: Color. ND = Non-detect, L = Estimated, Q = Quality-related issue, S = Shipping time exceedence, H = Holding time exceedence, NR = No lab result for analyte",COLUMN,,,,Single metadata definition,waterchem,1,1
2324,waterchem_COLOR_QA_FLAG,COLOR_QA_FLAG,Water Chemistry,NRSA 2324 Water Chemistry,QA flag assigned by lab: color,COLUMN,,,,Single metadata definition,waterchem,1,1
2324,waterchem_COLOR_RESULT,COLOR_RESULT,Water Chemistry,NRSA 2324 Water Chemistry,Analyte value: color,COLUMN,,,,Single metadata definition,waterchem,1,1
2324,waterchem_COLOR_RL,COLOR_RL,Water Chemistry,NRSA 2324 Water Chemistry,Method Reporting Limit: Color,COLUMN,,,,Single metadata definition,waterchem,1,1
2324,waterchem_COLOR_UNITS,COLOR_UNITS,Water Chemistry,NRSA 2324 Water Chemistry,Units of measurement: color,COLUMN,,,,Single metadata definition,waterchem,1,1
2324,waterchem_COND_BATCH_ID,COND_BATCH_ID,Water Chemistry,NRSA 2324 Water Chemistry,Laboratory Batch ID for Conductivity,COLUMN,,,,Single metadata definition,waterchem,1,1
2324,waterchem_COND_DATE_ANALYZED,COND_DATE_ANALYZED,Water Chemistry,NRSA 2324 Water Chemistry,Date sample analyzed for analyte: conductivity,COLUMN,,,,Single metadata definition,waterchem,1,1
2324,waterchem_COND_HOLDING_TIME,COND_HOLDING_TIME,Water Chemistry,NRSA 2324 Water Chemistry,Time from sampling to analysis (days): conductivity,COLUMN,,,,Single metadata definition,waterchem,1,1
2324,waterchem_COND_MDL,COND_MDL,Water Chemistry,NRSA 2324 Water Chemistry,Method Detection Limit: Conductivity,COLUMN,,,,Single metadata definition,waterchem,1,1
2324,waterchem_COND_NARS_FLAG,COND_NARS_FLAG,Water Chemistry,NRSA 2324 Water Chemistry,"NARS flag translated from QA flag by lab: Conductivity. ND = Non-detect, L = Estimated, Q = Quality-related issue, S = Shipping time exceedence, H = Holding time exceedence, NR = No lab result for analyte",COLUMN,,,,Single metadata definition,waterchem,1,1
2324,waterchem_COND_QA_FLAG,COND_QA_FLAG,Water Chemistry,NRSA 2324 Water Chemistry,QA flag assigned by lab: conductivity,COLUMN,,,,Single metadata definition,waterchem,1,1
2324,waterchem_COND_RESULT,COND_RESULT,Water Chemistry,NRSA 2324 Water Chemistry,Analyte value: conductivity,COLUMN,,,,Single metadata definition,waterchem,1,1
2324,waterchem_COND_RL,COND_RL,Water Chemistry,NRSA 2324 Water Chemistry,Method Reporting Limit: Conductivity,COLUMN,,,,Single metadata definition,waterchem,1,1
2324,waterchem_COND_UNITS,COND_UNITS,Water Chemistry,NRSA 2324 Water Chemistry,Units of measurement: conductivity,COLUMN,,,,Single metadata definition,waterchem,1,1
2324,waterchem_DATE_COL,DATE_COL,Water Chemistry,NRSA 2324 Water Chemistry,Date of data collection in field,VERIF,,,,Single metadata definition,waterchem,15,1
2324,waterchem_DOC_BATCH_ID,DOC_BATCH_ID,Water Chemistry,NRSA 2324 Water Chemistry,Laboratory Batch ID for Dissolved Organic Carbon,COLUMN,,,,Single metadata definition,waterchem,1,1
2324,waterchem_DOC_DATE_ANALYZED,DOC_DATE_ANALYZED,Water Chemistry,NRSA 2324 Water Chemistry,Date sample analyzed for analyte: dissolved organic carbon,COLUMN,,,,Single metadata definition,waterchem,1,1
2324,waterchem_DOC_DILUTION_FACTOR,DOC_DILUTION_FACTOR,Water Chemistry,NRSA 2324 Water Chemistry,Factor used to correct results based on dilution of sample by lab: Dissolved Organic Carbon,COLUMN,,,,Single metadata definition,waterchem,1,1
2324,waterchem_DOC_HOLDING_TIME,DOC_HOLDING_TIME,Water Chemistry,NRSA 2324 Water Chemistry,Time from sampling to analysis (days): dissolved organic carbon,COLUMN,,,,Single metadata definition,waterchem,1,1
2324,waterchem_DOC_MDL,DOC_MDL,Water Chemistry,NRSA 2324 Water Chemistry,Method detection limit of dissolved organic carbon,COLUMN,,,,Single metadata definition,waterchem,1,1
2324,waterchem_DOC_NARS_COMMENT,DOC_NARS_COMMENT,Water Chemistry,NRSA 2324 Water Chemistry,Comment to explain NARS_FLAG for dissolved organic carbon,COLUMN,,,,Single metadata definition,waterchem,1,1
2324,waterchem_DOC_NARS_FLAG,DOC_NARS_FLAG,Water Chemistry,NRSA 2324 Water Chemistry,"NARS flag translated from QA flag by lab: Dissolved Organic Carbon. ND = Non-detect, L = Estimated, Q = Quality-related issue, S = Shipping time exceedence, H = Holding time exceedence, NR = No lab result for analyte",COLUMN,,,,Single metadata definition,waterchem,1,1
2324,waterchem_DOC_QA_FLAG,DOC_QA_FLAG,Water Chemistry,NRSA 2324 Water Chemistry,QA flag assigned by lab: dissolved organic carbon,COLUMN,,,,Single metadata definition,waterchem,1,1
2324,waterchem_DOC_RESULT,DOC_RESULT,Water Chemistry,NRSA 2324 Water Chemistry,Analyte value: dissolved organic carbon,COLUMN,,,,Single metadata definition,waterchem,1,1
2324,waterchem_DOC_RL,DOC_RL,Water Chemistry,NRSA 2324 Water Chemistry,Method Reporting Limit: Dissolved Organic Carbon,COLUMN,,,,Single metadata definition,waterchem,1,1
2324,waterchem_DOC_UNITS,DOC_UNITS,Water Chemistry,NRSA 2324 Water Chemistry,Units of measurement: dissolved organic carbon,COLUMN,,,,Single metadata definition,waterchem,1,1
2324,waterchem_LAB,LAB,Water Chemistry,NRSA 2324 Water Chemistry,Laboratory processing sample,COLUMN,,,,Single metadata definition,waterchem,6,1
2324,waterchem_MAGNESIUM_BATCH_ID,MAGNESIUM_BATCH_ID,Water Chemistry,NRSA 2324 Water Chemistry,Laboratory Batch ID for Magnesium,COLUMN,,,,Single metadata definition,waterchem,1,1
2324,waterchem_MAGNESIUM_DATE_ANALYZED,MAGNESIUM_DATE_ANALYZED,Water Chemistry,NRSA 2324 Water Chemistry,Date sample analyzed for analyte: magnesium,COLUMN,,,,Single metadata definition,waterchem,1,1
2324,waterchem_MAGNESIUM_DILUTION_FACTOR,MAGNESIUM_DILUTION_FACTOR,Water Chemistry,NRSA 2324 Water Chemistry,Factor used to correct results based on dilution of sample by lab: Magnesium,COLUMN,,,,Single metadata definition,waterchem,1,1
2324,waterchem_MAGNESIUM_HOLDING_TIME,MAGNESIUM_HOLDING_TIME,Water Chemistry,NRSA 2324 Water Chemistry,Time from sampling to analysis (days): magnesium,COLUMN,,,,Single metadata definition,waterchem,1,1
2324,waterchem_MAGNESIUM_MDL,MAGNESIUM_MDL,Water Chemistry,NRSA 2324 Water Chemistry,Method detection limit of magnesium,COLUMN,,,,Single metadata definition,waterchem,1,1
2324,waterchem_MAGNESIUM_NARS_FLAG,MAGNESIUM_NARS_FLAG,Water Chemistry,NRSA 2324 Water Chemistry,"NARS flag translated from QA flag by lab: Magnesium. ND = Non-detect, L = Estimated, Q = Quality-related issue, S = Shipping time exceedence, H = Holding time exceedence, NR = No lab result for analyte",COLUMN,,,,Single metadata definition,waterchem,1,1
2324,waterchem_MAGNESIUM_QA_FLAG,MAGNESIUM_QA_FLAG,Water Chemistry,NRSA 2324 Water Chemistry,QA flag assigned by lab: magnesium,COLUMN,,,,Single metadata definition,waterchem,1,1
2324,waterchem_MAGNESIUM_RESULT,MAGNESIUM_RESULT,Water Chemistry,NRSA 2324 Water Chemistry,Analyte value: magnesium,COLUMN,,,,Single metadata definition,waterchem,1,1
2324,waterchem_MAGNESIUM_RL,MAGNESIUM_RL,Water Chemistry,NRSA 2324 Water Chemistry,Method Reporting Limit: Magnesium,COLUMN,,,,Single metadata definition,waterchem,1,1
2324,waterchem_MAGNESIUM_UNITS,MAGNESIUM_UNITS,Water Chemistry,NRSA 2324 Water Chemistry,Units of measurement: magnesium,COLUMN,,,,Single metadata definition,waterchem,1,1
2324,waterchem_MATRIX,MATRIX,Water Chemistry,NRSA 2324 Water Chemistry,"Type of sample (e.g., water, sediment, tissue)",COLUMN,,,,Single metadata definition,waterchem,6,1
2324,waterchem_NITRATE_N_BATCH_ID,NITRATE_N_BATCH_ID,Water Chemistry,NRSA 2324 Water Chemistry,Laboratory Batch ID for Nitrate as N,COLUMN,,,,Single metadata definition,waterchem,1,1
2324,waterchem_NITRATE_N_DATE_ANALYZED,NITRATE_N_DATE_ANALYZED,Water Chemistry,NRSA 2324 Water Chemistry,Date sample analyzed for analyte: nitrate,COLUMN,,,,Single metadata definition,waterchem,1,1
2324,waterchem_NITRATE_N_DILUTION_FACTOR,NITRATE_N_DILUTION_FACTOR,Water Chemistry,NRSA 2324 Water Chemistry,Factor used to correct results based on dilution of sample by lab: Nitrate as N,COLUMN,,,,Single metadata definition,waterchem,1,1
2324,waterchem_NITRATE_N_HOLDING_TIME,NITRATE_N_HOLDING_TIME,Water Chemistry,NRSA 2324 Water Chemistry,Time from sampling to analysis (days): nitrate,COLUMN,,,,Single metadata definition,waterchem,1,1
2324,waterchem_NITRATE_N_MDL,NITRATE_N_MDL,Water Chemistry,NRSA 2324 Water Chemistry,Method detection limit of nitrate,COLUMN,,,,Single metadata definition,waterchem,1,1
2324,waterchem_NITRATE_N_NARS_FLAG,NITRATE_N_NARS_FLAG,Water Chemistry,NRSA 2324 Water Chemistry,"NARS flag translated from QA flag by lab: Nitrate as N. ND = Non-detect, L = Estimated, Q = Quality-related issue, S = Shipping time exceedence, H = Holding time exceedence, NR = No lab result for analyte",COLUMN,,,,Single metadata definition,waterchem,1,1
2324,waterchem_NITRATE_N_QA_FLAG,NITRATE_N_QA_FLAG,Water Chemistry,NRSA 2324 Water Chemistry,QA flag assigned by lab: nitrate,COLUMN,,,,Single metadata definition,waterchem,1,1
2324,waterchem_NITRATE_N_RESULT,NITRATE_N_RESULT,Water Chemistry,NRSA 2324 Water Chemistry,Analyte value: nitrate,COLUMN,,,,Single metadata definition,waterchem,1,1
2324,waterchem_NITRATE_N_RL,NITRATE_N_RL,Water Chemistry,NRSA 2324 Water Chemistry,Reporting limit of nitrate,COLUMN,,,,Single metadata definition,waterchem,1,1
2324,waterchem_NITRATE_N_UNITS,NITRATE_N_UNITS,Water Chemistry,NRSA 2324 Water Chemistry,Units of measurement: nitrate,COLUMN,,,,Single metadata definition,waterchem,1,1
2324,waterchem_NITRATE_NITRITE_N_BATCH_ID,NITRATE_NITRITE_N_BATCH_ID,Water Chemistry,NRSA 2324 Water Chemistry,Laboratory Batch ID for Nitrate+Nitrite as N,COLUMN,,,,Single metadata definition,waterchem,1,1
2324,waterchem_NITRATE_NITRITE_N_DATE_ANALYZED,NITRATE_NITRITE_N_DATE_ANALYZED,Water Chemistry,NRSA 2324 Water Chemistry,Date sample analyzed for analyte: Nitrate+Nitrite as N,COLUMN,,,,Single metadata definition,waterchem,1,1
2324,waterchem_NITRATE_NITRITE_N_HOLDING_TIME,NITRATE_NITRITE_N_HOLDING_TIME,Water Chemistry,NRSA 2324 Water Chemistry,Time from sampling to analysis (days): Nitrate+Nitrite as N,COLUMN,,,,Single metadata definition,waterchem,1,1
2324,waterchem_NITRATE_NITRITE_N_MDL,NITRATE_NITRITE_N_MDL,Water Chemistry,NRSA 2324 Water Chemistry,Method detection limit of nitrate-nitrite,COLUMN,,,,Single metadata definition,waterchem,1,1
2324,waterchem_NITRATE_NITRITE_N_NARS_FLAG,NITRATE_NITRITE_N_NARS_FLAG,Water Chemistry,NRSA 2324 Water Chemistry,"Flag assigned by NARS: nitrate-nitrite. ND = Non-detect, L = Estimated, Q = Quality-related issue, S = Shipping time exceedence, H = Holding time exceedence, NR = No lab result for analyte",COLUMN,,,,Single metadata definition,waterchem,1,1
2324,waterchem_NITRATE_NITRITE_N_QA_FLAG,NITRATE_NITRITE_N_QA_FLAG,Water Chemistry,NRSA 2324 Water Chemistry,QA flag assigned by lab: Nitrate+Nitrite as N,COLUMN,,,,Single metadata definition,waterchem,1,1
2324,waterchem_NITRATE_NITRITE_N_RESULT,NITRATE_NITRITE_N_RESULT,Water Chemistry,NRSA 2324 Water Chemistry,Analyte value: nitrate-nitrite,COLUMN,,,,Single metadata definition,waterchem,1,1
2324,waterchem_NITRATE_NITRITE_N_RL,NITRATE_NITRITE_N_RL,Water Chemistry,NRSA 2324 Water Chemistry,Method Reporting Limit: Nitrate+Nitrite as N,COLUMN,,,,Single metadata definition,waterchem,1,1
2324,waterchem_NITRATE_NITRITE_N_UNITS,NITRATE_NITRITE_N_UNITS,Water Chemistry,NRSA 2324 Water Chemistry,Units of measurement: nitrate-nitrite,COLUMN,,,,Single metadata definition,waterchem,1,1
2324,waterchem_NITRITE_N_BATCH_ID,NITRITE_N_BATCH_ID,Water Chemistry,NRSA 2324 Water Chemistry,Laboratory Batch ID for Nitrite as N,COLUMN,,,,Single metadata definition,waterchem,1,1
2324,waterchem_NITRITE_N_DATE_ANALYZED,NITRITE_N_DATE_ANALYZED,Water Chemistry,NRSA 2324 Water Chemistry,Date sample analyzed for analyte: nitrite,COLUMN,,,,Single metadata definition,waterchem,1,1
2324,waterchem_NITRITE_N_DILUTION_FACTOR,NITRITE_N_DILUTION_FACTOR,Water Chemistry,NRSA 2324 Water Chemistry,Factor used to correct results based on dilution of sample by lab: Nitrite as N,COLUMN,,,,Single metadata definition,waterchem,1,1
2324,waterchem_NITRITE_N_HOLDING_TIME,NITRITE_N_HOLDING_TIME,Water Chemistry,NRSA 2324 Water Chemistry,Time from sampling to analysis (days): nitrite,COLUMN,,,,Single metadata definition,waterchem,1,1
2324,waterchem_NITRITE_N_MDL,NITRITE_N_MDL,Water Chemistry,NRSA 2324 Water Chemistry,Method detection limit of nitrite,COLUMN,,,,Single metadata definition,waterchem,1,1
2324,waterchem_NITRITE_N_NARS_FLAG,NITRITE_N_NARS_FLAG,Water Chemistry,NRSA 2324 Water Chemistry,"NARS flag translated from QA flag by lab: Nitrite as N. ND = Non-detect, L = Estimated, Q = Quality-related issue, S = Shipping time exceedence, H = Holding time exceedence, NR = No lab result for analyte",COLUMN,,,,Single metadata definition,waterchem,1,1
2324,waterchem_NITRITE_N_QA_FLAG,NITRITE_N_QA_FLAG,Water Chemistry,NRSA 2324 Water Chemistry,QA flag assigned by lab: nitrite,COLUMN,,,,Single metadata definition,waterchem,1,1
2324,waterchem_NITRITE_N_RESULT,NITRITE_N_RESULT,Water Chemistry,NRSA 2324 Water Chemistry,Analyte value: nitrite,COLUMN,,,,Single metadata definition,waterchem,1,1
2324,waterchem_NITRITE_N_RL,NITRITE_N_RL,Water Chemistry,NRSA 2324 Water Chemistry,Method Reporting Limit: Nitrite as N,COLUMN,,,,Single metadata definition,waterchem,1,1
2324,waterchem_NITRITE_N_UNITS,NITRITE_N_UNITS,Water Chemistry,NRSA 2324 Water Chemistry,Units of measurement: nitrite,COLUMN,,,,Single metadata definition,waterchem,1,1
2324,waterchem_NTL_BATCH_ID,NTL_BATCH_ID,Water Chemistry,NRSA 2324 Water Chemistry,Lab batch id - Total nitrogen,COLUMN,,,,Single metadata definition,waterchem,1,1
2324,waterchem_NTL_DATE_ANALYZED,NTL_DATE_ANALYZED,Water Chemistry,NRSA 2324 Water Chemistry,Date of lab analysis - Total nitrogen,COLUMN,,,,Single metadata definition,waterchem,1,1
2324,waterchem_NTL_DILUTION_FACTOR,NTL_DILUTION_FACTOR,Water Chemistry,NRSA 2324 Water Chemistry,Factor used to correct results based on dilution of sample by lab: Total nitrogen,COLUMN,,,,Single metadata definition,waterchem,1,1
2324,waterchem_NTL_HOLDING_TIME,NTL_HOLDING_TIME,Water Chemistry,NRSA 2324 Water Chemistry,Holding time (days) - Total nitrogen,COLUMN,,,,Single metadata definition,waterchem,1,1
2324,waterchem_NTL_MDL,NTL_MDL,Water Chemistry,NRSA 2324 Water Chemistry,Method Detection Limit: Total Nitrogen,COLUMN,,,,Single metadata definition,waterchem,1,1
2324,waterchem_NTL_NARS_FLAG,NTL_NARS_FLAG,Water Chemistry,NRSA 2324 Water Chemistry,"NARS flag translated from QA flag by lab: Total Nitrogen. ND = Non-detect, L = Estimated, Q = Quality-related issue, S = Shipping time exceedence, H = Holding time exceedence, NR = No lab result for analyte",COLUMN,,,,Single metadata definition,waterchem,1,1
2324,waterchem_NTL_QA_FLAG,NTL_QA_FLAG,Water Chemistry,NRSA 2324 Water Chemistry,QA flag assigned by lab: Total Nitrogen,COLUMN,,,,Single metadata definition,waterchem,1,1
2324,waterchem_NTL_RESULT,NTL_RESULT,Water Chemistry,NRSA 2324 Water Chemistry,Total Nitrogen,COLUMN,,,,Single metadata definition,waterchem,1,1
2324,waterchem_NTL_RL,NTL_RL,Water Chemistry,NRSA 2324 Water Chemistry,Method Reporting Limit: Total Nitrogen,COLUMN,,,,Single metadata definition,waterchem,1,1
2324,waterchem_NTL_UNITS,NTL_UNITS,Water Chemistry,NRSA 2324 Water Chemistry,Units - Total nitrogen,COLUMN,,,,Single metadata definition,waterchem,1,1
2324,waterchem_PH_BATCH_ID,PH_BATCH_ID,Water Chemistry,NRSA 2324 Water Chemistry,Laboratory Batch ID for pH,COLUMN,,,,Single metadata definition,waterchem,1,1
2324,waterchem_PH_DATE_ANALYZED,PH_DATE_ANALYZED,Water Chemistry,NRSA 2324 Water Chemistry,Date sample analyzed for analyte: pH,COLUMN,,,,Single metadata definition,waterchem,1,1
2324,waterchem_PH_HOLDING_TIME,PH_HOLDING_TIME,Water Chemistry,NRSA 2324 Water Chemistry,Time from sampling to analysis (days): pH,COLUMN,,,,Single metadata definition,waterchem,1,1
2324,waterchem_PH_NARS_FLAG,PH_NARS_FLAG,Water Chemistry,NRSA 2324 Water Chemistry,"NARS flag translated from QA flag by lab: pH. ND = Non-detect, L = Estimated, Q = Quality-related issue, S = Shipping time exceedence, H = Holding time exceedence, NR = No lab result for analyte",COLUMN,,,,Single metadata definition,waterchem,1,1
2324,waterchem_PH_QA_FLAG,PH_QA_FLAG,Water Chemistry,NRSA 2324 Water Chemistry,QA flag assigned by lab: pH,COLUMN,,,,Single metadata definition,waterchem,1,1
2324,waterchem_PH_RESULT,PH_RESULT,Water Chemistry,NRSA 2324 Water Chemistry,Analyte value: pH,COLUMN,,,,Single metadata definition,waterchem,1,1
2324,waterchem_PH_UNITS,PH_UNITS,Water Chemistry,NRSA 2324 Water Chemistry,Units of measurement: pH,COLUMN,,,,Single metadata definition,waterchem,1,1
2324,waterchem_POTASSIUM_BATCH_ID,POTASSIUM_BATCH_ID,Water Chemistry,NRSA 2324 Water Chemistry,Laboratory Batch ID for Potassium,COLUMN,,,,Single metadata definition,waterchem,1,1
2324,waterchem_POTASSIUM_DATE_ANALYZED,POTASSIUM_DATE_ANALYZED,Water Chemistry,NRSA 2324 Water Chemistry,Date sample analyzed for analyte: potassium,COLUMN,,,,Single metadata definition,waterchem,1,1
2324,waterchem_POTASSIUM_DILUTION_FACTOR,POTASSIUM_DILUTION_FACTOR,Water Chemistry,NRSA 2324 Water Chemistry,Factor used to correct results based on dilution of sample by lab: Potassium,COLUMN,,,,Single metadata definition,waterchem,1,1
2324,waterchem_POTASSIUM_HOLDING_TIME,POTASSIUM_HOLDING_TIME,Water Chemistry,NRSA 2324 Water Chemistry,Time from sampling to analysis (days): potassium,COLUMN,,,,Single metadata definition,waterchem,1,1
2324,waterchem_POTASSIUM_MDL,POTASSIUM_MDL,Water Chemistry,NRSA 2324 Water Chemistry,Method detection limit of potassium,COLUMN,,,,Single metadata definition,waterchem,1,1
2324,waterchem_POTASSIUM_NARS_FLAG,POTASSIUM_NARS_FLAG,Water Chemistry,NRSA 2324 Water Chemistry,"NARS flag translated from QA flag by lab: Potassium. ND = Non-detect, L = Estimated, Q = Quality-related issue, S = Shipping time exceedence, H = Holding time exceedence, NR = No lab result for analyte",COLUMN,,,,Single metadata definition,waterchem,1,1
2324,waterchem_POTASSIUM_QA_FLAG,POTASSIUM_QA_FLAG,Water Chemistry,NRSA 2324 Water Chemistry,QA flag assigned by lab: potassium,COLUMN,,,,Single metadata definition,waterchem,1,1
2324,waterchem_POTASSIUM_RESULT,POTASSIUM_RESULT,Water Chemistry,NRSA 2324 Water Chemistry,Analyte value: potassium,COLUMN,,,,Single metadata definition,waterchem,1,1
2324,waterchem_POTASSIUM_RL,POTASSIUM_RL,Water Chemistry,NRSA 2324 Water Chemistry,Reporting limit of potassium,COLUMN,,,,Single metadata definition,waterchem,1,1
2324,waterchem_POTASSIUM_UNITS,POTASSIUM_UNITS,Water Chemistry,NRSA 2324 Water Chemistry,Units of measurement: potassium,COLUMN,,,,Single metadata definition,waterchem,1,1
2324,waterchem_PSTL_CODE,PSTL_CODE,Water Chemistry,NRSA 2324 Water Chemistry,"State two letter postal code for site sampled. 50 state postal codes plus AS, MP, GU, PR, VI for American Samoa, Commonwealth of Northern Marianas, Guam, Puerto Rico and Virgin Islands. No missing or \blank\"" values allowed.""",DESIGN,,,,Single metadata definition,waterchem,15,1
2324,waterchem_PTL_BATCH_ID,PTL_BATCH_ID,Water Chemistry,NRSA 2324 Water Chemistry,Lab batch id - Total phosphorus,COLUMN,,,,Single metadata definition,waterchem,1,1
2324,waterchem_PTL_DATE_ANALYZED,PTL_DATE_ANALYZED,Water Chemistry,NRSA 2324 Water Chemistry,Date of lab analysis - Total phosphorus,COLUMN,,,,Single metadata definition,waterchem,1,1
2324,waterchem_PTL_DILUTION_FACTOR,PTL_DILUTION_FACTOR,Water Chemistry,NRSA 2324 Water Chemistry,Factor used to correct results based on dilution of sample by lab: Total Phosphorus,COLUMN,,,,Single metadata definition,waterchem,1,1
2324,waterchem_PTL_HOLDING_TIME,PTL_HOLDING_TIME,Water Chemistry,NRSA 2324 Water Chemistry,Holding time (days) - Total phosphorus,COLUMN,,,,Single metadata definition,waterchem,1,1
2324,waterchem_PTL_MDL,PTL_MDL,Water Chemistry,NRSA 2324 Water Chemistry,Method Detection Limit: Total Phosphorus,COLUMN,,,,Single metadata definition,waterchem,1,1
2324,waterchem_PTL_NARS_FLAG,PTL_NARS_FLAG,Water Chemistry,NRSA 2324 Water Chemistry,"NARS flag translated from QA flag by lab: Total Phosphorus. ND = Non-detect, L = Estimated, Q = Quality-related issue, S = Shipping time exceedence, H = Holding time exceedence, NR = No lab result for analyte",COLUMN,,,,Single metadata definition,waterchem,1,1
2324,waterchem_PTL_QA_FLAG,PTL_QA_FLAG,Water Chemistry,NRSA 2324 Water Chemistry,QA flag assigned by lab: Total Phosphorus,COLUMN,,,,Single metadata definition,waterchem,1,1
2324,waterchem_PTL_RESULT,PTL_RESULT,Water Chemistry,NRSA 2324 Water Chemistry,Total Phosphorus,COLUMN,,,,Single metadata definition,waterchem,1,1
2324,waterchem_PTL_RL,PTL_RL,Water Chemistry,NRSA 2324 Water Chemistry,Method Reporting Limit: Total Phosphorus,COLUMN,,,,Single metadata definition,waterchem,1,1
2324,waterchem_PTL_UNITS,PTL_UNITS,Water Chemistry,NRSA 2324 Water Chemistry,Units - Total phosphorus,COLUMN,,,,Single metadata definition,waterchem,1,1
2324,waterchem_PUBLICATION_DATE,PUBLICATION_DATE,Water Chemistry,NRSA 2324 Water Chemistry,Date of data file publication,COLUMN,,,,Single metadata definition,waterchem,16,1
2324,waterchem_SAM_CODE,SAM_CODE,Water Chemistry,NRSA 2324 Water Chemistry,"Sample code (e.g., regular, lab duplicate, lab split)",COLUMN,,,,Single metadata definition,waterchem,6,1
2324,waterchem_SILICA_BATCH_ID,SILICA_BATCH_ID,Water Chemistry,NRSA 2324 Water Chemistry,Laboratory Batch ID for Silica,COLUMN,,,,Single metadata definition,waterchem,1,1
2324,waterchem_SILICA_DATE_ANALYZED,SILICA_DATE_ANALYZED,Water Chemistry,NRSA 2324 Water Chemistry,Date sample analyzed for analyte: silica,COLUMN,,,,Single metadata definition,waterchem,1,1
2324,waterchem_SILICA_DILUTION_FACTOR,SILICA_DILUTION_FACTOR,Water Chemistry,NRSA 2324 Water Chemistry,Factor used to correct results based on dilution of sample by lab: Silica,COLUMN,,,,Single metadata definition,waterchem,1,1
2324,waterchem_SILICA_HOLDING_TIME,SILICA_HOLDING_TIME,Water Chemistry,NRSA 2324 Water Chemistry,Time from sampling to analysis (days): silica,COLUMN,,,,Single metadata definition,waterchem,1,1
2324,waterchem_SILICA_MDL,SILICA_MDL,Water Chemistry,NRSA 2324 Water Chemistry,Method detection limit of silica,COLUMN,,,,Single metadata definition,waterchem,1,1
2324,waterchem_SILICA_NARS_FLAG,SILICA_NARS_FLAG,Water Chemistry,NRSA 2324 Water Chemistry,"NARS flag translated from QA flag by lab: Silica. ND = Non-detect, L = Estimated, Q = Quality-related issue, S = Shipping time exceedence, H = Holding time exceedence, NR = No lab result for analyte",COLUMN,,,,Single metadata definition,waterchem,1,1
2324,waterchem_SILICA_QA_FLAG,SILICA_QA_FLAG,Water Chemistry,NRSA 2324 Water Chemistry,QA flag assigned by lab: silica,COLUMN,,,,Single metadata definition,waterchem,1,1
2324,waterchem_SILICA_RESULT,SILICA_RESULT,Water Chemistry,NRSA 2324 Water Chemistry,Analyte value: silica,COLUMN,,,,Single metadata definition,waterchem,1,1
2324,waterchem_SILICA_RL,SILICA_RL,Water Chemistry,NRSA 2324 Water Chemistry,Method Reporting Limit: Silica,COLUMN,,,,Single metadata definition,waterchem,1,1
2324,waterchem_SILICA_UNITS,SILICA_UNITS,Water Chemistry,NRSA 2324 Water Chemistry,Units of measurement: silica,COLUMN,,,,Single metadata definition,waterchem,1,1
2324,waterchem_SITE_ID,SITE_ID,Water Chemistry,NRSA 2324 Water Chemistry,"Site ID for the study and year sampled. Preferred form is NRSnn_MM-xxxxx where nn is current cycle year (04, 08, 13, 18, etc), MM is two letter state code, and xxxxx is between 10001 and 99999. No missing or \blank\"" values allowed.""",DESIGN,,,,Single metadata definition,waterchem,15,1
2324,waterchem_SODIUM_BATCH_ID,SODIUM_BATCH_ID,Water Chemistry,NRSA 2324 Water Chemistry,Laboratory Batch ID for Sodium,COLUMN,,,,Single metadata definition,waterchem,1,1
2324,waterchem_SODIUM_DATE_ANALYZED,SODIUM_DATE_ANALYZED,Water Chemistry,NRSA 2324 Water Chemistry,Date sample analyzed for analyte: sodium,COLUMN,,,,Single metadata definition,waterchem,1,1
2324,waterchem_SODIUM_DILUTION_FACTOR,SODIUM_DILUTION_FACTOR,Water Chemistry,NRSA 2324 Water Chemistry,Factor used to correct results based on dilution of sample by lab: Sodium,COLUMN,,,,Single metadata definition,waterchem,1,1
2324,waterchem_SODIUM_HOLDING_TIME,SODIUM_HOLDING_TIME,Water Chemistry,NRSA 2324 Water Chemistry,Time from sampling to analysis (days): sodium,COLUMN,,,,Single metadata definition,waterchem,1,1
2324,waterchem_SODIUM_MDL,SODIUM_MDL,Water Chemistry,NRSA 2324 Water Chemistry,Method detection limit of sodium,COLUMN,,,,Single metadata definition,waterchem,1,1
2324,waterchem_SODIUM_NARS_FLAG,SODIUM_NARS_FLAG,Water Chemistry,NRSA 2324 Water Chemistry,"NARS flag translated from QA flag by lab: Sodium. ND = Non-detect, L = Estimated, Q = Quality-related issue, S = Shipping time exceedence, H = Holding time exceedence, NR = No lab result for analyte",COLUMN,,,,Single metadata definition,waterchem,1,1
2324,waterchem_SODIUM_QA_FLAG,SODIUM_QA_FLAG,Water Chemistry,NRSA 2324 Water Chemistry,QA flag assigned by lab: sodium,COLUMN,,,,Single metadata definition,waterchem,1,1
2324,waterchem_SODIUM_RESULT,SODIUM_RESULT,Water Chemistry,NRSA 2324 Water Chemistry,Analyte value: sodium,COLUMN,,,,Single metadata definition,waterchem,1,1
2324,waterchem_SODIUM_RL,SODIUM_RL,Water Chemistry,NRSA 2324 Water Chemistry,Method Reporting Limit: Sodium,COLUMN,,,,Single metadata definition,waterchem,1,1
2324,waterchem_SODIUM_UNITS,SODIUM_UNITS,Water Chemistry,NRSA 2324 Water Chemistry,Units of measurement: sodium,COLUMN,,,,Single metadata definition,waterchem,1,1
2324,waterchem_SULFATE_BATCH_ID,SULFATE_BATCH_ID,Water Chemistry,NRSA 2324 Water Chemistry,Laboratory Batch ID for Sulfate,COLUMN,,,,Single metadata definition,waterchem,1,1
2324,waterchem_SULFATE_DATE_ANALYZED,SULFATE_DATE_ANALYZED,Water Chemistry,NRSA 2324 Water Chemistry,Date sample analyzed for analyte: sulfate,COLUMN,,,,Single metadata definition,waterchem,1,1
2324,waterchem_SULFATE_DILUTION_FACTOR,SULFATE_DILUTION_FACTOR,Water Chemistry,NRSA 2324 Water Chemistry,Factor used to correct results based on dilution of sample by lab: Sulfate,COLUMN,,,,Single metadata definition,waterchem,1,1
2324,waterchem_SULFATE_HOLDING_TIME,SULFATE_HOLDING_TIME,Water Chemistry,NRSA 2324 Water Chemistry,Time from sampling to analysis (days): sulfate,COLUMN,,,,Single metadata definition,waterchem,1,1
2324,waterchem_SULFATE_MDL,SULFATE_MDL,Water Chemistry,NRSA 2324 Water Chemistry,Method detection limit of sulfate,COLUMN,,,,Single metadata definition,waterchem,1,1
2324,waterchem_SULFATE_NARS_FLAG,SULFATE_NARS_FLAG,Water Chemistry,NRSA 2324 Water Chemistry,"NARS flag translated from QA flag by lab: Sulfate. ND = Non-detect, L = Estimated, Q = Quality-related issue, S = Shipping time exceedence, H = Holding time exceedence, NR = No lab result for analyte",COLUMN,,,,Single metadata definition,waterchem,1,1
2324,waterchem_SULFATE_QA_FLAG,SULFATE_QA_FLAG,Water Chemistry,NRSA 2324 Water Chemistry,QA flag assigned by lab: sulfate,COLUMN,,,,Single metadata definition,waterchem,1,1
2324,waterchem_SULFATE_RESULT,SULFATE_RESULT,Water Chemistry,NRSA 2324 Water Chemistry,Analyte value: sulfate,COLUMN,,,,Single metadata definition,waterchem,1,1
2324,waterchem_SULFATE_RL,SULFATE_RL,Water Chemistry,NRSA 2324 Water Chemistry,Method Reporting Limit: Sulfate,COLUMN,,,,Single metadata definition,waterchem,1,1
2324,waterchem_SULFATE_UNITS,SULFATE_UNITS,Water Chemistry,NRSA 2324 Water Chemistry,Units of measurement: sulfate,COLUMN,,,,Single metadata definition,waterchem,1,1
2324,waterchem_TSS_BATCH_ID,TSS_BATCH_ID,Water Chemistry,NRSA 2324 Water Chemistry,Laboratory Batch ID for Total Suspended Solids,COLUMN,,,,Single metadata definition,waterchem,1,1
2324,waterchem_TSS_DATE_ANALYZED,TSS_DATE_ANALYZED,Water Chemistry,NRSA 2324 Water Chemistry,Date sample analyzed for analyte: Total Suspended Solids,COLUMN,,,,Single metadata definition,waterchem,1,1
2324,waterchem_TSS_HOLDING_TIME,TSS_HOLDING_TIME,Water Chemistry,NRSA 2324 Water Chemistry,Time from sampling to analysis (days): Total Suspended Solids,COLUMN,,,,Single metadata definition,waterchem,1,1
2324,waterchem_TSS_MDL,TSS_MDL,Water Chemistry,NRSA 2324 Water Chemistry,Method Detection Limit: Total Suspended Solids,COLUMN,,,,Single metadata definition,waterchem,1,1
2324,waterchem_TSS_NARS_FLAG,TSS_NARS_FLAG,Water Chemistry,NRSA 2324 Water Chemistry,"NARS flag translated from QA flag by lab: Total Suspended Solids. ND = Non-detect, L = Estimated, Q = Quality-related issue, S = Shipping time exceedence, H = Holding time exceedence, NR = No lab result for analyte",COLUMN,,,,Single metadata definition,waterchem,1,1
2324,waterchem_TSS_QA_FLAG,TSS_QA_FLAG,Water Chemistry,NRSA 2324 Water Chemistry,QA flag assigned by lab: Total Suspended Solids,COLUMN,,,,Single metadata definition,waterchem,1,1
2324,waterchem_TSS_RESULT,TSS_RESULT,Water Chemistry,NRSA 2324 Water Chemistry,Total Suspended Solids,COLUMN,,,,Single metadata definition,waterchem,1,1
2324,waterchem_TSS_RL,TSS_RL,Water Chemistry,NRSA 2324 Water Chemistry,Method Reporting Limit: Total Suspended Solids,COLUMN,,,,Single metadata definition,waterchem,1,1
2324,waterchem_TSS_UNITS,TSS_UNITS,Water Chemistry,NRSA 2324 Water Chemistry,Units for Total Suspended Solids,COLUMN,,,,Single metadata definition,waterchem,1,1
2324,waterchem_TURB_BATCH_ID,TURB_BATCH_ID,Water Chemistry,NRSA 2324 Water Chemistry,Laboratory Batch ID for Turbidity,COLUMN,,,,Single metadata definition,waterchem,1,1
2324,waterchem_TURB_DATE_ANALYZED,TURB_DATE_ANALYZED,Water Chemistry,NRSA 2324 Water Chemistry,Date sample analyzed for analyte: turbidity,COLUMN,,,,Single metadata definition,waterchem,1,1
2324,waterchem_TURB_DILUTION_FACTOR,TURB_DILUTION_FACTOR,Water Chemistry,NRSA 2324 Water Chemistry,Factor used to correct results based on dilution of sample by lab: Turbidity,COLUMN,,,,Single metadata definition,waterchem,1,1
2324,waterchem_TURB_HOLDING_TIME,TURB_HOLDING_TIME,Water Chemistry,NRSA 2324 Water Chemistry,Time from sampling to analysis (days): turbidity,COLUMN,,,,Single metadata definition,waterchem,1,1
2324,waterchem_TURB_MDL,TURB_MDL,Water Chemistry,NRSA 2324 Water Chemistry,Method Detection Limit: Turbidity,COLUMN,,,,Single metadata definition,waterchem,1,1
2324,waterchem_TURB_NARS_FLAG,TURB_NARS_FLAG,Water Chemistry,NRSA 2324 Water Chemistry,"NARS flag translated from QA flag by lab: Turbidity. ND = Non-detect, L = Estimated, Q = Quality-related issue, S = Shipping time exceedence, H = Holding time exceedence, NR = No lab result for analyte",COLUMN,,,,Single metadata definition,waterchem,1,1
2324,waterchem_TURB_QA_FLAG,TURB_QA_FLAG,Water Chemistry,NRSA 2324 Water Chemistry,QA flag assigned by lab: turbidity,COLUMN,,,,Single metadata definition,waterchem,1,1
2324,waterchem_TURB_RESULT,TURB_RESULT,Water Chemistry,NRSA 2324 Water Chemistry,Analyte value: turbidity,COLUMN,,,,Single metadata definition,waterchem,1,1
2324,waterchem_TURB_RL,TURB_RL,Water Chemistry,NRSA 2324 Water Chemistry,Method Reporting Limit: Turbidity,COLUMN,,,,Single metadata definition,waterchem,1,1
2324,waterchem_TURB_UNITS,TURB_UNITS,Water Chemistry,NRSA 2324 Water Chemistry,Units of measurement: turbidity,COLUMN,,,,Single metadata definition,waterchem,1,1
2324,waterchem_UID,UID,Water Chemistry,NRSA 2324 Water Chemistry,Unique site visit ID,COLUMN,,,,Single metadata definition,waterchem,15,1
2324,waterchem_UNIQUE_ID,UNIQUE_ID,Water Chemistry,NRSA 2324 Water Chemistry,Unique site ID based on location that does not depend on year sampled or any other factor. Form is NRS_ss_nnnnn where ss state and nnnnn is number that starts at 10001. No missing values allowed.,COLUMN,,,,Single metadata definition,waterchem,15,1
2324,waterchem_VISIT_NO,VISIT_NO,Water Chemistry,NRSA 2324 Water Chemistry,Number identifying which visit this is,VERIF,|1|2,,,Single metadata definition,waterchem,15,1
2324,waterchem_WCHL_BATCH_ID,WCHL_BATCH_ID,Water Chemistry,NRSA 2324 Water Chemistry,Lab batch id - Chlorophyll-a as ug/L in water sample,COLUMN,,,,Single metadata definition,waterchem,1,1
2324,waterchem_WCHL_DATE_RECEIVED,WCHL_DATE_RECEIVED,Water Chemistry,NRSA 2324 Water Chemistry,Date sample received by laboratory: Chlorophyll a,COLUMN,,,,Single metadata definition,waterchem,1,1
2324,waterchem_WCHL_LAB_SAMPLE_ID,WCHL_LAB_SAMPLE_ID,Water Chemistry,NRSA 2324 Water Chemistry,Lab Sample ID: Chlorophyll a,COLUMN,,,,Single metadata definition,waterchem,1,1
2324,waterchem_WCHL_NARS_FLAG,WCHL_NARS_FLAG,Water Chemistry,NRSA 2324 Water Chemistry,"NARS flag translated from QA flag by lab: Chlorophyll a. ND = Non-detect, L = Estimated, Q = Quality-related issue, S = Shipping time exceedence, H = Holding time exceedence, NR = No lab result for analyte",COLUMN,,,,Single metadata definition,waterchem,1,1
2324,waterchem_WCHL_SAMPLE_ID,WCHL_SAMPLE_ID,Water Chemistry,NRSA 2324 Water Chemistry,Sample identification number: Chlorophyll a,COLUMN,,,,Single metadata definition,waterchem,1,1
2324,waterchem_WCHL_SHIP_FLAG,WCHL_SHIP_FLAG,Water Chemistry,NRSA 2324 Water Chemistry,Shipping flag associated with water chlorophyll,COLUMN,,,,Single metadata definition,waterchem,1,1
