cycle,database_style_key,epa_short_name,indicator,source_dataset,epa_definition_what_it_measures,definition_source,sample_or_record_type_s,units,legal_values_format,range_low,range_high,definition_status,convenience_prefix,appears_in_count_datasets,metadata_record_count
1314,keyvars_AG_ECO3_NM,AG_ECO3_NM,All / Key Variables,NRSA 1314 Key Variables and Classification Categories,NARS 3-level reporting region Name,2013–2014 EPA metadata,DESIGN,,Text names,,,Single metadata definition,keyvars,2,1
1314,keyvars_AG_ECO9_NM,AG_ECO9_NM,All / Key Variables,NRSA 1314 Key Variables and Classification Categories,NARS 9-level reporting region Name,2013–2014 EPA metadata,DESIGN,,Text names,,,Single metadata definition,keyvars,7,1
1314,keyvars_ANC,ANC,All / Key Variables,NRSA 1314 Key Variables and Classification Categories,Acid Neutralizing Capacity - MG N/L,2013–2014 EPA metadata,CHEM,,,,,Single metadata definition,keyvars,2,1
1314,keyvars_ANC_COND,ANC_COND,All / Key Variables,NRSA 1314 Key Variables and Classification Categories,Site condition class based on acidity,2013–2014 EPA metadata,CHEM,,None|Episodic|ACID-AMD|ACID-aciddep|ACID-organic|No Data,,,Single metadata definition,keyvars,1,1
1314,keyvars_BEDSED_COND,BEDSED_COND,All / Key Variables,NRSA 1314 Key Variables and Classification Categories,"Bed sediment condition, based on log relative bed stability (LRBS_use)",2013–2014 EPA metadata,PHAB,,Good|Fair|Poor|Not Assessed,,,Single metadata definition,keyvars,1,1
1314,keyvars_BENT_MMI_COND,BENT_MMI_COND,All / Key Variables,NRSA 1314 Key Variables and Classification Categories,Condition class based on benthic MMI score,2013–2014 EPA metadata,BERW | BETB,,Good|Fair|Poor|Not Assessed,,,Same label appears for multiple sample/record types,keyvars,1,2
1314,keyvars_COND,COND,All / Key Variables,NRSA 1314 Key Variables and Classification Categories,Conductivity - US/CM AT 25 C,2013–2014 EPA metadata,CHEM,,,,,Single metadata definition,keyvars,1,1
1314,keyvars_DATE_COL,DATE_COL,All / Key Variables,NRSA 1314 Key Variables and Classification Categories,Date of data collection in field,2013–2014 EPA metadata,VERIF,,,,,Same label appears for multiple sample/record types,keyvars,14,2
1314,keyvars_DOC,DOC,All / Key Variables,NRSA 1314 Key Variables and Classification Categories,Dissolved Organic Carbon - MG/L,2013–2014 EPA metadata,CHEM,,,,,Single metadata definition,keyvars,2,1
1314,keyvars_ENT_1X_CCE_100ML,ENT_1X_CCE_100ML,All / Key Variables,NRSA 1314 Key Variables and Classification Categories,"Estimated enterococci CCE / 100 mL of water sample volume from ORD analysis of undiluted DNA extracts and CCE / extract calculations from EPA Method 1609 calculation spreadsheet. CCE are based on 15:1 calibrator target sequence equivalent (CSE) to CCE ratio established for RWQC guideline values. CCE / extract was multiplied by 100 ÷ filtered sample volume to obtain final estimate /100 ml. ""QC fail"" denotes analysis results that did not meet Method 1609 control assay acceptance criteria.",2013–2014 EPA metadata,ENTE,,,,,Single metadata definition,keyvars,2,1
1314,keyvars_ENT_1X_STV_COND,ENT_1X_STV_COND,All / Key Variables,NRSA 1314 Key Variables and Classification Categories,Estimated enterococci CCE / 100 mL of water sample volume from ORD analyses of undiluted DNA extract and calculations from EPA Method 1609 calculation spreadsheet exceeds (1) or is less than (0) RWQC STV value of 1280 CCE/100 mL.,2013–2014 EPA metadata,ENTE,,,,,Single metadata definition,keyvars,1,1
1314,keyvars_EPA_REG,EPA_REG,All / Key Variables,NRSA 1314 Key Variables and Classification Categories,EPA Region,2013–2014 EPA metadata,DESIGN,,Region_1 | Region_2 | Region_3 | Region_4 | Region_5 | Region_6 | Region_7 | Region_8 | Region_9 | Region_10,,,Single metadata definition,keyvars,2,1
1314,keyvars_FISH_MMI_COND,FISH_MMI_COND,All / Key Variables,NRSA 1314 Key Variables and Classification Categories,"Fish assemblage condition, based on regional Fish MMI.",2013–2014 EPA metadata,FISH,,Good|Fair|Poor|Not Assessed|Insufficient Sampling|No Data,,,Single metadata definition,keyvars,1,1
1314,keyvars_FS_EW,FS_EW,All / Key Variables,NRSA 1314 Key Variables and Classification Categories,Eastern or western US Forest Service land,2013–2014 EPA metadata,DESIGN,,East | West | blank if not US Forest Service land,,,Single metadata definition,keyvars,2,1
1314,keyvars_HG_COND,HG_COND,All / Key Variables,NRSA 1314 Key Variables and Classification Categories,Site condition class based on mercury concentration in fish tissue,2013–2014 EPA metadata,FPLG,,Does Not Exceed 300 mg Hg/g ww|Exceeds 300 mg Hg/g ww|No Data|Not Assessed|No Sample Collected,,,Single metadata definition,keyvars,1,1
1314,keyvars_INSTRMCVR_COND,INSTRMCVR_COND,All / Key Variables,NRSA 1314 Key Variables and Classification Categories,"Instream cover condition, based in log natural fish cover (L_XFC_NAT)",2013–2014 EPA metadata,PHAB,,Good|Fair|Poor|Not Assessed,,,Single metadata definition,keyvars,1,1
1314,keyvars_L_XCMGW,L_XCMGW,All / Key Variables,NRSA 1314 Key Variables and Classification Categories,Log10(XCMGW + 0.01,2013–2014 EPA metadata,PHAB,,,,,Single metadata definition,keyvars,2,1
1314,keyvars_L_XFC_NAT,L_XFC_NAT,All / Key Variables,NRSA 1314 Key Variables and Classification Categories,Log10(XFC_NAT + 0.01),2013–2014 EPA metadata,PHAB,,,,,Single metadata definition,keyvars,2,1
1314,keyvars_LAT_DD83,LAT_DD83,All / Key Variables,NRSA 1314 Key Variables and Classification Categories,Latitude (based on NAD83 datum) for stream site from NHD-based sample frame. | Latitude in decimal degrees NAD83,2013–2014 EPA metadata,DESIGN | LANDSCAPE,,Numeric,,,Multiple protocol-specific labels — see Metadata Detail,keyvars,8,2
1314,keyvars_LON_DD83,LON_DD83,All / Key Variables,NRSA 1314 Key Variables and Classification Categories,Longitude (based on NAD83 datum) for stream site from NHD-based sample frame. | Longitude in decimal degrees NAD83,2013–2014 EPA metadata,DESIGN | LANDSCAPE,,Numeric,,,Multiple protocol-specific labels — see Metadata Detail,keyvars,8,2
1314,keyvars_LRBS_USE,LRBS_USE,All / Key Variables,NRSA 1314 Key Variables and Classification Categories,"Log relative bed stability to use in assessing BEDSED_COND, filled in from other variables as needed",2013–2014 EPA metadata,PHAB,,,,,Single metadata definition,keyvars,2,1
1314,keyvars_MAJ_BAS_NM,MAJ_BAS_NM,All / Key Variables,NRSA 1314 Key Variables and Classification Categories,Major USGS Hydrologic Basins derived from NHDPlus Names,2013–2014 EPA metadata,DESIGN,,Text of 16 basin names,,,Single metadata definition,keyvars,2,1
1314,keyvars_MERCURY_COMMENT,MERCURY_COMMENT,All / Key Variables,NRSA 1314 Key Variables and Classification Categories,Comment to indicate reason mercury data not used in assessment,2013–2014 EPA metadata,FPLG | FPLL,,,,,Same label appears for multiple sample/record types,keyvars,2,2
1314,keyvars_MERCURY_DATA_FLAG,MERCURY_DATA_FLAG,All / Key Variables,NRSA 1314 Key Variables and Classification Categories,Laboratory or OW flag of result for Mercury,2013–2014 EPA metadata,FPLG | FPLL,,,,,Same label appears for multiple sample/record types,keyvars,2,2
1314,keyvars_MERCURY_FLAG,MERCURY_FLAG,All / Key Variables,NRSA 1314 Key Variables and Classification Categories,NARS flag for analyte Mercury,2013–2014 EPA metadata,,,,,,Single metadata definition,keyvars,2,1
1314,keyvars_MERCURY_MDL,MERCURY_MDL,All / Key Variables,NRSA 1314 Key Variables and Classification Categories,Minimum Detection Limit for Mercury in Fish Tissue - NG/G,2013–2014 EPA metadata,FPLG,,,,,Single metadata definition,keyvars,2,1
1314,keyvars_MERCURY_RESULT,MERCURY_RESULT,All / Key Variables,NRSA 1314 Key Variables and Classification Categories,Result for Mercury in Fish Tissue - NG/G,2013–2014 EPA metadata,FPLG,,,,,Single metadata definition,keyvars,2,1
1314,keyvars_MERCURY_RL,MERCURY_RL,All / Key Variables,NRSA 1314 Key Variables and Classification Categories,Reporting Limit for Mercury in Fish Tissue - NG/G,2013–2014 EPA metadata,FPLG,,,,,Single metadata definition,keyvars,2,1
1314,keyvars_MICX_COND,MICX_COND,All / Key Variables,NRSA 1314 Key Variables and Classification Categories,Microcystin condition class,2013–2014 EPA metadata,MICX,,<= 8 ug/L|> 8 ug/L|Not Detected,,,Single metadata definition,keyvars,1,1
1314,keyvars_MICX_FLAG,MICX_FLAG,All / Key Variables,NRSA 1314 Key Variables and Classification Categories,NARS flag for analyte Microcystin,2013–2014 EPA metadata,,,,,,Single metadata definition,keyvars,2,1
1314,keyvars_MICX_MDL,MICX_MDL,All / Key Variables,NRSA 1314 Key Variables and Classification Categories,Minimum Detection Limit for Microcystin - UG/L,2013–2014 EPA metadata,MICX,,,,,Single metadata definition,keyvars,2,1
1314,keyvars_MICX_RESULT,MICX_RESULT,All / Key Variables,NRSA 1314 Key Variables and Classification Categories,Result for Microcystin - UG/L,2013–2014 EPA metadata,MICX,,,,,Single metadata definition,keyvars,2,1
1314,keyvars_MICX_RL,MICX_RL,All / Key Variables,NRSA 1314 Key Variables and Classification Categories,Reporting Limit for Microcystin - UG/L,2013–2014 EPA metadata,MICX,,,,,Single metadata definition,keyvars,2,1
1314,keyvars_MISS_BASIN_NM,MISS_BASIN_NM,All / Key Variables,NRSA 1314 Key Variables and Classification Categories,Mississippi basin name,2013–2014 EPA metadata,DESIGN,,Ohio Region|Tennessee Region|Upper Mississippi Region|Lower Mississippi Region|Lower Missouri Region|Upper Missouri Region|Arkansas-White-Red Region,,,Single metadata definition,keyvars,2,1
1314,keyvars_MMI_BENT,MMI_BENT,All / Key Variables,NRSA 1314 Key Variables and Classification Categories,Benthic MMI score,2013–2014 EPA metadata,BERW | BETB,,Good|Fair|Poor|Not Assessed,0.0,100.0,Same label appears for multiple sample/record types,keyvars,2,2
1314,keyvars_MMI_FISH,MMI_FISH,All / Key Variables,NRSA 1314 Key Variables and Classification Categories,Traditional MMI watershed adjusted value for MMI_FISH,2013–2014 EPA metadata,FISH,,,,,Single metadata definition,keyvars,2,1
1314,keyvars_NARS_OWN,NARS_OWN,All / Key Variables,NRSA 1314 Key Variables and Classification Categories,Land ownership category used by NARS,2013–2014 EPA metadata,DESIGN,,Text of 13 land ownership category names,,,Single metadata definition,keyvars,2,1
1314,keyvars_NRS13_EVAL,NRS13_EVAL,All / Key Variables,NRSA 1314 Key Variables and Classification Categories,NRSA 2013/14 site evaluation result.,2013–2014 EPA metadata,DESIGN,,Text,,,Single metadata definition,keyvars,2,1
1314,keyvars_NRS13_MDC,NRS13_MDC,All / Key Variables,NRSA 1314 Key Variables and Classification Categories,Multi-density categories used in NRSA 2013/14 survey design within a stratum,2013–2014 EPA metadata,DESIGN,,Text,,,Single metadata definition,keyvars,2,1
1314,keyvars_NRS13_PNL,NRS13_PNL,All / Key Variables,NRSA 1314 Key Variables and Classification Categories,NRSA 2013/14 Panel Assignment,2013–2014 EPA metadata,DESIGN,,"Text that has form NRSnn_mmXXXn_YYYY, where nn is current cycle year (07, 12, 17, etc), mm is cycle year stream site was first selected for sampling, XXXn denotes revisit status, and YYYY denotes base or over sample status. XXXN equals either RVT2 (if site should be visited twice in current cycle year) or RVT (if site should be visited once in current cycle and was previously visited in a prior cycle year) and is blank otherwise. YYYY is either blank (if the stream site is a base site) or equals OverSamp (if the stream site is an over sample site). Note: For state specific designs, state two letter code is added.",,,Single metadata definition,keyvars,2,1
1314,keyvars_NRS13_SF,NRS13_SF,All / Key Variables,NRSA 1314 Key Variables and Classification Categories,Lake included/excluded from NRSA 2013/14 survey design,2013–2014 EPA metadata,DESIGN,,Exclude|Include | Not Present Blank values are not allowed or NA for missing,,,Single metadata definition,keyvars,2,1
1314,keyvars_NRS13_STRA,NRS13_STRA,All / Key Variables,NRSA 1314 Key Variables and Classification Categories,Strata used in NRSA 2013/14 survey design,2013–2014 EPA metadata,DESIGN,,Text,,,Single metadata definition,keyvars,2,1
1314,keyvars_NRS13_TNT,NRS13_TNT,All / Key Variables,NRSA 1314 Key Variables and Classification Categories,NRS 2013/14 target status assigned based on stream site evaluation for use in national assessments.,2013–2014 EPA metadata,DESIGN,,Target | Target_Presumed |Uncertain | Non_Target | Not_Needed | blank,,,Single metadata definition,keyvars,2,1
1314,keyvars_NRS13_URBN,NRS13_URBN,All / Key Variables,NRSA 1314 Key Variables and Classification Categories,Stream site identified as an urban or non-urban stream. Source: https://www.census.gov/geo/maps-data/data/cbf/cbf_ua.html. Used 2015 Urban Areas cartographic boundaries shapefile,2013–2014 EPA metadata,DESIGN,,NonUrban|Urban,,,Single metadata definition,keyvars,2,1
1314,keyvars_NRS13_VST,NRS13_VST,All / Key Variables,NRSA 1314 Key Variables and Classification Categories,Number of times NRSA 2013/14 site was actually sampled in 2013/14,2013–2014 EPA metadata,DESIGN,,Zero | One | Two Blank is site not evaluated,,,Single metadata definition,keyvars,2,1
1314,keyvars_NTL_COND,NTL_COND,All / Key Variables,NRSA 1314 Key Variables and Classification Categories,Site condition class based on total nitrogen concentration,2013–2014 EPA metadata,CHEM,,Good|Fair|Poor|No Data,,,Single metadata definition,keyvars,1,1
1314,keyvars_NTL_UG_L,NTL_UG_L,All / Key Variables,NRSA 1314 Key Variables and Classification Categories,Total Nitrogen - UG N/L,2013–2014 EPA metadata,CHEM,,,,,Single metadata definition,keyvars,2,1
1314,keyvars_OE_COND,OE_COND,All / Key Variables,NRSA 1314 Key Variables and Classification Categories,Condition class based on O/E score,2013–2014 EPA metadata,BERW | BETB,,<0.5|<0.8|<0.9|>=0.9,,,Same label appears for multiple sample/record types,keyvars,1,2
1314,keyvars_OE_SCORE,OE_SCORE,All / Key Variables,NRSA 1314 Key Variables and Classification Categories,O/E score for benthic sample,2013–2014 EPA metadata,BERW | BETB,,,0.0,,Same label appears for multiple sample/record types,keyvars,2,2
1314,keyvars_PH,PH,All / Key Variables,NRSA 1314 Key Variables and Classification Categories,pH - STD. UNITS | PH,2013–2014 EPA metadata,CHEM | FIELDMEAS,,,1.0,14.0,Multiple protocol-specific labels — see Metadata Detail,keyvars,2,2
1314,keyvars_PTL,PTL,All / Key Variables,NRSA 1314 Key Variables and Classification Categories,Total Phosphorus - UG/L,2013–2014 EPA metadata,CHEM,,,,,Single metadata definition,keyvars,2,1
1314,keyvars_PTL_COND,PTL_COND,All / Key Variables,NRSA 1314 Key Variables and Classification Categories,Site condition class based on total phosphorus concentration,2013–2014 EPA metadata,CHEM,,Good|Fair|Poor|No Data,,,Single metadata definition,keyvars,1,1
1314,keyvars_PUBLICATION_DATE,PUBLICATION_DATE,All / Key Variables,NRSA 1314 Key Variables and Classification Categories,Date of data file publication,2013–2014 EPA metadata,,,,,,Single metadata definition,keyvars,9,1
1314,keyvars_RIPDIST_COND,RIPDIST_COND,All / Key Variables,NRSA 1314 Key Variables and Classification Categories,"Riparian disturbance condition, based on W1_HALL",2013–2014 EPA metadata,PHAB,,Low|Medium|High|Not Assessed,,,Single metadata definition,keyvars,1,1
1314,keyvars_RIPVEG_COND,RIPVEG_COND,All / Key Variables,NRSA 1314 Key Variables and Classification Categories,"Riparian vegetation condition, based on L_XCMGW",2013–2014 EPA metadata,PHAB,,Good|Fair|Poor|Not Assessed,,,Single metadata definition,keyvars,1,1
1314,keyvars_SAL_COND,SAL_COND,All / Key Variables,NRSA 1314 Key Variables and Classification Categories,Site condition class based on conductivity,2013–2014 EPA metadata,CHEM,,Good|Fair|Poor|No Data,,,Single metadata definition,keyvars,1,1
1314,keyvars_SITE_ID,SITE_ID,All / Key Variables,NRSA 1314 Key Variables and Classification Categories,Site ID | Unique Site ID assigned for NRSA13-14 | NRSA site id as used on sample label,2013–2014 EPA metadata,LANDSCAPE | PERI | VERIF,,,,,Multiple protocol-specific labels — see Metadata Detail,keyvars,14,4
1314,keyvars_STRAH_CAT,STRAH_CAT,All / Key Variables,NRSA 1314 Key Variables and Classification Categories,Strahler category used to classify reaches. RiversMajor (5th and higher) RiversOther (5th and higher) LargeStreams (3rd and 4th) SmallStreams (1st and 2nd),2013–2014 EPA metadata,DESIGN,,RiversMajor | RiversOther | LargeStreams | SmallStreams,,,Single metadata definition,keyvars,2,1
1314,keyvars_UID,UID,All / Key Variables,NRSA 1314 Key Variables and Classification Categories,Unique site visit ID,2013–2014 EPA metadata,,,,,,Single metadata definition,keyvars,15,1
1314,keyvars_VISIT_NO,VISIT_NO,All / Key Variables,NRSA 1314 Key Variables and Classification Categories,Number identifying which visit this is,2013–2014 EPA metadata,VERIF,,|1|2,,,Same label appears for multiple sample/record types,keyvars,14,2
1314,keyvars_W1_HALL,W1_HALL,All / Key Variables,NRSA 1314 Key Variables and Classification Categories,Human Disturbance Index(distance-wtd tally of types and presence used for condition | Human Disturbance Index(distance-wtd tally of types and presence,2013–2014 EPA metadata,PHAB | PHab boatable: human disturbance | PHab wadeable: human disturbance,,,,,Multiple protocol-specific labels — see Metadata Detail,keyvars,4,3
1314,keyvars_WGT_EXT_SP,WGT_EXT_SP,All / Key Variables,NRSA 1314 Key Variables and Classification Categories,Length of sampled streams represented by site in km,2013–2014 EPA metadata,DESIGN,,,,,Single metadata definition,keyvars,2,1
1314,keyvars_XCOORD,XCOORD,All / Key Variables,NRSA 1314 Key Variables and Classification Categories,x-coordinate from US Contiguous Albers Equal Area Conic projection EXCEPT Hawaii sites which are calculated from Hawaii Albers Equal Area Conic projection,2013–2014 EPA metadata,DESIGN,,Numeric,,,Single metadata definition,keyvars,2,1
1314,keyvars_YCOORD,YCOORD,All / Key Variables,NRSA 1314 Key Variables and Classification Categories,y-coordinate from US Contiguous Albers Equal Area Conic projection EXCEPT Hawaii sites which are calculated from Hawaii Albers Equal Area Conic projection,2013–2014 EPA metadata,DESIGN,,Numeric,,,Single metadata definition,keyvars,2,1
1314,keyvars_YEAR,YEAR,All / Key Variables,NRSA 1314 Key Variables and Classification Categories,Year of site visit.,2013–2014 EPA metadata,VERIF,,,2015.0,2013.0,Single metadata definition,keyvars,7,1
1314,algaltox_DATE_COL,DATE_COL,Algal Toxin,NRSA 1314 Microcystin,Date of data collection in field,2013–2014 EPA metadata,VERIF,,,,,Single metadata definition,algaltox,14,1
1314,algaltox_INDEX_VISIT,INDEX_VISIT,Algal Toxin,NRSA 1314 Microcystin,Index visit Y/blank,2013–2014 EPA metadata,VERIF,,,,,Single metadata definition,algaltox,10,1
1314,algaltox_MICX_FLAG,MICX_FLAG,Algal Toxin,NRSA 1314 Microcystin,Flag assigned to associated comment for Microcystin - UG/L,2013–2014 EPA metadata,MICX,,,,,Single metadata definition,algaltox,2,1
1314,algaltox_MICX_MDL,MICX_MDL,Algal Toxin,NRSA 1314 Microcystin,Minimum Detection Limit for Microcystin - UG/L,2013–2014 EPA metadata,MICX,,,,,Single metadata definition,algaltox,2,1
1314,algaltox_MICX_RESULT,MICX_RESULT,Algal Toxin,NRSA 1314 Microcystin,Result for Microcystin - UG/L | Value of associated parameter for Microcystin - UG/L,2013–2014 EPA metadata,MICX,,,,,Multiple protocol-specific labels — see Metadata Detail,algaltox,2,2
1314,algaltox_MICX_RL,MICX_RL,Algal Toxin,NRSA 1314 Microcystin,Reporting Limit for Microcystin - UG/L,2013–2014 EPA metadata,MICX,,,,,Single metadata definition,algaltox,2,1
1314,algaltox_SITE_ID,SITE_ID,Algal Toxin,NRSA 1314 Microcystin,"Site ID for the study and year sampled. Preferred form is NRSnn_MM-xxxxx where nn is current cycle year (04, 08, 13, 18, etc), MM is two letter state code, and xxxxx is between 10001 and 99999. Text. No missing values allowed. | Unique Site ID assigned for NRSA13-14 | Site ID",2013–2014 EPA metadata,DESIGN | LANDSCAPE | VERIF,,,,,Multiple protocol-specific labels — see Metadata Detail,algaltox,14,3
1314,algaltox_UID,UID,Algal Toxin,NRSA 1314 Microcystin,Unique site visit ID,2013–2014 EPA metadata,,,,,,Single metadata definition,algaltox,15,1
1314,algaltox_VISIT_NO,VISIT_NO,Algal Toxin,NRSA 1314 Microcystin,Number identifying which visit this is,2013–2014 EPA metadata,VERIF,,|1|2,,,Single metadata definition,algaltox,14,1
1314,algaltox_YEAR,YEAR,Algal Toxin,NRSA 1314 Microcystin,Year of sampling,2013–2014 EPA metadata,VERIF,,,,,Single metadata definition,algaltox,7,1
1314,benthic_mmi_AG_ECO9_NM,AG_ECO9_NM,Benthic Macroinvertebrates,NRSA 1314 Benthic Macroinvertebrate MMI,NARS 9-level reporting region Name | NARS 9-level reporting region name Text names. No missing values allowed.,2013–2014 EPA metadata,DESIGN,,Text names,,,Multiple protocol-specific labels — see Metadata Detail,benthic_mmi,7,2
1314,benthic_mmi_COMP_PT,COMP_PT,Benthic Macroinvertebrates,NRSA 1314 Benthic Macroinvertebrate MMI,Metric score for composition metric,2013–2014 EPA metadata,BERW | BETB,,Good|Fair|Poor|Not Assessed,0.0,10.0,Same label appears for multiple sample/record types,benthic_mmi,1,2
1314,benthic_mmi_DATE_COL,DATE_COL,Benthic Macroinvertebrates,NRSA 1314 Benthic Macroinvertebrate MMI,Date of data collection in field,2013–2014 EPA metadata,VERIF,,,,,Single metadata definition,benthic_mmi,14,1
1314,benthic_mmi_DIVS_PT,DIVS_PT,Benthic Macroinvertebrates,NRSA 1314 Benthic Macroinvertebrate MMI,Metric score for diversity metric,2013–2014 EPA metadata,BERW | BETB,,Good|Fair|Poor|Not Assessed,0.0,10.0,Same label appears for multiple sample/record types,benthic_mmi,1,2
1314,benthic_mmi_FEED_PT,FEED_PT,Benthic Macroinvertebrates,NRSA 1314 Benthic Macroinvertebrate MMI,Metric score for functional feeding group,2013–2014 EPA metadata,BERW | BETB,,Good|Fair|Poor|Not Assessed,0.0,10.0,Same label appears for multiple sample/record types,benthic_mmi,1,2
1314,benthic_mmi_HABT_PT,HABT_PT,Benthic Macroinvertebrates,NRSA 1314 Benthic Macroinvertebrate MMI,Metric score for habit,2013–2014 EPA metadata,BERW | BETB,,Good|Fair|Poor|Not Assessed,0.0,10.0,Same label appears for multiple sample/record types,benthic_mmi,1,2
1314,benthic_mmi_INDEX_VISIT,INDEX_VISIT,Benthic Macroinvertebrates,NRSA 1314 Benthic Macroinvertebrate MMI,Index visit Y/blank,2013–2014 EPA metadata,VERIF,,,,,Single metadata definition,benthic_mmi,10,1
1314,benthic_mmi_LAT_DD83,LAT_DD83,Benthic Macroinvertebrates,NRSA 1314 Benthic Macroinvertebrate MMI,Latitude (based on NAD83 datum) for stream site from NHD-based sample frame. | Latitude (based on NAD83 datum) for stream site from NHDPlusV2 Numeric. No missing values allowed.,2013–2014 EPA metadata,DESIGN,,Numeric,,,Multiple protocol-specific labels — see Metadata Detail,benthic_mmi,8,2
1314,benthic_mmi_LON_DD83,LON_DD83,Benthic Macroinvertebrates,NRSA 1314 Benthic Macroinvertebrate MMI,Longitude (based on NAD83 datum) for stream site from NHD-based sample frame. | Longitude (based on NAD83 datum) for stream site from NHDPlusV2 Numeric. No missing values allowed.,2013–2014 EPA metadata,DESIGN,,Numeric,,,Multiple protocol-specific labels — see Metadata Detail,benthic_mmi,8,2
1314,benthic_mmi_METRIC_TAXA_ROOT,METRIC_TAXA_ROOT,Benthic Macroinvertebrates,NRSA 1314 Benthic Macroinvertebrate MMI,"Taxonomic level used in calculation of metrics: WSA=taxonomic aggregation used in WSA-based NRSA MMI,LOWEST=NRSA target taxonomic level",2013–2014 EPA metadata,,,,,,Same label appears for multiple sample/record types,benthic_mmi,2,3
1314,benthic_mmi_MMI_BENT,MMI_BENT,Benthic Macroinvertebrates,NRSA 1314 Benthic Macroinvertebrate MMI,Benthic MMI score,2013–2014 EPA metadata,BERW | BETB,,Good|Fair|Poor|Not Assessed,0.0,100.0,Same label appears for multiple sample/record types,benthic_mmi,2,2
1314,benthic_mmi_OE_SCORE,OE_SCORE,Benthic Macroinvertebrates,NRSA 1314 Benthic Macroinvertebrate MMI,O/E score for benthic sample,2013–2014 EPA metadata,BERW | BETB,,,0.0,,Same label appears for multiple sample/record types,benthic_mmi,2,2
1314,benthic_mmi_PSTL_CODE,PSTL_CODE,Benthic Macroinvertebrates,NRSA 1314 Benthic Macroinvertebrate MMI,"State two-letter postal code | State two letter postal code 50 state postal codes plus AS, MP, GU, PR, VI for American Samoa, Commonwealth of Northern Marianas, Guam, Puerto Rico and Virgin Islands. No missing values allowed.",2013–2014 EPA metadata,DESIGN,,,,,Multiple protocol-specific labels — see Metadata Detail,benthic_mmi,7,2
1314,benthic_mmi_PUBLICATION_DATE,PUBLICATION_DATE,Benthic Macroinvertebrates,NRSA 1314 Benthic Macroinvertebrate MMI,Date of data file publication,2013–2014 EPA metadata,,,,,,Same label appears for multiple sample/record types,benthic_mmi,9,3
1314,benthic_mmi_RICH_PT,RICH_PT,Benthic Macroinvertebrates,NRSA 1314 Benthic Macroinvertebrate MMI,Metric score for taxa richness,2013–2014 EPA metadata,BERW | BETB,,Good|Fair|Poor|Not Assessed,0.0,10.0,Same label appears for multiple sample/record types,benthic_mmi,1,2
1314,benthic_mmi_SAMPLE_TYPE,SAMPLE_TYPE,Benthic Macroinvertebrates,NRSA 1314 Benthic Macroinvertebrate MMI,Sample type,2013–2014 EPA metadata,,,,,,Same label appears for multiple sample/record types,benthic_mmi,4,3
1314,benthic_mmi_SITE_ID,SITE_ID,Benthic Macroinvertebrates,NRSA 1314 Benthic Macroinvertebrate MMI,"Site ID for the study and year sampled. Preferred form is NRSnn_MM-xxxxx where nn is current cycle year (04, 08, 13, 18, etc), MM is two letter state code, and xxxxx is between 10001 and 99999. Text. No missing values allowed. | Site ID",2013–2014 EPA metadata,DESIGN | VERIF,,,,,Multiple protocol-specific labels — see Metadata Detail,benthic_mmi,14,2
1314,benthic_mmi_SITETYPE,SITETYPE,Benthic Macroinvertebrates,NRSA 1314 Benthic Macroinvertebrate MMI,"Site type (Probability-based or hand-picked). PROB for sites from probability survey. Usually HAND for hand-picked sites. In EMAP West and WSA, STARHAND is used to identify hand-picked sites that do not have all CORE indicators available. | Site type (Probability-based or hand-picked)",2013–2014 EPA metadata,DESIGN,,PROB | HAND,,,Multiple protocol-specific labels — see Metadata Detail,benthic_mmi,10,2
1314,benthic_mmi_TOLR_PT,TOLR_PT,Benthic Macroinvertebrates,NRSA 1314 Benthic Macroinvertebrate MMI,Metric score for tolerance metric,2013–2014 EPA metadata,BERW | BETB,,Good|Fair|Poor|Not Assessed,0.0,10.0,Same label appears for multiple sample/record types,benthic_mmi,1,2
1314,benthic_mmi_UID,UID,Benthic Macroinvertebrates,NRSA 1314 Benthic Macroinvertebrate MMI,Unique site visit ID,2013–2014 EPA metadata,,,,,,Same label appears for multiple sample/record types,benthic_mmi,15,3
1314,benthic_mmi_VISIT_NO,VISIT_NO,Benthic Macroinvertebrates,NRSA 1314 Benthic Macroinvertebrate MMI,Number identifying which visit this is,2013–2014 EPA metadata,VERIF,,|1|2,,,Single metadata definition,benthic_mmi,14,1
1314,benthic_taxa_CLASS,CLASS,Benthic Macroinvertebrates,NRSA 1314 Benthic Taxa List,Class of taxon,2013–2014 EPA metadata,TAXA: Invertebrates,,,,,Single metadata definition,benthic_taxa,2,1
1314,benthic_taxa_FAMILY,FAMILY,Benthic Macroinvertebrates,NRSA 1314 Benthic Taxa List,Family of taxon,2013–2014 EPA metadata,TAXA: Invertebrates,,,,,Single metadata definition,benthic_taxa,3,1
1314,benthic_taxa_FFG,FFG,Benthic Macroinvertebrates,NRSA 1314 Benthic Taxa List,"Functional feeding group used in metric calculations;Collector-filterer(CF),Collector-gatherer(CG),Parasite(PA),Piercer(PI),Scraper(SC),Shredder(SH)",2013–2014 EPA metadata,TAXA: Invertebrates,,,,,Single metadata definition,benthic_taxa,1,1
1314,benthic_taxa_FFG_WSA,FFG_WSA,Benthic Macroinvertebrates,NRSA 1314 Benthic Taxa List,"Functional feeding group assignment used in WSA-based metrics;Collector-filterer(CF),Collector-gatherer(CG),Parasite(PA),Piercer(PI),Scraper(SC),Shredder(SH)",2013–2014 EPA metadata,TAXA: Invertebrates,,,,,Single metadata definition,benthic_taxa,1,1
1314,benthic_taxa_GENUS,GENUS,Benthic Macroinvertebrates,NRSA 1314 Benthic Taxa List,Genus of taxon,2013–2014 EPA metadata,TAXA: Invertebrates,,,,,Single metadata definition,benthic_taxa,3,1
1314,benthic_taxa_HABIT,HABIT,Benthic Macroinvertebrates,NRSA 1314 Benthic Taxa List,"Habit used in metric calculations;Burrower(BU),Climber(CB),Clinger(CN),Diver(DV),Planktonic(PK),Skater(SK),Sprawler(SP),Swimmer(SW)",2013–2014 EPA metadata,TAXA: Invertebrates,,,,,Single metadata definition,benthic_taxa,1,1
1314,benthic_taxa_HABIT_WSA,HABIT_WSA,Benthic Macroinvertebrates,NRSA 1314 Benthic Taxa List,"Habit group assignment used in WSA-based metrics;Burrower(BU),Climber(CB),Clinger(CN),Diver(DV),Planktonic(PK),Skater(SK),Sprawler(SP),Swimmer(SW)",2013–2014 EPA metadata,TAXA: Invertebrates,,,,,Single metadata definition,benthic_taxa,1,1
1314,benthic_taxa_ITISTSN,ITISTSN,Benthic Macroinvertebrates,NRSA 1314 Benthic Taxa List,Taxonomic Serial Number assigned by IT IS,2013–2014 EPA metadata,TAXA: Invertebrates,,,,,Single metadata definition,benthic_taxa,2,1
1314,benthic_taxa_NON_TARGET,NON_TARGET,Benthic Macroinvertebrates,NRSA 1314 Benthic Taxa List,Operational taxon unit for NRSA O/E,2013–2014 EPA metadata,TAXA: Invertebrates,,,,,Single metadata definition,benthic_taxa,1,1
1314,benthic_taxa_ORDER,ORDER,Benthic Macroinvertebrates,NRSA 1314 Benthic Taxa List,Order of taxon,2013–2014 EPA metadata,TAXA: Invertebrates,,,,,Single metadata definition,benthic_taxa,2,1
1314,benthic_taxa_OTU_NRSA,OTU_NRSA,Benthic Macroinvertebrates,NRSA 1314 Benthic Taxa List,Family name,2013–2014 EPA metadata,TAXA: Invertebrates,,,,,Single metadata definition,benthic_taxa,1,1
1314,benthic_taxa_PHYLUM,PHYLUM,Benthic Macroinvertebrates,NRSA 1314 Benthic Taxa List,Phylum of taxon,2013–2014 EPA metadata,TAXA: Invertebrates,,,,,Single metadata definition,benthic_taxa,2,1
1314,benthic_taxa_PTV,PTV,Benthic Macroinvertebrates,NRSA 1314 Benthic Taxa List,Pollution tolerance value as assigned for NWSA,2013–2014 EPA metadata,TAXA: Invertebrates,,,,,Single metadata definition,benthic_taxa,1,1
1314,benthic_taxa_PTV_WSA,PTV_WSA,Benthic Macroinvertebrates,NRSA 1314 Benthic Taxa List,Pollution tolerance value used in WSA-based metrics,2013–2014 EPA metadata,TAXA: Invertebrates,,,,,Single metadata definition,benthic_taxa,1,1
1314,benthic_taxa_PUBLICATION_DATE,PUBLICATION_DATE,Benthic Macroinvertebrates,NRSA 1314 Benthic Taxa List,Date of data file publication,2013–2014 EPA metadata,,,,,,Same label appears for multiple sample/record types,benthic_taxa,9,3
1314,benthic_taxa_SUBFAMILY,SUBFAMILY,Benthic Macroinvertebrates,NRSA 1314 Benthic Taxa List,Subfamily of taxon,2013–2014 EPA metadata,TAXA: Invertebrates,,,,,Single metadata definition,benthic_taxa,2,1
1314,benthic_taxa_TARGET_TAXON,TARGET_TAXON,Benthic Macroinvertebrates,NRSA 1314 Benthic Taxa List,TAXANAME AT TARGET HIERARCHICAL TAXONOMIC LEVEL | Name of taxon at target taxon level,2013–2014 EPA metadata,BETB | TAXA: Invertebrates,,,,,Multiple protocol-specific labels — see Metadata Detail,benthic_taxa,2,2
1314,benthic_taxa_TAXA_ID,TAXA_ID,Benthic Macroinvertebrates,NRSA 1314 Benthic Taxa List,Taxonomic ID number,2013–2014 EPA metadata,,,,,,Same label appears for multiple sample/record types,benthic_taxa,2,3
1314,benthic_taxa_TRIBE,TRIBE,Benthic Macroinvertebrates,NRSA 1314 Benthic Taxa List,Tribe of taxon,2013–2014 EPA metadata,TAXA: Invertebrates,,,,,Single metadata definition,benthic_taxa,2,1
1314,benthic_taxa_VOLTINISM,VOLTINISM,Benthic Macroinvertebrates,NRSA 1314 Benthic Taxa List,Voltinism as assigned by USGS,2013–2014 EPA metadata,TAXA: Invertebrates,,,,,Single metadata definition,benthic_taxa,1,1
1314,benthic_count_CLASS,CLASS,Benthic Macroinvertebrates,NRSA 1314 Benthic Macroinvertebrate Count,Class of taxon,2013–2014 EPA metadata,TAXA: Invertebrates,,,,,Single metadata definition,benthic_count,2,1
1314,benthic_count_FAMILY,FAMILY,Benthic Macroinvertebrates,NRSA 1314 Benthic Macroinvertebrate Count,Family of taxon,2013–2014 EPA metadata,TAXA: Invertebrates,,,,,Single metadata definition,benthic_count,3,1
1314,benthic_count_GENUS,GENUS,Benthic Macroinvertebrates,NRSA 1314 Benthic Macroinvertebrate Count,Genus of taxon,2013–2014 EPA metadata,TAXA: Invertebrates,,,,,Single metadata definition,benthic_count,3,1
1314,benthic_count_IS_DISTINCT,IS_DISTINCT,Benthic Macroinvertebrates,NRSA 1314 Benthic Macroinvertebrate Count,Distinctness of taxon within sample,2013–2014 EPA metadata,BETB,,0|1,,,Single metadata definition,benthic_count,2,1
1314,benthic_count_IS_DISTINCT300,IS_DISTINCT300,Benthic Macroinvertebrates,NRSA 1314 Benthic Macroinvertebrate Count,Distinctness in 300 organism subsample,2013–2014 EPA metadata,BETB,,0|1,,,Single metadata definition,benthic_count,1,1
1314,benthic_count_ORDER,ORDER,Benthic Macroinvertebrates,NRSA 1314 Benthic Macroinvertebrate Count,Order of taxon,2013–2014 EPA metadata,TAXA: Invertebrates,,,,,Single metadata definition,benthic_count,2,1
1314,benthic_count_PHYLUM,PHYLUM,Benthic Macroinvertebrates,NRSA 1314 Benthic Macroinvertebrate Count,Phylum of taxon,2013–2014 EPA metadata,TAXA: Invertebrates,,,,,Single metadata definition,benthic_count,2,1
1314,benthic_count_SUBFAMILY,SUBFAMILY,Benthic Macroinvertebrates,NRSA 1314 Benthic Macroinvertebrate Count,Subfamily of taxon,2013–2014 EPA metadata,TAXA: Invertebrates,,,,,Single metadata definition,benthic_count,2,1
1314,benthic_count_TARGET_TAXON,TARGET_TAXON,Benthic Macroinvertebrates,NRSA 1314 Benthic Macroinvertebrate Count,TAXANAME AT TARGET HIERARCHICAL TAXONOMIC LEVEL | Name of taxon at target taxon level,2013–2014 EPA metadata,BETB | TAXA: Invertebrates,,,,,Multiple protocol-specific labels — see Metadata Detail,benthic_count,2,2
1314,benthic_count_TOTAL,TOTAL,Benthic Macroinvertebrates,NRSA 1314 Benthic Macroinvertebrate Count,TOTAL NUMBER OF INDIVIDUALS COUNTED | Total number of individuals sorted for given taxon,2013–2014 EPA metadata,BETB,,,,,Multiple protocol-specific labels — see Metadata Detail,benthic_count,2,2
1314,benthic_count_TOTAL300,TOTAL300,Benthic Macroinvertebrates,NRSA 1314 Benthic Macroinvertebrate Count,Total of given taxon using subsampling.exe for 300 organism subsample,2013–2014 EPA metadata,BETB,,,,,Single metadata definition,benthic_count,1,1
1314,benthic_count_TRIBE,TRIBE,Benthic Macroinvertebrates,NRSA 1314 Benthic Macroinvertebrate Count,Tribe of taxon,2013–2014 EPA metadata,TAXA: Invertebrates,,,,,Single metadata definition,benthic_count,2,1
1314,benthic_metrics_AMPHNIND,AMPHNIND,Benthic Macroinvertebrates,NRSA 1314 Benthic Macroinvertebrate Metrics,Number of Amphipoda individuals in sample,2013–2014 EPA metadata,BERW | BETB,NONE,,,,Same label appears for multiple sample/record types,benthic_metrics,1,2
1314,benthic_metrics_AMPHNTAX,AMPHNTAX,Benthic Macroinvertebrates,NRSA 1314 Benthic Macroinvertebrate Metrics,No. of Amphipoda taxa,2013–2014 EPA metadata,BERW | BETB,NONE,,0.0,,Same label appears for multiple sample/record types,benthic_metrics,1,2
1314,benthic_metrics_AMPHPIND,AMPHPIND,Benthic Macroinvertebrates,NRSA 1314 Benthic Macroinvertebrate Metrics,% Amphipoda individuals,2013–2014 EPA metadata,BERW | BETB,NONE,,0.0,100.0,Same label appears for multiple sample/record types,benthic_metrics,1,2
1314,benthic_metrics_AMPHPTAX,AMPHPTAX,Benthic Macroinvertebrates,NRSA 1314 Benthic Macroinvertebrate Metrics,% Amphipoda taxa,2013–2014 EPA metadata,BERW | BETB,NONE,,0.0,100.0,Same label appears for multiple sample/record types,benthic_metrics,1,2
1314,benthic_metrics_BURRNIND,BURRNIND,Benthic Macroinvertebrates,NRSA 1314 Benthic Macroinvertebrate Metrics,Number of burrower individuals in sample,2013–2014 EPA metadata,BERW | BETB,NONE,,,,Same label appears for multiple sample/record types,benthic_metrics,1,2
1314,benthic_metrics_BURRNTAX,BURRNTAX,Benthic Macroinvertebrates,NRSA 1314 Benthic Macroinvertebrate Metrics,No. of Burrowers taxa,2013–2014 EPA metadata,BERW | BETB,NONE,,0.0,,Same label appears for multiple sample/record types,benthic_metrics,1,2
1314,benthic_metrics_BURRPIND,BURRPIND,Benthic Macroinvertebrates,NRSA 1314 Benthic Macroinvertebrate Metrics,% Burrowers individuals,2013–2014 EPA metadata,BERW | BETB,NONE,,0.0,100.0,Same label appears for multiple sample/record types,benthic_metrics,1,2
1314,benthic_metrics_BURRPTAX,BURRPTAX,Benthic Macroinvertebrates,NRSA 1314 Benthic Macroinvertebrate Metrics,% Burrowers taxa,2013–2014 EPA metadata,BERW | BETB,NONE,,0.0,100.0,Same label appears for multiple sample/record types,benthic_metrics,1,2
1314,benthic_metrics_CHIRDOM1PIND,CHIRDOM1PIND,Benthic Macroinvertebrates,NRSA 1314 Benthic Macroinvertebrate Metrics,% individuals in most abundant distinct Chironomidae taxon,2013–2014 EPA metadata,BERW | BETB,NONE,,0.0,100.0,Same label appears for multiple sample/record types,benthic_metrics,1,2
1314,benthic_metrics_CHIRDOM3PIND,CHIRDOM3PIND,Benthic Macroinvertebrates,NRSA 1314 Benthic Macroinvertebrate Metrics,% individuals in most abundant 3 distinct Chironomidae taxa,2013–2014 EPA metadata,BERW | BETB,NONE,,0.0,100.0,Same label appears for multiple sample/record types,benthic_metrics,1,2
1314,benthic_metrics_CHIRDOM5PIND,CHIRDOM5PIND,Benthic Macroinvertebrates,NRSA 1314 Benthic Macroinvertebrate Metrics,% individuals in most abundant 5 distinct Chironomidae taxa,2013–2014 EPA metadata,BERW | BETB,NONE,,0.0,100.0,Same label appears for multiple sample/record types,benthic_metrics,1,2
1314,benthic_metrics_CHIRNIND,CHIRNIND,Benthic Macroinvertebrates,NRSA 1314 Benthic Macroinvertebrate Metrics,Number of Chironomidae individuals in sample,2013–2014 EPA metadata,BERW | BETB,NONE,,,,Same label appears for multiple sample/record types,benthic_metrics,1,2
1314,benthic_metrics_CHIRNTAX,CHIRNTAX,Benthic Macroinvertebrates,NRSA 1314 Benthic Macroinvertebrate Metrics,No. of Chironomidae taxa,2013–2014 EPA metadata,BERW | BETB,NONE,,0.0,,Same label appears for multiple sample/record types,benthic_metrics,1,2
1314,benthic_metrics_CHIRPIND,CHIRPIND,Benthic Macroinvertebrates,NRSA 1314 Benthic Macroinvertebrate Metrics,% Chironomidae individuals,2013–2014 EPA metadata,BERW | BETB,NONE,,0.0,100.0,Same label appears for multiple sample/record types,benthic_metrics,1,2
1314,benthic_metrics_CHIRPTAX,CHIRPTAX,Benthic Macroinvertebrates,NRSA 1314 Benthic Macroinvertebrate Metrics,% Chironomidae taxa,2013–2014 EPA metadata,BERW | BETB,NONE,,0.0,100.0,Same label appears for multiple sample/record types,benthic_metrics,1,2
1314,benthic_metrics_CLMBNIND,CLMBNIND,Benthic Macroinvertebrates,NRSA 1314 Benthic Macroinvertebrate Metrics,Number of climber individuals in sample,2013–2014 EPA metadata,BERW | BETB,NONE,,,,Same label appears for multiple sample/record types,benthic_metrics,1,2
1314,benthic_metrics_CLMBNTAX,CLMBNTAX,Benthic Macroinvertebrates,NRSA 1314 Benthic Macroinvertebrate Metrics,No. of Climbers taxa,2013–2014 EPA metadata,BERW | BETB,NONE,,0.0,,Same label appears for multiple sample/record types,benthic_metrics,1,2
1314,benthic_metrics_CLMBPIND,CLMBPIND,Benthic Macroinvertebrates,NRSA 1314 Benthic Macroinvertebrate Metrics,% Climbers individuals,2013–2014 EPA metadata,BERW | BETB,NONE,,0.0,100.0,Same label appears for multiple sample/record types,benthic_metrics,1,2
1314,benthic_metrics_CLMBPTAX,CLMBPTAX,Benthic Macroinvertebrates,NRSA 1314 Benthic Macroinvertebrate Metrics,% Climbers taxa,2013–2014 EPA metadata,BERW | BETB,NONE,,0.0,100.0,Same label appears for multiple sample/record types,benthic_metrics,1,2
1314,benthic_metrics_CLNGNIND,CLNGNIND,Benthic Macroinvertebrates,NRSA 1314 Benthic Macroinvertebrate Metrics,Number of clinger individuals in sample,2013–2014 EPA metadata,BERW | BETB,NONE,,,,Same label appears for multiple sample/record types,benthic_metrics,1,2
1314,benthic_metrics_CLNGNTAX,CLNGNTAX,Benthic Macroinvertebrates,NRSA 1314 Benthic Macroinvertebrate Metrics,No. of Clingers taxa,2013–2014 EPA metadata,BERW | BETB,NONE,,0.0,,Same label appears for multiple sample/record types,benthic_metrics,1,2
1314,benthic_metrics_CLNGPIND,CLNGPIND,Benthic Macroinvertebrates,NRSA 1314 Benthic Macroinvertebrate Metrics,% Clingers individuals,2013–2014 EPA metadata,BERW | BETB,NONE,,0.0,100.0,Same label appears for multiple sample/record types,benthic_metrics,1,2
1314,benthic_metrics_CLNGPTAX,CLNGPTAX,Benthic Macroinvertebrates,NRSA 1314 Benthic Macroinvertebrate Metrics,% Clingers taxa,2013–2014 EPA metadata,BERW | BETB,NONE,,0.0,100.0,Same label appears for multiple sample/record types,benthic_metrics,1,2
1314,benthic_metrics_COFININD,COFININD,Benthic Macroinvertebrates,NRSA 1314 Benthic Macroinvertebrate Metrics,Number of collector-filterers individuals in sample,2013–2014 EPA metadata,BERW | BETB,NONE,,,,Same label appears for multiple sample/record types,benthic_metrics,1,2
1314,benthic_metrics_COFINTAX,COFINTAX,Benthic Macroinvertebrates,NRSA 1314 Benthic Macroinvertebrate Metrics,No. of Collecter-filterer taxa,2013–2014 EPA metadata,BERW | BETB,NONE,,0.0,,Same label appears for multiple sample/record types,benthic_metrics,1,2
1314,benthic_metrics_COFIPIND,COFIPIND,Benthic Macroinvertebrates,NRSA 1314 Benthic Macroinvertebrate Metrics,% Collecter-filterer individuals,2013–2014 EPA metadata,BERW | BETB,NONE,,0.0,100.0,Same label appears for multiple sample/record types,benthic_metrics,1,2
1314,benthic_metrics_COFIPTAX,COFIPTAX,Benthic Macroinvertebrates,NRSA 1314 Benthic Macroinvertebrate Metrics,% Collecter-filterer taxa,2013–2014 EPA metadata,BERW | BETB,NONE,,0.0,100.0,Same label appears for multiple sample/record types,benthic_metrics,1,2
1314,benthic_metrics_COFITRICNIND,COFITRICNIND,Benthic Macroinvertebrates,NRSA 1314 Benthic Macroinvertebrate Metrics,Number of collector-filterer Trichoptera individuals in sample,2013–2014 EPA metadata,BERW | BETB,NONE,,,,Same label appears for multiple sample/record types,benthic_metrics,1,2
1314,benthic_metrics_COFITRICNTAX,COFITRICNTAX,Benthic Macroinvertebrates,NRSA 1314 Benthic Macroinvertebrate Metrics,No. of Collector-filterer Trichoptera taxa,2013–2014 EPA metadata,BERW | BETB,NONE,,0.0,,Same label appears for multiple sample/record types,benthic_metrics,1,2
1314,benthic_metrics_COFITRICPIND,COFITRICPIND,Benthic Macroinvertebrates,NRSA 1314 Benthic Macroinvertebrate Metrics,% Collector-filterer Trichoptera individuals,2013–2014 EPA metadata,BERW | BETB,NONE,,0.0,100.0,Same label appears for multiple sample/record types,benthic_metrics,1,2
1314,benthic_metrics_COFITRICPTAX,COFITRICPTAX,Benthic Macroinvertebrates,NRSA 1314 Benthic Macroinvertebrate Metrics,% Collector-filterer Trichoptera taxa,2013–2014 EPA metadata,BERW | BETB,NONE,,0.0,100.0,Same label appears for multiple sample/record types,benthic_metrics,1,2
1314,benthic_metrics_COGANIND,COGANIND,Benthic Macroinvertebrates,NRSA 1314 Benthic Macroinvertebrate Metrics,Number of collector-gatherers individuals in sample,2013–2014 EPA metadata,BERW | BETB,NONE,,,,Same label appears for multiple sample/record types,benthic_metrics,1,2
1314,benthic_metrics_COGANTAX,COGANTAX,Benthic Macroinvertebrates,NRSA 1314 Benthic Macroinvertebrate Metrics,No. of Collecter-gatherer taxa,2013–2014 EPA metadata,BERW | BETB,NONE,,0.0,,Same label appears for multiple sample/record types,benthic_metrics,1,2
1314,benthic_metrics_COGAPIND,COGAPIND,Benthic Macroinvertebrates,NRSA 1314 Benthic Macroinvertebrate Metrics,% Collecter-gatherer individuals,2013–2014 EPA metadata,BERW | BETB,NONE,,0.0,100.0,Same label appears for multiple sample/record types,benthic_metrics,1,2
1314,benthic_metrics_COGAPTAX,COGAPTAX,Benthic Macroinvertebrates,NRSA 1314 Benthic Macroinvertebrate Metrics,% Collecter-gatherer taxa,2013–2014 EPA metadata,BERW | BETB,NONE,,0.0,100.0,Same label appears for multiple sample/record types,benthic_metrics,1,2
1314,benthic_metrics_CRUSNIND,CRUSNIND,Benthic Macroinvertebrates,NRSA 1314 Benthic Macroinvertebrate Metrics,Number of Crustacea individuals in sample,2013–2014 EPA metadata,BERW | BETB,NONE,,,,Same label appears for multiple sample/record types,benthic_metrics,1,2
1314,benthic_metrics_CRUSNTAX,CRUSNTAX,Benthic Macroinvertebrates,NRSA 1314 Benthic Macroinvertebrate Metrics,No. of Crustaceans taxa,2013–2014 EPA metadata,BERW | BETB,NONE,,0.0,,Same label appears for multiple sample/record types,benthic_metrics,1,2
1314,benthic_metrics_CRUSPIND,CRUSPIND,Benthic Macroinvertebrates,NRSA 1314 Benthic Macroinvertebrate Metrics,% Crustaceans individuals,2013–2014 EPA metadata,BERW | BETB,NONE,,0.0,100.0,Same label appears for multiple sample/record types,benthic_metrics,1,2
1314,benthic_metrics_CRUSPTAX,CRUSPTAX,Benthic Macroinvertebrates,NRSA 1314 Benthic Macroinvertebrate Metrics,% Crustaceans taxa,2013–2014 EPA metadata,BERW | BETB,NONE,,0.0,100.0,Same label appears for multiple sample/record types,benthic_metrics,1,2
1314,benthic_metrics_DATE_COL,DATE_COL,Benthic Macroinvertebrates,NRSA 1314 Benthic Macroinvertebrate Metrics,Date of data collection in field,2013–2014 EPA metadata,VERIF,,,,,Same label appears for multiple sample/record types,benthic_metrics,14,3
1314,benthic_metrics_DIPTNIND,DIPTNIND,Benthic Macroinvertebrates,NRSA 1314 Benthic Macroinvertebrate Metrics,Number of Diptera individuals in sample,2013–2014 EPA metadata,BERW | BETB,NONE,,,,Same label appears for multiple sample/record types,benthic_metrics,1,2
1314,benthic_metrics_DIPTNTAX,DIPTNTAX,Benthic Macroinvertebrates,NRSA 1314 Benthic Macroinvertebrate Metrics,No. of Diptera taxa,2013–2014 EPA metadata,BERW | BETB,NONE,,0.0,,Same label appears for multiple sample/record types,benthic_metrics,1,2
1314,benthic_metrics_DIPTPIND,DIPTPIND,Benthic Macroinvertebrates,NRSA 1314 Benthic Macroinvertebrate Metrics,% Diptera individuals,2013–2014 EPA metadata,BERW | BETB,NONE,,0.0,100.0,Same label appears for multiple sample/record types,benthic_metrics,1,2
1314,benthic_metrics_DIPTPTAX,DIPTPTAX,Benthic Macroinvertebrates,NRSA 1314 Benthic Macroinvertebrate Metrics,% Diptera taxa,2013–2014 EPA metadata,BERW | BETB,NONE,,0.0,100.0,Same label appears for multiple sample/record types,benthic_metrics,1,2
1314,benthic_metrics_DOM1PIND,DOM1PIND,Benthic Macroinvertebrates,NRSA 1314 Benthic Macroinvertebrate Metrics,% individuals in dominant distinct taxon,2013–2014 EPA metadata,BERW | BETB,NONE,,0.0,100.0,Same label appears for multiple sample/record types,benthic_metrics,1,2
1314,benthic_metrics_DOM3PIND,DOM3PIND,Benthic Macroinvertebrates,NRSA 1314 Benthic Macroinvertebrate Metrics,% individuals in dominant 3 distinct taxa,2013–2014 EPA metadata,BERW | BETB,NONE,,0.0,100.0,Same label appears for multiple sample/record types,benthic_metrics,1,2
1314,benthic_metrics_DOM5PIND,DOM5PIND,Benthic Macroinvertebrates,NRSA 1314 Benthic Macroinvertebrate Metrics,% individuals in dominant 5 distinct taxa,2013–2014 EPA metadata,BERW | BETB,NONE,,0.0,100.0,Same label appears for multiple sample/record types,benthic_metrics,1,2
1314,benthic_metrics_EPHENIND,EPHENIND,Benthic Macroinvertebrates,NRSA 1314 Benthic Macroinvertebrate Metrics,Number of Ephemeroptera individuals in sample,2013–2014 EPA metadata,BERW | BETB,NONE,,,,Same label appears for multiple sample/record types,benthic_metrics,1,2
1314,benthic_metrics_EPHENTAX,EPHENTAX,Benthic Macroinvertebrates,NRSA 1314 Benthic Macroinvertebrate Metrics,No. of Ephemeroptera taxa,2013–2014 EPA metadata,BERW | BETB,NONE,,0.0,,Same label appears for multiple sample/record types,benthic_metrics,1,2
1314,benthic_metrics_EPHEPIND,EPHEPIND,Benthic Macroinvertebrates,NRSA 1314 Benthic Macroinvertebrate Metrics,% Ephemeroptera individuals,2013–2014 EPA metadata,BERW | BETB,NONE,,0.0,100.0,Same label appears for multiple sample/record types,benthic_metrics,1,2
1314,benthic_metrics_EPHEPTAX,EPHEPTAX,Benthic Macroinvertebrates,NRSA 1314 Benthic Macroinvertebrate Metrics,% Ephemeroptera taxa,2013–2014 EPA metadata,BERW | BETB,NONE,,0.0,100.0,Same label appears for multiple sample/record types,benthic_metrics,1,2
1314,benthic_metrics_EPOTNIND,EPOTNIND,Benthic Macroinvertebrates,NRSA 1314 Benthic Macroinvertebrate Metrics,"Number of Ephemeroptera, Plecoptera, Odonata, and Trichoptera individuals in sample",2013–2014 EPA metadata,BERW | BETB,NONE,,,,Same label appears for multiple sample/record types,benthic_metrics,1,2
1314,benthic_metrics_EPOTNTAX,EPOTNTAX,Benthic Macroinvertebrates,NRSA 1314 Benthic Macroinvertebrate Metrics,"No. of Ephemeroptera, Plecoptera, Odonata, & Trichoptera taxa",2013–2014 EPA metadata,BERW | BETB,NONE,,0.0,,Same label appears for multiple sample/record types,benthic_metrics,1,2
1314,benthic_metrics_EPOTPIND,EPOTPIND,Benthic Macroinvertebrates,NRSA 1314 Benthic Macroinvertebrate Metrics,"% Ephemeroptera, Plecoptera, Odonata, & Trichoptera individuals",2013–2014 EPA metadata,BERW | BETB,NONE,,0.0,100.0,Same label appears for multiple sample/record types,benthic_metrics,1,2
1314,benthic_metrics_EPOTPTAX,EPOTPTAX,Benthic Macroinvertebrates,NRSA 1314 Benthic Macroinvertebrate Metrics,"% Ephemeroptera, Plecoptera, Odonata, & Trichoptera taxa",2013–2014 EPA metadata,BERW | BETB,NONE,,0.0,100.0,Same label appears for multiple sample/record types,benthic_metrics,1,2
1314,benthic_metrics_EPT_NIND,EPT_NIND,Benthic Macroinvertebrates,NRSA 1314 Benthic Macroinvertebrate Metrics,"Number of Ephemeroptera, Plecoptera, and Trichoptera individuals in sample",2013–2014 EPA metadata,BERW | BETB,NONE,,,,Same label appears for multiple sample/record types,benthic_metrics,1,2
1314,benthic_metrics_EPT_NTAX,EPT_NTAX,Benthic Macroinvertebrates,NRSA 1314 Benthic Macroinvertebrate Metrics,No. of EPT taxa,2013–2014 EPA metadata,BERW | BETB,NONE,,0.0,,Same label appears for multiple sample/record types,benthic_metrics,1,2
1314,benthic_metrics_EPT_PIND,EPT_PIND,Benthic Macroinvertebrates,NRSA 1314 Benthic Macroinvertebrate Metrics,% EPT individuals,2013–2014 EPA metadata,BERW | BETB,NONE,,0.0,100.0,Same label appears for multiple sample/record types,benthic_metrics,1,2
1314,benthic_metrics_EPT_PTAX,EPT_PTAX,Benthic Macroinvertebrates,NRSA 1314 Benthic Macroinvertebrate Metrics,% EPT taxa,2013–2014 EPA metadata,BERW | BETB,NONE,,0.0,100.0,Same label appears for multiple sample/record types,benthic_metrics,1,2
1314,benthic_metrics_FACLNIND,FACLNIND,Benthic Macroinvertebrates,NRSA 1314 Benthic Macroinvertebrate Metrics,Number of individuals in sample with tolerance value >3 and <7,2013–2014 EPA metadata,BERW | BETB,NONE,,,,Same label appears for multiple sample/record types,benthic_metrics,1,2
1314,benthic_metrics_FACLNTAX,FACLNTAX,Benthic Macroinvertebrates,NRSA 1314 Benthic Macroinvertebrate Metrics,No. of Facultative (3< PTV <7) taxa,2013–2014 EPA metadata,BERW | BETB,NONE,,0.0,,Same label appears for multiple sample/record types,benthic_metrics,1,2
1314,benthic_metrics_FACLPIND,FACLPIND,Benthic Macroinvertebrates,NRSA 1314 Benthic Macroinvertebrate Metrics,% Facultative (3< PTV <7) individuals,2013–2014 EPA metadata,BERW | BETB,NONE,,0.0,100.0,Same label appears for multiple sample/record types,benthic_metrics,1,2
1314,benthic_metrics_FACLPTAX,FACLPTAX,Benthic Macroinvertebrates,NRSA 1314 Benthic Macroinvertebrate Metrics,% Facultative (3< PTV <7) taxa,2013–2014 EPA metadata,BERW | BETB,NONE,,0.0,100.0,Same label appears for multiple sample/record types,benthic_metrics,1,2
1314,benthic_metrics_HEMININD,HEMININD,Benthic Macroinvertebrates,NRSA 1314 Benthic Macroinvertebrate Metrics,Number of Hemiptera individuals in sample,2013–2014 EPA metadata,BERW | BETB,NONE,,,,Same label appears for multiple sample/record types,benthic_metrics,1,2
1314,benthic_metrics_HEMINTAX,HEMINTAX,Benthic Macroinvertebrates,NRSA 1314 Benthic Macroinvertebrate Metrics,No. of Hemiptera taxa,2013–2014 EPA metadata,BERW | BETB,NONE,,0.0,,Same label appears for multiple sample/record types,benthic_metrics,1,2
1314,benthic_metrics_HEMIPIND,HEMIPIND,Benthic Macroinvertebrates,NRSA 1314 Benthic Macroinvertebrate Metrics,% Hemiptera individuals,2013–2014 EPA metadata,BERW | BETB,NONE,,0.0,100.0,Same label appears for multiple sample/record types,benthic_metrics,1,2
1314,benthic_metrics_HEMIPTAX,HEMIPTAX,Benthic Macroinvertebrates,NRSA 1314 Benthic Macroinvertebrate Metrics,% Hemiptera taxa,2013–2014 EPA metadata,BERW | BETB,NONE,,0.0,100.0,Same label appears for multiple sample/record types,benthic_metrics,1,2
1314,benthic_metrics_HPRIME,HPRIME,Benthic Macroinvertebrates,NRSA 1314 Benthic Macroinvertebrate Metrics,"Shannon diversity- sum of prop_i*ln(prop_i) based only on distinct taxa, where prop_i=proportion of species i in sample",2013–2014 EPA metadata,BERW | BETB,NONE,,0.0,,Same label appears for multiple sample/record types,benthic_metrics,1,2
1314,benthic_metrics_INTLNIND,INTLNIND,Benthic Macroinvertebrates,NRSA 1314 Benthic Macroinvertebrate Metrics,Number of individuals in sample with tolerance value <=3,2013–2014 EPA metadata,BERW | BETB,NONE,,,,Same label appears for multiple sample/record types,benthic_metrics,1,2
1314,benthic_metrics_INTLNTAX,INTLNTAX,Benthic Macroinvertebrates,NRSA 1314 Benthic Macroinvertebrate Metrics,No. of Intolerant (PTV<=3) taxa,2013–2014 EPA metadata,BERW | BETB,NONE,,0.0,,Same label appears for multiple sample/record types,benthic_metrics,2,2
1314,benthic_metrics_INTLPIND,INTLPIND,Benthic Macroinvertebrates,NRSA 1314 Benthic Macroinvertebrate Metrics,% Intolerant (PTV<=3) individuals,2013–2014 EPA metadata,BERW | BETB,NONE,,0.0,100.0,Same label appears for multiple sample/record types,benthic_metrics,2,2
1314,benthic_metrics_INTLPTAX,INTLPTAX,Benthic Macroinvertebrates,NRSA 1314 Benthic Macroinvertebrate Metrics,% Intolerant (PTV<=3) taxa,2013–2014 EPA metadata,BERW | BETB,NONE,,0.0,100.0,Same label appears for multiple sample/record types,benthic_metrics,2,2
1314,benthic_metrics_METRIC_TAXA_ROOT,METRIC_TAXA_ROOT,Benthic Macroinvertebrates,NRSA 1314 Benthic Macroinvertebrate Metrics,"Taxonomic level used in calculation of metrics: WSA=taxonomic aggregation used in WSA-based NRSA MMI,LOWEST=NRSA target taxonomic level",2013–2014 EPA metadata,,,,,,Same label appears for multiple sample/record types,benthic_metrics,2,3
1314,benthic_metrics_MITENIND,MITENIND,Benthic Macroinvertebrates,NRSA 1314 Benthic Macroinvertebrate Metrics,Number of mite individuals in sample,2013–2014 EPA metadata,BERW | BETB,NONE,,,,Same label appears for multiple sample/record types,benthic_metrics,1,2
1314,benthic_metrics_MITENTAX,MITENTAX,Benthic Macroinvertebrates,NRSA 1314 Benthic Macroinvertebrate Metrics,No. of Mite taxa,2013–2014 EPA metadata,BERW | BETB,NONE,,0.0,,Same label appears for multiple sample/record types,benthic_metrics,1,2
1314,benthic_metrics_MITEPIND,MITEPIND,Benthic Macroinvertebrates,NRSA 1314 Benthic Macroinvertebrate Metrics,% Mite individuals,2013–2014 EPA metadata,BERW | BETB,NONE,,0.0,100.0,Same label appears for multiple sample/record types,benthic_metrics,1,2
1314,benthic_metrics_MITEPTAX,MITEPTAX,Benthic Macroinvertebrates,NRSA 1314 Benthic Macroinvertebrate Metrics,% Mite taxa,2013–2014 EPA metadata,BERW | BETB,NONE,,0.0,100.0,Same label appears for multiple sample/record types,benthic_metrics,1,2
1314,benthic_metrics_MOLLNIND,MOLLNIND,Benthic Macroinvertebrates,NRSA 1314 Benthic Macroinvertebrate Metrics,Number of Mollusca individuals in sample,2013–2014 EPA metadata,BERW | BETB,NONE,,,,Same label appears for multiple sample/record types,benthic_metrics,1,2
1314,benthic_metrics_MOLLNTAX,MOLLNTAX,Benthic Macroinvertebrates,NRSA 1314 Benthic Macroinvertebrate Metrics,No. of Mollusca taxa,2013–2014 EPA metadata,BERW | BETB,NONE,,0.0,,Same label appears for multiple sample/record types,benthic_metrics,1,2
1314,benthic_metrics_MOLLPIND,MOLLPIND,Benthic Macroinvertebrates,NRSA 1314 Benthic Macroinvertebrate Metrics,% Mollusca individuals,2013–2014 EPA metadata,BERW | BETB,NONE,,0.0,100.0,Same label appears for multiple sample/record types,benthic_metrics,1,2
1314,benthic_metrics_MOLLPTAX,MOLLPTAX,Benthic Macroinvertebrates,NRSA 1314 Benthic Macroinvertebrate Metrics,% Mollusca taxa,2013–2014 EPA metadata,BERW | BETB,NONE,,0.0,100.0,Same label appears for multiple sample/record types,benthic_metrics,1,2
1314,benthic_metrics_NOINNIND,NOINNIND,Benthic Macroinvertebrates,NRSA 1314 Benthic Macroinvertebrate Metrics,Number of non-insects individuals in sample,2013–2014 EPA metadata,BERW | BETB,NONE,,,,Same label appears for multiple sample/record types,benthic_metrics,1,2
1314,benthic_metrics_NOINNTAX,NOINNTAX,Benthic Macroinvertebrates,NRSA 1314 Benthic Macroinvertebrate Metrics,No. of Non-insects taxa,2013–2014 EPA metadata,BERW | BETB,NONE,,0.0,,Same label appears for multiple sample/record types,benthic_metrics,1,2
1314,benthic_metrics_NOINPIND,NOINPIND,Benthic Macroinvertebrates,NRSA 1314 Benthic Macroinvertebrate Metrics,% Non-insects individuals,2013–2014 EPA metadata,BERW | BETB,NONE,,0.0,100.0,Same label appears for multiple sample/record types,benthic_metrics,1,2
1314,benthic_metrics_NOINPTAX,NOINPTAX,Benthic Macroinvertebrates,NRSA 1314 Benthic Macroinvertebrate Metrics,% Non-insects taxa,2013–2014 EPA metadata,BERW | BETB,NONE,,0.0,100.0,Same label appears for multiple sample/record types,benthic_metrics,1,2
1314,benthic_metrics_NTOLNIND,NTOLNIND,Benthic Macroinvertebrates,NRSA 1314 Benthic Macroinvertebrate Metrics,Number of individuals in sample with tolerance value <6,2013–2014 EPA metadata,BERW | BETB,NONE,,,,Same label appears for multiple sample/record types,benthic_metrics,1,2
1314,benthic_metrics_NTOLNTAX,NTOLNTAX,Benthic Macroinvertebrates,NRSA 1314 Benthic Macroinvertebrate Metrics,No. of non-tolerants (PTV<6) taxa,2013–2014 EPA metadata,BERW | BETB,NONE,,0.0,,Same label appears for multiple sample/record types,benthic_metrics,2,2
1314,benthic_metrics_NTOLPIND,NTOLPIND,Benthic Macroinvertebrates,NRSA 1314 Benthic Macroinvertebrate Metrics,% non-tolerants (PTV<6) individuals,2013–2014 EPA metadata,BERW | BETB,NONE,,0.0,100.0,Same label appears for multiple sample/record types,benthic_metrics,2,2
1314,benthic_metrics_NTOLPTAX,NTOLPTAX,Benthic Macroinvertebrates,NRSA 1314 Benthic Macroinvertebrate Metrics,% non-tolerants (PTV<6) taxa,2013–2014 EPA metadata,BERW | BETB,NONE,,0.0,100.0,Same label appears for multiple sample/record types,benthic_metrics,2,2
1314,benthic_metrics_ODONNIND,ODONNIND,Benthic Macroinvertebrates,NRSA 1314 Benthic Macroinvertebrate Metrics,Number of Odonata individuals in sample,2013–2014 EPA metadata,BERW | BETB,NONE,,,,Same label appears for multiple sample/record types,benthic_metrics,1,2
1314,benthic_metrics_ODONNTAX,ODONNTAX,Benthic Macroinvertebrates,NRSA 1314 Benthic Macroinvertebrate Metrics,No. of Odonata taxa,2013–2014 EPA metadata,BERW | BETB,NONE,,0.0,,Same label appears for multiple sample/record types,benthic_metrics,1,2
1314,benthic_metrics_ODONPIND,ODONPIND,Benthic Macroinvertebrates,NRSA 1314 Benthic Macroinvertebrate Metrics,% Odonata individuals,2013–2014 EPA metadata,BERW | BETB,NONE,,0.0,100.0,Same label appears for multiple sample/record types,benthic_metrics,1,2
1314,benthic_metrics_ODONPTAX,ODONPTAX,Benthic Macroinvertebrates,NRSA 1314 Benthic Macroinvertebrate Metrics,% Odonata taxa,2013–2014 EPA metadata,BERW | BETB,NONE,,0.0,100.0,Same label appears for multiple sample/record types,benthic_metrics,1,2
1314,benthic_metrics_OLLENIND,OLLENIND,Benthic Macroinvertebrates,NRSA 1314 Benthic Macroinvertebrate Metrics,Number of oligochaete and leech individuals in sample,2013–2014 EPA metadata,BERW | BETB,NONE,,,,Same label appears for multiple sample/record types,benthic_metrics,1,2
1314,benthic_metrics_OLLENTAX,OLLENTAX,Benthic Macroinvertebrates,NRSA 1314 Benthic Macroinvertebrate Metrics,No. of Oligochaete and leech taxa,2013–2014 EPA metadata,BERW | BETB,NONE,,0.0,,Same label appears for multiple sample/record types,benthic_metrics,1,2
1314,benthic_metrics_OLLEPIND,OLLEPIND,Benthic Macroinvertebrates,NRSA 1314 Benthic Macroinvertebrate Metrics,% Oligochaete and leech individuals,2013–2014 EPA metadata,BERW | BETB,NONE,,0.0,100.0,Same label appears for multiple sample/record types,benthic_metrics,1,2
1314,benthic_metrics_OLLEPTAX,OLLEPTAX,Benthic Macroinvertebrates,NRSA 1314 Benthic Macroinvertebrate Metrics,% Oligochaete and leech taxa,2013–2014 EPA metadata,BERW | BETB,NONE,,0.0,100.0,Same label appears for multiple sample/record types,benthic_metrics,1,2
1314,benthic_metrics_ORTHCHIRPIND,ORTHCHIRPIND,Benthic Macroinvertebrates,NRSA 1314 Benthic Macroinvertebrate Metrics,% Chironomidae individuals in Orthocladiinae,2013–2014 EPA metadata,BERW | BETB,NONE,,0.0,100.0,Same label appears for multiple sample/record types,benthic_metrics,1,2
1314,benthic_metrics_ORTHNIND,ORTHNIND,Benthic Macroinvertebrates,NRSA 1314 Benthic Macroinvertebrate Metrics,Number of Orthocladiinae individuals in sample,2013–2014 EPA metadata,BERW | BETB,NONE,,,,Same label appears for multiple sample/record types,benthic_metrics,1,2
1314,benthic_metrics_ORTHNTAX,ORTHNTAX,Benthic Macroinvertebrates,NRSA 1314 Benthic Macroinvertebrate Metrics,No. of Orthocladiinae chironomid taxa,2013–2014 EPA metadata,BERW | BETB,NONE,,0.0,,Same label appears for multiple sample/record types,benthic_metrics,1,2
1314,benthic_metrics_ORTHPIND,ORTHPIND,Benthic Macroinvertebrates,NRSA 1314 Benthic Macroinvertebrate Metrics,% Orthocladiinae chironomid individuals,2013–2014 EPA metadata,BERW | BETB,NONE,,0.0,100.0,Same label appears for multiple sample/record types,benthic_metrics,1,2
1314,benthic_metrics_ORTHPTAX,ORTHPTAX,Benthic Macroinvertebrates,NRSA 1314 Benthic Macroinvertebrate Metrics,% Orthocladiinae chironomid taxa,2013–2014 EPA metadata,BERW | BETB,NONE,,0.0,100.0,Same label appears for multiple sample/record types,benthic_metrics,1,2
1314,benthic_metrics_PLECNIND,PLECNIND,Benthic Macroinvertebrates,NRSA 1314 Benthic Macroinvertebrate Metrics,Number of Plecoptera individuals in sample,2013–2014 EPA metadata,BERW | BETB,NONE,,,,Same label appears for multiple sample/record types,benthic_metrics,1,2
1314,benthic_metrics_PLECNTAX,PLECNTAX,Benthic Macroinvertebrates,NRSA 1314 Benthic Macroinvertebrate Metrics,No. of Plecoptera taxa,2013–2014 EPA metadata,BERW | BETB,NONE,,0.0,,Same label appears for multiple sample/record types,benthic_metrics,1,2
1314,benthic_metrics_PLECPIND,PLECPIND,Benthic Macroinvertebrates,NRSA 1314 Benthic Macroinvertebrate Metrics,% Plecoptera individuals,2013–2014 EPA metadata,BERW | BETB,NONE,,0.0,100.0,Same label appears for multiple sample/record types,benthic_metrics,1,2
1314,benthic_metrics_PLECPTAX,PLECPTAX,Benthic Macroinvertebrates,NRSA 1314 Benthic Macroinvertebrate Metrics,% Plecoptera taxa,2013–2014 EPA metadata,BERW | BETB,NONE,,0.0,100.0,Same label appears for multiple sample/record types,benthic_metrics,1,2
1314,benthic_metrics_PREDNIND,PREDNIND,Benthic Macroinvertebrates,NRSA 1314 Benthic Macroinvertebrate Metrics,Number of predator individuals in sample,2013–2014 EPA metadata,BERW | BETB,NONE,,,,Same label appears for multiple sample/record types,benthic_metrics,1,2
1314,benthic_metrics_PREDNTAX,PREDNTAX,Benthic Macroinvertebrates,NRSA 1314 Benthic Macroinvertebrate Metrics,No. of Predators taxa,2013–2014 EPA metadata,BERW | BETB,NONE,,0.0,,Same label appears for multiple sample/record types,benthic_metrics,1,2
1314,benthic_metrics_PREDPIND,PREDPIND,Benthic Macroinvertebrates,NRSA 1314 Benthic Macroinvertebrate Metrics,% Predators individuals,2013–2014 EPA metadata,BERW | BETB,NONE,,0.0,100.0,Same label appears for multiple sample/record types,benthic_metrics,1,2
1314,benthic_metrics_PREDPTAX,PREDPTAX,Benthic Macroinvertebrates,NRSA 1314 Benthic Macroinvertebrate Metrics,% Predators taxa,2013–2014 EPA metadata,BERW | BETB,NONE,,0.0,100.0,Same label appears for multiple sample/record types,benthic_metrics,1,2
1314,benthic_metrics_PSTL_CODE,PSTL_CODE,Benthic Macroinvertebrates,NRSA 1314 Benthic Macroinvertebrate Metrics,"State two-letter postal code | State two letter postal code 50 state postal codes plus AS, MP, GU, PR, VI for American Samoa, Commonwealth of Northern Marianas, Guam, Puerto Rico and Virgin Islands. No missing values allowed.",2013–2014 EPA metadata,DESIGN,,,,,Multiple protocol-specific labels — see Metadata Detail,benthic_metrics,7,2
1314,benthic_metrics_PUBLICATION_DATE,PUBLICATION_DATE,Benthic Macroinvertebrates,NRSA 1314 Benthic Macroinvertebrate Metrics,Date of data file publication,2013–2014 EPA metadata,,,,,,Same label appears for multiple sample/record types,benthic_metrics,9,3
1314,benthic_metrics_SAMPLE_TYPE,SAMPLE_TYPE,Benthic Macroinvertebrates,NRSA 1314 Benthic Macroinvertebrate Metrics,Sample type,2013–2014 EPA metadata,,,,,,Same label appears for multiple sample/record types,benthic_metrics,4,3
1314,benthic_metrics_SCRPNIND,SCRPNIND,Benthic Macroinvertebrates,NRSA 1314 Benthic Macroinvertebrate Metrics,Number of scraper individuals in sample,2013–2014 EPA metadata,BERW | BETB,NONE,,,,Same label appears for multiple sample/record types,benthic_metrics,1,2
1314,benthic_metrics_SCRPNTAX,SCRPNTAX,Benthic Macroinvertebrates,NRSA 1314 Benthic Macroinvertebrate Metrics,No. of Scrapers taxa,2013–2014 EPA metadata,BERW | BETB,NONE,,0.0,,Same label appears for multiple sample/record types,benthic_metrics,1,2
1314,benthic_metrics_SCRPPIND,SCRPPIND,Benthic Macroinvertebrates,NRSA 1314 Benthic Macroinvertebrate Metrics,% Scrapers individuals,2013–2014 EPA metadata,BERW | BETB,NONE,,0.0,100.0,Same label appears for multiple sample/record types,benthic_metrics,1,2
1314,benthic_metrics_SCRPPTAX,SCRPPTAX,Benthic Macroinvertebrates,NRSA 1314 Benthic Macroinvertebrate Metrics,% Scrapers taxa,2013–2014 EPA metadata,BERW | BETB,NONE,,0.0,100.0,Same label appears for multiple sample/record types,benthic_metrics,1,2
1314,benthic_metrics_SHRDNIND,SHRDNIND,Benthic Macroinvertebrates,NRSA 1314 Benthic Macroinvertebrate Metrics,Number of shredder individuals in sample,2013–2014 EPA metadata,BERW | BETB,NONE,,,,Same label appears for multiple sample/record types,benthic_metrics,1,2
1314,benthic_metrics_SHRDNTAX,SHRDNTAX,Benthic Macroinvertebrates,NRSA 1314 Benthic Macroinvertebrate Metrics,No. of Shredders taxa,2013–2014 EPA metadata,BERW | BETB,NONE,,0.0,,Same label appears for multiple sample/record types,benthic_metrics,1,2
1314,benthic_metrics_SHRDPIND,SHRDPIND,Benthic Macroinvertebrates,NRSA 1314 Benthic Macroinvertebrate Metrics,% Shredders individuals,2013–2014 EPA metadata,BERW | BETB,NONE,,0.0,100.0,Same label appears for multiple sample/record types,benthic_metrics,1,2
1314,benthic_metrics_SHRDPTAX,SHRDPTAX,Benthic Macroinvertebrates,NRSA 1314 Benthic Macroinvertebrate Metrics,% Shredders taxa,2013–2014 EPA metadata,BERW | BETB,NONE,,0.0,100.0,Same label appears for multiple sample/record types,benthic_metrics,1,2
1314,benthic_metrics_SITE_ID,SITE_ID,Benthic Macroinvertebrates,NRSA 1314 Benthic Macroinvertebrate Metrics,"Site ID for the study and year sampled. Preferred form is NRSnn_MM-xxxxx where nn is current cycle year (04, 08, 13, 18, etc), MM is two letter state code, and xxxxx is between 10001 and 99999. Text. No missing values allowed. | Site ID",2013–2014 EPA metadata,DESIGN | VERIF,,,,,Multiple protocol-specific labels — see Metadata Detail,benthic_metrics,14,4
1314,benthic_metrics_SITETYPE,SITETYPE,Benthic Macroinvertebrates,NRSA 1314 Benthic Macroinvertebrate Metrics,"Site type (Probability-based or hand-picked). PROB for sites from probability survey. Usually HAND for hand-picked sites. In EMAP West and WSA, STARHAND is used to identify hand-picked sites that do not have all CORE indicators available. | Site type (Probability-based or hand-picked)",2013–2014 EPA metadata,DESIGN,,PROB | HAND,,,Multiple protocol-specific labels — see Metadata Detail,benthic_metrics,10,2
1314,benthic_metrics_SPWLNIND,SPWLNIND,Benthic Macroinvertebrates,NRSA 1314 Benthic Macroinvertebrate Metrics,Number of sprawler individuals in sample,2013–2014 EPA metadata,BERW | BETB,NONE,,,,Same label appears for multiple sample/record types,benthic_metrics,1,2
1314,benthic_metrics_SPWLNTAX,SPWLNTAX,Benthic Macroinvertebrates,NRSA 1314 Benthic Macroinvertebrate Metrics,No. of Sprawlers taxa,2013–2014 EPA metadata,BERW | BETB,NONE,,0.0,,Same label appears for multiple sample/record types,benthic_metrics,1,2
1314,benthic_metrics_SPWLPIND,SPWLPIND,Benthic Macroinvertebrates,NRSA 1314 Benthic Macroinvertebrate Metrics,% Sprawlers individuals,2013–2014 EPA metadata,BERW | BETB,NONE,,0.0,100.0,Same label appears for multiple sample/record types,benthic_metrics,1,2
1314,benthic_metrics_SPWLPTAX,SPWLPTAX,Benthic Macroinvertebrates,NRSA 1314 Benthic Macroinvertebrate Metrics,% Sprawlers taxa,2013–2014 EPA metadata,BERW | BETB,NONE,,0.0,100.0,Same label appears for multiple sample/record types,benthic_metrics,1,2
1314,benthic_metrics_STOLNIND,STOLNIND,Benthic Macroinvertebrates,NRSA 1314 Benthic Macroinvertebrate Metrics,Number of individuals in sample with tolerance value >=8,2013–2014 EPA metadata,BERW | BETB,NONE,,,,Same label appears for multiple sample/record types,benthic_metrics,1,2
1314,benthic_metrics_STOLNTAX,STOLNTAX,Benthic Macroinvertebrates,NRSA 1314 Benthic Macroinvertebrate Metrics,No. of taxa with PTV>=8,2013–2014 EPA metadata,BERW | BETB,NONE,,0.0,,Same label appears for multiple sample/record types,benthic_metrics,1,2
1314,benthic_metrics_STOLPIND,STOLPIND,Benthic Macroinvertebrates,NRSA 1314 Benthic Macroinvertebrate Metrics,% Individuals with PTV>=8,2013–2014 EPA metadata,BERW | BETB,NONE,,0.0,100.0,Same label appears for multiple sample/record types,benthic_metrics,1,2
1314,benthic_metrics_STOLPTAX,STOLPTAX,Benthic Macroinvertebrates,NRSA 1314 Benthic Macroinvertebrate Metrics,% taxa with PTV>=8,2013–2014 EPA metadata,BERW | BETB,NONE,,0.0,100.0,Same label appears for multiple sample/record types,benthic_metrics,1,2
1314,benthic_metrics_SWIMNIND,SWIMNIND,Benthic Macroinvertebrates,NRSA 1314 Benthic Macroinvertebrate Metrics,Number of swimmer individuals in sample,2013–2014 EPA metadata,BERW | BETB,NONE,,,,Same label appears for multiple sample/record types,benthic_metrics,1,2
1314,benthic_metrics_SWIMNTAX,SWIMNTAX,Benthic Macroinvertebrates,NRSA 1314 Benthic Macroinvertebrate Metrics,No. of Swimmers taxa,2013–2014 EPA metadata,BERW | BETB,NONE,,0.0,,Same label appears for multiple sample/record types,benthic_metrics,1,2
1314,benthic_metrics_SWIMPIND,SWIMPIND,Benthic Macroinvertebrates,NRSA 1314 Benthic Macroinvertebrate Metrics,% Swimmers individuals,2013–2014 EPA metadata,BERW | BETB,NONE,,0.0,100.0,Same label appears for multiple sample/record types,benthic_metrics,1,2
1314,benthic_metrics_SWIMPTAX,SWIMPTAX,Benthic Macroinvertebrates,NRSA 1314 Benthic Macroinvertebrate Metrics,% Swimmers taxa,2013–2014 EPA metadata,BERW | BETB,NONE,,0.0,100.0,Same label appears for multiple sample/record types,benthic_metrics,1,2
1314,benthic_metrics_TANYNIND,TANYNIND,Benthic Macroinvertebrates,NRSA 1314 Benthic Macroinvertebrate Metrics,Number of Tanytarsini individuals in sample,2013–2014 EPA metadata,BERW | BETB,NONE,,,,Same label appears for multiple sample/record types,benthic_metrics,1,2
1314,benthic_metrics_TANYNTAX,TANYNTAX,Benthic Macroinvertebrates,NRSA 1314 Benthic Macroinvertebrate Metrics,No. of Tanytarsini taxa,2013–2014 EPA metadata,BERW | BETB,NONE,,0.0,,Same label appears for multiple sample/record types,benthic_metrics,1,2
1314,benthic_metrics_TANYPIND,TANYPIND,Benthic Macroinvertebrates,NRSA 1314 Benthic Macroinvertebrate Metrics,% Tanytarsini individuals,2013–2014 EPA metadata,BERW | BETB,NONE,,0.0,100.0,Same label appears for multiple sample/record types,benthic_metrics,1,2
1314,benthic_metrics_TANYPTAX,TANYPTAX,Benthic Macroinvertebrates,NRSA 1314 Benthic Macroinvertebrate Metrics,% Tanytarsini taxa,2013–2014 EPA metadata,BERW | BETB,NONE,,0.0,100.0,Same label appears for multiple sample/record types,benthic_metrics,1,2
1314,benthic_metrics_TL01NIND,TL01NIND,Benthic Macroinvertebrates,NRSA 1314 Benthic Macroinvertebrate Metrics,Number of individuals in sample with tolerance value <2,2013–2014 EPA metadata,BERW | BETB,NONE,,,,Same label appears for multiple sample/record types,benthic_metrics,1,2
1314,benthic_metrics_TL01NTAX,TL01NTAX,Benthic Macroinvertebrates,NRSA 1314 Benthic Macroinvertebrate Metrics,No. of taxa with PTV<2,2013–2014 EPA metadata,BERW | BETB,NONE,,0.0,,Same label appears for multiple sample/record types,benthic_metrics,1,2
1314,benthic_metrics_TL01PIND,TL01PIND,Benthic Macroinvertebrates,NRSA 1314 Benthic Macroinvertebrate Metrics,% Individuals with PTV <2,2013–2014 EPA metadata,BERW | BETB,NONE,,0.0,100.0,Same label appears for multiple sample/record types,benthic_metrics,1,2
1314,benthic_metrics_TL01PTAX,TL01PTAX,Benthic Macroinvertebrates,NRSA 1314 Benthic Macroinvertebrate Metrics,% taxa with PTV<2,2013–2014 EPA metadata,BERW | BETB,NONE,,0.0,100.0,Same label appears for multiple sample/record types,benthic_metrics,1,2
1314,benthic_metrics_TL23NIND,TL23NIND,Benthic Macroinvertebrates,NRSA 1314 Benthic Macroinvertebrate Metrics,Number of individuals in sample with tolerance value >=2 and <4,2013–2014 EPA metadata,BERW | BETB,NONE,,,,Same label appears for multiple sample/record types,benthic_metrics,1,2
1314,benthic_metrics_TL23NTAX,TL23NTAX,Benthic Macroinvertebrates,NRSA 1314 Benthic Macroinvertebrate Metrics,No. taxa with PTV >=2 & <4,2013–2014 EPA metadata,BERW | BETB,NONE,,0.0,,Same label appears for multiple sample/record types,benthic_metrics,1,2
1314,benthic_metrics_TL23PIND,TL23PIND,Benthic Macroinvertebrates,NRSA 1314 Benthic Macroinvertebrate Metrics,% individuals with PTV >=2 & <4,2013–2014 EPA metadata,BERW | BETB,NONE,,0.0,100.0,Same label appears for multiple sample/record types,benthic_metrics,1,2
1314,benthic_metrics_TL23PTAX,TL23PTAX,Benthic Macroinvertebrates,NRSA 1314 Benthic Macroinvertebrate Metrics,% taxa with PTV>=2 & <4,2013–2014 EPA metadata,BERW | BETB,NONE,,0.0,100.0,Same label appears for multiple sample/record types,benthic_metrics,1,2
1314,benthic_metrics_TL45NIND,TL45NIND,Benthic Macroinvertebrates,NRSA 1314 Benthic Macroinvertebrate Metrics,Number of individuals in sample with tolerance value >=4 and <6,2013–2014 EPA metadata,BERW | BETB,NONE,,,,Same label appears for multiple sample/record types,benthic_metrics,1,2
1314,benthic_metrics_TL45NTAX,TL45NTAX,Benthic Macroinvertebrates,NRSA 1314 Benthic Macroinvertebrate Metrics,No. taxa with PTV >=4 & <6,2013–2014 EPA metadata,BERW | BETB,NONE,,0.0,,Same label appears for multiple sample/record types,benthic_metrics,1,2
1314,benthic_metrics_TL45PIND,TL45PIND,Benthic Macroinvertebrates,NRSA 1314 Benthic Macroinvertebrate Metrics,% individuals with PTV >=4 & <6,2013–2014 EPA metadata,BERW | BETB,NONE,,0.0,100.0,Same label appears for multiple sample/record types,benthic_metrics,1,2
1314,benthic_metrics_TL45PTAX,TL45PTAX,Benthic Macroinvertebrates,NRSA 1314 Benthic Macroinvertebrate Metrics,% taxa with PTV>=4 & <6,2013–2014 EPA metadata,BERW | BETB,NONE,,0.0,100.0,Same label appears for multiple sample/record types,benthic_metrics,1,2
1314,benthic_metrics_TL67NIND,TL67NIND,Benthic Macroinvertebrates,NRSA 1314 Benthic Macroinvertebrate Metrics,Number of individuals in sample with tolerance value >=6 and <8,2013–2014 EPA metadata,BERW | BETB,NONE,,,,Same label appears for multiple sample/record types,benthic_metrics,1,2
1314,benthic_metrics_TL67NTAX,TL67NTAX,Benthic Macroinvertebrates,NRSA 1314 Benthic Macroinvertebrate Metrics,No. taxa with PTV >=6 & <8,2013–2014 EPA metadata,BERW | BETB,NONE,,0.0,,Same label appears for multiple sample/record types,benthic_metrics,1,2
1314,benthic_metrics_TL67PIND,TL67PIND,Benthic Macroinvertebrates,NRSA 1314 Benthic Macroinvertebrate Metrics,% individuals with PTV >=6 & <8,2013–2014 EPA metadata,BERW | BETB,NONE,,0.0,100.0,Same label appears for multiple sample/record types,benthic_metrics,1,2
1314,benthic_metrics_TL67PTAX,TL67PTAX,Benthic Macroinvertebrates,NRSA 1314 Benthic Macroinvertebrate Metrics,% taxa with PTV>=6 & <8,2013–2014 EPA metadata,BERW | BETB,NONE,,0.0,100.0,Same label appears for multiple sample/record types,benthic_metrics,1,2
1314,benthic_metrics_TOLRNIND,TOLRNIND,Benthic Macroinvertebrates,NRSA 1314 Benthic Macroinvertebrate Metrics,Number of individuals in sample with tolerance value >=7,2013–2014 EPA metadata,BERW | BETB,NONE,,,,Same label appears for multiple sample/record types,benthic_metrics,1,2
1314,benthic_metrics_TOLRNTAX,TOLRNTAX,Benthic Macroinvertebrates,NRSA 1314 Benthic Macroinvertebrate Metrics,No. of Tolerant (PTV>=7) taxa,2013–2014 EPA metadata,BERW | BETB,NONE,,0.0,,Same label appears for multiple sample/record types,benthic_metrics,2,2
1314,benthic_metrics_TOLRPIND,TOLRPIND,Benthic Macroinvertebrates,NRSA 1314 Benthic Macroinvertebrate Metrics,% Tolerant (PTV>=7) individuals,2013–2014 EPA metadata,BERW | BETB,NONE,,0.0,100.0,Same label appears for multiple sample/record types,benthic_metrics,2,2
1314,benthic_metrics_TOLRPTAX,TOLRPTAX,Benthic Macroinvertebrates,NRSA 1314 Benthic Macroinvertebrate Metrics,% Tolerant (PTV>=7) taxa,2013–2014 EPA metadata,BERW | BETB,NONE,,0.0,100.0,Same label appears for multiple sample/record types,benthic_metrics,2,2
1314,benthic_metrics_TOTLNIND,TOTLNIND,Benthic Macroinvertebrates,NRSA 1314 Benthic Macroinvertebrate Metrics,Number of individuals in sample,2013–2014 EPA metadata,BERW | BETB,NONE,,0.0,,Same label appears for multiple sample/record types,benthic_metrics,2,2
1314,benthic_metrics_TOTLNTAX,TOTLNTAX,Benthic Macroinvertebrates,NRSA 1314 Benthic Macroinvertebrate Metrics,Number of distinct taxa in sample,2013–2014 EPA metadata,BERW | BETB,NONE,,0.0,,Same label appears for multiple sample/record types,benthic_metrics,2,2
1314,benthic_metrics_TRICNIND,TRICNIND,Benthic Macroinvertebrates,NRSA 1314 Benthic Macroinvertebrate Metrics,Number of Trichoptera individuals in sample,2013–2014 EPA metadata,BERW | BETB,NONE,,,,Same label appears for multiple sample/record types,benthic_metrics,1,2
1314,benthic_metrics_TRICNTAX,TRICNTAX,Benthic Macroinvertebrates,NRSA 1314 Benthic Macroinvertebrate Metrics,No. of Trichoptera taxa,2013–2014 EPA metadata,BERW | BETB,NONE,,0.0,,Same label appears for multiple sample/record types,benthic_metrics,1,2
1314,benthic_metrics_TRICPIND,TRICPIND,Benthic Macroinvertebrates,NRSA 1314 Benthic Macroinvertebrate Metrics,% Trichoptera individuals,2013–2014 EPA metadata,BERW | BETB,NONE,,0.0,100.0,Same label appears for multiple sample/record types,benthic_metrics,1,2
1314,benthic_metrics_TRICPTAX,TRICPTAX,Benthic Macroinvertebrates,NRSA 1314 Benthic Macroinvertebrate Metrics,% Trichoptera taxa,2013–2014 EPA metadata,BERW | BETB,NONE,,0.0,100.0,Same label appears for multiple sample/record types,benthic_metrics,1,2
1314,benthic_metrics_TUBINAIDNIND,TUBINAIDNIND,Benthic Macroinvertebrates,NRSA 1314 Benthic Macroinvertebrate Metrics,Number of Tubificidae and Naididae individuals in sample,2013–2014 EPA metadata,BERW | BETB,NONE,,,,Same label appears for multiple sample/record types,benthic_metrics,1,2
1314,benthic_metrics_TUBINAIDNTAX,TUBINAIDNTAX,Benthic Macroinvertebrates,NRSA 1314 Benthic Macroinvertebrate Metrics,No. of Tubificidae and Naididae taxa,2013–2014 EPA metadata,BERW | BETB,NONE,,0.0,,Same label appears for multiple sample/record types,benthic_metrics,1,2
1314,benthic_metrics_TUBINAIDPIND,TUBINAIDPIND,Benthic Macroinvertebrates,NRSA 1314 Benthic Macroinvertebrate Metrics,% Tubificidae and Naididae individuals,2013–2014 EPA metadata,BERW | BETB,NONE,,0.0,100.0,Same label appears for multiple sample/record types,benthic_metrics,1,2
1314,benthic_metrics_TUBINAIDPTAX,TUBINAIDPTAX,Benthic Macroinvertebrates,NRSA 1314 Benthic Macroinvertebrate Metrics,% Tubificidae and Naididae taxa,2013–2014 EPA metadata,BERW | BETB,NONE,,0.0,100.0,Same label appears for multiple sample/record types,benthic_metrics,1,2
1314,benthic_metrics_UID,UID,Benthic Macroinvertebrates,NRSA 1314 Benthic Macroinvertebrate Metrics,Unique site visit ID,2013–2014 EPA metadata,,,,,,Same label appears for multiple sample/record types,benthic_metrics,15,3
1314,benthic_metrics_VISIT_NO,VISIT_NO,Benthic Macroinvertebrates,NRSA 1314 Benthic Macroinvertebrate Metrics,Number identifying which visit this is,2013–2014 EPA metadata,VERIF,,|1|2,,,Same label appears for multiple sample/record types,benthic_metrics,14,3
1314,benthic_metrics_WTD_TV,WTD_TV,Benthic Macroinvertebrates,NRSA 1314 Benthic Macroinvertebrate Metrics,"Hilsenhoff Biotic Index (HBI), sum of TV_i*prop_i, where TV_i=tolerance value for species i and prop_i=proportion of taxon i in sample, based on all taxa in sample",2013–2014 EPA metadata,BERW | BETB,NONE,,0.0,10.0,Same label appears for multiple sample/record types,benthic_metrics,2,2
1314,periphyton_chla_CHLA_DATE_ANALYZED,CHLA_DATE_ANALYZED,Chlorophyll-a,NRSA 1314 Periphyton Chlorophyll,Chlorophyll a for NA,2013–2014 EPA metadata,PCHL | WCHL,,,,,Same label appears for multiple sample/record types,periphyton_chla,2,2
1314,periphyton_chla_CHLA_DATE_FILTERED,CHLA_DATE_FILTERED,Chlorophyll-a,NRSA 1314 Periphyton Chlorophyll,Chlorophyll a for NA,2013–2014 EPA metadata,PCHL | WCHL,,,,,Same label appears for multiple sample/record types,periphyton_chla,2,2
1314,periphyton_chla_CHLA_DATE_PROCESSED,CHLA_DATE_PROCESSED,Chlorophyll-a,NRSA 1314 Periphyton Chlorophyll,Chlorophyll a for NA,2013–2014 EPA metadata,PCHL | WCHL,,,,,Same label appears for multiple sample/record types,periphyton_chla,2,2
1314,periphyton_chla_CHLA_DATE_RECEIVED,CHLA_DATE_RECEIVED,Chlorophyll-a,NRSA 1314 Periphyton Chlorophyll,Chlorophyll a for NA,2013–2014 EPA metadata,PCHL | WCHL,,,,,Same label appears for multiple sample/record types,periphyton_chla,2,2
1314,periphyton_chla_CHLA_DILUTION_FACTOR,CHLA_DILUTION_FACTOR,Chlorophyll-a,NRSA 1314 Periphyton Chlorophyll,Chlorophyll a for NA,2013–2014 EPA metadata,PCHL | WCHL,,,,,Same label appears for multiple sample/record types,periphyton_chla,2,2
1314,periphyton_chla_CHLA_EXTRACT,CHLA_EXTRACT,Chlorophyll-a,NRSA 1314 Periphyton Chlorophyll,Chlorophyll a for NA,2013–2014 EPA metadata,PCHL | WCHL,,,,,Same label appears for multiple sample/record types,periphyton_chla,2,2
1314,periphyton_chla_CHLA_EXTRACT_VOL,CHLA_EXTRACT_VOL,Chlorophyll-a,NRSA 1314 Periphyton Chlorophyll,Chlorophyll a for NA,2013–2014 EPA metadata,PCHL,,,,,Single metadata definition,periphyton_chla,1,1
1314,periphyton_chla_CHLA_HOLD_TIME_FLAG,CHLA_HOLD_TIME_FLAG,Chlorophyll-a,NRSA 1314 Periphyton Chlorophyll,Chlorophyll a for NA,2013–2014 EPA metadata,PCHL | WCHL,,,,,Same label appears for multiple sample/record types,periphyton_chla,2,2
1314,periphyton_chla_CHLA_HOLDING_TIME,CHLA_HOLDING_TIME,Chlorophyll-a,NRSA 1314 Periphyton Chlorophyll,Chlorophyll a for NA,2013–2014 EPA metadata,PCHL | WCHL,,,,,Same label appears for multiple sample/record types,periphyton_chla,2,2
1314,periphyton_chla_CHLA_LAB_SAMPLE_ID,CHLA_LAB_SAMPLE_ID,Chlorophyll-a,NRSA 1314 Periphyton Chlorophyll,Chlorophyll a for NA,2013–2014 EPA metadata,PCHL | WCHL,,,,,Same label appears for multiple sample/record types,periphyton_chla,2,2
1314,periphyton_chla_CHLA_MDL,CHLA_MDL,Chlorophyll-a,NRSA 1314 Periphyton Chlorophyll,Chlorophyll a for NA,2013–2014 EPA metadata,PCHL | WCHL,,,,,Same label appears for multiple sample/record types,periphyton_chla,2,2
1314,periphyton_chla_CHLA_NARS_FLAG,CHLA_NARS_FLAG,Chlorophyll-a,NRSA 1314 Periphyton Chlorophyll,Chlorophyll a for NA,2013–2014 EPA metadata,PCHL | WCHL,,,,,Same label appears for multiple sample/record types,periphyton_chla,2,2
1314,periphyton_chla_CHLA_QA_FLAG,CHLA_QA_FLAG,Chlorophyll-a,NRSA 1314 Periphyton Chlorophyll,Chlorophyll a for NA,2013–2014 EPA metadata,PCHL | WCHL,,,,,Same label appears for multiple sample/record types,periphyton_chla,2,2
1314,periphyton_chla_CHLA_RESULT,CHLA_RESULT,Chlorophyll-a,NRSA 1314 Periphyton Chlorophyll,Chlorophyll a for NA,2013–2014 EPA metadata,PCHL | WCHL,,,,,Same label appears for multiple sample/record types,periphyton_chla,2,2
1314,periphyton_chla_CHLA_RESULT_VOL,CHLA_RESULT_VOL,Chlorophyll-a,NRSA 1314 Periphyton Chlorophyll,Chlorophyll a for NA,2013–2014 EPA metadata,PCHL,,,,,Single metadata definition,periphyton_chla,1,1
1314,periphyton_chla_CHLA_RL,CHLA_RL,Chlorophyll-a,NRSA 1314 Periphyton Chlorophyll,Chlorophyll a for NA,2013–2014 EPA metadata,PCHL | WCHL,,,,,Same label appears for multiple sample/record types,periphyton_chla,2,2
1314,periphyton_chla_CHLA_SAMPLE_ID,CHLA_SAMPLE_ID,Chlorophyll-a,NRSA 1314 Periphyton Chlorophyll,Chlorophyll a for NA,2013–2014 EPA metadata,PCHL | WCHL,,,,,Same label appears for multiple sample/record types,periphyton_chla,2,2
1314,periphyton_chla_CHLA_SAMPLEVOL,CHLA_SAMPLEVOL,Chlorophyll-a,NRSA 1314 Periphyton Chlorophyll,Chlorophyll a for NA,2013–2014 EPA metadata,PCHL | WCHL,,,,,Same label appears for multiple sample/record types,periphyton_chla,2,2
1314,periphyton_chla_CHLA_SHIP_FLAG,CHLA_SHIP_FLAG,Chlorophyll-a,NRSA 1314 Periphyton Chlorophyll,Chlorophyll a for NA,2013–2014 EPA metadata,PCHL | WCHL,,,,,Same label appears for multiple sample/record types,periphyton_chla,2,2
1314,periphyton_chla_CHLA_VOLUME_ADJUST,CHLA_VOLUME_ADJUST,Chlorophyll-a,NRSA 1314 Periphyton Chlorophyll,Chlorophyll a for NA,2013–2014 EPA metadata,PCHL | WCHL,,,,,Same label appears for multiple sample/record types,periphyton_chla,2,2
1314,periphyton_chla_CHLA_VOLUME_FILTERED,CHLA_VOLUME_FILTERED,Chlorophyll-a,NRSA 1314 Periphyton Chlorophyll,Chlorophyll a for NA,2013–2014 EPA metadata,PCHL | WCHL,,,,,Same label appears for multiple sample/record types,periphyton_chla,2,2
1314,watercolumn_chla_CHLA_DATE_ANALYZED,CHLA_DATE_ANALYZED,Chlorophyll-a,NRSA 1314 Water Column Chlorophyll,Chlorophyll a for NA,2013–2014 EPA metadata,PCHL | WCHL,,,,,Same label appears for multiple sample/record types,watercolumn_chla,2,2
1314,watercolumn_chla_CHLA_DATE_FILTERED,CHLA_DATE_FILTERED,Chlorophyll-a,NRSA 1314 Water Column Chlorophyll,Chlorophyll a for NA,2013–2014 EPA metadata,PCHL | WCHL,,,,,Same label appears for multiple sample/record types,watercolumn_chla,2,2
1314,watercolumn_chla_CHLA_DATE_PROCESSED,CHLA_DATE_PROCESSED,Chlorophyll-a,NRSA 1314 Water Column Chlorophyll,Chlorophyll a for NA,2013–2014 EPA metadata,PCHL | WCHL,,,,,Same label appears for multiple sample/record types,watercolumn_chla,2,2
1314,watercolumn_chla_CHLA_DATE_RECEIVED,CHLA_DATE_RECEIVED,Chlorophyll-a,NRSA 1314 Water Column Chlorophyll,Chlorophyll a for NA,2013–2014 EPA metadata,PCHL | WCHL,,,,,Same label appears for multiple sample/record types,watercolumn_chla,2,2
1314,watercolumn_chla_CHLA_DILUTION_FACTOR,CHLA_DILUTION_FACTOR,Chlorophyll-a,NRSA 1314 Water Column Chlorophyll,Chlorophyll a for NA,2013–2014 EPA metadata,PCHL | WCHL,,,,,Same label appears for multiple sample/record types,watercolumn_chla,2,2
1314,watercolumn_chla_CHLA_EXTRACT,CHLA_EXTRACT,Chlorophyll-a,NRSA 1314 Water Column Chlorophyll,Chlorophyll a for NA,2013–2014 EPA metadata,PCHL | WCHL,,,,,Same label appears for multiple sample/record types,watercolumn_chla,2,2
1314,watercolumn_chla_CHLA_HOLD_TIME_FLAG,CHLA_HOLD_TIME_FLAG,Chlorophyll-a,NRSA 1314 Water Column Chlorophyll,Chlorophyll a for NA,2013–2014 EPA metadata,PCHL | WCHL,,,,,Same label appears for multiple sample/record types,watercolumn_chla,2,2
1314,watercolumn_chla_CHLA_HOLDING_TIME,CHLA_HOLDING_TIME,Chlorophyll-a,NRSA 1314 Water Column Chlorophyll,Chlorophyll a for NA,2013–2014 EPA metadata,PCHL | WCHL,,,,,Same label appears for multiple sample/record types,watercolumn_chla,2,2
1314,watercolumn_chla_CHLA_LAB_SAMPLE_ID,CHLA_LAB_SAMPLE_ID,Chlorophyll-a,NRSA 1314 Water Column Chlorophyll,Chlorophyll a for NA,2013–2014 EPA metadata,PCHL | WCHL,,,,,Same label appears for multiple sample/record types,watercolumn_chla,2,2
1314,watercolumn_chla_CHLA_MDL,CHLA_MDL,Chlorophyll-a,NRSA 1314 Water Column Chlorophyll,Chlorophyll a for NA,2013–2014 EPA metadata,PCHL | WCHL,,,,,Same label appears for multiple sample/record types,watercolumn_chla,2,2
1314,watercolumn_chla_CHLA_NARS_FLAG,CHLA_NARS_FLAG,Chlorophyll-a,NRSA 1314 Water Column Chlorophyll,Chlorophyll a for NA,2013–2014 EPA metadata,PCHL | WCHL,,,,,Same label appears for multiple sample/record types,watercolumn_chla,2,2
1314,watercolumn_chla_CHLA_QA_FLAG,CHLA_QA_FLAG,Chlorophyll-a,NRSA 1314 Water Column Chlorophyll,Chlorophyll a for NA,2013–2014 EPA metadata,PCHL | WCHL,,,,,Same label appears for multiple sample/record types,watercolumn_chla,2,2
1314,watercolumn_chla_CHLA_RESULT,CHLA_RESULT,Chlorophyll-a,NRSA 1314 Water Column Chlorophyll,Chlorophyll a for NA,2013–2014 EPA metadata,PCHL | WCHL,,,,,Same label appears for multiple sample/record types,watercolumn_chla,2,2
1314,watercolumn_chla_CHLA_RL,CHLA_RL,Chlorophyll-a,NRSA 1314 Water Column Chlorophyll,Chlorophyll a for NA,2013–2014 EPA metadata,PCHL | WCHL,,,,,Same label appears for multiple sample/record types,watercolumn_chla,2,2
1314,watercolumn_chla_CHLA_SAMPLE_ID,CHLA_SAMPLE_ID,Chlorophyll-a,NRSA 1314 Water Column Chlorophyll,Chlorophyll a for NA,2013–2014 EPA metadata,PCHL | WCHL,,,,,Same label appears for multiple sample/record types,watercolumn_chla,2,2
1314,watercolumn_chla_CHLA_SAMPLEVOL,CHLA_SAMPLEVOL,Chlorophyll-a,NRSA 1314 Water Column Chlorophyll,Chlorophyll a for NA,2013–2014 EPA metadata,PCHL | WCHL,,,,,Same label appears for multiple sample/record types,watercolumn_chla,2,2
1314,watercolumn_chla_CHLA_SHIP_FLAG,CHLA_SHIP_FLAG,Chlorophyll-a,NRSA 1314 Water Column Chlorophyll,Chlorophyll a for NA,2013–2014 EPA metadata,PCHL | WCHL,,,,,Same label appears for multiple sample/record types,watercolumn_chla,2,2
1314,watercolumn_chla_CHLA_VOLUME_ADJUST,CHLA_VOLUME_ADJUST,Chlorophyll-a,NRSA 1314 Water Column Chlorophyll,Chlorophyll a for NA,2013–2014 EPA metadata,PCHL | WCHL,,,,,Same label appears for multiple sample/record types,watercolumn_chla,2,2
1314,watercolumn_chla_CHLA_VOLUME_FILTERED,CHLA_VOLUME_FILTERED,Chlorophyll-a,NRSA 1314 Water Column Chlorophyll,Chlorophyll a for NA,2013–2014 EPA metadata,PCHL | WCHL,,,,,Same label appears for multiple sample/record types,watercolumn_chla,2,2
1314,enterococci_DATE_COL,DATE_COL,Enterococci,NRSA 1314 Enterococci Indicator,Date of data collection in field,2018–2019 EPA metadata fallback,VERIF,,,,,2013 metadata label blank — later EPA definition supplied,enterococci,14,1
1314,enterococci_ENT_1X_CCE_100ML,ENT_1X_CCE_100ML,Enterococci,NRSA 1314 Enterococci Indicator,"Estimated enterococci CCE / 100 mL of water sample volume from ORD analysis of undiluted DNA extracts and CCE / extract calculations from EPA Method 1609 calculation spreadsheet. CCE are based on 15:1 calibrator target sequence equivalent (CSE) to CCE ratio established for RWQC guideline values. CCE / extract was multiplied by 100 ÷ filtered sample volume to obtain final estimate /100 ml. \QC fail\"" denotes analysis results that did not meet Method 1609 control assay acceptance criteria.""",2018–2019 EPA metadata fallback,ENTE,,,,,2013 metadata label blank — later EPA definition supplied,enterococci,2,1
1314,enterococci_INDEX_VISIT,INDEX_VISIT,Enterococci,NRSA 1314 Enterococci Indicator,,Not supplied in listed EPA metadata,VERIF,,,,,No label supplied in listed EPA metadata,enterococci,10,1
1314,enterococci_SITE_ID,SITE_ID,Enterococci,NRSA 1314 Enterococci Indicator,Site ID,2018–2019 EPA metadata fallback,DESIGN | LANDSCAPE | VERIF,,,,,2013 metadata label blank — later EPA definition supplied,enterococci,14,3
1314,enterococci_UID,UID,Enterococci,NRSA 1314 Enterococci Indicator,Unique site visit ID,2013–2014 EPA metadata,,,,,,Single metadata definition,enterococci,15,1
1314,enterococci_VISIT_NO,VISIT_NO,Enterococci,NRSA 1314 Enterococci Indicator,Number identifying which visit this is,2018–2019 EPA metadata fallback,VERIF,,|1|2,,,2013 metadata label blank — later EPA definition supplied,enterococci,14,1
1314,enterococci_YEAR,YEAR,Enterococci,NRSA 1314 Enterococci Indicator,,Not supplied in listed EPA metadata,VERIF,,,,,No label supplied in listed EPA metadata,enterococci,7,1
1314,fieldchem_AG_ECO9_NM,AG_ECO9_NM,Field Chemistry Measures,NRSA 1314 Field Chemistry Measures,NARS 9-level reporting region Name,2013–2014 EPA metadata,DESIGN,,,,,Single metadata definition,fieldchem,7,1
1314,fieldchem_CONDUCTIVITY,CONDUCTIVITY,Field Chemistry Measures,NRSA 1314 Field Chemistry Measures,Conductivity (uS/cm),2013–2014 EPA metadata,FISH,,,,,Single metadata definition,fieldchem,1,1
1314,fieldchem_DATE_COL,DATE_COL,Field Chemistry Measures,NRSA 1314 Field Chemistry Measures,Date of data collection in field,2013–2014 EPA metadata,VERIF,,,,,Single metadata definition,fieldchem,14,1
1314,fieldchem_INDEX_VISIT,INDEX_VISIT,Field Chemistry Measures,NRSA 1314 Field Chemistry Measures,Index visit Y/blank,2013–2014 EPA metadata,VERIF,,,,,Single metadata definition,fieldchem,10,1
1314,fieldchem_LAT_DD83,LAT_DD83,Field Chemistry Measures,NRSA 1314 Field Chemistry Measures,Latitude in decimal degrees NAD83,2013–2014 EPA metadata,LANDSCAPE,,,,,Single metadata definition,fieldchem,8,1
1314,fieldchem_LOCATION,LOCATION,Field Chemistry Measures,NRSA 1314 Field Chemistry Measures,Location of gps lat/long taken,2013–2014 EPA metadata,VERIF,,,,,Single metadata definition,fieldchem,1,1
1314,fieldchem_LON_DD83,LON_DD83,Field Chemistry Measures,NRSA 1314 Field Chemistry Measures,Longitude in decimal degrees NAD83,2013–2014 EPA metadata,LANDSCAPE,,,,,Single metadata definition,fieldchem,8,1
1314,fieldchem_PSTL_CODE,PSTL_CODE,Field Chemistry Measures,NRSA 1314 Field Chemistry Measures,State two-letter postal code,2013–2014 EPA metadata,DESIGN,,,,,Single metadata definition,fieldchem,7,1
1314,fieldchem_PUBLICATION_DATE,PUBLICATION_DATE,Field Chemistry Measures,NRSA 1314 Field Chemistry Measures,Date of data file publication,2013–2014 EPA metadata,,,,,,Single metadata definition,fieldchem,9,1
1314,fieldchem_SAMPLE_TYPE,SAMPLE_TYPE,Field Chemistry Measures,NRSA 1314 Field Chemistry Measures,Sample type,2013–2014 EPA metadata,,,,,,Single metadata definition,fieldchem,4,1
1314,fieldchem_SITE_ID,SITE_ID,Field Chemistry Measures,NRSA 1314 Field Chemistry Measures,Unique Site ID assigned for NRSA13-14,2013–2014 EPA metadata,LANDSCAPE,,,,,Single metadata definition,fieldchem,14,1
1314,fieldchem_SITETYPE,SITETYPE,Field Chemistry Measures,NRSA 1314 Field Chemistry Measures,Site type (Probability-based or hand-picked),2013–2014 EPA metadata,DESIGN,,,,,Single metadata definition,fieldchem,10,1
1314,fieldchem_TEMPERATURE,TEMPERATURE,Field Chemistry Measures,NRSA 1314 Field Chemistry Measures,Temperature (C),2013–2014 EPA metadata,FISH,,,,,Single metadata definition,fieldchem,1,1
1314,fieldchem_UID,UID,Field Chemistry Measures,NRSA 1314 Field Chemistry Measures,Unique site visit ID,2013–2014 EPA metadata,,,,,,Single metadata definition,fieldchem,15,1
1314,fieldchem_VISIT_NO,VISIT_NO,Field Chemistry Measures,NRSA 1314 Field Chemistry Measures,Number identifying which visit this is,2013–2014 EPA metadata,VERIF,,,,,Single metadata definition,fieldchem,14,1
1314,fish_mmi_AG_ECO9_NM,AG_ECO9_NM,Fish,NRSA 1314 Fish MMI,NARS 9-level reporting region Name | NARS 9-level reporting region name Text names. No missing values allowed.,2013–2014 EPA metadata,DESIGN,,Text names,,,Multiple protocol-specific labels — see Metadata Detail,fish_mmi,7,2
1314,fish_mmi_ALIENNTAX_PT,ALIENNTAX_PT,Fish,NRSA 1314 Fish MMI,Score for ALIENNTAX used in MMI,2013–2014 EPA metadata,FISH,NONE,,,,Single metadata definition,fish_mmi,1,1
1314,fish_mmi_ALIENNTAX_WS,ALIENNTAX_WS,Fish,NRSA 1314 Fish MMI,Traditional MMI watershed adjusted value for ALIENNTAX,2013–2014 EPA metadata,FISH,NONE,,,,Single metadata definition,fish_mmi,1,1
1314,fish_mmi_ALIENNTAX_WS_PT,ALIENNTAX_WS_PT,Fish,NRSA 1314 Fish MMI,Traditional MMI watershed adjusted metric score for ALIENNTAX,2013–2014 EPA metadata,FISH,NONE,,0.0,10.0,Single metadata definition,fish_mmi,1,1
1314,fish_mmi_ALIENPIND_WS,ALIENPIND_WS,Fish,NRSA 1314 Fish MMI,Traditional MMI watershed adjusted value for ALIENPIND,2013–2014 EPA metadata,FISH,NONE,,,,Single metadata definition,fish_mmi,1,1
1314,fish_mmi_ALIENPIND_WS_PT,ALIENPIND_WS_PT,Fish,NRSA 1314 Fish MMI,Traditional MMI watershed adjusted metric score for ALIENPIND,2013–2014 EPA metadata,FISH,NONE,,0.0,10.0,Single metadata definition,fish_mmi,1,1
1314,fish_mmi_BENTINVPTAX_WS,BENTINVPTAX_WS,Fish,NRSA 1314 Fish MMI,Traditional MMI watershed adjusted value for BENTINVPTAX,2013–2014 EPA metadata,FISH,NONE,,,,Single metadata definition,fish_mmi,1,1
1314,fish_mmi_BENTINVPTAX_WS_PT,BENTINVPTAX_WS_PT,Fish,NRSA 1314 Fish MMI,Traditional MMI watershed adjusted metric score for BENTINVPTAX,2013–2014 EPA metadata,FISH,NONE,,,,Single metadata definition,fish_mmi,1,1
1314,fish_mmi_CARNNTAX_WS,CARNNTAX_WS,Fish,NRSA 1314 Fish MMI,Traditional MMI watershed adjusted value for CARNNTAX,2013–2014 EPA metadata,FISH,NONE,,,,Single metadata definition,fish_mmi,1,1
1314,fish_mmi_CARNNTAX_WS_PT,CARNNTAX_WS_PT,Fish,NRSA 1314 Fish MMI,Traditional MMI watershed adjusted metric score for CARNNTAX,2013–2014 EPA metadata,FISH,NONE,,0.0,10.0,Single metadata definition,fish_mmi,1,1
1314,fish_mmi_CENTPTAX_PT,CENTPTAX_PT,Fish,NRSA 1314 Fish MMI,Traditional MMI metric score for CENTPTAX,2013–2014 EPA metadata,FISH,NONE,,0.0,10.0,Single metadata definition,fish_mmi,1,1
1314,fish_mmi_CYPRNTAX_PT,CYPRNTAX_PT,Fish,NRSA 1314 Fish MMI,Traditional MMI metric score for CYPRNTAX,2013–2014 EPA metadata,FISH,NONE,,0.0,10.0,Single metadata definition,fish_mmi,1,1
1314,fish_mmi_CYPRPTAX_WS,CYPRPTAX_WS,Fish,NRSA 1314 Fish MMI,Traditional MMI watershed adjusted value for CYPRPTAX,2013–2014 EPA metadata,FISH,NONE,,,,Single metadata definition,fish_mmi,1,1
1314,fish_mmi_CYPRPTAX_WS_PT,CYPRPTAX_WS_PT,Fish,NRSA 1314 Fish MMI,Traditional MMI watershed adjusted metric score for CYPRPTAX,2013–2014 EPA metadata,FISH,NONE,,0.0,10.0,Single metadata definition,fish_mmi,1,1
1314,fish_mmi_DATE_COL,DATE_COL,Fish,NRSA 1314 Fish MMI,Date of data collection in field,2013–2014 EPA metadata,VERIF,,,,,Single metadata definition,fish_mmi,14,1
1314,fish_mmi_FISH_SAMPLING,FISH_SAMPLING,Fish,NRSA 1314 Fish MMI,Fish Sampling - not conducted or suspended,2013–2014 EPA metadata,FISH,,|NO_FISH|NOT_FISHED_REACH_MIN|NO_PERMIT|SITE_CONDITIONS|PERMIT_RESTRICT|EQUIPMENT_FAILURE|OTHER,,,Single metadata definition,fish_mmi,2,1
1314,fish_mmi_HERBPTAX_PT,HERBPTAX_PT,Fish,NRSA 1314 Fish MMI,Traditional MMI metric score for HERBPTAX,2013–2014 EPA metadata,FISH,NONE,,0.0,10.0,Single metadata definition,fish_mmi,1,1
1314,fish_mmi_INDEX_VISIT,INDEX_VISIT,Fish,NRSA 1314 Fish MMI,Index visit Y/blank,2013–2014 EPA metadata,VERIF,,,,,Single metadata definition,fish_mmi,10,1
1314,fish_mmi_INTLINVPTAX_PT,INTLINVPTAX_PT,Fish,NRSA 1314 Fish MMI,Traditional MMI metric score for INTLINVPTAX,2013–2014 EPA metadata,FISH,NONE,,0.0,10.0,Single metadata definition,fish_mmi,1,1
1314,fish_mmi_INTLLOTNTAX_WS,INTLLOTNTAX_WS,Fish,NRSA 1314 Fish MMI,Traditional MMI watershed adjusted value for INTLLOTNTAX,2013–2014 EPA metadata,FISH,NONE,,,,Single metadata definition,fish_mmi,1,1
1314,fish_mmi_INTLLOTNTAX_WS_PT,INTLLOTNTAX_WS_PT,Fish,NRSA 1314 Fish MMI,Traditional MMI watershed adjusted metric score for INTLLOTNTAX,2013–2014 EPA metadata,FISH,NONE,,0.0,10.0,Single metadata definition,fish_mmi,1,1
1314,fish_mmi_INTLLOTPTAX_WS,INTLLOTPTAX_WS,Fish,NRSA 1314 Fish MMI,Traditional MMI watershed adjusted value for INTLLOTPTAX,2013–2014 EPA metadata,FISH,NONE,,,,Single metadata definition,fish_mmi,1,1
1314,fish_mmi_INTLLOTPTAX_WS_PT,INTLLOTPTAX_WS_PT,Fish,NRSA 1314 Fish MMI,Traditional MMI watershed adjusted metric score for INTLLOTPTAX,2013–2014 EPA metadata,FISH,NONE,,0.0,10.0,Single metadata definition,fish_mmi,1,1
1314,fish_mmi_INTLMIGRNTAX_PT,INTLMIGRNTAX_PT,Fish,NRSA 1314 Fish MMI,Traditional MMI metric score for INTLMIGRNTAX,2013–2014 EPA metadata,FISH,NONE,,0.0,10.0,Single metadata definition,fish_mmi,1,1
1314,fish_mmi_INTLMIGRPIND_PT,INTLMIGRPIND_PT,Fish,NRSA 1314 Fish MMI,Traditional MMI metric score for INTLMIGRPIND,2013–2014 EPA metadata,FISH,NONE,,0.0,10.0,Single metadata definition,fish_mmi,1,1
1314,fish_mmi_INTLMIGRPTAX_PT,INTLMIGRPTAX_PT,Fish,NRSA 1314 Fish MMI,Score for INTLMIGRPTAX used in MMI,2013–2014 EPA metadata,FISH,NONE,,,,Single metadata definition,fish_mmi,1,1
1314,fish_mmi_INTLPTAX_PT,INTLPTAX_PT,Fish,NRSA 1314 Fish MMI,Traditional MMI metric score for INTLPTAX,2013–2014 EPA metadata,FISH,NONE,,0.0,10.0,Single metadata definition,fish_mmi,1,1
1314,fish_mmi_INVNTAX_PT,INVNTAX_PT,Fish,NRSA 1314 Fish MMI,Traditional MMI metric score for INVNTAX,2013–2014 EPA metadata,FISH,NONE,,0.0,10.0,Single metadata definition,fish_mmi,1,1
1314,fish_mmi_INVPIND_WS,INVPIND_WS,Fish,NRSA 1314 Fish MMI,Traditional MMI watershed adjusted value for INVPIND,2013–2014 EPA metadata,FISH,NONE,,,,Single metadata definition,fish_mmi,1,1
1314,fish_mmi_INVPIND_WS_PT,INVPIND_WS_PT,Fish,NRSA 1314 Fish MMI,Traditional MMI watershed adjusted metric score for INVPIND,2013–2014 EPA metadata,FISH,NONE,,0.0,10.0,Single metadata definition,fish_mmi,1,1
1314,fish_mmi_INVPTAX_PT,INVPTAX_PT,Fish,NRSA 1314 Fish MMI,Score for INVPTAX used in MMI,2013–2014 EPA metadata,FISH,NONE,,0.0,10.0,Single metadata definition,fish_mmi,1,1
1314,fish_mmi_LAT_DD83,LAT_DD83,Fish,NRSA 1314 Fish MMI,Latitude (based on NAD83 datum) for stream site from NHD-based sample frame. | Latitude (based on NAD83 datum) for stream site from NHDPlusV2 Numeric. No missing values allowed.,2013–2014 EPA metadata,DESIGN,,Numeric,,,Multiple protocol-specific labels — see Metadata Detail,fish_mmi,8,2
1314,fish_mmi_LITHNTAX_PT,LITHNTAX_PT,Fish,NRSA 1314 Fish MMI,Traditional MMI metric score for LITHNTAX,2013–2014 EPA metadata,FISH,NONE,,0.0,10.0,Single metadata definition,fish_mmi,1,1
1314,fish_mmi_LITHNTAX_WS,LITHNTAX_WS,Fish,NRSA 1314 Fish MMI,Traditional MMI watershed adjusted value for LITHNTAX,2013–2014 EPA metadata,FISH,NONE,,,,Single metadata definition,fish_mmi,1,1
1314,fish_mmi_LITHNTAX_WS_PT,LITHNTAX_WS_PT,Fish,NRSA 1314 Fish MMI,Traditional MMI watershed adjusted metric score for LITHNTAX,2013–2014 EPA metadata,FISH,NONE,,0.0,10.0,Single metadata definition,fish_mmi,1,1
1314,fish_mmi_LITHPIND_PT,LITHPIND_PT,Fish,NRSA 1314 Fish MMI,Score for LITHPIND used in MMI,2013–2014 EPA metadata,FISH,NONE,,0.0,10.0,Single metadata definition,fish_mmi,1,1
1314,fish_mmi_LITHPIND_WS,LITHPIND_WS,Fish,NRSA 1314 Fish MMI,Traditional MMI watershed adjusted value for LITHPIND,2013–2014 EPA metadata,FISH,NONE,,,,Single metadata definition,fish_mmi,1,1
1314,fish_mmi_LITHPIND_WS_PT,LITHPIND_WS_PT,Fish,NRSA 1314 Fish MMI,Traditional MMI watershed adjusted metric score for LITHPIND,2013–2014 EPA metadata,FISH,NONE,,0.0,10.0,Single metadata definition,fish_mmi,1,1
1314,fish_mmi_LITHPTAX_PT,LITHPTAX_PT,Fish,NRSA 1314 Fish MMI,Score for LITHPTAX used in MMI,2013–2014 EPA metadata,FISH,NONE,,,,Single metadata definition,fish_mmi,1,1
1314,fish_mmi_LITHPTAX_WS,LITHPTAX_WS,Fish,NRSA 1314 Fish MMI,Traditional MMI watershed adjusted value for LITHPTAX,2013–2014 EPA metadata,FISH,NONE,,,,Single metadata definition,fish_mmi,1,1
1314,fish_mmi_LITHPTAX_WS_PT,LITHPTAX_WS_PT,Fish,NRSA 1314 Fish MMI,Traditional MMI watershed adjusted metric score for LITHPTAX,2013–2014 EPA metadata,FISH,NONE,,0.0,10.0,Single metadata definition,fish_mmi,1,1
1314,fish_mmi_LON_DD83,LON_DD83,Fish,NRSA 1314 Fish MMI,Longitude (based on NAD83 datum) for stream site from NHD-based sample frame. | Longitude (based on NAD83 datum) for stream site from NHDPlusV2 Numeric. No missing values allowed.,2013–2014 EPA metadata,DESIGN,,Numeric,,,Multiple protocol-specific labels — see Metadata Detail,fish_mmi,8,2
1314,fish_mmi_LOTNTAX_WS,LOTNTAX_WS,Fish,NRSA 1314 Fish MMI,Traditional MMI watershed adjusted value for LOTNTAX,2013–2014 EPA metadata,FISH,NONE,,,,Single metadata definition,fish_mmi,1,1
1314,fish_mmi_LOTNTAX_WS_PT,LOTNTAX_WS_PT,Fish,NRSA 1314 Fish MMI,Traditional MMI watershed adjusted metric score for LOTNTAX,2013–2014 EPA metadata,FISH,NONE,,0.0,10.0,Single metadata definition,fish_mmi,1,1
1314,fish_mmi_LOTPIND_WS,LOTPIND_WS,Fish,NRSA 1314 Fish MMI,Traditional MMI watershed adjusted value for LOTPIND,2013–2014 EPA metadata,FISH,NONE,,,,Single metadata definition,fish_mmi,1,1
1314,fish_mmi_LOTPIND_WS_PT,LOTPIND_WS_PT,Fish,NRSA 1314 Fish MMI,Traditional MMI watershed adjusted metric score for LOTPIND,2013–2014 EPA metadata,FISH,NONE,,0.0,10.0,Single metadata definition,fish_mmi,1,1
1314,fish_mmi_MIGRNTAX_WS,MIGRNTAX_WS,Fish,NRSA 1314 Fish MMI,Traditional MMI watershed adjusted value for MIGRNTAX,2013–2014 EPA metadata,FISH,NONE,,,,Single metadata definition,fish_mmi,1,1
1314,fish_mmi_MIGRNTAX_WS_PT,MIGRNTAX_WS_PT,Fish,NRSA 1314 Fish MMI,Traditional MMI watershed adjusted metric score for MIGRNTAX,2013–2014 EPA metadata,FISH,NONE,,0.0,10.0,Single metadata definition,fish_mmi,1,1
1314,fish_mmi_MIGRPTAX_WS,MIGRPTAX_WS,Fish,NRSA 1314 Fish MMI,Traditional MMI watershed adjusted value for MIGRPTAX,2013–2014 EPA metadata,FISH,NONE,,,,Single metadata definition,fish_mmi,1,1
1314,fish_mmi_MIGRPTAX_WS_PT,MIGRPTAX_WS_PT,Fish,NRSA 1314 Fish MMI,Traditional MMI watershed adjusted metric score for MIGRPTAX,2013–2014 EPA metadata,FISH,NONE,,0.0,10.0,Single metadata definition,fish_mmi,1,1
1314,fish_mmi_MMI_FISH,MMI_FISH,Fish,NRSA 1314 Fish MMI,Traditional MMI watershed adjusted value for MMI_FISH,2013–2014 EPA metadata,FISH,NONE,,,,Single metadata definition,fish_mmi,2,1
1314,fish_mmi_NAT_CARNNTAX_WS,NAT_CARNNTAX_WS,Fish,NRSA 1314 Fish MMI,Traditional MMI watershed adjusted value for NAT_CARNNTAX,2013–2014 EPA metadata,FISH,NONE,,,,Single metadata definition,fish_mmi,1,1
1314,fish_mmi_NAT_CARNNTAX_WS_PT,NAT_CARNNTAX_WS_PT,Fish,NRSA 1314 Fish MMI,Traditional MMI watershed adjusted metric score for NAT_CARNNTAX,2013–2014 EPA metadata,FISH,NONE,,0.0,10.0,Single metadata definition,fish_mmi,1,1
1314,fish_mmi_NAT_CATOPIND_PT,NAT_CATOPIND_PT,Fish,NRSA 1314 Fish MMI,Traditional MMI metric score for NAT_CATOPIND,2013–2014 EPA metadata,FISH,NONE,,0.0,10.0,Single metadata definition,fish_mmi,1,1
1314,fish_mmi_NAT_CENTNTAX_WS,NAT_CENTNTAX_WS,Fish,NRSA 1314 Fish MMI,Traditional MMI watershed adjusted value for NAT_CENTNTAX,2013–2014 EPA metadata,FISH,NONE,,,,Single metadata definition,fish_mmi,1,1
1314,fish_mmi_NAT_CENTNTAX_WS_PT,NAT_CENTNTAX_WS_PT,Fish,NRSA 1314 Fish MMI,Traditional MMI watershed adjusted metric score for NAT_CENTNTAX,2013–2014 EPA metadata,FISH,NONE,,0.0,10.0,Single metadata definition,fish_mmi,1,1
1314,fish_mmi_NAT_CYPRPIND_PT,NAT_CYPRPIND_PT,Fish,NRSA 1314 Fish MMI,Traditional MMI metric score for NAT_CYPRPIND,2013–2014 EPA metadata,FISH,NONE,,0.0,10.0,Single metadata definition,fish_mmi,1,1
1314,fish_mmi_NAT_HERBPTAX_PT,NAT_HERBPTAX_PT,Fish,NRSA 1314 Fish MMI,Score for NAT_HERBPTAX used in MMI,2013–2014 EPA metadata,FISH,NONE,,,,Single metadata definition,fish_mmi,1,1
1314,fish_mmi_NAT_ICTAPIND_WS,NAT_ICTAPIND_WS,Fish,NRSA 1314 Fish MMI,Traditional MMI watershed adjusted value for NAT_ICTAPIND,2013–2014 EPA metadata,FISH,NONE,,,,Single metadata definition,fish_mmi,1,1
1314,fish_mmi_NAT_ICTAPIND_WS_PT,NAT_ICTAPIND_WS_PT,Fish,NRSA 1314 Fish MMI,Traditional MMI watershed adjusted metric score for NAT_ICTAPIND,2013–2014 EPA metadata,FISH,NONE,,0.0,10.0,Single metadata definition,fish_mmi,1,1
1314,fish_mmi_NAT_INTLPIND_WS,NAT_INTLPIND_WS,Fish,NRSA 1314 Fish MMI,Traditional MMI watershed adjusted value for NAT_INTLPIND,2013–2014 EPA metadata,FISH,NONE,,,,Single metadata definition,fish_mmi,1,1
1314,fish_mmi_NAT_INTLPIND_WS_PT,NAT_INTLPIND_WS_PT,Fish,NRSA 1314 Fish MMI,Traditional MMI watershed adjusted metric score for NAT_INTLPIND,2013–2014 EPA metadata,FISH,NONE,,0.0,10.0,Single metadata definition,fish_mmi,1,1
1314,fish_mmi_NAT_LITHPIND_WS,NAT_LITHPIND_WS,Fish,NRSA 1314 Fish MMI,Traditional MMI watershed adjusted value for NAT_LITHPIND,2013–2014 EPA metadata,FISH,NONE,,,,Single metadata definition,fish_mmi,1,1
1314,fish_mmi_NAT_LITHPIND_WS_PT,NAT_LITHPIND_WS_PT,Fish,NRSA 1314 Fish MMI,Traditional MMI watershed adjusted metric score for NAT_LITHPIND,2013–2014 EPA metadata,FISH,NONE,,0.0,10.0,Single metadata definition,fish_mmi,1,1
1314,fish_mmi_NAT_MIGRNTAX_PT,NAT_MIGRNTAX_PT,Fish,NRSA 1314 Fish MMI,Traditional MMI metric score for NAT_MIGRNTAX,2013–2014 EPA metadata,FISH,NONE,,0.0,10.0,Single metadata definition,fish_mmi,1,1
1314,fish_mmi_NAT_MIGRPTAX_WS,NAT_MIGRPTAX_WS,Fish,NRSA 1314 Fish MMI,Traditional MMI watershed adjusted value for NAT_MIGRPTAX,2013–2014 EPA metadata,FISH,NONE,,,,Single metadata definition,fish_mmi,1,1
1314,fish_mmi_NAT_MIGRPTAX_WS_PT,NAT_MIGRPTAX_WS_PT,Fish,NRSA 1314 Fish MMI,Traditional MMI watershed adjusted metric score for NAT_MIGRPTAX,2013–2014 EPA metadata,FISH,NONE,,0.0,10.0,Single metadata definition,fish_mmi,1,1
1314,fish_mmi_NAT_NTOLBENTPTAX_PT,NAT_NTOLBENTPTAX_PT,Fish,NRSA 1314 Fish MMI,Score for NAT_NTOLBENTPTAX used in MMI,2013–2014 EPA metadata,FISH,NONE,,0.0,10.0,Single metadata definition,fish_mmi,1,1
1314,fish_mmi_NAT_NTOLNTAX_PT,NAT_NTOLNTAX_PT,Fish,NRSA 1314 Fish MMI,Traditional MMI metric score for NAT_NTOLNTAX,2013–2014 EPA metadata,FISH,NONE,,0.0,10.0,Single metadata definition,fish_mmi,1,1
1314,fish_mmi_NAT_NTOLNTAX_WS,NAT_NTOLNTAX_WS,Fish,NRSA 1314 Fish MMI,Traditional MMI watershed adjusted value for NAT_NTOLNTAX,2013–2014 EPA metadata,FISH,NONE,,,,Single metadata definition,fish_mmi,1,1
1314,fish_mmi_NAT_NTOLNTAX_WS_PT,NAT_NTOLNTAX_WS_PT,Fish,NRSA 1314 Fish MMI,Traditional MMI watershed adjusted metric score for NAT_NTOLNTAX,2013–2014 EPA metadata,FISH,NONE,,0.0,10.0,Single metadata definition,fish_mmi,1,1
1314,fish_mmi_NAT_PIND_PT,NAT_PIND_PT,Fish,NRSA 1314 Fish MMI,Score for NAT_PIND used in MMI,2013–2014 EPA metadata,FISH,NONE,,0.0,10.0,Single metadata definition,fish_mmi,1,1
1314,fish_mmi_NAT_PTAX_PT,NAT_PTAX_PT,Fish,NRSA 1314 Fish MMI,Score for NAT_PTAX used in MMI,2013–2014 EPA metadata,FISH,NONE,,0.0,10.0,Single metadata definition,fish_mmi,1,1
1314,fish_mmi_NAT_RHEOPIND_PT,NAT_RHEOPIND_PT,Fish,NRSA 1314 Fish MMI,Traditional MMI metric score for NAT_RHEOPIND,2013–2014 EPA metadata,FISH,NONE,,0.0,10.0,Single metadata definition,fish_mmi,1,1
1314,fish_mmi_NAT_TOTLNTAX_WS,NAT_TOTLNTAX_WS,Fish,NRSA 1314 Fish MMI,Traditional MMI watershed adjusted value for NAT_TOTLNTAX,2013–2014 EPA metadata,FISH,NONE,,,,Single metadata definition,fish_mmi,1,1
1314,fish_mmi_NAT_TOTLNTAX_WS_PT,NAT_TOTLNTAX_WS_PT,Fish,NRSA 1314 Fish MMI,Traditional MMI watershed adjusted metric score for NAT_TOTLNTAX,2013–2014 EPA metadata,FISH,NONE,,0.0,10.0,Single metadata definition,fish_mmi,1,1
1314,fish_mmi_NTOLNTAX_WS,NTOLNTAX_WS,Fish,NRSA 1314 Fish MMI,Traditional MMI watershed adjusted value for NTOLNTAX,2013–2014 EPA metadata,FISH,NONE,,,,Single metadata definition,fish_mmi,1,1
1314,fish_mmi_NTOLNTAX_WS_PT,NTOLNTAX_WS_PT,Fish,NRSA 1314 Fish MMI,Traditional MMI watershed adjusted metric score for NTOLNTAX,2013–2014 EPA metadata,FISH,NONE,,0.0,10.0,Single metadata definition,fish_mmi,1,1
1314,fish_mmi_NTOLPTAX_PT,NTOLPTAX_PT,Fish,NRSA 1314 Fish MMI,Score for NTOLPTAX used in MMI,2013–2014 EPA metadata,FISH,NONE,,0.0,10.0,Single metadata definition,fish_mmi,1,1
1314,fish_mmi_NTOLPTAX_WS,NTOLPTAX_WS,Fish,NRSA 1314 Fish MMI,Traditional MMI watershed adjusted value for NTOLPTAX,2013–2014 EPA metadata,FISH,NONE,,,,Single metadata definition,fish_mmi,1,1
1314,fish_mmi_NTOLPTAX_WS_PT,NTOLPTAX_WS_PT,Fish,NRSA 1314 Fish MMI,Traditional MMI watershed adjusted metric score for NTOLPTAX,2013–2014 EPA metadata,FISH,NONE,,0.0,10.0,Single metadata definition,fish_mmi,1,1
1314,fish_mmi_PSTL_CODE,PSTL_CODE,Fish,NRSA 1314 Fish MMI,"State two-letter postal code | State two letter postal code 50 state postal codes plus AS, MP, GU, PR, VI for American Samoa, Commonwealth of Northern Marianas, Guam, Puerto Rico and Virgin Islands. No missing values allowed.",2013–2014 EPA metadata,DESIGN,,,,,Multiple protocol-specific labels — see Metadata Detail,fish_mmi,7,2
1314,fish_mmi_PUBLICATION_DATE,PUBLICATION_DATE,Fish,NRSA 1314 Fish MMI,Date of data file publication,2013–2014 EPA metadata,,,,,,Same label appears for multiple sample/record types,fish_mmi,9,3
1314,fish_mmi_RBCATONTAX_PT,RBCATONTAX_PT,Fish,NRSA 1314 Fish MMI,Traditional MMI metric score for RBCATONTAX,2013–2014 EPA metadata,FISH,NONE,,0.0,10.0,Single metadata definition,fish_mmi,1,1
1314,fish_mmi_RHEONTAX_PT,RHEONTAX_PT,Fish,NRSA 1314 Fish MMI,Traditional MMI metric score for RHEONTAX,2013–2014 EPA metadata,FISH,NONE,,0.0,10.0,Single metadata definition,fish_mmi,1,1
1314,fish_mmi_RHEOPIND_PT,RHEOPIND_PT,Fish,NRSA 1314 Fish MMI,Traditional MMI metric score for RHEOPIND,2013–2014 EPA metadata,FISH,NONE,,0.0,10.0,Single metadata definition,fish_mmi,1,1
1314,fish_mmi_RT_NRSA,RT_NRSA,Fish,NRSA 1314 Fish MMI,"NRSA Reference Class Assignment: R=reference, S=intermediate, T=impacted, ?=Cannot be evaluated due to missing info",2013–2014 EPA metadata,EVAL,,R|S|T|?,,,Single metadata definition,fish_mmi,2,1
1314,fish_mmi_SALMNTAX_PT,SALMNTAX_PT,Fish,NRSA 1314 Fish MMI,Traditional MMI metric score for SALMNTAX,2013–2014 EPA metadata,FISH,NONE,,0.0,10.0,Single metadata definition,fish_mmi,1,1
1314,fish_mmi_SAMPLED_FISH,SAMPLED_FISH,Fish,NRSA 1314 Fish MMI,Whether site sampled sufficiently,2013–2014 EPA metadata,FISH,,,,,Single metadata definition,fish_mmi,2,1
1314,fish_mmi_SITE_ID,SITE_ID,Fish,NRSA 1314 Fish MMI,"Site ID for the study and year sampled. Preferred form is NRSnn_MM-xxxxx where nn is current cycle year (04, 08, 13, 18, etc), MM is two letter state code, and xxxxx is between 10001 and 99999. Text. No missing values allowed. | Site ID",2013–2014 EPA metadata,DESIGN | VERIF,,,,,Multiple protocol-specific labels — see Metadata Detail,fish_mmi,14,2
1314,fish_mmi_SITETYPE,SITETYPE,Fish,NRSA 1314 Fish MMI,"Site type (Probability-based or hand-picked). PROB for sites from probability survey. Usually HAND for hand-picked sites. In EMAP West and WSA, STARHAND is used to identify hand-picked sites that do not have all CORE indicators available. | Site type (Probability-based or hand-picked)",2013–2014 EPA metadata,DESIGN,,PROB | HAND,,,Multiple protocol-specific labels — see Metadata Detail,fish_mmi,10,2
1314,fish_mmi_TOLRNTAX_PT,TOLRNTAX_PT,Fish,NRSA 1314 Fish MMI,Score for TOLRNTAX used in MMI,2013–2014 EPA metadata,FISH,NONE,,0.0,10.0,Single metadata definition,fish_mmi,1,1
1314,fish_mmi_TOLRNTAX_WS,TOLRNTAX_WS,Fish,NRSA 1314 Fish MMI,Traditional MMI watershed adjusted value for TOLRNTAX,2013–2014 EPA metadata,FISH,NONE,,,,Single metadata definition,fish_mmi,1,1
1314,fish_mmi_TOLRNTAX_WS_PT,TOLRNTAX_WS_PT,Fish,NRSA 1314 Fish MMI,Traditional MMI watershed adjusted metric score for TOLRNTAX,2013–2014 EPA metadata,FISH,NONE,,0.0,10.0,Single metadata definition,fish_mmi,1,1
1314,fish_mmi_TOLRPTAX_PT,TOLRPTAX_PT,Fish,NRSA 1314 Fish MMI,Score for TOLRPTAX used in MMI,2013–2014 EPA metadata,FISH,NONE,,0.0,10.0,Single metadata definition,fish_mmi,1,1
1314,fish_mmi_UID,UID,Fish,NRSA 1314 Fish MMI,Unique site visit ID,2013–2014 EPA metadata,,,,,,Same label appears for multiple sample/record types,fish_mmi,15,3
1314,fish_mmi_VISIT_NO,VISIT_NO,Fish,NRSA 1314 Fish MMI,Number identifying which visit this is,2013–2014 EPA metadata,VERIF,,|1|2,,,Single metadata definition,fish_mmi,14,1
1314,fish_count_AG_ECO9_NM,AG_ECO9_NM,Fish,NRSA 1314 Fish Counts,,Not supplied in listed EPA metadata,DESIGN,,,,,No label supplied in listed EPA metadata,fish_count,7,1
1314,fish_count_ANOM_CT,ANOM_CT,Fish,NRSA 1314 Fish Counts,Total number of anomalies for taxon in sample,2018–2019 EPA metadata fallback,FISH,,,0.0,,2013 metadata label blank — later EPA definition supplied,fish_count,1,1
1314,fish_count_DATE_COL,DATE_COL,Fish,NRSA 1314 Fish Counts,Date collected | Date of data collection in field,2018–2019 EPA metadata fallback,VERIF,,,,,2013 metadata label blank — later EPA definition supplied,fish_count,14,1
1314,fish_count_FINAL_NAME,FINAL_NAME,Fish,NRSA 1314 Fish Counts,Final common name assigned to fish count data,2018–2019 EPA metadata fallback,TAXA: Invertebrates | TAXA: Vertebrate,,,,,2013 metadata label blank — later EPA definition supplied,fish_count,2,2
1314,fish_count_INDEX_VISIT,INDEX_VISIT,Fish,NRSA 1314 Fish Counts,,Not supplied in listed EPA metadata,VERIF,,,,,No label supplied in listed EPA metadata,fish_count,10,1
1314,fish_count_IS_DISTINCT,IS_DISTINCT,Fish,NRSA 1314 Fish Counts,Distinctness of taxon within sample,2018–2019 EPA metadata fallback,FISH,,0|1,,,2013 metadata label blank — later EPA definition supplied,fish_count,2,1
1314,fish_count_LAT_DD83,LAT_DD83,Fish,NRSA 1314 Fish Counts,,Not supplied in listed EPA metadata,DESIGN,,,,,No label supplied in listed EPA metadata,fish_count,8,1
1314,fish_count_LON_DD83,LON_DD83,Fish,NRSA 1314 Fish Counts,,Not supplied in listed EPA metadata,DESIGN,,,,,No label supplied in listed EPA metadata,fish_count,8,1
1314,fish_count_NON_NATIVE,NON_NATIVE,Fish,NRSA 1314 Fish Counts,Non-native status (Y/N) | Non-native to the HUC where sample was collected,2018–2019 EPA metadata fallback,FISH,,N|Y,,,2013 metadata label blank — later EPA definition supplied,fish_count,1,2
1314,fish_count_PSTL_CODE,PSTL_CODE,Fish,NRSA 1314 Fish Counts,"State two letter postal code for site sampled. 50 state postal codes plus AS, MP, GU, PR, VI for American Samoa, Commonwealth of Northern Marianas, Guam, Puerto Rico and Virgin Islands. No missing or \blank\"" values allowed.""",2023–2024 EPA metadata fallback,DESIGN,,,,,2013 metadata label blank — later EPA definition supplied,fish_count,7,1
1314,fish_count_PUBLICATION_DATE,PUBLICATION_DATE,Fish,NRSA 1314 Fish Counts,Date of data file publication,2013–2014 EPA metadata,,,,,,Same label appears for multiple sample/record types,fish_count,9,3
1314,fish_count_SITE_ID,SITE_ID,Fish,NRSA 1314 Fish Counts,"Identification code for site | Site ID | Site ID for the study and year sampled. Preferred form is NRSnn_MM-xxxxx where nn is current cycle year (04, 08, 13, 18, etc), MM is two letter state code, and xxxxx is between 10001 and 99999. No missing or \blank\"" values allowed.""",2018–2019 EPA metadata fallback,DESIGN | VERIF,,,,,2013 metadata label blank — later EPA definition supplied,fish_count,14,2
1314,fish_count_SITETYPE,SITETYPE,Fish,NRSA 1314 Fish Counts,"Site type (Probability-based or hand-picked). PROB for sites from probability survey. Usually HAND for hand-picked sites. In EMAP West and WSA, STARHAND is used to identify hand-picked sites that do not have all CORE indicators available.",2013–2014 EPA metadata,,,,,,Single metadata definition,fish_count,10,1
1314,fish_count_TAXA_ID,TAXA_ID,Fish,NRSA 1314 Fish Counts,Taxonomic ID number,2013–2014 EPA metadata,,,,,,Same label appears for multiple sample/record types,fish_count,2,3
1314,fish_count_TOTAL,TOTAL,Fish,NRSA 1314 Fish Counts,Total number of individuals for taxon in sample,2018–2019 EPA metadata fallback,FISH,,,0.0,,2013 metadata label blank — later EPA definition supplied,fish_count,2,1
1314,fish_count_UID,UID,Fish,NRSA 1314 Fish Counts,Unique site visit ID,2013–2014 EPA metadata,,,,,,Same label appears for multiple sample/record types,fish_count,15,3
1314,fish_count_VISIT_NO,VISIT_NO,Fish,NRSA 1314 Fish Counts,Sequential number of visit to site | Number identifying which visit this is,2018–2019 EPA metadata fallback,VERIF,,|1|2,,,2013 metadata label blank — later EPA definition supplied,fish_count,14,1
1314,fish_metrics_AG_ECO9_NM,AG_ECO9_NM,Fish,NRSA 1314 Fish Metric Values,NARS 9-level reporting region Name | NARS 9-level reporting region name Text names. No missing values allowed.,2013–2014 EPA metadata,DESIGN,,Text names,,,Multiple protocol-specific labels — see Metadata Detail,fish_metrics,7,2
1314,fish_metrics_ALIENNTAX,ALIENNTAX,Fish,NRSA 1314 Fish Metric Values,Number of non-native (alien) taxa,2013–2014 EPA metadata,FISH,,,0.0,,Single metadata definition,fish_metrics,1,1
1314,fish_metrics_ALIENPIND,ALIENPIND,Fish,NRSA 1314 Fish Metric Values,% alien individuals,2013–2014 EPA metadata,FISH,,,0.0,100.0,Single metadata definition,fish_metrics,1,1
1314,fish_metrics_ALIENPTAX,ALIENPTAX,Fish,NRSA 1314 Fish Metric Values,% alien taxa,2013–2014 EPA metadata,FISH,,,0.0,100.0,Single metadata definition,fish_metrics,1,1
1314,fish_metrics_ANOMPIND,ANOMPIND,Fish,NRSA 1314 Fish Metric Values,% individuals with anomalies (% DELT anomalies),2013–2014 EPA metadata,FISH,,,0.0,100.0,Single metadata definition,fish_metrics,1,1
1314,fish_metrics_BENTINVNTAX,BENTINVNTAX,Fish,NRSA 1314 Fish Metric Values,Number of benthic invertivore taxa,2013–2014 EPA metadata,FISH,,,,,Single metadata definition,fish_metrics,1,1
1314,fish_metrics_BENTINVPIND,BENTINVPIND,Fish,NRSA 1314 Fish Metric Values,% benthic invertivore individuals,2013–2014 EPA metadata,FISH,,,,,Single metadata definition,fish_metrics,1,1
1314,fish_metrics_BENTINVPTAX,BENTINVPTAX,Fish,NRSA 1314 Fish Metric Values,% benthic invertivore taxa,2013–2014 EPA metadata,FISH,,,,,Single metadata definition,fish_metrics,1,1
1314,fish_metrics_CARNNTAX,CARNNTAX,Fish,NRSA 1314 Fish Metric Values,Number of carnivore taxa,2013–2014 EPA metadata,FISH,,,,,Single metadata definition,fish_metrics,1,1
1314,fish_metrics_CARNPIND,CARNPIND,Fish,NRSA 1314 Fish Metric Values,% carnivore individuals,2013–2014 EPA metadata,FISH,,,,,Single metadata definition,fish_metrics,1,1
1314,fish_metrics_CARNPTAX,CARNPTAX,Fish,NRSA 1314 Fish Metric Values,% carnivore taxa,2013–2014 EPA metadata,FISH,,,,,Single metadata definition,fish_metrics,1,1
1314,fish_metrics_CATONTAX,CATONTAX,Fish,NRSA 1314 Fish Metric Values,No. Catostomid taxa,2013–2014 EPA metadata,FISH,,,0.0,,Single metadata definition,fish_metrics,1,1
1314,fish_metrics_CATOPIND,CATOPIND,Fish,NRSA 1314 Fish Metric Values,% Catostomid individuals,2013–2014 EPA metadata,FISH,,,0.0,100.0,Single metadata definition,fish_metrics,1,1
1314,fish_metrics_CATOPTAX,CATOPTAX,Fish,NRSA 1314 Fish Metric Values,% Catostomid taxa,2013–2014 EPA metadata,FISH,,,0.0,100.0,Single metadata definition,fish_metrics,1,1
1314,fish_metrics_CENTNTAX,CENTNTAX,Fish,NRSA 1314 Fish Metric Values,Number of Centrarchidae taxa (minus Micropterus),2013–2014 EPA metadata,FISH,,,,,Single metadata definition,fish_metrics,1,1
1314,fish_metrics_CENTPIND,CENTPIND,Fish,NRSA 1314 Fish Metric Values,% Centrarchidae individuals (minus Micropterus),2013–2014 EPA metadata,FISH,,,,,Single metadata definition,fish_metrics,1,1
1314,fish_metrics_CENTPTAX,CENTPTAX,Fish,NRSA 1314 Fish Metric Values,% Centrarchidae taxa (minus Micropterus),2013–2014 EPA metadata,FISH,,,,,Single metadata definition,fish_metrics,1,1
1314,fish_metrics_COLDNTAX,COLDNTAX,Fish,NRSA 1314 Fish Metric Values,No. coldwater taxa,2013–2014 EPA metadata,FISH,,,0.0,,Single metadata definition,fish_metrics,1,1
1314,fish_metrics_COLDPIND,COLDPIND,Fish,NRSA 1314 Fish Metric Values,% coldwater individuals,2013–2014 EPA metadata,FISH,,,0.0,100.0,Single metadata definition,fish_metrics,1,1
1314,fish_metrics_COLDPTAX,COLDPTAX,Fish,NRSA 1314 Fish Metric Values,% coldwater taxa,2013–2014 EPA metadata,FISH,,,0.0,100.0,Single metadata definition,fish_metrics,1,1
1314,fish_metrics_CYPRNTAX,CYPRNTAX,Fish,NRSA 1314 Fish Metric Values,Number of Cyprinidae taxa,2013–2014 EPA metadata,FISH,,,,,Single metadata definition,fish_metrics,1,1
1314,fish_metrics_CYPRPIND,CYPRPIND,Fish,NRSA 1314 Fish Metric Values,% Cyprinidae individuals,2013–2014 EPA metadata,FISH,,,,,Single metadata definition,fish_metrics,1,1
1314,fish_metrics_CYPRPTAX,CYPRPTAX,Fish,NRSA 1314 Fish Metric Values,% Cyprinidae taxa,2013–2014 EPA metadata,FISH,,,,,Single metadata definition,fish_metrics,1,1
1314,fish_metrics_DATE_COL,DATE_COL,Fish,NRSA 1314 Fish Metric Values,Date of data collection in field,2013–2014 EPA metadata,VERIF,,,,,Single metadata definition,fish_metrics,14,1
1314,fish_metrics_FISH_PROTOCOL,FISH_PROTOCOL,Fish,NRSA 1314 Fish Metric Values,Fish Sampling protocol,2013–2014 EPA metadata,FISH,,|BOATABLE|LG_WADEABLE|WADEABLE,,,Single metadata definition,fish_metrics,1,1
1314,fish_metrics_FISH_SAMPLING,FISH_SAMPLING,Fish,NRSA 1314 Fish Metric Values,Fish Sampling - not conducted or suspended,2013–2014 EPA metadata,FISH,,|NO_FISH|NOT_FISHED_REACH_MIN|NO_PERMIT|SITE_CONDITIONS|PERMIT_RESTRICT|EQUIPMENT_FAILURE|OTHER,,,Single metadata definition,fish_metrics,2,1
1314,fish_metrics_HERBNTAX,HERBNTAX,Fish,NRSA 1314 Fish Metric Values,Number of herbivores taxa,2013–2014 EPA metadata,FISH,,,0.0,,Single metadata definition,fish_metrics,1,1
1314,fish_metrics_HERBPIND,HERBPIND,Fish,NRSA 1314 Fish Metric Values,% herbivores individuals,2013–2014 EPA metadata,FISH,,,0.0,100.0,Single metadata definition,fish_metrics,1,1
1314,fish_metrics_HERBPTAX,HERBPTAX,Fish,NRSA 1314 Fish Metric Values,% herbivores taxa,2013–2014 EPA metadata,FISH,,,0.0,100.0,Single metadata definition,fish_metrics,1,1
1314,fish_metrics_ICTANTAX,ICTANTAX,Fish,NRSA 1314 Fish Metric Values,No. Ictalurid taxa,2013–2014 EPA metadata,FISH,,,0.0,,Single metadata definition,fish_metrics,1,1
1314,fish_metrics_ICTAPIND,ICTAPIND,Fish,NRSA 1314 Fish Metric Values,% Ictalurid individuals,2013–2014 EPA metadata,FISH,,,0.0,100.0,Single metadata definition,fish_metrics,1,1
1314,fish_metrics_ICTAPTAX,ICTAPTAX,Fish,NRSA 1314 Fish Metric Values,% Ictalurid taxa,2013–2014 EPA metadata,FISH,,,0.0,100.0,Single metadata definition,fish_metrics,1,1
1314,fish_metrics_INDEX_VISIT,INDEX_VISIT,Fish,NRSA 1314 Fish Metric Values,Index visit Y/blank,2013–2014 EPA metadata,VERIF,,,,,Single metadata definition,fish_metrics,10,1
1314,fish_metrics_INTLCARNNTAX,INTLCARNNTAX,Fish,NRSA 1314 Fish Metric Values,No. of intolerant carnivore taxa,2013–2014 EPA metadata,FISH,,,0.0,100.0,Single metadata definition,fish_metrics,1,1
1314,fish_metrics_INTLCARNPIND,INTLCARNPIND,Fish,NRSA 1314 Fish Metric Values,% intolerant carnivore individuals,2013–2014 EPA metadata,FISH,,,0.0,100.0,Single metadata definition,fish_metrics,1,1
1314,fish_metrics_INTLCARNPTAX,INTLCARNPTAX,Fish,NRSA 1314 Fish Metric Values,% intolerant carnivore taxa,2013–2014 EPA metadata,FISH,,,0.0,100.0,Single metadata definition,fish_metrics,1,1
1314,fish_metrics_INTLINVNTAX,INTLINVNTAX,Fish,NRSA 1314 Fish Metric Values,Number of intolerant invertivore taxa,2013–2014 EPA metadata,FISH,,,,,Single metadata definition,fish_metrics,1,1
1314,fish_metrics_INTLINVPIND,INTLINVPIND,Fish,NRSA 1314 Fish Metric Values,% intolerant invertivore individuals,2013–2014 EPA metadata,FISH,,,,,Single metadata definition,fish_metrics,1,1
1314,fish_metrics_INTLINVPTAX,INTLINVPTAX,Fish,NRSA 1314 Fish Metric Values,% intolerant invertivore taxa,2013–2014 EPA metadata,FISH,,,,,Single metadata definition,fish_metrics,1,1
1314,fish_metrics_INTLLOTNTAX,INTLLOTNTAX,Fish,NRSA 1314 Fish Metric Values,Number of intolerant lotic taxa,2013–2014 EPA metadata,FISH,,,,,Single metadata definition,fish_metrics,1,1
1314,fish_metrics_INTLLOTPIND,INTLLOTPIND,Fish,NRSA 1314 Fish Metric Values,% intolerant lotic individuals,2013–2014 EPA metadata,FISH,,,,,Single metadata definition,fish_metrics,1,1
1314,fish_metrics_INTLLOTPTAX,INTLLOTPTAX,Fish,NRSA 1314 Fish Metric Values,% intolerant lotic taxa,2013–2014 EPA metadata,FISH,,,,,Single metadata definition,fish_metrics,1,1
1314,fish_metrics_INTLMIGRNTAX,INTLMIGRNTAX,Fish,NRSA 1314 Fish Metric Values,Number of intolerant migratory taxa,2013–2014 EPA metadata,FISH,,,,,Single metadata definition,fish_metrics,1,1
1314,fish_metrics_INTLMIGRPIND,INTLMIGRPIND,Fish,NRSA 1314 Fish Metric Values,% intolerant migratory individuals,2013–2014 EPA metadata,FISH,,,,,Single metadata definition,fish_metrics,1,1
1314,fish_metrics_INTLMIGRPTAX,INTLMIGRPTAX,Fish,NRSA 1314 Fish Metric Values,% intolerant migratory taxa,2013–2014 EPA metadata,FISH,,,,,Single metadata definition,fish_metrics,1,1
1314,fish_metrics_INTLNTAX,INTLNTAX,Fish,NRSA 1314 Fish Metric Values,No. distinct intolerant taxa based on TOLERANCE_NRSA,2013–2014 EPA metadata,FISH,,,0.0,,Single metadata definition,fish_metrics,2,1
1314,fish_metrics_INTLPIND,INTLPIND,Fish,NRSA 1314 Fish Metric Values,% Intolerant individuals based on TOLERANCE_NRSA,2013–2014 EPA metadata,FISH,,,0.0,100.0,Single metadata definition,fish_metrics,2,1
1314,fish_metrics_INTLPTAX,INTLPTAX,Fish,NRSA 1314 Fish Metric Values,% Intolerant taxa based on TOLERANCE_NRSA,2013–2014 EPA metadata,FISH,,,0.0,100.0,Single metadata definition,fish_metrics,2,1
1314,fish_metrics_INTLRHEONTAX,INTLRHEONTAX,Fish,NRSA 1314 Fish Metric Values,Number of intolerant rheophilic taxa,2013–2014 EPA metadata,FISH,,,,,Single metadata definition,fish_metrics,1,1
1314,fish_metrics_INTLRHEOPIND,INTLRHEOPIND,Fish,NRSA 1314 Fish Metric Values,% intolerant rheophilic individuals,2013–2014 EPA metadata,FISH,,,,,Single metadata definition,fish_metrics,1,1
1314,fish_metrics_INTLRHEOPTAX,INTLRHEOPTAX,Fish,NRSA 1314 Fish Metric Values,% intolerant rheophilic taxa,2013–2014 EPA metadata,FISH,,,,,Single metadata definition,fish_metrics,1,1
1314,fish_metrics_INVNTAX,INVNTAX,Fish,NRSA 1314 Fish Metric Values,Number of invertivore taxa,2013–2014 EPA metadata,FISH,,,,,Single metadata definition,fish_metrics,1,1
1314,fish_metrics_INVPIND,INVPIND,Fish,NRSA 1314 Fish Metric Values,% invertivore individuals,2013–2014 EPA metadata,FISH,,,,,Single metadata definition,fish_metrics,1,1
1314,fish_metrics_INVPTAX,INVPTAX,Fish,NRSA 1314 Fish Metric Values,% invertivore taxa,2013–2014 EPA metadata,FISH,,,,,Single metadata definition,fish_metrics,1,1
1314,fish_metrics_LAT_DD83,LAT_DD83,Fish,NRSA 1314 Fish Metric Values,Latitude (based on NAD83 datum) for stream site from NHD-based sample frame. | Latitude (based on NAD83 datum) for stream site from NHDPlusV2 Numeric. No missing values allowed.,2013–2014 EPA metadata,DESIGN,,Numeric,,,Multiple protocol-specific labels — see Metadata Detail,fish_metrics,8,2
1314,fish_metrics_LITHNTAX,LITHNTAX,Fish,NRSA 1314 Fish Metric Values,No. lithophilic taxa,2013–2014 EPA metadata,FISH,,,0.0,,Single metadata definition,fish_metrics,1,1
1314,fish_metrics_LITHPIND,LITHPIND,Fish,NRSA 1314 Fish Metric Values,% lithophilic individuals,2013–2014 EPA metadata,FISH,,,0.0,100.0,Single metadata definition,fish_metrics,1,1
1314,fish_metrics_LITHPTAX,LITHPTAX,Fish,NRSA 1314 Fish Metric Values,% lithophilic taxa,2013–2014 EPA metadata,FISH,,,0.0,100.0,Single metadata definition,fish_metrics,1,1
1314,fish_metrics_LON_DD83,LON_DD83,Fish,NRSA 1314 Fish Metric Values,Longitude (based on NAD83 datum) for stream site from NHD-based sample frame. | Longitude (based on NAD83 datum) for stream site from NHDPlusV2 Numeric. No missing values allowed.,2013–2014 EPA metadata,DESIGN,,Numeric,,,Multiple protocol-specific labels — see Metadata Detail,fish_metrics,8,2
1314,fish_metrics_LOTNTAX,LOTNTAX,Fish,NRSA 1314 Fish Metric Values,Number of lotic taxa,2013–2014 EPA metadata,FISH,,,,,Single metadata definition,fish_metrics,1,1
1314,fish_metrics_LOTPIND,LOTPIND,Fish,NRSA 1314 Fish Metric Values,% lotic individuals,2013–2014 EPA metadata,FISH,,,,,Single metadata definition,fish_metrics,1,1
1314,fish_metrics_LOTPTAX,LOTPTAX,Fish,NRSA 1314 Fish Metric Values,% lotic taxa,2013–2014 EPA metadata,FISH,,,,,Single metadata definition,fish_metrics,1,1
1314,fish_metrics_MIGRNTAX,MIGRNTAX,Fish,NRSA 1314 Fish Metric Values,Number of migratory taxa,2013–2014 EPA metadata,FISH,,,,,Single metadata definition,fish_metrics,1,1
1314,fish_metrics_MIGRPIND,MIGRPIND,Fish,NRSA 1314 Fish Metric Values,% migratory individuals,2013–2014 EPA metadata,FISH,,,,,Single metadata definition,fish_metrics,1,1
1314,fish_metrics_MIGRPTAX,MIGRPTAX,Fish,NRSA 1314 Fish Metric Values,% migratory taxa,2013–2014 EPA metadata,FISH,,,,,Single metadata definition,fish_metrics,1,1
1314,fish_metrics_MTOLNTAX,MTOLNTAX,Fish,NRSA 1314 Fish Metric Values,No. distinct intermediate tolerant taxa based on TOLERANCE_NRSA,2013–2014 EPA metadata,FISH,,,0.0,,Single metadata definition,fish_metrics,1,1
1314,fish_metrics_MTOLPIND,MTOLPIND,Fish,NRSA 1314 Fish Metric Values,% Intermediate tolerant individuals based on TOLERANCE_NRSA,2013–2014 EPA metadata,FISH,,,0.0,100.0,Single metadata definition,fish_metrics,1,1
1314,fish_metrics_MTOLPTAX,MTOLPTAX,Fish,NRSA 1314 Fish Metric Values,% intermediate tolerant taxa based on TOLERANCE_NRSA,2013–2014 EPA metadata,FISH,,,0.0,100.0,Single metadata definition,fish_metrics,1,1
1314,fish_metrics_NAT_BENTINVNTAX,NAT_BENTINVNTAX,Fish,NRSA 1314 Fish Metric Values,Number of native benthic invertivore taxa,2013–2014 EPA metadata,FISH,,,,,Single metadata definition,fish_metrics,1,1
1314,fish_metrics_NAT_BENTINVPIND,NAT_BENTINVPIND,Fish,NRSA 1314 Fish Metric Values,% native individuals as benthic invertivore,2013–2014 EPA metadata,FISH,,,,,Single metadata definition,fish_metrics,1,1
1314,fish_metrics_NAT_BENTINVPTAX,NAT_BENTINVPTAX,Fish,NRSA 1314 Fish Metric Values,% native taxa as benthic invertivore,2013–2014 EPA metadata,FISH,,,,,Single metadata definition,fish_metrics,1,1
1314,fish_metrics_NAT_CARNNTAX,NAT_CARNNTAX,Fish,NRSA 1314 Fish Metric Values,Number of native carnivore taxa,2013–2014 EPA metadata,FISH,,,,,Single metadata definition,fish_metrics,1,1
1314,fish_metrics_NAT_CARNPIND,NAT_CARNPIND,Fish,NRSA 1314 Fish Metric Values,% native individuals as carnivore,2013–2014 EPA metadata,FISH,,,,,Single metadata definition,fish_metrics,1,1
1314,fish_metrics_NAT_CARNPTAX,NAT_CARNPTAX,Fish,NRSA 1314 Fish Metric Values,% native taxa as carnivore,2013–2014 EPA metadata,FISH,,,,,Single metadata definition,fish_metrics,1,1
1314,fish_metrics_NAT_CATONTAX,NAT_CATONTAX,Fish,NRSA 1314 Fish Metric Values,No. native Catostomid taxa,2013–2014 EPA metadata,FISH,,,0.0,,Single metadata definition,fish_metrics,1,1
1314,fish_metrics_NAT_CATOPIND,NAT_CATOPIND,Fish,NRSA 1314 Fish Metric Values,% native individuals as Catostomid,2013–2014 EPA metadata,FISH,,,0.0,100.0,Single metadata definition,fish_metrics,1,1
1314,fish_metrics_NAT_CATOPTAX,NAT_CATOPTAX,Fish,NRSA 1314 Fish Metric Values,% native taxa as Catostomid,2013–2014 EPA metadata,FISH,,,0.0,100.0,Single metadata definition,fish_metrics,1,1
1314,fish_metrics_NAT_CENTNTAX,NAT_CENTNTAX,Fish,NRSA 1314 Fish Metric Values,Number of native Centrarchidae (minus Micropterus) taxa,2013–2014 EPA metadata,FISH,,,,,Single metadata definition,fish_metrics,1,1
1314,fish_metrics_NAT_CENTPIND,NAT_CENTPIND,Fish,NRSA 1314 Fish Metric Values,% native individuals as Centrarchidae (minus Micropterus),2013–2014 EPA metadata,FISH,,,,,Single metadata definition,fish_metrics,1,1
1314,fish_metrics_NAT_CENTPTAX,NAT_CENTPTAX,Fish,NRSA 1314 Fish Metric Values,% native taxa as Centrarchidae (minus Micropterus),2013–2014 EPA metadata,FISH,,,,,Single metadata definition,fish_metrics,1,1
1314,fish_metrics_NAT_COLDNTAX,NAT_COLDNTAX,Fish,NRSA 1314 Fish Metric Values,Number of native coldwater taxa,2013–2014 EPA metadata,FISH,,,,,Single metadata definition,fish_metrics,1,1
1314,fish_metrics_NAT_COLDPIND,NAT_COLDPIND,Fish,NRSA 1314 Fish Metric Values,% native individuals as coldwater,2013–2014 EPA metadata,FISH,,,,,Single metadata definition,fish_metrics,1,1
1314,fish_metrics_NAT_COLDPTAX,NAT_COLDPTAX,Fish,NRSA 1314 Fish Metric Values,% native taxa as coldwater,2013–2014 EPA metadata,FISH,,,,,Single metadata definition,fish_metrics,1,1
1314,fish_metrics_NAT_CYPRNTAX,NAT_CYPRNTAX,Fish,NRSA 1314 Fish Metric Values,Number of native Cyprinidae taxa,2013–2014 EPA metadata,FISH,,,,,Single metadata definition,fish_metrics,1,1
1314,fish_metrics_NAT_CYPRPIND,NAT_CYPRPIND,Fish,NRSA 1314 Fish Metric Values,% native individuals as Cyprinidae,2013–2014 EPA metadata,FISH,,,,,Single metadata definition,fish_metrics,1,1
1314,fish_metrics_NAT_CYPRPTAX,NAT_CYPRPTAX,Fish,NRSA 1314 Fish Metric Values,% native taxa as Cyprinidae,2013–2014 EPA metadata,FISH,,,,,Single metadata definition,fish_metrics,1,1
1314,fish_metrics_NAT_HERBNTAX,NAT_HERBNTAX,Fish,NRSA 1314 Fish Metric Values,Number of native herbivores taxa,2013–2014 EPA metadata,FISH,,,0.0,,Single metadata definition,fish_metrics,1,1
1314,fish_metrics_NAT_HERBPIND,NAT_HERBPIND,Fish,NRSA 1314 Fish Metric Values,% native individuals as native herbivores,2013–2014 EPA metadata,FISH,,,0.0,100.0,Single metadata definition,fish_metrics,1,1
1314,fish_metrics_NAT_HERBPTAX,NAT_HERBPTAX,Fish,NRSA 1314 Fish Metric Values,% native taxa as native herbivores,2013–2014 EPA metadata,FISH,,,0.0,100.0,Single metadata definition,fish_metrics,1,1
1314,fish_metrics_NAT_ICTANTAX,NAT_ICTANTAX,Fish,NRSA 1314 Fish Metric Values,Number of native Ictaluridae taxa,2013–2014 EPA metadata,FISH,,,,,Single metadata definition,fish_metrics,1,1
1314,fish_metrics_NAT_ICTAPIND,NAT_ICTAPIND,Fish,NRSA 1314 Fish Metric Values,% native individuals as Ictaluridae,2013–2014 EPA metadata,FISH,,,,,Single metadata definition,fish_metrics,1,1
1314,fish_metrics_NAT_ICTAPTAX,NAT_ICTAPTAX,Fish,NRSA 1314 Fish Metric Values,% native taxa as Ictaluridae,2013–2014 EPA metadata,FISH,,,,,Single metadata definition,fish_metrics,1,1
1314,fish_metrics_NAT_INTLCARNNTAX,NAT_INTLCARNNTAX,Fish,NRSA 1314 Fish Metric Values,No. of native intolerant carnivore taxa,2013–2014 EPA metadata,FISH,,,0.0,100.0,Single metadata definition,fish_metrics,1,1
1314,fish_metrics_NAT_INTLCARNPIND,NAT_INTLCARNPIND,Fish,NRSA 1314 Fish Metric Values,% native intolerant carnivore individuals,2013–2014 EPA metadata,FISH,,,0.0,100.0,Single metadata definition,fish_metrics,1,1
1314,fish_metrics_NAT_INTLCARNPTAX,NAT_INTLCARNPTAX,Fish,NRSA 1314 Fish Metric Values,% native intolerant carnivore taxa,2013–2014 EPA metadata,FISH,,,0.0,100.0,Single metadata definition,fish_metrics,1,1
1314,fish_metrics_NAT_INTLINVNTAX,NAT_INTLINVNTAX,Fish,NRSA 1314 Fish Metric Values,Number of native intolerant invertivore taxa,2013–2014 EPA metadata,FISH,,,,,Single metadata definition,fish_metrics,1,1
1314,fish_metrics_NAT_INTLINVPIND,NAT_INTLINVPIND,Fish,NRSA 1314 Fish Metric Values,% native individuals as intolerant invertivore,2013–2014 EPA metadata,FISH,,,,,Single metadata definition,fish_metrics,1,1
1314,fish_metrics_NAT_INTLINVPTAX,NAT_INTLINVPTAX,Fish,NRSA 1314 Fish Metric Values,% native taxa as intolerant invertivore,2013–2014 EPA metadata,FISH,,,,,Single metadata definition,fish_metrics,1,1
1314,fish_metrics_NAT_INTLLOTNTAX,NAT_INTLLOTNTAX,Fish,NRSA 1314 Fish Metric Values,Number of native intolerant lotic taxa,2013–2014 EPA metadata,FISH,,,,,Single metadata definition,fish_metrics,1,1
1314,fish_metrics_NAT_INTLLOTPIND,NAT_INTLLOTPIND,Fish,NRSA 1314 Fish Metric Values,% native individuals as intolerant lotic,2013–2014 EPA metadata,FISH,,,,,Single metadata definition,fish_metrics,1,1
1314,fish_metrics_NAT_INTLLOTPTAX,NAT_INTLLOTPTAX,Fish,NRSA 1314 Fish Metric Values,% native taxa as intolerant lotic,2013–2014 EPA metadata,FISH,,,,,Single metadata definition,fish_metrics,1,1
1314,fish_metrics_NAT_INTLMIGRNTAX,NAT_INTLMIGRNTAX,Fish,NRSA 1314 Fish Metric Values,Number of native intolerant migratory taxa,2013–2014 EPA metadata,FISH,,,,,Single metadata definition,fish_metrics,1,1
1314,fish_metrics_NAT_INTLMIGRPIND,NAT_INTLMIGRPIND,Fish,NRSA 1314 Fish Metric Values,% native individuals as intolerant migratory,2013–2014 EPA metadata,FISH,,,,,Single metadata definition,fish_metrics,1,1
1314,fish_metrics_NAT_INTLMIGRPTAX,NAT_INTLMIGRPTAX,Fish,NRSA 1314 Fish Metric Values,% native taxa as intolerant migratory,2013–2014 EPA metadata,FISH,,,,,Single metadata definition,fish_metrics,1,1
1314,fish_metrics_NAT_INTLNTAX,NAT_INTLNTAX,Fish,NRSA 1314 Fish Metric Values,No. distinct intolerant native taxa based on TOLERANCE_NRSA,2013–2014 EPA metadata,FISH,,,0.0,,Single metadata definition,fish_metrics,1,1
1314,fish_metrics_NAT_INTLPIND,NAT_INTLPIND,Fish,NRSA 1314 Fish Metric Values,% Intolerant native individuals based on TOLERANCE_NRSA,2013–2014 EPA metadata,FISH,,,0.0,100.0,Single metadata definition,fish_metrics,1,1
1314,fish_metrics_NAT_INTLPTAX,NAT_INTLPTAX,Fish,NRSA 1314 Fish Metric Values,% Intolerant native taxa based on TOLERANCE_NRSA,2013–2014 EPA metadata,FISH,,,0.0,100.0,Single metadata definition,fish_metrics,1,1
1314,fish_metrics_NAT_INTLRHEONTAX,NAT_INTLRHEONTAX,Fish,NRSA 1314 Fish Metric Values,Number of native intolerant rheophilic taxa,2013–2014 EPA metadata,FISH,,,,,Single metadata definition,fish_metrics,1,1
1314,fish_metrics_NAT_INTLRHEOPIND,NAT_INTLRHEOPIND,Fish,NRSA 1314 Fish Metric Values,% native individuals as intolerant rheophilic,2013–2014 EPA metadata,FISH,,,,,Single metadata definition,fish_metrics,1,1
1314,fish_metrics_NAT_INTLRHEOPTAX,NAT_INTLRHEOPTAX,Fish,NRSA 1314 Fish Metric Values,% native taxa as intolerant rheophilic,2013–2014 EPA metadata,FISH,,,,,Single metadata definition,fish_metrics,1,1
1314,fish_metrics_NAT_INVNTAX,NAT_INVNTAX,Fish,NRSA 1314 Fish Metric Values,Number of native invertivores taxa,2013–2014 EPA metadata,FISH,,,,,Single metadata definition,fish_metrics,1,1
1314,fish_metrics_NAT_INVPIND,NAT_INVPIND,Fish,NRSA 1314 Fish Metric Values,% native individuals as invertivores,2013–2014 EPA metadata,FISH,,,,,Single metadata definition,fish_metrics,1,1
1314,fish_metrics_NAT_INVPTAX,NAT_INVPTAX,Fish,NRSA 1314 Fish Metric Values,% native taxa as invertivores,2013–2014 EPA metadata,FISH,,,,,Single metadata definition,fish_metrics,1,1
1314,fish_metrics_NAT_LITHNTAX,NAT_LITHNTAX,Fish,NRSA 1314 Fish Metric Values,Number of native simple lithophils taxa,2013–2014 EPA metadata,FISH,,,,,Single metadata definition,fish_metrics,1,1
1314,fish_metrics_NAT_LITHPIND,NAT_LITHPIND,Fish,NRSA 1314 Fish Metric Values,% native individuals as simple lithophils,2013–2014 EPA metadata,FISH,,,,,Single metadata definition,fish_metrics,1,1
1314,fish_metrics_NAT_LITHPTAX,NAT_LITHPTAX,Fish,NRSA 1314 Fish Metric Values,% native taxa as simple lithophils,2013–2014 EPA metadata,FISH,,,,,Single metadata definition,fish_metrics,1,1
1314,fish_metrics_NAT_LOTNTAX,NAT_LOTNTAX,Fish,NRSA 1314 Fish Metric Values,Number of native lotic taxa,2013–2014 EPA metadata,FISH,,,,,Single metadata definition,fish_metrics,1,1
1314,fish_metrics_NAT_LOTPIND,NAT_LOTPIND,Fish,NRSA 1314 Fish Metric Values,% native individuals as lotic,2013–2014 EPA metadata,FISH,,,,,Single metadata definition,fish_metrics,1,1
1314,fish_metrics_NAT_LOTPTAX,NAT_LOTPTAX,Fish,NRSA 1314 Fish Metric Values,% native taxa as lotic,2013–2014 EPA metadata,FISH,,,,,Single metadata definition,fish_metrics,1,1
1314,fish_metrics_NAT_MIGRNTAX,NAT_MIGRNTAX,Fish,NRSA 1314 Fish Metric Values,No. native migratory taxa,2013–2014 EPA metadata,FISH,,,0.0,,Single metadata definition,fish_metrics,1,1
1314,fish_metrics_NAT_MIGRPIND,NAT_MIGRPIND,Fish,NRSA 1314 Fish Metric Values,% native individuals as migratory,2013–2014 EPA metadata,FISH,,,0.0,100.0,Single metadata definition,fish_metrics,1,1
1314,fish_metrics_NAT_MIGRPTAX,NAT_MIGRPTAX,Fish,NRSA 1314 Fish Metric Values,% native taxa as migratory,2013–2014 EPA metadata,FISH,,,0.0,100.0,Single metadata definition,fish_metrics,1,1
1314,fish_metrics_NAT_MTOLNTAX,NAT_MTOLNTAX,Fish,NRSA 1314 Fish Metric Values,No. distinct intermediate tolerant native taxa based on TOLERANCE_NRSA,2013–2014 EPA metadata,FISH,,,0.0,,Single metadata definition,fish_metrics,1,1
1314,fish_metrics_NAT_MTOLPIND,NAT_MTOLPIND,Fish,NRSA 1314 Fish Metric Values,% Intermediate tolerant native individuals based on TOLERANCE_NRSA,2013–2014 EPA metadata,FISH,,,0.0,100.0,Single metadata definition,fish_metrics,1,1
1314,fish_metrics_NAT_MTOLPTAX,NAT_MTOLPTAX,Fish,NRSA 1314 Fish Metric Values,% intermediate tolerant native taxa based on TOLERANCE_NRSA,2013–2014 EPA metadata,FISH,,,0.0,100.0,Single metadata definition,fish_metrics,1,1
1314,fish_metrics_NAT_NTOLBENTNTAX,NAT_NTOLBENTNTAX,Fish,NRSA 1314 Fish Metric Values,No. native non-tolerant benthic taxa based on TOLERANCE_NRSA,2013–2014 EPA metadata,FISH,,,0.0,,Single metadata definition,fish_metrics,1,1
1314,fish_metrics_NAT_NTOLBENTPIND,NAT_NTOLBENTPIND,Fish,NRSA 1314 Fish Metric Values,% native non-tolerant benthic individuals based on TOLERANCE_NRSA,2013–2014 EPA metadata,FISH,,,0.0,100.0,Single metadata definition,fish_metrics,1,1
1314,fish_metrics_NAT_NTOLBENTPTAX,NAT_NTOLBENTPTAX,Fish,NRSA 1314 Fish Metric Values,% native non-tolerant benthic taxa based on TOLERANCE_NRSA,2013–2014 EPA metadata,FISH,,,0.0,100.0,Single metadata definition,fish_metrics,1,1
1314,fish_metrics_NAT_NTOLCARNNTAX,NAT_NTOLCARNNTAX,Fish,NRSA 1314 Fish Metric Values,No. native non-tolerant carnivore taxa based on TOLERANCE_NRSA,2013–2014 EPA metadata,FISH,,,,,Single metadata definition,fish_metrics,1,1
1314,fish_metrics_NAT_NTOLCARNPIND,NAT_NTOLCARNPIND,Fish,NRSA 1314 Fish Metric Values,% native non-tolerant carnivore individuals based on TOLERANCE_NRSA,2013–2014 EPA metadata,FISH,,,,,Single metadata definition,fish_metrics,1,1
1314,fish_metrics_NAT_NTOLCARNPTAX,NAT_NTOLCARNPTAX,Fish,NRSA 1314 Fish Metric Values,% native non-tolerant carnivore taxa based on TOLERANCE_NRSA,2013–2014 EPA metadata,FISH,,,,,Single metadata definition,fish_metrics,1,1
1314,fish_metrics_NAT_NTOLINVNTAX,NAT_NTOLINVNTAX,Fish,NRSA 1314 Fish Metric Values,No. native non-tolerant invertivore taxa based on TOLERANCE_NRSA,2013–2014 EPA metadata,FISH,,,,,Single metadata definition,fish_metrics,1,1
1314,fish_metrics_NAT_NTOLINVPIND,NAT_NTOLINVPIND,Fish,NRSA 1314 Fish Metric Values,% native non-tolerant invertivore individuals based on TOLERANCE_NRSA,2013–2014 EPA metadata,FISH,,,,,Single metadata definition,fish_metrics,1,1
1314,fish_metrics_NAT_NTOLINVPTAX,NAT_NTOLINVPTAX,Fish,NRSA 1314 Fish Metric Values,% native non-tolerant invertivore taxa based on TOLERANCE_NRSA,2013–2014 EPA metadata,FISH,,,,,Single metadata definition,fish_metrics,1,1
1314,fish_metrics_NAT_NTOLNTAX,NAT_NTOLNTAX,Fish,NRSA 1314 Fish Metric Values,No. native non-tolerant taxa based on TOLERANCE_NRSA,2013–2014 EPA metadata,FISH,,,,,Single metadata definition,fish_metrics,1,1
1314,fish_metrics_NAT_NTOLPIND,NAT_NTOLPIND,Fish,NRSA 1314 Fish Metric Values,% native non-tolerant individuals based on TOLERANCE_NRSA,2013–2014 EPA metadata,FISH,,,,,Single metadata definition,fish_metrics,1,1
1314,fish_metrics_NAT_NTOLPTAX,NAT_NTOLPTAX,Fish,NRSA 1314 Fish Metric Values,% native non-tolerant taxa based on TOLERANCE_NRSA,2013–2014 EPA metadata,FISH,,,,,Single metadata definition,fish_metrics,1,1
1314,fish_metrics_NAT_OMNINTAX,NAT_OMNINTAX,Fish,NRSA 1314 Fish Metric Values,No. native omnivore taxa,2013–2014 EPA metadata,FISH,,,,,Single metadata definition,fish_metrics,1,1
1314,fish_metrics_NAT_OMNIPIND,NAT_OMNIPIND,Fish,NRSA 1314 Fish Metric Values,% native individuals as omnivore,2013–2014 EPA metadata,FISH,,,,,Single metadata definition,fish_metrics,1,1
1314,fish_metrics_NAT_OMNIPTAX,NAT_OMNIPTAX,Fish,NRSA 1314 Fish Metric Values,% native taxa as omnivore,2013–2014 EPA metadata,FISH,,,,,Single metadata definition,fish_metrics,1,1
1314,fish_metrics_NAT_PIND,NAT_PIND,Fish,NRSA 1314 Fish Metric Values,native % of total individuals,2013–2014 EPA metadata,FISH,,,0.0,100.0,Single metadata definition,fish_metrics,1,1
1314,fish_metrics_NAT_PTAX,NAT_PTAX,Fish,NRSA 1314 Fish Metric Values,native % of total taxa,2013–2014 EPA metadata,FISH,,,0.0,100.0,Single metadata definition,fish_metrics,1,1
1314,fish_metrics_NAT_RBCATONTAX,NAT_RBCATONTAX,Fish,NRSA 1314 Fish Metric Values,No. native round-bodied sucker taxa,2013–2014 EPA metadata,FISH,,,,,Single metadata definition,fish_metrics,1,1
1314,fish_metrics_NAT_RBCATOPIND,NAT_RBCATOPIND,Fish,NRSA 1314 Fish Metric Values,% native individuals as round-bodied sucker,2013–2014 EPA metadata,FISH,,,,,Single metadata definition,fish_metrics,1,1
1314,fish_metrics_NAT_RBCATOPTAX,NAT_RBCATOPTAX,Fish,NRSA 1314 Fish Metric Values,% native taxa as round-bodied sucker,2013–2014 EPA metadata,FISH,,,,,Single metadata definition,fish_metrics,1,1
1314,fish_metrics_NAT_RHEONTAX,NAT_RHEONTAX,Fish,NRSA 1314 Fish Metric Values,No. native rheophilic taxa,2013–2014 EPA metadata,FISH,,,,,Single metadata definition,fish_metrics,1,1
1314,fish_metrics_NAT_RHEOPIND,NAT_RHEOPIND,Fish,NRSA 1314 Fish Metric Values,% native individuals as rheophilic,2013–2014 EPA metadata,FISH,,,,,Single metadata definition,fish_metrics,1,1
1314,fish_metrics_NAT_RHEOPTAX,NAT_RHEOPTAX,Fish,NRSA 1314 Fish Metric Values,% native taxa as rheophilic,2013–2014 EPA metadata,FISH,,,,,Single metadata definition,fish_metrics,1,1
1314,fish_metrics_NAT_SALMNTAX,NAT_SALMNTAX,Fish,NRSA 1314 Fish Metric Values,No. native salmonid taxa,2013–2014 EPA metadata,FISH,,,,,Single metadata definition,fish_metrics,1,1
1314,fish_metrics_NAT_SALMPIND,NAT_SALMPIND,Fish,NRSA 1314 Fish Metric Values,% native individuals as salmonid,2013–2014 EPA metadata,FISH,,,,,Single metadata definition,fish_metrics,1,1
1314,fish_metrics_NAT_SALMPTAX,NAT_SALMPTAX,Fish,NRSA 1314 Fish Metric Values,% native taxa as salmonid,2013–2014 EPA metadata,FISH,,,,,Single metadata definition,fish_metrics,1,1
1314,fish_metrics_NAT_TOLRNTAX,NAT_TOLRNTAX,Fish,NRSA 1314 Fish Metric Values,No. distinct Tolerant native taxa based on TOLERANCE_NRSA,2013–2014 EPA metadata,FISH,,,0.0,,Single metadata definition,fish_metrics,1,1
1314,fish_metrics_NAT_TOLRPIND,NAT_TOLRPIND,Fish,NRSA 1314 Fish Metric Values,% Tolerant native individuals based on TOLERANCE_NRSA,2013–2014 EPA metadata,FISH,,,0.0,100.0,Single metadata definition,fish_metrics,1,1
1314,fish_metrics_NAT_TOLRPTAX,NAT_TOLRPTAX,Fish,NRSA 1314 Fish Metric Values,% Tolerant native taxa based on TOLERANCE_NRSA,2013–2014 EPA metadata,FISH,,,0.0,100.0,Single metadata definition,fish_metrics,1,1
1314,fish_metrics_NAT_TOTLNIND,NAT_TOTLNIND,Fish,NRSA 1314 Fish Metric Values,Total native individuals,2013–2014 EPA metadata,FISH,,,0.0,,Single metadata definition,fish_metrics,1,1
1314,fish_metrics_NAT_TOTLNTAX,NAT_TOTLNTAX,Fish,NRSA 1314 Fish Metric Values,Total native taxa,2013–2014 EPA metadata,FISH,,,0.0,,Single metadata definition,fish_metrics,1,1
1314,fish_metrics_NAT_WTD_TV,NAT_WTD_TV,Fish,NRSA 1314 Fish Metric Values,Weighted average tolerance value among natives,2013–2014 EPA metadata,FISH,,,,,Single metadata definition,fish_metrics,1,1
1314,fish_metrics_NTOLBENTNTAX,NTOLBENTNTAX,Fish,NRSA 1314 Fish Metric Values,No. non-tolerant benthic taxa,2013–2014 EPA metadata,FISH,,,,,Single metadata definition,fish_metrics,1,1
1314,fish_metrics_NTOLBENTPIND,NTOLBENTPIND,Fish,NRSA 1314 Fish Metric Values,% non-tolerant benthic individuals,2013–2014 EPA metadata,FISH,,,,,Single metadata definition,fish_metrics,1,1
1314,fish_metrics_NTOLBENTPTAX,NTOLBENTPTAX,Fish,NRSA 1314 Fish Metric Values,% non-tolerant benthic taxa,2013–2014 EPA metadata,FISH,,,,,Single metadata definition,fish_metrics,1,1
1314,fish_metrics_NTOLCARNNTAX,NTOLCARNNTAX,Fish,NRSA 1314 Fish Metric Values,No. non-tolerant carnivore taxa,2013–2014 EPA metadata,FISH,,,0.0,,Single metadata definition,fish_metrics,1,1
1314,fish_metrics_NTOLCARNPIND,NTOLCARNPIND,Fish,NRSA 1314 Fish Metric Values,% non-tolerant carnivore individuals,2013–2014 EPA metadata,FISH,,,0.0,100.0,Single metadata definition,fish_metrics,1,1
1314,fish_metrics_NTOLCARNPTAX,NTOLCARNPTAX,Fish,NRSA 1314 Fish Metric Values,% non-tolerant carnivore taxa,2013–2014 EPA metadata,FISH,,,0.0,100.0,Single metadata definition,fish_metrics,1,1
1314,fish_metrics_NTOLINVNTAX,NTOLINVNTAX,Fish,NRSA 1314 Fish Metric Values,No. non-tolerant invertivore taxa,2013–2014 EPA metadata,FISH,,,0.0,,Single metadata definition,fish_metrics,1,1
1314,fish_metrics_NTOLINVPIND,NTOLINVPIND,Fish,NRSA 1314 Fish Metric Values,% non-tolerant invertivore individuals,2013–2014 EPA metadata,FISH,,,0.0,100.0,Single metadata definition,fish_metrics,1,1
1314,fish_metrics_NTOLINVPTAX,NTOLINVPTAX,Fish,NRSA 1314 Fish Metric Values,% non-tolerant invertivore taxa,2013–2014 EPA metadata,FISH,,,0.0,100.0,Single metadata definition,fish_metrics,1,1
1314,fish_metrics_NTOLNTAX,NTOLNTAX,Fish,NRSA 1314 Fish Metric Values,no. non-tolerant (TOLERANCE_NRSA=(S)ensitive/(I)ntermediate) taxa,2013–2014 EPA metadata,FISH,,,0.0,,Single metadata definition,fish_metrics,2,1
1314,fish_metrics_NTOLPIND,NTOLPIND,Fish,NRSA 1314 Fish Metric Values,% non-tolerant (TOLERANCE_NRSA=(S)ensitive/(I)ntermediate) individuals,2013–2014 EPA metadata,FISH,,,0.0,100.0,Single metadata definition,fish_metrics,2,1
1314,fish_metrics_NTOLPTAX,NTOLPTAX,Fish,NRSA 1314 Fish Metric Values,% non-tolerant (TOLERANCE_NRSA=(S)ensitive/(I)ntermediate) taxa,2013–2014 EPA metadata,FISH,,,0.0,100.0,Single metadata definition,fish_metrics,2,1
1314,fish_metrics_OMNINTAX,OMNINTAX,Fish,NRSA 1314 Fish Metric Values,No. omnivore taxa,2013–2014 EPA metadata,FISH,,,0.0,,Single metadata definition,fish_metrics,1,1
1314,fish_metrics_OMNIPIND,OMNIPIND,Fish,NRSA 1314 Fish Metric Values,% omnivore individuals,2013–2014 EPA metadata,FISH,,,0.0,100.0,Single metadata definition,fish_metrics,1,1
1314,fish_metrics_OMNIPTAX,OMNIPTAX,Fish,NRSA 1314 Fish Metric Values,% omnivore taxa,2013–2014 EPA metadata,FISH,,,0.0,100.0,Single metadata definition,fish_metrics,1,1
1314,fish_metrics_PSTL_CODE,PSTL_CODE,Fish,NRSA 1314 Fish Metric Values,"State two-letter postal code | State two letter postal code 50 state postal codes plus AS, MP, GU, PR, VI for American Samoa, Commonwealth of Northern Marianas, Guam, Puerto Rico and Virgin Islands. No missing values allowed.",2013–2014 EPA metadata,DESIGN,,,,,Multiple protocol-specific labels — see Metadata Detail,fish_metrics,7,2
1314,fish_metrics_PUBLICATION_DATE,PUBLICATION_DATE,Fish,NRSA 1314 Fish Metric Values,Date of data file publication,2013–2014 EPA metadata,,,,,,Same label appears for multiple sample/record types,fish_metrics,9,3
1314,fish_metrics_RBCATONTAX,RBCATONTAX,Fish,NRSA 1314 Fish Metric Values,No. round-bodied sucker taxa,2013–2014 EPA metadata,FISH,,,,,Single metadata definition,fish_metrics,1,1
1314,fish_metrics_RBCATOPIND,RBCATOPIND,Fish,NRSA 1314 Fish Metric Values,% round-bodied sucker individuals,2013–2014 EPA metadata,FISH,,,,,Single metadata definition,fish_metrics,1,1
1314,fish_metrics_RBCATOPTAX,RBCATOPTAX,Fish,NRSA 1314 Fish Metric Values,% round-bodied sucker taxa,2013–2014 EPA metadata,FISH,,,,,Single metadata definition,fish_metrics,1,1
1314,fish_metrics_RHEONTAX,RHEONTAX,Fish,NRSA 1314 Fish Metric Values,No. rheophilic taxa,2013–2014 EPA metadata,FISH,,,,,Single metadata definition,fish_metrics,1,1
1314,fish_metrics_RHEOPIND,RHEOPIND,Fish,NRSA 1314 Fish Metric Values,% rheophilic individuals,2013–2014 EPA metadata,FISH,,,,,Single metadata definition,fish_metrics,1,1
1314,fish_metrics_RHEOPTAX,RHEOPTAX,Fish,NRSA 1314 Fish Metric Values,% rheophilic taxa,2013–2014 EPA metadata,FISH,,,,,Single metadata definition,fish_metrics,1,1
1314,fish_metrics_SALMNTAX,SALMNTAX,Fish,NRSA 1314 Fish Metric Values,No. Salmonid taxa,2013–2014 EPA metadata,FISH,,,0.0,,Single metadata definition,fish_metrics,1,1
1314,fish_metrics_SALMPIND,SALMPIND,Fish,NRSA 1314 Fish Metric Values,% Salmonid individuals,2013–2014 EPA metadata,FISH,,,0.0,100.0,Single metadata definition,fish_metrics,1,1
1314,fish_metrics_SALMPTAX,SALMPTAX,Fish,NRSA 1314 Fish Metric Values,% Salmonid taxa,2013–2014 EPA metadata,FISH,,,0.0,100.0,Single metadata definition,fish_metrics,1,1
1314,fish_metrics_SAMPLE_TYPE,SAMPLE_TYPE,Fish,NRSA 1314 Fish Metric Values,Sample type,2013–2014 EPA metadata,,,,,,Same label appears for multiple sample/record types,fish_metrics,4,3
1314,fish_metrics_SAMPLED_FISH,SAMPLED_FISH,Fish,NRSA 1314 Fish Metric Values,Whether site sampled sufficiently,2013–2014 EPA metadata,FISH,,,,,Single metadata definition,fish_metrics,2,1
1314,fish_metrics_SITE_ID,SITE_ID,Fish,NRSA 1314 Fish Metric Values,"Site ID for the study and year sampled. Preferred form is NRSnn_MM-xxxxx where nn is current cycle year (04, 08, 13, 18, etc), MM is two letter state code, and xxxxx is between 10001 and 99999. Text. No missing values allowed. | Site ID",2013–2014 EPA metadata,DESIGN | VERIF,,,,,Multiple protocol-specific labels — see Metadata Detail,fish_metrics,14,2
1314,fish_metrics_SITETYPE,SITETYPE,Fish,NRSA 1314 Fish Metric Values,"Site type (Probability-based or hand-picked). PROB for sites from probability survey. Usually HAND for hand-picked sites. In EMAP West and WSA, STARHAND is used to identify hand-picked sites that do not have all CORE indicators available. | Site type (Probability-based or hand-picked)",2013–2014 EPA metadata,DESIGN,,PROB | HAND,,,Multiple protocol-specific labels — see Metadata Detail,fish_metrics,10,2
1314,fish_metrics_TOLRNTAX,TOLRNTAX,Fish,NRSA 1314 Fish Metric Values,No. distinct Tolerant taxa based on TOLERANCE_NRSA,2013–2014 EPA metadata,FISH,,,0.0,,Single metadata definition,fish_metrics,2,1
1314,fish_metrics_TOLRPIND,TOLRPIND,Fish,NRSA 1314 Fish Metric Values,% Tolerant individuals based on TOLERANCE_NRSA,2013–2014 EPA metadata,FISH,,,0.0,100.0,Single metadata definition,fish_metrics,2,1
1314,fish_metrics_TOLRPTAX,TOLRPTAX,Fish,NRSA 1314 Fish Metric Values,% Tolerant taxa based on TOLERANCE_NRSA,2013–2014 EPA metadata,FISH,,,0.0,100.0,Single metadata definition,fish_metrics,2,1
1314,fish_metrics_TOTLNIND,TOTLNIND,Fish,NRSA 1314 Fish Metric Values,Total no. individuals,2013–2014 EPA metadata,FISH,,,0.0,,Single metadata definition,fish_metrics,2,1
1314,fish_metrics_TOTLNTAX,TOTLNTAX,Fish,NRSA 1314 Fish Metric Values,Total no. distinct taxa,2013–2014 EPA metadata,FISH,,,0.0,,Single metadata definition,fish_metrics,2,1
1314,fish_metrics_UID,UID,Fish,NRSA 1314 Fish Metric Values,Unique site visit ID,2013–2014 EPA metadata,,,,,,Same label appears for multiple sample/record types,fish_metrics,15,3
1314,fish_metrics_VISIT_NO,VISIT_NO,Fish,NRSA 1314 Fish Metric Values,Number identifying which visit this is,2013–2014 EPA metadata,VERIF,,|1|2,,,Single metadata definition,fish_metrics,14,1
1314,fish_metrics_WTD_TV,WTD_TV,Fish,NRSA 1314 Fish Metric Values,"Hilsenhoff Biotic Index (HBI), sum of TV_i*prop_i, where TV_i=tolerance value for species i and prop_i=proportion of taxon i in sample, based on all taxa in sample",2013–2014 EPA metadata,FISH,,,0.0,10.0,Single metadata definition,fish_metrics,2,1
1314,fish_taxa_FAM_OR_CLS,FAM_OR_CLS,Fish,NRSA 1314 Fish Taxa List,Family or class,2013–2014 EPA metadata,TAXA: Vertebrate,,,,,Single metadata definition,fish_taxa,1,1
1314,fish_taxa_FAMILY,FAMILY,Fish,NRSA 1314 Fish Taxa List,Final taxon name within fish samples,2013–2014 EPA metadata,TAXA: Vertebrate,,,,,Single metadata definition,fish_taxa,3,1
1314,fish_taxa_FINAL_NAME,FINAL_NAME,Fish,NRSA 1314 Fish Taxa List,Final common name assigned to fish count data,2013–2014 EPA metadata,TAXA: Vertebrate,,,,,Single metadata definition,fish_taxa,2,1
1314,fish_taxa_GENUS,GENUS,Fish,NRSA 1314 Fish Taxa List,"Genus of taxon, if available",2013–2014 EPA metadata,TAXA: Vertebrate,,,,,Single metadata definition,fish_taxa,3,1
1314,fish_taxa_HABITAT_NRSA,HABITAT_NRSA,Fish,NRSA 1314 Fish Taxa List,"Habitat preferences,W-water column,B-Benthic,E-Edge",2013–2014 EPA metadata,TAXA: Vertebrate,,,,,Single metadata definition,fish_taxa,1,1
1314,fish_taxa_HERP,HERP,Fish,NRSA 1314 Fish Taxa List,"A=amphibian, R=reptile",2013–2014 EPA metadata,TAXA: Vertebrate,,,,,Single metadata definition,fish_taxa,1,1
1314,fish_taxa_ITISTSN,ITISTSN,Fish,NRSA 1314 Fish Taxa List,Unique Taxonmoic Serial Number (TSN) based on ITIS,2013–2014 EPA metadata,TAXA: Vertebrate,,,,,Single metadata definition,fish_taxa,2,1
1314,fish_taxa_MIGR_NRSA,MIGR_NRSA,Fish,NRSA 1314 Fish Taxa List,Migratory or not,2013–2014 EPA metadata,TAXA: Vertebrate,,,,,Single metadata definition,fish_taxa,1,1
1314,fish_taxa_REPROD_NRSA,REPROD_NRSA,Fish,NRSA 1314 Fish Taxa List,"Reproductive strategy,C-clean,coarse(lithophil),D-drifter,G-guarder,O-other",2013–2014 EPA metadata,TAXA: Vertebrate,,,,,Single metadata definition,fish_taxa,1,1
1314,fish_taxa_SPECIES,SPECIES,Fish,NRSA 1314 Fish Taxa List,"Species of taxon, if available",2013–2014 EPA metadata,TAXA: Vertebrate,,,,,Single metadata definition,fish_taxa,1,1
1314,fish_taxa_TEMP_NRSA,TEMP_NRSA,Fish,NRSA 1314 Fish Taxa List,"Temperature preferences,WM-warm,CD-coldwater,CL-coolwater",2013–2014 EPA metadata,TAXA: Vertebrate,,,,,Single metadata definition,fish_taxa,1,1
1314,fish_taxa_TOL_VAL_EMAPW,TOL_VAL_EMAPW,Fish,NRSA 1314 Fish Taxa List,Species Tolerance Values,2013–2014 EPA metadata,TAXA: Vertebrate,,,,,Single metadata definition,fish_taxa,1,1
1314,fish_taxa_TOLERANCE_NRSA,TOLERANCE_NRSA,Fish,NRSA 1314 Fish Taxa List,"Tolerance categories Sensitive/Intolerant (S), Intermediate (I), Tolerant (T), based on WEMAP, USGS, Region 7",2013–2014 EPA metadata,TAXA: Vertebrate,,,,,Single metadata definition,fish_taxa,1,1
1314,fish_taxa_TROPHIC_NRSA,TROPHIC_NRSA,Fish,NRSA 1314 Fish Taxa List,"Trophic guild,C-carnivore,I-invertivore,H-herbivore,O-omnivore",2013–2014 EPA metadata,TAXA: Vertebrate,,,,,Single metadata definition,fish_taxa,1,1
1314,fish_taxa_VEL_NRSA,VEL_NRSA,Fish,NRSA 1314 Fish Taxa List,"Velocity preferences,O-other,R-rheophil,P-pool",2013–2014 EPA metadata,TAXA: Vertebrate,,,,,Single metadata definition,fish_taxa,1,1
1314,fish_hg_DATE_COL,DATE_COL,Fish,NRSA 1314 Mercury in Fish Tissue Plugs,Date of data collection in field,2013–2014 EPA metadata,VERIF,,,,,Single metadata definition,fish_hg,14,1
1314,fish_hg_INDEX_VISIT,INDEX_VISIT,Fish,NRSA 1314 Mercury in Fish Tissue Plugs,Index visit Y/blank,2013–2014 EPA metadata,VERIF,,,,,Single metadata definition,fish_hg,10,1
1314,fish_hg_MERCURY_COMMENT,MERCURY_COMMENT,Fish,NRSA 1314 Mercury in Fish Tissue Plugs,Comment to indicate reason mercury data not used in assessment | Descriptive comment. for Mercury in Fish Tissue - NG/G,2013–2014 EPA metadata,FPLG | FPLL,,,,,Multiple protocol-specific labels — see Metadata Detail,fish_hg,2,3
1314,fish_hg_MERCURY_DATA_FLAG,MERCURY_DATA_FLAG,Fish,NRSA 1314 Mercury in Fish Tissue Plugs,Laboratory or OW flag of result for Mercury,2013–2014 EPA metadata,FPLG | FPLL,,,,,Same label appears for multiple sample/record types,fish_hg,2,2
1314,fish_hg_MERCURY_FLAG,MERCURY_FLAG,Fish,NRSA 1314 Mercury in Fish Tissue Plugs,Flag assigned to associated comment for Mercury in Fish Tissue - NG/G,2013–2014 EPA metadata,FPLG,,,,,Single metadata definition,fish_hg,2,1
1314,fish_hg_MERCURY_MDL,MERCURY_MDL,Fish,NRSA 1314 Mercury in Fish Tissue Plugs,Minimum Detection Limit for Mercury in Fish Tissue - NG/G,2013–2014 EPA metadata,FPLG,,,,,Single metadata definition,fish_hg,2,1
1314,fish_hg_MERCURY_RESULT,MERCURY_RESULT,Fish,NRSA 1314 Mercury in Fish Tissue Plugs,Result for Mercury in Fish Tissue - NG/G | Value of associated parameter for Mercury in Fish Tissue - NG/G,2013–2014 EPA metadata,FPLG,,,,,Multiple protocol-specific labels — see Metadata Detail,fish_hg,2,2
1314,fish_hg_MERCURY_RL,MERCURY_RL,Fish,NRSA 1314 Mercury in Fish Tissue Plugs,Reporting Limit for Mercury in Fish Tissue - NG/G,2013–2014 EPA metadata,FPLG,,,,,Single metadata definition,fish_hg,2,1
1314,fish_hg_SITE_ID,SITE_ID,Fish,NRSA 1314 Mercury in Fish Tissue Plugs,"Site ID for the study and year sampled. Preferred form is NRSnn_MM-xxxxx where nn is current cycle year (04, 08, 13, 18, etc), MM is two letter state code, and xxxxx is between 10001 and 99999. Text. No missing values allowed. | Unique Site ID assigned for NRSA13-14 | Site ID",2013–2014 EPA metadata,DESIGN | LANDSCAPE | VERIF,,,,,Multiple protocol-specific labels — see Metadata Detail,fish_hg,14,3
1314,fish_hg_UID,UID,Fish,NRSA 1314 Mercury in Fish Tissue Plugs,Unique site visit ID,2013–2014 EPA metadata,,,,,,Single metadata definition,fish_hg,15,1
1314,fish_hg_VISIT_NO,VISIT_NO,Fish,NRSA 1314 Mercury in Fish Tissue Plugs,Number identifying which visit this is,2013–2014 EPA metadata,VERIF,,|1|2,,,Single metadata definition,fish_hg,14,1
1314,fish_hg_YEAR,YEAR,Fish,NRSA 1314 Mercury in Fish Tissue Plugs,Year of sampling,2013–2014 EPA metadata,VERIF,,,,,Single metadata definition,fish_hg,7,1
1314,landscape_AWCH_WS,AWCH_WS,Landscape Data,NRSA 1314 Landscape Metrics,Mean high values of available water capacity of soils (fraction) at sampling point. From State Soil Geographic (STATSGO) Database.,2013–2014 EPA metadata,LANDSCAPE,,,,,Single metadata definition,landscape,1,1
1314,landscape_BDH_WS,BDH_WS,Landscape Data,NRSA 1314 Landscape Metrics,Mean high values of soil bulk density of soil types at the sampling point (grams per cubic centimeter) from State Soil Geographic (STATSGO) Database.,2013–2014 EPA metadata,LANDSCAPE,,,,,Single metadata definition,landscape,1,1
1314,landscape_BEDROCK_PERM_WS,BEDROCK_PERM_WS,Landscape Data,NRSA 1314 Landscape Metrics,"Bedrock permeability, based on principal aquifer permeability classes. 1 is the lowest permeability, 7 is the highest. Floating point mean value of 7 permeability classes. (Based on National Atlas lithologic groups of principal aquifers. 1 is lowest permeability and 7 is the highest: 1 = Not a prinicpal aquifer, 2 = Sandstone, 3 = Semiconsolidated sand, 4 = Basalt and other volcanic rocks, 5 = Sandstone and carbonate rocks, 6 = Unconsolidated sand and gravel, 7 = Carbonate rock)",2013–2014 EPA metadata,LANDSCAPE,,,,,Single metadata definition,landscape,1,1
1314,landscape_BFI_WS,BFI_WS,Landscape Data,NRSA 1314 Landscape Metrics,"Base Flow Index (BFI), The BFI is a ratio of base flow to total streamflow, expressed as a percentage and ranging from 0 to 100. Base flow is the sustained, slowly varying component of streamflow, usually attributed to ground-water discharge to a stream.",2013–2014 EPA metadata,LANDSCAPE,,,,,Single metadata definition,landscape,1,1
1314,landscape_CAT_COMID,CAT_COMID,Landscape Data,NRSA 1314 Landscape Metrics,NHDPlus COMID for the stream catchment,2013–2014 EPA metadata,LANDSCAPE,,,,,Single metadata definition,landscape,1,1
1314,landscape_CROP_1KM_BUF,CROP_1KM_BUF,Landscape Data,NRSA 1314 Landscape Metrics,Percent cropland use within 1 km buffer of point,2013–2014 EPA metadata,LANDSCAPE,,,0.0,,Single metadata definition,landscape,1,1
1314,landscape_DAM_KM3WTD_200KM,DAM_KM3WTD_200KM,Landscape Data,NRSA 1314 Landscape Metrics,Maximum weighted reservoir volume (km3) within 200 km upstream,2013–2014 EPA metadata,LANDSCAPE,,,0.0,,Single metadata definition,landscape,1,1
1314,landscape_DATE_COL,DATE_COL,Landscape Data,NRSA 1314 Landscape Metrics,Date of data collection in field,2013–2014 EPA metadata,VERIF,,,,,Same label appears for multiple sample/record types,landscape,14,3
1314,landscape_ELEV_PT,ELEV_PT,Landscape Data,NRSA 1314 Landscape Metrics,Elevation at gage location (meters) from 30m NHDPlusV2 which uses National Elevation Data (NED) snapshots from 2010 and 2011,2013–2014 EPA metadata,LANDSCAPE,,,,,Single metadata definition,landscape,1,1
1314,landscape_ELEV_WS,ELEV_WS,Landscape Data,NRSA 1314 Landscape Metrics,Mean watershed elevation (meters) from 30m NHDPlusV2 which uses National Elevation Data (NED) snapshots from 2010 and 2011,2013–2014 EPA metadata,LANDSCAPE,,,,,Single metadata definition,landscape,1,1
1314,landscape_ELEV_WS_MAX,ELEV_WS_MAX,Landscape Data,NRSA 1314 Landscape Metrics,Maximum watershed elevation (meters) from 30m NHDPlusV2 which uses National Elevation Data (NED) snapshots from 2010 and 2011,2013–2014 EPA metadata,LANDSCAPE,,,,,Single metadata definition,landscape,1,1
1314,landscape_ELEV_WS_MIN,ELEV_WS_MIN,Landscape Data,NRSA 1314 Landscape Metrics,Minimum watershed elevation (meters) from 30m NHDPlusV2 which uses National Elevation Data (NED) snapshots from 2010 and 2011,2013–2014 EPA metadata,LANDSCAPE,,,,,Single metadata definition,landscape,1,1
1314,landscape_ET_WS,ET_WS,Landscape Data,NRSA 1314 Landscape Metrics,"Mean-annual actual evapotranspiration (ET), estimated using regression equation of Sanford and Selnick (2013)",2013–2014 EPA metadata,LANDSCAPE,,,,,Single metadata definition,landscape,1,1
1314,landscape_FSTFRZ_WS,FSTFRZ_WS,Landscape Data,NRSA 1314 Landscape Metrics,"Site average of mean day of the year of first freeze, derived from 30 years of record (1961-1990), 2km PRISM. For example, value of 300 is the 300th day of the year (Oct 27th). Values > 365 mean that the first freeze occurs after Dec 31. It is done this way so that (first_freeze - last_freeze) should always give a positive number; high numbers for an area with a long frost-free period (e.g. Florida), low numbers for an area with a short frost-free period.",2013–2014 EPA metadata,LANDSCAPE,,,,,Single metadata definition,landscape,1,1
1314,landscape_GEOL_HUNT_DOM_DESC,GEOL_HUNT_DOM_DESC,Landscape Data,NRSA 1314 Landscape Metrics,"Text description of the dominant (highest percent of area) geology, derived from Hunt (1979) coverage",2013–2014 EPA metadata,LANDSCAPE,,,,,Single metadata definition,landscape,1,1
1314,landscape_GEOL_HUNT_DOM_PCT,GEOL_HUNT_DOM_PCT,Landscape Data,NRSA 1314 Landscape Metrics,"Percentage of the watershed covered by the dominant geology type (Hunt, 1979)",2013–2014 EPA metadata,LANDSCAPE,,,,,Single metadata definition,landscape,1,1
1314,landscape_GEOL_HUNT_DOM_WS,GEOL_HUNT_DOM_WS,Landscape Data,NRSA 1314 Landscape Metrics,"Dominant (highest percent of area) geology, derived from Hunt (1979) coverage",2013–2014 EPA metadata,LANDSCAPE,,,,,Single metadata definition,landscape,1,1
1314,landscape_GEOL_HUNT_PT,GEOL_HUNT_PT,Landscape Data,NRSA 1314 Landscape Metrics,Geology type at the gage location derived from Hunt (1979),2013–2014 EPA metadata,LANDSCAPE,,,,,Single metadata definition,landscape,1,1
1314,landscape_GEOL_REEDBUSH_DOM_PCT,GEOL_REEDBUSH_DOM_PCT,Landscape Data,NRSA 1314 Landscape Metrics,"Percentage of the watershed covered by the dominant geology type (Reed & Bush, 2001)",2013–2014 EPA metadata,LANDSCAPE,,,,,Single metadata definition,landscape,1,1
1314,landscape_GEOL_REEDBUSH_DOM_WS,GEOL_REEDBUSH_DOM_WS,Landscape Data,NRSA 1314 Landscape Metrics,"Dominant (highest percent of area) geology, derived from a simplified version of Reed & Bush (2001) - Generalized Geologic Map of the Conterminous United States.",2013–2014 EPA metadata,LANDSCAPE,,,,,Single metadata definition,landscape,1,1
1314,landscape_GEOL_REEDBUSH_PT,GEOL_REEDBUSH_PT,Landscape Data,NRSA 1314 Landscape Metrics,Geology type at the gage location derived from a simplified version of Reed & Bush (2001) - Generalized Geologic Map of the Conterminous United States.,2013–2014 EPA metadata,LANDSCAPE,,,,,Single metadata definition,landscape,1,1
1314,landscape_KFACT_PT,KFACT_PT,Landscape Data,NRSA 1314 Landscape Metrics,Site mean of the soil erodibility factor (no units) of soils from the State Soil Geographic (STATSGO) Database.,2013–2014 EPA metadata,LANDSCAPE,,,,,Single metadata definition,landscape,1,1
1314,landscape_KFACT_WS,KFACT_WS,Landscape Data,NRSA 1314 Landscape Metrics,Watershed mean of the soil erodibility factor (no units) of soils from the State Soil Geographic (STATSGO) Database.,2013–2014 EPA metadata,LANDSCAPE,,,,,Single metadata definition,landscape,1,1
1314,landscape_LAT_DD83,LAT_DD83,Landscape Data,NRSA 1314 Landscape Metrics,Latitude (based on NAD83 datum) for stream site from NHD-based sample frame. | Latitude (based on NAD83 datum) for stream site from NHDPlusV2 Numeric. No missing values allowed. | Latitude in decimal degrees NAD83,2013–2014 EPA metadata,DESIGN | LANDSCAPE,,Numeric,,,Multiple protocol-specific labels — see Metadata Detail,landscape,8,3
1314,landscape_LON_DD83,LON_DD83,Landscape Data,NRSA 1314 Landscape Metrics,Longitude (based on NAD83 datum) for stream site from NHD-based sample frame. | Longitude (based on NAD83 datum) for stream site from NHDPlusV2 Numeric. No missing values allowed. | Longitude in decimal degrees NAD83,2013–2014 EPA metadata,DESIGN | LANDSCAPE,,Numeric,,,Multiple protocol-specific labels — see Metadata Detail,landscape,8,3
1314,landscape_LSTFRZ_PT,LSTFRZ_PT,Landscape Data,NRSA 1314 Landscape Metrics,"Site average of mean day of the year of last freeze, derived from 30 years of record (1961-1990), 2km PRISM. For example, value of 100 is the 100th day of the year (April 10th). Values of 0 here indicate there is no freeze",2013–2014 EPA metadata,LANDSCAPE,,,,,Single metadata definition,landscape,1,1
1314,landscape_LSTFRZ_WS,LSTFRZ_WS,Landscape Data,NRSA 1314 Landscape Metrics,"Watershed average of mean day of the year of last freeze, derived from 30 years of record (1961-1990), 2km PRISM. For example, value of 100 is the 100th day of the year (April 10th). Values of 0 here indicate there is no freeze",2013–2014 EPA metadata,LANDSCAPE,,,,,Single metadata definition,landscape,1,1
1314,landscape_MAFLOWU,MAFLOWU,Landscape Data,NRSA 1314 Landscape Metrics,Mean Annual Flow (cfs) at bottom of flowline as computed by Unit Runoff Method.,2013–2014 EPA metadata,LANDSCAPE,,,,,Single metadata definition,landscape,1,1
1314,landscape_MAST_2013,MAST_2013,Landscape Data,NRSA 1314 Landscape Metrics,Mean annual stream temperature from USU model,2013–2014 EPA metadata,LANDSCAPE,,,,,Single metadata definition,landscape,1,1
1314,landscape_MAST_2014,MAST_2014,Landscape Data,NRSA 1314 Landscape Metrics,Mean annual stream temperature from USU model,2013–2014 EPA metadata,LANDSCAPE,,,,,Single metadata definition,landscape,1,1
1314,landscape_MAVELU,MAVELU,Landscape Data,NRSA 1314 Landscape Metrics,Mean Annual Velocity (fps) at bottom of flowline as computed by Jobson Method (1996) using the flow in MAFlowU.,2013–2014 EPA metadata,LANDSCAPE,,,,,Single metadata definition,landscape,1,1
1314,landscape_MSST_2013,MSST_2013,Landscape Data,NRSA 1314 Landscape Metrics,Mean summer stream temperature from USU model,2013–2014 EPA metadata,LANDSCAPE,,,,,Single metadata definition,landscape,1,1
1314,landscape_MSST_2014,MSST_2014,Landscape Data,NRSA 1314 Landscape Metrics,Mean summer stream temperature from USU model,2013–2014 EPA metadata,LANDSCAPE,,,,,Single metadata definition,landscape,1,1
1314,landscape_MWST_2013,MWST_2013,Landscape Data,NRSA 1314 Landscape Metrics,Mean winter stream temperature from USU model,2013–2014 EPA metadata,LANDSCAPE,,,,,Single metadata definition,landscape,1,1
1314,landscape_MWST_2014,MWST_2014,Landscape Data,NRSA 1314 Landscape Metrics,Mean winter stream temperature from USU model,2013–2014 EPA metadata,LANDSCAPE,,,,,Single metadata definition,landscape,1,1
1314,landscape_OMH_WS,OMH_WS,Landscape Data,NRSA 1314 Landscape Metrics,Watershed mean of the high value of organic matter content (percent by weight) of soils from State Soil Geographic (STATSGO) Database.,2013–2014 EPA metadata,LANDSCAPE,,,,,Single metadata definition,landscape,1,1
1314,landscape_PCTBL2011_WS,PCTBL2011_WS,Landscape Data,NRSA 1314 Landscape Metrics,% of watershed area classified as barren land cover (NLCD 2011 class 31),2013–2014 EPA metadata,LANDSCAPE,,,,,Single metadata definition,landscape,1,1
1314,landscape_PCTCONIF2011_WS,PCTCONIF2011_WS,Landscape Data,NRSA 1314 Landscape Metrics,% of watershed area classified as evergreen forest land cover (NLCD 2011 class 42),2013–2014 EPA metadata,LANDSCAPE,,,,,Single metadata definition,landscape,1,1
1314,landscape_PCTCROP2011_WS,PCTCROP2011_WS,Landscape Data,NRSA 1314 Landscape Metrics,% of watershed area classified as crop land use (NLCD 2011 class 82),2013–2014 EPA metadata,LANDSCAPE,,,,,Single metadata definition,landscape,1,1
1314,landscape_PCTDECID2011_WS,PCTDECID2011_WS,Landscape Data,NRSA 1314 Landscape Metrics,% of watershed area classified as deciduous forest land cover (NLCD 2011 class 41),2013–2014 EPA metadata,LANDSCAPE,,,,,Single metadata definition,landscape,1,1
1314,landscape_PCTGRS2011_WS,PCTGRS2011_WS,Landscape Data,NRSA 1314 Landscape Metrics,% of watershed area classified as grassland/herbaceous land cover (NLCD 2011 class 71),2013–2014 EPA metadata,LANDSCAPE,,,,,Single metadata definition,landscape,1,1
1314,landscape_PCTHAY2011_WS,PCTHAY2011_WS,Landscape Data,NRSA 1314 Landscape Metrics,% of watershed area classified as hay land use (NLCD 2011 class 81),2013–2014 EPA metadata,LANDSCAPE,,,,,Single metadata definition,landscape,1,1
1314,landscape_PCTHBWET2011_WS,PCTHBWET2011_WS,Landscape Data,NRSA 1314 Landscape Metrics,% of watershed area classified as herbaceous wetland land cover (NLCD 2011 class 95),2013–2014 EPA metadata,LANDSCAPE,,,,,Single metadata definition,landscape,1,1
1314,landscape_PCTICE2011_WS,PCTICE2011_WS,Landscape Data,NRSA 1314 Landscape Metrics,% of watershed area classified as ice/snow land cover (NLCD 2011 class 12),2013–2014 EPA metadata,LANDSCAPE,,,,,Single metadata definition,landscape,1,1
1314,landscape_PCTMXFST2011_WS,PCTMXFST2011_WS,Landscape Data,NRSA 1314 Landscape Metrics,% of watershed area classified as mixed deciduous/evergreen forest land cover (NLCD 2011 class 43),2013–2014 EPA metadata,LANDSCAPE,,,,,Single metadata definition,landscape,1,1
1314,landscape_PCTOW2011_WS,PCTOW2011_WS,Landscape Data,NRSA 1314 Landscape Metrics,% of watershed area classified as open water land cover (NLCD 2011 class 11),2013–2014 EPA metadata,LANDSCAPE,,,,,Single metadata definition,landscape,1,1
1314,landscape_PCTSHRB2011_WS,PCTSHRB2011_WS,Landscape Data,NRSA 1314 Landscape Metrics,% of watershed area classified as shrub/scrub land cover (NLCD 2011 class 52),2013–2014 EPA metadata,LANDSCAPE,,,,,Single metadata definition,landscape,1,1
1314,landscape_PCTURBHI2011_WS,PCTURBHI2011_WS,Landscape Data,NRSA 1314 Landscape Metrics,"% of watershed area classified as developed, high-intensity land use (NLCD 2011 class 24)",2013–2014 EPA metadata,LANDSCAPE,,,,,Single metadata definition,landscape,1,1
1314,landscape_PCTURBLO2011_WS,PCTURBLO2011_WS,Landscape Data,NRSA 1314 Landscape Metrics,"% of watershed area classified as developed, low-intensity land use (NLCD 2011 class 22)",2013–2014 EPA metadata,LANDSCAPE,,,,,Single metadata definition,landscape,1,1
1314,landscape_PCTURBMD2011_WS,PCTURBMD2011_WS,Landscape Data,NRSA 1314 Landscape Metrics,"% of watershed area classified as developed, medium-intensity land use (NLCD 2011 class 23)",2013–2014 EPA metadata,LANDSCAPE,,,,,Single metadata definition,landscape,1,1
1314,landscape_PCTURBOP2011_WS,PCTURBOP2011_WS,Landscape Data,NRSA 1314 Landscape Metrics,"% of watershed area classified as developed, open space land use (NLCD 2011 class 21)",2013–2014 EPA metadata,LANDSCAPE,,,,,Single metadata definition,landscape,1,1
1314,landscape_PCTWDWET2011_WS,PCTWDWET2011_WS,Landscape Data,NRSA 1314 Landscape Metrics,% of watershed area classified as woody wetland land cover (NLCD 2011 class 90),2013–2014 EPA metadata,LANDSCAPE,,,,,Single metadata definition,landscape,1,1
1314,landscape_PERDUN_WS,PERDUN_WS,Landscape Data,NRSA 1314 Landscape Metrics,"Dunne overland flow, also know as saturation overland flow, is generated in a basin when the water table ""outcrops"" on the land surface (due to the infiltration and redistribution of soil moisture within the basin), thereby producing temporary saturated areas. These saturated areas generate Dunne overland flow through exfiltration of shallow ground water and by routing precipitation directly to the stream network. The data are estimated from a watershed simulation model called TOPMODEL (Wolock, 1993). The model was run throughout the conterminous U.S. and estimated percentage of Dunne overland flow in total streamflow was quantified (Wolock, 2003).",2013–2014 EPA metadata,LANDSCAPE,,,,,Single metadata definition,landscape,1,1
1314,landscape_PERHOR_WS,PERHOR_WS,Landscape Data,NRSA 1314 Landscape Metrics,"Horton overland flow, also known as infiltration-excess overland flow, is generated in a basin when infiltration rates are exceeded by precipitation rates. The data are estimated from a watershed simulation model called TOPMODEL (Wolock, 1993). The model was run throughout the conterminous U.S. and estimated percentage of Horton overland flow in total streamflow was quantified (Wolock, 2003).",2013–2014 EPA metadata,LANDSCAPE,,,,,Single metadata definition,landscape,1,1
1314,landscape_PERMH_WS,PERMH_WS,Landscape Data,NRSA 1314 Landscape Metrics,Watershed mean of the high values of permeability (inches/hour) of soils from the State Soil Geographic (STATSGO) Database,2013–2014 EPA metadata,LANDSCAPE,,,,,Single metadata definition,landscape,1,1
1314,landscape_PMAX_WS,PMAX_WS,Landscape Data,NRSA 1314 Landscape Metrics,"GIS raster calculated as ?(MAXxi) / 30, where xi = the modeled total precipitation (mm) for month i (1-12). Values based on 30 years (1971-2000) of PRISM climate estimates. Each value represents a 900 x 900 meter cell. Mean of all Pmax values within the watershed upstream of the sampling point (?Pmax i / n, where i = each of n pixels within the watershed).",2013–2014 EPA metadata,LANDSCAPE,,,,,Single metadata definition,landscape,1,1
1314,landscape_PMIN_WS,PMIN_WS,Landscape Data,NRSA 1314 Landscape Metrics,"GIS raster calculated as ?MINxi / 30, where xi = the modeled total precipitation (mm) for month i (1-12). Values based on 30 years (1971-2000) of PRISM climate estimates. Each value represents a 900 x 900 meter cell. Mean of all Pmin values within the watershed upstream of the sampling point (?Pmin i / n, where i = each of n pixels within the watershed).",2013–2014 EPA metadata,LANDSCAPE,,,,,Single metadata definition,landscape,1,1
1314,landscape_PRECIP_WS,PRECIP_WS,Landscape Data,NRSA 1314 Landscape Metrics,"Mean annual precip (cm) for the watershed, from 800m PRISM data. 30 years period of record 1971-2000.",2013–2014 EPA metadata,LANDSCAPE,,,,,Single metadata definition,landscape,1,1
1314,landscape_PSUM_PT,PSUM_PT,Landscape Data,NRSA 1314 Landscape Metrics,"Annual sum of the predicted mean monthly precipitation (mm) derived from the PRISM data for the sampling site. Calculated as sum Xi, where Xi = the predicted mean precipitation for month i (1-12) derived from 29 years of record (1961-1990).",2013–2014 EPA metadata,LANDSCAPE,,,,,Single metadata definition,landscape,1,1
1314,landscape_PSUM_WS,PSUM_WS,Landscape Data,NRSA 1314 Landscape Metrics,"Annual sum of the predicted mean monthly precipitation (mm) derived from the PRISM data for the watershed. Calculated as sum Xi, where Xi = the predicted mean precipitation for month i (1-12) derived from 29 years of record (1961-1990).",2013–2014 EPA metadata,LANDSCAPE,,,,,Single metadata definition,landscape,1,1
1314,landscape_PSUMPY_2013_PT,PSUMPY_2013_PT,Landscape Data,NRSA 1314 Landscape Metrics,"GIS raster calculated as xi, where xi = the modeled total precipitation (mm) for month i (5-12) of the previous year and month i (1-4) of the sampling year. This value estimates the total precipitation for the 12 months prior to the field sampling season. Each value represents a 2 x 2 kilometer cell (http://www.prism.oregonstate.edu).",2013–2014 EPA metadata,LANDSCAPE,,,,,Single metadata definition,landscape,1,1
1314,landscape_PSUMPY_2013_WS,PSUMPY_2013_WS,Landscape Data,NRSA 1314 Landscape Metrics,"GIS raster calculated as xi, where xi = the modeled total precipitation (mm) for month i (5-12) of the previous year and month i (1-4) of the sampling year. This value estimates the total precipitation for the 12 months prior to the field sampling season. Each value represents a 2 x 2 kilometer cell (http://www.prism.oregonstate.edu).",2013–2014 EPA metadata,LANDSCAPE,,,,,Single metadata definition,landscape,1,1
1314,landscape_PSUMPY_2014_PT,PSUMPY_2014_PT,Landscape Data,NRSA 1314 Landscape Metrics,"GIS raster calculated as xi, where xi = the modeled total precipitation (mm) for month i (5-12) of the previous year and month i (1-4) of the sampling year. This value estimates the total precipitation for the 12 months prior to the field sampling season. Each value represents a 2 x 2 kilometer cell (http://www.prism.oregonstate.edu).",2013–2014 EPA metadata,LANDSCAPE,,,,,Single metadata definition,landscape,1,1
1314,landscape_PSUMPY_2014_WS,PSUMPY_2014_WS,Landscape Data,NRSA 1314 Landscape Metrics,"GIS raster calculated as xi, where xi = the modeled total precipitation (mm) for month i (5-12) of the previous year and month i (1-4) of the sampling year. This value estimates the total precipitation for the 12 months prior to the field sampling season. Each value represents a 2 x 2 kilometer cell (http://www.prism.oregonstate.edu).",2013–2014 EPA metadata,LANDSCAPE,,,,,Single metadata definition,landscape,1,1
1314,landscape_RDDENS_WS,RDDENS_WS,Landscape Data,NRSA 1314 Landscape Metrics,Watershed road density (km/km2),2013–2014 EPA metadata,LANDSCAPE,,,0.0,,Single metadata definition,landscape,1,1
1314,landscape_RDH_PT,RDH_PT,Landscape Data,NRSA 1314 Landscape Metrics,Site mean of the high values of depth to bedrock (inches) of soils from the State Soil Geographic (STATSGO) Database.,2013–2014 EPA metadata,LANDSCAPE,,,,,Single metadata definition,landscape,1,1
1314,landscape_RDH_WS,RDH_WS,Landscape Data,NRSA 1314 Landscape Metrics,Site mean of the high values of depth to bedrock (inches) of soils from the State Soil Geographic (STATSGO) Database.,2013–2014 EPA metadata,LANDSCAPE,,,,,Single metadata definition,landscape,1,1
1314,landscape_REACH_COMID,REACH_COMID,Landscape Data,NRSA 1314 Landscape Metrics,NHDPlus COMID for the stream reach,2013–2014 EPA metadata,LANDSCAPE,,,,,Single metadata definition,landscape,1,1
1314,landscape_RHMEAN_PT,RHMEAN_PT,Landscape Data,NRSA 1314 Landscape Metrics,"GIS raster calculated as (SUMxi / 12) / 30, where xi = the modeled mean relative humidity (%) for month i (1-12). Values based on 30 years (1961-1990) of PRISM climate estimates. Each value represents a 2 x 2 kilometer cell",2013–2014 EPA metadata,LANDSCAPE,,,,,Single metadata definition,landscape,1,1
1314,landscape_RHMEAN_WS,RHMEAN_WS,Landscape Data,NRSA 1314 Landscape Metrics,"Watershed average relative humidity (percent), from 2km PRISM, derived from 30 years of record (1961-1990).",2013–2014 EPA metadata,LANDSCAPE,,,,,Single metadata definition,landscape,1,1
1314,landscape_RUNOFF_WS,RUNOFF_WS,Landscape Data,NRSA 1314 Landscape Metrics,"Estimated watershed annual runoff, mm/year, mean for the period 1971-2000. Estimation method integrated effects of climate, land use, water use, regulation, etc. The base data layer was estimated from historical USGS streamflow data and hydrologic cataloging units in the conterminous U.S., following the appraoch of Krug and others (1989).",2013–2014 EPA metadata,LANDSCAPE,,,,,Single metadata definition,landscape,1,1
1314,landscape_SITE_ID,SITE_ID,Landscape Data,NRSA 1314 Landscape Metrics,"Site ID for the study and year sampled. Preferred form is NRSnn_MM-xxxxx where nn is current cycle year (04, 08, 13, 18, etc), MM is two letter state code, and xxxxx is between 10001 and 99999. Text. No missing values allowed. | Unique Site ID assigned for NRSA13-14 | Site ID",2013–2014 EPA metadata,DESIGN | LANDSCAPE | VERIF,,,,,Multiple protocol-specific labels — see Metadata Detail,landscape,14,5
1314,landscape_SITETYPE,SITETYPE,Landscape Data,NRSA 1314 Landscape Metrics,Site type (Probability-based or hand-picked),2013–2014 EPA metadata,DESIGN,,PROB | HAND,,,Single metadata definition,landscape,10,1
1314,landscape_TMAX_WS,TMAX_WS,Landscape Data,NRSA 1314 Landscape Metrics,"Watershed average of maximum monthly air temperature (degrees C) from 800m PRISM, derived from 30 years of record (1971-2000).",2013–2014 EPA metadata,LANDSCAPE,,,,,Single metadata definition,landscape,1,1
1314,landscape_TMEAN_WS,TMEAN_WS,Landscape Data,NRSA 1314 Landscape Metrics,"Average annual air temperature for the watershed, degrees C, from 2km PRISM data. 30 years period of record 1971-2000.",2013–2014 EPA metadata,LANDSCAPE,,,,,Single metadata definition,landscape,1,1
1314,landscape_TMEANPW_2013_PT,TMEANPW_2013_PT,Landscape Data,NRSA 1314 Landscape Metrics,"GIS raster calculated as xi / 3, where xi = the modeled mean air temperature (°C) for month i (12) of the previous year and month i (1-2) of the sample year. The modeled monthly mean air temperature (xi) is the average of the minimum and maximum monthly air temperatures (http://www.prism.oregonstate.edu/faq.phtml). This value estimates the average temperature of the winter just prior to when field sampling was done. Each value represents a 2 x 2 kilometer cell",2013–2014 EPA metadata,LANDSCAPE,,,,,Single metadata definition,landscape,1,1
1314,landscape_TMEANPW_2013_WS,TMEANPW_2013_WS,Landscape Data,NRSA 1314 Landscape Metrics,"GIS raster calculated as xi / 3, where xi = the modeled mean air temperature (°C) for month i (12) of the previous year and month i (1-2) of the sample year. The modeled monthly mean air temperature (xi) is the average of the minimum and maximum monthly air temperatures (http://www.prism.oregonstate.edu/faq.phtml). This value estimates the average temperature of the winter just prior to when field sampling was done. Each value represents a 2 x 2 kilometer cell",2013–2014 EPA metadata,LANDSCAPE,,,,,Single metadata definition,landscape,1,1
1314,landscape_TMEANPW_2014_PT,TMEANPW_2014_PT,Landscape Data,NRSA 1314 Landscape Metrics,"GIS raster calculated as xi / 3, where xi = the modeled mean air temperature (°C) for month i (12) of the previous year and month i (1-2) of the sample year. The modeled monthly mean air temperature (xi) is the average of the minimum and maximum monthly air temperatures (http://www.prism.oregonstate.edu/faq.phtml). This value estimates the average temperature of the winter just prior to when field sampling was done. Each value represents a 2 x 2 kilometer cell",2013–2014 EPA metadata,LANDSCAPE,,,,,Single metadata definition,landscape,1,1
1314,landscape_TMEANPW_2014_WS,TMEANPW_2014_WS,Landscape Data,NRSA 1314 Landscape Metrics,"GIS raster calculated as xi / 3, where xi = the modeled mean air temperature (°C) for month i (12) of the previous year and month i (1-2) of the sample year. The modeled monthly mean air temperature (xi) is the average of the minimum and maximum monthly air temperatures (http://www.prism.oregonstate.edu/faq.phtml). This value estimates the average temperature of the winter just prior to when field sampling was done. Each value represents a 2 x 2 kilometer cell",2013–2014 EPA metadata,LANDSCAPE,,,,,Single metadata definition,landscape,1,1
1314,landscape_TMEANSS_2013_PT,TMEANSS_2013_PT,Landscape Data,NRSA 1314 Landscape Metrics,"GIS raster calculated as xi / 4, where xi = the modeled mean air temperature (°C) for month i (6-9) of the sample year. The modeled monthly mean air temperature (xi) is the average of the minimum and maximum monthly air temperatures (http://www.prism.oregonstate.edu/faq.phtml). This value estimates the average temperature of the specific summer that field sampling was done. Each value represents a 2 x 2 kilometer cell",2013–2014 EPA metadata,LANDSCAPE,,,,,Single metadata definition,landscape,1,1
1314,landscape_TMEANSS_2013_WS,TMEANSS_2013_WS,Landscape Data,NRSA 1314 Landscape Metrics,"GIS raster calculated as xi / 4, where xi = the modeled mean air temperature (°C) for month i (6-9) of the sample year. The modeled monthly mean air temperature (xi) is the average of the minimum and maximum monthly air temperatures (http://www.prism.oregonstate.edu/faq.phtml). This value estimates the average temperature of the specific summer that field sampling was done. Each value represents a 2 x 2 kilometer cell",2013–2014 EPA metadata,LANDSCAPE,,,,,Single metadata definition,landscape,1,1
1314,landscape_TMEANSS_2014_PT,TMEANSS_2014_PT,Landscape Data,NRSA 1314 Landscape Metrics,"GIS raster calculated as xi / 4, where xi = the modeled mean air temperature (°C) for month i (6-9) of the sample year. The modeled monthly mean air temperature (xi) is the average of the minimum and maximum monthly air temperatures (http://www.prism.oregonstate.edu/faq.phtml). This value estimates the average temperature of the specific summer that field sampling was done. Each value represents a 2 x 2 kilometer cell",2013–2014 EPA metadata,LANDSCAPE,,,,,Single metadata definition,landscape,1,1
1314,landscape_TMEANSS_2014_WS,TMEANSS_2014_WS,Landscape Data,NRSA 1314 Landscape Metrics,"GIS raster calculated as xi / 4, where xi = the modeled mean air temperature (°C) for month i (6-9) of the sample year. The modeled monthly mean air temperature (xi) is the average of the minimum and maximum monthly air temperatures (http://www.prism.oregonstate.edu/faq.phtml). This value estimates the average temperature of the specific summer that field sampling was done. Each value represents a 2 x 2 kilometer cell",2013–2014 EPA metadata,LANDSCAPE,,,,,Single metadata definition,landscape,1,1
1314,landscape_TMEANSY_2013_PT,TMEANSY_2013_PT,Landscape Data,NRSA 1314 Landscape Metrics,"GIS raster calculated as xi / 12, where xi = the modeled mean air temperature (°C) for month i (1-12) of the sample year. The modeled monthly mean air temperature (xi) is the average of the minimum and maximum monthly air temperatures (http://www.prism.oregonstate.edu/faq.phtml). This value estimates the average temperature of the specific year that field sampling was done. Each value represents a 2 x 2 kilometer cell",2013–2014 EPA metadata,LANDSCAPE,,,,,Single metadata definition,landscape,1,1
1314,landscape_TMEANSY_2013_WS,TMEANSY_2013_WS,Landscape Data,NRSA 1314 Landscape Metrics,"GIS raster calculated as xi / 12, where xi = the modeled mean air temperature (°C) for month i (1-12) of the sample year. The modeled monthly mean air temperature (xi) is the average of the minimum and maximum monthly air temperatures (http://www.prism.oregonstate.edu/faq.phtml). This value estimates the average temperature of the specific year that field sampling was done. Each value represents a 2 x 2 kilometer cell",2013–2014 EPA metadata,LANDSCAPE,,,,,Single metadata definition,landscape,1,1
1314,landscape_TMEANSY_2014_PT,TMEANSY_2014_PT,Landscape Data,NRSA 1314 Landscape Metrics,"GIS raster calculated as xi / 12, where xi = the modeled mean air temperature (°C) for month i (1-12) of the sample year. The modeled monthly mean air temperature (xi) is the average of the minimum and maximum monthly air temperatures (http://www.prism.oregonstate.edu/faq.phtml). This value estimates the average temperature of the specific year that field sampling was done. Each value represents a 2 x 2 kilometer cell",2013–2014 EPA metadata,LANDSCAPE,,,,,Single metadata definition,landscape,1,1
1314,landscape_TMEANSY_2014_WS,TMEANSY_2014_WS,Landscape Data,NRSA 1314 Landscape Metrics,"GIS raster calculated as xi / 12, where xi = the modeled mean air temperature (°C) for month i (1-12) of the sample year. The modeled monthly mean air temperature (xi) is the average of the minimum and maximum monthly air temperatures (http://www.prism.oregonstate.edu/faq.phtml). This value estimates the average temperature of the specific year that field sampling was done. Each value represents a 2 x 2 kilometer cell",2013–2014 EPA metadata,LANDSCAPE,,,,,Single metadata definition,landscape,1,1
1314,landscape_TMIN_PT,TMIN_PT,Landscape Data,NRSA 1314 Landscape Metrics,"GIS raster calculated as MINxi / 30, where xi = the modeled monthly average minimum air temperature (°C) for month i (1-12). Values based on 30 years (1971-2000) of PRISM climate estimates. Each value represents a 900 x 900 meter cell. Note that these values are modified from the PRISM annual maximum air temperature grid available at: http://www.prism.oregonstate.edu, that are calculated as (SUMxi / 12) / 30, where xi = the modeled monthly average minimum air temperature (°C) for month i (1-12).",2013–2014 EPA metadata,LANDSCAPE,,,,,Single metadata definition,landscape,1,1
1314,landscape_TMIN_WS,TMIN_WS,Landscape Data,NRSA 1314 Landscape Metrics,"GIS raster calculated as MINxi / 30, where xi = the modeled monthly average minimum air temperature (°C) for month i (1-12). Values based on 30 years (1971-2000) of PRISM climate estimates. Each value represents a 900 x 900 meter cell. Note that these values are modified from the PRISM annual maximum air temperature grid available at: http://www.prism.oregonstate.edu, that are calculated as (SUMxi / 12) / 30, where xi = the modeled monthly average minimum air temperature (°C) for month i (1-12).",2013–2014 EPA metadata,LANDSCAPE,,,,,Single metadata definition,landscape,1,1
1314,landscape_TOPWET_WS,TOPWET_WS,Landscape Data,NRSA 1314 Landscape Metrics,"Topographic wetness index, ln(a/S); where ""ln"" is the natural log, ""a"" is the upslope area per unit contour length and ""S"" is the slope at that point. See http://ks.water.usgs.gov/Kansas/pubs/reports/wrir.99-4242.html and Wolock and McCabe, 1995 for more detail/ TWI is computed as ln(a/S), where ""ln"" is the natural log, ""a"" is the upslope area per unit contour length and ""S"" is the slope at that point. A single flow direction algorithm was used to compute this version of theTWI (Wolock and McCabe, 1995);TWI values were derived from 1-km USGS digital elevation data.",2013–2014 EPA metadata,LANDSCAPE,,,,,Single metadata definition,landscape,1,1
1314,landscape_URB_1KM_BUF,URB_1KM_BUF,Landscape Data,NRSA 1314 Landscape Metrics,Percent urban land use within 1 km buffer of point,2013–2014 EPA metadata,LANDSCAPE,,,0.0,,Single metadata definition,landscape,1,1
1314,landscape_VISIT_NO,VISIT_NO,Landscape Data,NRSA 1314 Landscape Metrics,Number identifying which visit this is,2013–2014 EPA metadata,VERIF,,|1|2,,,Same label appears for multiple sample/record types,landscape,14,3
1314,landscape_WDMAX_PT,WDMAX_PT,Landscape Data,NRSA 1314 Landscape Metrics,"GIS raster calculated as (SUMxi / 12) / 30, where xi = the modeled maximum number of days with measurable precipitation (i.e., ""wetdays"", days) for month i (1-12). Values based on 30 years (1961-1990) of PRISM climate estimates. Each value represents a 2 x 2 kilometer cell",2013–2014 EPA metadata,LANDSCAPE,,,,,Single metadata definition,landscape,1,1
1314,landscape_WDMAX_WS,WDMAX_WS,Landscape Data,NRSA 1314 Landscape Metrics,"GIS raster calculated as (SUMxi / 12) / 30, where xi = the modeled maximum number of days with measurable precipitation (i.e., ""wetdays"", days) for month i (1-12). Values based on 30 years (1961-1990) of PRISM climate estimates. Each value represents a 2 x 2 kilometer cell",2013–2014 EPA metadata,LANDSCAPE,,,,,Single metadata definition,landscape,1,1
1314,landscape_WDMIN_PT,WDMIN_PT,Landscape Data,NRSA 1314 Landscape Metrics,"GIS raster calculated as (SUMxi / 12) / 30, where xi = the modeled minimum number of days with measurable precipitation (i.e., ""wetdays"", days) for month i (1-12). Values based on 30 years (1961-1990) of PRISM climate estimates. Each value represents a 2 x 2 kilometer cell",2013–2014 EPA metadata,LANDSCAPE,,,,,Single metadata definition,landscape,1,1
1314,landscape_WDMIN_WS,WDMIN_WS,Landscape Data,NRSA 1314 Landscape Metrics,"GIS raster calculated as (SUMxi / 12) / 30, where xi = the modeled minimum number of days with measurable precipitation (i.e., ""wetdays"", days) for month i (1-12). Values based on 30 years (1961-1990) of PRISM climate estimates. Each value represents a 2 x 2 kilometer cell",2013–2014 EPA metadata,LANDSCAPE,,,,,Single metadata definition,landscape,1,1
1314,landscape_WDSUM_PT,WDSUM_PT,Landscape Data,NRSA 1314 Landscape Metrics,"GIS raster calculated as (SUMxi / 12) / 30, where xi = the modeled mean number of days with measurable precipitation (i.e., ""wetdays"", days) for month i (1-12). Values based on 30 years (1961-1990) of PRISM climate estimates. Each value represents a 2 x 2 kilometer cell",2013–2014 EPA metadata,LANDSCAPE,,,,,Single metadata definition,landscape,1,1
1314,landscape_WDSUM_WS,WDSUM_WS,Landscape Data,NRSA 1314 Landscape Metrics,"GIS raster calculated as (SUMxi / 12) / 30, where xi = the modeled mean number of days with measurable precipitation (i.e., ""wetdays"", days) for month i (1-12). Values based on 30 years (1961-1990) of PRISM climate estimates. Each value represents a 2 x 2 kilometer cell",2013–2014 EPA metadata,LANDSCAPE,,,,,Single metadata definition,landscape,1,1
1314,landscape_WSAREASQKM,WSAREASQKM,Landscape Data,NRSA 1314 Landscape Metrics,Watershed area in square kilometers based on the pour point and using NHDPlus catchments,2013–2014 EPA metadata,LANDSCAPE,,,,,Single metadata definition,landscape,1,1
1314,landscape_WTDH_PT,WTDH_PT,Landscape Data,NRSA 1314 Landscape Metrics,Watershed mean of the high values of seasonal water table depth (feet) of soils from the State Soil Geographic (STATSGO) Database,2013–2014 EPA metadata,LANDSCAPE,,,,,Single metadata definition,landscape,1,1
1314,landscape_WTDPH_WS,WTDPH_WS,Landscape Data,NRSA 1314 Landscape Metrics,Watershed mean of the high values of seasonal water table depth (feet) of soils from the State Soil Geographic (STATSGO) Database,2013–2014 EPA metadata,LANDSCAPE,,,,,Single metadata definition,landscape,1,1
1314,landscape_YEAR,YEAR,Landscape Data,NRSA 1314 Landscape Metrics,Year of sampling,2013–2014 EPA metadata,VERIF,,,,,Single metadata definition,landscape,7,1
1314,periphyton_biomass_AFDM_DATE_ANALYZED,AFDM_DATE_ANALYZED,Periphyton Biomass,NRSA 1314 Periphyton Biomass,Ash Free Dry Mass for NA,2013–2014 EPA metadata,PBIO,,,,,Single metadata definition,periphyton_biomass,1,1
1314,periphyton_biomass_AFDM_DATE_FILTERED,AFDM_DATE_FILTERED,Periphyton Biomass,NRSA 1314 Periphyton Biomass,Ash Free Dry Mass for NA,2013–2014 EPA metadata,PBIO,,,,,Single metadata definition,periphyton_biomass,1,1
1314,periphyton_biomass_AFDM_DATE_PROCESSED,AFDM_DATE_PROCESSED,Periphyton Biomass,NRSA 1314 Periphyton Biomass,Ash Free Dry Mass for NA,2013–2014 EPA metadata,PBIO,,,,,Single metadata definition,periphyton_biomass,1,1
1314,periphyton_biomass_AFDM_DATE_RECEIVED,AFDM_DATE_RECEIVED,Periphyton Biomass,NRSA 1314 Periphyton Biomass,Ash Free Dry Mass for NA,2013–2014 EPA metadata,PBIO,,,,,Single metadata definition,periphyton_biomass,1,1
1314,periphyton_biomass_AFDM_EXTRACT,AFDM_EXTRACT,Periphyton Biomass,NRSA 1314 Periphyton Biomass,Ash Free Dry Mass for NA,2013–2014 EPA metadata,PBIO,,,,,Single metadata definition,periphyton_biomass,1,1
1314,periphyton_biomass_AFDM_EXTRACT_VOL,AFDM_EXTRACT_VOL,Periphyton Biomass,NRSA 1314 Periphyton Biomass,Ash Free Dry Mass for NA,2013–2014 EPA metadata,PBIO,,,,,Single metadata definition,periphyton_biomass,1,1
1314,periphyton_biomass_AFDM_HOLDING_TIME,AFDM_HOLDING_TIME,Periphyton Biomass,NRSA 1314 Periphyton Biomass,Ash Free Dry Mass for NA,2013–2014 EPA metadata,PBIO,,,,,Single metadata definition,periphyton_biomass,1,1
1314,periphyton_biomass_AFDM_LAB_SAMPLE_ID,AFDM_LAB_SAMPLE_ID,Periphyton Biomass,NRSA 1314 Periphyton Biomass,Ash Free Dry Mass for NA,2013–2014 EPA metadata,PBIO,,,,,Single metadata definition,periphyton_biomass,1,1
1314,periphyton_biomass_AFDM_MDL,AFDM_MDL,Periphyton Biomass,NRSA 1314 Periphyton Biomass,Ash Free Dry Mass for NA,2013–2014 EPA metadata,PBIO,,,,,Single metadata definition,periphyton_biomass,1,1
1314,periphyton_biomass_AFDM_NARS_FLAG,AFDM_NARS_FLAG,Periphyton Biomass,NRSA 1314 Periphyton Biomass,Ash Free Dry Mass for NA,2013–2014 EPA metadata,PBIO,,,,,Single metadata definition,periphyton_biomass,1,1
1314,periphyton_biomass_AFDM_QA_FLAG,AFDM_QA_FLAG,Periphyton Biomass,NRSA 1314 Periphyton Biomass,Ash Free Dry Mass for NA,2013–2014 EPA metadata,PBIO,,,,,Single metadata definition,periphyton_biomass,1,1
1314,periphyton_biomass_AFDM_RESULT,AFDM_RESULT,Periphyton Biomass,NRSA 1314 Periphyton Biomass,Ash Free Dry Mass for NA,2013–2014 EPA metadata,PBIO,,,,,Single metadata definition,periphyton_biomass,1,1
1314,periphyton_biomass_AFDM_RESULT_VOL,AFDM_RESULT_VOL,Periphyton Biomass,NRSA 1314 Periphyton Biomass,Ash Free Dry Mass for NA,2013–2014 EPA metadata,PBIO,,,,,Single metadata definition,periphyton_biomass,1,1
1314,periphyton_biomass_AFDM_RL,AFDM_RL,Periphyton Biomass,NRSA 1314 Periphyton Biomass,Ash Free Dry Mass for NA,2013–2014 EPA metadata,PBIO,,,,,Single metadata definition,periphyton_biomass,1,1
1314,periphyton_biomass_AFDM_SAMPLE_ID,AFDM_SAMPLE_ID,Periphyton Biomass,NRSA 1314 Periphyton Biomass,Ash Free Dry Mass for NA,2013–2014 EPA metadata,PBIO,,,,,Single metadata definition,periphyton_biomass,1,1
1314,periphyton_biomass_AFDM_SAMPLEVOL,AFDM_SAMPLEVOL,Periphyton Biomass,NRSA 1314 Periphyton Biomass,Ash Free Dry Mass for NA,2013–2014 EPA metadata,PBIO,,,,,Single metadata definition,periphyton_biomass,1,1
1314,periphyton_biomass_AFDM_SHIP_FLAG,AFDM_SHIP_FLAG,Periphyton Biomass,NRSA 1314 Periphyton Biomass,Ash Free Dry Mass for NA,2013–2014 EPA metadata,PBIO,,,,,Single metadata definition,periphyton_biomass,1,1
1314,periphyton_biomass_AFDM_VOLUME_FILTERED,AFDM_VOLUME_FILTERED,Periphyton Biomass,NRSA 1314 Periphyton Biomass,Ash Free Dry Mass for NA,2013–2014 EPA metadata,PBIO,,,,,Single metadata definition,periphyton_biomass,1,1
1314,phab_indicator_DATE_COL,DATE_COL,Physical Habitat,NRSA 1314 Physical Habitat Indicator Metrics,Date of data collection in field,2018–2019 EPA metadata fallback,VERIF,,,,,2013 metadata label blank — later EPA definition supplied,phab_indicator,14,1
1314,phab_indicator_INDEX_VISIT,INDEX_VISIT,Physical Habitat,NRSA 1314 Physical Habitat Indicator Metrics,,Not supplied in listed EPA metadata,VERIF,,,,,No label supplied in listed EPA metadata,phab_indicator,10,1
1314,phab_indicator_L_XCMGW,L_XCMGW,Physical Habitat,NRSA 1314 Physical Habitat Indicator Metrics,,Not supplied in listed EPA metadata,PHAB,,,,,No label supplied in listed EPA metadata,phab_indicator,2,1
1314,phab_indicator_L_XFC_NAT,L_XFC_NAT,Physical Habitat,NRSA 1314 Physical Habitat Indicator Metrics,,Not supplied in listed EPA metadata,PHAB,,,,,No label supplied in listed EPA metadata,phab_indicator,2,1
1314,phab_indicator_LRBS_USE,LRBS_USE,Physical Habitat,NRSA 1314 Physical Habitat Indicator Metrics,"Log relative bed stability to use in assessing BEDSED_COND, filled in from other variables as needed",2023–2024 EPA metadata fallback,PHAB,,,,,2013 metadata label blank — later EPA definition supplied,phab_indicator,2,1
1314,phab_indicator_SITE_ID,SITE_ID,Physical Habitat,NRSA 1314 Physical Habitat Indicator Metrics,"Site ID for the study and year sampled. Preferred form is NRSnn_MM-xxxxx where nn is current cycle year (04, 08, 13, 18, etc), MM is two letter state code, and xxxxx is between 10001 and 99999. Text. No missing values allowed. | Site ID",2018–2019 EPA metadata fallback,DESIGN | LANDSCAPE | VERIF,,,,,2013 metadata label blank — later EPA definition supplied,phab_indicator,14,3
1314,phab_indicator_UID,UID,Physical Habitat,NRSA 1314 Physical Habitat Indicator Metrics,Unique site visit ID,2013–2014 EPA metadata,,,,,,Single metadata definition,phab_indicator,15,1
1314,phab_indicator_VISIT_NO,VISIT_NO,Physical Habitat,NRSA 1314 Physical Habitat Indicator Metrics,Number identifying which visit this is,2018–2019 EPA metadata fallback,VERIF,,|1|2,,,2013 metadata label blank — later EPA definition supplied,phab_indicator,14,1
1314,phab_indicator_W1_HALL,W1_HALL,Physical Habitat,NRSA 1314 Physical Habitat Indicator Metrics,Human Disturbance Index(distance-wtd tally of types and presence),2018–2019 EPA metadata fallback,PHAB | PHab boatable: human disturbance | PHab wadeable: human disturbance,,,,,2013 metadata label blank — later EPA definition supplied,phab_indicator,4,3
1314,phab_indicator_YEAR,YEAR,Physical Habitat,NRSA 1314 Physical Habitat Indicator Metrics,Year of sampling,2018–2019 EPA metadata fallback,VERIF,,,,,2013 metadata label blank — later EPA definition supplied,phab_indicator,7,1
1314,phab_common_BANGMODE,BANGMODE,Physical Habitat,NRSA 1314 Physical Habitat Most Common Metrics,Mode of bank slope category (Zar 1984),2018–2019 EPA metadata fallback,BANK MORPHOLOGY,,,,,2013 metadata label blank — later EPA definition supplied,phab_common,2,1
1314,phab_common_BFWD_RAT,BFWD_RAT,Physical Habitat,NRSA 1314 Physical Habitat Most Common Metrics,Bankfull Width/Depth Ratio,2018–2019 EPA metadata fallback,CHANNEL MORPHOLOGY,,,,,2013 metadata label blank — later EPA definition supplied,phab_common,2,1
1314,phab_common_CONPATTERN,CONPATTERN,Physical Habitat,NRSA 1314 Physical Habitat Most Common Metrics,Channel pattern,2018–2019 EPA metadata fallback,CHANNEL CHARACTERISTICS,,,,,2013 metadata label blank — later EPA definition supplied,phab_common,2,1
1314,phab_common_CONSTRAINT,CONSTRAINT,Physical Habitat,NRSA 1314 Physical Habitat Most Common Metrics,Channel constraint type,2018–2019 EPA metadata fallback,CHANNEL CHARACTERISTICS,,,,,2013 metadata label blank — later EPA definition supplied,phab_common,2,1
1314,phab_common_CVDTH,CVDTH,Physical Habitat,NRSA 1314 Physical Habitat Most Common Metrics,CV of thalweg depth (SDDEPTH/XDEPTH),2013–2014 EPA metadata,INTERPRETATION,,,,,Single metadata definition,phab_common,2,1
1314,phab_common_CVWIDTH,CVWIDTH,Physical Habitat,NRSA 1314 Physical Habitat Most Common Metrics,CV of Wetted Width (SDWIDTH/XWidth),2013–2014 EPA metadata,INTERPRETATION,,,,,Single metadata definition,phab_common,2,1
1314,phab_common_CVWXD,CVWXD,Physical Habitat,NRSA 1314 Physical Habitat Most Common Metrics,CV of Width Depth Product (SDWXD/XWXD),2013–2014 EPA metadata,INTERPRETATION,,,,,Single metadata definition,phab_common,2,1
1314,phab_common_LDCBF_G08,LDCBF_G08,Physical Habitat,NRSA 1314 Physical Habitat Most Common Metrics,Log10(Streambed Critical Diameter-at Bankfull- mm)(PRK 2008),2018–2019 EPA metadata fallback,SUBSTRATE CHARACTERIZATION,,,,,2013 metadata label blank — later EPA definition supplied,phab_common,2,1
1314,phab_common_LDMB_BW5,LDMB_BW5,Physical Habitat,NRSA 1314 Physical Habitat Most Common Metrics,Log10(Streambed Critical Diameter-at Bankfull - mm) (PRK 1999),2018–2019 EPA metadata fallback,BED STABILITY,,,,,2013 metadata label blank — later EPA definition supplied,phab_common,2,1
1314,phab_common_LITSB1_FN,LITSB1_FN,Physical Habitat,NRSA 1314 Physical Habitat Most Common Metrics,Littoral Dominant % Substrate Fines (<0.06mm),2013–2014 EPA metadata,INTERPRETATION,,,,,Single metadata definition,phab_common,2,1
1314,phab_common_LITSB1_SF,LITSB1_SF,Physical Habitat,NRSA 1314 Physical Habitat Most Common Metrics,Littoral Dominant % Substrate Sand or Fines (<2.0mm),2013–2014 EPA metadata,INTERPRETATION,,,,,Single metadata definition,phab_common,2,1
1314,phab_common_LITSB1_SFGF,LITSB1_SFGF,Physical Habitat,NRSA 1314 Physical Habitat Most Common Metrics,Littoral Dominant % Substrate <16mm diameter,2013–2014 EPA metadata,INTERPRETATION,,,,,Single metadata definition,phab_common,2,1
1314,phab_common_LITSB12_FN,LITSB12_FN,Physical Habitat,NRSA 1314 Physical Habitat Most Common Metrics,Littoral Dominant or Subdominant % Substrate Fines (<0.06mm),2013–2014 EPA metadata,INTERPRETATION,,,,,Single metadata definition,phab_common,2,1
1314,phab_common_LITSB12_SF,LITSB12_SF,Physical Habitat,NRSA 1314 Physical Habitat Most Common Metrics,Littoral Dom. or Subdom. % Substrate Sand or Fines (<2.0mm),2013–2014 EPA metadata,INTERPRETATION,,,,,Single metadata definition,phab_common,2,1
1314,phab_common_LRBS_BW5,LRBS_BW5,Physical Habitat,NRSA 1314 Physical Habitat Most Common Metrics,Log10(Relative Bed Stability-bankfull: Dgm/Dcb) (PRK 1999),2018–2019 EPA metadata fallback,BED STABILITY,,,,,2013 metadata label blank — later EPA definition supplied,phab_common,2,1
1314,phab_common_LRBS_G08,LRBS_G08,Physical Habitat,NRSA 1314 Physical Habitat Most Common Metrics,Log10(Relative Bed Stability-bankfull: Dgm/Dcb) (PRK 2008),2018–2019 EPA metadata fallback,BED STABILITY,,,,,2013 metadata label blank — later EPA definition supplied,phab_common,2,1
1314,phab_common_LSUB_DMM,LSUB_DMM,Physical Habitat,NRSA 1314 Physical Habitat Most Common Metrics,Log10(Dgm--Geometric Mean Bed Surface Particle Diameter--mm)),2018–2019 EPA metadata fallback,SUBSTRATE CHARACTERIZATION,,,,,2013 metadata label blank — later EPA definition supplied,phab_common,2,1
1314,phab_common_LSUB_DMM_NOR,LSUB_DMM_NOR,Physical Habitat,NRSA 1314 Physical Habitat Most Common Metrics,"Log10(Dgm--Geom.Mean Bed Surf.Particle Diam,exclude Bdrk+hardpan--mm)",2018–2019 EPA metadata fallback,SUBSTRATE CHARACTERIZATION,,,,,2013 metadata label blank — later EPA definition supplied,phab_common,2,1
1314,phab_common_LWDEQVOL_MSQ,LWDEQVOL_MSQ,Physical Habitat,NRSA 1314 Physical Habitat Most Common Metrics,Wood Vol (m3/m2 in area fished in littoral) | Wood Vol (m3/m2 in area fished in reach),2013–2014 EPA metadata,INTERPRETATION,,,,,Multiple protocol-specific labels — see Metadata Detail,phab_common,2,1
1314,phab_common_LWDEQVOLM100,LWDEQVOLM100,Physical Habitat,NRSA 1314 Physical Habitat Most Common Metrics,Wood Vol (m3) per 100m channel,2013–2014 EPA metadata,INTERPRETATION,,,,,Single metadata definition,phab_common,2,1
1314,phab_common_PCT_BDRK,PCT_BDRK,Physical Habitat,NRSA 1314 Physical Habitat Most Common Metrics,Bed Surface % Bedrock (>4000mm),2018–2019 EPA metadata fallback,SUBSTRATE CHARACTERIZATION,,,,,2013 metadata label blank — later EPA definition supplied,phab_common,2,1
1314,phab_common_PCT_BH,PCT_BH,Physical Habitat,NRSA 1314 Physical Habitat Most Common Metrics,Bed Surface % Bedrock + Hardpan,2013–2014 EPA metadata,INTERPRETATION | SUBSTRATE CHARACTERIZATION,,,,,Same label appears for multiple sample/record types,phab_common,2,2
1314,phab_common_PCT_BIGR,PCT_BIGR,Physical Habitat,NRSA 1314 Physical Habitat Most Common Metrics,Bed Surface % Larger than Gravel (>64mm),2018–2019 EPA metadata fallback,SUBSTRATE CHARACTERIZATION,,,,,2013 metadata label blank — later EPA definition supplied,phab_common,2,1
1314,phab_common_PCT_DR,PCT_DR,Physical Habitat,NRSA 1314 Physical Habitat Most Common Metrics,Percent of Reach Length that is Dry,2018–2019 EPA metadata fallback,CHANNEL HABITAT,,,,,2013 metadata label blank — later EPA definition supplied,phab_common,2,1
1314,phab_common_PCT_DRS,PCT_DRS,Physical Habitat,NRSA 1314 Physical Habitat Most Common Metrics,Percent of Reach dry or submerged flow,2013–2014 EPA metadata,INTERPRETATION,,,,,Single metadata definition,phab_common,2,1
1314,phab_common_PCT_FAST,PCT_FAST,Physical Habitat,NRSA 1314 Physical Habitat Most Common Metrics,Percent Fast Water Habitat,2018–2019 EPA metadata fallback,CHANNEL HABITAT,,,,,2013 metadata label blank — later EPA definition supplied,phab_common,2,1
1314,phab_common_PCT_FN,PCT_FN,Physical Habitat,NRSA 1314 Physical Habitat Most Common Metrics,Bed Surface % Fines <0.06mm,2018–2019 EPA metadata fallback,SUBSTRATE CHARACTERIZATION,,,,,2013 metadata label blank — later EPA definition supplied,phab_common,2,1
1314,phab_common_PCT_HP,PCT_HP,Physical Habitat,NRSA 1314 Physical Habitat Most Common Metrics,Bed Surface % Hardpan (>4000mm),2018–2019 EPA metadata fallback,SUBSTRATE CHARACTERIZATION,,,,,2013 metadata label blank — later EPA definition supplied,phab_common,2,1
1314,phab_common_PCT_SAFN,PCT_SAFN,Physical Habitat,NRSA 1314 Physical Habitat Most Common Metrics,Bed Surface Percent Sand or smaller (<2.0mm),2018–2019 EPA metadata fallback,SUBSTRATE CHARACTERIZATION,,,,,2013 metadata label blank — later EPA definition supplied,phab_common,2,1
1314,phab_common_PCT_SFG,PCT_SFG,Physical Habitat,NRSA 1314 Physical Habitat Most Common Metrics,Bed surface coarse gravel or smaller (<64mm) (PCT_SA + PCT_FN + PCT_GR) | Bed surface coarse gravel or smaller (<64mm) (PCT_SFGF + PCT_GC),2013–2014 EPA metadata,INTERPRETATION,,,,,Multiple protocol-specific labels — see Metadata Detail,phab_common,2,1
1314,phab_common_PCT_SFGF,PCT_SFGF,Physical Habitat,NRSA 1314 Physical Habitat Most Common Metrics,Bed Surface Fine Gravel or smaller (<16mm),2018–2019 EPA metadata fallback,SUBSTRATE CHARACTERIZATION,,,,,2013 metadata label blank — later EPA definition supplied,phab_common,2,1
1314,phab_common_PCT_SIDE,PCT_SIDE,Physical Habitat,NRSA 1314 Physical Habitat Most Common Metrics,Percent of reach with side Channels/Bkwtrs,2018–2019 EPA metadata fallback,GENERAL,,,,,2013 metadata label blank — later EPA definition supplied,phab_common,2,1
1314,phab_common_PCT_SLOW,PCT_SLOW,Physical Habitat,NRSA 1314 Physical Habitat Most Common Metrics,Percent of reach with Pool or Glide Habitat,2018–2019 EPA metadata fallback,CHANNEL HABITAT,,,,,2013 metadata label blank — later EPA definition supplied,phab_common,2,1
1314,phab_common_QR1,QR1,Physical Habitat,NRSA 1314 Physical Habitat Most Common Metrics,Riparian Quality Index (Scaled XCMGW XCdenBK W1Hall 0-1),2013–2014 EPA metadata,INTERPRETATION,,,,,Single metadata definition,phab_common,2,1
1314,phab_common_QRVEG1,QRVEG1,Physical Habitat,NRSA 1314 Physical Habitat Most Common Metrics,Riparian Veg Quality Index (Scaled XCMGW),2013–2014 EPA metadata,INTERPRETATION,,,,,Single metadata definition,phab_common,2,1
1314,phab_common_RDIST1,RDIST1,Physical Habitat,NRSA 1314 Physical Habitat Most Common Metrics,Riparian Disturbance index (scaled W1_Hall 0-1),2013–2014 EPA metadata,INTERPRETATION,,,,,Single metadata definition,phab_common,2,1
1314,phab_common_REACHLEN,REACHLEN,Physical Habitat,NRSA 1314 Physical Habitat Most Common Metrics,Sample Reach Length (m),2018–2019 EPA metadata fallback,GENERAL,,,,,2013 metadata label blank — later EPA definition supplied,phab_common,2,1
1314,phab_common_RP100,RP100,Physical Habitat,NRSA 1314 Physical Habitat Most Common Metrics,Mean Residual Depth at thalweg (cm),2018–2019 EPA metadata fallback,RESIDUAL POOLS,,,,,2013 metadata label blank — later EPA definition supplied,phab_common,2,1
1314,phab_common_RPRAT,RPRAT,Physical Habitat,NRSA 1314 Physical Habitat Most Common Metrics,Residual Depth proportion (RP100/XDepth),2013–2014 EPA metadata,INTERPRETATION,,,,,Single metadata definition,phab_common,2,1
1314,phab_common_SDDEPTH_CM,SDDEPTH_CM,Physical Habitat,NRSA 1314 Physical Habitat Most Common Metrics,"Std deviation of thalweg depth (cm), converted from raw data in m | Std deviation of thalweg depth (cm)",2013–2014 EPA metadata,INTERPRETATION,,,,,Multiple protocol-specific labels — see Metadata Detail,phab_common,2,1
1314,phab_common_SDWIDTH,SDWIDTH,Physical Habitat,NRSA 1314 Physical Habitat Most Common Metrics,Std Dev of Wetted Width (m),2018–2019 EPA metadata fallback,CHANNEL MORPHOLOGY,,,,,2013 metadata label blank — later EPA definition supplied,phab_common,2,1
1314,phab_common_SDWXD,SDWXD,Physical Habitat,NRSA 1314 Physical Habitat Most Common Metrics,Std Dev of Wetted Width x Thalweg Depth (m2),2018–2019 EPA metadata fallback,CHANNEL MORPHOLOGY,,,,,2013 metadata label blank — later EPA definition supplied,phab_common,2,1
1314,phab_common_SINU,SINU,Physical Habitat,NRSA 1314 Physical Habitat Most Common Metrics,Sinuosity of sample reach,2018–2019 EPA metadata fallback,SLOPE AND BEARING,,,,,2013 metadata label blank — later EPA definition supplied,phab_common,2,1
1314,phab_common_SITETYPE,SITETYPE,Physical Habitat,NRSA 1314 Physical Habitat Most Common Metrics,"Site type (Probability-based or hand-picked). PROB for sites from probability survey. Usually HAND for hand-picked sites. In EMAP West and WSA, STARHAND is used to identify hand-picked sites that do not have all CORE indicators available.",2013–2014 EPA metadata,,,,,,Single metadata definition,phab_common,10,1
1314,phab_common_UID,UID,Physical Habitat,NRSA 1314 Physical Habitat Most Common Metrics,Unique site visit ID,2013–2014 EPA metadata,,,,,,Same label appears for multiple sample/record types,phab_common,15,3
1314,phab_common_V1W_MSQ,V1W_MSQ,Physical Habitat,NRSA 1314 Physical Habitat Most Common Metrics,Bankfull Channel Wood Volume (m3/m2) Size=T+S+M+L+X (EPA/620/R-99/003 p53),2018–2019 EPA metadata fallback,LARGE WOODY DEBRIS,,,,,2013 metadata label blank — later EPA definition supplied,phab_common,2,1
1314,phab_common_V1WM100,V1WM100,Physical Habitat,NRSA 1314 Physical Habitat Most Common Metrics,Bankfull Channel Wood Volume (m3/100m) Size=T+S+M+L+X (EPA/620/R-99/003 p53),2018–2019 EPA metadata fallback,LARGE WOODY DEBRIS,,,,,2013 metadata label blank — later EPA definition supplied,phab_common,2,1
1314,phab_common_W1_HAG,W1_HAG,Physical Habitat,NRSA 1314 Physical Habitat Most Common Metrics,Human Agricultural Influence Index(distance-wtd tally of types & presence),2018–2019 EPA metadata fallback,HUMAN DISTURBANCE,,,,,2013 metadata label blank — later EPA definition supplied,phab_common,2,1
1314,phab_common_W1_HALL,W1_HALL,Physical Habitat,NRSA 1314 Physical Habitat Most Common Metrics,Human Disturbance Index(distance-wtd tally of types and presence),2018–2019 EPA metadata fallback,HUMAN DISTURBANCE,,,,,2013 metadata label blank — later EPA definition supplied,phab_common,4,1
1314,phab_common_W1_HNOAG,W1_HNOAG,Physical Habitat,NRSA 1314 Physical Habitat Most Common Metrics,Human Non-Agric. Disturb. Index (distance wtd tally of types & presence),2018–2019 EPA metadata fallback,HUMAN DISTURBANCE,,,,,2013 metadata label blank — later EPA definition supplied,phab_common,2,1
1314,phab_common_W1H_CROP,W1H_CROP,Physical Habitat,NRSA 1314 Physical Habitat Most Common Metrics,Near Stream Human Dist: Row Crops (distance-wtd tally of presence),2018–2019 EPA metadata fallback,HUMAN DISTURBANCE,,,,,2013 metadata label blank — later EPA definition supplied,phab_common,2,1
1314,phab_common_W1H_WALL,W1H_WALL,Physical Habitat,NRSA 1314 Physical Habitat Most Common Metrics,Near Stream Human Dist: Walls/dikes/revetments(distance-wtd tally of presence),2018–2019 EPA metadata fallback,HUMAN DISTURBANCE,,,,,2013 metadata label blank — later EPA definition supplied,phab_common,2,1
1314,phab_common_XBKF_H,XBKF_H,Physical Habitat,NRSA 1314 Physical Habitat Most Common Metrics,Mean Bankfull Height above wetted channel (m),2018–2019 EPA metadata fallback,CHANNEL MORPHOLOGY,,,,,2013 metadata label blank — later EPA definition supplied,phab_common,2,1
1314,phab_common_XBKF_W,XBKF_W,Physical Habitat,NRSA 1314 Physical Habitat Most Common Metrics,Mean Bankfull Width (m),2018–2019 EPA metadata fallback,CHANNEL MORPHOLOGY,,,,,2013 metadata label blank — later EPA definition supplied,phab_common,2,1
1314,phab_common_XC,XC,Physical Habitat,NRSA 1314 Physical Habitat Most Common Metrics,Canopy Mean Areal Cover proportion,2018–2019 EPA metadata fallback,RIPARIAN VEGETATION,,,,,2013 metadata label blank — later EPA definition supplied,phab_common,2,1
1314,phab_common_XCDENBK,XCDENBK,Physical Habitat,NRSA 1314 Physical Habitat Most Common Metrics,Canopy Density at bank (mean percent),2018–2019 EPA metadata fallback,CANOPY DENSIOMETER,,,,,2013 metadata label blank — later EPA definition supplied,phab_common,2,1
1314,phab_common_XCDENMID,XCDENMID,Physical Habitat,NRSA 1314 Physical Habitat Most Common Metrics,Canopy Density at mid-channel (mean percent),2018–2019 EPA metadata fallback,CANOPY DENSIOMETER,,,,,2013 metadata label blank — later EPA definition supplied,phab_common,2,1
1314,phab_common_XCL,XCL,Physical Habitat,NRSA 1314 Physical Habitat Most Common Metrics,Large diameter (Dbh>0.3m) Tree Canopy Areal Cover proportion,2018–2019 EPA metadata fallback,RIPARIAN VEGETATION,,,,,2013 metadata label blank — later EPA definition supplied,phab_common,2,1
1314,phab_common_XCMG,XCMG,Physical Habitat,NRSA 1314 Physical Habitat Most Common Metrics,Sum of Canopy+Mid+Ground layer areal cover proportion,2018–2019 EPA metadata fallback,RIPARIAN VEGETATION,,,,,2013 metadata label blank — later EPA definition supplied,phab_common,2,1
1314,phab_common_XCMGW,XCMGW,Physical Habitat,NRSA 1314 Physical Habitat Most Common Metrics,Sum of Woody Canopy+Mid+Ground layer areal cover proportion,2018–2019 EPA metadata fallback,RIPARIAN VEGETATION,,,,,2013 metadata label blank — later EPA definition supplied,phab_common,2,1
1314,phab_common_XDEPTH_CM,XDEPTH_CM,Physical Habitat,NRSA 1314 Physical Habitat Most Common Metrics,"Mean thalweg depth (cm), converted from raw data in m | Mean thalweg depth (cm)",2013–2014 EPA metadata,INTERPRETATION,,,,,Multiple protocol-specific labels — see Metadata Detail,phab_common,2,1
1314,phab_common_XEMBED,XEMBED,Physical Habitat,NRSA 1314 Physical Habitat Most Common Metrics,Mean streambed embeddedness (%),2018–2019 EPA metadata fallback,SUBSTRATE EMBEDDEDNESS,,,,,2013 metadata label blank — later EPA definition supplied,phab_common,2,1
1314,phab_common_XFC_ALG,XFC_ALG,Physical Habitat,NRSA 1314 Physical Habitat Most Common Metrics,Instream Cover: Filamentous algae (areal proportion),2018–2019 EPA metadata fallback,FISH COVER,,,,,2013 metadata label blank — later EPA definition supplied,phab_common,2,1
1314,phab_common_XFC_AQM,XFC_AQM,Physical Habitat,NRSA 1314 Physical Habitat Most Common Metrics,Instream Cover: Aquatic macrophytes (areal proportion),2018–2019 EPA metadata fallback,FISH COVER,,,,,2013 metadata label blank — later EPA definition supplied,phab_common,2,1
1314,phab_common_XFC_LWD,XFC_LWD,Physical Habitat,NRSA 1314 Physical Habitat Most Common Metrics,Instream Cover: Large woody debris (areal proportion),2018–2019 EPA metadata fallback,FISH COVER,,,,,2013 metadata label blank — later EPA definition supplied,phab_common,2,1
1314,phab_common_XFC_NAT,XFC_NAT,Physical Habitat,NRSA 1314 Physical Habitat Most Common Metrics,Instream Cover Sum: non-anthropogenic cover types (areal proportion),2018–2019 EPA metadata fallback,FISH COVER,,,,,2013 metadata label blank — later EPA definition supplied,phab_common,2,1
1314,phab_common_XGB,XGB,Physical Habitat,NRSA 1314 Physical Habitat Most Common Metrics,Barren ground layer areal cover,2018–2019 EPA metadata fallback,RIPARIAN VEGETATION,,,,,2013 metadata label blank — later EPA definition supplied,phab_common,2,1
1314,phab_common_XGH,XGH,Physical Habitat,NRSA 1314 Physical Habitat Most Common Metrics,Non-woody ground layer areal cover,2018–2019 EPA metadata fallback,RIPARIAN VEGETATION,,,,,2013 metadata label blank — later EPA definition supplied,phab_common,2,1
1314,phab_common_XGW,XGW,Physical Habitat,NRSA 1314 Physical Habitat Most Common Metrics,Woody ground layer areal cover,2018–2019 EPA metadata fallback,RIPARIAN VEGETATION,,,,,2013 metadata label blank — later EPA definition supplied,phab_common,2,1
1314,phab_common_XINC_H,XINC_H,Physical Habitat,NRSA 1314 Physical Habitat Most Common Metrics,Terrace Height above water level (m),2018–2019 EPA metadata fallback,CHANNEL MORPHOLOGY,,,,,2013 metadata label blank — later EPA definition supplied,phab_common,2,1
1314,phab_common_XSHOR2VG,XSHOR2VG,Physical Habitat,NRSA 1314 Physical Habitat Most Common Metrics,Distance (m) from shoreline to vegetation Boatable only,2018–2019 EPA metadata fallback,CHANNEL CHARACTERISTICS,,,,,2013 metadata label blank — later EPA definition supplied,phab_common,2,1
1314,phab_common_XSLOPE,XSLOPE,Physical Habitat,NRSA 1314 Physical Habitat Most Common Metrics,Mean Slope of water surface (%),2018–2019 EPA metadata fallback,SLOPE AND BEARING,,,,,2013 metadata label blank — later EPA definition supplied,phab_common,2,1
1314,phab_common_XWD_RAT,XWD_RAT,Physical Habitat,NRSA 1314 Physical Habitat Most Common Metrics,Mean Wetted Width/Thalweg Depth ratio,2018–2019 EPA metadata fallback,CHANNEL MORPHOLOGY,,,,,2013 metadata label blank — later EPA definition supplied,phab_common,2,1
1314,phab_common_XWIDTH,XWIDTH,Physical Habitat,NRSA 1314 Physical Habitat Most Common Metrics,Mean Wetted Width (m),2018–2019 EPA metadata fallback,CHANNEL MORPHOLOGY,,,,,2013 metadata label blank — later EPA definition supplied,phab_common,2,1
1314,phab_common_XWXD,XWXD,Physical Habitat,NRSA 1314 Physical Habitat Most Common Metrics,Mean Wetted Width x Thalweg depth (m2),2018–2019 EPA metadata fallback,CHANNEL MORPHOLOGY,,,,,2013 metadata label blank — later EPA definition supplied,phab_common,2,1
1314,phab_BANGMODE,BANGMODE,Physical Habitat,NRSA 1314 Physical Habitat Larger Set of Metrics,Mode of bank slope category (Zar 1984),2018–2019 EPA metadata fallback,BANK MORPHOLOGY,,,,,2013 metadata label blank — later EPA definition supplied,phab,2,1
1314,phab_BFWD_RAT,BFWD_RAT,Physical Habitat,NRSA 1314 Physical Habitat Larger Set of Metrics,Bankfull Width/Depth Ratio,2018–2019 EPA metadata fallback,CHANNEL MORPHOLOGY,,,,,2013 metadata label blank — later EPA definition supplied,phab,2,1
1314,phab_C1TM100,C1TM100,Physical Habitat,NRSA 1314 Physical Habitat Larger Set of Metrics,Bankfull+above Channel Wood Count/100m Size=T+S+M+L+X (EPA/620/R-99/003 p53),2018–2019 EPA metadata fallback,LARGE WOODY DEBRIS,,,,,2013 metadata label blank — later EPA definition supplied,phab,1,1
1314,phab_C1WM100,C1WM100,Physical Habitat,NRSA 1314 Physical Habitat Larger Set of Metrics,Bankfull Channel Wood Count/100m Size=T+S+M+L+X (EPA/620/R-99/003 p53),2018–2019 EPA metadata fallback,LARGE WOODY DEBRIS,,,,,2013 metadata label blank — later EPA definition supplied,phab,1,1
1314,phab_C2TM100,C2TM100,Physical Habitat,NRSA 1314 Physical Habitat Larger Set of Metrics,Bankfull+above Channel Wood Count/100m Size=S+M+L+X (EPA/620/R-99/003 p53),2018–2019 EPA metadata fallback,LARGE WOODY DEBRIS,,,,,2013 metadata label blank — later EPA definition supplied,phab,1,1
1314,phab_C2WM100,C2WM100,Physical Habitat,NRSA 1314 Physical Habitat Larger Set of Metrics,Bankfull Channel Wood Count/100m Size=S+M+L+X (EPA/620/R-99/003 p53),2018–2019 EPA metadata fallback,LARGE WOODY DEBRIS,,,,,2013 metadata label blank — later EPA definition supplied,phab,1,1
1314,phab_C4TM100,C4TM100,Physical Habitat,NRSA 1314 Physical Habitat Larger Set of Metrics,Bankfull+above Channel Wood Count/100m Size=L+X (EPA/620/R-99/003 p53),2018–2019 EPA metadata fallback,LARGE WOODY DEBRIS,,,,,2013 metadata label blank — later EPA definition supplied,phab,1,1
1314,phab_C4WM100,C4WM100,Physical Habitat,NRSA 1314 Physical Habitat Larger Set of Metrics,Bankfull Channel Wood Count/100m Size=L+X (EPA/620/R-99/003 p53),2018–2019 EPA metadata fallback,LARGE WOODY DEBRIS,,,,,2013 metadata label blank — later EPA definition supplied,phab,1,1
1314,phab_CONBANKFULL,CONBANKFULL,Physical Habitat,NRSA 1314 Physical Habitat Larger Set of Metrics,,Not supplied in listed EPA metadata,CHANNEL CHARACTERISTICS,,,,,No label supplied in listed EPA metadata,phab,1,1
1314,phab_CONFEATURES,CONFEATURES,Physical Habitat,NRSA 1314 Physical Habitat Larger Set of Metrics,Channel constraining Features,2018–2019 EPA metadata fallback,CHANNEL CHARACTERISTICS,,,,,2013 metadata label blank — later EPA definition supplied,phab,1,1
1314,phab_CONPATTERN,CONPATTERN,Physical Habitat,NRSA 1314 Physical Habitat Larger Set of Metrics,Channel pattern,2018–2019 EPA metadata fallback,CHANNEL CHARACTERISTICS,,,,,2013 metadata label blank — later EPA definition supplied,phab,2,1
1314,phab_CONPERCENT,CONPERCENT,Physical Habitat,NRSA 1314 Physical Habitat Larger Set of Metrics,Percent of Reach Constrained L or R,2018–2019 EPA metadata fallback,CHANNEL CHARACTERISTICS,,,,,2013 metadata label blank — later EPA definition supplied,phab,1,1
1314,phab_CONSTRAINT,CONSTRAINT,Physical Habitat,NRSA 1314 Physical Habitat Larger Set of Metrics,Channel constraint type,2018–2019 EPA metadata fallback,CHANNEL CHARACTERISTICS,,,,,2013 metadata label blank — later EPA definition supplied,phab,2,1
1314,phab_CONVALLEY,CONVALLEY,Physical Habitat,NRSA 1314 Physical Habitat Larger Set of Metrics,,Not supplied in listed EPA metadata,CHANNEL CHARACTERISTICS,,,,,No label supplied in listed EPA metadata,phab,1,1
1314,phab_CONVALLEYBOX,CONVALLEYBOX,Physical Habitat,NRSA 1314 Physical Habitat Larger Set of Metrics,,Not supplied in listed EPA metadata,CHANNEL CHARACTERISTICS,,,,,No label supplied in listed EPA metadata,phab,1,1
1314,phab_CP3_MILL,CP3_MILL,Physical Habitat,NRSA 1314 Physical Habitat Larger Set of Metrics,,Not supplied in listed EPA metadata,BED STABILITY,,,,,No label supplied in listed EPA metadata,phab,1,1
1314,phab_CP3CTRPWD_RAT,CP3CTRPWD_RAT,Physical Habitat,NRSA 1314 Physical Habitat Larger Set of Metrics,,Not supplied in listed EPA metadata,BED STABILITY,,,,,No label supplied in listed EPA metadata,phab,1,1
1314,phab_CT_RPWD,CT_RPWD,Physical Habitat,NRSA 1314 Physical Habitat Larger Set of Metrics,,Not supplied in listed EPA metadata,BED STABILITY,,,,,No label supplied in listed EPA metadata,phab,1,1
1314,phab_CVDTH,CVDTH,Physical Habitat,NRSA 1314 Physical Habitat Larger Set of Metrics,CV of thalweg depth (SDDEPTH/XDEPTH),2013–2014 EPA metadata,INTERPRETATION,,,,,Single metadata definition,phab,2,1
1314,phab_CVWIDTH,CVWIDTH,Physical Habitat,NRSA 1314 Physical Habitat Larger Set of Metrics,CV of Wetted Width (SDWIDTH/XWidth),2013–2014 EPA metadata,INTERPRETATION,,,,,Single metadata definition,phab,2,1
1314,phab_CVWXD,CVWXD,Physical Habitat,NRSA 1314 Physical Habitat Larger Set of Metrics,CV of Width Depth Product (SDWXD/XWXD),2013–2014 EPA metadata,INTERPRETATION,,,,,Single metadata definition,phab,2,1
1314,phab_L_CP3_MILL,L_CP3_MILL,Physical Habitat,NRSA 1314 Physical Habitat Larger Set of Metrics,Log10(Hydraulic resistance due to bed particles at bank full),2013–2014 EPA metadata,INTERPRETATION,,,,,Single metadata definition,phab,1,1
1314,phab_L_CT_RPWD,L_CT_RPWD,Physical Habitat,NRSA 1314 Physical Habitat Larger Set of Metrics,"Log10(Hydraulic resistance, total at bank full)",2013–2014 EPA metadata,INTERPRETATION,,,,,Single metadata definition,phab,1,1
1314,phab_L_RB3,L_RB3,Physical Habitat,NRSA 1314 Physical Habitat Larger Set of Metrics,Log10(Hydraulic radius of channel at bank full),2013–2014 EPA metadata,INTERPRETATION,,,,,Single metadata definition,phab,1,1
1314,phab_L_REYP3,L_REYP3,Physical Habitat,NRSA 1314 Physical Habitat Larger Set of Metrics,Log10(Particle Reynolds number at bank full),2013–2014 EPA metadata,INTERPRETATION,,,,,Single metadata definition,phab,1,1
1314,phab_L_RRPW3,L_RRPW3,Physical Habitat,NRSA 1314 Physical Habitat Larger Set of Metrics,Log10(Effective Hydraulic Radius at Bankfull (Adjusted for wood and pool roughnesses)),2013–2014 EPA metadata,INTERPRETATION,,,,,Single metadata definition,phab,1,1
1314,phab_L_SHLD_PX3,L_SHLD_PX3,Physical Habitat,NRSA 1314 Physical Habitat Larger Set of Metrics,Log10(Shields parameter at bank full),2013–2014 EPA metadata,INTERPRETATION,,,,,Single metadata definition,phab,1,1
1314,phab_L_XSLOPE,L_XSLOPE,Physical Habitat,NRSA 1314 Physical Habitat Larger Set of Metrics,Log10(Mean Slope of water surface (%)),2013–2014 EPA metadata,INTERPRETATION,,,,,Single metadata definition,phab,1,1
1314,phab_LDCBF_G08,LDCBF_G08,Physical Habitat,NRSA 1314 Physical Habitat Larger Set of Metrics,Log10(Streambed Critical Diameter-at Bankfull- mm)(PRK 2008),2018–2019 EPA metadata fallback,SUBSTRATE CHARACTERIZATION,,,,,2013 metadata label blank — later EPA definition supplied,phab,2,1
1314,phab_LDMB_BW5,LDMB_BW5,Physical Habitat,NRSA 1314 Physical Habitat Larger Set of Metrics,Log10(Streambed Critical Diameter-at Bankfull - mm) (PRK 1999),2018–2019 EPA metadata fallback,BED STABILITY,,,,,2013 metadata label blank — later EPA definition supplied,phab,2,1
1314,phab_LITSB1_FN,LITSB1_FN,Physical Habitat,NRSA 1314 Physical Habitat Larger Set of Metrics,Littoral Dominant % Substrate Fines (<0.06mm),2013–2014 EPA metadata,INTERPRETATION,,,,,Single metadata definition,phab,2,1
1314,phab_LITSB1_SF,LITSB1_SF,Physical Habitat,NRSA 1314 Physical Habitat Larger Set of Metrics,Littoral Dominant % Substrate Sand or Fines (<2.0mm),2013–2014 EPA metadata,INTERPRETATION,,,,,Single metadata definition,phab,2,1
1314,phab_LITSB1_SFGF,LITSB1_SFGF,Physical Habitat,NRSA 1314 Physical Habitat Larger Set of Metrics,Littoral Dominant % Substrate <16mm diameter,2013–2014 EPA metadata,INTERPRETATION,,,,,Single metadata definition,phab,2,1
1314,phab_LITSB12_FN,LITSB12_FN,Physical Habitat,NRSA 1314 Physical Habitat Larger Set of Metrics,Littoral Dominant or Subdominant % Substrate Fines (<0.06mm),2013–2014 EPA metadata,INTERPRETATION,,,,,Single metadata definition,phab,2,1
1314,phab_LITSB12_SF,LITSB12_SF,Physical Habitat,NRSA 1314 Physical Habitat Larger Set of Metrics,Littoral Dom. or Subdom. % Substrate Sand or Fines (<2.0mm),2013–2014 EPA metadata,INTERPRETATION,,,,,Single metadata definition,phab,2,1
1314,phab_LRBS_BW5,LRBS_BW5,Physical Habitat,NRSA 1314 Physical Habitat Larger Set of Metrics,Log10(Relative Bed Stability-bankfull: Dgm/Dcb) (PRK 1999),2018–2019 EPA metadata fallback,BED STABILITY,,,,,2013 metadata label blank — later EPA definition supplied,phab,2,1
1314,phab_LRBS_BW6,LRBS_BW6,Physical Habitat,NRSA 1314 Physical Habitat Larger Set of Metrics,,Not supplied in listed EPA metadata,BED STABILITY,,,,,No label supplied in listed EPA metadata,phab,1,1
1314,phab_LRBS_G08,LRBS_G08,Physical Habitat,NRSA 1314 Physical Habitat Larger Set of Metrics,Log10(Relative Bed Stability-bankfull: Dgm/Dcb) (PRK 2008),2018–2019 EPA metadata fallback,BED STABILITY,,,,,2013 metadata label blank — later EPA definition supplied,phab,2,1
1314,phab_LRBS_TST,LRBS_TST,Physical Habitat,NRSA 1314 Physical Habitat Larger Set of Metrics,Log10(Relative Bed Stability-bankfull: Dgm/Dcb) -- Quick Estimate,2018–2019 EPA metadata fallback,BED STABILITY,,,,,2013 metadata label blank — later EPA definition supplied,phab,1,1
1314,phab_LSUB_DMM,LSUB_DMM,Physical Habitat,NRSA 1314 Physical Habitat Larger Set of Metrics,Log10(Dgm--Geometric Mean Bed Surface Particle Diameter--mm)),2018–2019 EPA metadata fallback,SUBSTRATE CHARACTERIZATION,,,,,2013 metadata label blank — later EPA definition supplied,phab,2,1
1314,phab_LSUB_DMM_NOR,LSUB_DMM_NOR,Physical Habitat,NRSA 1314 Physical Habitat Larger Set of Metrics,"Log10(Dgm--Geom.Mean Bed Surf.Particle Diam,exclude Bdrk+hardpan--mm)",2018–2019 EPA metadata fallback,SUBSTRATE CHARACTERIZATION,,,,,2013 metadata label blank — later EPA definition supplied,phab,2,1
1314,phab_LSUBD_SD,LSUBD_SD,Physical Habitat,NRSA 1314 Physical Habitat Larger Set of Metrics,StdDev{Log10(Dgm--Geometric Mean Bed Surface Particle Diameter--mm))},2018–2019 EPA metadata fallback,SUBSTRATE CHARACTERIZATION,,,,,2013 metadata label blank — later EPA definition supplied,phab,1,1
1314,phab_LTEST,LTEST,Physical Habitat,NRSA 1314 Physical Habitat Larger Set of Metrics,Log10(Streambed Critical Diameter-at Bankfull - mm) -- Quick Estimate,2018–2019 EPA metadata fallback,BED STABILITY,,,,,2013 metadata label blank — later EPA definition supplied,phab,1,1
1314,phab_LWDEQVOL_MSQ,LWDEQVOL_MSQ,Physical Habitat,NRSA 1314 Physical Habitat Larger Set of Metrics,Wood Vol (m3/m2 in area fished in littoral) | Wood Vol (m3/m2 in area fished in reach),2013–2014 EPA metadata,INTERPRETATION,,,,,Multiple protocol-specific labels — see Metadata Detail,phab,2,1
1314,phab_LWDEQVOLM100,LWDEQVOLM100,Physical Habitat,NRSA 1314 Physical Habitat Larger Set of Metrics,Wood Vol (m3) per 100m channel,2013–2014 EPA metadata,INTERPRETATION,,,,,Single metadata definition,phab,2,1
1314,phab_MEDBK_A,MEDBK_A,Physical Habitat,NRSA 1314 Physical Habitat Larger Set of Metrics,Median Bank Angle (degrees),2018–2019 EPA metadata fallback,BANK MORPHOLOGY,,,,,2013 metadata label blank — later EPA definition supplied,phab,1,1
1314,phab_MEDBKUN,MEDBKUN,Physical Habitat,NRSA 1314 Physical Habitat Larger Set of Metrics,Median Bank Undercut Distance (m),2018–2019 EPA metadata fallback,BANK MORPHOLOGY,,,,,2013 metadata label blank — later EPA definition supplied,phab,1,1
1314,phab_PCAN_C,PCAN_C,Physical Habitat,NRSA 1314 Physical Habitat Larger Set of Metrics,Coniferous Canopy - proportion of reach,2018–2019 EPA metadata fallback,RIPARIAN VEGETATION,,,,,2013 metadata label blank — later EPA definition supplied,phab,1,1
1314,phab_PCAN_D,PCAN_D,Physical Habitat,NRSA 1314 Physical Habitat Larger Set of Metrics,Broadleaf Deciduous Canopy - proportion of reach,2018–2019 EPA metadata fallback,RIPARIAN VEGETATION,,,,,2013 metadata label blank — later EPA definition supplied,phab,1,1
1314,phab_PCAN_E,PCAN_E,Physical Habitat,NRSA 1314 Physical Habitat Larger Set of Metrics,Broadleaf Evergreen Canopy - proportion of reach,2018–2019 EPA metadata fallback,RIPARIAN VEGETATION,,,,,2013 metadata label blank — later EPA definition supplied,phab,1,1
1314,phab_PCAN_M,PCAN_M,Physical Habitat,NRSA 1314 Physical Habitat Larger Set of Metrics,Mixed Coniferous-Broadleaf Canopy - proportion of reach,2018–2019 EPA metadata fallback,RIPARIAN VEGETATION,,,,,2013 metadata label blank — later EPA definition supplied,phab,1,1
1314,phab_PCAN_N,PCAN_N,Physical Habitat,NRSA 1314 Physical Habitat Larger Set of Metrics,Canopy Absent - proportion of reach,2018–2019 EPA metadata fallback,RIPARIAN VEGETATION,,,,,2013 metadata label blank — later EPA definition supplied,phab,1,1
1314,phab_PCT_BDRK,PCT_BDRK,Physical Habitat,NRSA 1314 Physical Habitat Larger Set of Metrics,Bed Surface % Bedrock (>4000mm),2018–2019 EPA metadata fallback,SUBSTRATE CHARACTERIZATION,,,,,2013 metadata label blank — later EPA definition supplied,phab,2,1
1314,phab_PCT_BH,PCT_BH,Physical Habitat,NRSA 1314 Physical Habitat Larger Set of Metrics,Bed Surface % Bedrock + Hardpan,2013–2014 EPA metadata,INTERPRETATION | SUBSTRATE CHARACTERIZATION,,,,,Same label appears for multiple sample/record types,phab,2,2
1314,phab_PCT_BIGR,PCT_BIGR,Physical Habitat,NRSA 1314 Physical Habitat Larger Set of Metrics,Bed Surface % Larger than Gravel (>64mm),2018–2019 EPA metadata fallback,SUBSTRATE CHARACTERIZATION,,,,,2013 metadata label blank — later EPA definition supplied,phab,2,1
1314,phab_PCT_DR,PCT_DR,Physical Habitat,NRSA 1314 Physical Habitat Larger Set of Metrics,Percent of Reach Length that is Dry,2018–2019 EPA metadata fallback,CHANNEL HABITAT,,,,,2013 metadata label blank — later EPA definition supplied,phab,2,1
1314,phab_PCT_DRS,PCT_DRS,Physical Habitat,NRSA 1314 Physical Habitat Larger Set of Metrics,Percent of Reach dry or submerged flow,2013–2014 EPA metadata,INTERPRETATION,,,,,Single metadata definition,phab,2,1
1314,phab_PCT_FA,PCT_FA,Physical Habitat,NRSA 1314 Physical Habitat Larger Set of Metrics,Percent of reach as Falls Habitat,2018–2019 EPA metadata fallback,CHANNEL HABITAT,,,,,2013 metadata label blank — later EPA definition supplied,phab,1,1
1314,phab_PCT_FAST,PCT_FAST,Physical Habitat,NRSA 1314 Physical Habitat Larger Set of Metrics,Percent Fast Water Habitat,2018–2019 EPA metadata fallback,CHANNEL HABITAT,,,,,2013 metadata label blank — later EPA definition supplied,phab,2,1
1314,phab_PCT_FN,PCT_FN,Physical Habitat,NRSA 1314 Physical Habitat Larger Set of Metrics,Bed Surface % Fines <0.06mm,2018–2019 EPA metadata fallback,SUBSTRATE CHARACTERIZATION,,,,,2013 metadata label blank — later EPA definition supplied,phab,2,1
1314,phab_PCT_GC,PCT_GC,Physical Habitat,NRSA 1314 Physical Habitat Larger Set of Metrics,Bed Surface % Coarse Gravel (16-<64mm),2018–2019 EPA metadata fallback,SUBSTRATE CHARACTERIZATION,,,,,2013 metadata label blank — later EPA definition supplied,phab,1,1
1314,phab_PCT_GF,PCT_GF,Physical Habitat,NRSA 1314 Physical Habitat Larger Set of Metrics,Bed Surface % Fine Gravel (2.0-<16mm),2018–2019 EPA metadata fallback,SUBSTRATE CHARACTERIZATION,,,,,2013 metadata label blank — later EPA definition supplied,phab,1,1
1314,phab_PCT_GL,PCT_GL,Physical Habitat,NRSA 1314 Physical Habitat Larger Set of Metrics,Percent of reach with Glide Habitat,2018–2019 EPA metadata fallback,CHANNEL HABITAT,,,,,2013 metadata label blank — later EPA definition supplied,phab,1,1
1314,phab_PCT_GR,PCT_GR,Physical Habitat,NRSA 1314 Physical Habitat Larger Set of Metrics,Bed Surface % Gravel (2.0-<64mm),2018–2019 EPA metadata fallback,SUBSTRATE CHARACTERIZATION,,,,,2013 metadata label blank — later EPA definition supplied,phab,1,1
1314,phab_PCT_HP,PCT_HP,Physical Habitat,NRSA 1314 Physical Habitat Larger Set of Metrics,Bed Surface % Hardpan (>4000mm),2018–2019 EPA metadata fallback,SUBSTRATE CHARACTERIZATION,,,,,2013 metadata label blank — later EPA definition supplied,phab,2,1
1314,phab_PCT_OM,PCT_OM,Physical Habitat,NRSA 1314 Physical Habitat Larger Set of Metrics,Bed Surface % Organic Matter--- *** see PCT_ORG,2018–2019 EPA metadata fallback,SUBSTRATE CHARACTERIZATION,,,,,2013 metadata label blank — later EPA definition supplied,phab,1,1
1314,phab_PCT_ORG,PCT_ORG,Physical Habitat,NRSA 1314 Physical Habitat Larger Set of Metrics,Bed Surface % Organic Matter --- *** see PCT_OM,2018–2019 EPA metadata fallback,SUBSTRATE CHARACTERIZATION,,,,,2013 metadata label blank — later EPA definition supplied,phab,1,1
1314,phab_PCT_OT,PCT_OT,Physical Habitat,NRSA 1314 Physical Habitat Larger Set of Metrics,Bed Surface % Other,2018–2019 EPA metadata fallback,SUBSTRATE CHARACTERIZATION,,,,,2013 metadata label blank — later EPA definition supplied,phab,1,1
1314,phab_PCT_OVRB,PCT_OVRB,Physical Habitat,NRSA 1314 Physical Habitat Larger Set of Metrics,Can you see over riverbank? % YES,2018–2019 EPA metadata fallback,CHANNEL CHARACTERISTICS,,,,,2013 metadata label blank — later EPA definition supplied,phab,1,1
1314,phab_PCT_POOL,PCT_POOL,Physical Habitat,NRSA 1314 Physical Habitat Larger Set of Metrics,Percent of reach with Pool,2018–2019 EPA metadata fallback,CHANNEL HABITAT,,,,,2013 metadata label blank — later EPA definition supplied,phab,1,1
1314,phab_PCT_RC,PCT_RC,Physical Habitat,NRSA 1314 Physical Habitat Larger Set of Metrics,Bed Surface % Concrete or Asphalt,2018–2019 EPA metadata fallback,SUBSTRATE CHARACTERIZATION,,,,,2013 metadata label blank — later EPA definition supplied,phab,1,1
1314,phab_PCT_SA,PCT_SA,Physical Habitat,NRSA 1314 Physical Habitat Larger Set of Metrics,Bed Surface % Sand 0.06-<2.0mm),2018–2019 EPA metadata fallback,SUBSTRATE CHARACTERIZATION,,,,,2013 metadata label blank — later EPA definition supplied,phab,1,1
1314,phab_PCT_SAFN,PCT_SAFN,Physical Habitat,NRSA 1314 Physical Habitat Larger Set of Metrics,Bed Surface Percent Sand or smaller (<2.0mm),2018–2019 EPA metadata fallback,SUBSTRATE CHARACTERIZATION,,,,,2013 metadata label blank — later EPA definition supplied,phab,2,1
1314,phab_PCT_SFG,PCT_SFG,Physical Habitat,NRSA 1314 Physical Habitat Larger Set of Metrics,Bed surface coarse gravel or smaller (<64mm) (PCT_SA + PCT_FN + PCT_GR) | Bed surface coarse gravel or smaller (<64mm) (PCT_SFGF + PCT_GC),2013–2014 EPA metadata,INTERPRETATION,,,,,Multiple protocol-specific labels — see Metadata Detail,phab,2,1
1314,phab_PCT_SFGF,PCT_SFGF,Physical Habitat,NRSA 1314 Physical Habitat Larger Set of Metrics,Bed Surface Fine Gravel or smaller (<16mm),2018–2019 EPA metadata fallback,SUBSTRATE CHARACTERIZATION,,,,,2013 metadata label blank — later EPA definition supplied,phab,2,1
1314,phab_PCT_SIDE,PCT_SIDE,Physical Habitat,NRSA 1314 Physical Habitat Larger Set of Metrics,Percent of reach with side Channels/Bkwtrs,2018–2019 EPA metadata fallback,GENERAL,,,,,2013 metadata label blank — later EPA definition supplied,phab,2,1
1314,phab_PCT_SLOW,PCT_SLOW,Physical Habitat,NRSA 1314 Physical Habitat Larger Set of Metrics,Percent of reach with Pool or Glide Habitat,2018–2019 EPA metadata fallback,CHANNEL HABITAT,,,,,2013 metadata label blank — later EPA definition supplied,phab,2,1
1314,phab_PCT_WD,PCT_WD,Physical Habitat,NRSA 1314 Physical Habitat Larger Set of Metrics,Bed Surface % Wood,2018–2019 EPA metadata fallback,SUBSTRATE CHARACTERIZATION,,,,,2013 metadata label blank — later EPA definition supplied,phab,1,1
1314,phab_PCTCLINOMETER,PCTCLINOMETER,Physical Habitat,NRSA 1314 Physical Habitat Larger Set of Metrics,Percent of Slope measured with Clinometer,2018–2019 EPA metadata fallback,SLOPE AND BEARING,,,,,2013 metadata label blank — later EPA definition supplied,phab,1,1
1314,phab_QR1,QR1,Physical Habitat,NRSA 1314 Physical Habitat Larger Set of Metrics,Riparian Quality Index (Scaled XCMGW XCdenBK W1Hall 0-1),2013–2014 EPA metadata,INTERPRETATION,,,,,Single metadata definition,phab,2,1
1314,phab_QRVEG1,QRVEG1,Physical Habitat,NRSA 1314 Physical Habitat Larger Set of Metrics,Riparian Veg Quality Index (Scaled XCMGW),2013–2014 EPA metadata,INTERPRETATION,,,,,Single metadata definition,phab,2,1
1314,phab_QRVEG2,QRVEG2,Physical Habitat,NRSA 1314 Physical Habitat Larger Set of Metrics,Riparian Veg Quality Index (Scaled XCDENBK),2013–2014 EPA metadata,INTERPRETATION,,,,,Single metadata definition,phab,1,1
1314,phab_RADJRT_RAT,RADJRT_RAT,Physical Habitat,NRSA 1314 Physical Habitat Larger Set of Metrics,Ratio of Effective to Total Hydraulic Radii at Bankfull (RRPW3/RB3),2013–2014 EPA metadata,INTERPRETATION,,,,,Single metadata definition,phab,1,1
1314,phab_RB3,RB3,Physical Habitat,NRSA 1314 Physical Habitat Larger Set of Metrics,,Not supplied in listed EPA metadata,BED STABILITY,,,,,No label supplied in listed EPA metadata,phab,1,1
1314,phab_RDIST1,RDIST1,Physical Habitat,NRSA 1314 Physical Habitat Larger Set of Metrics,Riparian Disturbance index (scaled W1_Hall 0-1),2013–2014 EPA metadata,INTERPRETATION,,,,,Single metadata definition,phab,2,1
1314,phab_REACHLEN,REACHLEN,Physical Habitat,NRSA 1314 Physical Habitat Larger Set of Metrics,Sample Reach Length (m),2018–2019 EPA metadata fallback,GENERAL,,,,,2013 metadata label blank — later EPA definition supplied,phab,2,1
1314,phab_REYP3,REYP3,Physical Habitat,NRSA 1314 Physical Habitat Larger Set of Metrics,,Not supplied in listed EPA metadata,BED STABILITY,,,,,No label supplied in listed EPA metadata,phab,1,1
1314,phab_RP100,RP100,Physical Habitat,NRSA 1314 Physical Habitat Larger Set of Metrics,Mean Residual Depth at thalweg (cm),2018–2019 EPA metadata fallback,RESIDUAL POOLS,,,,,2013 metadata label blank — later EPA definition supplied,phab,2,1
1314,phab_RPGT50,RPGT50,Physical Habitat,NRSA 1314 Physical Habitat Larger Set of Metrics,Residual Pools >50cm res-depth (number/reach),2018–2019 EPA metadata fallback,RESIDUAL POOLS,,,,,2013 metadata label blank — later EPA definition supplied,phab,1,1
1314,phab_RPGT75,RPGT75,Physical Habitat,NRSA 1314 Physical Habitat Larger Set of Metrics,Residual Pools >75cm res-depth (number/reach),2018–2019 EPA metadata fallback,RESIDUAL POOLS,,,,,2013 metadata label blank — later EPA definition supplied,phab,1,1
1314,phab_RPMXDEP_CM,RPMXDEP_CM,Physical Habitat,NRSA 1314 Physical Habitat Larger Set of Metrics,"Maximum residual depth in reach (cm), converted from raw data in m | Maximum residual depth in reach (cm)",2013–2014 EPA metadata,INTERPRETATION,,,,,Multiple protocol-specific labels — see Metadata Detail,phab,1,1
1314,phab_RPRAT,RPRAT,Physical Habitat,NRSA 1314 Physical Habitat Larger Set of Metrics,Residual Depth proportion (RP100/XDepth),2013–2014 EPA metadata,INTERPRETATION,,,,,Single metadata definition,phab,2,1
1314,phab_RPXDEP_CM,RPXDEP_CM,Physical Habitat,NRSA 1314 Physical Habitat Larger Set of Metrics,"Mean residual pool depth in reach (cm/pool), converted from raw data in m | Mean residual pool depth in reach (cm/pool)",2013–2014 EPA metadata,INTERPRETATION,,,,,Multiple protocol-specific labels — see Metadata Detail,phab,1,1
1314,phab_RRPW3,RRPW3,Physical Habitat,NRSA 1314 Physical Habitat Larger Set of Metrics,,Not supplied in listed EPA metadata,BED STABILITY,,,,,No label supplied in listed EPA metadata,phab,1,1
1314,phab_SDDEPTH_CM,SDDEPTH_CM,Physical Habitat,NRSA 1314 Physical Habitat Larger Set of Metrics,"Std deviation of thalweg depth (cm), converted from raw data in m | Std deviation of thalweg depth (cm)",2013–2014 EPA metadata,INTERPRETATION,,,,,Multiple protocol-specific labels — see Metadata Detail,phab,2,1
1314,phab_SDINC_H,SDINC_H,Physical Habitat,NRSA 1314 Physical Habitat Larger Set of Metrics,Std Dev of Terrace Height above water level,2018–2019 EPA metadata fallback,CHANNEL MORPHOLOGY,,,,,2013 metadata label blank — later EPA definition supplied,phab,1,1
1314,phab_SDWD_RAT,SDWD_RAT,Physical Habitat,NRSA 1314 Physical Habitat Larger Set of Metrics,Std Dev of Wetted Width-Depth Ratio,2018–2019 EPA metadata fallback,CHANNEL MORPHOLOGY,,,,,2013 metadata label blank — later EPA definition supplied,phab,1,1
1314,phab_SDWIDTH,SDWIDTH,Physical Habitat,NRSA 1314 Physical Habitat Larger Set of Metrics,Std Dev of Wetted Width (m),2018–2019 EPA metadata fallback,CHANNEL MORPHOLOGY,,,,,2013 metadata label blank — later EPA definition supplied,phab,2,1
1314,phab_SDWXD,SDWXD,Physical Habitat,NRSA 1314 Physical Habitat Larger Set of Metrics,Std Dev of Wetted Width x Thalweg Depth (m2),2018–2019 EPA metadata fallback,CHANNEL MORPHOLOGY,,,,,2013 metadata label blank — later EPA definition supplied,phab,2,1
1314,phab_SHLD_PX3,SHLD_PX3,Physical Habitat,NRSA 1314 Physical Habitat Larger Set of Metrics,,Not supplied in listed EPA metadata,BED STABILITY,,,,,No label supplied in listed EPA metadata,phab,1,1
1314,phab_SINU,SINU,Physical Habitat,NRSA 1314 Physical Habitat Larger Set of Metrics,Sinuosity of sample reach,2018–2019 EPA metadata fallback,SLOPE AND BEARING,,,,,2013 metadata label blank — later EPA definition supplied,phab,2,1
1314,phab_SITETYPE,SITETYPE,Physical Habitat,NRSA 1314 Physical Habitat Larger Set of Metrics,"Site type (Probability-based or hand-picked). PROB for sites from probability survey. Usually HAND for hand-picked sites. In EMAP West and WSA, STARHAND is used to identify hand-picked sites that do not have all CORE indicators available.",2013–2014 EPA metadata,,,,,,Single metadata definition,phab,10,1
1314,phab_UID,UID,Physical Habitat,NRSA 1314 Physical Habitat Larger Set of Metrics,Unique site visit ID,2013–2014 EPA metadata,,,,,,Same label appears for multiple sample/record types,phab,15,3
1314,phab_V1W_MSQ,V1W_MSQ,Physical Habitat,NRSA 1314 Physical Habitat Larger Set of Metrics,Bankfull Channel Wood Volume (m3/m2) Size=T+S+M+L+X (EPA/620/R-99/003 p53),2018–2019 EPA metadata fallback,LARGE WOODY DEBRIS,,,,,2013 metadata label blank — later EPA definition supplied,phab,2,1
1314,phab_V1WM100,V1WM100,Physical Habitat,NRSA 1314 Physical Habitat Larger Set of Metrics,Bankfull Channel Wood Volume (m3/100m) Size=T+S+M+L+X (EPA/620/R-99/003 p53),2018–2019 EPA metadata fallback,LARGE WOODY DEBRIS,,,,,2013 metadata label blank — later EPA definition supplied,phab,2,1
1314,phab_V2W_MSQ,V2W_MSQ,Physical Habitat,NRSA 1314 Physical Habitat Larger Set of Metrics,Bankfull Channel Wood Volume (m3/m2) Size=S+M+L+X (EPA/620/R-99/003 p53),2018–2019 EPA metadata fallback,LARGE WOODY DEBRIS,,,,,2013 metadata label blank — later EPA definition supplied,phab,1,1
1314,phab_V2WM100,V2WM100,Physical Habitat,NRSA 1314 Physical Habitat Larger Set of Metrics,Bankfull Channel Wood Volume (m3/100m) Size=S+M+L+X (EPA/620/R-99/003 p53),2018–2019 EPA metadata fallback,LARGE WOODY DEBRIS,,,,,2013 metadata label blank — later EPA definition supplied,phab,1,1
1314,phab_V4W_MSQ,V4W_MSQ,Physical Habitat,NRSA 1314 Physical Habitat Larger Set of Metrics,Bankfull Channel Wood Volume (m3/m2) Size=L+X (EPA/620/R-99/003 p53),2018–2019 EPA metadata fallback,LARGE WOODY DEBRIS,,,,,2013 metadata label blank — later EPA definition supplied,phab,1,1
1314,phab_V4WM100,V4WM100,Physical Habitat,NRSA 1314 Physical Habitat Larger Set of Metrics,Bankfull Channel Wood Volume (m3/100m) Size=L+X (EPA/620/R-99/003 p53),2018–2019 EPA metadata fallback,LARGE WOODY DEBRIS,,,,,2013 metadata label blank — later EPA definition supplied,phab,1,1
1314,phab_W1_HAG,W1_HAG,Physical Habitat,NRSA 1314 Physical Habitat Larger Set of Metrics,Human Agricultural Influence Index(distance-wtd tally of types & presence),2018–2019 EPA metadata fallback,HUMAN DISTURBANCE,,,,,2013 metadata label blank — later EPA definition supplied,phab,2,1
1314,phab_W1_HALL,W1_HALL,Physical Habitat,NRSA 1314 Physical Habitat Larger Set of Metrics,Human Disturbance Index(distance-wtd tally of types and presence),2018–2019 EPA metadata fallback,HUMAN DISTURBANCE,,,,,2013 metadata label blank — later EPA definition supplied,phab,4,1
1314,phab_W1_HNOAG,W1_HNOAG,Physical Habitat,NRSA 1314 Physical Habitat Larger Set of Metrics,Human Non-Agric. Disturb. Index (distance wtd tally of types & presence),2018–2019 EPA metadata fallback,HUMAN DISTURBANCE,,,,,2013 metadata label blank — later EPA definition supplied,phab,2,1
1314,phab_W1H_BLDG,W1H_BLDG,Physical Habitat,NRSA 1314 Physical Habitat Larger Set of Metrics,Near Stream Human Dist: Buildings (distance-wtd tally of presence),2018–2019 EPA metadata fallback,HUMAN DISTURBANCE,,,,,2013 metadata label blank — later EPA definition supplied,phab,1,1
1314,phab_W1H_CROP,W1H_CROP,Physical Habitat,NRSA 1314 Physical Habitat Larger Set of Metrics,Near Stream Human Dist: Row Crops (distance-wtd tally of presence),2018–2019 EPA metadata fallback,HUMAN DISTURBANCE,,,,,2013 metadata label blank — later EPA definition supplied,phab,2,1
1314,phab_W1H_LDFL,W1H_LDFL,Physical Habitat,NRSA 1314 Physical Habitat Larger Set of Metrics,Near Stream Human Dist: Trash/Landfill (distance-wtd tally of presence),2018–2019 EPA metadata fallback,HUMAN DISTURBANCE,,,,,2013 metadata label blank — later EPA definition supplied,phab,1,1
1314,phab_W1H_LOG,W1H_LOG,Physical Habitat,NRSA 1314 Physical Habitat Larger Set of Metrics,Near Stream Human Dist: Logging (distance-wtd tally of presence),2018–2019 EPA metadata fallback,HUMAN DISTURBANCE,,,,,2013 metadata label blank — later EPA definition supplied,phab,1,1
1314,phab_W1H_MINE,W1H_MINE,Physical Habitat,NRSA 1314 Physical Habitat Larger Set of Metrics,Near Stream Human Dist: Mining (distance-wtd tally of presence),2018–2019 EPA metadata fallback,HUMAN DISTURBANCE,,,,,2013 metadata label blank — later EPA definition supplied,phab,1,1
1314,phab_W1H_PARK,W1H_PARK,Physical Habitat,NRSA 1314 Physical Habitat Larger Set of Metrics,Near Stream Human Dist: Park/Lawn (distance-wtd tally of presence),2018–2019 EPA metadata fallback,HUMAN DISTURBANCE,,,,,2013 metadata label blank — later EPA definition supplied,phab,1,1
1314,phab_W1H_PIPE,W1H_PIPE,Physical Habitat,NRSA 1314 Physical Habitat Larger Set of Metrics,Near Stream Human Dist: Pipe influent/effluent (distance-wtd tally of presence),2018–2019 EPA metadata fallback,HUMAN DISTURBANCE,,,,,2013 metadata label blank — later EPA definition supplied,phab,1,1
1314,phab_W1H_PSTR,W1H_PSTR,Physical Habitat,NRSA 1314 Physical Habitat Larger Set of Metrics,Near Stream Human Dist: Pasture/Hayfield (distance-wtd tally of presence),2018–2019 EPA metadata fallback,HUMAN DISTURBANCE,,,,,2013 metadata label blank — later EPA definition supplied,phab,1,1
1314,phab_W1H_PVMT,W1H_PVMT,Physical Habitat,NRSA 1314 Physical Habitat Larger Set of Metrics,Near Stream Human Dist: Pavement/parking lot(distance-wtd tally of presence),2018–2019 EPA metadata fallback,HUMAN DISTURBANCE,,,,,2013 metadata label blank — later EPA definition supplied,phab,1,1
1314,phab_W1H_ROAD,W1H_ROAD,Physical Habitat,NRSA 1314 Physical Habitat Larger Set of Metrics,Near Stream Human Dist: Road/Railroad (distance-wtd tally of presence),2018–2019 EPA metadata fallback,HUMAN DISTURBANCE,,,,,2013 metadata label blank — later EPA definition supplied,phab,1,1
1314,phab_W1H_WALL,W1H_WALL,Physical Habitat,NRSA 1314 Physical Habitat Larger Set of Metrics,Near Stream Human Dist: Walls/dikes/revetments(distance-wtd tally of presence),2018–2019 EPA metadata fallback,HUMAN DISTURBANCE,,,,,2013 metadata label blank — later EPA definition supplied,phab,2,1
1314,phab_XBEARING,XBEARING,Physical Habitat,NRSA 1314 Physical Habitat Larger Set of Metrics,Compass Bearing Sighted upstream (Degrees),2018–2019 EPA metadata fallback,SLOPE AND BEARING,,,,,2013 metadata label blank — later EPA definition supplied,phab,1,1
1314,phab_XBKA,XBKA,Physical Habitat,NRSA 1314 Physical Habitat Larger Set of Metrics,Bank Angle (mean degrees),2018–2019 EPA metadata fallback,BANK MORPHOLOGY,,,,,2013 metadata label blank — later EPA definition supplied,phab,1,1
1314,phab_XBKF_H,XBKF_H,Physical Habitat,NRSA 1314 Physical Habitat Larger Set of Metrics,Mean Bankfull Height above wetted channel (m),2018–2019 EPA metadata fallback,CHANNEL MORPHOLOGY,,,,,2013 metadata label blank — later EPA definition supplied,phab,2,1
1314,phab_XBKF_W,XBKF_W,Physical Habitat,NRSA 1314 Physical Habitat Larger Set of Metrics,Mean Bankfull Width (m),2018–2019 EPA metadata fallback,CHANNEL MORPHOLOGY,,,,,2013 metadata label blank — later EPA definition supplied,phab,2,1
1314,phab_XC,XC,Physical Habitat,NRSA 1314 Physical Habitat Larger Set of Metrics,Canopy Mean Areal Cover proportion,2018–2019 EPA metadata fallback,RIPARIAN VEGETATION,,,,,2013 metadata label blank — later EPA definition supplied,phab,2,1
1314,phab_XCDENBK,XCDENBK,Physical Habitat,NRSA 1314 Physical Habitat Larger Set of Metrics,Canopy Density at bank (mean percent),2018–2019 EPA metadata fallback,CANOPY DENSIOMETER,,,,,2013 metadata label blank — later EPA definition supplied,phab,2,1
1314,phab_XCDENMID,XCDENMID,Physical Habitat,NRSA 1314 Physical Habitat Larger Set of Metrics,Canopy Density at mid-channel (mean percent),2018–2019 EPA metadata fallback,CANOPY DENSIOMETER,,,,,2013 metadata label blank — later EPA definition supplied,phab,2,1
1314,phab_XCEMBED,XCEMBED,Physical Habitat,NRSA 1314 Physical Habitat Larger Set of Metrics,Embeddedness Center of Channel (Mean % wetted streambed),2018–2019 EPA metadata fallback,SUBSTRATE EMBEDDEDNESS,,,,,2013 metadata label blank — later EPA definition supplied,phab,1,1
1314,phab_XCL,XCL,Physical Habitat,NRSA 1314 Physical Habitat Larger Set of Metrics,Large diameter (Dbh>0.3m) Tree Canopy Areal Cover proportion,2018–2019 EPA metadata fallback,RIPARIAN VEGETATION,,,,,2013 metadata label blank — later EPA definition supplied,phab,2,1
1314,phab_XCM,XCM,Physical Habitat,NRSA 1314 Physical Habitat Larger Set of Metrics,Sum of Canopy+Mid layer vegetation areal cover proportion,2018–2019 EPA metadata fallback,RIPARIAN VEGETATION,,,,,2013 metadata label blank — later EPA definition supplied,phab,1,1
1314,phab_XCMG,XCMG,Physical Habitat,NRSA 1314 Physical Habitat Larger Set of Metrics,Sum of Canopy+Mid+Ground layer areal cover proportion,2018–2019 EPA metadata fallback,RIPARIAN VEGETATION,,,,,2013 metadata label blank — later EPA definition supplied,phab,2,1
1314,phab_XCMGW,XCMGW,Physical Habitat,NRSA 1314 Physical Habitat Larger Set of Metrics,Sum of Woody Canopy+Mid+Ground layer areal cover proportion,2018–2019 EPA metadata fallback,RIPARIAN VEGETATION,,,,,2013 metadata label blank — later EPA definition supplied,phab,2,1
1314,phab_XCMW,XCMW,Physical Habitat,NRSA 1314 Physical Habitat Larger Set of Metrics,Sum of Woody Canopy+Mid layer vegetation areal cover proportion,2018–2019 EPA metadata fallback,RIPARIAN VEGETATION,,,,,2013 metadata label blank — later EPA definition supplied,phab,1,1
1314,phab_XCS,XCS,Physical Habitat,NRSA 1314 Physical Habitat Larger Set of Metrics,Small diameter (Dbh<0.3m) Tree Canopy Areal Cover proportion,2018–2019 EPA metadata fallback,RIPARIAN VEGETATION,,,,,2013 metadata label blank — later EPA definition supplied,phab,1,1
1314,phab_XDEPTH_CM,XDEPTH_CM,Physical Habitat,NRSA 1314 Physical Habitat Larger Set of Metrics,"Mean thalweg depth (cm), converted from raw data in m | Mean thalweg depth (cm)",2013–2014 EPA metadata,INTERPRETATION,,,,,Multiple protocol-specific labels — see Metadata Detail,phab,2,1
1314,phab_XEMBED,XEMBED,Physical Habitat,NRSA 1314 Physical Habitat Larger Set of Metrics,Mean streambed embeddedness (%),2018–2019 EPA metadata fallback,SUBSTRATE EMBEDDEDNESS,,,,,2013 metadata label blank — later EPA definition supplied,phab,2,1
1314,phab_XFC_ALG,XFC_ALG,Physical Habitat,NRSA 1314 Physical Habitat Larger Set of Metrics,Instream Cover: Filamentous algae (areal proportion),2018–2019 EPA metadata fallback,FISH COVER,,,,,2013 metadata label blank — later EPA definition supplied,phab,2,1
1314,phab_XFC_ALL,XFC_ALL,Physical Habitat,NRSA 1314 Physical Habitat Larger Set of Metrics,Instream Cover Sum: All except algae and aquatic macrophytes (areal proportion),2018–2019 EPA metadata fallback,FISH COVER,,,,,2013 metadata label blank — later EPA definition supplied,phab,1,1
1314,phab_XFC_AQM,XFC_AQM,Physical Habitat,NRSA 1314 Physical Habitat Larger Set of Metrics,Instream Cover: Aquatic macrophytes (areal proportion),2018–2019 EPA metadata fallback,FISH COVER,,,,,2013 metadata label blank — later EPA definition supplied,phab,2,1
1314,phab_XFC_BIG,XFC_BIG,Physical Habitat,NRSA 1314 Physical Habitat Larger Set of Metrics,"Instream Cover Sum: wood, boulders, over-hang banks, human structures (areal proportion)",2018–2019 EPA metadata fallback,FISH COVER,,,,,2013 metadata label blank — later EPA definition supplied,phab,1,1
1314,phab_XFC_BRS,XFC_BRS,Physical Habitat,NRSA 1314 Physical Habitat Larger Set of Metrics,Instream Cover: Brush (areal proportion),2018–2019 EPA metadata fallback,FISH COVER,,,,,2013 metadata label blank — later EPA definition supplied,phab,1,1
1314,phab_XFC_HUM,XFC_HUM,Physical Habitat,NRSA 1314 Physical Habitat Larger Set of Metrics,Instream Cover: Anthropogenic Structures/Trash (areal proportion),2018–2019 EPA metadata fallback,FISH COVER,,,,,2013 metadata label blank — later EPA definition supplied,phab,1,1
1314,phab_XFC_LVT,XFC_LVT,Physical Habitat,NRSA 1314 Physical Habitat Larger Set of Metrics,Instream Cover: Live Trees (areal proportion),2018–2019 EPA metadata fallback,FISH COVER,,,,,2013 metadata label blank — later EPA definition supplied,phab,1,1
1314,phab_XFC_LWD,XFC_LWD,Physical Habitat,NRSA 1314 Physical Habitat Larger Set of Metrics,Instream Cover: Large woody debris (areal proportion),2018–2019 EPA metadata fallback,FISH COVER,,,,,2013 metadata label blank — later EPA definition supplied,phab,2,1
1314,phab_XFC_NAT,XFC_NAT,Physical Habitat,NRSA 1314 Physical Habitat Larger Set of Metrics,Instream Cover Sum: non-anthropogenic cover types (areal proportion),2018–2019 EPA metadata fallback,FISH COVER,,,,,2013 metadata label blank — later EPA definition supplied,phab,2,1
1314,phab_XFC_OHV,XFC_OHV,Physical Habitat,NRSA 1314 Physical Habitat Larger Set of Metrics,Instream Cover: Overhanging Vegetation <1m above surface (areal proportion),2018–2019 EPA metadata fallback,FISH COVER,,,,,2013 metadata label blank — later EPA definition supplied,phab,1,1
1314,phab_XFC_RCK,XFC_RCK,Physical Habitat,NRSA 1314 Physical Habitat Larger Set of Metrics,Instream Cover: Rocks and Ledges (areal proportion),2018–2019 EPA metadata fallback,FISH COVER,,,,,2013 metadata label blank — later EPA definition supplied,phab,1,1
1314,phab_XFC_UCB,XFC_UCB,Physical Habitat,NRSA 1314 Physical Habitat Larger Set of Metrics,Instream Cover: Overhanging Banks (areal proportion),2018–2019 EPA metadata fallback,FISH COVER,,,,,2013 metadata label blank — later EPA definition supplied,phab,1,1
1314,phab_XG,XG,Physical Habitat,NRSA 1314 Physical Habitat Larger Set of Metrics,Same as XGveg?,2018–2019 EPA metadata fallback,RIPARIAN VEGETATION,,,,,2013 metadata label blank — later EPA definition supplied,phab,1,1
1314,phab_XGB,XGB,Physical Habitat,NRSA 1314 Physical Habitat Larger Set of Metrics,Barren ground layer areal cover,2018–2019 EPA metadata fallback,RIPARIAN VEGETATION,,,,,2013 metadata label blank — later EPA definition supplied,phab,2,1
1314,phab_XGH,XGH,Physical Habitat,NRSA 1314 Physical Habitat Larger Set of Metrics,Non-woody ground layer areal cover,2018–2019 EPA metadata fallback,RIPARIAN VEGETATION,,,,,2013 metadata label blank — later EPA definition supplied,phab,2,1
1314,phab_XGV,XGV,Physical Habitat,NRSA 1314 Physical Habitat Larger Set of Metrics,Total ground layer areal cover,2013–2014 EPA metadata,INTERPRETATION,,,,,Single metadata definition,phab,1,1
1314,phab_XGW,XGW,Physical Habitat,NRSA 1314 Physical Habitat Larger Set of Metrics,Woody ground layer areal cover,2018–2019 EPA metadata fallback,RIPARIAN VEGETATION,,,,,2013 metadata label blank — later EPA definition supplied,phab,2,1
1314,phab_XINC_H,XINC_H,Physical Habitat,NRSA 1314 Physical Habitat Larger Set of Metrics,Terrace Height above water level (m),2018–2019 EPA metadata fallback,CHANNEL MORPHOLOGY,,,,,2013 metadata label blank — later EPA definition supplied,phab,2,1
1314,phab_XM,XM,Physical Habitat,NRSA 1314 Physical Habitat Larger Set of Metrics,Mid-Layer areal cover,2018–2019 EPA metadata fallback,RIPARIAN VEGETATION,,,,,2013 metadata label blank — later EPA definition supplied,phab,1,1
1314,phab_XMH,XMH,Physical Habitat,NRSA 1314 Physical Habitat Larger Set of Metrics,Mid-Layer Herbaceous areal cover,2018–2019 EPA metadata fallback,RIPARIAN VEGETATION,,,,,2013 metadata label blank — later EPA definition supplied,phab,1,1
1314,phab_XMW,XMW,Physical Habitat,NRSA 1314 Physical Habitat Larger Set of Metrics,Mid-Layer Woody areal cover,2018–2019 EPA metadata fallback,RIPARIAN VEGETATION,,,,,2013 metadata label blank — later EPA definition supplied,phab,1,1
1314,phab_XPCAN,XPCAN,Physical Habitat,NRSA 1314 Physical Habitat Larger Set of Metrics,Canopy Presence: proportion of reach,2018–2019 EPA metadata fallback,RIPARIAN VEGETATION,,,,,2013 metadata label blank — later EPA definition supplied,phab,1,1
1314,phab_XPCM,XPCM,Physical Habitat,NRSA 1314 Physical Habitat Larger Set of Metrics,Canopy+Mid-layer Presence: proportion of reach,2018–2019 EPA metadata fallback,RIPARIAN VEGETATION,,,,,2013 metadata label blank — later EPA definition supplied,phab,1,1
1314,phab_XPCMG,XPCMG,Physical Habitat,NRSA 1314 Physical Habitat Larger Set of Metrics,Canopy+Mid+Ground-layer Presence: proportion of reach,2018–2019 EPA metadata fallback,RIPARIAN VEGETATION,,,,,2013 metadata label blank — later EPA definition supplied,phab,1,1
1314,phab_XPMGW,XPMGW,Physical Habitat,NRSA 1314 Physical Habitat Larger Set of Metrics,Woody Canopy+Mid+Ground-layer Presence: proportion of reach,2018–2019 EPA metadata fallback,RIPARIAN VEGETATION,,,,,2013 metadata label blank — later EPA definition supplied,phab,1,1
1314,phab_XPMID,XPMID,Physical Habitat,NRSA 1314 Physical Habitat Larger Set of Metrics,Mid-layer Presence: proportion of reach,2018–2019 EPA metadata fallback,RIPARIAN VEGETATION,,,,,2013 metadata label blank — later EPA definition supplied,phab,1,1
1314,phab_XSHOR2VG,XSHOR2VG,Physical Habitat,NRSA 1314 Physical Habitat Larger Set of Metrics,Distance (m) from shoreline to vegetation Boatable only,2018–2019 EPA metadata fallback,CHANNEL CHARACTERISTICS,,,,,2013 metadata label blank — later EPA definition supplied,phab,2,1
1314,phab_XSLOPE,XSLOPE,Physical Habitat,NRSA 1314 Physical Habitat Larger Set of Metrics,Mean Slope of water surface (%),2018–2019 EPA metadata fallback,SLOPE AND BEARING,,,,,2013 metadata label blank — later EPA definition supplied,phab,2,1
1314,phab_XSLOPE_FIELD,XSLOPE_FIELD,Physical Habitat,NRSA 1314 Physical Habitat Larger Set of Metrics,Mean Slope of water surface-Field measurement (%),2018–2019 EPA metadata fallback,SLOPE AND BEARING,,,,,2013 metadata label blank — later EPA definition supplied,phab,1,1
1314,phab_XSLOPE_MAP,XSLOPE_MAP,Physical Habitat,NRSA 1314 Physical Habitat Larger Set of Metrics,Mean Slope of water surface-Map-derived measurement (%),2018–2019 EPA metadata fallback,SLOPE AND BEARING,,,,,2013 metadata label blank — later EPA definition supplied,phab,1,1
1314,phab_XUN,XUN,Physical Habitat,NRSA 1314 Physical Habitat Larger Set of Metrics,Mean bank undercut distance (m),2018–2019 EPA metadata fallback,BANK MORPHOLOGY,,,,,2013 metadata label blank — later EPA definition supplied,phab,1,1
1314,phab_XWD_RAT,XWD_RAT,Physical Habitat,NRSA 1314 Physical Habitat Larger Set of Metrics,Mean Wetted Width/Thalweg Depth ratio,2018–2019 EPA metadata fallback,CHANNEL MORPHOLOGY,,,,,2013 metadata label blank — later EPA definition supplied,phab,2,1
1314,phab_XWIDTH,XWIDTH,Physical Habitat,NRSA 1314 Physical Habitat Larger Set of Metrics,Mean Wetted Width (m),2018–2019 EPA metadata fallback,CHANNEL MORPHOLOGY,,,,,2013 metadata label blank — later EPA definition supplied,phab,2,1
1314,phab_XWXD,XWXD,Physical Habitat,NRSA 1314 Physical Habitat Larger Set of Metrics,Mean Wetted Width x Thalweg depth (m2),2018–2019 EPA metadata fallback,CHANNEL MORPHOLOGY,,,,,2013 metadata label blank — later EPA definition supplied,phab,2,1
1314,siteinfo_AG_ECO3,AG_ECO3,Site Information,NRSA 1314 Site Information,"NARS 3-level reporting region (2015), based on aggregating AGGR_ECO9_2015 reporting regions",2013–2014 EPA metadata,DESIGN,,EHIGH|PLNLOW|WMTNS,,,Single metadata definition,siteinfo,1,1
1314,siteinfo_AG_ECO3_NM,AG_ECO3_NM,Site Information,NRSA 1314 Site Information,NARS 3-level reporting region Name,2013–2014 EPA metadata,DESIGN,,Text names,,,Single metadata definition,siteinfo,2,1
1314,siteinfo_AG_ECO9,AG_ECO9,Site Information,NRSA 1314 Site Information,"NARS 9-level reporting region (2015), based on aggregated Omernik Level III ecoregions",2013–2014 EPA metadata,DESIGN,,CPL|NAP|NPL|SAP|SPL|TPL|UMW|WMT|XER,,,Single metadata definition,siteinfo,1,1
1314,siteinfo_AG_ECO9_NM,AG_ECO9_NM,Site Information,NRSA 1314 Site Information,NARS 9-level reporting region Name,2013–2014 EPA metadata,DESIGN,,Text names,,,Single metadata definition,siteinfo,7,1
1314,siteinfo_BOAT_WADE,BOAT_WADE,Site Information,NRSA 1314 Site Information,NRSA 2008-9 site was boatable or wadeable when sampled,2013–2014 EPA metadata,DESIGN,,Boatable|Wadeable,,,Single metadata definition,siteinfo,1,1
1314,siteinfo_BORD_RIV,BORD_RIV,Site Information,NRSA 1314 Site Information,Reach occurs on state or country boundaries,2013–2014 EPA metadata,DESIGN,,Text of two postal codes: MM:NN where MM is one state and NN is other state the river is on the border. Blank if not a border river,,,Single metadata definition,siteinfo,1,1
1314,siteinfo_CH0813_WGT,CH0813_WGT,Site Information,NRSA 1314 Site Information,Site weight for 2008-9 and 2013-14 change analysis,2013–2014 EPA metadata,DESIGN,,Numeric: >0 or 0 if site is not to be used for population estimation,,,Single metadata definition,siteinfo,1,1
1314,siteinfo_CHNG_SF,CHNG_SF,Site Information,NRSA 1314 Site Information,"Identifies if site included/excluded from 2008-9, 2013-14, 2018-19 sample frame. Will expand in future to include 2023-24 etc.",2013–2014 EPA metadata,DESIGN,,Form: Include18_Include13_Include08,,,Single metadata definition,siteinfo,1,1
1314,siteinfo_CNTYNAME,CNTYNAME,Site Information,NRSA 1314 Site Information,County name (source ESRI counties based on census 2010),2013–2014 EPA metadata,DESIGN,,Text Names,,,Single metadata definition,siteinfo,1,1
1314,siteinfo_COMID,COMID,Site Information,NRSA 1314 Site Information,NHD common identifier for NRSA sampling frame and subsequent designs.,2013–2014 EPA metadata,DESIGN,,Numeric,,,Single metadata definition,siteinfo,1,1
1314,siteinfo_DATE_COL,DATE_COL,Site Information,NRSA 1314 Site Information,Date of data collection in field,2013–2014 EPA metadata,,,,,,Single metadata definition,siteinfo,14,1
1314,siteinfo_DESC_CODE,DESC_CODE,Site Information,NRSA 1314 Site Information,Land ownership description code derived from USGS PADUS (http://gapanalysis.usgs.gov/padus/data/) - pulled May 2016 version of database,2013–2014 EPA metadata,DESIGN,,Numeric of 37 land ownership description codes from PADUS; may legitimately be NA if not covered by PADUS owership,,,Single metadata definition,siteinfo,1,1
1314,siteinfo_ELEVATION,ELEVATION,Site Information,NRSA 1314 Site Information,"Elevation at Stream site (LAT_DD83, LON_DD83) from USGS elevation point query service (30 m elevation) http://ned.usgs.gov/epqs/",2013–2014 EPA metadata,DESIGN,,Numeric; may legitimately be negative,,,Single metadata definition,siteinfo,1,1
1314,siteinfo_EPA_REG,EPA_REG,Site Information,NRSA 1314 Site Information,EPA Region,2013–2014 EPA metadata,DESIGN,,Region_1 | Region_2 | Region_3 | Region_4 | Region_5 | Region_6 | Region_7 | Region_8 | Region_9 | Region_10,,,Single metadata definition,siteinfo,2,1
1314,siteinfo_EVALSTAT,EVALSTAT,Site Information,NRSA 1314 Site Information,"Status assigned based on site evaluation guidelines and responses to verification form, if sampled.",2013–2014 EPA metadata,EVAL,,TargetSampleable|TargetNotSampled|TargetOther|AccessDenied|Inaccessible-Barrier/Safety|Inaccessible-Effort|Nontarget-CoastalSaline|Nontarget-Ephemeral|Nontarget-MapError|Nontarget-NoRecAquatUse|Nontarget-NotLake|Nontarget-Other|Nontarget-TooSmall|Nontarget-TooShallow|NonTarget-Vegetated|NotNeeded,,,Single metadata definition,siteinfo,1,1
1314,siteinfo_EVALUATED,EVALUATED,Site Information,NRSA 1314 Site Information,Was site evaluated for sampling?,2013–2014 EPA metadata,EVAL,,YES|NO,,,Single metadata definition,siteinfo,1,1
1314,siteinfo_FEOW_ID,FEOW_ID,Site Information,NRSA 1314 Site Information,Freshwater Ecoregions of the World (2015) code,2013–2014 EPA metadata,DESIGN,,Numeric,,,Single metadata definition,siteinfo,1,1
1314,siteinfo_FRAME14,FRAME14,Site Information,NRSA 1314 Site Information,"Identifies whether site is part of NRSA_ST, NRSA_only, or state only",2013–2014 EPA metadata,DESIGN,,,,,Single metadata definition,siteinfo,1,1
1314,siteinfo_FRAME18_ID,FRAME18_ID,Site Information,NRSA 1314 Site Information,2018-19 Sampling Frame ID code,2013–2014 EPA metadata,DESIGN,,,,,Single metadata definition,siteinfo,1,1
1314,siteinfo_FS_EW,FS_EW,Site Information,NRSA 1314 Site Information,Eastern or western US Forest Service land,2013–2014 EPA metadata,DESIGN,,East | West | blank if not US Forest Service land,,,Single metadata definition,siteinfo,2,1
1314,siteinfo_GNIS_ID,GNIS_ID,Site Information,NRSA 1314 Site Information,Goegraphic Names Information System ID (from NHD),2013–2014 EPA metadata,DESIGN,,Numeric,,,Single metadata definition,siteinfo,1,1
1314,siteinfo_GNIS_NAME,GNIS_NAME,Site Information,NRSA 1314 Site Information,USGS Geographic Names Information System name,2013–2014 EPA metadata,DESIGN,,Text name,,,Single metadata definition,siteinfo,1,1
1314,siteinfo_HUC2,HUC2,Site Information,NRSA 1314 Site Information,USGS Level 2 Hydrologic Unit Code where stream reach is located (based on NHDPlusV2 use of HUCs),2013–2014 EPA metadata,DESIGN,,Alphanumeric: H01 to H20 with H03N :H 03S : H03W | H10L : H10U where region coded preceded by letter H,,,Single metadata definition,siteinfo,1,1
1314,siteinfo_HUC2_REG,HUC2_REG,Site Information,NRSA 1314 Site Information,USGS Level 2 Hydrologic Unit Region Name where stream reach is located (based on NHDPlusV2 use of HUCs),2013–2014 EPA metadata,DESIGN,,Text name of Region,,,Single metadata definition,siteinfo,1,1
1314,siteinfo_HUC8,HUC8,Site Information,NRSA 1314 Site Information,USGS Level 8 Hydrologic Unit Code where stream reach is located (based on NHDPlusV2 use of HUCs),2013–2014 EPA metadata,DESIGN,,Alphanumeric code; 8-digit preceded by letter H,,,Single metadata definition,siteinfo,1,1
1314,siteinfo_HUC8_NM,HUC8_NM,Site Information,NRSA 1314 Site Information,USGS Level 8 Hydrologic Cataloging Unit Name where stream reach is located,2013–2014 EPA metadata,DESIGN,,Text,,,Single metadata definition,siteinfo,1,1
1314,siteinfo_LAT_DD83,LAT_DD83,Site Information,NRSA 1314 Site Information,Latitude (based on NAD83 datum) for stream site from NHD-based sample frame.,2013–2014 EPA metadata,DESIGN,,Numeric,,,Single metadata definition,siteinfo,8,1
1314,siteinfo_LON_DD83,LON_DD83,Site Information,NRSA 1314 Site Information,Longitude (based on NAD83 datum) for stream site from NHD-based sample frame.,2013–2014 EPA metadata,DESIGN,,Numeric,,,Single metadata definition,siteinfo,8,1
1314,siteinfo_MAJ_BAS_NM,MAJ_BAS_NM,Site Information,NRSA 1314 Site Information,Major USGS Hydrologic Basins derived from NHDPlus Names,2013–2014 EPA metadata,DESIGN,,Text of 16 basin names,,,Single metadata definition,siteinfo,2,1
1314,siteinfo_MAJ_BASIN,MAJ_BASIN,Site Information,NRSA 1314 Site Information,Major USGS Hydrologic Basins derived from NHDPlus Codes,2013–2014 EPA metadata,DESIGN,,16 Major Basin Codes from 01 to 18 with 05_06 and 12_13 combined preceeded by letter H,,,Single metadata definition,siteinfo,1,1
1314,siteinfo_MISS_BASIN,MISS_BASIN,Site Information,NRSA 1314 Site Information,"The hydrologic basin name for streams in the Mississippi Basin, or NA for streams not in the Mississippi Basin",2013–2014 EPA metadata,DESIGN,,Text of 7 basin names or NA,,,Single metadata definition,siteinfo,1,1
1314,siteinfo_MISS_BASIN_NM,MISS_BASIN_NM,Site Information,NRSA 1314 Site Information,Mississippi basin name,2013–2014 EPA metadata,DESIGN,,Ohio Region|Tennessee Region|Upper Mississippi Region|Lower Mississippi Region|Lower Missouri Region|Upper Missouri Region|Arkansas-White-Red Region,,,Single metadata definition,siteinfo,2,1
1314,siteinfo_NA_L1CODE,NA_L1CODE,Site Information,NRSA 1314 Site Information,CEC North American Level I ecoregion code,2013–2014 EPA metadata,DESIGN,,Numeric 5 to 15 excluding 14 and 0 designating HI,,,Single metadata definition,siteinfo,1,1
1314,siteinfo_NA_L1NAME,NA_L1NAME,Site Information,NRSA 1314 Site Information,CEC North American Level I ecoregion name,2013–2014 EPA metadata,DESIGN,,Text,,,Single metadata definition,siteinfo,1,1
1314,siteinfo_NA_L2CODE,NA_L2CODE,Site Information,NRSA 1314 Site Information,CEC North American Level II ecoregion code,2013–2014 EPA metadata,DESIGN,,Alphanumeric: n.n where leading position is Level I code and following position is Level 2 designation,,,Single metadata definition,siteinfo,1,1
1314,siteinfo_NA_L2NAME,NA_L2NAME,Site Information,NRSA 1314 Site Information,CEC North American Level II ecoregion name,2013–2014 EPA metadata,DESIGN,,Text,,,Single metadata definition,siteinfo,1,1
1314,siteinfo_NA_L3CODE,NA_L3CODE,Site Information,NRSA 1314 Site Information,CEC North American Level III ecoregion code,2013–2014 EPA metadata,DESIGN,,Alphanumeric: n.n.n where leading two positons are Level II code and following position is level 3 designation,,,Single metadata definition,siteinfo,1,1
1314,siteinfo_NA_L3NAME,NA_L3NAME,Site Information,NRSA 1314 Site Information,CEC North American Level III ecoregion name,2013–2014 EPA metadata,DESIGN,,Text,,,Single metadata definition,siteinfo,1,1
1314,siteinfo_NARS_NAME,NARS_NAME,Site Information,NRSA 1314 Site Information,Name of lake from field evaluation or GNIS NAME if the same,2013–2014 EPA metadata,DESIGN,,Text,,,Single metadata definition,siteinfo,1,1
1314,siteinfo_NARS_OWN,NARS_OWN,Site Information,NRSA 1314 Site Information,Land ownership category used by NARS,2013–2014 EPA metadata,DESIGN,,Text of 13 land ownership category names,,,Single metadata definition,siteinfo,2,1
1314,siteinfo_NFWAWGTCAT,NFWAWGTCAT,Site Information,NRSA 1314 Site Information,Categories used to create weights for the analysis of NRSA 2008-9 survey,2013–2014 EPA metadata,DESIGN,,,,,Single metadata definition,siteinfo,1,1
1314,siteinfo_NRS13_EVAL,NRS13_EVAL,Site Information,NRSA 1314 Site Information,NRSA 2013/14 site evaluation result.,2013–2014 EPA metadata,DESIGN,,Text,,,Single metadata definition,siteinfo,2,1
1314,siteinfo_NRS13_MDC,NRS13_MDC,Site Information,NRSA 1314 Site Information,Multi-density categories used in NRSA 2013/14 survey design within a stratum,2013–2014 EPA metadata,DESIGN,,Text,,,Single metadata definition,siteinfo,2,1
1314,siteinfo_NRS13_PNL,NRS13_PNL,Site Information,NRSA 1314 Site Information,NRSA 2013/14 Panel Assignment,2013–2014 EPA metadata,DESIGN,,"Text that has form NRSnn_mmXXXn_YYYY, where nn is current cycle year (07, 12, 17, etc), mm is cycle year stream site was first selected for sampling, XXXn denotes revisit status, and YYYY denotes base or over sample status. XXXN equals either RVT2 (if site should be visited twice in current cycle year) or RVT (if site should be visited once in current cycle and was previously visited in a prior cycle year) and is blank otherwise. YYYY is either blank (if the stream site is a base site) or equals OverSamp (if the stream site is an over sample site). Note: For state specific designs, state two letter code is added.",,,Single metadata definition,siteinfo,2,1
1314,siteinfo_NRS13_SF,NRS13_SF,Site Information,NRSA 1314 Site Information,Lake included/excluded from NRSA 2013/14 survey design,2013–2014 EPA metadata,DESIGN,,Exclude|Include | Not Present Blank values are not allowed or NA for missing,,,Single metadata definition,siteinfo,2,1
1314,siteinfo_NRS13_STRA,NRS13_STRA,Site Information,NRSA 1314 Site Information,Strata used in NRSA 2013/14 survey design,2013–2014 EPA metadata,DESIGN,,Text,,,Single metadata definition,siteinfo,2,1
1314,siteinfo_NRS13_TNT,NRS13_TNT,Site Information,NRSA 1314 Site Information,NRS 2013/14 target status assigned based on stream site evaluation for use in national assessments.,2013–2014 EPA metadata,DESIGN,,Target | Target_Presumed |Uncertain | Non_Target | Not_Needed | blank,,,Single metadata definition,siteinfo,2,1
1314,siteinfo_NRS13_URBN,NRS13_URBN,Site Information,NRSA 1314 Site Information,Stream site identified as an urban or non-urban stream. Source: https://www.census.gov/geo/maps-data/data/cbf/cbf_ua.html. Used 2015 Urban Areas cartographic boundaries shapefile,2013–2014 EPA metadata,DESIGN,,NonUrban|Urban,,,Single metadata definition,siteinfo,2,1
1314,siteinfo_NRS13_VST,NRS13_VST,Site Information,NRSA 1314 Site Information,Number of times NRSA 2013/14 site was actually sampled in 2013/14,2013–2014 EPA metadata,DESIGN,,Zero | One | Two Blank is site not evaluated,,,Single metadata definition,siteinfo,2,1
1314,siteinfo_NRS13_WGTD,NRS13_WGTD,Site Information,NRSA 1314 Site Information,NRSA 2013/14 Initial site weight assigned during site selection. DO NOT USE FOR POPULATION ESTIMATION!,2013–2014 EPA metadata,DESIGN,,Numeric: >0 or 0 if site is not to be used for population estimation,,,Single metadata definition,siteinfo,1,1
1314,siteinfo_NRSA_USE,NRSA_USE,Site Information,NRSA 1314 Site Information,Include site in NRSA analyses?,2013–2014 EPA metadata,DESIGN,,YES|NO,,,Single metadata definition,siteinfo,1,1
1314,siteinfo_OWN_CODE,OWN_CODE,Site Information,NRSA 1314 Site Information,Land ownership code derived from USGS PADUS (http://gapanalysis.usgs.gov/padus/data/) - pulled May 2016 version of database,2013–2014 EPA metadata,DESIGN,,Numeric of 45 detailed PADUS ownership codes; may legitimately by NA if not covered by PADUS owership,,,Single metadata definition,siteinfo,1,1
1314,siteinfo_OWN_DESC,OWN_DESC,Site Information,NRSA 1314 Site Information,Land ownership protective category derived from USGS PADUS (http://gapanalysis.usgs.gov/padus/data/) - pulled May 2016 version of database,2013–2014 EPA metadata,DESIGN,,Text of 37 protective category names from PADUS; may legitimately by NA if not covered by PADUS owership,,,Single metadata definition,siteinfo,1,1
1314,siteinfo_OWN_TYPE,OWN_TYPE,Site Information,NRSA 1314 Site Information,Basic land ownership category derived from USGS PADUS (http://gapanalysis.usgs.gov/padus/data/) - pulled May 2016 version of database,2013–2014 EPA metadata,DESIGN,,Text of 9 basic ownership category names from PADUS; may legitimately by NA if not covered by PADUS owership,,,Single metadata definition,siteinfo,1,1
1314,siteinfo_OWNSHP,OWNSHP,Site Information,NRSA 1314 Site Information,Detailed land ownership category derived from USGS PADUS (http://gapanalysis.usgs.gov/padus/data/) - pulled May 2016 version of database,2013–2014 EPA metadata,DESIGN,,Text of 45 detailed ownership category names from PADUS; may legitimately by NA if not covered by PADUS owership,,,Single metadata definition,siteinfo,1,1
1314,siteinfo_PSTL_CODE,PSTL_CODE,Site Information,NRSA 1314 Site Information,State two-letter postal code,2013–2014 EPA metadata,DESIGN,,,,,Single metadata definition,siteinfo,7,1
1314,siteinfo_PUBLICATION_DATE,PUBLICATION_DATE,Site Information,NRSA 1314 Site Information,Date of data file publication,2013–2014 EPA metadata,,,,,,Single metadata definition,siteinfo,9,1
1314,siteinfo_REACHCODE,REACHCODE,Site Information,NRSA 1314 Site Information,NHD Reach code assigned,2013–2014 EPA metadata,DESIGN,,Numeric,,,Single metadata definition,siteinfo,1,1
1314,siteinfo_RT_NRSA,RT_NRSA,Site Information,NRSA 1314 Site Information,"NRSA Reference Class Assignment: R=reference, In=intermediate, Im=impacted, ?=Cannot be evaluated due to missing info",2013–2014 EPA metadata,EVAL,,R|S|T|?,,,Single metadata definition,siteinfo,2,1
1314,siteinfo_SITE_ID,SITE_ID,Site Information,NRSA 1314 Site Information,Site ID,2013–2014 EPA metadata,,,,,,Single metadata definition,siteinfo,14,1
1314,siteinfo_SITESAMP,SITESAMP,Site Information,NRSA 1314 Site Information,Site sampled (Y/N),2013–2014 EPA metadata,VERIF,,,,,Single metadata definition,siteinfo,1,1
1314,siteinfo_SITETYPE,SITETYPE,Site Information,NRSA 1314 Site Information,Site type (Probability-based or hand-picked),2013–2014 EPA metadata,DESIGN,,PROB | HAND,,,Single metadata definition,siteinfo,10,1
1314,siteinfo_SO,SO,Site Information,NRSA 1314 Site Information,NHD-Plus new Strahler order,2013–2014 EPA metadata,DESIGN,,,,,Single metadata definition,siteinfo,1,1
1314,siteinfo_SORT13_ID,SORT13_ID,Site Information,NRSA 1314 Site Information,Design sort ID of site for NRSA 2013-14 survey,2013–2014 EPA metadata,DESIGN,,,,,Single metadata definition,siteinfo,1,1
1314,siteinfo_SORT18_ID,SORT18_ID,Site Information,NRSA 1314 Site Information,Design sort ID of site for NRSA 2018-19 survey,2013–2014 EPA metadata,DESIGN,,,,,Single metadata definition,siteinfo,1,1
1314,siteinfo_SOURCE,SOURCE,Site Information,NRSA 1314 Site Information,Sample frame source,2013–2014 EPA metadata,DESIGN,,NHDPlusv2| State frame names,,,Single metadata definition,siteinfo,1,1
1314,siteinfo_STATE,STATE,Site Information,NRSA 1314 Site Information,State of site,2013–2014 EPA metadata,,,,,,Single metadata definition,siteinfo,1,1
1314,siteinfo_STATECTY,STATECTY,Site Information,NRSA 1314 Site Information,FIPS state and county code,2013–2014 EPA metadata,DESIGN,,Text - numeric with leading zero,,,Single metadata definition,siteinfo,1,1
1314,siteinfo_STATEID,STATEID,Site Information,NRSA 1314 Site Information,State Site ID,2013–2014 EPA metadata,DESIGN,,,,,Single metadata definition,siteinfo,1,1
1314,siteinfo_STRAH_CAL,STRAH_CAL,Site Information,NRSA 1314 Site Information,Strahler calculator from NHDPlusv2. Used to identify braided reaches.,2013–2014 EPA metadata,DESIGN,,Numeric: 0 to 10.,,,Single metadata definition,siteinfo,1,1
1314,siteinfo_STRAH_CAT,STRAH_CAT,Site Information,NRSA 1314 Site Information,Strahler category used to classify reaches. RiversMajor (5th and higher) RiversOther (5th and higher) LargeStreams (3rd and 4th) SmallStreams (1st and 2nd),2013–2014 EPA metadata,DESIGN,,RiversMajor | RiversOther | LargeStreams | SmallStreams,,,Single metadata definition,siteinfo,2,1
1314,siteinfo_STRAH_ORD,STRAH_ORD,Site Information,NRSA 1314 Site Information,Strahler order from NHDPlusv2,2013–2014 EPA metadata,DESIGN,,Numeric: 0 to 10.,,,Single metadata definition,siteinfo,1,1
1314,siteinfo_STUDY,STUDY,Site Information,NRSA 1314 Site Information,Study to which site belongs,2013–2014 EPA metadata,DESIGN,,ALASKA|HAWAII|MSQA|BLM|CALAPOOIA|NRSA|WISCONSIN,,,Single metadata definition,siteinfo,1,1
1314,siteinfo_UID,UID,Site Information,NRSA 1314 Site Information,Unique site visit ID,2013–2014 EPA metadata,,,,,,Single metadata definition,siteinfo,15,1
1314,siteinfo_US_L3CODE,US_L3CODE,Site Information,NRSA 1314 Site Information,Omernik Level III ecoregion code,2013–2014 EPA metadata,DESIGN,,Numeric 1 to 85,,,Single metadata definition,siteinfo,1,1
1314,siteinfo_US_L3NAME,US_L3NAME,Site Information,NRSA 1314 Site Information,Omernik Level III ecoregion name,2013–2014 EPA metadata,DESIGN,,Text name,,,Single metadata definition,siteinfo,1,1
1314,siteinfo_US_L4CODE,US_L4CODE,Site Information,NRSA 1314 Site Information,Omernik Level IV ecoregion code,2013–2014 EPA metadata,DESIGN,,Level three codes plus aphabetic ending identifying level 4 subregion,,,Single metadata definition,siteinfo,1,1
1314,siteinfo_US_L4NAME,US_L4NAME,Site Information,NRSA 1314 Site Information,Omernik Level IV ecoregion name,2013–2014 EPA metadata,DESIGN,,Text name,,,Single metadata definition,siteinfo,1,1
1314,siteinfo_VISIT_NO,VISIT_NO,Site Information,NRSA 1314 Site Information,Number identifying which visit this is,2013–2014 EPA metadata,,,,,,Single metadata definition,siteinfo,14,1
1314,siteinfo_WGT_EXT_SP,WGT_EXT_SP,Site Information,NRSA 1314 Site Information,Length of sampled streams represented by site in km,2013–2014 EPA metadata,DESIGN,,,,,Single metadata definition,siteinfo,2,1
1314,siteinfo_XCOORD,XCOORD,Site Information,NRSA 1314 Site Information,x-coordinate from US Contiguous Albers Equal Area Conic projection EXCEPT Hawaii sites which are calculated from Hawaii Albers Equal Area Conic projection,2013–2014 EPA metadata,DESIGN,,Numeric,,,Single metadata definition,siteinfo,2,1
1314,siteinfo_YCOORD,YCOORD,Site Information,NRSA 1314 Site Information,y-coordinate from US Contiguous Albers Equal Area Conic projection EXCEPT Hawaii sites which are calculated from Hawaii Albers Equal Area Conic projection,2013–2014 EPA metadata,DESIGN,,Numeric,,,Single metadata definition,siteinfo,2,1
1314,waterchem_AMMONIA_N_DATE_ANALYZED,AMMONIA_N_DATE_ANALYZED,Water Chemistry,NRSA 1314 Water Chemistry,Ammonia as N for NA,2013–2014 EPA metadata,CHEM,,,,,Single metadata definition,waterchem,1,1
1314,waterchem_AMMONIA_N_DATE_FILTERED,AMMONIA_N_DATE_FILTERED,Water Chemistry,NRSA 1314 Water Chemistry,Ammonia as N for NA,2013–2014 EPA metadata,CHEM,,,,,Single metadata definition,waterchem,1,1
1314,waterchem_AMMONIA_N_DATE_PROCESSED,AMMONIA_N_DATE_PROCESSED,Water Chemistry,NRSA 1314 Water Chemistry,Ammonia as N for NA,2013–2014 EPA metadata,CHEM,,,,,Single metadata definition,waterchem,1,1
1314,waterchem_AMMONIA_N_DATE_RECEIVED,AMMONIA_N_DATE_RECEIVED,Water Chemistry,NRSA 1314 Water Chemistry,Ammonia as N for NA,2013–2014 EPA metadata,CHEM,,,,,Single metadata definition,waterchem,1,1
1314,waterchem_AMMONIA_N_HOLDING_TIME,AMMONIA_N_HOLDING_TIME,Water Chemistry,NRSA 1314 Water Chemistry,Ammonia as N for NA,2013–2014 EPA metadata,CHEM,,,,,Single metadata definition,waterchem,1,1
1314,waterchem_AMMONIA_N_LAB_SAMPLE_ID,AMMONIA_N_LAB_SAMPLE_ID,Water Chemistry,NRSA 1314 Water Chemistry,Ammonia as N for NA,2013–2014 EPA metadata,CHEM,,,,,Single metadata definition,waterchem,1,1
1314,waterchem_AMMONIA_N_MDL,AMMONIA_N_MDL,Water Chemistry,NRSA 1314 Water Chemistry,Ammonia as N for NA,2013–2014 EPA metadata,CHEM,,,,,Single metadata definition,waterchem,1,1
1314,waterchem_AMMONIA_N_NARS_FLAG,AMMONIA_N_NARS_FLAG,Water Chemistry,NRSA 1314 Water Chemistry,Ammonia as N for NA,2013–2014 EPA metadata,CHEM,,,,,Single metadata definition,waterchem,1,1
1314,waterchem_AMMONIA_N_QA_FLAG,AMMONIA_N_QA_FLAG,Water Chemistry,NRSA 1314 Water Chemistry,Ammonia as N for NA,2013–2014 EPA metadata,CHEM,,,,,Single metadata definition,waterchem,1,1
1314,waterchem_AMMONIA_N_RESULT,AMMONIA_N_RESULT,Water Chemistry,NRSA 1314 Water Chemistry,Ammonia as N for NA,2013–2014 EPA metadata,CHEM,,,,,Single metadata definition,waterchem,1,1
1314,waterchem_AMMONIA_N_RL,AMMONIA_N_RL,Water Chemistry,NRSA 1314 Water Chemistry,Ammonia as N for NA,2013–2014 EPA metadata,CHEM,,,,,Single metadata definition,waterchem,1,1
1314,waterchem_AMMONIA_N_SAMPLE_ID,AMMONIA_N_SAMPLE_ID,Water Chemistry,NRSA 1314 Water Chemistry,Ammonia as N for NA,2013–2014 EPA metadata,CHEM,,,,,Single metadata definition,waterchem,1,1
1314,waterchem_AMMONIA_N_SHIP_FLAG,AMMONIA_N_SHIP_FLAG,Water Chemistry,NRSA 1314 Water Chemistry,Ammonia as N for NA,2013–2014 EPA metadata,CHEM,,,,,Single metadata definition,waterchem,1,1
1314,waterchem_ANC_DATE_ANALYZED,ANC_DATE_ANALYZED,Water Chemistry,NRSA 1314 Water Chemistry,Acid Neutralizing Capacity - UEQ/L for NA,2013–2014 EPA metadata,CHEM,,,,,Single metadata definition,waterchem,1,1
1314,waterchem_ANC_DATE_FILTERED,ANC_DATE_FILTERED,Water Chemistry,NRSA 1314 Water Chemistry,Acid Neutralizing Capacity - UEQ/L for NA,2013–2014 EPA metadata,CHEM,,,,,Single metadata definition,waterchem,1,1
1314,waterchem_ANC_DATE_PROCESSED,ANC_DATE_PROCESSED,Water Chemistry,NRSA 1314 Water Chemistry,Acid Neutralizing Capacity - UEQ/L for NA,2013–2014 EPA metadata,CHEM,,,,,Single metadata definition,waterchem,1,1
1314,waterchem_ANC_DATE_RECEIVED,ANC_DATE_RECEIVED,Water Chemistry,NRSA 1314 Water Chemistry,Acid Neutralizing Capacity - UEQ/L for NA,2013–2014 EPA metadata,CHEM,,,,,Single metadata definition,waterchem,1,1
1314,waterchem_ANC_HOLDING_TIME,ANC_HOLDING_TIME,Water Chemistry,NRSA 1314 Water Chemistry,Acid Neutralizing Capacity - UEQ/L for NA,2013–2014 EPA metadata,CHEM,,,,,Single metadata definition,waterchem,1,1
1314,waterchem_ANC_LAB_SAMPLE_ID,ANC_LAB_SAMPLE_ID,Water Chemistry,NRSA 1314 Water Chemistry,Acid Neutralizing Capacity - UEQ/L for NA,2013–2014 EPA metadata,CHEM,,,,,Single metadata definition,waterchem,1,1
1314,waterchem_ANC_MDL,ANC_MDL,Water Chemistry,NRSA 1314 Water Chemistry,Acid Neutralizing Capacity - UEQ/L for NA,2013–2014 EPA metadata,CHEM,,,,,Single metadata definition,waterchem,1,1
1314,waterchem_ANC_NARS_FLAG,ANC_NARS_FLAG,Water Chemistry,NRSA 1314 Water Chemistry,Acid Neutralizing Capacity - UEQ/L for NA,2013–2014 EPA metadata,CHEM,,,,,Single metadata definition,waterchem,1,1
1314,waterchem_ANC_QA_FLAG,ANC_QA_FLAG,Water Chemistry,NRSA 1314 Water Chemistry,Acid Neutralizing Capacity - UEQ/L for NA,2013–2014 EPA metadata,CHEM,,,,,Single metadata definition,waterchem,1,1
1314,waterchem_ANC_RESULT,ANC_RESULT,Water Chemistry,NRSA 1314 Water Chemistry,Acid Neutralizing Capacity - UEQ/L for NA,2013–2014 EPA metadata,CHEM,,,,,Single metadata definition,waterchem,1,1
1314,waterchem_ANC_RL,ANC_RL,Water Chemistry,NRSA 1314 Water Chemistry,Acid Neutralizing Capacity - UEQ/L for NA,2013–2014 EPA metadata,CHEM,,,,,Single metadata definition,waterchem,1,1
1314,waterchem_ANC_SAMPLE_ID,ANC_SAMPLE_ID,Water Chemistry,NRSA 1314 Water Chemistry,Acid Neutralizing Capacity - UEQ/L for NA,2013–2014 EPA metadata,CHEM,,,,,Single metadata definition,waterchem,1,1
1314,waterchem_ANC_SHIP_FLAG,ANC_SHIP_FLAG,Water Chemistry,NRSA 1314 Water Chemistry,Acid Neutralizing Capacity - UEQ/L for NA,2013–2014 EPA metadata,CHEM,,,,,Single metadata definition,waterchem,1,1
1314,waterchem_CALCIUM_DATE_ANALYZED,CALCIUM_DATE_ANALYZED,Water Chemistry,NRSA 1314 Water Chemistry,Calcium for NA,2013–2014 EPA metadata,CHEM,,,,,Single metadata definition,waterchem,1,1
1314,waterchem_CALCIUM_DATE_FILTERED,CALCIUM_DATE_FILTERED,Water Chemistry,NRSA 1314 Water Chemistry,Calcium for NA,2013–2014 EPA metadata,CHEM,,,,,Single metadata definition,waterchem,1,1
1314,waterchem_CALCIUM_DATE_PROCESSED,CALCIUM_DATE_PROCESSED,Water Chemistry,NRSA 1314 Water Chemistry,Calcium for NA,2013–2014 EPA metadata,CHEM,,,,,Single metadata definition,waterchem,1,1
1314,waterchem_CALCIUM_DATE_RECEIVED,CALCIUM_DATE_RECEIVED,Water Chemistry,NRSA 1314 Water Chemistry,Calcium for NA,2013–2014 EPA metadata,CHEM,,,,,Single metadata definition,waterchem,1,1
1314,waterchem_CALCIUM_HOLDING_TIME,CALCIUM_HOLDING_TIME,Water Chemistry,NRSA 1314 Water Chemistry,Calcium for NA,2013–2014 EPA metadata,CHEM,,,,,Single metadata definition,waterchem,1,1
1314,waterchem_CALCIUM_LAB_SAMPLE_ID,CALCIUM_LAB_SAMPLE_ID,Water Chemistry,NRSA 1314 Water Chemistry,Calcium for NA,2013–2014 EPA metadata,CHEM,,,,,Single metadata definition,waterchem,1,1
1314,waterchem_CALCIUM_MDL,CALCIUM_MDL,Water Chemistry,NRSA 1314 Water Chemistry,Calcium for NA,2013–2014 EPA metadata,CHEM,,,,,Single metadata definition,waterchem,1,1
1314,waterchem_CALCIUM_NARS_FLAG,CALCIUM_NARS_FLAG,Water Chemistry,NRSA 1314 Water Chemistry,Calcium for NA,2013–2014 EPA metadata,CHEM,,,,,Single metadata definition,waterchem,1,1
1314,waterchem_CALCIUM_QA_FLAG,CALCIUM_QA_FLAG,Water Chemistry,NRSA 1314 Water Chemistry,Calcium for NA,2013–2014 EPA metadata,CHEM,,,,,Single metadata definition,waterchem,1,1
1314,waterchem_CALCIUM_RESULT,CALCIUM_RESULT,Water Chemistry,NRSA 1314 Water Chemistry,Calcium for NA,2013–2014 EPA metadata,CHEM,,,,,Single metadata definition,waterchem,1,1
1314,waterchem_CALCIUM_RL,CALCIUM_RL,Water Chemistry,NRSA 1314 Water Chemistry,Calcium for NA,2013–2014 EPA metadata,CHEM,,,,,Single metadata definition,waterchem,1,1
1314,waterchem_CALCIUM_SAMPLE_ID,CALCIUM_SAMPLE_ID,Water Chemistry,NRSA 1314 Water Chemistry,Calcium for NA,2013–2014 EPA metadata,CHEM,,,,,Single metadata definition,waterchem,1,1
1314,waterchem_CALCIUM_SHIP_FLAG,CALCIUM_SHIP_FLAG,Water Chemistry,NRSA 1314 Water Chemistry,Calcium for NA,2013–2014 EPA metadata,CHEM,,,,,Single metadata definition,waterchem,1,1
1314,waterchem_CHLORIDE_DATE_ANALYZED,CHLORIDE_DATE_ANALYZED,Water Chemistry,NRSA 1314 Water Chemistry,Chloride ion for NA,2013–2014 EPA metadata,CHEM,,,,,Single metadata definition,waterchem,1,1
1314,waterchem_CHLORIDE_DATE_FILTERED,CHLORIDE_DATE_FILTERED,Water Chemistry,NRSA 1314 Water Chemistry,Chloride ion for NA,2013–2014 EPA metadata,CHEM,,,,,Single metadata definition,waterchem,1,1
1314,waterchem_CHLORIDE_DATE_PROCESSED,CHLORIDE_DATE_PROCESSED,Water Chemistry,NRSA 1314 Water Chemistry,Chloride ion for NA,2013–2014 EPA metadata,CHEM,,,,,Single metadata definition,waterchem,1,1
1314,waterchem_CHLORIDE_DATE_RECEIVED,CHLORIDE_DATE_RECEIVED,Water Chemistry,NRSA 1314 Water Chemistry,Chloride ion for NA,2013–2014 EPA metadata,CHEM,,,,,Single metadata definition,waterchem,1,1
1314,waterchem_CHLORIDE_HOLDING_TIME,CHLORIDE_HOLDING_TIME,Water Chemistry,NRSA 1314 Water Chemistry,Chloride ion for NA,2013–2014 EPA metadata,CHEM,,,,,Single metadata definition,waterchem,1,1
1314,waterchem_CHLORIDE_LAB_SAMPLE_ID,CHLORIDE_LAB_SAMPLE_ID,Water Chemistry,NRSA 1314 Water Chemistry,Chloride ion for NA,2013–2014 EPA metadata,CHEM,,,,,Single metadata definition,waterchem,1,1
1314,waterchem_CHLORIDE_LRL,CHLORIDE_LRL,Water Chemistry,NRSA 1314 Water Chemistry,Chloride ion for NA,2013–2014 EPA metadata,CHEM,,,,,Single metadata definition,waterchem,1,1
1314,waterchem_CHLORIDE_MDL,CHLORIDE_MDL,Water Chemistry,NRSA 1314 Water Chemistry,Chloride ion for NA,2013–2014 EPA metadata,CHEM,,,,,Single metadata definition,waterchem,1,1
1314,waterchem_CHLORIDE_NARS_FLAG,CHLORIDE_NARS_FLAG,Water Chemistry,NRSA 1314 Water Chemistry,Chloride ion for NA,2013–2014 EPA metadata,CHEM,,,,,Single metadata definition,waterchem,1,1
1314,waterchem_CHLORIDE_QA_FLAG,CHLORIDE_QA_FLAG,Water Chemistry,NRSA 1314 Water Chemistry,Chloride ion for NA,2013–2014 EPA metadata,CHEM,,,,,Single metadata definition,waterchem,1,1
1314,waterchem_CHLORIDE_RESULT,CHLORIDE_RESULT,Water Chemistry,NRSA 1314 Water Chemistry,Chloride ion for NA,2013–2014 EPA metadata,CHEM,,,,,Single metadata definition,waterchem,1,1
1314,waterchem_CHLORIDE_RL,CHLORIDE_RL,Water Chemistry,NRSA 1314 Water Chemistry,Chloride ion for NA,2013–2014 EPA metadata,CHEM,,,,,Single metadata definition,waterchem,1,1
1314,waterchem_CHLORIDE_SAMPLE_ID,CHLORIDE_SAMPLE_ID,Water Chemistry,NRSA 1314 Water Chemistry,Chloride ion for NA,2013–2014 EPA metadata,CHEM,,,,,Single metadata definition,waterchem,1,1
1314,waterchem_CHLORIDE_SHIP_FLAG,CHLORIDE_SHIP_FLAG,Water Chemistry,NRSA 1314 Water Chemistry,Chloride ion for NA,2013–2014 EPA metadata,CHEM,,,,,Single metadata definition,waterchem,1,1
1314,waterchem_COLOR_DATE_ANALYZED,COLOR_DATE_ANALYZED,Water Chemistry,NRSA 1314 Water Chemistry,Color for NA,2013–2014 EPA metadata,CHEM,,,,,Single metadata definition,waterchem,1,1
1314,waterchem_COLOR_DATE_FILTERED,COLOR_DATE_FILTERED,Water Chemistry,NRSA 1314 Water Chemistry,Color for NA,2013–2014 EPA metadata,CHEM,,,,,Single metadata definition,waterchem,1,1
1314,waterchem_COLOR_DATE_PROCESSED,COLOR_DATE_PROCESSED,Water Chemistry,NRSA 1314 Water Chemistry,Color for NA,2013–2014 EPA metadata,CHEM,,,,,Single metadata definition,waterchem,1,1
1314,waterchem_COLOR_DATE_RECEIVED,COLOR_DATE_RECEIVED,Water Chemistry,NRSA 1314 Water Chemistry,Color for NA,2013–2014 EPA metadata,CHEM,,,,,Single metadata definition,waterchem,1,1
1314,waterchem_COLOR_HOLDING_TIME,COLOR_HOLDING_TIME,Water Chemistry,NRSA 1314 Water Chemistry,Color for NA,2013–2014 EPA metadata,CHEM,,,,,Single metadata definition,waterchem,1,1
1314,waterchem_COLOR_LAB_SAMPLE_ID,COLOR_LAB_SAMPLE_ID,Water Chemistry,NRSA 1314 Water Chemistry,Color for NA,2013–2014 EPA metadata,CHEM,,,,,Single metadata definition,waterchem,1,1
1314,waterchem_COLOR_MDL,COLOR_MDL,Water Chemistry,NRSA 1314 Water Chemistry,Color for NA,2013–2014 EPA metadata,CHEM,,,,,Single metadata definition,waterchem,1,1
1314,waterchem_COLOR_NARS_FLAG,COLOR_NARS_FLAG,Water Chemistry,NRSA 1314 Water Chemistry,Color for NA,2013–2014 EPA metadata,CHEM,,,,,Single metadata definition,waterchem,1,1
1314,waterchem_COLOR_QA_FLAG,COLOR_QA_FLAG,Water Chemistry,NRSA 1314 Water Chemistry,Color for NA,2013–2014 EPA metadata,CHEM,,,,,Single metadata definition,waterchem,1,1
1314,waterchem_COLOR_RESULT,COLOR_RESULT,Water Chemistry,NRSA 1314 Water Chemistry,Color for NA,2013–2014 EPA metadata,CHEM,,,,,Single metadata definition,waterchem,1,1
1314,waterchem_COLOR_RL,COLOR_RL,Water Chemistry,NRSA 1314 Water Chemistry,Color for NA,2013–2014 EPA metadata,CHEM,,,,,Single metadata definition,waterchem,1,1
1314,waterchem_COLOR_SAMPLE_ID,COLOR_SAMPLE_ID,Water Chemistry,NRSA 1314 Water Chemistry,Color for NA,2013–2014 EPA metadata,CHEM,,,,,Single metadata definition,waterchem,1,1
1314,waterchem_COLOR_SHIP_FLAG,COLOR_SHIP_FLAG,Water Chemistry,NRSA 1314 Water Chemistry,Color for NA,2013–2014 EPA metadata,CHEM,,,,,Single metadata definition,waterchem,1,1
1314,waterchem_COND_DATE_ANALYZED,COND_DATE_ANALYZED,Water Chemistry,NRSA 1314 Water Chemistry,Conductivity for NA,2013–2014 EPA metadata,CHEM,,,,,Single metadata definition,waterchem,1,1
1314,waterchem_COND_DATE_FILTERED,COND_DATE_FILTERED,Water Chemistry,NRSA 1314 Water Chemistry,Conductivity for NA,2013–2014 EPA metadata,CHEM,,,,,Single metadata definition,waterchem,1,1
1314,waterchem_COND_DATE_PROCESSED,COND_DATE_PROCESSED,Water Chemistry,NRSA 1314 Water Chemistry,Conductivity for NA,2013–2014 EPA metadata,CHEM,,,,,Single metadata definition,waterchem,1,1
1314,waterchem_COND_DATE_RECEIVED,COND_DATE_RECEIVED,Water Chemistry,NRSA 1314 Water Chemistry,Conductivity for NA,2013–2014 EPA metadata,CHEM,,,,,Single metadata definition,waterchem,1,1
1314,waterchem_COND_HOLDING_TIME,COND_HOLDING_TIME,Water Chemistry,NRSA 1314 Water Chemistry,Conductivity for NA,2013–2014 EPA metadata,CHEM,,,,,Single metadata definition,waterchem,1,1
1314,waterchem_COND_LAB_SAMPLE_ID,COND_LAB_SAMPLE_ID,Water Chemistry,NRSA 1314 Water Chemistry,Conductivity for NA,2013–2014 EPA metadata,CHEM,,,,,Single metadata definition,waterchem,1,1
1314,waterchem_COND_MDL,COND_MDL,Water Chemistry,NRSA 1314 Water Chemistry,Conductivity for NA,2013–2014 EPA metadata,CHEM,,,,,Single metadata definition,waterchem,1,1
1314,waterchem_COND_NARS_FLAG,COND_NARS_FLAG,Water Chemistry,NRSA 1314 Water Chemistry,Conductivity for NA,2013–2014 EPA metadata,CHEM,,,,,Single metadata definition,waterchem,1,1
1314,waterchem_COND_QA_FLAG,COND_QA_FLAG,Water Chemistry,NRSA 1314 Water Chemistry,Conductivity for NA,2013–2014 EPA metadata,CHEM,,,,,Single metadata definition,waterchem,1,1
1314,waterchem_COND_RESULT,COND_RESULT,Water Chemistry,NRSA 1314 Water Chemistry,Conductivity for NA,2013–2014 EPA metadata,CHEM,,,,,Single metadata definition,waterchem,1,1
1314,waterchem_COND_RL,COND_RL,Water Chemistry,NRSA 1314 Water Chemistry,Conductivity for NA,2013–2014 EPA metadata,CHEM,,,,,Single metadata definition,waterchem,1,1
1314,waterchem_COND_SAMPLE_ID,COND_SAMPLE_ID,Water Chemistry,NRSA 1314 Water Chemistry,Conductivity for NA,2013–2014 EPA metadata,CHEM,,,,,Single metadata definition,waterchem,1,1
1314,waterchem_COND_SHIP_FLAG,COND_SHIP_FLAG,Water Chemistry,NRSA 1314 Water Chemistry,Conductivity for NA,2013–2014 EPA metadata,CHEM,,,,,Single metadata definition,waterchem,1,1
1314,waterchem_DOC_DATE_ANALYZED,DOC_DATE_ANALYZED,Water Chemistry,NRSA 1314 Water Chemistry,Dissolved Organic Carbon for NA,2013–2014 EPA metadata,CHEM,,,,,Single metadata definition,waterchem,1,1
1314,waterchem_DOC_DATE_FILTERED,DOC_DATE_FILTERED,Water Chemistry,NRSA 1314 Water Chemistry,Dissolved Organic Carbon for NA,2013–2014 EPA metadata,CHEM,,,,,Single metadata definition,waterchem,1,1
1314,waterchem_DOC_DATE_PROCESSED,DOC_DATE_PROCESSED,Water Chemistry,NRSA 1314 Water Chemistry,Dissolved Organic Carbon for NA,2013–2014 EPA metadata,CHEM,,,,,Single metadata definition,waterchem,1,1
1314,waterchem_DOC_DATE_RECEIVED,DOC_DATE_RECEIVED,Water Chemistry,NRSA 1314 Water Chemistry,Dissolved Organic Carbon for NA,2013–2014 EPA metadata,CHEM,,,,,Single metadata definition,waterchem,1,1
1314,waterchem_DOC_HOLDING_TIME,DOC_HOLDING_TIME,Water Chemistry,NRSA 1314 Water Chemistry,Dissolved Organic Carbon for NA,2013–2014 EPA metadata,CHEM,,,,,Single metadata definition,waterchem,1,1
1314,waterchem_DOC_LAB_SAMPLE_ID,DOC_LAB_SAMPLE_ID,Water Chemistry,NRSA 1314 Water Chemistry,Dissolved Organic Carbon for NA,2013–2014 EPA metadata,CHEM,,,,,Single metadata definition,waterchem,1,1
1314,waterchem_DOC_LRL,DOC_LRL,Water Chemistry,NRSA 1314 Water Chemistry,Dissolved Organic Carbon for NA,2013–2014 EPA metadata,CHEM,,,,,Single metadata definition,waterchem,1,1
1314,waterchem_DOC_MDL,DOC_MDL,Water Chemistry,NRSA 1314 Water Chemistry,Dissolved Organic Carbon for NA,2013–2014 EPA metadata,CHEM,,,,,Single metadata definition,waterchem,1,1
1314,waterchem_DOC_NARS_FLAG,DOC_NARS_FLAG,Water Chemistry,NRSA 1314 Water Chemistry,Dissolved Organic Carbon for NA,2013–2014 EPA metadata,CHEM,,,,,Single metadata definition,waterchem,1,1
1314,waterchem_DOC_QA_FLAG,DOC_QA_FLAG,Water Chemistry,NRSA 1314 Water Chemistry,Dissolved Organic Carbon for NA,2013–2014 EPA metadata,CHEM,,,,,Single metadata definition,waterchem,1,1
1314,waterchem_DOC_RESULT,DOC_RESULT,Water Chemistry,NRSA 1314 Water Chemistry,Dissolved Organic Carbon for NA,2013–2014 EPA metadata,CHEM,,,,,Single metadata definition,waterchem,1,1
1314,waterchem_DOC_RL,DOC_RL,Water Chemistry,NRSA 1314 Water Chemistry,Dissolved Organic Carbon for NA,2013–2014 EPA metadata,CHEM,,,,,Single metadata definition,waterchem,1,1
1314,waterchem_DOC_SAMPLE_ID,DOC_SAMPLE_ID,Water Chemistry,NRSA 1314 Water Chemistry,Dissolved Organic Carbon for NA,2013–2014 EPA metadata,CHEM,,,,,Single metadata definition,waterchem,1,1
1314,waterchem_DOC_SHIP_FLAG,DOC_SHIP_FLAG,Water Chemistry,NRSA 1314 Water Chemistry,Dissolved Organic Carbon for NA,2013–2014 EPA metadata,CHEM,,,,,Single metadata definition,waterchem,1,1
1314,waterchem_MAGNESIUM_DATE_ANALYZED,MAGNESIUM_DATE_ANALYZED,Water Chemistry,NRSA 1314 Water Chemistry,Magnesium for NA,2013–2014 EPA metadata,CHEM,,,,,Single metadata definition,waterchem,1,1
1314,waterchem_MAGNESIUM_DATE_FILTERED,MAGNESIUM_DATE_FILTERED,Water Chemistry,NRSA 1314 Water Chemistry,Magnesium for NA,2013–2014 EPA metadata,CHEM,,,,,Single metadata definition,waterchem,1,1
1314,waterchem_MAGNESIUM_DATE_PROCESSED,MAGNESIUM_DATE_PROCESSED,Water Chemistry,NRSA 1314 Water Chemistry,Magnesium for NA,2013–2014 EPA metadata,CHEM,,,,,Single metadata definition,waterchem,1,1
1314,waterchem_MAGNESIUM_DATE_RECEIVED,MAGNESIUM_DATE_RECEIVED,Water Chemistry,NRSA 1314 Water Chemistry,Magnesium for NA,2013–2014 EPA metadata,CHEM,,,,,Single metadata definition,waterchem,1,1
1314,waterchem_MAGNESIUM_HOLDING_TIME,MAGNESIUM_HOLDING_TIME,Water Chemistry,NRSA 1314 Water Chemistry,Magnesium for NA,2013–2014 EPA metadata,CHEM,,,,,Single metadata definition,waterchem,1,1
1314,waterchem_MAGNESIUM_LAB_SAMPLE_ID,MAGNESIUM_LAB_SAMPLE_ID,Water Chemistry,NRSA 1314 Water Chemistry,Magnesium for NA,2013–2014 EPA metadata,CHEM,,,,,Single metadata definition,waterchem,1,1
1314,waterchem_MAGNESIUM_MDL,MAGNESIUM_MDL,Water Chemistry,NRSA 1314 Water Chemistry,Magnesium for NA,2013–2014 EPA metadata,CHEM,,,,,Single metadata definition,waterchem,1,1
1314,waterchem_MAGNESIUM_NARS_FLAG,MAGNESIUM_NARS_FLAG,Water Chemistry,NRSA 1314 Water Chemistry,Magnesium for NA,2013–2014 EPA metadata,CHEM,,,,,Single metadata definition,waterchem,1,1
1314,waterchem_MAGNESIUM_QA_FLAG,MAGNESIUM_QA_FLAG,Water Chemistry,NRSA 1314 Water Chemistry,Magnesium for NA,2013–2014 EPA metadata,CHEM,,,,,Single metadata definition,waterchem,1,1
1314,waterchem_MAGNESIUM_RESULT,MAGNESIUM_RESULT,Water Chemistry,NRSA 1314 Water Chemistry,Magnesium for NA,2013–2014 EPA metadata,CHEM,,,,,Single metadata definition,waterchem,1,1
1314,waterchem_MAGNESIUM_RL,MAGNESIUM_RL,Water Chemistry,NRSA 1314 Water Chemistry,Magnesium for NA,2013–2014 EPA metadata,CHEM,,,,,Single metadata definition,waterchem,1,1
1314,waterchem_MAGNESIUM_SAMPLE_ID,MAGNESIUM_SAMPLE_ID,Water Chemistry,NRSA 1314 Water Chemistry,Magnesium for NA,2013–2014 EPA metadata,CHEM,,,,,Single metadata definition,waterchem,1,1
1314,waterchem_MAGNESIUM_SHIP_FLAG,MAGNESIUM_SHIP_FLAG,Water Chemistry,NRSA 1314 Water Chemistry,Magnesium for NA,2013–2014 EPA metadata,CHEM,,,,,Single metadata definition,waterchem,1,1
1314,waterchem_NITRATE_N_DATE_ANALYZED,NITRATE_N_DATE_ANALYZED,Water Chemistry,NRSA 1314 Water Chemistry,Nitrate as N for NA,2013–2014 EPA metadata,CHEM,,,,,Single metadata definition,waterchem,1,1
1314,waterchem_NITRATE_N_DATE_FILTERED,NITRATE_N_DATE_FILTERED,Water Chemistry,NRSA 1314 Water Chemistry,Nitrate as N for NA,2013–2014 EPA metadata,CHEM,,,,,Single metadata definition,waterchem,1,1
1314,waterchem_NITRATE_N_DATE_PROCESSED,NITRATE_N_DATE_PROCESSED,Water Chemistry,NRSA 1314 Water Chemistry,Nitrate as N for NA,2013–2014 EPA metadata,CHEM,,,,,Single metadata definition,waterchem,1,1
1314,waterchem_NITRATE_N_DATE_RECEIVED,NITRATE_N_DATE_RECEIVED,Water Chemistry,NRSA 1314 Water Chemistry,Nitrate as N for NA,2013–2014 EPA metadata,CHEM,,,,,Single metadata definition,waterchem,1,1
1314,waterchem_NITRATE_N_HOLDING_TIME,NITRATE_N_HOLDING_TIME,Water Chemistry,NRSA 1314 Water Chemistry,Nitrate as N for NA,2013–2014 EPA metadata,CHEM,,,,,Single metadata definition,waterchem,1,1
1314,waterchem_NITRATE_N_LAB_SAMPLE_ID,NITRATE_N_LAB_SAMPLE_ID,Water Chemistry,NRSA 1314 Water Chemistry,Nitrate as N for NA,2013–2014 EPA metadata,CHEM,,,,,Single metadata definition,waterchem,1,1
1314,waterchem_NITRATE_N_LRL,NITRATE_N_LRL,Water Chemistry,NRSA 1314 Water Chemistry,Nitrate as N for NA,2013–2014 EPA metadata,CHEM,,,,,Single metadata definition,waterchem,1,1
1314,waterchem_NITRATE_N_MDL,NITRATE_N_MDL,Water Chemistry,NRSA 1314 Water Chemistry,Nitrate as N for NA,2013–2014 EPA metadata,CHEM,,,,,Single metadata definition,waterchem,1,1
1314,waterchem_NITRATE_N_NARS_FLAG,NITRATE_N_NARS_FLAG,Water Chemistry,NRSA 1314 Water Chemistry,Nitrate as N for NA,2013–2014 EPA metadata,CHEM,,,,,Single metadata definition,waterchem,1,1
1314,waterchem_NITRATE_N_QA_FLAG,NITRATE_N_QA_FLAG,Water Chemistry,NRSA 1314 Water Chemistry,Nitrate as N for NA,2013–2014 EPA metadata,CHEM,,,,,Single metadata definition,waterchem,1,1
1314,waterchem_NITRATE_N_RESULT,NITRATE_N_RESULT,Water Chemistry,NRSA 1314 Water Chemistry,Nitrate as N for NA,2013–2014 EPA metadata,CHEM,,,,,Single metadata definition,waterchem,1,1
1314,waterchem_NITRATE_N_RL,NITRATE_N_RL,Water Chemistry,NRSA 1314 Water Chemistry,Nitrate as N for NA,2013–2014 EPA metadata,CHEM,,,,,Single metadata definition,waterchem,1,1
1314,waterchem_NITRATE_N_SAMPLE_ID,NITRATE_N_SAMPLE_ID,Water Chemistry,NRSA 1314 Water Chemistry,Nitrate as N for NA,2013–2014 EPA metadata,CHEM,,,,,Single metadata definition,waterchem,1,1
1314,waterchem_NITRATE_N_SHIP_FLAG,NITRATE_N_SHIP_FLAG,Water Chemistry,NRSA 1314 Water Chemistry,Nitrate as N for NA,2013–2014 EPA metadata,CHEM,,,,,Single metadata definition,waterchem,1,1
1314,waterchem_NITRATE_NITRITE_N_DATE_ANALYZED,NITRATE_NITRITE_N_DATE_ANALYZED,Water Chemistry,NRSA 1314 Water Chemistry,Nitrate + Nitrite as N for NA,2013–2014 EPA metadata,CHEM,,,,,Single metadata definition,waterchem,1,1
1314,waterchem_NITRATE_NITRITE_N_DATE_FILTERED,NITRATE_NITRITE_N_DATE_FILTERED,Water Chemistry,NRSA 1314 Water Chemistry,Nitrate + Nitrite as N for NA,2013–2014 EPA metadata,CHEM,,,,,Single metadata definition,waterchem,1,1
1314,waterchem_NITRATE_NITRITE_N_DATE_PROCESSED,NITRATE_NITRITE_N_DATE_PROCESSED,Water Chemistry,NRSA 1314 Water Chemistry,Nitrate + Nitrite as N for NA,2013–2014 EPA metadata,CHEM,,,,,Single metadata definition,waterchem,1,1
1314,waterchem_NITRATE_NITRITE_N_DATE_RECEIVED,NITRATE_NITRITE_N_DATE_RECEIVED,Water Chemistry,NRSA 1314 Water Chemistry,Nitrate + Nitrite as N for NA,2013–2014 EPA metadata,CHEM,,,,,Single metadata definition,waterchem,1,1
1314,waterchem_NITRATE_NITRITE_N_HOLDING_TIME,NITRATE_NITRITE_N_HOLDING_TIME,Water Chemistry,NRSA 1314 Water Chemistry,Nitrate + Nitrite as N for NA,2013–2014 EPA metadata,CHEM,,,,,Single metadata definition,waterchem,1,1
1314,waterchem_NITRATE_NITRITE_N_LAB_SAMPLE_ID,NITRATE_NITRITE_N_LAB_SAMPLE_ID,Water Chemistry,NRSA 1314 Water Chemistry,Nitrate + Nitrite as N for NA,2013–2014 EPA metadata,CHEM,,,,,Single metadata definition,waterchem,1,1
1314,waterchem_NITRATE_NITRITE_N_MDL,NITRATE_NITRITE_N_MDL,Water Chemistry,NRSA 1314 Water Chemistry,Nitrate + Nitrite as N for NA,2013–2014 EPA metadata,CHEM,,,,,Single metadata definition,waterchem,1,1
1314,waterchem_NITRATE_NITRITE_N_NARS_FLAG,NITRATE_NITRITE_N_NARS_FLAG,Water Chemistry,NRSA 1314 Water Chemistry,Nitrate + Nitrite as N for NA,2013–2014 EPA metadata,CHEM,,,,,Single metadata definition,waterchem,1,1
1314,waterchem_NITRATE_NITRITE_N_QA_FLAG,NITRATE_NITRITE_N_QA_FLAG,Water Chemistry,NRSA 1314 Water Chemistry,Nitrate + Nitrite as N for NA,2013–2014 EPA metadata,CHEM,,,,,Single metadata definition,waterchem,1,1
1314,waterchem_NITRATE_NITRITE_N_RESULT,NITRATE_NITRITE_N_RESULT,Water Chemistry,NRSA 1314 Water Chemistry,Nitrate + Nitrite as N for NA,2013–2014 EPA metadata,CHEM,,,,,Single metadata definition,waterchem,1,1
1314,waterchem_NITRATE_NITRITE_N_RL,NITRATE_NITRITE_N_RL,Water Chemistry,NRSA 1314 Water Chemistry,Nitrate + Nitrite as N for NA,2013–2014 EPA metadata,CHEM,,,,,Single metadata definition,waterchem,1,1
1314,waterchem_NITRATE_NITRITE_N_SAMPLE_ID,NITRATE_NITRITE_N_SAMPLE_ID,Water Chemistry,NRSA 1314 Water Chemistry,Nitrate + Nitrite as N for NA,2013–2014 EPA metadata,CHEM,,,,,Single metadata definition,waterchem,1,1
1314,waterchem_NITRITE_N_DATE_ANALYZED,NITRITE_N_DATE_ANALYZED,Water Chemistry,NRSA 1314 Water Chemistry,Nitrite as N for NA,2013–2014 EPA metadata,CHEM,,,,,Single metadata definition,waterchem,1,1
1314,waterchem_NITRITE_N_HOLDING_TIME,NITRITE_N_HOLDING_TIME,Water Chemistry,NRSA 1314 Water Chemistry,Nitrite as N for NA,2013–2014 EPA metadata,CHEM,,,,,Single metadata definition,waterchem,1,1
1314,waterchem_NITRITE_N_LAB_SAMPLE_ID,NITRITE_N_LAB_SAMPLE_ID,Water Chemistry,NRSA 1314 Water Chemistry,Nitrite as N for NA,2013–2014 EPA metadata,CHEM,,,,,Single metadata definition,waterchem,1,1
1314,waterchem_NITRITE_N_LRL,NITRITE_N_LRL,Water Chemistry,NRSA 1314 Water Chemistry,Nitrite as N for NA,2013–2014 EPA metadata,CHEM,,,,,Single metadata definition,waterchem,1,1
1314,waterchem_NITRITE_N_MDL,NITRITE_N_MDL,Water Chemistry,NRSA 1314 Water Chemistry,Nitrite as N for NA,2013–2014 EPA metadata,CHEM,,,,,Single metadata definition,waterchem,1,1
1314,waterchem_NITRITE_N_QA_FLAG,NITRITE_N_QA_FLAG,Water Chemistry,NRSA 1314 Water Chemistry,Nitrite as N for NA,2013–2014 EPA metadata,CHEM,,,,,Single metadata definition,waterchem,1,1
1314,waterchem_NITRITE_N_RESULT,NITRITE_N_RESULT,Water Chemistry,NRSA 1314 Water Chemistry,Nitrite as N for NA,2013–2014 EPA metadata,CHEM,,,,,Single metadata definition,waterchem,1,1
1314,waterchem_NITRITE_N_SAMPLE_ID,NITRITE_N_SAMPLE_ID,Water Chemistry,NRSA 1314 Water Chemistry,Nitrite as N for NA,2013–2014 EPA metadata,CHEM,,,,,Single metadata definition,waterchem,1,1
1314,waterchem_NITRITE_N_SHIP_FLAG,NITRITE_N_SHIP_FLAG,Water Chemistry,NRSA 1314 Water Chemistry,Nitrite as N for NA,2013–2014 EPA metadata,CHEM,,,,,Single metadata definition,waterchem,1,1
1314,waterchem_NTL_DATE_ANALYZED,NTL_DATE_ANALYZED,Water Chemistry,NRSA 1314 Water Chemistry,Total Nitrogen for NA,2013–2014 EPA metadata,CHEM,,,,,Single metadata definition,waterchem,1,1
1314,waterchem_NTL_DATE_FILTERED,NTL_DATE_FILTERED,Water Chemistry,NRSA 1314 Water Chemistry,Total Nitrogen for NA,2013–2014 EPA metadata,CHEM,,,,,Single metadata definition,waterchem,1,1
1314,waterchem_NTL_DATE_PROCESSED,NTL_DATE_PROCESSED,Water Chemistry,NRSA 1314 Water Chemistry,Total Nitrogen for NA,2013–2014 EPA metadata,CHEM,,,,,Single metadata definition,waterchem,1,1
1314,waterchem_NTL_DATE_RECEIVED,NTL_DATE_RECEIVED,Water Chemistry,NRSA 1314 Water Chemistry,Total Nitrogen for NA,2013–2014 EPA metadata,CHEM,,,,,Single metadata definition,waterchem,1,1
1314,waterchem_NTL_HOLDING_TIME,NTL_HOLDING_TIME,Water Chemistry,NRSA 1314 Water Chemistry,Total Nitrogen for NA,2013–2014 EPA metadata,CHEM,,,,,Single metadata definition,waterchem,1,1
1314,waterchem_NTL_LAB_SAMPLE_ID,NTL_LAB_SAMPLE_ID,Water Chemistry,NRSA 1314 Water Chemistry,Total Nitrogen for NA,2013–2014 EPA metadata,CHEM,,,,,Single metadata definition,waterchem,1,1
1314,waterchem_NTL_LRL,NTL_LRL,Water Chemistry,NRSA 1314 Water Chemistry,Total Nitrogen for NA,2013–2014 EPA metadata,CHEM,,,,,Single metadata definition,waterchem,1,1
1314,waterchem_NTL_MDL,NTL_MDL,Water Chemistry,NRSA 1314 Water Chemistry,Total Nitrogen for NA,2013–2014 EPA metadata,CHEM,,,,,Single metadata definition,waterchem,1,1
1314,waterchem_NTL_NARS_FLAG,NTL_NARS_FLAG,Water Chemistry,NRSA 1314 Water Chemistry,Total Nitrogen for NA,2013–2014 EPA metadata,CHEM,,,,,Single metadata definition,waterchem,1,1
1314,waterchem_NTL_QA_FLAG,NTL_QA_FLAG,Water Chemistry,NRSA 1314 Water Chemistry,Total Nitrogen for NA,2013–2014 EPA metadata,CHEM,,,,,Single metadata definition,waterchem,1,1
1314,waterchem_NTL_RESULT,NTL_RESULT,Water Chemistry,NRSA 1314 Water Chemistry,Total Nitrogen for NA,2013–2014 EPA metadata,CHEM,,,,,Single metadata definition,waterchem,1,1
1314,waterchem_NTL_RL,NTL_RL,Water Chemistry,NRSA 1314 Water Chemistry,Total Nitrogen for NA,2013–2014 EPA metadata,CHEM,,,,,Single metadata definition,waterchem,1,1
1314,waterchem_NTL_SAMPLE_ID,NTL_SAMPLE_ID,Water Chemistry,NRSA 1314 Water Chemistry,Total Nitrogen for NA,2013–2014 EPA metadata,CHEM,,,,,Single metadata definition,waterchem,1,1
1314,waterchem_NTL_SHIP_FLAG,NTL_SHIP_FLAG,Water Chemistry,NRSA 1314 Water Chemistry,Total Nitrogen for NA,2013–2014 EPA metadata,CHEM,,,,,Single metadata definition,waterchem,1,1
1314,waterchem_PH_DATE_ANALYZED,PH_DATE_ANALYZED,Water Chemistry,NRSA 1314 Water Chemistry,pH for NA,2013–2014 EPA metadata,CHEM,,,,,Single metadata definition,waterchem,1,1
1314,waterchem_PH_DATE_FILTERED,PH_DATE_FILTERED,Water Chemistry,NRSA 1314 Water Chemistry,pH for NA,2013–2014 EPA metadata,CHEM,,,,,Single metadata definition,waterchem,1,1
1314,waterchem_PH_DATE_PROCESSED,PH_DATE_PROCESSED,Water Chemistry,NRSA 1314 Water Chemistry,pH for NA,2013–2014 EPA metadata,CHEM,,,,,Single metadata definition,waterchem,1,1
1314,waterchem_PH_DATE_RECEIVED,PH_DATE_RECEIVED,Water Chemistry,NRSA 1314 Water Chemistry,pH for NA,2013–2014 EPA metadata,CHEM,,,,,Single metadata definition,waterchem,1,1
1314,waterchem_PH_HOLDING_TIME,PH_HOLDING_TIME,Water Chemistry,NRSA 1314 Water Chemistry,pH for NA,2013–2014 EPA metadata,CHEM,,,,,Single metadata definition,waterchem,1,1
1314,waterchem_PH_LAB_SAMPLE_ID,PH_LAB_SAMPLE_ID,Water Chemistry,NRSA 1314 Water Chemistry,pH for NA,2013–2014 EPA metadata,CHEM,,,,,Single metadata definition,waterchem,1,1
1314,waterchem_PH_MDL,PH_MDL,Water Chemistry,NRSA 1314 Water Chemistry,pH for NA,2013–2014 EPA metadata,CHEM,,,,,Single metadata definition,waterchem,1,1
1314,waterchem_PH_NARS_FLAG,PH_NARS_FLAG,Water Chemistry,NRSA 1314 Water Chemistry,pH for NA,2013–2014 EPA metadata,CHEM,,,,,Single metadata definition,waterchem,1,1
1314,waterchem_PH_QA_FLAG,PH_QA_FLAG,Water Chemistry,NRSA 1314 Water Chemistry,pH for NA,2013–2014 EPA metadata,CHEM,,,,,Single metadata definition,waterchem,1,1
1314,waterchem_PH_RESULT,PH_RESULT,Water Chemistry,NRSA 1314 Water Chemistry,pH for NA,2013–2014 EPA metadata,CHEM,,,,,Single metadata definition,waterchem,1,1
1314,waterchem_PH_RL,PH_RL,Water Chemistry,NRSA 1314 Water Chemistry,pH for NA,2013–2014 EPA metadata,CHEM,,,,,Single metadata definition,waterchem,1,1
1314,waterchem_PH_SAMPLE_ID,PH_SAMPLE_ID,Water Chemistry,NRSA 1314 Water Chemistry,pH for NA,2013–2014 EPA metadata,CHEM,,,,,Single metadata definition,waterchem,1,1
1314,waterchem_PH_SHIP_FLAG,PH_SHIP_FLAG,Water Chemistry,NRSA 1314 Water Chemistry,pH for NA,2013–2014 EPA metadata,CHEM,,,,,Single metadata definition,waterchem,1,1
1314,waterchem_POTASSIUM_DATE_ANALYZED,POTASSIUM_DATE_ANALYZED,Water Chemistry,NRSA 1314 Water Chemistry,Potassium for NA,2013–2014 EPA metadata,CHEM,,,,,Single metadata definition,waterchem,1,1
1314,waterchem_POTASSIUM_DATE_FILTERED,POTASSIUM_DATE_FILTERED,Water Chemistry,NRSA 1314 Water Chemistry,Potassium for NA,2013–2014 EPA metadata,CHEM,,,,,Single metadata definition,waterchem,1,1
1314,waterchem_POTASSIUM_DATE_PROCESSED,POTASSIUM_DATE_PROCESSED,Water Chemistry,NRSA 1314 Water Chemistry,Potassium for NA,2013–2014 EPA metadata,CHEM,,,,,Single metadata definition,waterchem,1,1
1314,waterchem_POTASSIUM_DATE_RECEIVED,POTASSIUM_DATE_RECEIVED,Water Chemistry,NRSA 1314 Water Chemistry,Potassium for NA,2013–2014 EPA metadata,CHEM,,,,,Single metadata definition,waterchem,1,1
1314,waterchem_POTASSIUM_HOLDING_TIME,POTASSIUM_HOLDING_TIME,Water Chemistry,NRSA 1314 Water Chemistry,Potassium for NA,2013–2014 EPA metadata,CHEM,,,,,Single metadata definition,waterchem,1,1
1314,waterchem_POTASSIUM_LAB_SAMPLE_ID,POTASSIUM_LAB_SAMPLE_ID,Water Chemistry,NRSA 1314 Water Chemistry,Potassium for NA,2013–2014 EPA metadata,CHEM,,,,,Single metadata definition,waterchem,1,1
1314,waterchem_POTASSIUM_MDL,POTASSIUM_MDL,Water Chemistry,NRSA 1314 Water Chemistry,Potassium for NA,2013–2014 EPA metadata,CHEM,,,,,Single metadata definition,waterchem,1,1
1314,waterchem_POTASSIUM_NARS_FLAG,POTASSIUM_NARS_FLAG,Water Chemistry,NRSA 1314 Water Chemistry,Potassium for NA,2013–2014 EPA metadata,CHEM,,,,,Single metadata definition,waterchem,1,1
1314,waterchem_POTASSIUM_QA_FLAG,POTASSIUM_QA_FLAG,Water Chemistry,NRSA 1314 Water Chemistry,Potassium for NA,2013–2014 EPA metadata,CHEM,,,,,Single metadata definition,waterchem,1,1
1314,waterchem_POTASSIUM_RESULT,POTASSIUM_RESULT,Water Chemistry,NRSA 1314 Water Chemistry,Potassium for NA,2013–2014 EPA metadata,CHEM,,,,,Single metadata definition,waterchem,1,1
1314,waterchem_POTASSIUM_RL,POTASSIUM_RL,Water Chemistry,NRSA 1314 Water Chemistry,Potassium for NA,2013–2014 EPA metadata,CHEM,,,,,Single metadata definition,waterchem,1,1
1314,waterchem_POTASSIUM_SAMPLE_ID,POTASSIUM_SAMPLE_ID,Water Chemistry,NRSA 1314 Water Chemistry,Potassium for NA,2013–2014 EPA metadata,CHEM,,,,,Single metadata definition,waterchem,1,1
1314,waterchem_POTASSIUM_SHIP_FLAG,POTASSIUM_SHIP_FLAG,Water Chemistry,NRSA 1314 Water Chemistry,Potassium for NA,2013–2014 EPA metadata,CHEM,,,,,Single metadata definition,waterchem,1,1
1314,waterchem_PTL_DATE_ANALYZED,PTL_DATE_ANALYZED,Water Chemistry,NRSA 1314 Water Chemistry,Total Phosphorus for NA,2013–2014 EPA metadata,CHEM,,,,,Single metadata definition,waterchem,1,1
1314,waterchem_PTL_DATE_FILTERED,PTL_DATE_FILTERED,Water Chemistry,NRSA 1314 Water Chemistry,Total Phosphorus for NA,2013–2014 EPA metadata,CHEM,,,,,Single metadata definition,waterchem,1,1
1314,waterchem_PTL_DATE_PROCESSED,PTL_DATE_PROCESSED,Water Chemistry,NRSA 1314 Water Chemistry,Total Phosphorus for NA,2013–2014 EPA metadata,CHEM,,,,,Single metadata definition,waterchem,1,1
1314,waterchem_PTL_DATE_RECEIVED,PTL_DATE_RECEIVED,Water Chemistry,NRSA 1314 Water Chemistry,Total Phosphorus for NA,2013–2014 EPA metadata,CHEM,,,,,Single metadata definition,waterchem,1,1
1314,waterchem_PTL_HOLDING_TIME,PTL_HOLDING_TIME,Water Chemistry,NRSA 1314 Water Chemistry,Total Phosphorus for NA,2013–2014 EPA metadata,CHEM,,,,,Single metadata definition,waterchem,1,1
1314,waterchem_PTL_LAB_SAMPLE_ID,PTL_LAB_SAMPLE_ID,Water Chemistry,NRSA 1314 Water Chemistry,Total Phosphorus for NA,2013–2014 EPA metadata,CHEM,,,,,Single metadata definition,waterchem,1,1
1314,waterchem_PTL_LRL,PTL_LRL,Water Chemistry,NRSA 1314 Water Chemistry,Total Phosphorus for NA,2013–2014 EPA metadata,CHEM,,,,,Single metadata definition,waterchem,1,1
1314,waterchem_PTL_MDL,PTL_MDL,Water Chemistry,NRSA 1314 Water Chemistry,Total Phosphorus for NA,2013–2014 EPA metadata,CHEM,,,,,Single metadata definition,waterchem,1,1
1314,waterchem_PTL_NARS_FLAG,PTL_NARS_FLAG,Water Chemistry,NRSA 1314 Water Chemistry,Total Phosphorus for NA,2013–2014 EPA metadata,CHEM,,,,,Single metadata definition,waterchem,1,1
1314,waterchem_PTL_QA_FLAG,PTL_QA_FLAG,Water Chemistry,NRSA 1314 Water Chemistry,Total Phosphorus for NA,2013–2014 EPA metadata,CHEM,,,,,Single metadata definition,waterchem,1,1
1314,waterchem_PTL_RESULT,PTL_RESULT,Water Chemistry,NRSA 1314 Water Chemistry,Total Phosphorus for NA,2013–2014 EPA metadata,CHEM,,,,,Single metadata definition,waterchem,1,1
1314,waterchem_PTL_RL,PTL_RL,Water Chemistry,NRSA 1314 Water Chemistry,Total Phosphorus for NA,2013–2014 EPA metadata,CHEM,,,,,Single metadata definition,waterchem,1,1
1314,waterchem_PTL_SAMPLE_ID,PTL_SAMPLE_ID,Water Chemistry,NRSA 1314 Water Chemistry,Total Phosphorus for NA,2013–2014 EPA metadata,CHEM,,,,,Single metadata definition,waterchem,1,1
1314,waterchem_PTL_SHIP_FLAG,PTL_SHIP_FLAG,Water Chemistry,NRSA 1314 Water Chemistry,Total Phosphorus for NA,2013–2014 EPA metadata,CHEM,,,,,Single metadata definition,waterchem,1,1
1314,waterchem_SILICA_DATE_ANALYZED,SILICA_DATE_ANALYZED,Water Chemistry,NRSA 1314 Water Chemistry,Silica for NA,2013–2014 EPA metadata,CHEM,,,,,Single metadata definition,waterchem,1,1
1314,waterchem_SILICA_DATE_FILTERED,SILICA_DATE_FILTERED,Water Chemistry,NRSA 1314 Water Chemistry,Silica for NA,2013–2014 EPA metadata,CHEM,,,,,Single metadata definition,waterchem,1,1
1314,waterchem_SILICA_DATE_PROCESSED,SILICA_DATE_PROCESSED,Water Chemistry,NRSA 1314 Water Chemistry,Silica for NA,2013–2014 EPA metadata,CHEM,,,,,Single metadata definition,waterchem,1,1
1314,waterchem_SILICA_DATE_RECEIVED,SILICA_DATE_RECEIVED,Water Chemistry,NRSA 1314 Water Chemistry,Silica for NA,2013–2014 EPA metadata,CHEM,,,,,Single metadata definition,waterchem,1,1
1314,waterchem_SILICA_HOLDING_TIME,SILICA_HOLDING_TIME,Water Chemistry,NRSA 1314 Water Chemistry,Silica for NA,2013–2014 EPA metadata,CHEM,,,,,Single metadata definition,waterchem,1,1
1314,waterchem_SILICA_LAB_SAMPLE_ID,SILICA_LAB_SAMPLE_ID,Water Chemistry,NRSA 1314 Water Chemistry,Silica for NA,2013–2014 EPA metadata,CHEM,,,,,Single metadata definition,waterchem,1,1
1314,waterchem_SILICA_MDL,SILICA_MDL,Water Chemistry,NRSA 1314 Water Chemistry,Silica for NA,2013–2014 EPA metadata,CHEM,,,,,Single metadata definition,waterchem,1,1
1314,waterchem_SILICA_NARS_FLAG,SILICA_NARS_FLAG,Water Chemistry,NRSA 1314 Water Chemistry,Silica for NA,2013–2014 EPA metadata,CHEM,,,,,Single metadata definition,waterchem,1,1
1314,waterchem_SILICA_QA_FLAG,SILICA_QA_FLAG,Water Chemistry,NRSA 1314 Water Chemistry,Silica for NA,2013–2014 EPA metadata,CHEM,,,,,Single metadata definition,waterchem,1,1
1314,waterchem_SILICA_RESULT,SILICA_RESULT,Water Chemistry,NRSA 1314 Water Chemistry,Silica for NA,2013–2014 EPA metadata,CHEM,,,,,Single metadata definition,waterchem,1,1
1314,waterchem_SILICA_RL,SILICA_RL,Water Chemistry,NRSA 1314 Water Chemistry,Silica for NA,2013–2014 EPA metadata,CHEM,,,,,Single metadata definition,waterchem,1,1
1314,waterchem_SILICA_SAMPLE_ID,SILICA_SAMPLE_ID,Water Chemistry,NRSA 1314 Water Chemistry,Silica for NA,2013–2014 EPA metadata,CHEM,,,,,Single metadata definition,waterchem,1,1
1314,waterchem_SILICA_SHIP_FLAG,SILICA_SHIP_FLAG,Water Chemistry,NRSA 1314 Water Chemistry,Silica for NA,2013–2014 EPA metadata,CHEM,,,,,Single metadata definition,waterchem,1,1
1314,waterchem_SODIUM_DATE_ANALYZED,SODIUM_DATE_ANALYZED,Water Chemistry,NRSA 1314 Water Chemistry,Sodium for NA,2013–2014 EPA metadata,CHEM,,,,,Single metadata definition,waterchem,1,1
1314,waterchem_SODIUM_DATE_FILTERED,SODIUM_DATE_FILTERED,Water Chemistry,NRSA 1314 Water Chemistry,Sodium for NA,2013–2014 EPA metadata,CHEM,,,,,Single metadata definition,waterchem,1,1
1314,waterchem_SODIUM_DATE_PROCESSED,SODIUM_DATE_PROCESSED,Water Chemistry,NRSA 1314 Water Chemistry,Sodium for NA,2013–2014 EPA metadata,CHEM,,,,,Single metadata definition,waterchem,1,1
1314,waterchem_SODIUM_DATE_RECEIVED,SODIUM_DATE_RECEIVED,Water Chemistry,NRSA 1314 Water Chemistry,Sodium for NA,2013–2014 EPA metadata,CHEM,,,,,Single metadata definition,waterchem,1,1
1314,waterchem_SODIUM_HOLDING_TIME,SODIUM_HOLDING_TIME,Water Chemistry,NRSA 1314 Water Chemistry,Sodium for NA,2013–2014 EPA metadata,CHEM,,,,,Single metadata definition,waterchem,1,1
1314,waterchem_SODIUM_LAB_SAMPLE_ID,SODIUM_LAB_SAMPLE_ID,Water Chemistry,NRSA 1314 Water Chemistry,Sodium for NA,2013–2014 EPA metadata,CHEM,,,,,Single metadata definition,waterchem,1,1
1314,waterchem_SODIUM_MDL,SODIUM_MDL,Water Chemistry,NRSA 1314 Water Chemistry,Sodium for NA,2013–2014 EPA metadata,CHEM,,,,,Single metadata definition,waterchem,1,1
1314,waterchem_SODIUM_NARS_FLAG,SODIUM_NARS_FLAG,Water Chemistry,NRSA 1314 Water Chemistry,Sodium for NA,2013–2014 EPA metadata,CHEM,,,,,Single metadata definition,waterchem,1,1
1314,waterchem_SODIUM_QA_FLAG,SODIUM_QA_FLAG,Water Chemistry,NRSA 1314 Water Chemistry,Sodium for NA,2013–2014 EPA metadata,CHEM,,,,,Single metadata definition,waterchem,1,1
1314,waterchem_SODIUM_RESULT,SODIUM_RESULT,Water Chemistry,NRSA 1314 Water Chemistry,Sodium for NA,2013–2014 EPA metadata,CHEM,,,,,Single metadata definition,waterchem,1,1
1314,waterchem_SODIUM_RL,SODIUM_RL,Water Chemistry,NRSA 1314 Water Chemistry,Sodium for NA,2013–2014 EPA metadata,CHEM,,,,,Single metadata definition,waterchem,1,1
1314,waterchem_SODIUM_SAMPLE_ID,SODIUM_SAMPLE_ID,Water Chemistry,NRSA 1314 Water Chemistry,Sodium for NA,2013–2014 EPA metadata,CHEM,,,,,Single metadata definition,waterchem,1,1
1314,waterchem_SODIUM_SHIP_FLAG,SODIUM_SHIP_FLAG,Water Chemistry,NRSA 1314 Water Chemistry,Sodium for NA,2013–2014 EPA metadata,CHEM,,,,,Single metadata definition,waterchem,1,1
1314,waterchem_SULFATE_DATE_ANALYZED,SULFATE_DATE_ANALYZED,Water Chemistry,NRSA 1314 Water Chemistry,Sulfate for NA,2013–2014 EPA metadata,CHEM,,,,,Single metadata definition,waterchem,1,1
1314,waterchem_SULFATE_DATE_FILTERED,SULFATE_DATE_FILTERED,Water Chemistry,NRSA 1314 Water Chemistry,Sulfate for NA,2013–2014 EPA metadata,CHEM,,,,,Single metadata definition,waterchem,1,1
1314,waterchem_SULFATE_DATE_PROCESSED,SULFATE_DATE_PROCESSED,Water Chemistry,NRSA 1314 Water Chemistry,Sulfate for NA,2013–2014 EPA metadata,CHEM,,,,,Single metadata definition,waterchem,1,1
1314,waterchem_SULFATE_DATE_RECEIVED,SULFATE_DATE_RECEIVED,Water Chemistry,NRSA 1314 Water Chemistry,Sulfate for NA,2013–2014 EPA metadata,CHEM,,,,,Single metadata definition,waterchem,1,1
1314,waterchem_SULFATE_HOLDING_TIME,SULFATE_HOLDING_TIME,Water Chemistry,NRSA 1314 Water Chemistry,Sulfate for NA,2013–2014 EPA metadata,CHEM,,,,,Single metadata definition,waterchem,1,1
1314,waterchem_SULFATE_LAB_SAMPLE_ID,SULFATE_LAB_SAMPLE_ID,Water Chemistry,NRSA 1314 Water Chemistry,Sulfate for NA,2013–2014 EPA metadata,CHEM,,,,,Single metadata definition,waterchem,1,1
1314,waterchem_SULFATE_LRL,SULFATE_LRL,Water Chemistry,NRSA 1314 Water Chemistry,Sulfate for NA,2013–2014 EPA metadata,CHEM,,,,,Single metadata definition,waterchem,1,1
1314,waterchem_SULFATE_MDL,SULFATE_MDL,Water Chemistry,NRSA 1314 Water Chemistry,Sulfate for NA,2013–2014 EPA metadata,CHEM,,,,,Single metadata definition,waterchem,1,1
1314,waterchem_SULFATE_NARS_FLAG,SULFATE_NARS_FLAG,Water Chemistry,NRSA 1314 Water Chemistry,Sulfate for NA,2013–2014 EPA metadata,CHEM,,,,,Single metadata definition,waterchem,1,1
1314,waterchem_SULFATE_QA_FLAG,SULFATE_QA_FLAG,Water Chemistry,NRSA 1314 Water Chemistry,Sulfate for NA,2013–2014 EPA metadata,CHEM,,,,,Single metadata definition,waterchem,1,1
1314,waterchem_SULFATE_RESULT,SULFATE_RESULT,Water Chemistry,NRSA 1314 Water Chemistry,Sulfate for NA,2013–2014 EPA metadata,CHEM,,,,,Single metadata definition,waterchem,1,1
1314,waterchem_SULFATE_RL,SULFATE_RL,Water Chemistry,NRSA 1314 Water Chemistry,Sulfate for NA,2013–2014 EPA metadata,CHEM,,,,,Single metadata definition,waterchem,1,1
1314,waterchem_SULFATE_SAMPLE_ID,SULFATE_SAMPLE_ID,Water Chemistry,NRSA 1314 Water Chemistry,Sulfate for NA,2013–2014 EPA metadata,CHEM,,,,,Single metadata definition,waterchem,1,1
1314,waterchem_SULFATE_SHIP_FLAG,SULFATE_SHIP_FLAG,Water Chemistry,NRSA 1314 Water Chemistry,Sulfate for NA,2013–2014 EPA metadata,CHEM,,,,,Single metadata definition,waterchem,1,1
1314,waterchem_TSS_DATE_ANALYZED,TSS_DATE_ANALYZED,Water Chemistry,NRSA 1314 Water Chemistry,Total Suspended Solids for NA,2013–2014 EPA metadata,CHEM,,,,,Single metadata definition,waterchem,1,1
1314,waterchem_TSS_DATE_FILTERED,TSS_DATE_FILTERED,Water Chemistry,NRSA 1314 Water Chemistry,Total Suspended Solids for NA,2013–2014 EPA metadata,CHEM,,,,,Single metadata definition,waterchem,1,1
1314,waterchem_TSS_DATE_PROCESSED,TSS_DATE_PROCESSED,Water Chemistry,NRSA 1314 Water Chemistry,Total Suspended Solids for NA,2013–2014 EPA metadata,CHEM,,,,,Single metadata definition,waterchem,1,1
1314,waterchem_TSS_DATE_RECEIVED,TSS_DATE_RECEIVED,Water Chemistry,NRSA 1314 Water Chemistry,Total Suspended Solids for NA,2013–2014 EPA metadata,CHEM,,,,,Single metadata definition,waterchem,1,1
1314,waterchem_TSS_HOLDING_TIME,TSS_HOLDING_TIME,Water Chemistry,NRSA 1314 Water Chemistry,Total Suspended Solids for NA,2013–2014 EPA metadata,CHEM,,,,,Single metadata definition,waterchem,1,1
1314,waterchem_TSS_LAB_SAMPLE_ID,TSS_LAB_SAMPLE_ID,Water Chemistry,NRSA 1314 Water Chemistry,Total Suspended Solids for NA,2013–2014 EPA metadata,CHEM,,,,,Single metadata definition,waterchem,1,1
1314,waterchem_TSS_LRL,TSS_LRL,Water Chemistry,NRSA 1314 Water Chemistry,Total Suspended Solids for NA,2013–2014 EPA metadata,CHEM,,,,,Single metadata definition,waterchem,1,1
1314,waterchem_TSS_MDL,TSS_MDL,Water Chemistry,NRSA 1314 Water Chemistry,Total Suspended Solids for NA,2013–2014 EPA metadata,CHEM,,,,,Single metadata definition,waterchem,1,1
1314,waterchem_TSS_NARS_FLAG,TSS_NARS_FLAG,Water Chemistry,NRSA 1314 Water Chemistry,Total Suspended Solids for NA,2013–2014 EPA metadata,CHEM,,,,,Single metadata definition,waterchem,1,1
1314,waterchem_TSS_QA_FLAG,TSS_QA_FLAG,Water Chemistry,NRSA 1314 Water Chemistry,Total Suspended Solids for NA,2013–2014 EPA metadata,CHEM,,,,,Single metadata definition,waterchem,1,1
1314,waterchem_TSS_RESULT,TSS_RESULT,Water Chemistry,NRSA 1314 Water Chemistry,Total Suspended Solids for NA,2013–2014 EPA metadata,CHEM,,,,,Single metadata definition,waterchem,1,1
1314,waterchem_TSS_RL,TSS_RL,Water Chemistry,NRSA 1314 Water Chemistry,Total Suspended Solids for NA,2013–2014 EPA metadata,CHEM,,,,,Single metadata definition,waterchem,1,1
1314,waterchem_TSS_SAMPLE_ID,TSS_SAMPLE_ID,Water Chemistry,NRSA 1314 Water Chemistry,Total Suspended Solids for NA,2013–2014 EPA metadata,CHEM,,,,,Single metadata definition,waterchem,1,1
1314,waterchem_TSS_SHIP_FLAG,TSS_SHIP_FLAG,Water Chemistry,NRSA 1314 Water Chemistry,Total Suspended Solids for NA,2013–2014 EPA metadata,CHEM,,,,,Single metadata definition,waterchem,1,1
1314,waterchem_TURB_DATE_ANALYZED,TURB_DATE_ANALYZED,Water Chemistry,NRSA 1314 Water Chemistry,Turbidity for NA,2013–2014 EPA metadata,CHEM,,,,,Single metadata definition,waterchem,1,1
1314,waterchem_TURB_DATE_FILTERED,TURB_DATE_FILTERED,Water Chemistry,NRSA 1314 Water Chemistry,Turbidity for NA,2013–2014 EPA metadata,CHEM,,,,,Single metadata definition,waterchem,1,1
1314,waterchem_TURB_DATE_PROCESSED,TURB_DATE_PROCESSED,Water Chemistry,NRSA 1314 Water Chemistry,Turbidity for NA,2013–2014 EPA metadata,CHEM,,,,,Single metadata definition,waterchem,1,1
1314,waterchem_TURB_DATE_RECEIVED,TURB_DATE_RECEIVED,Water Chemistry,NRSA 1314 Water Chemistry,Turbidity for NA,2013–2014 EPA metadata,CHEM,,,,,Single metadata definition,waterchem,1,1
1314,waterchem_TURB_HOLDING_TIME,TURB_HOLDING_TIME,Water Chemistry,NRSA 1314 Water Chemistry,Turbidity for NA,2013–2014 EPA metadata,CHEM,,,,,Single metadata definition,waterchem,1,1
1314,waterchem_TURB_LAB_SAMPLE_ID,TURB_LAB_SAMPLE_ID,Water Chemistry,NRSA 1314 Water Chemistry,Turbidity for NA,2013–2014 EPA metadata,CHEM,,,,,Single metadata definition,waterchem,1,1
1314,waterchem_TURB_MDL,TURB_MDL,Water Chemistry,NRSA 1314 Water Chemistry,Turbidity for NA,2013–2014 EPA metadata,CHEM,,,,,Single metadata definition,waterchem,1,1
1314,waterchem_TURB_NARS_FLAG,TURB_NARS_FLAG,Water Chemistry,NRSA 1314 Water Chemistry,Turbidity for NA,2013–2014 EPA metadata,CHEM,,,,,Single metadata definition,waterchem,1,1
1314,waterchem_TURB_QA_FLAG,TURB_QA_FLAG,Water Chemistry,NRSA 1314 Water Chemistry,Turbidity for NA,2013–2014 EPA metadata,CHEM,,,,,Single metadata definition,waterchem,1,1
1314,waterchem_TURB_RESULT,TURB_RESULT,Water Chemistry,NRSA 1314 Water Chemistry,Turbidity for NA,2013–2014 EPA metadata,CHEM,,,,,Single metadata definition,waterchem,1,1
1314,waterchem_TURB_RL,TURB_RL,Water Chemistry,NRSA 1314 Water Chemistry,Turbidity for NA,2013–2014 EPA metadata,CHEM,,,,,Single metadata definition,waterchem,1,1
1314,waterchem_TURB_SAMPLE_ID,TURB_SAMPLE_ID,Water Chemistry,NRSA 1314 Water Chemistry,Turbidity for NA,2013–2014 EPA metadata,CHEM,,,,,Single metadata definition,waterchem,1,1
1314,waterchem_TURB_SHIP_FLAG,TURB_SHIP_FLAG,Water Chemistry,NRSA 1314 Water Chemistry,Turbidity for NA,2013–2014 EPA metadata,CHEM,,,,,Single metadata definition,waterchem,1,1
1314,waterchem_indicator_ANC,ANC,Water Chemistry,NRSA 1314 Water Chemistry Indicator Values,Acid Neutralizing Capacity - MG N/L,2013–2014 EPA metadata,CHEM,,,,,Single metadata definition,waterchem_indicator,2,1
1314,waterchem_indicator_DATE_COL,DATE_COL,Water Chemistry,NRSA 1314 Water Chemistry Indicator Values,Date collected,2018–2019 EPA metadata fallback,VERIF,,,,,2013 metadata label blank — later EPA definition supplied,waterchem_indicator,14,1
1314,waterchem_indicator_DOC,DOC,Water Chemistry,NRSA 1314 Water Chemistry Indicator Values,Dissolved Organic Carbon - MG/L,2013–2014 EPA metadata,CHEM,,,,,Single metadata definition,waterchem_indicator,2,1
1314,waterchem_indicator_INDEX_VISIT,INDEX_VISIT,Water Chemistry,NRSA 1314 Water Chemistry Indicator Values,,Not supplied in listed EPA metadata,VERIF,,,,,No label supplied in listed EPA metadata,waterchem_indicator,10,1
1314,waterchem_indicator_NTL_UG_L,NTL_UG_L,Water Chemistry,NRSA 1314 Water Chemistry Indicator Values,Total Nitrogen - UG N/L,2013–2014 EPA metadata,CHEM,,,,,Single metadata definition,waterchem_indicator,2,1
1314,waterchem_indicator_PH,PH,Water Chemistry,NRSA 1314 Water Chemistry Indicator Values,pH - STD. UNITS,2013–2014 EPA metadata,CHEM,,,,,Single metadata definition,waterchem_indicator,2,1
1314,waterchem_indicator_PTL,PTL,Water Chemistry,NRSA 1314 Water Chemistry Indicator Values,Total Phosphorus - UG/L,2013–2014 EPA metadata,CHEM,,,,,Single metadata definition,waterchem_indicator,2,1
1314,waterchem_indicator_SITE_ID,SITE_ID,Water Chemistry,NRSA 1314 Water Chemistry Indicator Values,"Site ID for the study and year sampled. Preferred form is NRSnn_MM-xxxxx where nn is current cycle year (04, 08, 13, 18, etc), MM is two letter state code, and xxxxx is between 10001 and 99999. Text. No missing values allowed. | Identification code for site",2018–2019 EPA metadata fallback,DESIGN | LANDSCAPE | VERIF,,,,,2013 metadata label blank — later EPA definition supplied,waterchem_indicator,14,3
1314,waterchem_indicator_UID,UID,Water Chemistry,NRSA 1314 Water Chemistry Indicator Values,Unique site visit ID,2013–2014 EPA metadata,,,,,,Single metadata definition,waterchem_indicator,15,1
1314,waterchem_indicator_VISIT_NO,VISIT_NO,Water Chemistry,NRSA 1314 Water Chemistry Indicator Values,Sequential number of visit to site,2018–2019 EPA metadata fallback,VERIF,,|1|2,,,2013 metadata label blank — later EPA definition supplied,waterchem_indicator,14,1
1314,waterchem_indicator_YEAR,YEAR,Water Chemistry,NRSA 1314 Water Chemistry Indicator Values,,Not supplied in listed EPA metadata,VERIF,,,,,No label supplied in listed EPA metadata,waterchem_indicator,7,1
