"site_id","site_name","lat","lon","state","us_l3code","us_l3name","ag_eco9","huc8","source"
"NRS18_OK_10062","NRS18_OK_10062",35.545389,-99.722705,"Oklahoma","27","Central Great Plains","SPL","H11130301","NRSA 2018-19"
"NRS18_OK_10431","NRS18_OK_10431",36.902168,-95.164255,"Oklahoma","40","Central Irregular Plains","TPL","H11070209","NRSA 2018-19"
"NRS18_OK_10025","NRS18_OK_10025",33.929449,-96.070242,"Oklahoma","35","South Central Plains","CPL","H11140102","NRSA 2018-19"
"NRS18_WI_10091","NRS18_WI_10091",42.536868,-89.39556,"Wisconsin","53","Southeastern Wisconsin Till Plains","TPL","H07090004","NRSA 2018-19"
"NRS18_WI_10006","NRS18_WI_10006",45.496257,-87.982493,"Wisconsin","50","Northern Lakes and Forests","UMW","H04030108","NRSA 2018-19"
"NRS18_OK_11085","NRS18_OK_11085",36.714416,-97.792954,"Oklahoma","27","Central Great Plains","SPL","H11060004","NRSA 2018-19"
"NRS18_WI_10053","NRS18_WI_10053",44.558196,-90.322509,"Wisconsin","51","North Central Hardwood Forests","UMW","H07040007","NRSA 2018-19"
"NRS18_OK_10053","NRS18_OK_10053",35.885363,-97.613483,"Oklahoma","27","Central Great Plains","SPL","H11050002","NRSA 2018-19"
"NRS18_WI_10036","NRS18_WI_10036",44.689156,-91.365093,"Wisconsin","52","Driftless Area","UMW","H07050006","NRSA 2018-19"
"NRS18_WI_10038","NRS18_WI_10038",44.790072,-92.529994,"Wisconsin","47","Western Corn Belt Plains","TPL","H07040001","NRSA 2018-19"
"NRS18_WI_10019","NRS18_WI_10019",44.818435,-91.879264,"Wisconsin","52","Driftless Area","UMW","H07050007","NRSA 2018-19"
"NRS18_NC_10014","NRS18_NC_10014",36.273895,-81.870956,"North Carolina","66","Blue Ridge","SAP","H06010103","NRSA 2018-19"
"NRS18_OK_10023","NRS18_OK_10023",35.148149,-94.701898,"Oklahoma","37","Arkansas Valley","SAP","H11110105","NRSA 2018-19"
"NRS18_OK_10029","NRS18_OK_10029",33.912216,-95.54936,"Oklahoma","35","South Central Plains","CPL","H11140101","NRSA 2018-19"
"NRS18_OK_10018","NRS18_OK_10018",36.760123,-96.289556,"Oklahoma","29","Cross Timbers","SPL","H11070106","NRSA 2018-19"
"NRS18_DE_10002","NRS18_DE_10002",39.700127,-75.633386,"Delaware","63","Middle Atlantic Coastal Plain","CPL","H02040205","NRSA 2018-19"
"NRS18_OK_10003","NRS18_OK_10003",35.965453,-96.368071,"Oklahoma","29","Cross Timbers","SPL","H11110101","NRSA 2018-19"
"NRS18_OK_10830","NRS18_OK_10830",34.45096,-94.681042,"Oklahoma","36","Ouachita Mountains","SAP","H11140108","NRSA 2018-19"
"NRS18_OK_10034","NRS18_OK_10034",34.635731,-95.12159,"Oklahoma","36","Ouachita Mountains","SAP","H11140105","NRSA 2018-19"
"NRS18_OK_11422","NRS18_OK_11422",35.373158,-98.679065,"Oklahoma","27","Central Great Plains","SPL","H11130302","NRSA 2018-19"
"NRS18_OK_10340","NRS18_OK_10340",36.270286,-95.725559,"Oklahoma","40","Central Irregular Plains","TPL","H11070105","NRSA 2018-19"
"NRS18_KS_10098","NRS18_KS_10098",38.157451,-100.189731,"Kansas","27","Central Great Plains","SPL","H11030005","NRSA 2018-19"
"NRS18_KS_10086","NRS18_KS_10086",39.895768,-101.707786,"Kansas","25","High Plains","SPL","H10250003","NRSA 2018-19"
"NRS18_OH_10050","NRS18_OH_10050",39.908385,-84.298164,"Ohio","55","Eastern Corn Belt Plains","TPL","H05080001","NRSA 2018-19"
"NRS18_KS_10103","NRS18_KS_10103",38.657671,-97.173311,"Kansas","27","Central Great Plains","SPL","H10260008","NRSA 2018-19"
"NRS18_OH_10023","NRS18_OH_10023",39.216914,-84.615729,"Ohio","71","Interior Plateau","SAP","H05080002","NRSA 2018-19"
"NRS18_KY_10006","NRS18_KY_10006",38.605448,-83.955933,"Kentucky","71","Interior Plateau","SAP","H05100101","NRSA 2018-19"
"NRS18_TX_10016","NRS18_TX_10016",29.910465,-95.491781,"Texas","34","Western Gulf Coastal Plain","CPL","H12040104","NRSA 2018-19"
"NRS18_OH_10014","NRS18_OH_10014",41.393265,-84.295794,"Ohio","57","Huron/Erie Lake Plains","TPL","H04100009","NRSA 2018-19"
"NRS18_KS_10100","NRS18_KS_10100",37.646365,-98.191853,"Kansas","27","Central Great Plains","SPL","H11030015","NRSA 2018-19"
"NRS18_MI_10033","NRS18_MI_10033",42.944179,-83.853322,"Michigan","56","Southern Michigan/Northern Indiana Drift Plains","UMW","H04080204","NRSA 2018-19"
"NRS18_PA_10004","NRS18_PA_10004",41.607634,-77.503776,"Pennsylvania","62","North Central Appalachians","NAP","H02050205","NRSA 2018-19"
"NRS18_IL_10363","NRS18_IL_10363",40.453521,-88.444823,"Illinois","54","Central Corn Belt Plains","TPL","H07130006","NRSA 2018-19"
"NRS18_GA_10003","NRS18_GA_10003",33.926733,-85.050464,"Georgia","45","Piedmont","SAP","H03150108","NRSA 2018-19"
"NRS18_OH_10029","NRS18_OH_10029",41.54013,-83.833368,"Ohio","57","Huron/Erie Lake Plains","TPL","H04100009","NRSA 2018-19"
"NRS18_KS_10043","NRS18_KS_10043",37.856015,-97.140344,"Kansas","27","Central Great Plains","SPL","H11030017","NRSA 2018-19"
"NRS18_WV_10010","NRS18_WV_10010",38.262762,-81.222574,"West Virginia","69","Central Appalachians","SAP","H05050005","NRSA 2018-19"
"NRS18_OK_10001","NRS18_OK_10001",35.749309,-97.134335,"Oklahoma","29","Cross Timbers","SPL","H11100303","NRSA 2018-19"
"NRS18_VT_10034","NRS18_VT_10034",43.2996,-72.494272,"Vermont","58","Northeastern Highlands","NAP","H01080106","NRSA 2018-19"
"NRS18_OK_10002","NRS18_OK_10002",35.717688,-96.376979,"Oklahoma","29","Cross Timbers","SPL","H11100303","NRSA 2018-19"
"NRS18_VT_10011","NRS18_VT_10011",42.876813,-72.690053,"Vermont","58","Northeastern Highlands","NAP","H01080107","NRSA 2018-19"
"NRS18_OK_10045","NRS18_OK_10045",35.925126,-96.719883,"Oklahoma","27","Central Great Plains","SPL","H11050003","NRSA 2018-19"
"NRS18_CA_10048","NRS18_CA_10048",33.266597,-116.817662,"California","8","Southern California Mountains","WMT","H18070303","NRSA 2018-19"
"NRS18_WI_10030","NRS18_WI_10030",42.923289,-89.103752,"Wisconsin","53","Southeastern Wisconsin Till Plains","TPL","H07090002","NRSA 2018-19"
"NRS18_SD_10038","NRS18_SD_10038",44.135362,-100.833745,"South Dakota","43","Northwestern Great Plains","NPL","H10140102","NRSA 2018-19"
"NRS18_TX_10055","NRS18_TX_10055",29.733622,-96.662815,"Texas","32","Texas Blackland Prairies","SPL","H12090301","NRSA 2018-19"
"NRS18_MI_10056","NRS18_MI_10056",42.741291,-84.549617,"Michigan","56","Southern Michigan/Northern Indiana Drift Plains","UMW","H04050004","NRSA 2018-19"
"NRS18_PA_10021","NRS18_PA_10021",41.65584,-76.784703,"Pennsylvania","60","Northern Allegheny Plateau","NAP","H02050106","NRSA 2018-19"
"NRS18_CA_10011","NRS18_CA_10011",34.356713,-119.019881,"California","85","Southern California/Northern Baja Coast","XER","H18070102","NRSA 2018-19"
"NRS18_GA_10001","NRS18_GA_10001",34.069547,-84.536348,"Georgia","45","Piedmont","SAP","H03150104","NRSA 2018-19"
"NRS18_WV_10031","NRS18_WV_10031",38.275918,-80.837548,"West Virginia","69","Central Appalachians","SAP","H05050005","NRSA 2018-19"
"NRS18_TN_10006","NRS18_TN_10006",35.10401,-85.360905,"Tennessee","68","Southwestern Appalachians","SAP","H06020001","NRSA 2018-19"
"NRS18_OH_10033","NRS18_OH_10033",41.135085,-84.431275,"Ohio","57","Huron/Erie Lake Plains","TPL","H04100007","NRSA 2018-19"
"NRS18_IL_10054","NRS18_IL_10054",40.162297,-88.027436,"Illinois","54","Central Corn Belt Plains","TPL","H05120109","NRSA 2018-19"
"NRS18_LA_10002","NRS18_LA_10002",32.974802,-92.076439,"Louisiana","35","South Central Plains","CPL","H08040202","NRSA 2018-19"
"NRS18_TN_10026","NRS18_TN_10026",35.098884,-85.353591,"Tennessee","68","Southwestern Appalachians","SAP","H06020001","NRSA 2018-19"
"NRS18_NY_10010","NRS18_NY_10010",42.234925,-78.772762,"New York","62","North Central Appalachians","NAP","H05010001","NRSA 2018-19"
"NRS18_WV_10015","NRS18_WV_10015",37.74097,-81.576198,"West Virginia","69","Central Appalachians","SAP","H05070101","NRSA 2018-19"
"NRS18_OH_10012","NRS18_OH_10012",41.233798,-84.590521,"Ohio","57","Huron/Erie Lake Plains","TPL","H04100005","NRSA 2018-19"
"NRS18_IL_10003","NRS18_IL_10003",39.548325,-89.433602,"Illinois","54","Central Corn Belt Plains","TPL","H07130007","NRSA 2018-19"
"NRS18_LA_10010","NRS18_LA_10010",32.2701,-90.960738,"Louisiana","73","Mississippi Alluvial Plain","CPL","H08060100","NRSA 2018-19"
"NRS18_TN_10001","NRS18_TN_10001",35.396964,-84.276559,"Tennessee","67","Ridge and Valley","SAP","H06010204","NRSA 2018-19"
"NRS18_IL_10001","NRS18_IL_10001",39.410459,-89.131404,"Illinois","54","Central Corn Belt Plains","TPL","H07130007","NRSA 2018-19"
"NRS18_LA_10021","NRS18_LA_10021",32.616321,-93.831924,"Louisiana","35","South Central Plains","CPL","H11140304","NRSA 2018-19"
"NRS18_LA_10013","NRS18_LA_10013",30.577753,-91.52159,"Louisiana","73","Mississippi Alluvial Plain","CPL","H08070300","NRSA 2018-19"
"NRS18_MI_10381","NRS18_MI_10381",43.297092,-83.854919,"Michigan","57","Huron/Erie Lake Plains","TPL","H04080203","NRSA 2018-19"
"NRS18_CA_10035","NRS18_CA_10035",37.555877,-121.150475,"California","7","Central California Valley","XER","H18040002","NRSA 2018-19"
"NRS18_TN_10009","NRS18_TN_10009",36.265377,-82.316307,"Tennessee","67","Ridge and Valley","SAP","H06010103","NRSA 2018-19"
"NRS18_LA_10001","NRS18_LA_10001",29.897335,-90.683337,"Louisiana","73","Mississippi Alluvial Plain","CPL","H08090301","NRSA 2018-19"
"NRS18_KS_10126","NRS18_KS_10126",37.087254,-99.253311,"Kansas","26","Southwestern Tablelands","SPL","H11060002","NRSA 2018-19"
"NRS18_IL_10013","NRS18_IL_10013",37.16191,-88.714081,"Illinois","72","Interior River Valleys and Hills","TPL","H05140206","NRSA 2018-19"
"NRS18_OK_10050","NRS18_OK_10050",35.925819,-99.515246,"Oklahoma","27","Central Great Plains","SPL","H11090201","NRSA 2018-19"
"NRS18_IL_10030","NRS18_IL_10030",37.069524,-89.173243,"Illinois","73","Mississippi Alluvial Plain","CPL","H05140206","NRSA 2018-19"
"NRS18_LA_10012","NRS18_LA_10012",30.794801,-91.205386,"Louisiana","74","Mississippi Valley Loess Plains","CPL","H08070201","NRSA 2018-19"
"NRS18_NV_10012","NRS18_NV_10012",39.195195,-117.346492,"Nevada","13","Central Basin and Range","XER","H16040107","NRSA 2018-19"
"NRS18_NY_10025","NRS18_NY_10025",43.125558,-75.583835,"New York","83","Eastern Great Lakes Lowlands","NAP","H04140202","NRSA 2018-19"
"NRS18_TX_10009","NRS18_TX_10009",29.238927,-98.451684,"Texas","32","Texas Blackland Prairies","SPL","H12100302","NRSA 2018-19"
"NRS18_ND_10015","NRS18_ND_10015",46.248547,-101.531464,"North Dakota","43","Northwestern Great Plains","NPL","H10130204","NRSA 2018-19"
"NRS18_MI_10010","NRS18_MI_10010",43.310967,-83.967882,"Michigan","57","Huron/Erie Lake Plains","TPL","H04080204","NRSA 2018-19"
"NRS18_CA_10032","NRS18_CA_10032",38.152202,-121.28408,"California","7","Central California Valley","XER","H18040012","NRSA 2018-19"
"NRS18_WV_10012","NRS18_WV_10012",38.638281,-79.190203,"West Virginia","67","Ridge and Valley","SAP","H02070001","NRSA 2018-19"
"NRS18_OH_10030","NRS18_OH_10030",41.742919,-80.869518,"Ohio","61","Erie Drift Plain","NAP","H04110004","NRSA 2018-19"
"NRS18_LA_10014","NRS18_LA_10014",29.679749,-91.285592,"Louisiana","73","Mississippi Alluvial Plain","CPL","H08080101","NRSA 2018-19"
"NRS18_MN_RF001","NRS18_MN_RF001",47.87549,-94.8999,"Minnesota","49","Northern Minnesota Wetlands","UMW","H09020302","NRSA 2018-19"
"NRS18_OK_10051","NRS18_OK_10051",35.814546,-98.702094,"Oklahoma","27","Central Great Plains","SPL","H11090201","NRSA 2018-19"
"NRS18_UT_10003","NRS18_UT_10003",37.510174,-112.033705,"Utah","20","Colorado Plateaus","XER","H14070007","NRSA 2018-19"
"NRS18_LA_10022","NRS18_LA_10022",29.929977,-91.464077,"Louisiana","73","Mississippi Alluvial Plain","CPL","H08080101","NRSA 2018-19"
"NRS18_OH_10005","NRS18_OH_10005",40.373149,-81.213265,"Ohio","70","Western Allegheny Plateau","SAP","H05040001","NRSA 2018-19"
"NRS18_CA_10031","NRS18_CA_10031",38.182451,-120.701042,"California","6","Central California Foothills and Coastal Mountains","XER","H18040011","NRSA 2018-19"
"NRS18_TX_10081","NRS18_TX_10081",29.201543,-98.913003,"Texas","31","Southern Texas Plains","SPL","H12110109","NRSA 2018-19"
"NRS18_VT_10006","NRS18_VT_10006",43.914617,-72.457744,"Vermont","58","Northeastern Highlands","NAP","H01080105","NRSA 2018-19"
"NRS18_CA_10033","NRS18_CA_10033",37.909759,-121.3253,"California","7","Central California Valley","XER","H18040003","NRSA 2018-19"
"NRS18_NE_10035","NRS18_NE_10035",41.000491,-96.405789,"Nebraska","47","Western Corn Belt Plains","TPL","H10200203","NRSA 2018-19"
"NRS18_MI_10081","NRS18_MI_10081",43.183356,-82.900686,"Michigan","57","Huron/Erie Lake Plains","TPL","H04090001","NRSA 2018-19"
"NRS18_UT_10005","NRS18_UT_10005",37.076941,-113.597021,"Utah","14","Mojave Basin and Range","XER","H15010008","NRSA 2018-19"
"NRS18_NV_10016","NRS18_NV_10016",39.294192,-119.931007,"Nevada","5","Sierra Nevada","WMT","H16050101","NRSA 2018-19"
"NRS18_TN_10004","NRS18_TN_10004",35.8291,-83.484642,"Tennessee","67","Ridge and Valley","SAP","H06010107","NRSA 2018-19"
"NRS18_TN_10024","NRS18_TN_10024",35.915133,-82.990691,"Tennessee","66","Blue Ridge","SAP","H06010105","NRSA 2018-19"
"NRS18_WV_10016","NRS18_WV_10016",38.580675,-79.515004,"West Virginia","67","Ridge and Valley","SAP","H02070001","NRSA 2018-19"
"NRS18_WI_10001","NRS18_WI_10001",44.218998,-90.216323,"Wisconsin","51","North Central Hardwood Forests","UMW","H07070003","NRSA 2018-19"
"NRS18_LA_10016","NRS18_LA_10016",30.121323,-90.917545,"Louisiana","73","Mississippi Alluvial Plain","CPL","H08070100","NRSA 2018-19"
"NRS18_OH_10001","NRS18_OH_10001",40.706629,-80.799173,"Ohio","70","Western Allegheny Plateau","SAP","H05030101","NRSA 2018-19"
"NRS18_IL_10366","NRS18_IL_10366",41.693023,-88.459759,"Illinois","54","Central Corn Belt Plains","TPL","H07120007","NRSA 2018-19"
"NRS18_VT_10335","NRS18_VT_10335",43.820721,-72.542511,"Vermont","58","Northeastern Highlands","NAP","H01080105","NRSA 2018-19"
"NRS18_NY_10009","NRS18_NY_10009",43.015669,-76.854642,"New York","83","Eastern Great Lakes Lowlands","NAP","H04140201","NRSA 2018-19"
"NRS18_CA_10088","NRS18_CA_10088",38.342358,-120.259517,"California","5","Sierra Nevada","WMT","H18040012","NRSA 2018-19"
"NRS18_NE_10044","NRS18_NE_10044",40.370644,-96.889774,"Nebraska","47","Western Corn Belt Plains","TPL","H10270204","NRSA 2018-19"
"NRS18_ND_10010","NRS18_ND_10010",46.278635,-100.242855,"North Dakota","43","Northwestern Great Plains","NPL","H10130104","NRSA 2018-19"
"NRS18_CA_10054","NRS18_CA_10054",37.952336,-121.339221,"California","7","Central California Valley","XER","H18040003","NRSA 2018-19"
"NRS18_MI_10015","NRS18_MI_10015",42.636428,-82.589484,"Michigan","57","Huron/Erie Lake Plains","TPL","H04090002","NRSA 2018-19"
"NRS18_TN_10010","NRS18_TN_10010",35.068954,-85.339596,"Tennessee","67","Ridge and Valley","SAP","H06020001","NRSA 2018-19"
"NRS18_WV_10003","NRS18_WV_10003",38.803937,-80.891885,"West Virginia","70","Western Allegheny Plateau","SAP","H05030203","NRSA 2018-19"
"NRS18_NV_10002","NRS18_NV_10002",39.082159,-119.757309,"Nevada","13","Central Basin and Range","XER","H16050201","NRSA 2018-19"
"NRS18_UT_10012","NRS18_UT_10012",37.430418,-112.351625,"Utah","19","Wasatch and Uinta Mountains","WMT","H16030002","NRSA 2018-19"
"NRS18_WI_10020","NRS18_WI_10020",43.928273,-89.902945,"Wisconsin","51","North Central Hardwood Forests","UMW","H07070003","NRSA 2018-19"
"NRS18_OH_10011","NRS18_OH_10011",39.330024,-82.26817,"Ohio","70","Western Allegheny Plateau","SAP","H05090101","NRSA 2018-19"
"NRS18_OH_10006","NRS18_OH_10006",41.796214,-80.917764,"Ohio","61","Erie Drift Plain","NAP","H04110003","NRSA 2018-19"
"NRS18_PA_10028","NRS18_PA_10028",41.833699,-79.173112,"Pennsylvania","62","North Central Appalachians","NAP","H05010001","NRSA 2018-19"
"NRS18_LA_10020","NRS18_LA_10020",30.393977,-93.642365,"Louisiana","35","South Central Plains","CPL","H08080205","NRSA 2018-19"
"NRS18_LA_10005","NRS18_LA_10005",30.60083,-91.876773,"Louisiana","73","Mississippi Alluvial Plain","CPL","H08080102","NRSA 2018-19"
"NRS18_LA_10015","NRS18_LA_10015",29.763615,-91.444237,"Louisiana","73","Mississippi Alluvial Plain","CPL","H08080102","NRSA 2018-19"
"NRS18_IL_10041","NRS18_IL_10041",41.1478,-88.861112,"Illinois","54","Central Corn Belt Plains","TPL","H07130002","NRSA 2018-19"
"NRS18_LA_10003","NRS18_LA_10003",29.904271,-92.116004,"Louisiana","34","Western Gulf Coastal Plain","CPL","H08080103","NRSA 2018-19"
"NRS18_WI_10039","NRS18_WI_10039",43.001951,-88.152543,"Wisconsin","53","Southeastern Wisconsin Till Plains","TPL","H07120006","NRSA 2018-19"
"NRS18_CA_10036","NRS18_CA_10036",38.435007,-121.524909,"California","7","Central California Valley","XER","H18020163","NRSA 2018-19"
"NRS18_NV_10008","NRS18_NV_10008",36.739909,-114.205988,"Nevada","14","Mojave Basin and Range","XER","H15010010","NRSA 2018-19"
"NRS18_WA_10043","NRS18_WA_10043",46.799315,-121.091119,"Washington","9","Eastern Cascades Slopes and Foothills","WMT","H17030002","NRSA 2018-19"
"NRS18_OK_10056","NRS18_OK_10056",35.53,-99.130214,"Oklahoma","27","Central Great Plains","SPL","H11130302","NRSA 2018-19"
"NRS18_KS_RF001","NRS18_KS_RF001",39.08456,-95.28932,"Kansas","40","Central Irregular Plains","TPL","H10270104","NRSA 2018-19"
"NRS18_CA_10052","NRS18_CA_10052",38.203588,-121.477946,"California","7","Central California Valley","XER","H18040012","NRSA 2018-19"
"NRS18_LA_10481","NRS18_LA_10481",31.49178,-91.517289,"Louisiana","73","Mississippi Alluvial Plain","CPL","H08060100","NRSA 2018-19"
"NRS18_OK_11082","NRS18_OK_11082",35.005535,-99.866889,"Oklahoma","26","Southwestern Tablelands","SPL","H11120304","NRSA 2018-19"
"NRS18_WA_10211","NRS18_WA_10211",47.02809,-120.652917,"Washington","10","Columbia Plateau","XER","H17030001","NRSA 2018-19"
"NRS18_CA_10009","NRS18_CA_10009",39.598629,-120.997161,"California","5","Sierra Nevada","WMT","H18020125","NRSA 2018-19"
"NRS18_KS_10123","NRS18_KS_10123",38.243453,-97.436611,"Kansas","27","Central Great Plains","SPL","H11030012","NRSA 2018-19"
"NRS18_LA_10007","NRS18_LA_10007",31.551189,-91.805449,"Louisiana","73","Mississippi Alluvial Plain","CPL","H08040305","NRSA 2018-19"
"NRS18_OR_10042","NRS18_OR_10042",45.508216,-120.360038,"Oregon","10","Columbia Plateau","XER","H17070204","NRSA 2018-19"
"NRS18_UT_10004","NRS18_UT_10004",39.788304,-111.108138,"Utah","19","Wasatch and Uinta Mountains","WMT","H14060007","NRSA 2018-19"
"NRS18_GA_10011","NRS18_GA_10011",32.403369,-84.848359,"Georgia","65","Southeastern Plains","CPL","H03130003","NRSA 2018-19"
"NRS18_OK_10058","NRS18_OK_10058",35.142581,-99.263816,"Oklahoma","27","Central Great Plains","SPL","H11120303","NRSA 2018-19"
"NRS18_KY_10001","NRS18_KY_10001",38.620143,-85.418537,"Kentucky","71","Interior Plateau","SAP","H05140101","NRSA 2018-19"
"NRS18_OK_11329","NRS18_OK_11329",35.543104,-99.020028,"Oklahoma","27","Central Great Plains","SPL","H11130302","NRSA 2018-19"
"NRS18_SD_10039","NRS18_SD_10039",45.596879,-103.927473,"South Dakota","43","Northwestern Great Plains","NPL","H10110201","NRSA 2018-19"
"NRS18_DE_10003","NRS18_DE_10003",39.207644,-75.748527,"Delaware","63","Middle Atlantic Coastal Plain","CPL","H02060002","NRSA 2018-19"
"NRS18_WA_10021","NRS18_WA_10021",46.310573,-120.353181,"Washington","10","Columbia Plateau","XER","H17030003","NRSA 2018-19"
"NRS18_NJ_10183","NRS18_NJ_10183",40.87512,-74.590508,"New Jersey","58","Northeastern Highlands","NAP","H02030103","NRSA 2018-19"
"NRS18_MI_10048","NRS18_MI_10048",43.029709,-83.673846,"Michigan","56","Southern Michigan/Northern Indiana Drift Plains","UMW","H04080204","NRSA 2018-19"
"NRS18_CA_10066","NRS18_CA_10066",39.661065,-120.889313,"California","5","Sierra Nevada","WMT","H18020125","NRSA 2018-19"
"NRS18_VT_10002","NRS18_VT_10002",42.793371,-72.52477,"Vermont","59","Northeastern Coastal Zone","NAP","H01080107","NRSA 2018-19"
"NRS18_CA_10322","NRS18_CA_10322",38.263403,-121.647551,"California","7","Central California Valley","XER","H18020163","NRSA 2018-19"
"NRS18_UT_10009","NRS18_UT_10009",39.785732,-110.178637,"Utah","20","Colorado Plateaus","XER","H14060005","NRSA 2018-19"
"NRS18_KY_10008","NRS18_KY_10008",37.9815,-86.03399,"Kentucky","71","Interior Plateau","SAP","H05140104","NRSA 2018-19"
"NRS18_SC_10011","NRS18_SC_10011",34.709687,-82.461053,"South Carolina","45","Piedmont","SAP","H03050109","NRSA 2018-19"
"NRS18_SC_10007","NRS18_SC_10007",34.966635,-82.100841,"South Carolina","45","Piedmont","SAP","H03050107","NRSA 2018-19"
"NRS18_WA_10811","NRS18_WA_10811",48.85865,-119.414773,"Washington","10","Columbia Plateau","XER","H17020006","NRSA 2018-19"
"NRS18_WA_10001","NRS18_WA_10001",46.131715,-121.587298,"Washington","4","Cascades","WMT","H17070105","NRSA 2018-19"
"NRS18_VT_10016","NRS18_VT_10016",43.173505,-72.607107,"Vermont","58","Northeastern Highlands","NAP","H01080107","NRSA 2018-19"
"NRS18_SD_10037","NRS18_SD_10037",45.878233,-102.635179,"South Dakota","43","Northwestern Great Plains","NPL","H10130301","NRSA 2018-19"
"NRS18_NH_10010","NRS18_NH_10010",42.952686,-71.942056,"New Hampshire","58","Northeastern Highlands","NAP","H01070003","NRSA 2018-19"
"NRS18_MO_RF001","NRS18_MO_RF001",39.65361,-94.22583,"Missouri","40","Central Irregular Plains","TPL","H10280101","NRSA 2018-19"
"NRS18_NC_10020","NRS18_NC_10020",35.9821,-78.806079,"North Carolina","45","Piedmont","SAP","H03020201","NRSA 2018-19"
"NRS18_NE_10015","NRS18_NE_10015",40.059237,-101.752956,"Nebraska","25","High Plains","SPL","H10250002","NRSA 2018-19"
"NRS18_OR_10026","NRS18_OR_10026",44.73944,-120.328247,"Oregon","11","Blue Mountains","WMT","H17070204","NRSA 2018-19"
"NRS18_ND_10030","NRS18_ND_10030",46.263857,-99.89578,"North Dakota","42","Northwestern Glaciated Plains","NPL","H10130104","NRSA 2018-19"
"NRS18_CA_10029","NRS18_CA_10029",38.121127,-121.529553,"California","7","Central California Valley","XER","H18040012","NRSA 2018-19"
"NRS18_WA_10014","NRS18_WA_10014",47.182304,-120.908072,"Washington","77","North Cascades","WMT","H17030001","NRSA 2018-19"
"NRS18_WA_10002","NRS18_WA_10002",48.956082,-119.693318,"Washington","10","Columbia Plateau","XER","H17020007","NRSA 2018-19"
"NRS18_SC_10008","NRS18_SC_10008",34.930194,-80.868398,"South Carolina","45","Piedmont","SAP","H03050103","NRSA 2018-19"
"NRS18_WA_10013","NRS18_WA_10013",46.855204,-122.176478,"Washington","4","Cascades","WMT","H17110015","NRSA 2018-19"
"NRS18_LA_10181","NRS18_LA_10181",30.050882,-92.432024,"Louisiana","34","Western Gulf Coastal Plain","CPL","H08080202","NRSA 2018-19"
"NRS18_LA_10011","NRS18_LA_10011",31.779882,-93.584214,"Louisiana","35","South Central Plains","CPL","H12010004","NRSA 2018-19"
"NRS18_WA_10012","NRS18_WA_10012",46.27117,-119.570472,"Washington","10","Columbia Plateau","XER","H17030003","NRSA 2018-19"
"NRS18_LA_10019","NRS18_LA_10019",31.562121,-93.501224,"Louisiana","35","South Central Plains","CPL","H12010004","NRSA 2018-19"
"NRS18_GA_10024","NRS18_GA_10024",33.332854,-85.218924,"Georgia","45","Piedmont","SAP","H03130002","NRSA 2018-19"
"NRS18_NV_10003","NRS18_NV_10003",39.214289,-114.541343,"Nevada","13","Central Basin and Range","XER","H16060008","NRSA 2018-19"
"NRS18_WA_10022","NRS18_WA_10022",48.515986,-121.979811,"Washington","77","North Cascades","WMT","H17110007","NRSA 2018-19"
"NRS18_TX_10012","NRS18_TX_10012",35.972408,-100.824388,"Texas","26","Southwestern Tablelands","SPL","H11090106","NRSA 2018-19"
"NRS18_TX_10029","NRS18_TX_10029",35.390906,-101.831759,"Texas","26","Southwestern Tablelands","SPL","H11090105","NRSA 2018-19"
"NRS18_TX_10030","NRS18_TX_10030",35.274049,-100.766171,"Texas","26","Southwestern Tablelands","SPL","H11120301","NRSA 2018-19"
"NRS18_LA_10004","NRS18_LA_10004",31.363986,-93.198806,"Louisiana","35","South Central Plains","CPL","H11140207","NRSA 2018-19"
"NRS18_LA_10006","NRS18_LA_10006",31.626501,-92.909209,"Louisiana","35","South Central Plains","CPL","H11140207","NRSA 2018-19"
"NRS18_CT_10031","NRS18_CT_10031",41.588684,-73.352088,"Connecticut","59","Northeastern Coastal Zone","NAP","H01100005","NRSA 2018-19"
"NRS18_TX_10886","NRS18_TX_10886",33.643754,-99.806625,"Texas","26","Southwestern Tablelands","SPL","H11130205","NRSA 2018-19"
"NRS18_WA_10007","NRS18_WA_10007",48.68136,-121.720031,"Washington","77","North Cascades","WMT","H17110005","NRSA 2018-19"
"NRS18_IL_10017","NRS18_IL_10017",41.605104,-89.832848,"Illinois","54","Central Corn Belt Plains","TPL","H07090005","NRSA 2018-19"
"NRS18_CT_10001","NRS18_CT_10001",41.380918,-72.780246,"Connecticut","59","Northeastern Coastal Zone","NAP","H01100004","NRSA 2018-19"
"NRS18_MO_RF002","NRS18_MO_RF002",37.87083,-91.9299,"Missouri","39","Ozark Highlands","SAP","H10290203","NRSA 2018-19"
"NRS18_IL_10514","NRS18_IL_10514",42.425776,-90.290686,"Illinois","52","Driftless Area","UMW","H07060005","NRSA 2018-19"
"NRS18_TN_10029","NRS18_TN_10029",35.549161,-86.952431,"Tennessee","71","Interior Plateau","SAP","H06040002","NRSA 2018-19"
"NRS18_WI_10005","NRS18_WI_10005",44.252181,-90.761709,"Wisconsin","51","North Central Hardwood Forests","UMW","H07040007","NRSA 2018-19"
"NRS18_ND_10014","NRS18_ND_10014",47.758629,-103.737431,"North Dakota","43","Northwestern Great Plains","NPL","H10100004","NRSA 2018-19"
"NRS18_IL_10009","NRS18_IL_10009",40.476689,-91.367036,"Illinois","72","Interior River Valleys and Hills","TPL","H07080104","NRSA 2018-19"
"NRS18_TX_10062","NRS18_TX_10062",33.718933,-99.475955,"Texas","26","Southwestern Tablelands","SPL","H11130204","NRSA 2018-19"
"NRS18_WA_10011","NRS18_WA_10011",47.843585,-121.694601,"Washington","2","Puget Lowland","WMT","H17110009","NRSA 2018-19"
"NRS18_MI_10034","NRS18_MI_10034",44.950759,-85.08358,"Michigan","50","Northern Lakes and Forests","UMW","H04060105","NRSA 2018-19"
"NRS18_NV_10005","NRS18_NV_10005",40.814702,-115.806146,"Nevada","13","Central Basin and Range","XER","H16040101","NRSA 2018-19"
"NRS18_NY_10017","NRS18_NY_10017",42.080651,-78.423638,"New York","62","North Central Appalachians","NAP","H05010001","NRSA 2018-19"
"NRS18_PA_10015","NRS18_PA_10015",40.593181,-76.027716,"Pennsylvania","67","Ridge and Valley","SAP","H02040203","NRSA 2018-19"
"NRS18_WA_10005","NRS18_WA_10005",46.837569,-123.386269,"Washington","1","Coast Range","WMT","H17100106","NRSA 2018-19"
"NRS18_CA_10022","NRS18_CA_10022",40.637046,-122.746494,"California","78","Klamath Mountains/California High North Coast Range","WMT","H18010211","NRSA 2018-19"
"NRS18_MO_10002","NRS18_MO_10002",38.963367,-90.415647,"Missouri","72","Interior River Valleys and Hills","TPL","H07110009","NRSA 2018-19"
"NRS18_AR_10017","NRS18_AR_10017",33.329309,-91.163144,"Arkansas","73","Mississippi Alluvial Plain","CPL","H08030100","NRSA 2018-19"
"NRS18_OH_10043","NRS18_OH_10043",40.319653,-84.630337,"Ohio","55","Eastern Corn Belt Plains","TPL","H05120101","NRSA 2018-19"
"NRS18_OK_10017","NRS18_OK_10017",36.951348,-95.035394,"Oklahoma","40","Central Irregular Plains","TPL","H11070206","NRSA 2018-19"
"NRS18_OK_10038","NRS18_OK_10038",35.962283,-94.80114,"Oklahoma","39","Ozark Highlands","SAP","H11110103","NRSA 2018-19"
"NRS18_OH_10049","NRS18_OH_10049",41.440825,-83.031399,"Ohio","57","Huron/Erie Lake Plains","TPL","H04100011","NRSA 2018-19"
"NRS18_WA_10047","NRS18_WA_10047",47.692119,-121.966258,"Washington","2","Puget Lowland","WMT","H17110010","NRSA 2018-19"
"NRS18_MI_10007","NRS18_MI_10007",45.653694,-84.999237,"Michigan","50","Northern Lakes and Forests","UMW","H04060105","NRSA 2018-19"
"NRS18_IL_10005","NRS18_IL_10005",39.347812,-88.052721,"Illinois","72","Interior River Valleys and Hills","TPL","H05120112","NRSA 2018-19"
"NRS18_DE_10016","NRS18_DE_10016",39.740772,-75.711434,"Delaware","64","Northern Piedmont","SAP","H02040205","NRSA 2018-19"
"NRS18_SD_10544","NRS18_SD_10544",44.125903,-103.653176,"South Dakota","17","Middle Rockies","WMT","H10120110","NRSA 2018-19"
"NRS18_NV_10024","NRS18_NV_10024",40.693254,-115.833792,"Nevada","13","Central Basin and Range","XER","H16040103","NRSA 2018-19"
"NRS18_IL_10010","NRS18_IL_10010",40.785059,-90.138907,"Illinois","72","Interior River Valleys and Hills","TPL","H07130005","NRSA 2018-19"
"NRS18_IL_10021","NRS18_IL_10021",42.318624,-90.234313,"Illinois","52","Driftless Area","UMW","H07060005","NRSA 2018-19"
"NRS18_WA_10049","NRS18_WA_10049",46.454406,-120.415056,"Washington","10","Columbia Plateau","XER","H17030003","NRSA 2018-19"
"NRS18_ND_10225","NRS18_ND_10225",47.742645,-98.854387,"North Dakota","46","Northern Glaciated Plains","TPL","H09020203","NRSA 2018-19"
"NRS18_WV_10002","NRS18_WV_10002",39.918774,-80.796835,"West Virginia","70","Western Allegheny Plateau","SAP","H05030106","NRSA 2018-19"
"NRS18_VT_10023","NRS18_VT_10023",44.218523,-72.260042,"Vermont","58","Northeastern Highlands","NAP","H01080103","NRSA 2018-19"
"NRS18_PA_10026","NRS18_PA_10026",41.062346,-76.856196,"Pennsylvania","67","Ridge and Valley","SAP","H02050206","NRSA 2018-19"
"NRS18_IL_10002","NRS18_IL_10002",39.208647,-90.592919,"Illinois","72","Interior River Valleys and Hills","TPL","H07130011","NRSA 2018-19"
"NRS18_KS_RF003","NRS18_KS_RF003",38.43622,-96.5485,"Kansas","28","Flint Hills","TPL","H11070203","NRSA 2018-19"
"NRS18_NJ_10005","NRS18_NJ_10005",40.700159,-74.787783,"New Jersey","58","Northeastern Highlands","NAP","H02030105","NRSA 2018-19"
"NRS18_NV_10007","NRS18_NV_10007",41.552435,-116.196014,"Nevada","80","Northern Basin and Range","XER","H17050105","NRSA 2018-19"
"NRS18_NH_10005","NRS18_NH_10005",43.193173,-71.523505,"New Hampshire","59","Northeastern Coastal Zone","NAP","H01070006","NRSA 2018-19"
"NRS18_AR_10002","NRS18_AR_10002",35.625981,-89.879329,"Arkansas","73","Mississippi Alluvial Plain","CPL","H08010100","NRSA 2018-19"
"NRS18_WA_10035","NRS18_WA_10035",46.241495,-120.41275,"Washington","10","Columbia Plateau","XER","H17030003","NRSA 2018-19"
"NRS18_SD_10016","NRS18_SD_10016",43.829181,-103.459057,"South Dakota","17","Middle Rockies","WMT","H10120109","NRSA 2018-19"
"NRS18_WI_10069","NRS18_WI_10069",45.680212,-92.070578,"Wisconsin","51","North Central Hardwood Forests","UMW","H07030001","NRSA 2018-19"
"NRS18_MO_10011","NRS18_MO_10011",39.176052,-90.717222,"Missouri","72","Interior River Valleys and Hills","TPL","H07110004","NRSA 2018-19"
"NRS18_KY_10019","NRS18_KY_10019",38.685881,-85.178314,"Kentucky","71","Interior Plateau","SAP","H05090203","NRSA 2018-19"
"NRS18_MA_10013","NRS18_MA_10013",42.12794,-73.306809,"Massachusetts","58","Northeastern Highlands","NAP","H01100005","NRSA 2018-19"
"NRS18_MI_10052","NRS18_MI_10052",43.320673,-83.996991,"Michigan","57","Huron/Erie Lake Plains","TPL","H04080204","NRSA 2018-19"
"NRS18_CT_10018","NRS18_CT_10018",42.046913,-73.311725,"Connecticut","58","Northeastern Highlands","NAP","H01100005","NRSA 2018-19"
"NRS18_NE_10018","NRS18_NE_10018",40.841658,-99.744375,"Nebraska","27","Central Great Plains","SPL","H10200101","NRSA 2018-19"
"NRS18_IL_10020","NRS18_IL_10020",41.533279,-89.103726,"Illinois","54","Central Corn Belt Plains","TPL","H07130001","NRSA 2018-19"
"NRS18_WA_10065","NRS18_WA_10065",48.455054,-120.566141,"Washington","77","North Cascades","WMT","H17020008","NRSA 2018-19"
"NRS18_WA_10017","NRS18_WA_10017",47.990679,-123.502294,"Washington","77","North Cascades","WMT","H17110020","NRSA 2018-19"
"NRS18_WA_10010","NRS18_WA_10010",47.728918,-121.427561,"Washington","77","North Cascades","WMT","H17110009","NRSA 2018-19"
"NRS18_CA_10343","NRS18_CA_10343",40.307676,-121.858138,"California","6","Central California Foothills and Coastal Mountains","XER","H18020155","NRSA 2018-19"
"NRS18_MI_10047","NRS18_MI_10047",43.034841,-83.933231,"Michigan","56","Southern Michigan/Northern Indiana Drift Plains","UMW","H04080204","NRSA 2018-19"
"NRS18_NY_10033","NRS18_NY_10033",44.913348,-74.939466,"New York","83","Eastern Great Lakes Lowlands","NAP","H04150304","NRSA 2018-19"
"NRS18_NV_10001","NRS18_NV_10001",40.7413,-115.554364,"Nevada","13","Central Basin and Range","XER","H16040103","NRSA 2018-19"
"NRS18_WA_10044","NRS18_WA_10044",48.385004,-120.296423,"Washington","77","North Cascades","WMT","H17020008","NRSA 2018-19"
"NRS18_MA_10182","NRS18_MA_10182",42.540225,-72.86833,"Massachusetts","58","Northeastern Highlands","NAP","H01080206","NRSA 2018-19"
"NRS18_IL_10011","NRS18_IL_10011",41.151962,-87.914183,"Illinois","54","Central Corn Belt Plains","TPL","H07120001","NRSA 2018-19"
"NRS18_NY_10036","NRS18_NY_10036",44.622794,-75.226979,"New York","83","Eastern Great Lakes Lowlands","NAP","H04150304","NRSA 2018-19"
"NRS18_IL_10364","NRS18_IL_10364",39.160398,-89.095463,"Illinois","72","Interior River Valleys and Hills","TPL","H07140202","NRSA 2018-19"
"NRS18_OR_10016","NRS18_OR_10016",45.7653,-117.759881,"Oregon","11","Blue Mountains","WMT","H17060106","NRSA 2018-19"
"NRS18_NY_10015","NRS18_NY_10015",44.259282,-75.767434,"New York","83","Eastern Great Lakes Lowlands","NAP","H04150303","NRSA 2018-19"
"NRS18_ND_10054","NRS18_ND_10054",47.182266,-101.794264,"North Dakota","43","Northwestern Great Plains","NPL","H10130201","NRSA 2018-19"
"NRS18_KS_10033","NRS18_KS_10033",39.006699,-95.290439,"Kansas","40","Central Irregular Plains","TPL","H10270104","NRSA 2018-19"
"NRS18_WA_10519","NRS18_WA_10519",45.799944,-120.214183,"Washington","10","Columbia Plateau","XER","H17070101","NRSA 2018-19"
"NRS18_IL_10971","NRS18_IL_10971",39.92721,-87.84035,"Illinois","54","Central Corn Belt Plains","TPL","H05120108","NRSA 2018-19"
"NRS18_MA_10003","NRS18_MA_10003",42.709168,-72.45897,"Massachusetts","59","Northeastern Coastal Zone","NAP","H01080201","NRSA 2018-19"
"NRS18_MA_10019","NRS18_MA_10019",42.587269,-72.724018,"Massachusetts","58","Northeastern Highlands","NAP","H01080203","NRSA 2018-19"
"NRS18_ID_10001","NRS18_ID_10001",45.331483,-115.949949,"Idaho","16","Idaho Batholith","WMT","H17060208","NRSA 2018-19"
"NRS18_WI_10029","NRS18_WI_10029",43.023131,-89.400968,"Wisconsin","53","Southeastern Wisconsin Till Plains","TPL","H07090002","NRSA 2018-19"
"NRS18_WA_10060","NRS18_WA_10060",46.76266,-123.415852,"Washington","1","Coast Range","WMT","H17100106","NRSA 2018-19"
"NRS18_WA_10360","NRS18_WA_10360",46.788552,-123.446802,"Washington","1","Coast Range","WMT","H17100106","NRSA 2018-19"
"NRS18_WA_10018","NRS18_WA_10018",47.573646,-123.583234,"Washington","1","Coast Range","WMT","H17100102","NRSA 2018-19"
"NRS18_WA_10032","NRS18_WA_10032",47.582447,-124.298059,"Washington","1","Coast Range","WMT","H17100102","NRSA 2018-19"
"NRS18_DE_10005","NRS18_DE_10005",39.636487,-75.731717,"Delaware","63","Middle Atlantic Coastal Plain","CPL","H02040205","NRSA 2018-19"
"NRS18_OR_10015","NRS18_OR_10015",45.564446,-123.573102,"Oregon","1","Coast Range","WMT","H17100203","NRSA 2018-19"
"NRS18_KY_10020","NRS18_KY_10020",38.123412,-83.553826,"Kentucky","71","Interior Plateau","SAP","H05100101","NRSA 2018-19"
"NRS18_ID_10016","NRS18_ID_10016",42.939305,-115.701441,"Idaho","12","Snake River Plain","XER","H17050101","NRSA 2018-19"
"NRS18_RI_10018","NRS18_RI_10018",41.912787,-71.443436,"Rhode Island","59","Northeastern Coastal Zone","NAP","H01090004","NRSA 2018-19"
"NRS18_RI_10019","NRS18_RI_10019",41.915517,-71.666989,"Rhode Island","59","Northeastern Coastal Zone","NAP","H01090003","NRSA 2018-19"
"NRS18_WA_10016","NRS18_WA_10016",46.52077,-121.240418,"Washington","9","Eastern Cascades Slopes and Foothills","WMT","H17030002","NRSA 2018-19"
"NRS18_MA_10014","NRS18_MA_10014",42.625806,-72.360683,"Massachusetts","58","Northeastern Highlands","NAP","H01080202","NRSA 2018-19"
"NRS18_WA_10006","NRS18_WA_10006",46.228954,-123.392951,"Washington","1","Coast Range","WMT","H17080003","NRSA 2018-19"
"NRS18_WA_10034","NRS18_WA_10034",45.930854,-122.70963,"Washington","3","Willamette Valley","WMT","H17080002","NRSA 2018-19"
"NRS18_IL_10012","NRS18_IL_10012",41.900017,-89.48215,"Illinois","54","Central Corn Belt Plains","TPL","H07090005","NRSA 2018-19"
"NRS18_RI_10183","NRS18_RI_10183",41.478426,-71.684355,"Rhode Island","59","Northeastern Coastal Zone","NAP","H01090005","NRSA 2018-19"
"NRS18_IL_10024","NRS18_IL_10024",41.713759,-89.906751,"Illinois","54","Central Corn Belt Plains","TPL","H07090005","NRSA 2018-19"
"NRS18_WA_10212","NRS18_WA_10212",46.259308,-117.311102,"Washington","10","Columbia Plateau","XER","H17060103","NRSA 2018-19"
"NRS18_RI_10194","NRS18_RI_10194",41.979221,-71.709464,"Rhode Island","59","Northeastern Coastal Zone","NAP","H01090003","NRSA 2018-19"
"NRS18_CA_10056","NRS18_CA_10056",36.779035,-120.233343,"California","7","Central California Valley","XER","H18040001","NRSA 2018-19"
"NRS18_AL_10007","NRS18_AL_10007",33.412813,-86.751899,"Alabama","67","Ridge and Valley","SAP","H03150202","NRSA 2018-19"
"NRS18_AL_10002","NRS18_AL_10002",34.950922,-87.042028,"Alabama","71","Interior Plateau","SAP","H06030004","NRSA 2018-19"
"NRS18_NE_10029","NRS18_NE_10029",40.037535,-96.488892,"Nebraska","47","Western Corn Belt Plains","TPL","H10270205","NRSA 2018-19"
"NRS18_UT_10008","NRS18_UT_10008",37.743063,-112.098591,"Utah","19","Wasatch and Uinta Mountains","WMT","H16030002","NRSA 2018-19"
"NRS18_KS_10005","NRS18_KS_10005",37.881647,-95.676007,"Kansas","40","Central Irregular Plains","TPL","H11070204","NRSA 2018-19"
"NRS18_SD_10003","NRS18_SD_10003",43.241115,-99.187157,"South Dakota","42","Northwestern Glaciated Plains","NPL","H10140101","NRSA 2018-19"
"NRS18_NV_10638","NRS18_NV_10638",41.025402,-115.53004,"Nevada","13","Central Basin and Range","XER","H16040102","NRSA 2018-19"
"NRS18_RI_10003","NRS18_RI_10003",41.848045,-71.786838,"Rhode Island","59","Northeastern Coastal Zone","NAP","H01090004","NRSA 2018-19"
"NRS18_PA_10020","NRS18_PA_10020",41.648131,-75.786121,"Pennsylvania","60","Northern Allegheny Plateau","NAP","H02050106","NRSA 2018-19"
"NRS18_NY_10035","NRS18_NY_10035",43.80096,-75.466686,"New York","83","Eastern Great Lakes Lowlands","NAP","H04150101","NRSA 2018-19"
"NRS18_AR_10010","NRS18_AR_10010",35.601838,-89.90212,"Arkansas","73","Mississippi Alluvial Plain","CPL","H08010100","NRSA 2018-19"
"NRS18_NE_10021","NRS18_NE_10021",41.4629,-95.955353,"Nebraska","47","Western Corn Belt Plains","TPL","H10230006","NRSA 2018-19"
"NRS18_AL_10016","NRS18_AL_10016",33.584831,-87.095723,"Alabama","68","Southwestern Appalachians","SAP","H03160111","NRSA 2018-19"
"NRS18_ND_10023","NRS18_ND_10023",46.092856,-103.035223,"North Dakota","43","Northwestern Great Plains","NPL","H10130301","NRSA 2018-19"
"NRS18_IA_10019","NRS18_IA_10019",43.092862,-91.176583,"Iowa","52","Driftless Area","UMW","H07060001","NRSA 2018-19"
"NRS18_IA_10042","NRS18_IA_10042",43.109755,-91.176453,"Iowa","52","Driftless Area","UMW","H07060001","NRSA 2018-19"
"NRS18_OK_10923","NRS18_OK_10923",33.968242,-94.740459,"Oklahoma","35","South Central Plains","CPL","H11140107","NRSA 2018-19"
"NRS18_WI_10243","NRS18_WI_10243",45.914339,-88.722243,"Wisconsin","50","Northern Lakes and Forests","UMW","H04030108","NRSA 2018-19"
"NRS18_TX_10013","NRS18_TX_10013",31.762476,-100.140482,"Texas","26","Southwestern Tablelands","SPL","H12090101","NRSA 2018-19"
"NRS18_CO_RF002","NRS18_CO_RF002",40.1307,-105.52889,"Colorado","21","Southern Rockies","WMT","H10190005","NRSA 2018-19"
"NRS18_ID_10012","NRS18_ID_10012",43.963471,-116.189154,"Idaho","16","Idaho Batholith","WMT","H17050122","NRSA 2018-19"
"NRS18_NV_10195","NRS18_NV_10195",41.988899,-114.99595,"Nevada","80","Northern Basin and Range","XER","H17040213","NRSA 2018-19"
"NRS18_AR_10018","NRS18_AR_10018",33.63585,-93.906379,"Arkansas","35","South Central Plains","CPL","H11140109","NRSA 2018-19"
"NRS18_CA_10020","NRS18_CA_10020",36.908817,-119.776228,"California","7","Central California Valley","XER","H18040001","NRSA 2018-19"
"NRS18_UT_10027","NRS18_UT_10027",37.771499,-112.389483,"Utah","19","Wasatch and Uinta Mountains","WMT","H16030001","NRSA 2018-19"
"NRS18_WA_10038","NRS18_WA_10038",48.469911,-120.17568,"Washington","10","Columbia Plateau","XER","H17020008","NRSA 2018-19"
"NRS18_SD_10031","NRS18_SD_10031",43.179588,-99.041169,"South Dakota","42","Northwestern Glaciated Plains","NPL","H10140101","NRSA 2018-19"
"NRS18_CA_10324","NRS18_CA_10324",37.499352,-118.141243,"California","13","Central Basin and Range","XER","H18090201","NRSA 2018-19"
"NRS18_DE_10015","NRS18_DE_10015",39.81747,-75.642293,"Delaware","64","Northern Piedmont","SAP","H02040205","NRSA 2018-19"
"NRS18_IA_RF001","NRS18_IA_RF001",40.83555,-93.85719,"Iowa","40","Central Irregular Plains","TPL","H10280102","NRSA 2018-19"
"NRS18_CT_10008","NRS18_CT_10008",42.010089,-72.632325,"Connecticut","59","Northeastern Coastal Zone","NAP","H01080205","NRSA 2018-19"
"NRS18_WI_10043","NRS18_WI_10043",45.669594,-88.790864,"Wisconsin","50","Northern Lakes and Forests","UMW","H04030105","NRSA 2018-19"
"NRS18_NY_10027","NRS18_NY_10027",43.580799,-75.959083,"New York","58","Northeastern Highlands","NAP","H04140102","NRSA 2018-19"
"NRS18_AR_10006","NRS18_AR_10006",34.695001,-90.645885,"Arkansas","73","Mississippi Alluvial Plain","CPL","H08020203","NRSA 2018-19"
"NRS18_NE_10026","NRS18_NE_10026",41.64471,-96.095473,"Nebraska","47","Western Corn Belt Plains","TPL","H10230001","NRSA 2018-19"
"NRS18_TX_10056","NRS18_TX_10056",31.484585,-100.319412,"Texas","27","Central Great Plains","SPL","H12090105","NRSA 2018-19"
"NRS18_AR_10190","NRS18_AR_10190",34.280395,-94.448356,"Arkansas","36","Ouachita Mountains","SAP","H11140109","NRSA 2018-19"
"NRS18_ND_10001","NRS18_ND_10001",46.417942,-103.512371,"North Dakota","43","Northwestern Great Plains","NPL","H10110203","NRSA 2018-19"
"NRS18_UT_10015","NRS18_UT_10015",37.685959,-112.399679,"Utah","19","Wasatch and Uinta Mountains","WMT","H16030001","NRSA 2018-19"
"NRS18_PA_10002","NRS18_PA_10002",41.419916,-78.747751,"Pennsylvania","62","North Central Appalachians","NAP","H05010005","NRSA 2018-19"
"NRS18_NH_10002","NRS18_NH_10002",44.243085,-72.048186,"New Hampshire","58","Northeastern Highlands","NAP","H01080103","NRSA 2018-19"
"NRS18_IA_10035","NRS18_IA_10035",42.692061,-90.962878,"Iowa","52","Driftless Area","UMW","H07060003","NRSA 2018-19"
"NRS18_NV_10026","NRS18_NV_10026",41.696426,-115.856903,"Nevada","80","Northern Basin and Range","XER","H17050104","NRSA 2018-19"
"NRS18_CO_11276","NRS18_CO_11276",40.73579,-108.78052,"Colorado","18","Wyoming Basin","XER","H14040109","NRSA 2018-19"
"NRS18_CA_10352","NRS18_CA_10352",37.003097,-118.294521,"California","13","Central Basin and Range","XER","H18090103","NRSA 2018-19"
"NRS18_WV_RF003","NRS18_WV_RF003",39.320454,-79.68259,"West Virginia","67","Ridge and Valley","SAP","H05020004","NRSA 2018-19"
"NRS18_OK_10022","NRS18_OK_10022",34.066991,-94.905286,"Oklahoma","35","South Central Plains","CPL","H11140107","NRSA 2018-19"
"NRS18_NY_10032","NRS18_NY_10032",42.978274,-74.822213,"New York","83","Eastern Great Lakes Lowlands","NAP","H02020004","NRSA 2018-19"
"NRS18_CO_RF001","NRS18_CO_RF001",40.07837,-105.58024,"Colorado","21","Southern Rockies","WMT","H10190005","NRSA 2018-19"
"NRS18_VT_10001","NRS18_VT_10001",43.903506,-72.825325,"Vermont","58","Northeastern Highlands","NAP","H01080105","NRSA 2018-19"
"NRS18_PA_10006","NRS18_PA_10006",41.443052,-75.660559,"Pennsylvania","67","Ridge and Valley","SAP","H02050107","NRSA 2018-19"
"NRS18_ID_10019","NRS18_ID_10019",44.807786,-115.930206,"Idaho","16","Idaho Batholith","WMT","H17050123","NRSA 2018-19"
"NRS18_ND_10013","NRS18_ND_10013",45.980512,-102.849786,"North Dakota","43","Northwestern Great Plains","NPL","H10130301","NRSA 2018-19"
"NRS18_LA_10008","NRS18_LA_10008",32.066176,-93.414125,"Louisiana","35","South Central Plains","CPL","H11140202","NRSA 2018-19"
"NRS18_NE_10020","NRS18_NE_10020",41.462412,-97.681915,"Nebraska","27","Central Great Plains","SPL","H10210009","NRSA 2018-19"
"NRS18_AR_10040","NRS18_AR_10040",34.644733,-91.292511,"Arkansas","73","Mississippi Alluvial Plain","CPL","H08020303","NRSA 2018-19"
"NRS18_TX_10025","NRS18_TX_10025",31.473297,-100.469448,"Texas","27","Central Great Plains","SPL","H12090104","NRSA 2018-19"
"NRS18_WA_10037","NRS18_WA_10037",47.680862,-117.157641,"Washington","15","Northern Rockies","WMT","H17010305","NRSA 2018-19"
"NRS18_CA_10028","NRS18_CA_10028",37.89016,-118.715442,"California","13","Central Basin and Range","XER","H18090101","NRSA 2018-19"
"NRS18_PA_10016","NRS18_PA_10016",40.760012,-79.546888,"Pennsylvania","70","Western Allegheny Plateau","SAP","H05010006","NRSA 2018-19"
"NRS18_OH_10037","NRS18_OH_10037",40.266122,-81.874115,"Ohio","70","Western Allegheny Plateau","SAP","H05040004","NRSA 2018-19"
"NRS18_NV_10009","NRS18_NV_10009",41.958286,-115.864525,"Nevada","80","Northern Basin and Range","XER","H17050102","NRSA 2018-19"
"NRS18_RI_10197","NRS18_RI_10197",41.905001,-71.509578,"Rhode Island","59","Northeastern Coastal Zone","NAP","H01090004","NRSA 2018-19"
"NRS18_AL_10009","NRS18_AL_10009",31.119721,-86.152487,"Alabama","65","Southeastern Plains","CPL","H03140202","NRSA 2018-19"
"NRS18_AL_10010","NRS18_AL_10010",32.228691,-87.148277,"Alabama","65","Southeastern Plains","CPL","H03150203","NRSA 2018-19"
"NRS18_AR_10026","NRS18_AR_10026",33.131928,-91.09571,"Arkansas","73","Mississippi Alluvial Plain","CPL","H08030100","NRSA 2018-19"
"NRS18_CO_10028","NRS18_CO_10028",37.968297,-108.253475,"Colorado","20","Colorado Plateaus","WMT","H14030003","NRSA 2018-19"
"NRS18_AR_10004","NRS18_AR_10004",36.114886,-91.966991,"Arkansas","39","Ozark Highlands","SAP","H11010004","NRSA 2018-19"
"NRS18_IL_10044","NRS18_IL_10044",37.986481,-89.947327,"Illinois","72","Interior River Valleys and Hills","TPL","H07140204","NRSA 2018-19"
"NRS18_AR_10008","NRS18_AR_10008",33.556304,-92.022612,"Arkansas","35","South Central Plains","CPL","H08040204","NRSA 2018-19"
"NRS18_MD_10019","NRS18_MD_10019",38.733578,-77.035498,"Maryland","65","Southeastern Plains","CPL","H02070010","NRSA 2018-19"
"NRS18_CA_10030","NRS18_CA_10030",37.392127,-120.790918,"California","7","Central California Valley","XER","H18040008","NRSA 2018-19"
"NRS18_UT_10026","NRS18_UT_10026",40.144026,-110.751844,"Utah","20","Colorado Plateaus","XER","H14060004","NRSA 2018-19"
"NRS18_IN_10026","NRS18_IN_10026",41.555093,-85.780093,"Indiana","56","Southern Michigan/Northern Indiana Drift Plains","UMW","H04050001","NRSA 2018-19"
"NRS18_AR_10025","NRS18_AR_10025",36.083004,-91.54012,"Arkansas","39","Ozark Highlands","SAP","H11010012","NRSA 2018-19"
"NRS18_WA_10025","NRS18_WA_10025",46.033785,-117.112504,"Washington","11","Blue Mountains","WMT","H17060106","NRSA 2018-19"
"NRS18_TX_10068","NRS18_TX_10068",31.41618,-106.100815,"Texas","24","Chihuahuan Deserts","XER","H13040100","NRSA 2018-19"
"NRS18_IL_10027","NRS18_IL_10027",37.589478,-89.374192,"Illinois","72","Interior River Valleys and Hills","SAP","H07140105","NRSA 2018-19"
"NRS18_NV_10014","NRS18_NV_10014",40.705714,-116.56634,"Nevada","13","Central Basin and Range","XER","H16040105","NRSA 2018-19"
"NRS18_CA_10021","NRS18_CA_10021",38.732322,-120.4784,"California","5","Sierra Nevada","WMT","H18040013","NRSA 2018-19"
"NRS18_KS_10125","NRS18_KS_10125",39.473513,-95.601379,"Kansas","47","Western Corn Belt Plains","TPL","H10270103","NRSA 2018-19"
"NRS18_PA_10035","NRS18_PA_10035",40.364242,-75.272949,"Pennsylvania","64","Northern Piedmont","SAP","H02040203","NRSA 2018-19"
"NRS18_MS_10001","NRS18_MS_10001",31.197234,-89.690554,"Mississippi","65","Southeastern Plains","CPL","H03180004","NRSA 2018-19"
"NRS18_MS_10002","NRS18_MS_10002",30.883391,-88.773552,"Mississippi","65","Southeastern Plains","CPL","H03170006","NRSA 2018-19"
"NRS18_NE_10008","NRS18_NE_10008",42.449065,-102.998959,"Nebraska","25","High Plains","SPL","H10150003","NRSA 2018-19"
"NRS18_CA_10788","NRS18_CA_10788",37.667858,-120.475064,"California","7","Central California Valley","XER","H18040009","NRSA 2018-19"
"NRS18_NY_10007","NRS18_NY_10007",42.115469,-79.266368,"New York","61","Erie Drift Plain","NAP","H05010002","NRSA 2018-19"
"NRS18_IN_10347","NRS18_IN_10347",41.449044,-86.139247,"Indiana","56","Southern Michigan/Northern Indiana Drift Plains","UMW","H07120001","NRSA 2018-19"
"NRS18_CO_10825","NRS18_CO_10825",37.35076,-108.295736,"Colorado","20","Colorado Plateaus","XER","H14080107","NRSA 2018-19"
"NRS18_UT_10434","NRS18_UT_10434",40.887533,-109.221369,"Utah","18","Wyoming Basin","XER","H14040106","NRSA 2018-19"
"NRS18_AR_10016","NRS18_AR_10016",35.510342,-91.92887,"Arkansas","37","Arkansas Valley","SAP","H11010014","NRSA 2018-19"
"NRS18_SD_10010","NRS18_SD_10010",45.001438,-98.637658,"South Dakota","46","Northern Glaciated Plains","TPL","H10160008","NRSA 2018-19"
"NRS18_DE_10008","NRS18_DE_10008",39.047502,-75.7315,"Delaware","63","Middle Atlantic Coastal Plain","CPL","H02060005","NRSA 2018-19"
"NRS18_PA_10068","NRS18_PA_10068",40.171199,-74.824208,"Pennsylvania","63","Middle Atlantic Coastal Plain","CPL","H02040201","NRSA 2018-19"
"NRS18_NH_10004","NRS18_NH_10004",43.865808,-72.178217,"New Hampshire","58","Northeastern Highlands","NAP","H01080104","NRSA 2018-19"
"NRS18_TX_10005","NRS18_TX_10005",30.654497,-97.927356,"Texas","30","Edwards Plateau","SPL","H12070205","NRSA 2018-19"
"NRS18_MD_10002","NRS18_MD_10002",39.066369,-77.389579,"Maryland","64","Northern Piedmont","SAP","H02070008","NRSA 2018-19"
"NRS18_CA_10016","NRS18_CA_10016",37.596376,-121.128761,"California","7","Central California Valley","XER","H18040009","NRSA 2018-19"
"NRS18_NE_10049","NRS18_NE_10049",42.977258,-102.846036,"Nebraska","25","High Plains","SPL","H10140201","NRSA 2018-19"
"NRS18_FL_10035","NRS18_FL_10035",30.238822,-81.789702,"Florida","75","Southern Coastal Plain","CPL","H03080103","NRSA 2018-19"
"NRS18_IL_10016","NRS18_IL_10016",37.57781,-88.651275,"Illinois","71","Interior Plateau","SAP","H05140204","NRSA 2018-19"
"NRS18_CT_10036","NRS18_CT_10036",41.288635,-72.866114,"Connecticut","59","Northeastern Coastal Zone","NAP","H01100004","NRSA 2018-19"
"NRS18_SC_10479","NRS18_SC_10479",34.849153,-83.053635,"South Carolina","45","Piedmont","SAP","H03060101","NRSA 2018-19"
"NRS18_IN_10021","NRS18_IN_10021",41.265304,-86.31625,"Indiana","56","Southern Michigan/Northern Indiana Drift Plains","UMW","H07120001","NRSA 2018-19"
"NRS18_NY_10019","NRS18_NY_10019",43.137668,-76.295506,"New York","83","Eastern Great Lakes Lowlands","NAP","H04140201","NRSA 2018-19"
"NRS18_AR_10191","NRS18_AR_10191",36.096458,-92.118224,"Arkansas","39","Ozark Highlands","SAP","H11010004","NRSA 2018-19"
"NRS18_AR_10039","NRS18_AR_10039",35.628763,-90.985125,"Arkansas","73","Mississippi Alluvial Plain","CPL","H08020302","NRSA 2018-19"
"NRS18_NV_10013","NRS18_NV_10013",40.574713,-116.440465,"Nevada","13","Central Basin and Range","XER","H16040105","NRSA 2018-19"
"NRS18_SD_10015","NRS18_SD_10015",44.684885,-98.296766,"South Dakota","46","Northern Glaciated Plains","TPL","H10160006","NRSA 2018-19"
"NRS18_OR_10059","NRS18_OR_10059",45.462166,-122.943256,"Oregon","3","Willamette Valley","WMT","H17090010","NRSA 2018-19"
"NRS18_NY_10061","NRS18_NY_10061",43.166566,-75.976363,"New York","83","Eastern Great Lakes Lowlands","NAP","H04140202","NRSA 2018-19"
"NRS18_MI_10531","NRS18_MI_10531",42.923925,-84.989547,"Michigan","56","Southern Michigan/Northern Indiana Drift Plains","UMW","H04050006","NRSA 2018-19"
"NRS18_WV_RF002","NRS18_WV_RF002",39.61255,-78.29421,"West Virginia","67","Ridge and Valley","SAP","H02070003","NRSA 2018-19"
"NRS18_MD_10010","NRS18_MD_10010",39.31512,-77.655399,"Maryland","64","Northern Piedmont","SAP","H02070008","NRSA 2018-19"
"NRS18_UT_10014","NRS18_UT_10014",40.057322,-111.455149,"Utah","19","Wasatch and Uinta Mountains","WMT","H16020202","NRSA 2018-19"
"NRS18_IN_10008","NRS18_IN_10008",41.371901,-86.189415,"Indiana","56","Southern Michigan/Northern Indiana Drift Plains","UMW","H07120001","NRSA 2018-19"
"NRS18_NE_10046","NRS18_NE_10046",42.949262,-102.902594,"Nebraska","43","Northwestern Great Plains","NPL","H10140201","NRSA 2018-19"
"NRS18_TN_10005","NRS18_TN_10005",35.500117,-88.637732,"Tennessee","65","Southeastern Plains","CPL","H08010205","NRSA 2018-19"
"NRS18_SC_10010","NRS18_SC_10010",33.89573,-82.01938,"South Carolina","45","Piedmont","SAP","H03060107","NRSA 2018-19"
"NRS18_CO_10014","NRS18_CO_10014",39.186292,-108.904768,"Colorado","20","Colorado Plateaus","XER","H14010005","NRSA 2018-19"
"NRS18_IN_10025","NRS18_IN_10025",41.070745,-86.620674,"Indiana","56","Southern Michigan/Northern Indiana Drift Plains","UMW","H05120106","NRSA 2018-19"
"NRS18_TX_10046","NRS18_TX_10046",29.806243,-95.214166,"Texas","34","Western Gulf Coastal Plain","CPL","H12040104","NRSA 2018-19"
"NRS18_ID_10008","NRS18_ID_10008",44.209865,-115.546738,"Idaho","16","Idaho Batholith","WMT","H17050120","NRSA 2018-19"
"NRS18_CO_10003","NRS18_CO_10003",39.369364,-106.452434,"Colorado","21","Southern Rockies","WMT","H14010003","NRSA 2018-19"
"NRS18_CO_10068","NRS18_CO_10068",39.425759,-106.412424,"Colorado","21","Southern Rockies","WMT","H14010003","NRSA 2018-19"
"NRS18_CO_10374","NRS18_CO_10374",39.285944,-108.833578,"Colorado","20","Colorado Plateaus","XER","H14010005","NRSA 2018-19"
"NRS18_UT_10044","NRS18_UT_10044",41.703973,-111.919446,"Utah","13","Central Basin and Range","XER","H16010203","NRSA 2018-19"
"NRS18_NV_10006","NRS18_NV_10006",41.005648,-117.339338,"Nevada","13","Central Basin and Range","XER","H16040105","NRSA 2018-19"
"NRS18_SC_10004","NRS18_SC_10004",34.826529,-80.815264,"South Carolina","45","Piedmont","SAP","H03050103","NRSA 2018-19"
"NRS18_TN_10011","NRS18_TN_10011",35.071178,-89.856144,"Tennessee","74","Mississippi Valley Loess Plains","CPL","H08010211","NRSA 2018-19"
"NRS18_AR_10046","NRS18_AR_10046",35.865512,-90.844734,"Arkansas","73","Mississippi Alluvial Plain","CPL","H08020302","NRSA 2018-19"
"NRS18_AR_10022","NRS18_AR_10022",36.3554,-90.952866,"Arkansas","39","Ozark Highlands","SAP","H11010009","NRSA 2018-19"
"NRS18_IL_10019","NRS18_IL_10019",37.950132,-89.426976,"Illinois","72","Interior River Valleys and Hills","TPL","H07140106","NRSA 2018-19"
"NRS18_CO_10002","NRS18_CO_10002",38.865313,-108.398139,"Colorado","20","Colorado Plateaus","XER","H14020005","NRSA 2018-19"
"NRS18_AR_10024","NRS18_AR_10024",36.429408,-90.757657,"Arkansas","73","Mississippi Alluvial Plain","CPL","H11010008","NRSA 2018-19"
"NRS18_CO_11124","NRS18_CO_11124",39.64406,-107.019268,"Colorado","21","Southern Rockies","WMT","H14010003","NRSA 2018-19"
"NRS18_MA_10185","NRS18_MA_10185",42.019108,-70.971457,"Massachusetts","59","Northeastern Coastal Zone","NAP","H01090004","NRSA 2018-19"
"NRS18_MT_10041","NRS18_MT_10041",48.221776,-105.121677,"Montana","42","Northwestern Glaciated Plains","NPL","H10060003","NRSA 2018-19"
"NRS18_IL_10026","NRS18_IL_10026",37.096309,-89.293412,"Illinois","73","Mississippi Alluvial Plain","CPL","H07140105","NRSA 2018-19"
"NRS18_AR_10489","NRS18_AR_10489",35.522036,-94.0714,"Arkansas","37","Arkansas Valley","SAP","H11110201","NRSA 2018-19"
"NRS18_CO_10013","NRS18_CO_10013",39.163918,-107.806213,"Colorado","21","Southern Rockies","WMT","H14010005","NRSA 2018-19"
"NRS18_CO_10016","NRS18_CO_10016",39.88667,-104.93108,"Colorado","25","High Plains","SPL","H10190003","NRSA 2018-19"
"NRS18_ND_10075","NRS18_ND_10075",46.824139,-102.502092,"North Dakota","43","Northwestern Great Plains","NPL","H10130202","NRSA 2018-19"
"NRS18_ID_10003","NRS18_ID_10003",42.461211,-111.91257,"Idaho","80","Northern Basin and Range","XER","H16010202","NRSA 2018-19"
"NRS18_UT_10046","NRS18_UT_10046",40.762091,-111.17982,"Utah","19","Wasatch and Uinta Mountains","WMT","H16020101","NRSA 2018-19"
"NRS18_AR_10021","NRS18_AR_10021",36.434116,-90.3488,"Arkansas","73","Mississippi Alluvial Plain","CPL","H08020302","NRSA 2018-19"
"NRS18_CO_10053","NRS18_CO_10053",39.549231,-105.131743,"Colorado","21","Southern Rockies","WMT","H10190002","NRSA 2018-19"
"NRS18_AR_10027","NRS18_AR_10027",36.088933,-94.027493,"Arkansas","38","Boston Mountains","SAP","H11010001","NRSA 2018-19"
"NRS18_MS_10003","NRS18_MS_10003",32.64696,-90.33467,"Mississippi","74","Mississippi Valley Loess Plains","CPL","H08060202","NRSA 2018-19"
"NRS18_MS_10014","NRS18_MS_10014",33.371817,-88.996234,"Mississippi","65","Southeastern Plains","CPL","H03160108","NRSA 2018-19"
"NRS18_RI_10004","NRS18_RI_10004",41.506539,-71.712288,"Rhode Island","59","Northeastern Coastal Zone","NAP","H01090005","NRSA 2018-19"
"NRS18_CO_10071","NRS18_CO_10071",39.073835,-108.419743,"Colorado","20","Colorado Plateaus","XER","H14010005","NRSA 2018-19"
"NRS18_OR_10020","NRS18_OR_10020",45.262802,-118.399834,"Oregon","11","Blue Mountains","WMT","H17060104","NRSA 2018-19"
"NRS18_KS_10091","NRS18_KS_10091",37.691715,-97.775414,"Kansas","27","Central Great Plains","SPL","H11030014","NRSA 2018-19"
"NRS18_ID_10245","NRS18_ID_10245",42.455556,-112.00183,"Idaho","80","Northern Basin and Range","XER","H17040208","NRSA 2018-19"
"NRS18_WI_10047","NRS18_WI_10047",43.038467,-90.255123,"Wisconsin","52","Driftless Area","UMW","H07070005","NRSA 2018-19"
"NRS18_NE_10038","NRS18_NE_10038",40.051346,-99.767498,"Nebraska","27","Central Great Plains","SPL","H10250011","NRSA 2018-19"
"NRS18_CO_10063","NRS18_CO_10063",40.41411,-104.993699,"Colorado","25","High Plains","SPL","H10190006","NRSA 2018-19"
"NRS18_GA_10027","NRS18_GA_10027",33.609594,-82.21193,"Georgia","45","Piedmont","SAP","H03060106","NRSA 2018-19"
"NRS18_RI_10009","NRS18_RI_10009",41.400649,-71.7311,"Rhode Island","59","Northeastern Coastal Zone","NAP","H01090005","NRSA 2018-19"
"NRS18_MS_10009","NRS18_MS_10009",31.586232,-90.810352,"Mississippi","74","Mississippi Valley Loess Plains","CPL","H08060205","NRSA 2018-19"
"NRS18_TX_10038","NRS18_TX_10038",29.868575,-98.187659,"Texas","30","Edwards Plateau","SPL","H12100202","NRSA 2018-19"
"NRS18_VT_10184","NRS18_VT_10184",43.510473,-73.24101,"Vermont","58","Northeastern Highlands","NAP","H04150401","NRSA 2018-19"
"NRS18_IL_10004","NRS18_IL_10004",39.216219,-89.020557,"Illinois","72","Interior River Valleys and Hills","TPL","H07140201","NRSA 2018-19"
"NRS18_SD_10023","NRS18_SD_10023",43.966882,-98.980778,"South Dakota","42","Northwestern Glaciated Plains","NPL","H10140105","NRSA 2018-19"
"NRS18_AR_10007","NRS18_AR_10007",35.678175,-93.744089,"Arkansas","38","Boston Mountains","SAP","H11110201","NRSA 2018-19"
"NRS18_CA_10389","NRS18_CA_10389",38.321314,-119.67407,"California","5","Sierra Nevada","WMT","H18040010","NRSA 2018-19"
"NRS18_VT_10008","NRS18_VT_10008",43.238368,-73.249599,"Vermont","58","Northeastern Highlands","NAP","H02020003","NRSA 2018-19"
"NRS18_ID_10842","NRS18_ID_10842",42.879947,-112.473128,"Idaho","12","Snake River Plain","XER","H17040208","NRSA 2018-19"
"NRS18_NE_10034","NRS18_NE_10034",40.397265,-99.771487,"Nebraska","27","Central Great Plains","SPL","H10250009","NRSA 2018-19"
"NRS18_WI_10004","NRS18_WI_10004",43.532966,-90.629795,"Wisconsin","52","Driftless Area","UMW","H07070006","NRSA 2018-19"
"NRS18_ND_10019","NRS18_ND_10019",46.503703,-102.753019,"North Dakota","43","Northwestern Great Plains","NPL","H10130204","NRSA 2018-19"
"NRS18_MA_10007","NRS18_MA_10007",42.14235,-70.89255,"Massachusetts","59","Northeastern Coastal Zone","NAP","H01090002","NRSA 2018-19"
"NRS18_TX_10040","NRS18_TX_10040",29.650867,-100.020381,"Texas","30","Edwards Plateau","SPL","H12110101","NRSA 2018-19"
"NRS18_MS_10012","NRS18_MS_10012",33.509465,-90.414564,"Mississippi","73","Mississippi Alluvial Plain","CPL","H08030207","NRSA 2018-19"
"NRS18_CO_11278","NRS18_CO_11278",38.713643,-109.009336,"Colorado","20","Colorado Plateaus","XER","H14030004","NRSA 2018-19"
"NRS18_MO_10014","NRS18_MO_10014",36.45933,-89.468063,"Missouri","73","Mississippi Alluvial Plain","CPL","H08010100","NRSA 2018-19"
"NRS18_OK_10019","NRS18_OK_10019",33.843919,-96.298247,"Oklahoma","33","East Central Texas Plains","CPL","H11140101","NRSA 2018-19"
"NRS18_NH_10020","NRS18_NH_10020",42.954752,-72.530911,"New Hampshire","59","Northeastern Coastal Zone","NAP","H01080107","NRSA 2018-19"
"NRS18_KY_10026","NRS18_KY_10026",39.033531,-84.500623,"Kentucky","71","Interior Plateau","SAP","H05100101","NRSA 2018-19"
"NRS18_FL_10009","NRS18_FL_10009",27.412117,-81.141188,"Florida","75","Southern Coastal Plain","CPL","H03090101","NRSA 2018-19"
"NRS18_CO_10050","NRS18_CO_10050",39.638656,-102.113654,"Colorado","25","High Plains","SPL","H10250003","NRSA 2018-19"
"NRS18_MO_10013","NRS18_MO_10013",36.498406,-90.279244,"Missouri","73","Mississippi Alluvial Plain","CPL","H08020302","NRSA 2018-19"
"NRS18_ND_10011","NRS18_ND_10011",46.458988,-102.656837,"North Dakota","43","Northwestern Great Plains","NPL","H10130204","NRSA 2018-19"
"NRS18_NE_10037","NRS18_NE_10037",40.332574,-101.052562,"Nebraska","27","Central Great Plains","SPL","H10250005","NRSA 2018-19"
"NRS18_RI_10017","NRS18_RI_10017",41.631467,-71.447879,"Rhode Island","59","Northeastern Coastal Zone","NAP","H01090004","NRSA 2018-19"
"NRS18_OR_10004","NRS18_OR_10004",44.901494,-118.477043,"Oregon","11","Blue Mountains","WMT","H17070202","NRSA 2018-19"
"NRS18_OR_10007","NRS18_OR_10007",44.851458,-118.142916,"Oregon","11","Blue Mountains","WMT","H17050203","NRSA 2018-19"
"NRS18_CO_11725","NRS18_CO_11725",38.735356,-108.166967,"Colorado","20","Colorado Plateaus","XER","H14020005","NRSA 2018-19"
"NRS18_IL_10033","NRS18_IL_10033",40.962835,-89.289426,"Illinois","54","Central Corn Belt Plains","TPL","H07130001","NRSA 2018-19"
"NRS18_MN_RF002","NRS18_MN_RF002",46.871676,-92.6144,"Minnesota","50","Northern Lakes and Forests","UMW","H04010201","NRSA 2018-19"
"NRS18_TX_10039","NRS18_TX_10039",29.462137,-100.001473,"Texas","30","Edwards Plateau","SPL","H12110101","NRSA 2018-19"
"NRS18_AR_10192","NRS18_AR_10192",35.624835,-93.721121,"Arkansas","38","Boston Mountains","SAP","H11110201","NRSA 2018-19"
"NRS18_IL_10015","NRS18_IL_10015",39.94937,-90.560893,"Illinois","72","Interior River Valleys and Hills","TPL","H07130011","NRSA 2018-19"
"NRS18_MI_10022","NRS18_MI_10022",42.968172,-84.051734,"Michigan","56","Southern Michigan/Northern Indiana Drift Plains","UMW","H04080203","NRSA 2018-19"
"NRS18_CO_10021","NRS18_CO_10021",38.696195,-104.711542,"Colorado","26","Southwestern Tablelands","SPL","H11020003","NRSA 2018-19"
"NRS18_CO_10033","NRS18_CO_10033",39.564637,-104.289097,"Colorado","26","Southwestern Tablelands","SPL","H10190011","NRSA 2018-19"
"NRS18_RI_10192","NRS18_RI_10192",41.732504,-71.493712,"Rhode Island","59","Northeastern Coastal Zone","NAP","H01090004","NRSA 2018-19"
"NRS18_GA_10022","NRS18_GA_10022",33.589862,-82.211967,"Georgia","45","Piedmont","SAP","H03060106","NRSA 2018-19"
"NRS18_CO_10070","NRS18_CO_10070",38.350133,-104.611143,"Colorado","26","Southwestern Tablelands","SPL","H11020003","NRSA 2018-19"
"NRS18_CO_10024","NRS18_CO_10024",38.569612,-106.942462,"Colorado","21","Southern Rockies","WMT","H14020002","NRSA 2018-19"
"NRS18_SC_10020","NRS18_SC_10020",34.311433,-82.787393,"South Carolina","45","Piedmont","SAP","H03060103","NRSA 2018-19"
"NRS18_AR_10034","NRS18_AR_10034",36.102295,-91.619698,"Arkansas","39","Ozark Highlands","SAP","H11010012","NRSA 2018-19"
"NRS18_MA_10006","NRS18_MA_10006",42.654478,-72.465142,"Massachusetts","59","Northeastern Coastal Zone","NAP","H01080201","NRSA 2018-19"
"NRS18_WI_10007","NRS18_WI_10007",44.910285,-90.493663,"Wisconsin","51","North Central Hardwood Forests","UMW","H07040007","NRSA 2018-19"
"NRS18_RI_10008","NRS18_RI_10008",41.521817,-71.592174,"Rhode Island","59","Northeastern Coastal Zone","NAP","H01090005","NRSA 2018-19"
"NRS18_IN_10013","NRS18_IN_10013",39.671847,-85.002305,"Indiana","55","Eastern Corn Belt Plains","TPL","H05080003","NRSA 2018-19"
"NRS18_CO_10523","NRS18_CO_10523",38.143219,-104.637092,"Colorado","26","Southwestern Tablelands","SPL","H11020002","NRSA 2018-19"
"NRS18_MO_10027","NRS18_MO_10027",36.051923,-90.325236,"Missouri","73","Mississippi Alluvial Plain","CPL","H08020203","NRSA 2018-19"
"NRS18_CO_10011","NRS18_CO_10011",37.17608,-105.731046,"Colorado","22","Arizona/New Mexico Plateau","XER","H13010002","NRSA 2018-19"
"NRS18_SC_10781","NRS18_SC_10781",34.50783,-81.510293,"South Carolina","45","Piedmont","SAP","H03050107","NRSA 2018-19"
"NRS18_OH_10009","NRS18_OH_10009",39.466028,-81.480586,"Ohio","70","Western Allegheny Plateau","SAP","H05040004","NRSA 2018-19"
"NRS18_NH_10007","NRS18_NH_10007",44.863969,-71.548172,"New Hampshire","58","Northeastern Highlands","NAP","H01080101","NRSA 2018-19"
"NRS18_CO_10975","NRS18_CO_10975",38.062378,-104.411097,"Colorado","26","Southwestern Tablelands","SPL","H11020006","NRSA 2018-19"
"NRS18_MI_10005","NRS18_MI_10005",44.315216,-84.211308,"Michigan","50","Northern Lakes and Forests","UMW","H04080101","NRSA 2018-19"
"NRS18_ND_10004","NRS18_ND_10004",47.167887,-102.645754,"North Dakota","43","Northwestern Great Plains","NPL","H10130201","NRSA 2018-19"
"NRS18_NY_10038","NRS18_NY_10038",43.305072,-73.593589,"New York","59","Northeastern Coastal Zone","NAP","H02020003","NRSA 2018-19"
"NRS18_NE_10009","NRS18_NE_10009",40.799655,-98.437753,"Nebraska","27","Central Great Plains","SPL","H10200101","NRSA 2018-19"
"NRS18_IN_10010","NRS18_IN_10010",39.714645,-85.186341,"Indiana","55","Eastern Corn Belt Plains","TPL","H05080003","NRSA 2018-19"
"NRS18_OH_10032","NRS18_OH_10032",39.854329,-82.957909,"Ohio","55","Eastern Corn Belt Plains","TPL","H05060001","NRSA 2018-19"
"NRS18_CO_10046","NRS18_CO_10046",37.023119,-107.167195,"Colorado","21","Southern Rockies","WMT","H14080101","NRSA 2018-19"
"NRS18_SC_10012","NRS18_SC_10012",34.329885,-80.695109,"South Carolina","45","Piedmont","SAP","H03050104","NRSA 2018-19"
"NRS18_MO_10009","NRS18_MO_10009",36.608702,-89.305832,"Missouri","73","Mississippi Alluvial Plain","CPL","H08010100","NRSA 2018-19"
"NRS18_OK_10007","NRS18_OK_10007",33.863624,-97.005954,"Oklahoma","29","Cross Timbers","SPL","H11130210","NRSA 2018-19"
"NRS18_CT_10006","NRS18_CT_10006",41.868424,-72.089725,"Connecticut","59","Northeastern Coastal Zone","NAP","H01100002","NRSA 2018-19"
"NRS18_OK_10009","NRS18_OK_10009",33.884329,-96.988149,"Oklahoma","29","Cross Timbers","SPL","H11130210","NRSA 2018-19"
"NRS18_OR_10002","NRS18_OR_10002",44.490714,-122.813715,"Oregon","3","Willamette Valley","WMT","H17090006","NRSA 2018-19"
"NRS18_NY_10026","NRS18_NY_10026",43.307625,-73.632449,"New York","59","Northeastern Coastal Zone","NAP","H02020003","NRSA 2018-19"
"NRS18_VT_10015","NRS18_VT_10015",44.540951,-73.034458,"Vermont","58","Northeastern Highlands","NAP","H04150405","NRSA 2018-19"
"NRS18_IN_10001","NRS18_IN_10001",39.187274,-85.349405,"Indiana","55","Eastern Corn Belt Plains","TPL","H05120207","NRSA 2018-19"
"NRS18_WA_10522","NRS18_WA_10522",47.18115,-120.024409,"Washington","10","Columbia Plateau","XER","H17020010","NRSA 2018-19"
"NRS18_WA_10008","NRS18_WA_10008",45.698608,-120.417527,"Washington","10","Columbia Plateau","XER","H17070101","NRSA 2018-19"
"NRS18_WA_10024","NRS18_WA_10024",48.139432,-119.065419,"Washington","10","Columbia Plateau","XER","H17020005","NRSA 2018-19"
"NRS18_WA_10026","NRS18_WA_10026",46.690213,-117.496816,"Washington","10","Columbia Plateau","XER","H17060107","NRSA 2018-19"
"NRS18_WA_10040","NRS18_WA_10040",48.08732,-119.022369,"Washington","10","Columbia Plateau","XER","H17020005","NRSA 2018-19"
"NRS18_WA_10039","NRS18_WA_10039",47.461389,-120.31688,"Washington","10","Columbia Plateau","XER","H17020010","NRSA 2018-19"
"NRS18_NE_10024","NRS18_NE_10024",40.678596,-99.485021,"Nebraska","27","Central Great Plains","SPL","H10200101","NRSA 2018-19"
"NRS18_PA_10005","NRS18_PA_10005",41.488467,-78.132607,"Pennsylvania","62","North Central Appalachians","NAP","H02050202","NRSA 2018-19"
"NRS18_TN_10002","NRS18_TN_10002",36.606374,-85.505041,"Tennessee","71","Interior Plateau","SAP","H05130103","NRSA 2018-19"
"NRS18_WI_10035","NRS18_WI_10035",45.494043,-90.961281,"Wisconsin","50","Northern Lakes and Forests","UMW","H07050001","NRSA 2018-19"
"NRS18_WI_10066","NRS18_WI_10066",45.269192,-92.495016,"Wisconsin","51","North Central Hardwood Forests","UMW","H07030005","NRSA 2018-19"
"NRS18_VA_10003","NRS18_VA_10003",37.491763,-78.756461,"Virginia","45","Piedmont","SAP","H02080203","NRSA 2018-19"
"NRS18_CO_10020","NRS18_CO_10020",37.071096,-107.614093,"Colorado","20","Colorado Plateaus","XER","H14080101","NRSA 2018-19"
"NRS18_OH_10019","NRS18_OH_10019",40.14887,-80.703557,"Ohio","70","Western Allegheny Plateau","SAP","H05030106","NRSA 2018-19"
"NRS18_SC_10005","NRS18_SC_10005",34.126221,-80.650318,"South Carolina","65","Southeastern Plains","CPL","H03050104","NRSA 2018-19"
"NRS18_MO_10040","NRS18_MO_10040",36.5096,-90.403804,"Missouri","73","Mississippi Alluvial Plain","CPL","H11010007","NRSA 2018-19"
"NRS18_SD_10029","NRS18_SD_10029",43.044196,-97.361527,"South Dakota","46","Northern Glaciated Plains","TPL","H10160011","NRSA 2018-19"
"NRS18_CO_10009","NRS18_CO_10009",37.60462,-103.60597,"Colorado","26","Southwestern Tablelands","SPL","H11020010","NRSA 2018-19"
"NRS18_ID_10057","NRS18_ID_10057",45.519155,-115.966809,"Idaho","16","Idaho Batholith","WMT","H17060207","NRSA 2018-19"
"NRS18_ID_10095","NRS18_ID_10095",45.530565,-116.013075,"Idaho","16","Idaho Batholith","WMT","H17060207","NRSA 2018-19"
"NRS18_ID_10280","NRS18_ID_10280",45.993576,-115.898966,"Idaho","10","Columbia Plateau","XER","H17060305","NRSA 2018-19"
"NRS18_VT_10013","NRS18_VT_10013",44.009416,-72.400458,"Vermont","58","Northeastern Highlands","NAP","H01080105","NRSA 2018-19"
"NRS18_TX_10004","NRS18_TX_10004",32.461036,-94.70198,"Texas","35","South Central Plains","CPL","H12010002","NRSA 2018-19"
"NRS18_TX_10035","NRS18_TX_10035",33.587431,-94.455549,"Texas","35","South Central Plains","CPL","H11140106","NRSA 2018-19"
"NRS18_NY_10014","NRS18_NY_10014",43.248661,-73.740775,"New York","59","Northeastern Coastal Zone","NAP","H02020003","NRSA 2018-19"
"NRS18_TN_10016","NRS18_TN_10016",35.691637,-87.226748,"Tennessee","71","Interior Plateau","SAP","H06040003","NRSA 2018-19"
"NRS18_OR_10011","NRS18_OR_10011",44.167954,-122.24967,"Oregon","4","Cascades","WMT","H17090004","NRSA 2018-19"
"NRS18_PA_10017","NRS18_PA_10017",41.479827,-78.069739,"Pennsylvania","62","North Central Appalachians","NAP","H02050202","NRSA 2018-19"
"NRS18_CO_10974","NRS18_CO_10974",37.665828,-104.232274,"Colorado","26","Southwestern Tablelands","SPL","H11020007","NRSA 2018-19"
"NRS18_MA_10011","NRS18_MA_10011",41.84553,-70.619243,"Massachusetts","84","Atlantic Coastal Pine Barrens","CPL","H01090002","NRSA 2018-19"
"NRS18_CO_11423","NRS18_CO_11423",40.041092,-104.825239,"Colorado","25","High Plains","SPL","H10190003","NRSA 2018-19"
"NRS18_OH_10034","NRS18_OH_10034",40.506904,-80.61779,"Ohio","70","Western Allegheny Plateau","SAP","H05030101","NRSA 2018-19"
"NRS18_SD_10018","NRS18_SD_10018",43.277723,-97.294528,"South Dakota","46","Northern Glaciated Plains","TPL","H10170102","NRSA 2018-19"
"NRS18_OH_10020","NRS18_OH_10020",39.410652,-82.984791,"Ohio","55","Eastern Corn Belt Plains","TPL","H05060002","NRSA 2018-19"
"NRS18_OH_10035","NRS18_OH_10035",39.488267,-82.994894,"Ohio","55","Eastern Corn Belt Plains","TPL","H05060002","NRSA 2018-19"
"NRS18_IN_10005","NRS18_IN_10005",39.778235,-86.447082,"Indiana","55","Eastern Corn Belt Plains","TPL","H05120201","NRSA 2018-19"
"NRS18_CT_10030","NRS18_CT_10030",41.900603,-72.174562,"Connecticut","59","Northeastern Coastal Zone","NAP","H01100002","NRSA 2018-19"
"NRS18_SC_10180","NRS18_SC_10180",34.674977,-81.107758,"South Carolina","45","Piedmont","SAP","H03050103","NRSA 2018-19"
"NRS18_WI_10543","NRS18_WI_10543",44.733493,-92.326394,"Wisconsin","52","Driftless Area","UMW","H07040001","NRSA 2018-19"
"NRS18_FL_10008","NRS18_FL_10008",30.761101,-86.264328,"Florida","65","Southeastern Plains","CPL","H03140103","NRSA 2018-19"
"NRS18_TN_10007","NRS18_TN_10007",35.672414,-87.263333,"Tennessee","71","Interior Plateau","SAP","H06040003","NRSA 2018-19"
"NRS18_CO_11424","NRS18_CO_11424",40.655054,-103.168498,"Colorado","25","High Plains","SPL","H10190012","NRSA 2018-19"
"NRS18_TX_10011","NRS18_TX_10011",33.482983,-97.176124,"Texas","29","Cross Timbers","SPL","H12030103","NRSA 2018-19"
"NRS18_RI_10022","NRS18_RI_10022",41.920041,-71.530415,"Rhode Island","59","Northeastern Coastal Zone","NAP","H01090004","NRSA 2018-19"
"NRS18_MA_10017","NRS18_MA_10017",42.464458,-71.415675,"Massachusetts","59","Northeastern Coastal Zone","NAP","H01070005","NRSA 2018-19"
"NRS18_CO_10010","NRS18_CO_10010",40.941315,-102.341415,"Colorado","25","High Plains","SPL","H10190018","NRSA 2018-19"
"NRS18_TX_10010","NRS18_TX_10010",32.779241,-96.554488,"Texas","32","Texas Blackland Prairies","SPL","H12030106","NRSA 2018-19"
"NRS18_AL_10022","NRS18_AL_10022",32.216486,-85.516758,"Alabama","65","Southeastern Plains","CPL","H03130003","NRSA 2018-19"
"NRS18_RI_10001","NRS18_RI_10001",41.832671,-71.469141,"Rhode Island","59","Northeastern Coastal Zone","NAP","H01090004","NRSA 2018-19"
"NRS18_VA_10005","NRS18_VA_10005",37.102052,-81.04268,"Virginia","67","Ridge and Valley","SAP","H05050002","NRSA 2018-19"
"NRS18_MD_10005","NRS18_MD_10005",39.188632,-76.853686,"Maryland","64","Northern Piedmont","SAP","H02060006","NRSA 2018-19"
"NRS18_ND_10008","NRS18_ND_10008",48.175759,-97.699856,"North Dakota","48","Lake Agassiz Plain","TPL","H09020308","NRSA 2018-19"
"NRS18_CO_11274","NRS18_CO_11274",37.957416,-108.841013,"Colorado","20","Colorado Plateaus","XER","H14030002","NRSA 2018-19"
"NRS18_CO_10004","NRS18_CO_10004",37.714069,-106.838169,"Colorado","21","Southern Rockies","WMT","H13010001","NRSA 2018-19"
"NRS18_OK_10921","NRS18_OK_10921",34.400985,-96.107317,"Oklahoma","36","Ouachita Mountains","SAP","H11140103","NRSA 2018-19"
"NRS18_CO_10012","NRS18_CO_10012",40.394507,-103.477333,"Colorado","25","High Plains","SPL","H10190012","NRSA 2018-19"
"NRS18_KS_10040","NRS18_KS_10040",39.922026,-97.28541,"Kansas","27","Central Great Plains","SPL","H10270207","NRSA 2018-19"
"NRS18_TX_10026","NRS18_TX_10026",31.33678,-96.972631,"Texas","32","Texas Blackland Prairies","SPL","H12070101","NRSA 2018-19"
"NRS18_PA_10012","NRS18_PA_10012",41.969897,-76.511921,"Pennsylvania","60","Northern Allegheny Plateau","NAP","H02050103","NRSA 2018-19"
"NRS18_PA_10007","NRS18_PA_10007",41.656986,-78.611488,"Pennsylvania","62","North Central Appalachians","NAP","H05010005","NRSA 2018-19"
"NRS18_WI_10401","NRS18_WI_10401",44.188968,-87.883536,"Wisconsin","53","Southeastern Wisconsin Till Plains","TPL","H04030101","NRSA 2018-19"
"NRS18_CA_10018","NRS18_CA_10018",38.572342,-121.357745,"California","7","Central California Valley","XER","H18020111","NRSA 2018-19"
"NRS18_ND_10005","NRS18_ND_10005",47.324716,-97.036599,"North Dakota","48","Lake Agassiz Plain","TPL","H09020107","NRSA 2018-19"
"NRS18_NE_10025","NRS18_NE_10025",42.722529,-96.871674,"Nebraska","47","Western Corn Belt Plains","TPL","H10170101","NRSA 2018-19"
"NRS18_VA_10002","NRS18_VA_10002",37.593283,-79.383204,"Virginia","66","Blue Ridge","SAP","H02080203","NRSA 2018-19"
"NRS18_AL_10005","NRS18_AL_10005",32.124221,-87.528318,"Alabama","65","Southeastern Plains","CPL","H03150203","NRSA 2018-19"
"NRS18_CT_10002","NRS18_CT_10002",41.891229,-72.662102,"Connecticut","59","Northeastern Coastal Zone","NAP","H01080207","NRSA 2018-19"
"NRS18_OR_10054","NRS18_OR_10054",43.840997,-122.820758,"Oregon","4","Cascades","WMT","H17090001","NRSA 2018-19"
"NRS18_OK_10026","NRS18_OK_10026",34.391162,-94.508899,"Oklahoma","36","Ouachita Mountains","SAP","H11140108","NRSA 2018-19"
"NRS18_IL_10031","NRS18_IL_10031",37.256017,-88.510282,"Illinois","71","Interior Plateau","SAP","H05140203","NRSA 2018-19"
"NRS18_SD_10024","NRS18_SD_10024",43.691653,-97.966837,"South Dakota","46","Northern Glaciated Plains","TPL","H10160011","NRSA 2018-19"
"NRS18_NY_10018","NRS18_NY_10018",42.065905,-78.469216,"New York","62","North Central Appalachians","NAP","H05010001","NRSA 2018-19"
"NRS18_ID_10049","NRS18_ID_10049",44.396069,-116.046079,"Idaho","16","Idaho Batholith","WMT","H17050123","NRSA 2018-19"
"NRS18_MD_10015","NRS18_MD_10015",39.644259,-75.868082,"Maryland","65","Southeastern Plains","CPL","H02060002","NRSA 2018-19"
"NRS18_MD_10003","NRS18_MD_10003",39.690166,-76.930244,"Maryland","64","Northern Piedmont","SAP","H02070009","NRSA 2018-19"
"NRS18_KS_10140","NRS18_KS_10140",39.754931,-97.556005,"Kansas","27","Central Great Plains","SPL","H10250017","NRSA 2018-19"
"NRS18_PA_10023","NRS18_PA_10023",41.999902,-76.622638,"Pennsylvania","60","Northern Allegheny Plateau","NAP","H02050105","NRSA 2018-19"
"NRS18_AR_10009","NRS18_AR_10009",34.788062,-91.870049,"Arkansas","73","Mississippi Alluvial Plain","CPL","H08020402","NRSA 2018-19"
"NRS18_CT_10017","NRS18_CT_10017",41.35,-73.191975,"Connecticut","59","Northeastern Coastal Zone","NAP","H01100005","NRSA 2018-19"
"NRS18_OK_10036","NRS18_OK_10036",34.495663,-94.473532,"Oklahoma","36","Ouachita Mountains","SAP","H11140108","NRSA 2018-19"
"NRS18_FL_10042","NRS18_FL_10042",25.971439,-80.314607,"Florida","76","Southern Florida Coastal Plain","CPL","H03090206","NRSA 2018-19"
"NRS18_CT_10004","NRS18_CT_10004",41.782704,-71.895881,"Connecticut","59","Northeastern Coastal Zone","NAP","H01100001","NRSA 2018-19"
"NRS18_OR_10022","NRS18_OR_10022",44.798383,-122.481069,"Oregon","4","Cascades","WMT","H17090005","NRSA 2018-19"
"NRS18_GA_10004","NRS18_GA_10004",32.80116,-82.922922,"Georgia","65","Southeastern Plains","CPL","H03070102","NRSA 2018-19"
"NRS18_CO_10061","NRS18_CO_10061",39.912259,-104.882145,"Colorado","25","High Plains","SPL","H10190003","NRSA 2018-19"
"NRS18_IL_10042","NRS18_IL_10042",38.106602,-88.163834,"Illinois","72","Interior River Valleys and Hills","TPL","H05120114","NRSA 2018-19"
"NRS18_VA_RF005","NRS18_VA_RF005",37.91257,-79.42857,"Virginia","67","Ridge and Valley","SAP","H02080202","NRSA 2018-19"
"NRS18_SD_10034","NRS18_SD_10034",43.571079,-97.954002,"South Dakota","46","Northern Glaciated Plains","TPL","H10160011","NRSA 2018-19"
"NRS18_OH_10008","NRS18_OH_10008",39.136192,-84.342057,"Ohio","55","Eastern Corn Belt Plains","TPL","H05090202","NRSA 2018-19"
"NRS18_ND_10035","NRS18_ND_10035",46.620791,-97.543188,"North Dakota","46","Northern Glaciated Plains","TPL","H09020205","NRSA 2018-19"
"NRS18_CA_10055","NRS18_CA_10055",38.638231,-121.563693,"California","7","Central California Valley","XER","H18020161","NRSA 2018-19"
"NRS18_MD_10014","NRS18_MD_10014",38.990037,-77.159812,"Maryland","64","Northern Piedmont","SAP","H02070008","NRSA 2018-19"
"NRS18_AL_10019","NRS18_AL_10019",31.880176,-86.783616,"Alabama","65","Southeastern Plains","CPL","H03150203","NRSA 2018-19"
"NRS18_OR_10071","NRS18_OR_10071",44.792845,-122.535768,"Oregon","4","Cascades","WMT","H17090005","NRSA 2018-19"
"NRS18_PA_10032","NRS18_PA_10032",41.683465,-78.455473,"Pennsylvania","62","North Central Appalachians","NAP","H05010001","NRSA 2018-19"
"NRS18_VT_10018","NRS18_VT_10018",44.563538,-72.565016,"Vermont","58","Northeastern Highlands","NAP","H04150405","NRSA 2018-19"
"NRS18_RI_10006","NRS18_RI_10006",41.394692,-71.841516,"Rhode Island","59","Northeastern Coastal Zone","NAP","H01090005","NRSA 2018-19"
"NRS18_VT_10009","NRS18_VT_10009",44.926418,-72.087373,"Vermont","58","Northeastern Highlands","NAP","H04150500","NRSA 2018-19"
"NRS18_VT_10012","NRS18_VT_10012",44.943657,-72.044224,"Vermont","58","Northeastern Highlands","NAP","H04150500","NRSA 2018-19"
"NRS18_AR_10014","NRS18_AR_10014",35.562326,-93.28855,"Arkansas","38","Boston Mountains","SAP","H11110202","NRSA 2018-19"
"NRS18_IL_10037","NRS18_IL_10037",37.26199,-88.514061,"Illinois","71","Interior Plateau","SAP","H05140203","NRSA 2018-19"
"NRS18_PA_10019","NRS18_PA_10019",41.023348,-78.905719,"Pennsylvania","70","Western Allegheny Plateau","SAP","H05010006","NRSA 2018-19"
"NRS18_WI_10046","NRS18_WI_10046",45.026919,-88.979345,"Wisconsin","51","North Central Hardwood Forests","UMW","H04030202","NRSA 2018-19"
"NRS18_WI_10263","NRS18_WI_10263",44.878237,-88.671562,"Wisconsin","51","North Central Hardwood Forests","UMW","H04030202","NRSA 2018-19"
"NRS18_UT_10435","NRS18_UT_10435",40.539977,-109.068163,"Utah","20","Colorado Plateaus","XER","H14060001","NRSA 2018-19"
"NRS18_TX_10036","NRS18_TX_10036",30.364345,-94.261853,"Texas","35","South Central Plains","CPL","H12020006","NRSA 2018-19"
"NRS18_ID_10042","NRS18_ID_10042",43.308792,-116.577254,"Idaho","12","Snake River Plain","XER","H17050103","NRSA 2018-19"
"NRS18_FL_10012","NRS18_FL_10012",26.17973,-81.670993,"Florida","76","Southern Florida Coastal Plain","CPL","H03090204","NRSA 2018-19"
"NRS18_AR_10015","NRS18_AR_10015",35.542354,-93.160017,"Arkansas","38","Boston Mountains","SAP","H11110202","NRSA 2018-19"
"NRS18_RI_10199","NRS18_RI_10199",41.542897,-71.695637,"Rhode Island","59","Northeastern Coastal Zone","NAP","H01090005","NRSA 2018-19"
"NRS18_CO_10026","NRS18_CO_10026",40.515329,-107.235987,"Colorado","18","Wyoming Basin","XER","H14050001","NRSA 2018-19"
"NRS18_AR_10001","NRS18_AR_10001",34.064881,-93.44226,"Arkansas","36","Ouachita Mountains","SAP","H08040103","NRSA 2018-19"
"NRS18_IL_11563","NRS18_IL_11563",37.801983,-89.230356,"Illinois","72","Interior River Valleys and Hills","TPL","H07140106","NRSA 2018-19"
"NRS18_CO_10055","NRS18_CO_10055",38.604554,-106.464927,"Colorado","21","Southern Rockies","WMT","H14020003","NRSA 2018-19"
"NRS18_CO_10005","NRS18_CO_10005",40.159703,-105.118427,"Colorado","25","High Plains","SPL","H10190005","NRSA 2018-19"
"NRS18_TX_10050","NRS18_TX_10050",28.989936,-96.702266,"Texas","34","Western Gulf Coastal Plain","CPL","H12100101","NRSA 2018-19"
"NRS18_NJ_10001","NRS18_NJ_10001",41.04212,-74.047305,"New Jersey","64","Northern Piedmont","SAP","H02030103","NRSA 2018-19"
"NRS18_NE_10004","NRS18_NE_10004",41.415657,-98.088968,"Nebraska","27","Central Great Plains","SPL","H10210010","NRSA 2018-19"
"NRS18_IL_10036","NRS18_IL_10036",37.138758,-89.267803,"Illinois","73","Mississippi Alluvial Plain","CPL","H07140108","NRSA 2018-19"
"NRS18_CO_10977","NRS18_CO_10977",40.579965,-105.056272,"Colorado","25","High Plains","SPL","H10190007","NRSA 2018-19"
"NRS18_MD_10008","NRS18_MD_10008",39.40693,-79.411902,"Maryland","67","Ridge and Valley","SAP","H05020006","NRSA 2018-19"
"NRS18_VT_10017","NRS18_VT_10017",44.112804,-73.09311,"Vermont","83","Eastern Great Lakes Lowlands","NAP","H04150402","NRSA 2018-19"
"NRS18_NH_10019","NRS18_NH_10019",42.877611,-70.99177,"New Hampshire","59","Northeastern Coastal Zone","NAP","H01070006","NRSA 2018-19"
"NRS18_TX_10023","NRS18_TX_10023",28.890891,-97.13556,"Texas","34","Western Gulf Coastal Plain","CPL","H12100204","NRSA 2018-19"
"NRS18_CO_10034","NRS18_CO_10034",39.113686,-107.978535,"Colorado","21","Southern Rockies","WMT","H14010005","NRSA 2018-19"
"NRS18_WI_10003","NRS18_WI_10003",43.14323,-91.021812,"Wisconsin","52","Driftless Area","UMW","H07070006","NRSA 2018-19"
"NRS18_NC_RF001","NRS18_NC_RF001",35.45111,-83.0675,"North Carolina","66","Blue Ridge","SAP","H06010106","NRSA 2018-19"
"NRS18_SD_10058","NRS18_SD_10058",43.262846,-103.606825,"South Dakota","43","Northwestern Great Plains","NPL","H10120106","NRSA 2018-19"
"NRS18_NJ_10334","NRS18_NJ_10334",40.879421,-74.17183,"New Jersey","64","Northern Piedmont","SAP","H02030103","NRSA 2018-19"
"NRS18_UT_10032","NRS18_UT_10032",40.864463,-110.539356,"Utah","19","Wasatch and Uinta Mountains","WMT","H14040107","NRSA 2018-19"
"NRS18_DE_10033","NRS18_DE_10033",38.873327,-75.476415,"Delaware","63","Middle Atlantic Coastal Plain","CPL","H02040207","NRSA 2018-19"
"NRS18_ID_10992","NRS18_ID_10992",45.136188,-113.909625,"Idaho","17","Middle Rockies","WMT","H17060203","NRSA 2018-19"
"NRS18_ID_10026","NRS18_ID_10026",45.186218,-113.892829,"Idaho","17","Middle Rockies","WMT","H17060203","NRSA 2018-19"
"NRS18_ID_10028","NRS18_ID_10028",44.260376,-114.798114,"Idaho","16","Idaho Batholith","WMT","H17060201","NRSA 2018-19"
"NRS18_WI_10008","NRS18_WI_10008",42.976112,-90.991345,"Wisconsin","52","Driftless Area","UMW","H07070005","NRSA 2018-19"
"NRS18_CT_10003","NRS18_CT_10003",41.398866,-73.386648,"Connecticut","59","Northeastern Coastal Zone","NAP","H01100005","NRSA 2018-19"
"NRS18_TX_10006","NRS18_TX_10006",28.878396,-96.287168,"Texas","34","Western Gulf Coastal Plain","CPL","H12100401","NRSA 2018-19"
"NRS18_NE_10028","NRS18_NE_10028",42.807534,-98.834944,"Nebraska","44","Nebraska Sand Hills","SPL","H10150007","NRSA 2018-19"
"NRS18_NE_10057","NRS18_NE_10057",42.770065,-97.119206,"Nebraska","47","Western Corn Belt Plains","TPL","H10170101","NRSA 2018-19"
"NRS18_AL_10014","NRS18_AL_10014",30.694847,-87.924346,"Alabama","75","Southern Coastal Plain","CPL","H03160204","NRSA 2018-19"
"NRS18_MO_10035","NRS18_MO_10035",36.535562,-90.70407,"Missouri","73","Mississippi Alluvial Plain","CPL","H11010008","NRSA 2018-19"
"NRS18_CO_10042","NRS18_CO_10042",39.498911,-105.086519,"Colorado","25","High Plains","SPL","H10190002","NRSA 2018-19"
"NRS18_FL_10003","NRS18_FL_10003",30.518846,-87.297793,"Florida","75","Southern Coastal Plain","CPL","H03140107","NRSA 2018-19"
"NRS18_MO_10012","NRS18_MO_10012",36.784769,-93.714428,"Missouri","39","Ozark Highlands","SAP","H11010002","NRSA 2018-19"
"NRS18_CO_10017","NRS18_CO_10017",40.749673,-105.852043,"Colorado","21","Southern Rockies","WMT","H10180010","NRSA 2018-19"
"NRS18_NC_RF002","NRS18_NC_RF002",35.47361,-83.7228,"North Carolina","66","Blue Ridge","SAP","H06010202","NRSA 2018-19"
"NRS18_OR_10670","NRS18_OR_10670",44.817041,-121.095725,"Oregon","11","Blue Mountains","WMT","H17070306","NRSA 2018-19"
"NRS18_VA_10014","NRS18_VA_10014",36.968191,-80.646447,"Virginia","66","Blue Ridge","SAP","H05050001","NRSA 2018-19"
"NRS18_MS_10007","NRS18_MS_10007",33.913738,-88.53107,"Mississippi","65","Southeastern Plains","CPL","H03160101","NRSA 2018-19"
"NRS18_WI_RF001","NRS18_WI_RF001",45.913,-89.758,"Wisconsin","50","Northern Lakes and Forests","UMW","H07070001","NRSA 2018-19"
"NRS18_MO_10030","NRS18_MO_10030",36.992668,-90.205084,"Missouri","73","Mississippi Alluvial Plain","CPL","H08020203","NRSA 2018-19"
"NRS18_NE_10006","NRS18_NE_10006",42.589644,-97.872218,"Nebraska","47","Western Corn Belt Plains","TPL","H10170101","NRSA 2018-19"
"NRS18_OR_10819","NRS18_OR_10819",45.284283,-121.027329,"Oregon","10","Columbia Plateau","XER","H17070306","NRSA 2018-19"
"NRS18_ID_10010","NRS18_ID_10010",45.369484,-114.289906,"Idaho","16","Idaho Batholith","WMT","H17060203","NRSA 2018-19"
"NRS18_WY_10003","NRS18_WY_10003",41.38215,-107.227604,"Wyoming","21","Southern Rockies","WMT","H14050003","NRSA 2018-19"
"NRS18_WY_10010","NRS18_WY_10010",41.596252,-109.148765,"Wyoming","18","Wyoming Basin","XER","H14040105","NRSA 2018-19"
"NRS18_FL_10004","NRS18_FL_10004",30.294916,-85.293841,"Florida","75","Southern Coastal Plain","CPL","H03130012","NRSA 2018-19"
"NRS18_MO_10041","NRS18_MO_10041",37.298349,-92.412838,"Missouri","39","Ozark Highlands","SAP","H10290201","NRSA 2018-19"
"NRS18_NE_10007","NRS18_NE_10007",42.898173,-100.485386,"Nebraska","43","Northwestern Great Plains","NPL","H10150004","NRSA 2018-19"
"NRS18_OH_10026","NRS18_OH_10026",41.296569,-80.601439,"Ohio","61","Erie Drift Plain","NAP","H05030102","NRSA 2018-19"
"NRS18_OH_10015","NRS18_OH_10015",41.514126,-80.733669,"Ohio","61","Erie Drift Plain","NAP","H05030103","NRSA 2018-19"
"NRS18_PA_10008","NRS18_PA_10008",40.521584,-79.398985,"Pennsylvania","70","Western Allegheny Plateau","SAP","H05010008","NRSA 2018-19"
"NRS18_OH_10025","NRS18_OH_10025",41.099676,-80.608242,"Ohio","61","Erie Drift Plain","NAP","H05030103","NRSA 2018-19"
"NRS18_WY_12048","NRS18_WY_12048",42.1678,-104.464454,"Wyoming","25","High Plains","SPL","H10180009","NRSA 2018-19"
"NRS18_WY_11912","NRS18_WY_11912",42.841978,-105.521162,"Wyoming","43","Northwestern Great Plains","NPL","H10180007","NRSA 2018-19"
"NRS18_MO_10023","NRS18_MO_10023",40.481396,-92.686175,"Missouri","40","Central Irregular Plains","TPL","H10280201","NRSA 2018-19"
"NRS18_WY_10069","NRS18_WY_10069",43.654736,-109.907877,"Wyoming","17","Middle Rockies","WMT","H10080001","NRSA 2018-19"
"NRS18_MO_10020","NRS18_MO_10020",40.487736,-93.498367,"Missouri","40","Central Irregular Plains","TPL","H10280102","NRSA 2018-19"
"NRS18_WI_10040","NRS18_WI_10040",43.702085,-88.571947,"Wisconsin","53","Southeastern Wisconsin Till Plains","TPL","H04030203","NRSA 2018-19"
"NRS18_IL_10008","NRS18_IL_10008",37.000108,-89.263422,"Illinois","73","Mississippi Alluvial Plain","CPL","H07140105","NRSA 2018-19"
"NRS18_MO_10024","NRS18_MO_10024",37.198927,-89.461552,"Missouri","72","Interior River Valleys and Hills","TPL","H07140105","NRSA 2018-19"
"NRS18_MO_10042","NRS18_MO_10042",37.962436,-89.98443,"Missouri","72","Interior River Valleys and Hills","TPL","H07140101","NRSA 2018-19"
"NRS18_MO_10025","NRS18_MO_10025",37.963012,-89.982395,"Missouri","72","Interior River Valleys and Hills","TPL","H07140101","NRSA 2018-19"
"NRS18_MO_10008","NRS18_MO_10008",36.534744,-89.467232,"Missouri","73","Mississippi Alluvial Plain","CPL","H08010100","NRSA 2018-19"
"NRS18_OR_10023","NRS18_OR_10023",43.121248,-124.17936,"Oregon","1","Coast Range","WMT","H17100305","NRSA 2018-19"
"NRS18_NC_10030","NRS18_NC_10030",35.677278,-78.153444,"North Carolina","45","Piedmont","SAP","H03020203","NRSA 2018-19"
"NRS18_VA_10001","NRS18_VA_10001",38.395328,-77.95542,"Virginia","64","Northern Piedmont","SAP","H02080103","NRSA 2018-19"
"NRS18_GA_10006","NRS18_GA_10006",34.303147,-84.470514,"Georgia","66","Blue Ridge","SAP","H03150104","NRSA 2018-19"
"NRS18_WY_10697","NRS18_WY_10697",44.176818,-106.733525,"Wyoming","43","Northwestern Great Plains","NPL","H10090205","NRSA 2018-19"
"NRS18_WY_10084","NRS18_WY_10084",44.089122,-106.673671,"Wyoming","43","Northwestern Great Plains","NPL","H10090205","NRSA 2018-19"
"NRS18_WI_10041","NRS18_WI_10041",43.700083,-87.816611,"Wisconsin","53","Southeastern Wisconsin Till Plains","TPL","H04030101","NRSA 2018-19"
"NRS18_KS_10087","NRS18_KS_10087",38.464405,-97.886344,"Kansas","27","Central Great Plains","SPL","H10260008","NRSA 2018-19"
"NRS18_MO_10003","NRS18_MO_10003",39.028265,-93.681188,"Missouri","47","Western Corn Belt Plains","TPL","H10300104","NRSA 2018-19"
"NRS18_OR_10068","NRS18_OR_10068",43.272172,-123.92934,"Oregon","1","Coast Range","WMT","H17100305","NRSA 2018-19"
"NRS18_WY_11903","NRS18_WY_11903",42.858154,-105.986782,"Wyoming","43","Northwestern Great Plains","NPL","H10180007","NRSA 2018-19"
"NRS18_TX_10019","NRS18_TX_10019",31.49309,-94.83198,"Texas","35","South Central Plains","CPL","H12020004","NRSA 2018-19"
"NRS18_CO_11425","NRS18_CO_11425",40.453594,-103.396129,"Colorado","25","High Plains","SPL","H10190012","NRSA 2018-19"
"NRS18_MA_10005","NRS18_MA_10005",42.680295,-71.145198,"Massachusetts","59","Northeastern Coastal Zone","NAP","H01070006","NRSA 2018-19"
"NRS18_RI_10002","NRS18_RI_10002",41.880139,-71.381305,"Rhode Island","59","Northeastern Coastal Zone","NAP","H01090003","NRSA 2018-19"
"NRS18_WY_10016","NRS18_WY_10016",42.828837,-106.366789,"Wyoming","43","Northwestern Great Plains","NPL","H10180007","NRSA 2018-19"
"NRS18_DE_10010","NRS18_DE_10010",39.539553,-75.691632,"Delaware","63","Middle Atlantic Coastal Plain","CPL","H02040205","NRSA 2018-19"
"NRS18_WY_10004","NRS18_WY_10004",44.15839,-106.912016,"Wyoming","17","Middle Rockies","WMT","H10090205","NRSA 2018-19"
"NRS18_WI_10080","NRS18_WI_10080",44.436709,-89.222376,"Wisconsin","51","North Central Hardwood Forests","UMW","H04030202","NRSA 2018-19"
"NRS18_IL_10025","NRS18_IL_10025",39.537477,-90.577786,"Illinois","72","Interior River Valleys and Hills","TPL","H07130011","NRSA 2018-19"
"NRS18_TX_10003","NRS18_TX_10003",31.934535,-95.43336,"Texas","35","South Central Plains","CPL","H12020001","NRSA 2018-19"
"NRS18_OR_10028","NRS18_OR_10028",42.47412,-124.33009,"Oregon","1","Coast Range","WMT","H17100310","NRSA 2018-19"
"NRS18_MO_10019","NRS18_MO_10019",37.913985,-90.824996,"Missouri","39","Ozark Highlands","SAP","H07140104","NRSA 2018-19"
"NRS18_RI_10020","NRS18_RI_10020",41.41652,-71.797486,"Rhode Island","59","Northeastern Coastal Zone","NAP","H01090005","NRSA 2018-19"
"NRS18_VA_RF004","NRS18_VA_RF004",38.090282,-77.392947,"Virginia","65","Southeastern Plains","CPL","H02080105","NRSA 2018-19"
"NRS18_WI_10032","NRS18_WI_10032",43.504362,-88.718599,"Wisconsin","53","Southeastern Wisconsin Till Plains","TPL","H07090001","NRSA 2018-19"
"NRS18_VT_10005","NRS18_VT_10005",43.792972,-72.676312,"Vermont","58","Northeastern Highlands","NAP","H01080105","NRSA 2018-19"
"NRS18_MI_10013","NRS18_MI_10013",42.755463,-82.49398,"Michigan","57","Huron/Erie Lake Plains","TPL","H04090001","NRSA 2018-19"
"NRS18_FL_10333","NRS18_FL_10333",27.643017,-81.136315,"Florida","75","Southern Coastal Plain","CPL","H03090101","NRSA 2018-19"
"NRS18_WY_10027","NRS18_WY_10027",44.803691,-105.368457,"Wyoming","43","Northwestern Great Plains","NPL","H10090208","NRSA 2018-19"
"NRS18_UT_10282","NRS18_UT_10282",40.768717,-110.798249,"Utah","19","Wasatch and Uinta Mountains","WMT","H16010101","NRSA 2018-19"
"NRS18_VA_RF008","NRS18_VA_RF008",36.9882,-77.323,"Virginia","65","Southeastern Plains","CPL","H03010201","NRSA 2018-19"
"NRS18_VA_10021","NRS18_VA_10021",36.991034,-77.274451,"Virginia","65","Southeastern Plains","CPL","H03010201","NRSA 2018-19"
"NRS18_GA_10025","NRS18_GA_10025",34.666907,-84.942129,"Georgia","67","Ridge and Valley","SAP","H03150101","NRSA 2018-19"
"NRS18_WY_11306","NRS18_WY_11306",44.633923,-105.30497,"Wyoming","43","Northwestern Great Plains","NPL","H10090208","NRSA 2018-19"
"NRS18_MI_10001","NRS18_MI_10001",42.569499,-84.592796,"Michigan","56","Southern Michigan/Northern Indiana Drift Plains","UMW","H04050004","NRSA 2018-19"
"NRS18_TX_10034","NRS18_TX_10034",31.894746,-95.091062,"Texas","35","South Central Plains","CPL","H12020004","NRSA 2018-19"
"NRS18_WY_10035","NRS18_WY_10035",42.9084,-106.556856,"Wyoming","18","Wyoming Basin","NPL","H10180007","NRSA 2018-19"
"NRS18_WY_11896","NRS18_WY_11896",42.82541,-105.435004,"Wyoming","43","Northwestern Great Plains","NPL","H10180008","NRSA 2018-19"
"NRS18_WY_11908","NRS18_WY_11908",42.821521,-105.405741,"Wyoming","43","Northwestern Great Plains","NPL","H10180008","NRSA 2018-19"
"NRS18_ID_10011","NRS18_ID_10011",47.696448,-116.915278,"Idaho","15","Northern Rockies","WMT","H17010305","NRSA 2018-19"
"NRS18_ID_10035","NRS18_ID_10035",48.820019,-116.150028,"Idaho","15","Northern Rockies","WMT","H17010105","NRSA 2018-19"
"NRS18_MO_10031","NRS18_MO_10031",38.014939,-91.797217,"Missouri","39","Ozark Highlands","SAP","H10290203","NRSA 2018-19"
"NRS18_MO_10021","NRS18_MO_10021",38.281363,-91.376503,"Missouri","39","Ozark Highlands","SAP","H07140103","NRSA 2018-19"
"NRS18_MO_10010","NRS18_MO_10010",38.240121,-91.804048,"Missouri","39","Ozark Highlands","SAP","H10290203","NRSA 2018-19"
"NRS18_WI_10021","NRS18_WI_10021",42.722995,-88.311074,"Wisconsin","53","Southeastern Wisconsin Till Plains","TPL","H07120006","NRSA 2018-19"
"NRS18_WY_10029","NRS18_WY_10029",44.074227,-105.254597,"Wyoming","43","Northwestern Great Plains","NPL","H10120201","NRSA 2018-19"
"NRS18_WY_10701","NRS18_WY_10701",44.716839,-105.039555,"Wyoming","43","Northwestern Great Plains","NPL","H10110201","NRSA 2018-19"
"NRS18_OK_10005","NRS18_OK_10005",35.742781,-97.195979,"Oklahoma","29","Cross Timbers","SPL","H11100303","NRSA 2018-19"
"NRS18_IN_10003","NRS18_IN_10003",38.350947,-86.618316,"Indiana","71","Interior Plateau","SAP","H05120209","NRSA 2018-19"
"NRS18_WY_10090","NRS18_WY_10090",44.739664,-108.607171,"Wyoming","18","Wyoming Basin","XER","H10080014","NRSA 2018-19"
"NRS18_WY_10076","NRS18_WY_10076",41.966215,-110.000726,"Wyoming","18","Wyoming Basin","XER","H14040103","NRSA 2018-19"
"NRS18_WY_10014","NRS18_WY_10014",44.695841,-106.338258,"Wyoming","43","Northwestern Great Plains","NPL","H10090206","NRSA 2018-19"
"NRS18_WY_10068","NRS18_WY_10068",41.970394,-110.016862,"Wyoming","18","Wyoming Basin","XER","H14040103","NRSA 2018-19"
"NRS18_MO_10001","NRS18_MO_10001",39.219872,-91.921171,"Missouri","40","Central Irregular Plains","TPL","H07110006","NRSA 2018-19"
"NRS18_KS_10015","NRS18_KS_10015",39.576295,-98.514147,"Kansas","27","Central Great Plains","SPL","H10260012","NRSA 2018-19"
"NRS18_IL_11565","NRS18_IL_11565",40.576807,-89.293804,"Illinois","54","Central Corn Belt Plains","TPL","H07130004","NRSA 2018-19"
"NRS18_MA_10009","NRS18_MA_10009",42.178959,-72.368879,"Massachusetts","59","Northeastern Coastal Zone","NAP","H01080204","NRSA 2018-19"
"NRS18_ID_10023","NRS18_ID_10023",48.266282,-116.860486,"Idaho","15","Northern Rockies","WMT","H17010215","NRSA 2018-19"
"NRS18_FL_10011","NRS18_FL_10011",29.75396,-82.942056,"Florida","75","Southern Coastal Plain","CPL","H03110205","NRSA 2018-19"
"NRS18_TX_10073","NRS18_TX_10073",26.360214,-98.795626,"Texas","31","Southern Texas Plains","SPL","H13090001","NRSA 2018-19"
"NRS18_MO_10038","NRS18_MO_10038",38.833555,-91.559918,"Missouri","72","Interior River Valleys and Hills","TPL","H10300200","NRSA 2018-19"
"NRS18_NY_10022","NRS18_NY_10022",42.012783,-75.779457,"New York","60","Northern Allegheny Plateau","NAP","H02050101","NRSA 2018-19"
"NRS18_IN_10498","NRS18_IN_10498",38.625745,-86.426701,"Indiana","71","Interior Plateau","SAP","H05120208","NRSA 2018-19"
"NRS18_KS_10006","NRS18_KS_10006",39.287968,-97.411263,"Kansas","27","Central Great Plains","SPL","H10260008","NRSA 2018-19"
"NRS18_WY_12347","NRS18_WY_12347",42.287895,-110.187744,"Wyoming","18","Wyoming Basin","XER","H14040101","NRSA 2018-19"
"NRS18_MI_10042","NRS18_MI_10042",42.155709,-84.174618,"Michigan","56","Southern Michigan/Northern Indiana Drift Plains","UMW","H04100002","NRSA 2018-19"
"NRS18_CO_RF003","NRS18_CO_RF003",38.02054,-105.68095,"Colorado","21","Southern Rockies","WMT","H13010003","NRSA 2018-19"
"NRS18_CO_RF005","NRS18_CO_RF005",37.84926,-105.57854,"Colorado","22","Arizona/New Mexico Plateau","XER","H13010003","NRSA 2018-19"
"NRS18_WY_10696","NRS18_WY_10696",42.948963,-104.207164,"Wyoming","43","Northwestern Great Plains","NPL","H10120108","NRSA 2018-19"
"NRS18_IN_10053","NRS18_IN_10053",39.140693,-86.533457,"Indiana","71","Interior Plateau","SAP","H05120208","NRSA 2018-19"
"NRS18_MI_10032","NRS18_MI_10032",41.874795,-84.789398,"Michigan","56","Southern Michigan/Northern Indiana Drift Plains","UMW","H04050001","NRSA 2018-19"
"NRS18_NY_10002","NRS18_NY_10002",42.422969,-75.63217,"New York","60","Northern Allegheny Plateau","NAP","H02050102","NRSA 2018-19"
"NRS18_MA_10008","NRS18_MA_10008",42.031989,-71.608301,"Massachusetts","59","Northeastern Coastal Zone","NAP","H01090003","NRSA 2018-19"
"NRS18_WV_10181","NRS18_WV_10181",39.559401,-79.980952,"West Virginia","70","Western Allegheny Plateau","SAP","H05020003","NRSA 2018-19"
"NRS18_NH_10011","NRS18_NH_10011",44.712962,-71.172697,"New Hampshire","58","Northeastern Highlands","NAP","H01040001","NRSA 2018-19"
"NRS18_SD_10019","NRS18_SD_10019",44.061617,-103.692736,"South Dakota","17","Middle Rockies","WMT","H10120110","NRSA 2018-19"
"NRS18_SD_10035","NRS18_SD_10035",44.238177,-103.36861,"South Dakota","17","Middle Rockies","WMT","H10120111","NRSA 2018-19"
"NRS18_CO_RF004","NRS18_CO_RF004",38.13353,-105.78497,"Colorado","21","Southern Rockies","WMT","H13010003","NRSA 2018-19"
"NRS18_WY_10015","NRS18_WY_10015",43.965608,-106.171428,"Wyoming","43","Northwestern Great Plains","NPL","H10090202","NRSA 2018-19"
"NRS18_OK_10920","NRS18_OK_10920",35.468985,-94.954363,"Oklahoma","37","Arkansas Valley","SAP","H11110104","NRSA 2018-19"
"NRS18_NY_10066","NRS18_NY_10066",42.07086,-75.80974,"New York","60","Northern Allegheny Plateau","NAP","H02050101","NRSA 2018-19"
"NRS18_RI_10005","NRS18_RI_10005",41.421111,-71.79528,"Rhode Island","59","Northeastern Coastal Zone","NAP","H01090005","NRSA 2018-19"
"NRS18_PA_10042","NRS18_PA_10042",41.890765,-79.993043,"Pennsylvania","61","Erie Drift Plain","NAP","H05010004","NRSA 2018-19"
"NRS18_PA_10014","NRS18_PA_10014",41.024193,-80.163224,"Pennsylvania","61","Erie Drift Plain","NAP","H05030105","NRSA 2018-19"
"NRS18_NE_10013","NRS18_NE_10013",40.195181,-96.228615,"Nebraska","47","Western Corn Belt Plains","TPL","H10240007","NRSA 2018-19"
"NRS18_SC_RF001","NRS18_SC_RF001",35.04759,-82.8124,"South Carolina","66","Blue Ridge","SAP","H03060101","NRSA 2018-19"
"NRS18_ID_10080","NRS18_ID_10080",46.07413,-116.956234,"Idaho","11","Blue Mountains","WMT","H17060103","NRSA 2018-19"
"NRS18_PA_10039","NRS18_PA_10039",39.925377,-80.505201,"Pennsylvania","70","Western Allegheny Plateau","SAP","H05030106","NRSA 2018-19"
"NRS18_MO_10034","NRS18_MO_10034",39.463226,-91.130307,"Missouri","72","Interior River Valleys and Hills","TPL","H07110007","NRSA 2018-19"
"NRS18_WY_10085","NRS18_WY_10085",44.346186,-106.702429,"Wyoming","43","Northwestern Great Plains","NPL","H10090206","NRSA 2018-19"
"NRS18_WY_12197","NRS18_WY_12197",41.126079,-106.432672,"Wyoming","21","Southern Rockies","WMT","H10180002","NRSA 2018-19"
"NRS18_WY_12046","NRS18_WY_12046",42.256567,-104.736583,"Wyoming","25","High Plains","SPL","H10180008","NRSA 2018-19"
"NRS18_WY_10089","NRS18_WY_10089",42.502456,-108.256608,"Wyoming","18","Wyoming Basin","XER","H10180006","NRSA 2018-19"
"NRS18_WV_10013","NRS18_WV_10013",39.310111,-80.271895,"West Virginia","70","Western Allegheny Plateau","SAP","H05020002","NRSA 2018-19"
"NRS18_RI_10201","NRS18_RI_10201",41.838324,-71.611733,"Rhode Island","59","Northeastern Coastal Zone","NAP","H01090004","NRSA 2018-19"
"NRS18_WY_10065","NRS18_WY_10065",42.363692,-104.90809,"Wyoming","25","High Plains","SPL","H10180008","NRSA 2018-19"
"NRS18_WY_10845","NRS18_WY_10845",41.605126,-104.633556,"Wyoming","25","High Plains","SPL","H10180012","NRSA 2018-19"
"NRS18_WY_10073","NRS18_WY_10073",43.492475,-106.660634,"Wyoming","43","Northwestern Great Plains","NPL","H10090203","NRSA 2018-19"
"NRS18_CT_10032","NRS18_CT_10032",41.600488,-72.758854,"Connecticut","59","Northeastern Coastal Zone","NAP","H01080205","NRSA 2018-19"
"NRS18_CA_10012","NRS18_CA_10012",38.808362,-121.635207,"California","7","Central California Valley","XER","H18020159","NRSA 2018-19"
"NRS18_SD_10045","NRS18_SD_10045",43.424602,-97.084747,"South Dakota","46","Northern Glaciated Plains","TPL","H10170102","NRSA 2018-19"
"NRS18_TN_11090","NRS18_TN_11090",35.730838,-84.325732,"Tennessee","67","Ridge and Valley","SAP","H06010201","NRSA 2018-19"
"NRS18_WY_11299","NRS18_WY_11299",43.673345,-106.530662,"Wyoming","43","Northwestern Great Plains","NPL","H10090203","NRSA 2018-19"
"NRS18_KS_10001","NRS18_KS_10001",37.786624,-96.42997,"Kansas","28","Flint Hills","TPL","H11070102","NRSA 2018-19"
"NRS18_CO_10224","NRS18_CO_10224",38.801273,-105.169769,"Colorado","21","Southern Rockies","WMT","H11020002","NRSA 2018-19"
"NRS18_TX_10014","NRS18_TX_10014",28.302105,-98.058153,"Texas","31","Southern Texas Plains","SPL","H12110111","NRSA 2018-19"
"NRS18_CA_10795","NRS18_CA_10795",38.8513,-121.630441,"California","7","Central California Valley","XER","H18020159","NRSA 2018-19"
"NRS18_GA_10005","NRS18_GA_10005",33.313575,-84.173066,"Georgia","45","Piedmont","SAP","H03070103","NRSA 2018-19"
"NRS18_SD_10021","NRS18_SD_10021",43.479964,-97.130143,"South Dakota","46","Northern Glaciated Plains","TPL","H10170102","NRSA 2018-19"
"NRS18_TN_10008","NRS18_TN_10008",36.125076,-83.181622,"Tennessee","67","Ridge and Valley","SAP","H06010108","NRSA 2018-19"
"NRS18_NY_10041","NRS18_NY_10041",42.083663,-76.291928,"New York","60","Northern Allegheny Plateau","NAP","H02050103","NRSA 2018-19"
"NRS18_NJ_10002","NRS18_NJ_10002",41.272423,-74.840215,"New Jersey","62","North Central Appalachians","SAP","H02040104","NRSA 2018-19"
"NRS18_NY_10020","NRS18_NY_10020",42.028955,-76.398302,"New York","60","Northern Allegheny Plateau","NAP","H02050103","NRSA 2018-19"
"NRS18_WY_10071","NRS18_WY_10071",42.546895,-109.116394,"Wyoming","18","Wyoming Basin","XER","H10180006","NRSA 2018-19"
"NRS18_TN_10019","NRS18_TN_10019",36.446583,-81.739689,"Tennessee","66","Blue Ridge","SAP","H06010103","NRSA 2018-19"
"NRS18_CT_10009","NRS18_CT_10009",41.395092,-73.429079,"Connecticut","59","Northeastern Coastal Zone","NAP","H01100005","NRSA 2018-19"
"NRS18_OR_10006","NRS18_OR_10006",43.101182,-122.829744,"Oregon","4","Cascades","WMT","H17100302","NRSA 2018-19"
"NRS18_ME_10017","NRS18_ME_10017",43.217478,-70.650122,"Maine","59","Northeastern Coastal Zone","NAP","H01060003","NRSA 2018-19"
"NRS18_TX_10080","NRS18_TX_10080",28.275052,-97.983948,"Texas","31","Southern Texas Plains","SPL","H12110111","NRSA 2018-19"
"NRS18_ID_10021","NRS18_ID_10021",46.8368,-115.467904,"Idaho","15","Northern Rockies","WMT","H17060307","NRSA 2018-19"
"NRS18_NY_10021","NRS18_NY_10021",41.292566,-74.475507,"New York","67","Ridge and Valley","SAP","H02020007","NRSA 2018-19"
"NRS18_NY_10064","NRS18_NY_10064",42.456753,-75.570299,"New York","60","Northern Allegheny Plateau","NAP","H02050102","NRSA 2018-19"
"NRS18_MA_10016","NRS18_MA_10016",42.854357,-70.924927,"Massachusetts","59","Northeastern Coastal Zone","NAP","H01070006","NRSA 2018-19"
"NRS18_GA_10014","NRS18_GA_10014",33.543253,-83.509251,"Georgia","45","Piedmont","SAP","H03070101","NRSA 2018-19"
"NRS18_WY_10021","NRS18_WY_10021",42.770521,-109.25705,"Wyoming","17","Middle Rockies","WMT","H14040102","NRSA 2018-19"
"NRS18_WI_10113","NRS18_WI_10113",43.980227,-88.297809,"Wisconsin","53","Southeastern Wisconsin Till Plains","TPL","H04030203","NRSA 2018-19"
"NRS18_OH_10021","NRS18_OH_10021",40.632243,-81.702027,"Ohio","61","Erie Drift Plain","NAP","H05040001","NRSA 2018-19"
"NRS18_IA_10016","NRS18_IA_10016",42.057259,-93.737433,"Iowa","47","Western Corn Belt Plains","TPL","H07080105","NRSA 2018-19"
"NRS18_WA_10023","NRS18_WA_10023",48.087203,-118.691579,"Washington","15","Northern Rockies","WMT","H17020004","NRSA 2018-19"
"NRS18_SD_10057","NRS18_SD_10057",45.191738,-101.690496,"South Dakota","43","Northwestern Great Plains","NPL","H10130306","NRSA 2018-19"
"NRS18_MI_10039","NRS18_MI_10039",43.152429,-85.966514,"Michigan","56","Southern Michigan/Northern Indiana Drift Plains","UMW","H04050006","NRSA 2018-19"
"NRS18_SD_10041","NRS18_SD_10041",44.059459,-101.21611,"South Dakota","43","Northwestern Great Plains","NPL","H10140102","NRSA 2018-19"
"NRS18_IA_10001","NRS18_IA_10001",40.873733,-95.597704,"Iowa","47","Western Corn Belt Plains","TPL","H10240002","NRSA 2018-19"
"NRS18_WI_10541","NRS18_WI_10541",45.74026,-88.079202,"Wisconsin","50","Northern Lakes and Forests","UMW","H04030108","NRSA 2018-19"
"NRS18_NC_10023","NRS18_NC_10023",35.843076,-81.969075,"North Carolina","66","Blue Ridge","SAP","H03050101","NRSA 2018-19"
"NRS18_OH_10022","NRS18_OH_10022",40.71539,-81.713845,"Ohio","61","Erie Drift Plain","NAP","H05040001","NRSA 2018-19"
"NRS18_SD_10053","NRS18_SD_10053",45.221844,-101.533231,"South Dakota","43","Northwestern Great Plains","NPL","H10130306","NRSA 2018-19"
"NRS18_WY_10026","NRS18_WY_10026",43.558551,-110.249144,"Wyoming","17","Middle Rockies","WMT","H17040102","NRSA 2018-19"
"NRS18_FL_10037","NRS18_FL_10037",27.206033,-80.574229,"Florida","75","Southern Coastal Plain","CPL","H03090206","NRSA 2018-19"
"NRS18_MO_10029","NRS18_MO_10029",40.036284,-92.547903,"Missouri","40","Central Irregular Plains","TPL","H10280203","NRSA 2018-19"
"NRS18_MI_10008","NRS18_MI_10008",43.341474,-83.624411,"Michigan","57","Huron/Erie Lake Plains","TPL","H04080205","NRSA 2018-19"
"NRS18_MO_10026","NRS18_MO_10026",37.275602,-92.445341,"Missouri","39","Ozark Highlands","SAP","H10290201","NRSA 2018-19"
"NRS18_VA_10013","NRS18_VA_10013",37.310956,-82.288855,"Virginia","69","Central Appalachians","SAP","H05070202","NRSA 2018-19"
"NRS18_TN_11089","NRS18_TN_11089",35.081899,-85.278788,"Tennessee","67","Ridge and Valley","SAP","H06020001","NRSA 2018-19"
"NRS18_TX_10445","NRS18_TX_10445",30.39736,-99.347551,"Texas","30","Edwards Plateau","SPL","H12090204","NRSA 2018-19"
"NRS18_TX_10021","NRS18_TX_10021",30.577321,-99.863895,"Texas","30","Edwards Plateau","SPL","H12090202","NRSA 2018-19"
"NRS18_NE_10012","NRS18_NE_10012",40.624924,-100.57456,"Nebraska","27","Central Great Plains","SPL","H10250008","NRSA 2018-19"
"NRS18_WA_10029","NRS18_WA_10029",48.26724,-118.507267,"Washington","15","Northern Rockies","WMT","H17020001","NRSA 2018-19"
"NRS18_IA_10656","NRS18_IA_10656",41.940796,-95.463326,"Iowa","47","Western Corn Belt Plains","TPL","H10230007","NRSA 2018-19"
"NRS18_PA_10218","NRS18_PA_10218",41.850424,-78.826595,"Pennsylvania","62","North Central Appalachians","NAP","H05010001","NRSA 2018-19"
"NRS18_SD_10014","NRS18_SD_10014",45.155093,-102.752592,"South Dakota","43","Northwestern Great Plains","NPL","H10130305","NRSA 2018-19"
"NRS18_WY_11151","NRS18_WY_11151",44.575647,-109.105182,"Wyoming","18","Wyoming Basin","XER","H10080014","NRSA 2018-19"
"NRS18_KY_10033","NRS18_KY_10033",37.229378,-86.779249,"Kentucky","72","Interior River Valleys and Hills","TPL","H05110003","NRSA 2018-19"
"NRS18_KY_10032","NRS18_KY_10032",37.184813,-88.23837,"Kentucky","71","Interior Plateau","SAP","H05130205","NRSA 2018-19"
"NRS18_MD_10007","NRS18_MD_10007",38.764437,-75.735559,"Maryland","63","Middle Atlantic Coastal Plain","CPL","H02080109","NRSA 2018-19"
"NRS18_SD_10060","NRS18_SD_10060",43.245738,-97.649237,"South Dakota","46","Northern Glaciated Plains","TPL","H10160011","NRSA 2018-19"
"NRS18_MI_10231","NRS18_MI_10231",42.464326,-84.04813,"Michigan","56","Southern Michigan/Northern Indiana Drift Plains","UMW","H04090005","NRSA 2018-19"
"NRS18_ND_10026","NRS18_ND_10026",46.760525,-100.720354,"North Dakota","42","Northwestern Glaciated Plains","NPL","H10130103","NRSA 2018-19"
"NRS18_WI_10569","NRS18_WI_10569",44.320934,-89.093058,"Wisconsin","51","North Central Hardwood Forests","UMW","H04030202","NRSA 2018-19"
"NRS18_WI_10050","NRS18_WI_10050",45.328089,-88.429959,"Wisconsin","50","Northern Lakes and Forests","UMW","H04030104","NRSA 2018-19"
"NRS18_AL_10023","NRS18_AL_10023",34.755582,-85.680757,"Alabama","68","Southwestern Appalachians","SAP","H06030001","NRSA 2018-19"
"NRS18_IA_10004","NRS18_IA_10004",42.40439,-95.87348,"Iowa","47","Western Corn Belt Plains","TPL","H10230003","NRSA 2018-19"
"NRS18_PA_10018","NRS18_PA_10018",41.746556,-79.30665,"Pennsylvania","62","North Central Appalachians","NAP","H05010003","NRSA 2018-19"
"NRS18_WY_10078","NRS18_WY_10078",44.507711,-108.433378,"Wyoming","18","Wyoming Basin","XER","H10080011","NRSA 2018-19"
"NRS18_WY_11746","NRS18_WY_11746",44.458595,-108.640031,"Wyoming","18","Wyoming Basin","XER","H10080011","NRSA 2018-19"
"NRS18_TX_10042","NRS18_TX_10042",30.500098,-99.686453,"Texas","30","Edwards Plateau","SPL","H12090204","NRSA 2018-19"
"NRS18_MO_10665","NRS18_MO_10665",36.659256,-92.63412,"Missouri","39","Ozark Highlands","SAP","H11010003","NRSA 2018-19"
"NRS18_MO_10039","NRS18_MO_10039",38.902386,-93.013749,"Missouri","72","Interior River Valleys and Hills","TPL","H10300103","NRSA 2018-19"
"NRS18_IA_10034","NRS18_IA_10034",42.547335,-96.476901,"Iowa","47","Western Corn Belt Plains","TPL","H10170203","NRSA 2018-19"
"NRS18_MO_10051","NRS18_MO_10051",38.406479,-90.38821,"Missouri","39","Ozark Highlands","SAP","H07140101","NRSA 2018-19"
"NRS18_MO_10361","NRS18_MO_10361",39.065851,-92.520166,"Missouri","72","Interior River Valleys and Hills","TPL","H10300102","NRSA 2018-19"
"NRS18_NY_10549","NRS18_NY_10549",40.907227,-72.737178,"New York","84","Atlantic Coastal Pine Barrens","CPL","H02030202","NRSA 2018-19"
"NRS18_IL_10035","NRS18_IL_10035",42.183376,-90.194253,"Illinois","52","Driftless Area","UMW","H07060005","NRSA 2018-19"
"NRS18_MO_11111","NRS18_MO_11111",36.797959,-92.824117,"Missouri","39","Ozark Highlands","SAP","H11010003","NRSA 2018-19"
"NRS18_WY_10011","NRS18_WY_10011",43.414023,-106.285976,"Wyoming","43","Northwestern Great Plains","NPL","H10090204","NRSA 2018-19"
"NRS18_MI_10044","NRS18_MI_10044",45.180189,-83.632607,"Michigan","50","Northern Lakes and Forests","UMW","H04070006","NRSA 2018-19"
"NRS18_ND_10031","NRS18_ND_10031",47.189595,-102.630047,"North Dakota","43","Northwestern Great Plains","NPL","H10130201","NRSA 2018-19"
"NRS18_WI_10049","NRS18_WI_10049",44.470315,-90.868808,"Wisconsin","52","Driftless Area","UMW","H07040007","NRSA 2018-19"
"NRS18_IL_10023","NRS18_IL_10023",42.258503,-90.282755,"Illinois","52","Driftless Area","UMW","H07060005","NRSA 2018-19"
"NRS18_MS_10022","NRS18_MS_10022",32.499589,-90.801857,"Mississippi","73","Mississippi Alluvial Plain","CPL","H08030208","NRSA 2018-19"
"NRS18_NJ_10007","NRS18_NJ_10007",40.757964,-74.163506,"New Jersey","64","Northern Piedmont","SAP","H02030103","NRSA 2018-19"
"NRS18_NJ_11083","NRS18_NJ_11083",40.858903,-74.119042,"New Jersey","64","Northern Piedmont","SAP","H02030103","NRSA 2018-19"
"NRS18_KS_10137","NRS18_KS_10137",39.248119,-94.913148,"Kansas","40","Central Irregular Plains","TPL","H10240011","NRSA 2018-19"
"NRS18_WY_10052","NRS18_WY_10052",43.618346,-104.20883,"Wyoming","43","Northwestern Great Plains","NPL","H10120107","NRSA 2018-19"
"NRS18_WY_11308","NRS18_WY_11308",43.833002,-104.406888,"Wyoming","43","Northwestern Great Plains","NPL","H10120107","NRSA 2018-19"
"NRS18_IL_10022","NRS18_IL_10022",38.723838,-89.4926,"Illinois","72","Interior River Valleys and Hills","TPL","H07140203","NRSA 2018-19"
"NRS18_MI_10040","NRS18_MI_10040",45.364462,-84.508582,"Michigan","50","Northern Lakes and Forests","UMW","H04070004","NRSA 2018-19"
"NRS18_MI_10030","NRS18_MI_10030",45.545149,-84.453374,"Michigan","50","Northern Lakes and Forests","UMW","H04070004","NRSA 2018-19"
"NRS18_OH_10028","NRS18_OH_10028",39.314374,-83.335667,"Ohio","55","Eastern Corn Belt Plains","TPL","H05060003","NRSA 2018-19"
"NRS18_OH_10024","NRS18_OH_10024",39.67677,-83.231229,"Ohio","55","Eastern Corn Belt Plains","TPL","H05060002","NRSA 2018-19"
"NRS18_MS_10021","NRS18_MS_10021",32.241188,-90.588983,"Mississippi","74","Mississippi Valley Loess Plains","CPL","H08060202","NRSA 2018-19"
"NRS18_SD_10012","NRS18_SD_10012",43.422442,-103.991805,"South Dakota","43","Northwestern Great Plains","NPL","H10120106","NRSA 2018-19"
"NRS18_OR_10035","NRS18_OR_10035",42.554284,-120.899709,"Oregon","9","Eastern Cascades Slopes and Foothills","WMT","H18010202","NRSA 2018-19"
"NRS18_WY_10022","NRS18_WY_10022",41.233284,-105.29289,"Wyoming","21","Southern Rockies","WMT","H10190009","NRSA 2018-19"
"NRS18_AL_RF001","NRS18_AL_RF001",34.2181,-87.3689,"Alabama","68","Southwestern Appalachians","SAP","H03160110","NRSA 2018-19"
"NRS18_WI_10051","NRS18_WI_10051",43.20595,-90.740922,"Wisconsin","52","Driftless Area","UMW","H07070005","NRSA 2018-19"
"NRS18_ND_10007","NRS18_ND_10007",47.129578,-102.234188,"North Dakota","43","Northwestern Great Plains","NPL","H10130201","NRSA 2018-19"
"NRS18_MO_10213","NRS18_MO_10213",36.560884,-94.148683,"Missouri","39","Ozark Highlands","SAP","H11070208","NRSA 2018-19"
"NRS18_MS_10020","NRS18_MS_10020",33.222006,-89.327859,"Mississippi","65","Southeastern Plains","CPL","H03180001","NRSA 2018-19"
"NRS18_OH_10007","NRS18_OH_10007",40.581282,-81.39514,"Ohio","70","Western Allegheny Plateau","SAP","H05040001","NRSA 2018-19"
"NRS18_GA_10023","NRS18_GA_10023",32.893055,-83.276855,"Georgia","65","Southeastern Plains","CPL","H03070102","NRSA 2018-19"
"NRS18_NY_10065","NRS18_NY_10065",41.317815,-74.474831,"New York","67","Ridge and Valley","SAP","H02020007","NRSA 2018-19"
"NRS18_IL_10968","NRS18_IL_10968",41.275237,-90.790142,"Illinois","72","Interior River Valleys and Hills","TPL","H07080104","NRSA 2018-19"
"NRS18_SD_10026","NRS18_SD_10026",43.278034,-103.720156,"South Dakota","17","Middle Rockies","WMT","H10120106","NRSA 2018-19"
"NRS18_MI_10041","NRS18_MI_10041",46.816227,-88.202026,"Michigan","50","Northern Lakes and Forests","UMW","H04020105","NRSA 2018-19"
"NRS18_TX_10022","NRS18_TX_10022",30.679634,-99.026987,"Texas","30","Edwards Plateau","SPL","H12090204","NRSA 2018-19"
"NRS18_TX_10007","NRS18_TX_10007",31.131818,-99.32021,"Texas","27","Central Great Plains","SPL","H12090110","NRSA 2018-19"
"NRS18_OR_10024","NRS18_OR_10024",42.46639,-121.439559,"Oregon","9","Eastern Cascades Slopes and Foothills","WMT","H18010202","NRSA 2018-19"
"NRS18_MS_10006","NRS18_MS_10006",34.001658,-88.518332,"Mississippi","65","Southeastern Plains","CPL","H03160101","NRSA 2018-19"
"NRS18_MO_10006","NRS18_MO_10006",39.71145,-94.157283,"Missouri","40","Central Irregular Plains","TPL","H10280101","NRSA 2018-19"
"NRS18_GA_10016","NRS18_GA_10016",32.297304,-84.049975,"Georgia","65","Southeastern Plains","CPL","H03130006","NRSA 2018-19"
"NRS18_IL_10040","NRS18_IL_10040",39.068113,-88.60513,"Illinois","72","Interior River Valleys and Hills","TPL","H05120114","NRSA 2018-19"
"NRS18_OH_10004","NRS18_OH_10004",41.159055,-81.817743,"Ohio","61","Erie Drift Plain","NAP","H04110001","NRSA 2018-19"
"NRS18_SD_10004","NRS18_SD_10004",44.15643,-103.228696,"South Dakota","43","Northwestern Great Plains","NPL","H10120111","NRSA 2018-19"
"NRS18_WY_11145","NRS18_WY_11145",41.019056,-108.824944,"Wyoming","18","Wyoming Basin","XER","H14040109","NRSA 2018-19"
"NRS18_WY_10546","NRS18_WY_10546",41.69606,-110.979916,"Wyoming","18","Wyoming Basin","XER","H16010101","NRSA 2018-19"
"NRS18_CT_10037","NRS18_CT_10037",41.510439,-72.496605,"Connecticut","59","Northeastern Coastal Zone","NAP","H01080205","NRSA 2018-19"
"NRS18_FL_10017","NRS18_FL_10017",30.770383,-81.786354,"Florida","75","Southern Coastal Plain","CPL","H03070204","NRSA 2018-19"
"NRS18_MO_10004","NRS18_MO_10004",39.097485,-94.351664,"Missouri","47","Western Corn Belt Plains","TPL","H10300101","NRSA 2018-19"
"NRS18_OH_10038","NRS18_OH_10038",40.016356,-83.252964,"Ohio","55","Eastern Corn Belt Plains","TPL","H05060001","NRSA 2018-19"
"NRS18_AL_10020","NRS18_AL_10020",33.794847,-87.85932,"Alabama","65","Southeastern Plains","CPL","H03160105","NRSA 2018-19"
"NRS18_NJ_10013","NRS18_NJ_10013",39.692218,-75.437111,"New Jersey","63","Middle Atlantic Coastal Plain","CPL","H02040206","NRSA 2018-19"
"NRS18_VA_10011","NRS18_VA_10011",38.434966,-77.524428,"Virginia","45","Piedmont","SAP","H02070011","NRSA 2018-19"
"NRS18_MO_10053","NRS18_MO_10053",37.251978,-89.660089,"Missouri","73","Mississippi Alluvial Plain","CPL","H07140107","NRSA 2018-19"
"NRS18_MO_10055","NRS18_MO_10055",37.214938,-89.748962,"Missouri","73","Mississippi Alluvial Plain","CPL","H07140107","NRSA 2018-19"
"NRS18_MN_10063","NRS18_MN_10063",46.302959,-94.537056,"Minnesota","50","Northern Lakes and Forests","UMW","H07010106","NRSA 2018-19"
"NRS18_MO_10033","NRS18_MO_10033",40.472858,-95.315411,"Missouri","47","Western Corn Belt Plains","TPL","H10240005","NRSA 2018-19"
"NRS18_MN_10066","NRS18_MN_10066",45.551647,-94.266439,"Minnesota","51","North Central Hardwood Forests","UMW","H07010202","NRSA 2018-19"
"NRS18_WY_11747","NRS18_WY_11747",42.247773,-109.426556,"Wyoming","18","Wyoming Basin","XER","H14040104","NRSA 2018-19"
"NRS18_WY_10060","NRS18_WY_10060",42.34264,-109.51511,"Wyoming","18","Wyoming Basin","XER","H14040104","NRSA 2018-19"
"NRS18_IA_10024","NRS18_IA_10024",41.520201,-94.505938,"Iowa","47","Western Corn Belt Plains","TPL","H07100008","NRSA 2018-19"
"NRS18_MO_10812","NRS18_MO_10812",39.31945,-94.633544,"Missouri","47","Western Corn Belt Plains","TPL","H10240012","NRSA 2018-19"
"NRS18_WI_10017","NRS18_WI_10017",42.85481,-90.52929,"Wisconsin","52","Driftless Area","UMW","H07060003","NRSA 2018-19"
"NRS18_MD_10013","NRS18_MD_10013",39.293868,-79.464841,"Maryland","67","Ridge and Valley","SAP","H05020006","NRSA 2018-19"
"NRS18_MN_10033","NRS18_MN_10033",45.322207,-93.8161,"Minnesota","51","North Central Hardwood Forests","UMW","H07010203","NRSA 2018-19"
"NRS18_MO_10214","NRS18_MO_10214",38.076673,-93.671499,"Missouri","39","Ozark Highlands","SAP","H10290105","NRSA 2018-19"
"NRS18_WI_10542","NRS18_WI_10542",43.424742,-89.937501,"Wisconsin","52","Driftless Area","UMW","H07070004","NRSA 2018-19"
"NRS18_GA_RF001","NRS18_GA_RF001",31.38436,-83.1924,"Georgia","65","Southeastern Plains","CPL","H03110202","NRSA 2018-19"
"NRS18_MN_10013","NRS18_MN_10013",45.297289,-93.572051,"Minnesota","51","North Central Hardwood Forests","UMW","H07010203","NRSA 2018-19"
"NRS18_MO_10362","NRS18_MO_10362",40.426812,-94.944335,"Missouri","47","Western Corn Belt Plains","TPL","H10240010","NRSA 2018-19"
"NRS18_MI_10062","NRS18_MI_10062",42.809472,-86.170051,"Michigan","56","Southern Michigan/Northern Indiana Drift Plains","UMW","H04050002","NRSA 2018-19"
"NRS18_TX_10002","NRS18_TX_10002",30.57973,-94.997914,"Texas","35","South Central Plains","CPL","H12030202","NRSA 2018-19"
"NRS18_FL_RF001","NRS18_FL_RF001",30.31556,-82.6447,"Florida","75","Southern Coastal Plain","CPL","H03110201","NRSA 2018-19"
"NRS18_MN_10071","NRS18_MN_10071",45.222674,-96.273701,"Minnesota","46","Northern Glaciated Plains","TPL","H07020001","NRSA 2018-19"
"NRS18_WI_10245","NRS18_WI_10245",45.602196,-90.958542,"Wisconsin","50","Northern Lakes and Forests","UMW","H07050002","NRSA 2018-19"
"NRS18_VA_10015","NRS18_VA_10015",37.965576,-76.960003,"Virginia","65","Southeastern Plains","CPL","H02080104","NRSA 2018-19"
"NRS18_NE_10042","NRS18_NE_10042",40.165087,-97.428092,"Nebraska","27","Central Great Plains","SPL","H10270206","NRSA 2018-19"
"NRS18_WI_10022","NRS18_WI_10022",45.447608,-91.878643,"Wisconsin","51","North Central Hardwood Forests","UMW","H07050007","NRSA 2018-19"
"NRS18_NE_10011","NRS18_NE_10011",40.357431,-98.130438,"Nebraska","27","Central Great Plains","SPL","H10270206","NRSA 2018-19"
"NRS18_PA_10217","NRS18_PA_10217",41.804636,-77.492448,"Pennsylvania","62","North Central Appalachians","NAP","H02050205","NRSA 2018-19"
"NRS18_OR_10519","NRS18_OR_10519",42.723669,-118.832975,"Oregon","80","Northern Basin and Range","XER","H17120003","NRSA 2018-19"
"NRS18_OR_10231","NRS18_OR_10231",42.562812,-118.750426,"Oregon","80","Northern Basin and Range","XER","H17120003","NRSA 2018-19"
"NRS18_MO_10037","NRS18_MO_10037",40.315641,-91.503542,"Missouri","72","Interior River Valleys and Hills","TPL","H07110001","NRSA 2018-19"
"NRS18_WI_10083","NRS18_WI_10083",45.848171,-92.051252,"Wisconsin","50","Northern Lakes and Forests","UMW","H07030001","NRSA 2018-19"
"NRS18_WI_10324","NRS18_WI_10324",46.249769,-91.641086,"Wisconsin","50","Northern Lakes and Forests","UMW","H07030001","NRSA 2018-19"
"NRS18_VA_10022","NRS18_VA_10022",36.721577,-81.477542,"Virginia","66","Blue Ridge","SAP","H06010102","NRSA 2018-19"
"NRS18_VA_10006","NRS18_VA_10006",36.965302,-82.051795,"Virginia","67","Ridge and Valley","SAP","H06010205","NRSA 2018-19"
"NRS18_AZ_10011","NRS18_AZ_10011",34.86995,-112.069349,"Arizona","23","Arizona/New Mexico Mountains","WMT","H15060202","NRSA 2018-19"
"NRS18_AZ_10001","NRS18_AZ_10001",32.408821,-111.16063,"Arizona","81","Sonoran Basin and Range","XER","H15050303","NRSA 2018-19"
"NRS18_NM_10007","NRS18_NM_10007",36.574922,-106.04718,"New Mexico","21","Southern Rockies","WMT","H13020102","NRSA 2018-19"
"NRS18_NM_10645","NRS18_NM_10645",36.597293,-106.063509,"New Mexico","21","Southern Rockies","WMT","H13020102","NRSA 2018-19"
"NRS18_AZ_10010","NRS18_AZ_10010",31.514662,-110.128158,"Arizona","79","Madrean Archipelago","XER","H15050202","NRSA 2018-19"
"NRS18_AZ_10021","NRS18_AZ_10021",34.909881,-111.727866,"Arizona","23","Arizona/New Mexico Mountains","WMT","H15060202","NRSA 2018-19"
"NRS18_AZ_10006","NRS18_AZ_10006",36.700979,-110.52557,"Arizona","22","Arizona/New Mexico Plateau","XER","H14080204","NRSA 2018-19"
"NRS18_NM_10001","NRS18_NM_10001",36.110604,-105.731939,"New Mexico","21","Southern Rockies","WMT","H13020101","NRSA 2018-19"
"NRS18_NM_10038","NRS18_NM_10038",35.717126,-105.494325,"New Mexico","21","Southern Rockies","WMT","H13060001","NRSA 2018-19"
"NRS18_NM_10511","NRS18_NM_10511",36.877622,-103.875648,"New Mexico","26","Southwestern Tablelands","SPL","H11040001","NRSA 2018-19"
"NRS18_AZ_10002","NRS18_AZ_10002",33.476342,-114.605302,"Arizona","81","Sonoran Basin and Range","XER","H15030104","NRSA 2018-19"
"NRS18_AZ_12837","NRS18_AZ_12837",33.487018,-114.598604,"Arizona","81","Sonoran Basin and Range","XER","H15030104","NRSA 2018-19"
"NRS18_AZ_10016","NRS18_AZ_10016",36.854457,-109.207653,"Arizona","23","Arizona/New Mexico Mountains","WMT","H14080201","NRSA 2018-19"
"NRS18_TX_10024","NRS18_TX_10024",27.567769,-97.794588,"Texas","34","Western Gulf Coastal Plain","CPL","H12110204","NRSA 2018-19"
"NRS18_AZ_10007","NRS18_AZ_10007",33.668399,-114.531272,"Arizona","81","Sonoran Basin and Range","XER","H15030104","NRSA 2018-19"
"NRS18_NV_10004","NRS18_NV_10004",35.074242,-114.60429,"Nevada","14","Mojave Basin and Range","XER","H15030101","NRSA 2018-19"
"NRS18_AZ_10020","NRS18_AZ_10020",35.156293,-114.570682,"Arizona","14","Mojave Basin and Range","XER","H15030101","NRSA 2018-19"
"NRS18_NM_10968","NRS18_NM_10968",36.953931,-103.50308,"New Mexico","26","Southwestern Tablelands","SPL","H11040001","NRSA 2018-19"
"NRS18_NM_10507","NRS18_NM_10507",36.17477,-103.319398,"New Mexico","26","Southwestern Tablelands","SPL","H11090102","NRSA 2018-19"
"NRS18_TX_10074","NRS18_TX_10074",27.525404,-99.448539,"Texas","31","Southern Texas Plains","SPL","H13080002","NRSA 2018-19"
"NRS18_TX_10079","NRS18_TX_10079",28.509317,-99.762353,"Texas","31","Southern Texas Plains","SPL","H12110103","NRSA 2018-19"
"NRS18_NM_11409","NRS18_NM_11409",36.04541,-104.37441,"New Mexico","26","Southwestern Tablelands","SPL","H11080003","NRSA 2018-19"
"NRS18_NM_11401","NRS18_NM_11401",35.991072,-104.342653,"New Mexico","26","Southwestern Tablelands","SPL","H11080003","NRSA 2018-19"
"NRS18_AZ_12038","NRS18_AZ_12038",33.901551,-112.671802,"Arizona","81","Sonoran Basin and Range","XER","H15070103","NRSA 2018-19"
"NRS18_AZ_10012","NRS18_AZ_10012",33.977922,-111.306276,"Arizona","81","Sonoran Basin and Range","XER","H15060105","NRSA 2018-19"
"NRS18_NM_10014","NRS18_NM_10014",33.351935,-105.67545,"New Mexico","23","Arizona/New Mexico Mountains","WMT","H13060008","NRSA 2018-19"
"NRS18_NM_11246","NRS18_NM_11246",33.771229,-106.901338,"New Mexico","24","Chihuahuan Deserts","XER","H13020203","NRSA 2018-19"
"NRS18_AZ_10027","NRS18_AZ_10027",32.92038,-109.83841,"Arizona","81","Sonoran Basin and Range","XER","H15040005","NRSA 2018-19"
"NRS18_AZ_10013","NRS18_AZ_10013",33.296372,-109.19212,"Arizona","23","Arizona/New Mexico Mountains","WMT","H15040004","NRSA 2018-19"
"NRS18_TX_10041","NRS18_TX_10041",30.922699,-99.437322,"Texas","30","Edwards Plateau","SPL","H12090109","NRSA 2018-19"
"NRS18_NM_10809","NRS18_NM_10809",33.114476,-105.93529,"New Mexico","24","Chihuahuan Deserts","XER","H13050003","NRSA 2018-19"
"NRS18_AZ_12037","NRS18_AZ_12037",32.912152,-110.477373,"Arizona","79","Madrean Archipelago","XER","H15050203","NRSA 2018-19"
"NRS18_NM_10035","NRS18_NM_10035",33.300768,-108.125504,"New Mexico","23","Arizona/New Mexico Mountains","WMT","H15040001","NRSA 2018-19"
"NRS18_AZ_10014","NRS18_AZ_10014",35.916602,-113.334662,"Arizona","14","Mojave Basin and Range","XER","H15010002","NRSA 2018-19"
"NRS18_AZ_10004","NRS18_AZ_10004",36.087665,-111.870611,"Arizona","22","Arizona/New Mexico Plateau","XER","H15010001","NRSA 2018-19"
"NRS18_AZ_10005","NRS18_AZ_10005",36.433462,-111.864093,"Arizona","22","Arizona/New Mexico Plateau","XER","H15010001","NRSA 2018-19"
"NRS18_NM_11545","NRS18_NM_11545",33.074751,-108.496998,"New Mexico","23","Arizona/New Mexico Mountains","WMT","H15040001","NRSA 2018-19"
"NRS18_AZ_10457","NRS18_AZ_10457",32.650933,-114.693344,"Arizona","81","Sonoran Basin and Range","XER","H15030108","NRSA 2018-19"
"NRS18_AZ_10024","NRS18_AZ_10024",34.765382,-112.030406,"Arizona","23","Arizona/New Mexico Mountains","WMT","H15060202","NRSA 2018-19"
"NRS18_AZ_10843","NRS18_AZ_10843",34.226934,-111.456414,"Arizona","23","Arizona/New Mexico Mountains","WMT","H15060203","NRSA 2018-19"
"NRS18_AZ_12844","NRS18_AZ_12844",32.720924,-114.565756,"Arizona","81","Sonoran Basin and Range","XER","H15030107","NRSA 2018-19"
"NRS18_NM_11094","NRS18_NM_11094",33.523841,-108.879359,"New Mexico","23","Arizona/New Mexico Mountains","WMT","H15040004","NRSA 2018-19"
"NRS18_AZ_10003","NRS18_AZ_10003",33.67588,-109.084092,"Arizona","23","Arizona/New Mexico Mountains","WMT","H15040004","NRSA 2018-19"
"NRS18_NM_11437","NRS18_NM_11437",33.908407,-104.272555,"New Mexico","26","Southwestern Tablelands","SPL","H13060003","NRSA 2018-19"
"NRS18_AZ_10456","NRS18_AZ_10456",32.850222,-111.71771,"Arizona","81","Sonoran Basin and Range","XER","H15050303","NRSA 2018-19"
"NRS18_NM_11434","NRS18_NM_11434",35.045291,-104.715939,"New Mexico","26","Southwestern Tablelands","SPL","H13060001","NRSA 2018-19"
"NRS18_AZ_10015","NRS18_AZ_10015",34.161825,-109.301743,"Arizona","22","Arizona/New Mexico Plateau","XER","H15020001","NRSA 2018-19"
"NRS18_AZ_10008","NRS18_AZ_10008",33.890194,-109.472,"Arizona","23","Arizona/New Mexico Mountains","WMT","H15060101","NRSA 2018-19"
"NRS18_AZ_10009","NRS18_AZ_10009",36.419298,-109.10225,"Arizona","23","Arizona/New Mexico Mountains","WMT","H14080204","NRSA 2018-19"
"NRS18_TX_11093","NRS18_TX_11093",31.877132,-103.949732,"Texas","24","Chihuahuan Deserts","XER","H13070001","NRSA 2018-19"
"NRS18_TX_11224","NRS18_TX_11224",31.397417,-106.055208,"Texas","24","Chihuahuan Deserts","XER","H13040100","NRSA 2018-19"
"NRS18_TX_11086","NRS18_TX_11086",31.496648,-106.156778,"Texas","24","Chihuahuan Deserts","XER","H13040100","NRSA 2018-19"
"NRS18_TX_11101","NRS18_TX_11101",31.602535,-106.225493,"Texas","24","Chihuahuan Deserts","XER","H13040100","NRSA 2018-19"
"NRS18_NM_10397","NRS18_NM_10397",36.721358,-107.924913,"New Mexico","22","Arizona/New Mexico Plateau","XER","H14080101","NRSA 2018-19"
"NRS18_NM_11701","NRS18_NM_11701",36.701764,-107.972832,"New Mexico","22","Arizona/New Mexico Plateau","XER","H14080101","NRSA 2018-19"
"NRS18_TX_11369","NRS18_TX_11369",28.568634,-99.798159,"Texas","31","Southern Texas Plains","SPL","H12110103","NRSA 2018-19"
"NRS18_TX_11330","NRS18_TX_11330",28.171409,-99.040333,"Texas","31","Southern Texas Plains","SPL","H12110105","NRSA 2018-19"
"NRS18_NM_10013","NRS18_NM_10013",35.271174,-105.367902,"New Mexico","26","Southwestern Tablelands","SPL","H13060001","NRSA 2018-19"
"NRS18_TX_11028","NRS18_TX_11028",35.574738,-100.921922,"Texas","25","High Plains","SPL","H11090106","NRSA 2018-19"
"NRS18_NM_10042","NRS18_NM_10042",36.750518,-108.418179,"New Mexico","22","Arizona/New Mexico Plateau","XER","H14080105","NRSA 2018-19"
"NRS18_TX_11270","NRS18_TX_11270",29.26018,-100.619523,"Texas","31","Southern Texas Plains","SPL","H13080001","NRSA 2018-19"
"NRS18_NM_10381","NRS18_NM_10381",36.611208,-107.979854,"New Mexico","22","Arizona/New Mexico Plateau","XER","H14080101","NRSA 2018-19"
"NRS18_NM_10031","NRS18_NM_10031",36.884003,-108.814152,"New Mexico","20","Colorado Plateaus","XER","H14080105","NRSA 2018-19"
"NRS18_TX_10887","NRS18_TX_10887",35.416698,-100.793177,"Texas","26","Southwestern Tablelands","SPL","H11120301","NRSA 2018-19"
"NRS18_NM_10003","NRS18_NM_10003",36.788859,-106.240473,"New Mexico","21","Southern Rockies","WMT","H13010005","NRSA 2018-19"
"NRS18_NM_10805","NRS18_NM_10805",35.564979,-107.484687,"New Mexico","22","Arizona/New Mexico Plateau","XER","H13020205","NRSA 2018-19"
"NRS18_NM_11002","NRS18_NM_11002",36.979395,-103.184931,"New Mexico","26","Southwestern Tablelands","SPL","H11040001","NRSA 2018-19"
"NRS18_GA_10057","NRS18_GA_10057",31.654321,-84.937686,"Georgia","65","Southeastern Plains","CPL","H03130004","NRSA 2018-19"
"NRS18_NM_10951","NRS18_NM_10951",36.506586,-104.597579,"New Mexico","26","Southwestern Tablelands","SPL","H11080001","NRSA 2018-19"
"NRS18_GA_10036","NRS18_GA_10036",33.925619,-85.34712,"Georgia","45","Piedmont","SAP","H03150105","NRSA 2018-19"
"NRS18_TX_10017","NRS18_TX_10017",29.771512,-101.731819,"Texas","24","Chihuahuan Deserts","XER","H13040212","NRSA 2018-19"
"NRS18_NM_10019","NRS18_NM_10019",36.845904,-104.929327,"New Mexico","21","Southern Rockies","WMT","H11080001","NRSA 2018-19"
"NRS18_TX_11185","NRS18_TX_11185",29.324037,-103.554323,"Texas","24","Chihuahuan Deserts","XER","H13040204","NRSA 2018-19"
"NRS18_SC_10332","NRS18_SC_10332",33.346975,-79.355101,"South Carolina","75","Southern Coastal Plain","CPL","H03040207","NRSA 2018-19"
"NRS18_KY_10012","NRS18_KY_10012",37.336688,-87.137605,"Kentucky","72","Interior River Valleys and Hills","TPL","H05110003","NRSA 2018-19"
"NRS18_NM_10947","NRS18_NM_10947",36.385962,-104.648788,"New Mexico","26","Southwestern Tablelands","SPL","H11080002","NRSA 2018-19"
"NRS18_SC_10017","NRS18_SC_10017",33.936304,-81.064837,"South Carolina","65","Southeastern Plains","CPL","H03050110","NRSA 2018-19"
"NRS18_NM_10002","NRS18_NM_10002",34.750145,-106.742491,"New Mexico","22","Arizona/New Mexico Plateau","XER","H13020203","NRSA 2018-19"
"NRS18_NC_10012","NRS18_NC_10012",35.732989,-78.970888,"North Carolina","45","Piedmont","SAP","H03030002","NRSA 2018-19"
"NRS18_VA_10004","NRS18_VA_10004",37.05595,-80.299429,"Virginia","66","Blue Ridge","SAP","H05050001","NRSA 2018-19"
"NRS18_PA_10003","NRS18_PA_10003",40.929727,-78.260049,"Pennsylvania","69","Central Appalachians","SAP","H02050201","NRSA 2018-19"
"NRS18_NY_10250","NRS18_NY_10250",41.49693,-73.548935,"New York","58","Northeastern Highlands","NAP","H02030101","NRSA 2018-19"
"NRS18_VT_10003","NRS18_VT_10003",43.04999,-72.721477,"Vermont","58","Northeastern Highlands","NAP","H01080107","NRSA 2018-19"
"NRS18_VT_RF001","NRS18_VT_RF001",43.14003,-72.93391,"Vermont","58","Northeastern Highlands","NAP","H01080107","NRSA 2018-19"
"NRS18_MN_10253","NRS18_MN_10253",47.606783,-91.46975,"Minnesota","50","Northern Lakes and Forests","UMW","H09030001","NRSA 2018-19"
"NRS18_KY_10002","NRS18_KY_10002",37.781397,-88.038192,"Kentucky","72","Interior River Valleys and Hills","TPL","H05140202","NRSA 2018-19"
"NRS18_AL_11088","NRS18_AL_11088",34.122757,-85.73655,"Alabama","67","Ridge and Valley","SAP","H03150105","NRSA 2018-19"
"NRS18_GA_10002","NRS18_GA_10002",30.702268,-83.033857,"Georgia","75","Southern Coastal Plain","CPL","H03110202","NRSA 2018-19"
"NRS18_OR_10013","NRS18_OR_10013",44.372926,-123.836351,"Oregon","1","Coast Range","WMT","H17100205","NRSA 2018-19"
"NRS18_SC_10001","NRS18_SC_10001",33.823625,-80.068031,"South Carolina","63","Middle Atlantic Coastal Plain","CPL","H03040205","NRSA 2018-19"
"NRS18_TX_10987","NRS18_TX_10987",33.153368,-100.490395,"Texas","26","Southwestern Tablelands","SPL","H12050007","NRSA 2018-19"
"NRS18_MN_10038","NRS18_MN_10038",48.963633,-96.229273,"Minnesota","49","Northern Minnesota Wetlands","UMW","H09020314","NRSA 2018-19"
"NRS18_NM_10008","NRS18_NM_10008",34.354253,-106.853159,"New Mexico","22","Arizona/New Mexico Plateau","XER","H13020203","NRSA 2018-19"
"NRS18_MN_10022","NRS18_MN_10022",48.109125,-96.111056,"Minnesota","48","Lake Agassiz Plain","TPL","H09020303","NRSA 2018-19"
"NRS18_OK_11427","NRS18_OK_11427",35.463046,-97.459684,"Oklahoma","27","Central Great Plains","SPL","H11100302","NRSA 2018-19"
"NRS18_WV_10005","NRS18_WV_10005",37.541361,-82.033608,"West Virginia","69","Central Appalachians","SAP","H05070201","NRSA 2018-19"
"NRS18_NY_10700","NRS18_NY_10700",41.246314,-74.169971,"New York","58","Northeastern Highlands","NAP","H02030103","NRSA 2018-19"
"NRS18_SC_10002","NRS18_SC_10002",33.883906,-78.784736,"South Carolina","63","Middle Atlantic Coastal Plain","CPL","H03040206","NRSA 2018-19"
"NRS18_KY_10027","NRS18_KY_10027",37.472808,-88.076709,"Kentucky","72","Interior River Valleys and Hills","TPL","H05140203","NRSA 2018-19"
"NRS18_MN_10005","NRS18_MN_10005",47.755017,-91.533624,"Minnesota","50","Northern Lakes and Forests","UMW","H09030001","NRSA 2018-19"
"NRS18_GA_10026","NRS18_GA_10026",30.864359,-83.354126,"Georgia","65","Southeastern Plains","CPL","H03110204","NRSA 2018-19"
"NRS18_CA_10247","NRS18_CA_10247",33.433625,-114.71776,"California","81","Sonoran Basin and Range","XER","H15030104","NRSA 2018-19"
"NRS18_AL_10004","NRS18_AL_10004",32.91383,-87.532648,"Alabama","65","Southeastern Plains","CPL","H03160113","NRSA 2018-19"
"NRS18_OR_10968","NRS18_OR_10968",43.650194,-123.663272,"Oregon","1","Coast Range","WMT","H17100303","NRSA 2018-19"
"NRS18_TX_11022","NRS18_TX_11022",32.582782,-100.873302,"Texas","26","Southwestern Tablelands","SPL","H12080002","NRSA 2018-19"
"NRS18_NC_10037","NRS18_NC_10037",35.633227,-79.536017,"North Carolina","45","Piedmont","SAP","H03030003","NRSA 2018-19"
"NRS18_VT_10004","NRS18_VT_10004",42.946389,-72.871778,"Vermont","58","Northeastern Highlands","NAP","H01080203","NRSA 2018-19"
"NRS18_MI_10025","NRS18_MI_10025",41.855738,-86.269812,"Michigan","56","Southern Michigan/Northern Indiana Drift Plains","UMW","H04050001","NRSA 2018-19"
"NRS18_KY_10023","NRS18_KY_10023",37.842537,-86.746296,"Kentucky","72","Interior River Valleys and Hills","TPL","H05140201","NRSA 2018-19"
"NRS18_GA_10008","NRS18_GA_10008",31.158988,-85.078908,"Georgia","65","Southeastern Plains","CPL","H03130004","NRSA 2018-19"
"NRS18_NY_10063","NRS18_NY_10063",41.253271,-74.377183,"New York","67","Ridge and Valley","SAP","H02020007","NRSA 2018-19"
"NRS18_MN_10026","NRS18_MN_10026",47.88967,-90.797133,"Minnesota","50","Northern Lakes and Forests","UMW","H04010101","NRSA 2018-19"
"NRS18_OR_10009","NRS18_OR_10009",43.991273,-123.664334,"Oregon","1","Coast Range","WMT","H17100206","NRSA 2018-19"
"NRS18_IA_10020","NRS18_IA_10020",42.786027,-92.789988,"Iowa","47","Western Corn Belt Plains","TPL","H07080202","NRSA 2018-19"
"NRS18_KY_10029","NRS18_KY_10029",37.80267,-82.791244,"Kentucky","69","Central Appalachians","SAP","H05070203","NRSA 2018-19"
"NRS18_OH_10010","NRS18_OH_10010",38.826682,-83.017687,"Ohio","70","Western Allegheny Plateau","SAP","H05060002","NRSA 2018-19"
"NRS18_VA_10008","NRS18_VA_10008",37.310281,-80.681187,"Virginia","67","Ridge and Valley","SAP","H05050002","NRSA 2018-19"
"NRS18_MI_10012","NRS18_MI_10012",42.541667,-84.628027,"Michigan","56","Southern Michigan/Northern Indiana Drift Plains","UMW","H04050004","NRSA 2018-19"
"NRS18_CO_10135","NRS18_CO_10135",38.158167,-104.699869,"Colorado","26","Southwestern Tablelands","SPL","H11020002","NRSA 2018-19"
"NRS18_NM_11252","NRS18_NM_11252",35.851501,-106.970131,"New Mexico","22","Arizona/New Mexico Plateau","XER","H13020204","NRSA 2018-19"
"NRS18_MN_10029","NRS18_MN_10029",47.893065,-96.32799,"Minnesota","48","Lake Agassiz Plain","TPL","H09020303","NRSA 2018-19"
"NRS18_NY_10399","NRS18_NY_10399",41.444383,-74.381305,"New York","67","Ridge and Valley","SAP","H02020007","NRSA 2018-19"
"NRS18_IA_10011","NRS18_IA_10011",43.472834,-92.280335,"Iowa","47","Western Corn Belt Plains","TPL","H07060002","NRSA 2018-19"
"NRS18_MN_10021","NRS18_MN_10021",47.293109,-91.566255,"Minnesota","50","Northern Lakes and Forests","UMW","H04010102","NRSA 2018-19"
"NRS18_IA_10046","NRS18_IA_10046",43.167215,-91.678624,"Iowa","52","Driftless Area","UMW","H07060001","NRSA 2018-19"
"NRS18_NY_10054","NRS18_NY_10054",41.826923,-74.774462,"New York","60","Northern Allegheny Plateau","NAP","H02040102","NRSA 2018-19"
"NRS18_MN_10061","NRS18_MN_10061",47.054972,-95.217157,"Minnesota","50","Northern Lakes and Forests","UMW","H07010106","NRSA 2018-19"
"NRS18_WY_10039","NRS18_WY_10039",41.215059,-105.796126,"Wyoming","18","Wyoming Basin","XER","H10180010","NRSA 2018-19"
"NRS18_NY_10039","NRS18_NY_10039",42.54433,-74.95157,"New York","60","Northern Allegheny Plateau","NAP","H02050101","NRSA 2018-19"
"NRS18_MI_10009","NRS18_MI_10009",43.022339,-86.023972,"Michigan","56","Southern Michigan/Northern Indiana Drift Plains","UMW","H04050006","NRSA 2018-19"
"NRS18_MN_10014","NRS18_MN_10014",46.987016,-92.811501,"Minnesota","50","Northern Lakes and Forests","UMW","H04010201","NRSA 2018-19"
"NRS18_MN_10044","NRS18_MN_10044",47.124731,-92.552125,"Minnesota","50","Northern Lakes and Forests","UMW","H04010201","NRSA 2018-19"
"NRS18_NE_10041","NRS18_NE_10041",41.101023,-102.520214,"Nebraska","25","High Plains","SPL","H10190016","NRSA 2018-19"
"NRS18_OR_10817","NRS18_OR_10817",43.790446,-117.854117,"Oregon","80","Northern Basin and Range","XER","H17050117","NRSA 2018-19"
"NRS18_TN_10040","NRS18_TN_10040",35.366033,-88.977893,"Tennessee","65","Southeastern Plains","CPL","H08010208","NRSA 2018-19"
"NRS18_IA_10005","NRS18_IA_10005",43.35915,-93.868429,"Iowa","47","Western Corn Belt Plains","TPL","H07100003","NRSA 2018-19"
"NRS18_OK_10046","NRS18_OK_10046",34.443373,-99.652644,"Oklahoma","27","Central Great Plains","SPL","H11130101","NRSA 2018-19"
"NRS18_VT_RF002","NRS18_VT_RF002",44.503609,-72.781937,"Vermont","58","Northeastern Highlands","NAP","H04150403","NRSA 2018-19"
"NRS18_WY_10549","NRS18_WY_10549",41.487948,-107.17872,"Wyoming","18","Wyoming Basin","XER","H10180002","NRSA 2018-19"
"NRS18_NC_10032","NRS18_NC_10032",35.878805,-82.0796,"North Carolina","66","Blue Ridge","SAP","H06010108","NRSA 2018-19"
"NRS18_IA_10003","NRS18_IA_10003",41.85046,-94.026135,"Iowa","47","Western Corn Belt Plains","TPL","H07100004","NRSA 2018-19"
"NRS18_MN_10025","NRS18_MN_10025",46.972367,-95.055888,"Minnesota","50","Northern Lakes and Forests","UMW","H07010106","NRSA 2018-19"
"NRS18_OK_10049","NRS18_OK_10049",35.359633,-99.402678,"Oklahoma","27","Central Great Plains","SPL","H11120303","NRSA 2018-19"
"NRS18_NE_10053","NRS18_NE_10053",42.482165,-102.60076,"Nebraska","25","High Plains","SPL","H10150003","NRSA 2018-19"
"NRS18_MN_10062","NRS18_MN_10062",46.921184,-93.026063,"Minnesota","50","Northern Lakes and Forests","UMW","H04010201","NRSA 2018-19"
"NRS18_WV_10009","NRS18_WV_10009",38.148415,-82.210465,"West Virginia","70","Western Allegheny Plateau","SAP","H05070102","NRSA 2018-19"
"NRS18_UT_10432","NRS18_UT_10432",38.964468,-109.246786,"Utah","20","Colorado Plateaus","XER","H14030001","NRSA 2018-19"
"NRS18_OH_10031","NRS18_OH_10031",39.295249,-82.434409,"Ohio","70","Western Allegheny Plateau","SAP","H05090101","NRSA 2018-19"
"NRS18_NH_10014","NRS18_NH_10014",43.357228,-71.423382,"New Hampshire","58","Northeastern Highlands","NAP","H01070006","NRSA 2018-19"
"NRS18_WY_11452","NRS18_WY_11452",42.066107,-105.112682,"Wyoming","25","High Plains","SPL","H10180011","NRSA 2018-19"
"NRS18_SD_10094","NRS18_SD_10094",44.631209,-103.694434,"South Dakota","43","Northwestern Great Plains","NPL","H10120202","NRSA 2018-19"
"NRS18_MN_10030","NRS18_MN_10030",47.205516,-92.80054,"Minnesota","50","Northern Lakes and Forests","UMW","H04010201","NRSA 2018-19"
"NRS18_OK_11579","NRS18_OK_11579",36.394947,-99.004993,"Oklahoma","27","Central Great Plains","SPL","H03150109","NRSA 2018-19"
"NRS18_TX_11175","NRS18_TX_11175",31.979908,-104.123304,"Texas","24","Chihuahuan Deserts","XER","H13070002","NRSA 2018-19"
"NRS18_VA_RF013","NRS18_VA_RF013",36.91532,-81.615843,"Virginia","67","Ridge and Valley","SAP","H06010101","NRSA 2018-19"
"NRS18_NE_11590","NRS18_NE_11590",42.433322,-103.702654,"Nebraska","25","High Plains","SPL","H10150002","NRSA 2018-19"
"NRS18_NE_11578","NRS18_NE_11578",42.420129,-103.54142,"Nebraska","25","High Plains","SPL","H10150002","NRSA 2018-19"
"NRS18_MN_10057","NRS18_MN_10057",46.706912,-94.811039,"Minnesota","51","North Central Hardwood Forests","UMW","H07010106","NRSA 2018-19"
"NRS18_UT_10017","NRS18_UT_10017",38.612715,-109.558391,"Utah","20","Colorado Plateaus","XER","H14030005","NRSA 2018-19"
"NRS18_SC_10019","NRS18_SC_10019",32.846374,-81.44289,"South Carolina","75","Southern Coastal Plain","CPL","H03060106","NRSA 2018-19"
"NRS18_TN_10340","NRS18_TN_10340",35.972019,-88.26059,"Tennessee","65","Southeastern Plains","CPL","H06040005","NRSA 2018-19"
"NRS18_TN_10339","NRS18_TN_10339",35.146336,-89.237598,"Tennessee","65","Southeastern Plains","CPL","H08010210","NRSA 2018-19"
"NRS18_WY_11453","NRS18_WY_11453",42.199565,-104.585997,"Wyoming","25","High Plains","SPL","H10180011","NRSA 2018-19"
"NRS18_OH_10658","NRS18_OH_10658",39.306876,-82.856806,"Ohio","70","Western Allegheny Plateau","SAP","H05060002","NRSA 2018-19"
"NRS18_VT_10014","NRS18_VT_10014",44.29829,-72.947836,"Vermont","58","Northeastern Highlands","NAP","H04150403","NRSA 2018-19"
"NRS18_SD_10694","NRS18_SD_10694",44.137778,-100.801581,"South Dakota","43","Northwestern Great Plains","NPL","H10140102","NRSA 2018-19"
"NRS18_NC_10111","NRS18_NC_10111",35.588873,-77.412716,"North Carolina","63","Middle Atlantic Coastal Plain","CPL","H03020103","NRSA 2018-19"
"NRS18_SC_10009","NRS18_SC_10009",32.723837,-80.495587,"South Carolina","63","Middle Atlantic Coastal Plain","CPL","H03050207","NRSA 2018-19"
"NRS18_WV_10019","NRS18_WV_10019",39.965047,-80.587321,"West Virginia","70","Western Allegheny Plateau","SAP","H05030106","NRSA 2018-19"
"NRS18_VA_RF011","NRS18_VA_RF011",36.646169,-81.871981,"Virginia","67","Ridge and Valley","SAP","H06010102","NRSA 2018-19"
"NRS18_WI_10054","NRS18_WI_10054",42.520095,-89.812462,"Wisconsin","53","Southeastern Wisconsin Till Plains","TPL","H07090003","NRSA 2018-19"
"NRS18_MN_10039","NRS18_MN_10039",46.732829,-95.093981,"Minnesota","51","North Central Hardwood Forests","UMW","H07010106","NRSA 2018-19"
"NRS18_UT_10013","NRS18_UT_10013",38.809073,-111.316,"Utah","20","Colorado Plateaus","XER","H14070002","NRSA 2018-19"
"NRS18_NH_10016","NRS18_NH_10016",44.29852,-71.958776,"New Hampshire","58","Northeastern Highlands","NAP","H01080103","NRSA 2018-19"
"NRS18_SC_10034","NRS18_SC_10034",32.960873,-80.151045,"South Carolina","63","Middle Atlantic Coastal Plain","CPL","H03050201","NRSA 2018-19"
"NRS18_MN_10058","NRS18_MN_10058",47.809815,-92.628161,"Minnesota","49","Northern Minnesota Wetlands","UMW","H09030005","NRSA 2018-19"
"NRS18_CA_10025","NRS18_CA_10025",33.930821,-117.593979,"California","85","Southern California/Northern Baja Coast","XER","H18070203","NRSA 2018-19"
"NRS18_MN_10553","NRS18_MN_10553",47.309897,-91.873028,"Minnesota","50","Northern Lakes and Forests","UMW","H04010202","NRSA 2018-19"
"NRS18_WY_10251","NRS18_WY_10251",41.833069,-104.148164,"Wyoming","25","High Plains","SPL","H10180012","NRSA 2018-19"
"NRS18_TX_10988","NRS18_TX_10988",32.246455,-101.392117,"Texas","26","Southwestern Tablelands","SPL","H12080007","NRSA 2018-19"
"NRS18_TN_10023","NRS18_TN_10023",35.135242,-88.182074,"Tennessee","65","Southeastern Plains","CPL","H06040001","NRSA 2018-19"
"NRS18_MN_10012","NRS18_MN_10012",45.124795,-93.996236,"Minnesota","51","North Central Hardwood Forests","UMW","H07010204","NRSA 2018-19"
"NRS18_SC_10779","NRS18_SC_10779",34.611701,-82.438688,"South Carolina","45","Piedmont","SAP","H03050109","NRSA 2018-19"
"NRS18_MN_10060","NRS18_MN_10060",45.300943,-94.676256,"Minnesota","51","North Central Hardwood Forests","UMW","H07010204","NRSA 2018-19"
"NRS18_OR_11118","NRS18_OR_11118",43.086053,-117.711704,"Oregon","80","Northern Basin and Range","XER","H17050110","NRSA 2018-19"
"NRS18_NC_10009","NRS18_NC_10009",36.543817,-76.890248,"North Carolina","63","Middle Atlantic Coastal Plain","CPL","H03010203","NRSA 2018-19"
"NRS18_WY_11906","NRS18_WY_11906",43.358685,-104.309405,"Wyoming","43","Northwestern Great Plains","NPL","H10120103","NRSA 2018-19"
"NRS18_WY_11305","NRS18_WY_11305",44.053298,-105.268443,"Wyoming","43","Northwestern Great Plains","NPL","H10120201","NRSA 2018-19"
"NRS18_WY_11316","NRS18_WY_11316",44.089623,-105.166272,"Wyoming","43","Northwestern Great Plains","NPL","H10120201","NRSA 2018-19"
"NRS18_MD_10001","NRS18_MD_10001",38.689079,-75.769903,"Maryland","63","Middle Atlantic Coastal Plain","CPL","H02080109","NRSA 2018-19"
"NRS18_MN_10009","NRS18_MN_10009",48.035526,-92.907068,"Minnesota","50","Northern Lakes and Forests","UMW","H09030002","NRSA 2018-19"
"NRS18_WI_10028","NRS18_WI_10028",43.566894,-89.696972,"Wisconsin","51","North Central Hardwood Forests","UMW","H07070003","NRSA 2018-19"
"NRS18_KY_10003","NRS18_KY_10003",37.204632,-83.527866,"Kentucky","69","Central Appalachians","SAP","H05100203","NRSA 2018-19"
"NRS18_SC_10003","NRS18_SC_10003",33.767633,-80.073786,"South Carolina","63","Middle Atlantic Coastal Plain","CPL","H03040205","NRSA 2018-19"
"NRS18_MN_10007","NRS18_MN_10007",44.517651,-94.028575,"Minnesota","51","North Central Hardwood Forests","UMW","H07020012","NRSA 2018-19"
"NRS18_WY_11301","NRS18_WY_11301",44.923774,-106.002411,"Wyoming","43","Northwestern Great Plains","NPL","H10090207","NRSA 2018-19"
"NRS18_NE_10058","NRS18_NE_10058",40.902257,-96.606257,"Nebraska","47","Western Corn Belt Plains","TPL","H10200203","NRSA 2018-19"
"NRS18_AL_RF002","NRS18_AL_RF002",32.91311,-86.280553,"Alabama","45","Piedmont","SAP","H03150107","NRSA 2018-19"
"NRS18_OK_10024","NRS18_OK_10024",34.531257,-94.714417,"Oklahoma","36","Ouachita Mountains","SAP","H11140108","NRSA 2018-19"
"NRS18_MN_10010","NRS18_MN_10010",48.378459,-93.227255,"Minnesota","50","Northern Lakes and Forests","UMW","H09030003","NRSA 2018-19"
"NRS18_FL_RF002","NRS18_FL_RF002",30.676894,-86.703095,"Florida","65","Southeastern Plains","CPL","H03140103","NRSA 2018-19"
"NRS18_OK_10040","NRS18_OK_10040",35.986963,-94.915886,"Oklahoma","39","Ozark Highlands","SAP","H11110103","NRSA 2018-19"
"NRS18_KY_10004","NRS18_KY_10004",36.935035,-85.777664,"Kentucky","71","Interior Plateau","SAP","H05110002","NRSA 2018-19"
"NRS18_NH_10012","NRS18_NH_10012",44.076485,-71.798003,"New Hampshire","58","Northeastern Highlands","NAP","H01080103","NRSA 2018-19"
"NRS18_MI_10017","NRS18_MI_10017",44.017217,-85.751545,"Michigan","50","Northern Lakes and Forests","UMW","H04060101","NRSA 2018-19"
"NRS18_CA_10015","NRS18_CA_10015",40.001905,-121.268226,"California","5","Sierra Nevada","WMT","H18020121","NRSA 2018-19"
"NRS18_CA_10049","NRS18_CA_10049",39.803898,-120.376217,"California","13","Central Basin and Range","XER","H18020123","NRSA 2018-19"
"NRS18_PA_10034","NRS18_PA_10034",41.412408,-74.746929,"Pennsylvania","62","North Central Appalachians","NAP","H02040104","NRSA 2018-19"
"NRS18_CA_10007","NRS18_CA_10007",40.724003,-124.117393,"California","1","Coast Range","WMT","H18010102","NRSA 2018-19"
"NRS18_ID_10053","NRS18_ID_10053",43.718803,-115.306484,"Idaho","16","Idaho Batholith","WMT","H17050113","NRSA 2018-19"
"NRS18_WV_RF004","NRS18_WV_RF004",38.10803,-80.20808,"West Virginia","69","Central Appalachians","SAP","H05050003","NRSA 2018-19"
"NRS18_CA_10019","NRS18_CA_10019",39.613214,-121.779369,"California","7","Central California Valley","XER","H18020158","NRSA 2018-19"
"NRS18_MN_10018","NRS18_MN_10018",44.851271,-93.982832,"Minnesota","51","North Central Hardwood Forests","UMW","H07010205","NRSA 2018-19"
"NRS18_NC_10645","NRS18_NC_10645",35.983412,-77.860953,"North Carolina","65","Southeastern Plains","CPL","H03020101","NRSA 2018-19"
"NRS18_WI_10048","NRS18_WI_10048",45.858146,-90.426475,"Wisconsin","50","Northern Lakes and Forests","UMW","H07050003","NRSA 2018-19"
"NRS18_CA_10094","NRS18_CA_10094",40.77204,-123.302792,"California","78","Klamath Mountains/California High North Coast Range","WMT","H18010211","NRSA 2018-19"
"NRS18_FL_RF003","NRS18_FL_RF003",30.85189,-85.884261,"Florida","65","Southeastern Plains","CPL","H03140203","NRSA 2018-19"
"NRS18_KY_10016","NRS18_KY_10016",37.256587,-87.596391,"Kentucky","72","Interior River Valleys and Hills","TPL","H05140205","NRSA 2018-19"
"NRS18_FL_10010","NRS18_FL_10010",30.586987,-84.357333,"Florida","65","Southeastern Plains","CPL","H03120003","NRSA 2018-19"
"NRS18_WY_10034","NRS18_WY_10034",43.689013,-108.179119,"Wyoming","18","Wyoming Basin","XER","H10080007","NRSA 2018-19"
"NRS18_WY_11315","NRS18_WY_11315",43.682372,-106.339198,"Wyoming","43","Northwestern Great Plains","NPL","H10090204","NRSA 2018-19"
"NRS18_NH_10008","NRS18_NH_10008",42.756742,-72.463348,"New Hampshire","58","Northeastern Highlands","NAP","H01080201","NRSA 2018-19"
"NRS18_MN_10050","NRS18_MN_10050",48.250042,-93.886714,"Minnesota","49","Northern Minnesota Wetlands","UMW","H09030006","NRSA 2018-19"
"NRS18_WV_10008","NRS18_WV_10008",39.248905,-77.814103,"West Virginia","67","Ridge and Valley","SAP","H02070007","NRSA 2018-19"
"NRS18_WI_10027","NRS18_WI_10027",44.313401,-89.890864,"Wisconsin","51","North Central Hardwood Forests","UMW","H07070003","NRSA 2018-19"
"NRS18_MN_10052","NRS18_MN_10052",44.752693,-93.770725,"Minnesota","51","North Central Hardwood Forests","UMW","H07020012","NRSA 2018-19"
"NRS18_WY_10400","NRS18_WY_10400",42.620081,-109.188351,"Wyoming","17","Middle Rockies","WMT","H14040104","NRSA 2018-19"
"NRS18_DE_10037","NRS18_DE_10037",39.000753,-75.494612,"Delaware","63","Middle Atlantic Coastal Plain","CPL","H02040207","NRSA 2018-19"
"NRS18_MN_10008","NRS18_MN_10008",44.407243,-93.618834,"Minnesota","51","North Central Hardwood Forests","UMW","H07020012","NRSA 2018-19"
"NRS18_MN_10046","NRS18_MN_10046",48.494128,-94.08021,"Minnesota","49","Northern Minnesota Wetlands","UMW","H09030008","NRSA 2018-19"
"NRS18_IA_10007","NRS18_IA_10007",41.004455,-91.665281,"Iowa","47","Western Corn Belt Plains","TPL","H07080107","NRSA 2018-19"
"NRS18_NC_10006","NRS18_NC_10006",36.48171,-77.65994,"North Carolina","45","Piedmont","SAP","H03010107","NRSA 2018-19"
"NRS18_NC_10008","NRS18_NC_10008",35.458002,-77.675008,"North Carolina","65","Southeastern Plains","CPL","H03020203","NRSA 2018-19"
"NRS18_NC_10026","NRS18_NC_10026",34.795836,-78.805131,"North Carolina","65","Southeastern Plains","CPL","H03030005","NRSA 2018-19"
"NRS18_NC_10027","NRS18_NC_10027",35.508518,-78.960706,"North Carolina","45","Piedmont","SAP","H03030004","NRSA 2018-19"
"NRS18_IL_10014","NRS18_IL_10014",42.478331,-89.056039,"Illinois","53","Southeastern Wisconsin Till Plains","TPL","H07090002","NRSA 2018-19"
"NRS18_WY_10025","NRS18_WY_10025",42.934345,-110.720924,"Wyoming","17","Middle Rockies","WMT","H17040103","NRSA 2018-19"
"NRS18_WY_10005","NRS18_WY_10005",42.812991,-110.689021,"Wyoming","17","Middle Rockies","WMT","H17040103","NRSA 2018-19"
"NRS18_WY_11594","NRS18_WY_11594",43.315517,-110.695738,"Wyoming","17","Middle Rockies","WMT","H17040103","NRSA 2018-19"
"NRS18_OR_10014","NRS18_OR_10014",45.169775,-120.48228,"Oregon","10","Columbia Plateau","XER","H17070204","NRSA 2018-19"
"NRS18_MD_11081","NRS18_MD_11081",39.265448,-77.538179,"Maryland","66","Blue Ridge","SAP","H02070008","NRSA 2018-19"
"NRS18_NE_10079","NRS18_NE_10079",42.606951,-98.890099,"Nebraska","42","Northwestern Glaciated Plains","NPL","H10150007","NRSA 2018-19"
"NRS18_MI_10035","NRS18_MI_10035",46.741782,-88.488094,"Michigan","50","Northern Lakes and Forests","UMW","H04020105","NRSA 2018-19"
"NRS18_MN_10054","NRS18_MN_10054",47.761432,-93.854854,"Minnesota","49","Northern Minnesota Wetlands","UMW","H09030006","NRSA 2018-19"
"NRS18_MN_10037","NRS18_MN_10037",48.579729,-95.691626,"Minnesota","48","Lake Agassiz Plain","TPL","H09020314","NRSA 2018-19"
"NRS18_NC_10010","NRS18_NC_10010",35.822406,-81.184037,"North Carolina","45","Piedmont","SAP","H03050101","NRSA 2018-19"
"NRS18_OK_11421","NRS18_OK_11421",36.758844,-97.457246,"Oklahoma","27","Central Great Plains","SPL","H11060004","NRSA 2018-19"
"NRS18_IA_10031","NRS18_IA_10031",42.537292,-91.501708,"Iowa","47","Western Corn Belt Plains","TPL","H07060006","NRSA 2018-19"
"NRS18_MN_10020","NRS18_MN_10020",46.764925,-96.776982,"Minnesota","48","Lake Agassiz Plain","TPL","H09020104","NRSA 2018-19"
"NRS18_OK_10035","NRS18_OK_10035",34.227021,-95.493165,"Oklahoma","36","Ouachita Mountains","SAP","H11140105","NRSA 2018-19"
"NRS18_CO_10398","NRS18_CO_10398",38.223328,-108.352529,"Colorado","20","Colorado Plateaus","XER","H14030003","NRSA 2018-19"
"NRS18_NY_10051","NRS18_NY_10051",43.656058,-75.564373,"New York","58","Northeastern Highlands","NAP","H04140202","NRSA 2018-19"
"NRS18_TN_10015","NRS18_TN_10015",35.218765,-84.651501,"Tennessee","67","Ridge and Valley","SAP","H06020002","NRSA 2018-19"
"NRS18_NE_10030","NRS18_NE_10030",42.767443,-99.138524,"Nebraska","42","Northwestern Glaciated Plains","NPL","H10150004","NRSA 2018-19"
"NRS18_WI_10010","NRS18_WI_10010",43.217933,-89.824509,"Wisconsin","52","Driftless Area","UMW","H07070005","NRSA 2018-19"
"NRS18_MD_10004","NRS18_MD_10004",39.598564,-77.88461,"Maryland","67","Ridge and Valley","SAP","H02070004","NRSA 2018-19"
"NRS18_KY_10005","NRS18_KY_10005",37.296176,-83.062814,"Kentucky","69","Central Appalachians","SAP","H05100201","NRSA 2018-19"
"NRS18_MI_10006","NRS18_MI_10006",46.292056,-88.941789,"Michigan","50","Northern Lakes and Forests","UMW","H04030106","NRSA 2018-19"
"NRS18_GA_10019","NRS18_GA_10019",33.87507,-84.449027,"Georgia","45","Piedmont","SAP","H03130001","NRSA 2018-19"
"NRS18_ND_10044","NRS18_ND_10044",46.510695,-102.820133,"North Dakota","43","Northwestern Great Plains","NPL","H10130204","NRSA 2018-19"
"NRS18_MN_10028","NRS18_MN_10028",47.762978,-95.404224,"Minnesota","49","Northern Minnesota Wetlands","UMW","H09020305","NRSA 2018-19"
"NRS18_UT_10010","NRS18_UT_10010",38.761498,-109.323716,"Utah","20","Colorado Plateaus","XER","H14030005","NRSA 2018-19"
"NRS18_MN_10068","NRS18_MN_10068",45.999838,-96.573288,"Minnesota","48","Lake Agassiz Plain","TPL","H09020101","NRSA 2018-19"
"NRS18_OK_10032","NRS18_OK_10032",35.381636,-95.126996,"Oklahoma","37","Arkansas Valley","SAP","H11090204","NRSA 2018-19"
"NRS18_IA_10018","NRS18_IA_10018",42.828054,-91.375931,"Iowa","52","Driftless Area","UMW","H07060004","NRSA 2018-19"
"NRS18_NH_10017","NRS18_NH_10017",44.403149,-71.110124,"New Hampshire","58","Northeastern Highlands","NAP","H01040002","NRSA 2018-19"
"NRS18_SD_10061","NRS18_SD_10061",43.276626,-103.520066,"South Dakota","17","Middle Rockies","WMT","H10120106","NRSA 2018-19"
"NRS18_NC_10001","NRS18_NC_10001",35.043652,-80.465583,"North Carolina","45","Piedmont","SAP","H03040105","NRSA 2018-19"
"NRS18_WI_10015","NRS18_WI_10015",46.480873,-90.558552,"Wisconsin","50","Northern Lakes and Forests","UMW","H04010302","NRSA 2018-19"
"NRS18_CO_10064","NRS18_CO_10064",38.769333,-106.458899,"Colorado","21","Southern Rockies","WMT","H14020001","NRSA 2018-19"
"NRS18_CA_10026","NRS18_CA_10026",39.757387,-123.724845,"California","1","Coast Range","WMT","H18010106","NRSA 2018-19"
"NRS18_WI_10014","NRS18_WI_10014",42.650181,-90.032864,"Wisconsin","52","Driftless Area","UMW","H07090003","NRSA 2018-19"
"NRS18_ID_10018","NRS18_ID_10018",42.430418,-111.789088,"Idaho","80","Northern Basin and Range","XER","H16010202","NRSA 2018-19"
"NRS18_NY_10089","NRS18_NY_10089",43.665679,-75.294712,"New York","58","Northeastern Highlands","NAP","H04150101","NRSA 2018-19"
"NRS18_OK_10432","NRS18_OK_10432",34.992468,-97.683858,"Oklahoma","29","Cross Timbers","SPL","H11130303","NRSA 2018-19"
"NRS18_FL_10047","NRS18_FL_10047",29.938284,-82.106005,"Florida","75","Southern Coastal Plain","CPL","H03110206","NRSA 2018-19"
"NRS18_TN_RF001","NRS18_TN_RF001",36.535,-83.57576,"Tennessee","67","Ridge and Valley","SAP","H06010206","NRSA 2018-19"
"NRS18_TX_10060","NRS18_TX_10060",33.269268,-100.010089,"Texas","26","Southwestern Tablelands","SPL","H12060101","NRSA 2018-19"
"NRS18_OR_10521","NRS18_OR_10521",45.411069,-119.794268,"Oregon","10","Columbia Plateau","XER","H17070104","NRSA 2018-19"
"NRS18_MI_10049","NRS18_MI_10049",46.265559,-89.433101,"Michigan","50","Northern Lakes and Forests","UMW","H04020102","NRSA 2018-19"
"NRS18_WV_10020","NRS18_WV_10020",38.127901,-81.219583,"West Virginia","69","Central Appalachians","SAP","H05050006","NRSA 2018-19"
"NRS18_MN_10023","NRS18_MN_10023",46.915461,-94.042166,"Minnesota","50","Northern Lakes and Forests","UMW","H07010105","NRSA 2018-19"
"NRS18_PA_10022","NRS18_PA_10022",40.099514,-74.867648,"Pennsylvania","63","Middle Atlantic Coastal Plain","CPL","H02040201","NRSA 2018-19"
"NRS18_TN_10022","NRS18_TN_10022",35.958722,-82.879337,"Tennessee","66","Blue Ridge","SAP","H06010105","NRSA 2018-19"
"NRS18_UT_10439","NRS18_UT_10439",38.231153,-109.802677,"Utah","20","Colorado Plateaus","XER","H14030005","NRSA 2018-19"
"NRS18_GA_10015","NRS18_GA_10015",34.519195,-84.590841,"Georgia","66","Blue Ridge","SAP","H03150102","NRSA 2018-19"
"NRS18_IA_10206","NRS18_IA_10206",42.898432,-91.793674,"Iowa","52","Driftless Area","UMW","H07060004","NRSA 2018-19"
"NRS18_TX_10640","NRS18_TX_10640",26.070076,-97.738437,"Texas","34","Western Gulf Coastal Plain","CPL","H12110208","NRSA 2018-19"
"NRS18_KY_10197","NRS18_KY_10197",37.373546,-83.390089,"Kentucky","69","Central Appalachians","SAP","H05100201","NRSA 2018-19"
"NRS18_CO_10018","NRS18_CO_10018",37.751379,-107.335422,"Colorado","21","Southern Rockies","WMT","H13010001","NRSA 2018-19"
"NRS18_MN_10090","NRS18_MN_10090",46.612275,-96.034408,"Minnesota","51","North Central Hardwood Forests","UMW","H09020103","NRSA 2018-19"
"NRS18_SD_10071","NRS18_SD_10071",43.989306,-103.780218,"South Dakota","17","Middle Rockies","WMT","H10120110","NRSA 2018-19"
"NRS18_NY_10080","NRS18_NY_10080",43.768538,-75.501355,"New York","83","Eastern Great Lakes Lowlands","NAP","H04150101","NRSA 2018-19"
"NRS18_WI_10692","NRS18_WI_10692",42.784924,-89.4778,"Wisconsin","53","Southeastern Wisconsin Till Plains","TPL","H07090004","NRSA 2018-19"
"NRS18_OR_10063","NRS18_OR_10063",44.822848,-119.849957,"Oregon","11","Blue Mountains","WMT","H17070204","NRSA 2018-19"
"NRS18_PA_10037","NRS18_PA_10037",41.68355,-75.108422,"Pennsylvania","60","Northern Allegheny Plateau","NAP","H02040101","NRSA 2018-19"
"NRS18_NJ_10783","NRS18_NJ_10783",40.655945,-75.124536,"New Jersey","67","Ridge and Valley","SAP","H02040105","NRSA 2018-19"
"NRS18_TN_10033","NRS18_TN_10033",36.078713,-82.500897,"Tennessee","66","Blue Ridge","SAP","H06010108","NRSA 2018-19"
"NRS18_CA_10059","NRS18_CA_10059",38.069066,-122.534447,"California","6","Central California Foothills and Coastal Mountains","XER","H18050002","NRSA 2018-19"
"NRS18_MI_10037","NRS18_MI_10037",46.464075,-90.004488,"Michigan","50","Northern Lakes and Forests","UMW","H04020101","NRSA 2018-19"
"NRS18_WI_RF002","NRS18_WI_RF002",46.41289,-90.51619,"Wisconsin","50","Northern Lakes and Forests","UMW","H04010302","NRSA 2018-19"
"NRS18_MN_10045","NRS18_MN_10045",45.967982,-94.239378,"Minnesota","51","North Central Hardwood Forests","UMW","H07010201","NRSA 2018-19"
"NRS18_UT_10002","NRS18_UT_10002",37.223718,-109.208692,"Utah","20","Colorado Plateaus","XER","H14080201","NRSA 2018-19"
"NRS18_ND_10525","NRS18_ND_10525",48.353824,-101.547558,"North Dakota","46","Northern Glaciated Plains","TPL","H09010002","NRSA 2018-19"
"NRS18_CO_10069","NRS18_CO_10069",39.914597,-105.527918,"Colorado","21","Southern Rockies","WMT","H10190005","NRSA 2018-19"
"NRS18_KY_10013","NRS18_KY_10013",36.681256,-84.701975,"Kentucky","68","Southwestern Appalachians","SAP","H05130104","NRSA 2018-19"
"NRS18_IA_10033","NRS18_IA_10033",43.012618,-91.876453,"Iowa","52","Driftless Area","UMW","H07060004","NRSA 2018-19"
"NRS18_KY_10010","NRS18_KY_10010",37.979429,-82.671125,"Kentucky","69","Central Appalachians","SAP","H05070203","NRSA 2018-19"
"NRS18_TN_RF002","NRS18_TN_RF002",36.3888,-84.68364,"Tennessee","68","Southwestern Appalachians","SAP","H05130104","NRSA 2018-19"
"NRS18_ID_10025","NRS18_ID_10025",44.034678,-116.917034,"Idaho","12","Snake River Plain","XER","H17050122","NRSA 2018-19"
"NRS18_NY_10259","NRS18_NY_10259",43.562234,-75.986714,"New York","58","Northeastern Highlands","NAP","H04140102","NRSA 2018-19"
"NRS18_TX_10027","NRS18_TX_10027",32.786277,-98.193139,"Texas","29","Cross Timbers","SPL","H12060201","NRSA 2018-19"
"NRS18_FL_10006","NRS18_FL_10006",30.017409,-81.971607,"Florida","75","Southern Coastal Plain","CPL","H03080103","NRSA 2018-19"
"NRS18_CT_10010","NRS18_CT_10010",41.771705,-72.901078,"Connecticut","59","Northeastern Coastal Zone","NAP","H01080207","NRSA 2018-19"
"NRS18_NY_10260","NRS18_NY_10260",42.62646,-77.265254,"New York","60","Northern Allegheny Plateau","NAP","H04140201","NRSA 2018-19"
"NRS18_CT_10019","NRS18_CT_10019",41.953836,-73.369911,"Connecticut","58","Northeastern Highlands","NAP","H01100005","NRSA 2018-19"
"NRS18_IA_10017","NRS18_IA_10017",43.22527,-92.80638,"Iowa","47","Western Corn Belt Plains","TPL","H07080201","NRSA 2018-19"
"NRS18_CO_10065","NRS18_CO_10065",40.169616,-106.567261,"Colorado","21","Southern Rockies","WMT","H14010001","NRSA 2018-19"
"NRS18_WY_11790","NRS18_WY_11790",44.531826,-109.073425,"Wyoming","18","Wyoming Basin","XER","H10080014","NRSA 2018-19"
"NRS18_NY_10068","NRS18_NY_10068",43.007108,-76.681053,"New York","83","Eastern Great Lakes Lowlands","NAP","H04140201","NRSA 2018-19"
"NRS18_MI_10050","NRS18_MI_10050",44.183918,-86.171185,"Michigan","50","Northern Lakes and Forests","UMW","H04060103","NRSA 2018-19"
"NRS18_MA_10018","NRS18_MA_10018",42.275107,-73.289685,"Massachusetts","58","Northeastern Highlands","NAP","H01100005","NRSA 2018-19"
"NRS18_OK_11330","NRS18_OK_11330",35.272425,-99.741304,"Oklahoma","27","Central Great Plains","SPL","H11120302","NRSA 2018-19"
"NRS18_NH_10003","NRS18_NH_10003",44.393193,-71.219933,"New Hampshire","58","Northeastern Highlands","NAP","H01040002","NRSA 2018-19"
"NRS18_DE_10012","NRS18_DE_10012",39.033859,-75.697069,"Delaware","63","Middle Atlantic Coastal Plain","CPL","H02060005","NRSA 2018-19"
"NRS18_IA_10358","NRS18_IA_10358",42.387848,-92.088218,"Iowa","47","Western Corn Belt Plains","TPL","H07080205","NRSA 2018-19"
"NRS18_MI_10053","NRS18_MI_10053",44.269754,-85.955691,"Michigan","50","Northern Lakes and Forests","UMW","H04060103","NRSA 2018-19"
"NRS18_SD_10022","NRS18_SD_10022",44.032913,-101.547219,"South Dakota","43","Northwestern Great Plains","NPL","H10140102","NRSA 2018-19"
"NRS18_NY_10704","NRS18_NY_10704",43.116033,-75.22304,"New York","83","Eastern Great Lakes Lowlands","NAP","H02020004","NRSA 2018-19"
"NRS18_WI_10695","NRS18_WI_10695",42.685093,-89.425264,"Wisconsin","53","Southeastern Wisconsin Till Plains","TPL","H07090004","NRSA 2018-19"
"NRS18_ND_10040","NRS18_ND_10040",46.514853,-102.827821,"North Dakota","43","Northwestern Great Plains","NPL","H10130204","NRSA 2018-19"
"NRS18_OK_10054","NRS18_OK_10054",36.78766,-99.157645,"Oklahoma","27","Central Great Plains","SPL","H11050001","NRSA 2018-19"
"NRS18_KS_10142","NRS18_KS_10142",37.050794,-98.715477,"Kansas","26","Southwestern Tablelands","SPL","H11060003","NRSA 2018-19"
"NRS18_RI_10202","NRS18_RI_10202",41.727664,-71.754914,"Rhode Island","59","Northeastern Coastal Zone","NAP","H01100001","NRSA 2018-19"
"NRS18_MA_10001","NRS18_MA_10001",42.631707,-72.129002,"Massachusetts","58","Northeastern Highlands","NAP","H01080202","NRSA 2018-19"
"NRS18_WY_12345","NRS18_WY_12345",43.761187,-108.157897,"Wyoming","18","Wyoming Basin","XER","H10080007","NRSA 2018-19"
"NRS18_WY_10394","NRS18_WY_10394",44.94782,-109.36457,"Wyoming","17","Middle Rockies","WMT","H10070006","NRSA 2018-19"
"NRS18_TX_10085","NRS18_TX_10085",31.550415,-97.091743,"Texas","32","Texas Blackland Prairies","SPL","H12060202","NRSA 2018-19"
"NRS18_ID_10002","NRS18_ID_10002",42.575658,-113.62921,"Idaho","12","Snake River Plain","XER","H17040209","NRSA 2018-19"
"NRS18_WY_10406","NRS18_WY_10406",42.729432,-106.173361,"Wyoming","21","Southern Rockies","WMT","H10180007","NRSA 2018-19"
"NRS18_WI_10844","NRS18_WI_10844",44.989999,-88.38118,"Wisconsin","51","North Central Hardwood Forests","UMW","H04030104","NRSA 2018-19"
"NRS18_AL_10189","NRS18_AL_10189",34.980164,-86.827059,"Alabama","71","Interior Plateau","SAP","H06030002","NRSA 2018-19"
"NRS18_NE_10683","NRS18_NE_10683",40.114872,-99.44458,"Nebraska","27","Central Great Plains","SPL","H10250009","NRSA 2018-19"
"NRS18_OK_10028","NRS18_OK_10028",33.783719,-96.171451,"Oklahoma","35","South Central Plains","CPL","H11140101","NRSA 2018-19"
"NRS18_WI_10023","NRS18_WI_10023",45.843049,-88.143122,"Wisconsin","50","Northern Lakes and Forests","UMW","H04030108","NRSA 2018-19"
"NRS18_NY_10012","NRS18_NY_10012",42.828524,-73.989335,"New York","59","Northeastern Coastal Zone","NAP","H02020004","NRSA 2018-19"
"NRS18_MI_10028","NRS18_MI_10028",46.685767,-89.415866,"Michigan","50","Northern Lakes and Forests","UMW","H04020101","NRSA 2018-19"
"NRS18_WY_10396","NRS18_WY_10396",43.755126,-109.592263,"Wyoming","17","Middle Rockies","WMT","H10080001","NRSA 2018-19"
"NRS18_NE_10056","NRS18_NE_10056",40.135141,-101.248444,"Nebraska","25","High Plains","SPL","H10250004","NRSA 2018-19"
"NRS18_OR_10368","NRS18_OR_10368",44.533673,-121.628907,"Oregon","9","Eastern Cascades Slopes and Foothills","WMT","H17070301","NRSA 2018-19"
"NRS18_GA_10007","NRS18_GA_10007",32.008254,-83.29546,"Georgia","65","Southeastern Plains","CPL","H03070104","NRSA 2018-19"
"NRS18_ND_10002","NRS18_ND_10002",45.978891,-98.167575,"North Dakota","46","Northern Glaciated Plains","TPL","H10160003","NRSA 2018-19"
"NRS18_KS_10145","NRS18_KS_10145",38.514162,-95.961799,"Kansas","40","Central Irregular Plains","TPL","H10290101","NRSA 2018-19"
"NRS18_KS_10115","NRS18_KS_10115",38.910414,-96.452142,"Kansas","28","Flint Hills","TPL","H10270102","NRSA 2018-19"
"NRS18_OK_10585","NRS18_OK_10585",34.024834,-94.997823,"Oklahoma","35","South Central Plains","CPL","H11140107","NRSA 2018-19"
"NRS18_WV_10006","NRS18_WV_10006",38.357111,-82.224145,"West Virginia","70","Western Allegheny Plateau","SAP","H05070102","NRSA 2018-19"
"NRS18_KY_10024","NRS18_KY_10024",36.819326,-88.515258,"Kentucky","74","Mississippi Valley Loess Plains","CPL","H06040006","NRSA 2018-19"
"NRS18_MN_10002","NRS18_MN_10002",44.132441,-91.729519,"Minnesota","52","Driftless Area","UMW","H07040003","NRSA 2018-19"
"NRS18_NH_10001","NRS18_NH_10001",43.818793,-71.19524,"New Hampshire","58","Northeastern Highlands","NAP","H01060002","NRSA 2018-19"
"NRS18_ID_10036","NRS18_ID_10036",43.035623,-111.971311,"Idaho","80","Northern Basin and Range","XER","H17040208","NRSA 2018-19"
"NRS18_NE_10016","NRS18_NE_10016",41.822384,-96.857045,"Nebraska","47","Western Corn Belt Plains","TPL","H10220003","NRSA 2018-19"
"NRS18_WI_10057","NRS18_WI_10057",45.835895,-88.206399,"Wisconsin","50","Northern Lakes and Forests","UMW","H04030108","NRSA 2018-19"
"NRS18_GA_10012","NRS18_GA_10012",32.616331,-83.549265,"Georgia","65","Southeastern Plains","CPL","H03070104","NRSA 2018-19"
"NRS18_MN_10072","NRS18_MN_10072",43.685723,-91.253941,"Minnesota","52","Driftless Area","UMW","H07060001","NRSA 2018-19"
"NRS18_AL_10013","NRS18_AL_10013",31.655388,-86.715851,"Alabama","65","Southeastern Plains","CPL","H03140303","NRSA 2018-19"
"NRS18_AL_10008","NRS18_AL_10008",31.343809,-85.608813,"Alabama","65","Southeastern Plains","CPL","H03140201","NRSA 2018-19"
"NRS18_DE_10006","NRS18_DE_10006",38.661943,-75.564984,"Delaware","63","Middle Atlantic Coastal Plain","CPL","H02080109","NRSA 2018-19"
"NRS18_MT_10068","NRS18_MT_10068",45.910292,-114.159011,"Montana","16","Idaho Batholith","WMT","H17010205","NRSA 2018-19"
"NRS18_ID_10020","NRS18_ID_10020",42.289779,-114.024418,"Idaho","80","Northern Basin and Range","XER","H17040212","NRSA 2018-19"
"NRS18_OR_10668","NRS18_OR_10668",44.12544,-120.798673,"Oregon","11","Blue Mountains","WMT","H17070305","NRSA 2018-19"
"NRS18_OK_10043","NRS18_OK_10043",33.964307,-95.662469,"Oklahoma","35","South Central Plains","CPL","H11140103","NRSA 2018-19"
"NRS18_ID_10542","NRS18_ID_10542",42.415541,-115.366929,"Idaho","80","Northern Basin and Range","XER","H17050102","NRSA 2018-19"
"NRS18_ID_10847","NRS18_ID_10847",42.825587,-116.770092,"Idaho","80","Northern Basin and Range","XER","H17050108","NRSA 2018-19"
"NRS18_CA_10008","NRS18_CA_10008",41.318357,-123.050515,"California","78","Klamath Mountains/California High North Coast Range","WMT","H18010210","NRSA 2018-19"
"NRS18_AL_10039","NRS18_AL_10039",31.382457,-85.380471,"Alabama","65","Southeastern Plains","CPL","H03140201","NRSA 2018-19"
"NRS18_CA_10002","NRS18_CA_10002",41.318529,-123.52796,"California","78","Klamath Mountains/California High North Coast Range","WMT","H18010209","NRSA 2018-19"
"NRS18_CA_10034","NRS18_CA_10034",41.270346,-123.603967,"California","78","Klamath Mountains/California High North Coast Range","WMT","H18010209","NRSA 2018-19"
"NRS18_CA_10065","NRS18_CA_10065",41.843311,-122.899735,"California","78","Klamath Mountains/California High North Coast Range","WMT","H18010206","NRSA 2018-19"
"NRS18_ND_10018","NRS18_ND_10018",46.410159,-100.671145,"North Dakota","43","Northwestern Great Plains","NPL","H10130206","NRSA 2018-19"
"NRS18_NY_10034","NRS18_NY_10034",42.316741,-75.943772,"New York","60","Northern Allegheny Plateau","NAP","H02050102","NRSA 2018-19"
"NRS18_MI_10233","NRS18_MI_10233",46.515787,-85.260362,"Michigan","50","Northern Lakes and Forests","UMW","H04020202","NRSA 2018-19"
"NRS18_NE_10071","NRS18_NE_10071",40.022796,-96.238364,"Nebraska","47","Western Corn Belt Plains","TPL","H10240007","NRSA 2018-19"
"NRS18_WI_10016","NRS18_WI_10016",45.584394,-89.465538,"Wisconsin","50","Northern Lakes and Forests","UMW","H07070001","NRSA 2018-19"
"NRS18_OR_10003","NRS18_OR_10003",43.614988,-122.766458,"Oregon","4","Cascades","WMT","H17090002","NRSA 2018-19"
"NRS18_NH_10031","NRS18_NH_10031",43.919047,-71.537224,"New Hampshire","58","Northeastern Highlands","NAP","H01070001","NRSA 2018-19"
"NRS18_TX_10449","NRS18_TX_10449",30.543081,-100.018916,"Texas","30","Edwards Plateau","SPL","H12090202","NRSA 2018-19"
"NRS18_TX_10453","NRS18_TX_10453",30.92007,-98.544631,"Texas","30","Edwards Plateau","SPL","H12090201","NRSA 2018-19"
"NRS18_KY_10048","NRS18_KY_10048",36.682963,-88.701343,"Kentucky","74","Mississippi Valley Loess Plains","CPL","H08010201","NRSA 2018-19"
"NRS18_KY_10039","NRS18_KY_10039",36.511067,-88.675824,"Kentucky","74","Mississippi Valley Loess Plains","CPL","H08010202","NRSA 2018-19"
"NRS18_NY_10090","NRS18_NY_10090",42.198533,-77.411101,"New York","60","Northern Allegheny Plateau","NAP","H02050104","NRSA 2018-19"
"NRS18_AL_10015","NRS18_AL_10015",31.411423,-86.06452,"Alabama","65","Southeastern Plains","CPL","H03140202","NRSA 2018-19"
"NRS18_ND_10042","NRS18_ND_10042",47.341811,-101.36046,"North Dakota","42","Northwestern Glaciated Plains","NPL","H10130101","NRSA 2018-19"
"NRS18_ND_10003","NRS18_ND_10003",47.046462,-101.104704,"North Dakota","43","Northwestern Great Plains","NPL","H10130101","NRSA 2018-19"
"NRS18_MT_10272","NRS18_MT_10272",46.363322,-113.930266,"Montana","17","Middle Rockies","WMT","H17010205","NRSA 2018-19"
"NRS18_MT_10113","NRS18_MT_10113",45.60843,-113.461992,"Montana","17","Middle Rockies","WMT","H10020004","NRSA 2018-19"
"NRS18_NY_10081","NRS18_NY_10081",42.034747,-77.55209,"New York","60","Northern Allegheny Plateau","NAP","H02050104","NRSA 2018-19"
"NRS18_IN_10046","NRS18_IN_10046",40.790216,-85.82739,"Indiana","55","Eastern Corn Belt Plains","TPL","H05120101","NRSA 2018-19"
"NRS18_MN_10001","NRS18_MN_10001",43.764815,-94.040708,"Minnesota","47","Western Corn Belt Plains","TPL","H07020011","NRSA 2018-19"
"NRS18_AL_10938","NRS18_AL_10938",31.075244,-87.012653,"Alabama","65","Southeastern Plains","CPL","H03140304","NRSA 2018-19"
"NRS18_MD_10034","NRS18_MD_10034",38.878571,-75.870915,"Maryland","63","Middle Atlantic Coastal Plain","CPL","H02060005","NRSA 2018-19"
"NRS18_WI_10853","NRS18_WI_10853",45.35489,-87.65432,"Wisconsin","50","Northern Lakes and Forests","UMW","H04030108","NRSA 2018-19"
"NRS18_IN_10006","NRS18_IN_10006",41.694653,-85.917401,"Indiana","56","Southern Michigan/Northern Indiana Drift Plains","UMW","H04050001","NRSA 2018-19"
"NRS18_ND_10037","NRS18_ND_10037",48.912635,-101.913806,"North Dakota","46","Northern Glaciated Plains","TPL","H09010008","NRSA 2018-19"
"NRS18_MN_10019","NRS18_MN_10019",43.563107,-91.731646,"Minnesota","52","Driftless Area","UMW","H07040008","NRSA 2018-19"
"NRS18_ND_10038","NRS18_ND_10038",47.46972,-101.407827,"North Dakota","42","Northwestern Glaciated Plains","NPL","H10130101","NRSA 2018-19"
"NRS18_KS_10122","NRS18_KS_10122",39.112696,-99.840593,"Kansas","27","Central Great Plains","SPL","H10260009","NRSA 2018-19"
"NRS18_WV_10004","NRS18_WV_10004",38.46936,-82.278779,"West Virginia","70","Western Allegheny Plateau","SAP","H05090101","NRSA 2018-19"
"NRS18_IA_10015","NRS18_IA_10015",42.437279,-93.345628,"Iowa","47","Western Corn Belt Plains","TPL","H07080207","NRSA 2018-19"
"NRS18_KY_10015","NRS18_KY_10015",37.564103,-82.451773,"Kentucky","69","Central Appalachians","SAP","H05070203","NRSA 2018-19"
"NRS18_DE_10014","NRS18_DE_10014",39.782647,-75.701379,"Delaware","64","Northern Piedmont","SAP","H02040205","NRSA 2018-19"
"NRS18_FL_10007","NRS18_FL_10007",30.214229,-85.111537,"Florida","75","Southern Coastal Plain","CPL","H03130011","NRSA 2018-19"
"NRS18_WI_10060","NRS18_WI_10060",44.655574,-88.60491,"Wisconsin","51","North Central Hardwood Forests","UMW","H04030202","NRSA 2018-19"
"NRS18_PA_10816","NRS18_PA_10816",40.857256,-77.483084,"Pennsylvania","67","Ridge and Valley","SAP","H02050301","NRSA 2018-19"
"NRS18_IN_10014","NRS18_IN_10014",41.682613,-85.957493,"Indiana","56","Southern Michigan/Northern Indiana Drift Plains","UMW","H04050001","NRSA 2018-19"
"NRS18_MN_10059","NRS18_MN_10059",44.246293,-92.23763,"Minnesota","52","Driftless Area","UMW","H07040004","NRSA 2018-19"
"NRS18_OK_10008","NRS18_OK_10008",36.954828,-96.938716,"Oklahoma","27","Central Great Plains","TPL","H11060001","NRSA 2018-19"
"NRS18_ND_10528","NRS18_ND_10528",47.65553,-100.089074,"North Dakota","46","Northern Glaciated Plains","TPL","H09020202","NRSA 2018-19"
"NRS18_OK_10016","NRS18_OK_10016",34.963849,-96.495018,"Oklahoma","29","Cross Timbers","SPL","H11090203","NRSA 2018-19"
"NRS18_ND_10036","NRS18_ND_10036",46.654073,-97.934804,"North Dakota","46","Northern Glaciated Plains","TPL","H09020204","NRSA 2018-19"
"NRS18_NE_10050","NRS18_NE_10050",42.792977,-100.997307,"Nebraska","44","Nebraska Sand Hills","SPL","H10150004","NRSA 2018-19"
"NRS18_CA_10024","NRS18_CA_10024",37.114408,-119.16928,"California","5","Sierra Nevada","WMT","H18030010","NRSA 2018-19"
"NRS18_SD_10046","NRS18_SD_10046",44.575763,-104.012963,"South Dakota","17","Middle Rockies","WMT","H10120203","NRSA 2018-19"
"NRS18_MN_10003","NRS18_MN_10003",44.041506,-92.338737,"Minnesota","52","Driftless Area","UMW","H07040004","NRSA 2018-19"
"NRS18_OK_10922","NRS18_OK_10922",34.178232,-95.363444,"Oklahoma","35","South Central Plains","CPL","H11140105","NRSA 2018-19"
"NRS18_WV_10011","NRS18_WV_10011",37.785633,-80.907601,"West Virginia","69","Central Appalachians","SAP","H05050004","NRSA 2018-19"
"NRS18_KY_10011","NRS18_KY_10011",37.042818,-84.046624,"Kentucky","68","Southwestern Appalachians","SAP","H05130101","NRSA 2018-19"
"NRS18_KY_10007","NRS18_KY_10007",37.621165,-83.499858,"Kentucky","69","Central Appalachians","SAP","H05100201","NRSA 2018-19"
"NRS18_TX_10694","NRS18_TX_10694",32.384107,-98.110171,"Texas","29","Cross Timbers","SPL","H12060202","NRSA 2018-19"
"NRS18_NH_10006","NRS18_NH_10006",43.839468,-71.899167,"New Hampshire","58","Northeastern Highlands","NAP","H01070001","NRSA 2018-19"
"NRS18_NH_10009","NRS18_NH_10009",43.692666,-72.276644,"New Hampshire","58","Northeastern Highlands","NAP","H01080104","NRSA 2018-19"
"NRS18_PA_10010","NRS18_PA_10010",40.491797,-76.948129,"Pennsylvania","67","Ridge and Valley","SAP","H02050301","NRSA 2018-19"
"NRS18_TN_10490","NRS18_TN_10490",35.764453,-86.166214,"Tennessee","71","Interior Plateau","SAP","H05130203","NRSA 2018-19"
"NRS18_AL_10018","NRS18_AL_10018",33.013424,-87.086077,"Alabama","67","Ridge and Valley","SAP","H03150202","NRSA 2018-19"
"NRS18_NE_10054","NRS18_NE_10054",42.776753,-100.852873,"Nebraska","44","Nebraska Sand Hills","SPL","H10150004","NRSA 2018-19"
"NRS18_WI_10055","NRS18_WI_10055",44.191628,-88.80697,"Wisconsin","53","Southeastern Wisconsin Till Plains","TPL","H04030202","NRSA 2018-19"
"NRS18_IN_10033","NRS18_IN_10033",41.741292,-86.272802,"Indiana","56","Southern Michigan/Northern Indiana Drift Plains","UMW","H04050001","NRSA 2018-19"
"NRS18_MN_10055","NRS18_MN_10055",43.53443,-91.383932,"Minnesota","52","Driftless Area","UMW","H07060001","NRSA 2018-19"
"NRS18_FL_10002","NRS18_FL_10002",30.352434,-84.685916,"Florida","75","Southern Coastal Plain","CPL","H03120003","NRSA 2018-19"
"NRS18_DE_10332","NRS18_DE_10332",39.800717,-75.433643,"Delaware","63","Middle Atlantic Coastal Plain","CPL","H02040202","NRSA 2018-19"
"NRS18_KS_10045","NRS18_KS_10045",39.329497,-95.356883,"Kansas","47","Western Corn Belt Plains","TPL","H10270103","NRSA 2018-19"
"NRS18_OK_10052","NRS18_OK_10052",36.585768,-97.033902,"Oklahoma","27","Central Great Plains","SPL","H11060006","NRSA 2018-19"
"NRS18_ID_10015","NRS18_ID_10015",43.275976,-111.241862,"Idaho","17","Middle Rockies","WMT","H17040104","NRSA 2018-19"
"NRS18_ID_11142","NRS18_ID_11142",43.729712,-111.867101,"Idaho","12","Snake River Plain","XER","H17040201","NRSA 2018-19"
"NRS18_IN_10017","NRS18_IN_10017",41.709137,-86.267896,"Indiana","56","Southern Michigan/Northern Indiana Drift Plains","UMW","H04050001","NRSA 2018-19"
"NRS18_CA_10001","NRS18_CA_10001",36.963705,-119.231415,"California","6","Central California Foothills and Coastal Mountains","XER","H18030010","NRSA 2018-19"
"NRS18_PA_10220","NRS18_PA_10220",41.397563,-76.576673,"Pennsylvania","62","North Central Appalachians","NAP","H02050206","NRSA 2018-19"
"NRS18_WV_10018","NRS18_WV_10018",39.367584,-81.23726,"West Virginia","70","Western Allegheny Plateau","SAP","H05030201","NRSA 2018-19"
"NRS18_ND_10071","NRS18_ND_10071",46.215927,-102.603672,"North Dakota","43","Northwestern Great Plains","NPL","H10130205","NRSA 2018-19"
"NRS18_OR_10021","NRS18_OR_10021",42.044896,-118.432837,"Oregon","80","Northern Basin and Range","XER","H17120009","NRSA 2018-19"
"NRS18_OR_10249","NRS18_OR_10249",42.049725,-118.633664,"Oregon","80","Northern Basin and Range","XER","H17120009","NRSA 2018-19"
"NRS18_OR_10818","NRS18_OR_10818",42.003385,-117.9536,"Oregon","80","Northern Basin and Range","XER","H16040201","NRSA 2018-19"
"NRS18_IA_10028","NRS18_IA_10028",43.492539,-92.988287,"Iowa","47","Western Corn Belt Plains","TPL","H07080201","NRSA 2018-19"
"NRS18_TX_10827","NRS18_TX_10827",33.094627,-97.539584,"Texas","29","Cross Timbers","SPL","H12030101","NRSA 2018-19"
"NRS18_TX_10054","NRS18_TX_10054",31.707873,-96.732349,"Texas","32","Texas Blackland Prairies","SPL","H12070103","NRSA 2018-19"
"NRS18_MN_10073","NRS18_MN_10073",44.800882,-93.53805,"Minnesota","51","North Central Hardwood Forests","UMW","H07020012","NRSA 2018-19"
"NRS18_CO_10048","NRS18_CO_10048",40.470446,-108.566725,"Colorado","20","Colorado Plateaus","XER","H14050002","NRSA 2018-19"
"NRS18_CO_10072","NRS18_CO_10072",40.487988,-108.75514,"Colorado","20","Colorado Plateaus","XER","H14050002","NRSA 2018-19"
"NRS18_CO_10060","NRS18_CO_10060",40.477969,-108.908221,"Colorado","20","Colorado Plateaus","XER","H14050002","NRSA 2018-19"
"NRS18_IN_10030","NRS18_IN_10030",41.628424,-87.176354,"Indiana","56","Southern Michigan/Northern Indiana Drift Plains","UMW","H04040001","NRSA 2018-19"
"NRS18_NE_10048","NRS18_NE_10048",42.828127,-100.162596,"Nebraska","43","Northwestern Great Plains","NPL","H10150004","NRSA 2018-19"
"NRS18_MN_10024","NRS18_MN_10024",44.94388,-93.012524,"Minnesota","51","North Central Hardwood Forests","UMW","H07010206","NRSA 2018-19"
"NRS18_MN_10015","NRS18_MN_10015",44.79956,-93.533119,"Minnesota","51","North Central Hardwood Forests","UMW","H07020012","NRSA 2018-19"
"NRS18_OR_10232","NRS18_OR_10232",43.552984,-118.466651,"Oregon","80","Northern Basin and Range","XER","H17050116","NRSA 2018-19"
"NRS18_MN_10056","NRS18_MN_10056",45.588577,-94.037951,"Minnesota","51","North Central Hardwood Forests","UMW","H07010203","NRSA 2018-19"
"NRS18_MT_10078","NRS18_MT_10078",45.051709,-105.21429,"Montana","43","Northwestern Great Plains","NPL","H10090208","NRSA 2018-19"
"NRS18_MT_11020","NRS18_MT_11020",45.385054,-105.305637,"Montana","43","Northwestern Great Plains","NPL","H10090208","NRSA 2018-19"
"NRS18_MN_10402","NRS18_MN_10402",44.582337,-94.229241,"Minnesota","47","Western Corn Belt Plains","TPL","H07020012","NRSA 2018-19"
"NRS18_OK_10006","NRS18_OK_10006",35.19229,-97.142303,"Oklahoma","29","Cross Timbers","SPL","H11090203","NRSA 2018-19"
"NRS18_IA_10025","NRS18_IA_10025",42.192235,-90.399573,"Iowa","52","Driftless Area","UMW","H07060005","NRSA 2018-19"
"NRS18_MN_10554","NRS18_MN_10554",48.528307,-94.585018,"Minnesota","49","Northern Minnesota Wetlands","UMW","H09030007","NRSA 2018-19"
"NRS18_MN_10006","NRS18_MN_10006",48.655562,-94.986972,"Minnesota","49","Northern Minnesota Wetlands","UMW","H09030008","NRSA 2018-19"
"NRS18_ME_10004","NRS18_ME_10004",43.498854,-70.464227,"Maine","59","Northeastern Coastal Zone","NAP","H01060002","NRSA 2018-19"
"NRS18_DE_10019","NRS18_DE_10019",38.622182,-75.625478,"Delaware","63","Middle Atlantic Coastal Plain","CPL","H02080109","NRSA 2018-19"
"NRS18_NE_10005","NRS18_NE_10005",41.503194,-96.349879,"Nebraska","47","Western Corn Belt Plains","TPL","H10220003","NRSA 2018-19"
"NRS18_CA_10010","NRS18_CA_10010",37.563881,-118.754791,"California","13","Central Basin and Range","XER","H18090102","NRSA 2018-19"
"NRS18_NY_10004","NRS18_NY_10004",43.531578,-74.551726,"New York","58","Northeastern Highlands","NAP","H02020001","NRSA 2018-19"
"NRS18_MN_10004","NRS18_MN_10004",46.334077,-94.01817,"Minnesota","50","Northern Lakes and Forests","UMW","H07010104","NRSA 2018-19"
"NRS18_MT_10012","NRS18_MT_10012",45.034206,-107.585316,"Montana","43","Northwestern Great Plains","NPL","H10080016","NRSA 2018-19"
"NRS18_MT_10047","NRS18_MT_10047",45.736364,-107.575015,"Montana","43","Northwestern Great Plains","NPL","H10080015","NRSA 2018-19"
"NRS18_ND_10034","NRS18_ND_10034",46.047943,-102.050669,"North Dakota","43","Northwestern Great Plains","NPL","H10130205","NRSA 2018-19"
"NRS18_KS_10120","NRS18_KS_10120",39.921642,-96.71632,"Kansas","27","Central Great Plains","SPL","H10270205","NRSA 2018-19"
"NRS18_KS_10024","NRS18_KS_10024",39.994419,-96.579051,"Kansas","47","Western Corn Belt Plains","TPL","H10270205","NRSA 2018-19"
"NRS18_IA_10658","NRS18_IA_10658",41.304113,-92.351668,"Iowa","47","Western Corn Belt Plains","TPL","H07080106","NRSA 2018-19"
"NRS18_ME_10012","NRS18_ME_10012",43.498937,-70.488893,"Maine","59","Northeastern Coastal Zone","NAP","H01060002","NRSA 2018-19"
"NRS18_SD_10048","NRS18_SD_10048",43.719913,-100.315288,"South Dakota","43","Northwestern Great Plains","NPL","H10140204","NRSA 2018-19"
"NRS18_AL_10188","NRS18_AL_10188",33.721181,-87.271438,"Alabama","68","Southwestern Appalachians","SAP","H03160109","NRSA 2018-19"
"NRS18_AL_10191","NRS18_AL_10191",33.872726,-85.580965,"Alabama","67","Ridge and Valley","SAP","H03150106","NRSA 2018-19"
"NRS18_MD_10039","NRS18_MD_10039",38.925557,-76.643833,"Maryland","65","Southeastern Plains","CPL","H02060006","NRSA 2018-19"
"NRS18_MN_10260","NRS18_MN_10260",47.241317,-94.985028,"Minnesota","50","Northern Lakes and Forests","UMW","H07010101","NRSA 2018-19"
"NRS18_PA_10027","NRS18_PA_10027",41.714624,-76.323075,"Pennsylvania","60","Northern Allegheny Plateau","NAP","H02050106","NRSA 2018-19"
"NRS18_KY_10041","NRS18_KY_10041",37.471488,-87.113648,"Kentucky","72","Interior River Valleys and Hills","TPL","H05110004","NRSA 2018-19"
"NRS18_OR_10001","NRS18_OR_10001",43.096952,-122.411512,"Oregon","4","Cascades","WMT","H17100301","NRSA 2018-19"
"NRS18_OR_10030","NRS18_OR_10030",43.332198,-122.392403,"Oregon","4","Cascades","WMT","H17100301","NRSA 2018-19"
"NRS18_IA_10048","NRS18_IA_10048",41.148469,-92.537976,"Iowa","47","Western Corn Belt Plains","TPL","H07100009","NRSA 2018-19"
"NRS18_ME_10193","NRS18_ME_10193",43.622008,-70.861888,"Maine","58","Northeastern Highlands","NAP","H01060002","NRSA 2018-19"
"NRS18_OK_10057","NRS18_OK_10057",36.055031,-98.129011,"Oklahoma","27","Central Great Plains","SPL","H11050002","NRSA 2018-19"
"NRS18_NV_10011","NRS18_NV_10011",41.883545,-115.430877,"Nevada","80","Northern Basin and Range","XER","H17050102","NRSA 2018-19"
"NRS18_SD_10244","NRS18_SD_10244",42.999729,-101.374987,"South Dakota","44","Nebraska Sand Hills","SPL","H10140203","NRSA 2018-19"
"NRS18_CA_10006","NRS18_CA_10006",38.271129,-119.331651,"California","13","Central Basin and Range","XER","H16050301","NRSA 2018-19"
"NRS18_ND_10017","NRS18_ND_10017",46.052665,-101.481904,"North Dakota","43","Northwestern Great Plains","NPL","H10130205","NRSA 2018-19"
"NRS18_NJ_10009","NRS18_NJ_10009",39.491284,-74.658245,"New Jersey","84","Atlantic Coastal Pine Barrens","CPL","H02040302","NRSA 2018-19"
"NRS18_NJ_10034","NRS18_NJ_10034",40.422299,-74.097828,"New Jersey","84","Atlantic Coastal Pine Barrens","CPL","H02030104","NRSA 2018-19"
"NRS18_UT_10025","NRS18_UT_10025",41.186933,-111.992268,"Utah","13","Central Basin and Range","XER","H16020102","NRSA 2018-19"
"NRS18_WI_10042","NRS18_WI_10042",43.00191,-89.590884,"Wisconsin","52","Driftless Area","UMW","H07090004","NRSA 2018-19"
"NRS18_IA_10006","NRS18_IA_10006",41.587557,-94.397439,"Iowa","47","Western Corn Belt Plains","TPL","H07100007","NRSA 2018-19"
"NRS18_TX_10254","NRS18_TX_10254",31.485275,-94.59703,"Texas","35","South Central Plains","CPL","H12020005","NRSA 2018-19"
"NRS18_TX_10001","NRS18_TX_10001",31.516096,-95.112183,"Texas","35","South Central Plains","CPL","H12020002","NRSA 2018-19"
"NRS18_ND_10045","NRS18_ND_10045",46.470801,-98.417423,"North Dakota","46","Northern Glaciated Plains","TPL","H10160003","NRSA 2018-19"
"NRS18_OR_10045","NRS18_OR_10045",43.167802,-123.691264,"Oregon","1","Coast Range","WMT","H17100305","NRSA 2018-19"
"NRS18_MT_10025","NRS18_MT_10025",47.015191,-108.165004,"Montana","43","Northwestern Great Plains","NPL","H10040204","NRSA 2018-19"
"NRS18_MT_11470","NRS18_MT_11470",46.79193,-107.837106,"Montana","43","Northwestern Great Plains","NPL","H10040202","NRSA 2018-19"
"NRS18_GA_10010","NRS18_GA_10010",33.173456,-83.823796,"Georgia","45","Piedmont","SAP","H03070103","NRSA 2018-19"
"NRS18_ID_10007","NRS18_ID_10007",43.312728,-114.115563,"Idaho","12","Snake River Plain","XER","H17040221","NRSA 2018-19"
"NRS18_KY_10018","NRS18_KY_10018",37.7732,-82.323239,"Kentucky","69","Central Appalachians","SAP","H05070201","NRSA 2018-19"
"NRS18_MT_10035","NRS18_MT_10035",44.899278,-112.260054,"Montana","17","Middle Rockies","WMT","H10020002","NRSA 2018-19"
"NRS18_CA_10548","NRS18_CA_10548",38.777271,-119.759008,"California","13","Central Basin and Range","XER","H16050201","NRSA 2018-19"
"NRS18_MT_10087","NRS18_MT_10087",46.110589,-106.450392,"Montana","43","Northwestern Great Plains","NPL","H10100003","NRSA 2018-19"
"NRS18_TX_10645","NRS18_TX_10645",30.003765,-94.29707,"Texas","34","Western Gulf Coastal Plain","CPL","H12040201","NRSA 2018-19"
"NRS18_ME_10044","NRS18_ME_10044",44.140038,-70.280939,"Maine","82","Acadian Plains and Hills","NAP","H01040002","NRSA 2018-19"
"NRS18_ME_10008","NRS18_ME_10008",43.766444,-70.769032,"Maine","58","Northeastern Highlands","NAP","H01060002","NRSA 2018-19"
"NRS18_NE_10052","NRS18_NE_10052",41.37293,-97.443662,"Nebraska","27","Central Great Plains","SPL","H10200103","NRSA 2018-19"
"NRS18_AL_10025","NRS18_AL_10025",34.257148,-87.370776,"Alabama","68","Southwestern Appalachians","SAP","H03160110","NRSA 2018-19"
"NRS18_IA_10356","NRS18_IA_10356",40.843673,-95.170258,"Iowa","47","Western Corn Belt Plains","TPL","H10240005","NRSA 2018-19"
"NRS18_MT_10006","NRS18_MT_10006",45.531621,-112.107512,"Montana","17","Middle Rockies","WMT","H10020003","NRSA 2018-19"
"NRS18_NY_10072","NRS18_NY_10072",44.657505,-74.005244,"New York","58","Northeastern Highlands","NAP","H04150308","NRSA 2018-19"
"NRS18_NY_10055","NRS18_NY_10055",44.135945,-74.155091,"New York","58","Northeastern Highlands","NAP","H04150305","NRSA 2018-19"
"NRS18_ND_10028","NRS18_ND_10028",46.591923,-101.791832,"North Dakota","43","Northwestern Great Plains","NPL","H10130203","NRSA 2018-19"
"NRS18_MN_10069","NRS18_MN_10069",47.221164,-96.777769,"Minnesota","48","Lake Agassiz Plain","TPL","H09020108","NRSA 2018-19"
"NRS18_MN_10036","NRS18_MN_10036",47.15132,-96.840952,"Minnesota","48","Lake Agassiz Plain","TPL","H09020107","NRSA 2018-19"
"NRS18_IN_11547","NRS18_IN_11547",39.305734,-87.607482,"Indiana","72","Interior River Valleys and Hills","TPL","H05120111","NRSA 2018-19"
"NRS18_MT_10030","NRS18_MT_10030",45.993692,-113.034931,"Montana","17","Middle Rockies","WMT","H10020004","NRSA 2018-19"
"NRS18_MT_10120","NRS18_MT_10120",45.806694,-110.709334,"Montana","43","Northwestern Great Plains","NPL","H10070003","NRSA 2018-19"
"NRS18_FL_10183","NRS18_FL_10183",29.991656,-84.747548,"Florida","75","Southern Coastal Plain","CPL","H03130013","NRSA 2018-19"
"NRS18_NY_10071","NRS18_NY_10071",44.499541,-74.88522,"New York","58","Northeastern Highlands","NAP","H04150305","NRSA 2018-19"
"NRS18_ID_10843","NRS18_ID_10843",43.894541,-116.622156,"Idaho","12","Snake River Plain","XER","H17050122","NRSA 2018-19"
"NRS18_ME_10016","NRS18_ME_10016",44.634003,-69.744494,"Maine","82","Acadian Plains and Hills","NAP","H01030003","NRSA 2018-19"
"NRS18_CO_RF007","NRS18_CO_RF007",38.67155,-106.16314,"Colorado","21","Southern Rockies","WMT","H11020001","NRSA 2018-19"
"NRS18_ME_10019","NRS18_ME_10019",44.938726,-69.323498,"Maine","82","Acadian Plains and Hills","NAP","H01030003","NRSA 2018-19"
"NRS18_MN_10405","NRS18_MN_10405",48.266863,-96.092004,"Minnesota","48","Lake Agassiz Plain","TPL","H09020304","NRSA 2018-19"
"NRS18_IN_10009","NRS18_IN_10009",39.928043,-87.427757,"Indiana","72","Interior River Valleys and Hills","TPL","H05120108","NRSA 2018-19"
"NRS18_NE_10003","NRS18_NE_10003",42.097371,-101.166484,"Nebraska","44","Nebraska Sand Hills","SPL","H10210001","NRSA 2018-19"
"NRS18_OK_10031","NRS18_OK_10031",34.97091,-96.222996,"Oklahoma","37","Arkansas Valley","SAP","H11090202","NRSA 2018-19"
"NRS18_KS_10012","NRS18_KS_10012",37.209705,-95.545391,"Kansas","40","Central Irregular Plains","TPL","H11070103","NRSA 2018-19"
"NRS18_MI_10024","NRS18_MI_10024",46.84373,-89.330064,"Michigan","50","Northern Lakes and Forests","UMW","H04020102","NRSA 2018-19"
"NRS18_NV_10192","NRS18_NV_10192",41.466576,-117.70798,"Nevada","80","Northern Basin and Range","XER","H16040201","NRSA 2018-19"
"NRS18_MT_10114","NRS18_MT_10114",46.343237,-105.801871,"Montana","43","Northwestern Great Plains","NPL","H10090102","NRSA 2018-19"
"NRS18_MT_10108","NRS18_MT_10108",48.042507,-104.770241,"Montana","42","Northwestern Glaciated Plains","NPL","H10060005","NRSA 2018-19"
"NRS18_MT_10589","NRS18_MT_10589",47.067799,-104.151897,"Montana","43","Northwestern Great Plains","NPL","H10110204","NRSA 2018-19"
"NRS18_MT_10593","NRS18_MT_10593",48.879499,-104.922924,"Montana","42","Northwestern Glaciated Plains","NPL","H10060006","NRSA 2018-19"
"NRS18_MT_10083","NRS18_MT_10083",45.993503,-110.735283,"Montana","43","Northwestern Great Plains","NPL","H10070003","NRSA 2018-19"
"NRS18_NJ_10016","NRS18_NJ_10016",40.024541,-74.921626,"New Jersey","84","Atlantic Coastal Pine Barrens","CPL","H02040202","NRSA 2018-19"
"NRS18_MN_10017","NRS18_MN_10017",48.703056,-94.335702,"Minnesota","49","Northern Minnesota Wetlands","UMW","H09030008","NRSA 2018-19"
"NRS18_WI_10992","NRS18_WI_10992",43.044732,-88.808775,"Wisconsin","53","Southeastern Wisconsin Till Plains","TPL","H07090001","NRSA 2018-19"
"NRS18_CO_RF006","NRS18_CO_RF006",38.669,-106.161,"Colorado","21","Southern Rockies","WMT","H11020001","NRSA 2018-19"
"NRS18_ME_10010","NRS18_ME_10010",44.67095,-68.677012,"Maine","82","Acadian Plains and Hills","NAP","H01020005","NRSA 2018-19"
"NRS18_TX_10015","NRS18_TX_10015",28.950421,-100.649366,"Texas","31","Southern Texas Plains","SPL","H13080001","NRSA 2018-19"
"NRS18_KS_10099","NRS18_KS_10099",37.823117,-97.030332,"Kansas","27","Central Great Plains","SPL","H11030017","NRSA 2018-19"
"NRS18_IN_10015","NRS18_IN_10015",39.261747,-86.798159,"Indiana","71","Interior Plateau","SAP","H05120202","NRSA 2018-19"
"NRS18_WV_10001","NRS18_WV_10001",38.20966,-80.048727,"West Virginia","69","Central Appalachians","SAP","H05050003","NRSA 2018-19"
"NRS18_IA_10027","NRS18_IA_10027",43.327941,-96.210839,"Iowa","47","Western Corn Belt Plains","TPL","H10170204","NRSA 2018-19"
"NRS18_OR_10005","NRS18_OR_10005",42.072146,-124.008342,"Oregon","78","Klamath Mountains/California High North Coast Range","WMT","H18010101","NRSA 2018-19"
"NRS18_DE_10009","NRS18_DE_10009",38.57155,-75.674256,"Delaware","63","Middle Atlantic Coastal Plain","CPL","H02080109","NRSA 2018-19"
"NRS18_MT_10010","NRS18_MT_10010",48.943237,-106.856529,"Montana","42","Northwestern Glaciated Plains","NPL","H10050015","NRSA 2018-19"
"NRS18_MT_10040","NRS18_MT_10040",48.922603,-106.799397,"Montana","42","Northwestern Glaciated Plains","NPL","H10050015","NRSA 2018-19"
"NRS18_MT_10003","NRS18_MT_10003",46.166766,-110.54909,"Montana","43","Northwestern Great Plains","NPL","H10070003","NRSA 2018-19"
"NRS18_WI_10061","NRS18_WI_10061",42.522884,-89.037514,"Wisconsin","53","Southeastern Wisconsin Till Plains","TPL","H07090002","NRSA 2018-19"
"NRS18_NY_10268","NRS18_NY_10268",44.608277,-73.962797,"New York","58","Northeastern Highlands","NAP","H04150406","NRSA 2018-19"
"NRS18_IN_10002","NRS18_IN_10002",38.642792,-87.614383,"Indiana","72","Interior River Valleys and Hills","TPL","H05120111","NRSA 2018-19"
"NRS18_IA_10009","NRS18_IA_10009",43.451063,-94.867159,"Iowa","47","Western Corn Belt Plains","TPL","H07100002","NRSA 2018-19"
"NRS18_PA_10011","NRS18_PA_10011",40.931075,-80.373965,"Pennsylvania","61","Erie Drift Plain","NAP","H05030104","NRSA 2018-19"
"NRS18_CA_10889","NRS18_CA_10889",41.75472,-123.393471,"California","78","Klamath Mountains/California High North Coast Range","WMT","H18010209","NRSA 2018-19"
"NRS18_CO_RF015","NRS18_CO_RF015",39.2169,-106.398,"Colorado","21","Southern Rockies","WMT","H11020001","NRSA 2018-19"
"NRS18_MT_10094","NRS18_MT_10094",46.075321,-110.05094,"Montana","43","Northwestern Great Plains","NPL","H10070002","NRSA 2018-19"
"NRS18_CA_10013","NRS18_CA_10013",41.539261,-123.526732,"California","78","Klamath Mountains/California High North Coast Range","WMT","H18010209","NRSA 2018-19"
"NRS18_NE_10678","NRS18_NE_10678",42.503163,-101.41972,"Nebraska","44","Nebraska Sand Hills","SPL","H10150004","NRSA 2018-19"
"NRS18_OR_10069","NRS18_OR_10069",42.017489,-123.94966,"Oregon","78","Klamath Mountains/California High North Coast Range","WMT","H18010101","NRSA 2018-19"
"NRS18_MN_10257","NRS18_MN_10257",47.90525,-90.218603,"Minnesota","50","Northern Lakes and Forests","UMW","H04010101","NRSA 2018-19"
"NRS18_MT_10072","NRS18_MT_10072",48.602587,-107.619181,"Montana","42","Northwestern Glaciated Plains","NPL","H10050004","NRSA 2018-19"
"NRS18_MI_10057","NRS18_MI_10057",45.206472,-87.732176,"Michigan","50","Northern Lakes and Forests","UMW","H04030108","NRSA 2018-19"
"NRS18_NV_10188","NRS18_NV_10188",40.411083,-116.923743,"Nevada","13","Central Basin and Range","XER","H16040107","NRSA 2018-19"
"NRS18_NV_10010","NRS18_NV_10010",40.191371,-117.25314,"Nevada","13","Central Basin and Range","XER","H16040107","NRSA 2018-19"
"NRS18_MI_10055","NRS18_MI_10055",45.747075,-87.866488,"Michigan","50","Northern Lakes and Forests","UMW","H04030108","NRSA 2018-19"
"NRS18_NJ_10008","NRS18_NJ_10008",41.311378,-74.791883,"New Jersey","67","Ridge and Valley","SAP","H02040104","NRSA 2018-19"
"NRS18_UT_10011","NRS18_UT_10011",38.019918,-111.654475,"Utah","19","Wasatch and Uinta Mountains","WMT","H14070005","NRSA 2018-19"
"NRS18_ME_10005","NRS18_ME_10005",45.257333,-68.949655,"Maine","82","Acadian Plains and Hills","NAP","H01020004","NRSA 2018-19"
"NRS18_ND_10032","NRS18_ND_10032",46.825914,-100.930116,"North Dakota","43","Northwestern Great Plains","NPL","H10130203","NRSA 2018-19"
"NRS18_MN_10556","NRS18_MN_10556",47.006029,-93.231644,"Minnesota","50","Northern Lakes and Forests","UMW","H07010103","NRSA 2018-19"
"NRS18_IA_10659","NRS18_IA_10659",43.042219,-95.054698,"Iowa","47","Western Corn Belt Plains","TPL","H10230003","NRSA 2018-19"
"NRS18_MT_10592","NRS18_MT_10592",45.549321,-109.243079,"Montana","43","Northwestern Great Plains","NPL","H10070005","NRSA 2018-19"
"NRS18_IN_10007","NRS18_IN_10007",38.451784,-87.598002,"Indiana","72","Interior River Valleys and Hills","TPL","H05120202","NRSA 2018-19"
"NRS18_MT_10019","NRS18_MT_10019",48.345979,-107.583806,"Montana","42","Northwestern Glaciated Plains","NPL","H10050014","NRSA 2018-19"
"NRS18_PA_10045","NRS18_PA_10045",41.047992,-79.662434,"Pennsylvania","70","Western Allegheny Plateau","SAP","H05010006","NRSA 2018-19"
"NRS18_TX_10018","NRS18_TX_10018",30.839241,-96.723118,"Texas","33","East Central Texas Plains","CPL","H12070204","NRSA 2018-19"
"NRS18_MI_10021","NRS18_MI_10021",46.019425,-86.221271,"Michigan","50","Northern Lakes and Forests","UMW","H04060106","NRSA 2018-19"
"NRS18_ID_10022","NRS18_ID_10022",43.922018,-114.114204,"Idaho","16","Idaho Batholith","WMT","H17040218","NRSA 2018-19"
"NRS18_ID_10117","NRS18_ID_10117",44.054187,-113.438939,"Idaho","17","Middle Rockies","WMT","H17040217","NRSA 2018-19"
"NRS18_IN_10027","NRS18_IN_10027",38.574077,-86.853035,"Indiana","71","Interior Plateau","SAP","H05120208","NRSA 2018-19"
"NRS18_NV_10495","NRS18_NV_10495",39.270022,-114.31448,"Nevada","13","Central Basin and Range","XER","H16060008","NRSA 2018-19"
"NRS18_MT_10063","NRS18_MT_10063",45.008249,-108.91113,"Montana","18","Wyoming Basin","XER","H10070006","NRSA 2018-19"
"NRS18_ME_10006","NRS18_ME_10006",46.576035,-68.087813,"Maine","82","Acadian Plains and Hills","NAP","H01010004","NRSA 2018-19"
"NRS18_MN_10032","NRS18_MN_10032",44.888383,-93.178424,"Minnesota","51","North Central Hardwood Forests","UMW","H07020012","NRSA 2018-19"
"NRS18_MN_10031","NRS18_MN_10031",44.236433,-92.325198,"Minnesota","52","Driftless Area","UMW","H07040004","NRSA 2018-19"
"NRS18_MT_10028","NRS18_MT_10028",48.365836,-108.153696,"Montana","42","Northwestern Glaciated Plains","NPL","H10050004","NRSA 2018-19"
"NRS18_MT_10021","NRS18_MT_10021",46.457751,-110.371306,"Montana","43","Northwestern Great Plains","NPL","H10040201","NRSA 2018-19"
"NRS18_MT_10421","NRS18_MT_10421",45.072115,-109.036639,"Montana","18","Wyoming Basin","XER","H10070006","NRSA 2018-19"
"NRS18_ME_10018","NRS18_ME_10018",46.704392,-68.679039,"Maine","58","Northeastern Highlands","NAP","H01010004","NRSA 2018-19"
"NRS18_ME_10025","NRS18_ME_10025",46.582451,-68.694842,"Maine","58","Northeastern Highlands","NAP","H01010004","NRSA 2018-19"
"NRS18_MN_10034","NRS18_MN_10034",44.56766,-92.485872,"Minnesota","52","Driftless Area","UMW","H07040001","NRSA 2018-19"
"NRS18_MT_10029","NRS18_MT_10029",46.845378,-111.138268,"Montana","43","Northwestern Great Plains","NPL","H10030103","NRSA 2018-19"
"NRS18_MN_10011","NRS18_MN_10011",43.7194,-95.04622,"Minnesota","47","Western Corn Belt Plains","TPL","H07100001","NRSA 2018-19"
"NRS18_IA_10012","NRS18_IA_10012",42.507074,-90.64463,"Iowa","52","Driftless Area","UMW","H07060005","NRSA 2018-19"
"NRS18_VA_10009","NRS18_VA_10009",38.929399,-77.873696,"Virginia","64","Northern Piedmont","SAP","H02070008","NRSA 2018-19"
"NRS18_OK_10030","NRS18_OK_10030",33.87907,-95.912922,"Oklahoma","35","South Central Plains","CPL","H11140101","NRSA 2018-19"
"NRS18_NE_10073","NRS18_NE_10073",40.893539,-96.603886,"Nebraska","47","Western Corn Belt Plains","TPL","H10200203","NRSA 2018-19"
"NRS18_MT_10073","NRS18_MT_10073",47.448365,-111.301056,"Montana","42","Northwestern Glaciated Plains","NPL","H10030102","NRSA 2018-19"
"NRS18_MT_10024","NRS18_MT_10024",47.451611,-111.301288,"Montana","42","Northwestern Glaciated Plains","NPL","H10030102","NRSA 2018-19"
"NRS18_MT_10017","NRS18_MT_10017",47.414347,-111.498629,"Montana","42","Northwestern Glaciated Plains","NPL","H10030102","NRSA 2018-19"
"NRS18_GA_10017","NRS18_GA_10017",31.340465,-81.484888,"Georgia","75","Southern Coastal Plain","CPL","H03070106","NRSA 2018-19"
"NRS18_IA_10032","NRS18_IA_10032",42.176184,-90.322026,"Iowa","52","Driftless Area","UMW","H07060006","NRSA 2018-19"
"NRS18_SD_10011","NRS18_SD_10011",44.043861,-101.451116,"South Dakota","43","Northwestern Great Plains","NPL","H10140102","NRSA 2018-19"
"NRS18_WI_10024","NRS18_WI_10024",44.024599,-88.794572,"Wisconsin","53","Southeastern Wisconsin Till Plains","TPL","H04030201","NRSA 2018-19"
"NRS18_ND_10027","NRS18_ND_10027",46.050645,-102.012971,"North Dakota","43","Northwestern Great Plains","NPL","H10130205","NRSA 2018-19"
"NRS18_VA_10010","NRS18_VA_10010",37.8312,-77.122197,"Virginia","65","Southeastern Plains","CPL","H02080105","NRSA 2018-19"
"NRS18_CA_10108","NRS18_CA_10108",40.130796,-121.465213,"California","4","Cascades","WMT","H18020158","NRSA 2018-19"
"NRS18_MT_10011","NRS18_MT_10011",48.143211,-112.124619,"Montana","42","Northwestern Glaciated Plains","NPL","H10030203","NRSA 2018-19"
"NRS18_CA_10014","NRS18_CA_10014",41.456396,-123.935565,"California","1","Coast Range","WMT","H18010209","NRSA 2018-19"
"NRS18_MT_10009","NRS18_MT_10009",46.585589,-111.265708,"Montana","17","Middle Rockies","WMT","H10030103","NRSA 2018-19"
"NRS18_PA_RF001","NRS18_PA_RF001",40.060791,-79.683013,"Pennsylvania","70","Western Allegheny Plateau","SAP","H05020006","NRSA 2018-19"
"NRS18_MI_10014","NRS18_MI_10014",44.674489,-84.327468,"Michigan","50","Northern Lakes and Forests","UMW","H04070007","NRSA 2018-19"
"NRS18_NE_10010","NRS18_NE_10010",41.152046,-96.548455,"Nebraska","47","Western Corn Belt Plains","TPL","H10200203","NRSA 2018-19"
"NRS18_PA_10046","NRS18_PA_10046",40.073362,-75.223538,"Pennsylvania","64","Northern Piedmont","SAP","H02040203","NRSA 2018-19"
"NRS18_GA_10035","NRS18_GA_10035",30.962,-84.55847,"Georgia","65","Southeastern Plains","CPL","H03130008","NRSA 2018-19"
"NRS18_TX_10099","NRS18_TX_10099",32.757442,-94.84784,"Texas","35","South Central Plains","CPL","H11140307","NRSA 2018-19"
"NRS18_TX_10093","NRS18_TX_10093",32.760995,-94.300269,"Texas","35","South Central Plains","CPL","H11140306","NRSA 2018-19"
"NRS18_CA_10005","NRS18_CA_10005",39.905214,-121.04656,"California","5","Sierra Nevada","WMT","H18020122","NRSA 2018-19"
"NRS18_OK_10004","NRS18_OK_10004",36.928964,-96.188373,"Oklahoma","29","Cross Timbers","SPL","H11070106","NRSA 2018-19"
"NRS18_WI_10056","NRS18_WI_10056",44.400043,-88.775817,"Wisconsin","51","North Central Hardwood Forests","UMW","H04030202","NRSA 2018-19"
"NRS18_ND_10975","NRS18_ND_10975",46.354768,-102.169038,"North Dakota","43","Northwestern Great Plains","NPL","H10130204","NRSA 2018-19"
"NRS18_MN_RF002","NRS18_MN_RF002",46.871676,-92.6144,"Minnesota","50","Northern Lakes and Forests","UMW","H04010201","NRSA 2018-19"
"NRS18_SD_11899","NRS18_SD_11899",43.781769,-100.86644,"South Dakota","43","Northwestern Great Plains","NPL","H10140202","NRSA 2018-19"
"NRS18_WI_10691","NRS18_WI_10691",43.999358,-88.889595,"Wisconsin","53","Southeastern Wisconsin Till Plains","TPL","H04030201","NRSA 2018-19"
"NRS18_PA_10038","NRS18_PA_10038",41.452226,-76.452665,"Pennsylvania","62","North Central Appalachians","NAP","H02050206","NRSA 2018-19"
"NRS18_MI_10002","NRS18_MI_10002",43.056311,-85.594206,"Michigan","56","Southern Michigan/Northern Indiana Drift Plains","UMW","H04050006","NRSA 2018-19"
"NRS18_WV_RF001","NRS18_WV_RF001",38.21031,-81.101733,"West Virginia","69","Central Appalachians","SAP","H05050005","NRSA 2018-19"
"NRS18_OR_10017","NRS18_OR_10017",42.85641,-123.143409,"Oregon","78","Klamath Mountains/California High North Coast Range","WMT","H17100302","NRSA 2018-19"
"NRS18_ME_10001","NRS18_ME_10001",46.975564,-69.378381,"Maine","58","Northeastern Highlands","NAP","H01010007","NRSA 2018-19"
"NRS18_MN_RF003","NRS18_MN_RF003",47.39754,-95.146229,"Minnesota","50","Northern Lakes and Forests","UMW","H07010101","NRSA 2018-19"
"NRS18_SD_10013","NRS18_SD_10013",43.401784,-100.984335,"South Dakota","43","Northwestern Great Plains","NPL","H10140203","NRSA 2018-19"
"NRS18_MN_RF001","NRS18_MN_RF001",47.87549,-94.8999,"Minnesota","49","Northern Minnesota Wetlands","UMW","H09020302","NRSA 2018-19"
"NRS18_UT_10285","NRS18_UT_10285",40.855735,-110.456952,"Utah","19","Wasatch and Uinta Mountains","WMT","H14040107","NRSA 2018-19"
"NRS18_MT_10080","NRS18_MT_10080",48.549471,-109.391676,"Montana","42","Northwestern Glaciated Plains","NPL","H10050004","NRSA 2018-19"
"NRS18_MT_10070","NRS18_MT_10070",48.800897,-110.134812,"Montana","42","Northwestern Glaciated Plains","NPL","H10050002","NRSA 2018-19"
"NRS18_MI_10023","NRS18_MI_10023",42.976598,-85.51225,"Michigan","56","Southern Michigan/Northern Indiana Drift Plains","UMW","H04050006","NRSA 2018-19"
"NRS18_MI_10532","NRS18_MI_10532",46.373573,-85.982515,"Michigan","50","Northern Lakes and Forests","UMW","H04060106","NRSA 2018-19"
"NRS18_SD_10055","NRS18_SD_10055",43.78705,-101.289282,"South Dakota","43","Northwestern Great Plains","NPL","H10140202","NRSA 2018-19"
"NRS18_ID_10024","NRS18_ID_10024",44.407362,-111.583968,"Idaho","12","Snake River Plain","XER","H17040202","NRSA 2018-19"
"NRS18_ID_10037","NRS18_ID_10037",44.358652,-111.441491,"Idaho","17","Middle Rockies","WMT","H17040202","NRSA 2018-19"
"NRS18_ID_10056","NRS18_ID_10056",44.594774,-111.455627,"Idaho","17","Middle Rockies","WMT","H17040202","NRSA 2018-19"
"NRS18_IN_11097","NRS18_IN_11097",39.893503,-86.128893,"Indiana","55","Eastern Corn Belt Plains","TPL","H05120201","NRSA 2018-19"
"NRS18_WI_11142","NRS18_WI_11142",43.604989,-89.751646,"Wisconsin","51","North Central Hardwood Forests","UMW","H07070003","NRSA 2018-19"
"NRS18_CO_RF016","NRS18_CO_RF016",39.67596,-105.66012,"Colorado","21","Southern Rockies","WMT","H10190004","NRSA 2018-19"
"NRS18_MI_10072","NRS18_MI_10072",46.715266,-89.394894,"Michigan","50","Northern Lakes and Forests","UMW","H04020101","NRSA 2018-19"
"NRS18_SD_10025","NRS18_SD_10025",43.683887,-100.208681,"South Dakota","43","Northwestern Great Plains","NPL","H10140204","NRSA 2018-19"
"NRS18_MS_10010","NRS18_MS_10010",32.844979,-89.990384,"Mississippi","74","Mississippi Valley Loess Plains","CPL","H08060202","NRSA 2018-19"
"NRS18_ID_10041","NRS18_ID_10041",46.441261,-116.213174,"Idaho","15","Northern Rockies","WMT","H17060306","NRSA 2018-19"
"NRS18_WI_10843","NRS18_WI_10843",45.004101,-91.744881,"Wisconsin","51","North Central Hardwood Forests","UMW","H07050007","NRSA 2018-19"
"NRS18_PA_10036","NRS18_PA_10036",39.876976,-75.302129,"Pennsylvania","63","Middle Atlantic Coastal Plain","CPL","H02040202","NRSA 2018-19"
"NRS18_MI_10019","NRS18_MI_10019",46.336776,-89.678351,"Michigan","50","Northern Lakes and Forests","UMW","H04020101","NRSA 2018-19"
"NRS18_VA_10017","NRS18_VA_10017",36.924798,-79.230079,"Virginia","45","Piedmont","SAP","H03010105","NRSA 2018-19"
"NRS18_NY_10043","NRS18_NY_10043",40.847228,-73.226286,"New York","84","Atlantic Coastal Pine Barrens","CPL","H02030201","NRSA 2018-19"
"NRS18_OH_10016","NRS18_OH_10016",41.121021,-81.519757,"Ohio","61","Erie Drift Plain","NAP","H04110002","NRSA 2018-19"
"NRS18_MT_10090","NRS18_MT_10090",47.616662,-112.681054,"Montana","42","Northwestern Glaciated Plains","NPL","H10030104","NRSA 2018-19"
"NRS18_SD_10042","NRS18_SD_10042",43.615524,-100.69149,"South Dakota","43","Northwestern Great Plains","NPL","H10140203","NRSA 2018-19"
"NRS18_OR_10041","NRS18_OR_10041",45.984514,-119.004127,"Oregon","10","Columbia Plateau","XER","H17070101","NRSA 2018-19"
"NRS18_ID_10009","NRS18_ID_10009",46.134884,-115.959948,"Idaho","15","Northern Rockies","WMT","H17060304","NRSA 2018-19"
"NRS18_MT_10106","NRS18_MT_10106",47.576686,-113.835145,"Montana","41","Canadian Rockies","WMT","H17010211","NRSA 2018-19"
"NRS18_SD_10040","NRS18_SD_10040",44.383596,-102.420592,"South Dakota","43","Northwestern Great Plains","NPL","H10120202","NRSA 2018-19"
"NRS18_DE_10020","NRS18_DE_10020",39.772,-75.57882,"Delaware","64","Northern Piedmont","SAP","H02040205","NRSA 2018-19"
"NRS18_TX_10599","NRS18_TX_10599",29.2368,-95.797546,"Texas","34","Western Gulf Coastal Plain","CPL","H12090401","NRSA 2018-19"
"NRS18_OK_10055","NRS18_OK_10055",35.002525,-97.854499,"Oklahoma","27","Central Great Plains","SPL","H11130302","NRSA 2018-19"
"NRS18_CT_10011","NRS18_CT_10011",41.656262,-72.625969,"Connecticut","59","Northeastern Coastal Zone","NAP","H01080205","NRSA 2018-19"
"NRS18_FL_10021","NRS18_FL_10021",30.969819,-86.993589,"Florida","65","Southeastern Plains","CPL","H03140104","NRSA 2018-19"
"NRS18_PA_10041","NRS18_PA_10041",39.922033,-75.211258,"Pennsylvania","63","Middle Atlantic Coastal Plain","CPL","H02040203","NRSA 2018-19"
"NRS18_MS_10004","NRS18_MS_10004",31.059888,-88.888203,"Mississippi","65","Southeastern Plains","CPL","H03170006","NRSA 2018-19"
"NRS18_VA_10007","NRS18_VA_10007",36.876453,-79.067758,"Virginia","45","Piedmont","SAP","H03010105","NRSA 2018-19"
"NRS18_MI_10045","NRS18_MI_10045",46.572761,-88.994551,"Michigan","50","Northern Lakes and Forests","UMW","H04020102","NRSA 2018-19"
"NRS18_MS_10019","NRS18_MS_10019",31.470378,-89.72313,"Mississippi","65","Southeastern Plains","CPL","H03180003","NRSA 2018-19"
"NRS18_WI_10850","NRS18_WI_10850",44.749059,-91.056992,"Wisconsin","51","North Central Hardwood Forests","UMW","H07050006","NRSA 2018-19"
"NRS18_NC_10003","NRS18_NC_10003",35.060566,-84.024523,"North Carolina","66","Blue Ridge","SAP","H06020002","NRSA 2018-19"
"NRS18_MT_10023","NRS18_MT_10023",47.909485,-113.870695,"Montana","15","Northern Rockies","WMT","H17010211","NRSA 2018-19"
"NRS18_SD_11894","NRS18_SD_11894",43.6865,-99.927194,"South Dakota","43","Northwestern Great Plains","NPL","H10140204","NRSA 2018-19"
"NRS18_NY_10402","NRS18_NY_10402",41.613019,-74.10549,"New York","67","Ridge and Valley","SAP","H02020008","NRSA 2018-19"
"NRS18_CO_RF017","NRS18_CO_RF017",40.04369,-105.73147,"Colorado","21","Southern Rockies","WMT","H14010001","NRSA 2018-19"
"NRS18_CO_RF011","NRS18_CO_RF011",39.83637,-106.31516,"Colorado","21","Southern Rockies","WMT","H14010002","NRSA 2018-19"
"NRS18_PA_10025","NRS18_PA_10025",39.804944,-79.325612,"Pennsylvania","69","Central Appalachians","SAP","H05020006","NRSA 2018-19"
"NRS18_ID_10027","NRS18_ID_10027",46.244179,-116.040501,"Idaho","15","Northern Rockies","WMT","H17060306","NRSA 2018-19"
"NRS18_NV_10405","NRS18_NV_10405",39.111266,-119.830935,"Nevada","5","Sierra Nevada","WMT","H16050201","NRSA 2018-19"
"NRS18_NV_10936","NRS18_NV_10936",38.863411,-119.115026,"Nevada","13","Central Basin and Range","XER","H16050301","NRSA 2018-19"
"NRS18_MD_10006","NRS18_MD_10006",39.447324,-78.976421,"Maryland","67","Ridge and Valley","SAP","H02070002","NRSA 2018-19"
"NRS18_MN_10065","NRS18_MN_10065",45.542415,-93.400501,"Minnesota","51","North Central Hardwood Forests","UMW","H07010207","NRSA 2018-19"
"NRS18_CT_10005","NRS18_CT_10005",41.540588,-72.551258,"Connecticut","59","Northeastern Coastal Zone","NAP","H01080205","NRSA 2018-19"
"NRS18_OR_10029","NRS18_OR_10029",45.966182,-118.029562,"Oregon","11","Blue Mountains","WMT","H17070102","NRSA 2018-19"
"NRS18_OR_10055","NRS18_OR_10055",45.872032,-117.926191,"Oregon","11","Blue Mountains","WMT","H17060106","NRSA 2018-19"
"NRS18_NE_10045","NRS18_NE_10045",42.716382,-97.912904,"Nebraska","47","Western Corn Belt Plains","TPL","H10170101","NRSA 2018-19"
"NRS18_FL_10020","NRS18_FL_10020",30.778007,-87.30596,"Florida","65","Southeastern Plains","CPL","H03140305","NRSA 2018-19"
"NRS18_MT_10015","NRS18_MT_10015",48.077465,-114.018718,"Montana","15","Northern Rockies","WMT","H17010211","NRSA 2018-19"
"NRS18_ID_10120","NRS18_ID_10120",45.106086,-113.646405,"Idaho","17","Middle Rockies","WMT","H17060204","NRSA 2018-19"
"NRS18_ID_10006","NRS18_ID_10006",44.844037,-113.816677,"Idaho","17","Middle Rockies","WMT","H17060204","NRSA 2018-19"
"NRS18_IN_10028","NRS18_IN_10028",38.76252,-86.043193,"Indiana","55","Eastern Corn Belt Plains","TPL","H05120207","NRSA 2018-19"
"NRS18_WI_10548","NRS18_WI_10548",44.962626,-90.865131,"Wisconsin","51","North Central Hardwood Forests","UMW","H07050006","NRSA 2018-19"
"NRS18_TX_10504","NRS18_TX_10504",29.95585,-95.71174,"Texas","34","Western Gulf Coastal Plain","CPL","H12040102","NRSA 2018-19"
"NRS18_CT_10007","NRS18_CT_10007",41.484847,-72.50888,"Connecticut","59","Northeastern Coastal Zone","NAP","H01080205","NRSA 2018-19"
"NRS18_MS_10005","NRS18_MS_10005",31.000266,-91.039497,"Mississippi","74","Mississippi Valley Loess Plains","CPL","H08070202","NRSA 2018-19"
"NRS18_NE_10983","NRS18_NE_10983",42.605369,-98.033941,"Nebraska","42","Northwestern Glaciated Plains","NPL","H10150007","NRSA 2018-19"
"NRS18_ND_10377","NRS18_ND_10377",46.72341,-102.817184,"North Dakota","43","Northwestern Great Plains","NPL","H10130202","NRSA 2018-19"
"NRS18_MA_10010","NRS18_MA_10010",42.351764,-72.626335,"Massachusetts","59","Northeastern Coastal Zone","NAP","H01080201","NRSA 2018-19"
"NRS18_MT_10037","NRS18_MT_10037",46.708542,-104.233965,"Montana","43","Northwestern Great Plains","NPL","H10110204","NRSA 2018-19"
"NRS18_SD_11908","NRS18_SD_11908",44.731808,-101.152944,"South Dakota","43","Northwestern Great Plains","NPL","H10130105","NRSA 2018-19"
"NRS18_MT_10096","NRS18_MT_10096",48.603004,-113.852912,"Montana","41","Canadian Rockies","WMT","H17010207","NRSA 2018-19"
"NRS18_MT_10274","NRS18_MT_10274",48.174184,-113.879073,"Montana","41","Canadian Rockies","WMT","H17010209","NRSA 2018-19"
"NRS18_MA_10631","NRS18_MA_10631",42.350017,-72.63623,"Massachusetts","59","Northeastern Coastal Zone","NAP","H01080201","NRSA 2018-19"
"NRS18_NE_11133","NRS18_NE_11133",40.501014,-100.31959,"Nebraska","27","Central Great Plains","SPL","H10250008","NRSA 2018-19"
"NRS18_WI_10009","NRS18_WI_10009",42.531365,-90.641182,"Wisconsin","52","Driftless Area","UMW","H07060005","NRSA 2018-19"
"NRS18_SD_11910","NRS18_SD_11910",43.743261,-99.558033,"South Dakota","43","Northwestern Great Plains","NPL","H10140204","NRSA 2018-19"
"NRS18_OK_10011","NRS18_OK_10011",35.086715,-98.168882,"Oklahoma","29","Cross Timbers","SPL","H11130302","NRSA 2018-19"
"NRS18_MS_10018","NRS18_MS_10018",30.867436,-88.921981,"Mississippi","65","Southeastern Plains","CPL","H03170007","NRSA 2018-19"
"NRS18_MT_10051","NRS18_MT_10051",46.885436,-104.955216,"Montana","43","Northwestern Great Plains","NPL","H10100004","NRSA 2018-19"
"NRS18_MT_10022","NRS18_MT_10022",46.867836,-104.995203,"Montana","43","Northwestern Great Plains","NPL","H10100004","NRSA 2018-19"
"NRS18_KS_10018","NRS18_KS_10018",37.071854,-97.508496,"Kansas","27","Central Great Plains","SPL","H11060005","NRSA 2018-19"
"NRS18_MT_10001","NRS18_MT_10001",48.005046,-116.001673,"Montana","15","Northern Rockies","WMT","H17010213","NRSA 2018-19"
"NRS18_IA_10008","NRS18_IA_10008",42.202,-90.332306,"Iowa","52","Driftless Area","UMW","H07060005","NRSA 2018-19"
"NRS18_WI_10011","NRS18_WI_10011",43.827448,-91.271929,"Wisconsin","52","Driftless Area","UMW","H07040006","NRSA 2018-19"
"NRS18_NY_10272","NRS18_NY_10272",42.803125,-77.060171,"New York","83","Eastern Great Lakes Lowlands","NAP","H04140201","NRSA 2018-19"
"NRS18_NE_RF001","NRS18_NE_RF001",42.698189,-103.567986,"Nebraska","25","High Plains","SPL","H10140201","NRSA 2018-19"
"NRS18_NE_10033","NRS18_NE_10033",40.808081,-97.433499,"Nebraska","27","Central Great Plains","SPL","H10270203","NRSA 2018-19"
"NRS18_MA_10004","NRS18_MA_10004",42.578363,-72.569575,"Massachusetts","59","Northeastern Coastal Zone","NAP","H01080201","NRSA 2018-19"
"NRS18_TX_10033","NRS18_TX_10033",32.297229,-94.490818,"Texas","35","South Central Plains","CPL","H12010002","NRSA 2018-19"
"NRS18_MT_10044","NRS18_MT_10044",46.064352,-105.068245,"Montana","43","Northwestern Great Plains","NPL","H10090209","NRSA 2018-19"
"NRS18_SD_10002","NRS18_SD_10002",42.854201,-97.280158,"South Dakota","47","Western Corn Belt Plains","TPL","H10170101","NRSA 2018-19"
"NRS18_NH_10018","NRS18_NH_10018",43.517319,-72.369647,"New Hampshire","58","Northeastern Highlands","NAP","H01080106","NRSA 2018-19"
"NRS18_WV_10180","NRS18_WV_10180",39.263244,-79.262347,"West Virginia","69","Central Appalachians","SAP","H02070002","NRSA 2018-19"
"NRS18_DE_10021","NRS18_DE_10021",39.806135,-75.465405,"Delaware","64","Northern Piedmont","SAP","H02040202","NRSA 2018-19"
"NRS18_SD_12194","NRS18_SD_12194",43.949618,-98.033155,"South Dakota","46","Northern Glaciated Plains","TPL","H10160011","NRSA 2018-19"
"NRS18_MT_10049","NRS18_MT_10049",47.539799,-115.079727,"Montana","15","Northern Rockies","WMT","H17010213","NRSA 2018-19"
"NRS18_MT_10117","NRS18_MT_10117",47.34634,-114.723944,"Montana","15","Northern Rockies","WMT","H17010212","NRSA 2018-19"
"NRS18_NE_RF002","NRS18_NE_RF002",42.767236,-103.927531,"Nebraska","25","High Plains","SPL","H10120108","NRSA 2018-19"
"NRS18_WI_10846","NRS18_WI_10846",44.088406,-91.170134,"Wisconsin","52","Driftless Area","UMW","H07040007","NRSA 2018-19"
"NRS18_NV_10022","NRS18_NV_10022",38.898762,-119.712698,"Nevada","13","Central Basin and Range","XER","H16050201","NRSA 2018-19"
"NRS18_WI_RF003","NRS18_WI_RF003",46.608309,-90.700936,"Wisconsin","50","Northern Lakes and Forests","UMW","H04010302","NRSA 2018-19"
"NRS18_VA_RF014","NRS18_VA_RF014",37.9151,-77.3002,"Virginia","65","Southeastern Plains","CPL","H02080105","NRSA 2018-19"
"NRS18_GA_10018","NRS18_GA_10018",34.121886,-84.810182,"Georgia","67","Ridge and Valley","SAP","H03150104","NRSA 2018-19"
"NRS18_MT_10064","NRS18_MT_10064",46.129603,-105.149038,"Montana","43","Northwestern Great Plains","NPL","H10090209","NRSA 2018-19"
"NRS18_KY_10031","NRS18_KY_10031",37.048831,-89.175164,"Kentucky","73","Mississippi Alluvial Plain","CPL","H05140206","NRSA 2018-19"
"NRS18_MA_10002","NRS18_MA_10002",41.961788,-70.919785,"Massachusetts","59","Northeastern Coastal Zone","NAP","H01090004","NRSA 2018-19"
"NRS18_SD_10001","NRS18_SD_10001",43.905493,-96.484975,"South Dakota","47","Western Corn Belt Plains","TPL","H10170203","NRSA 2018-19"
"NRS18_ID_10110","NRS18_ID_10110",47.231014,-116.273093,"Idaho","15","Northern Rockies","WMT","H17010304","NRSA 2018-19"
"NRS18_UT_10018","NRS18_UT_10018",39.209587,-110.073218,"Utah","20","Colorado Plateaus","XER","H14060005","NRSA 2018-19"
"NRS18_ID_10547","NRS18_ID_10547",46.045826,-115.864518,"Idaho","10","Columbia Plateau","XER","H17060304","NRSA 2018-19"
"NRS18_KY_10009","NRS18_KY_10009",37.470396,-88.096422,"Kentucky","72","Interior River Valleys and Hills","TPL","H05140203","NRSA 2018-19"
"NRS18_VA_10020","NRS18_VA_10020",38.190406,-77.652477,"Virginia","45","Piedmont","SAP","H02080105","NRSA 2018-19"
"NRS18_GA_10950","NRS18_GA_10950",31.308051,-84.337099,"Georgia","65","Southeastern Plains","CPL","H03130008","NRSA 2018-19"
"NRS18_MT_10002","NRS18_MT_10002",47.066365,-114.769854,"Montana","15","Northern Rockies","WMT","H17010204","NRSA 2018-19"
"NRS18_IL_11715","NRS18_IL_11715",42.260876,-90.273007,"Illinois","52","Driftless Area","UMW","H07060005","NRSA 2018-19"
"NRS18_ME_10020","NRS18_ME_10020",44.266098,-69.053988,"Maine","82","Acadian Plains and Hills","NAP","H01050002","NRSA 2018-19"
"NRS18_WI_11141","NRS18_WI_11141",43.179323,-90.634187,"Wisconsin","52","Driftless Area","UMW","H07070005","NRSA 2018-19"
"NRS18_MS_10031","NRS18_MS_10031",34.219369,-90.780675,"Mississippi","73","Mississippi Alluvial Plain","CPL","H08020100","NRSA 2018-19"
"NRS18_MT_10043","NRS18_MT_10043",46.895056,-113.814757,"Montana","17","Middle Rockies","WMT","H17010203","NRSA 2018-19"
"NRS18_MT_11621","NRS18_MT_11621",46.872099,-114.08173,"Montana","17","Middle Rockies","WMT","H17010204","NRSA 2018-19"
"NRS18_NY_10040","NRS18_NY_10040",42.69165,-73.708843,"New York","59","Northeastern Coastal Zone","NAP","H02020006","NRSA 2018-19"
"NRS18_WI_10013","NRS18_WI_10013",46.416419,-90.741162,"Wisconsin","50","Northern Lakes and Forests","UMW","H04010302","NRSA 2018-19"
"NRS18_IA_10507","NRS18_IA_10507",43.462236,-91.419078,"Iowa","52","Driftless Area","UMW","H07060002","NRSA 2018-19"
"NRS18_MT_10018","NRS18_MT_10018",46.359631,-105.814048,"Montana","43","Northwestern Great Plains","NPL","H10090102","NRSA 2018-19"
"NRS18_ND_10029","NRS18_ND_10029",47.234799,-103.764074,"North Dakota","43","Northwestern Great Plains","NPL","H10110204","NRSA 2018-19"
"NRS18_ME_10015","NRS18_ME_10015",44.640174,-69.592743,"Maine","82","Acadian Plains and Hills","NAP","H01030003","NRSA 2018-19"
"NRS18_MS_10015","NRS18_MS_10015",34.666841,-90.219984,"Mississippi","73","Mississippi Alluvial Plain","CPL","H08030204","NRSA 2018-19"
"NRS18_NY_10042","NRS18_NY_10042",43.47235,-73.840344,"New York","58","Northeastern Highlands","NAP","H02020001","NRSA 2018-19"
"NRS18_ME_10493","NRS18_ME_10493",44.738719,-69.763802,"Maine","82","Acadian Plains and Hills","NAP","H01030003","NRSA 2018-19"
"NRS18_IN_10649","NRS18_IN_10649",38.814783,-85.528073,"Indiana","55","Eastern Corn Belt Plains","TPL","H05120207","NRSA 2018-19"
"NRS18_SD_11294","NRS18_SD_11294",44.693569,-103.739844,"South Dakota","43","Northwestern Great Plains","NPL","H10120202","NRSA 2018-19"
"NRS18_MT_10032","NRS18_MT_10032",46.405864,-112.370398,"Montana","17","Middle Rockies","WMT","H17010201","NRSA 2018-19"
"NRS18_NY_10016","NRS18_NY_10016",42.474129,-73.787016,"New York","59","Northeastern Coastal Zone","NAP","H02020006","NRSA 2018-19"
"NRS18_ME_10014","NRS18_ME_10014",44.821333,-68.70377,"Maine","82","Acadian Plains and Hills","NAP","H01020005","NRSA 2018-19"
"NRS18_KS_10141","NRS18_KS_10141",37.022379,-94.621197,"Kansas","39","Ozark Highlands","SAP","H11070207","NRSA 2018-19"
"NRS18_IN_10040","NRS18_IN_10040",38.089046,-87.932635,"Indiana","72","Interior River Valleys and Hills","TPL","H05120113","NRSA 2018-19"
"NRS18_MT_10112","NRS18_MT_10112",46.608984,-111.076168,"Montana","43","Northwestern Great Plains","NPL","H10030103","NRSA 2018-19"
"NRS18_MT_10027","NRS18_MT_10027",46.594225,-111.044419,"Montana","43","Northwestern Great Plains","NPL","H10030103","NRSA 2018-19"
"NRS18_DE_10018","NRS18_DE_10018",39.692247,-75.734231,"Delaware","64","Northern Piedmont","SAP","H02040205","NRSA 2018-19"
"NRS18_NH_10035","NRS18_NH_10035",43.903152,-71.985283,"New Hampshire","58","Northeastern Highlands","NAP","H01070001","NRSA 2018-19"
"NRS18_VA_10019","NRS18_VA_10019",37.798516,-79.775528,"Virginia","67","Ridge and Valley","SAP","H02080201","NRSA 2018-19"
"NRS18_OK_10013","NRS18_OK_10013",34.222083,-96.706883,"Oklahoma","29","Cross Timbers","SPL","H11130304","NRSA 2018-19"
"NRS18_OK_10010","NRS18_OK_10010",35.807585,-95.398103,"Oklahoma","40","Central Irregular Plains","TPL","H11110101","NRSA 2018-19"
"NRS18_IN_10019","NRS18_IN_10019",37.927973,-87.21043,"Indiana","72","Interior River Valleys and Hills","TPL","H05140201","NRSA 2018-19"
"NRS18_NY_10707","NRS18_NY_10707",41.982573,-74.007772,"New York","60","Northern Allegheny Plateau","NAP","H02020006","NRSA 2018-19"
"NRS18_SC_RF002","NRS18_SC_RF002",34.43195,-81.410234,"South Carolina","45","Piedmont","SAP","H03050106","NRSA 2018-19"
"NRS18_NE_10059","NRS18_NE_10059",41.939329,-96.144723,"Nebraska","47","Western Corn Belt Plains","TPL","H10230001","NRSA 2018-19"
"NRS18_MO_RF003","NRS18_MO_RF003",37.334444,-91.476111,"Missouri","39","Ozark Highlands","SAP","H11010008","NRSA 2018-19"
"NRS18_SD_11446","NRS18_SD_11446",43.087998,-101.178688,"South Dakota","44","Nebraska Sand Hills","SPL","H10140203","NRSA 2018-19"
"NRS18_SD_10959","NRS18_SD_10959",43.361561,-101.693713,"South Dakota","25","High Plains","SPL","H10140202","NRSA 2018-19"
"NRS18_ME_10026","NRS18_ME_10026",44.593585,-68.72522,"Maine","82","Acadian Plains and Hills","NAP","H01020005","NRSA 2018-19"
"NRS18_SD_10020","NRS18_SD_10020",44.66904,-103.356063,"South Dakota","43","Northwestern Great Plains","NPL","H10120202","NRSA 2018-19"
"NRS18_OR_10012","NRS18_OR_10012",42.41324,-123.157974,"Oregon","78","Klamath Mountains/California High North Coast Range","WMT","H17100308","NRSA 2018-19"
"NRS18_MO_RF005","NRS18_MO_RF005",36.792402,-91.331138,"Missouri","39","Ozark Highlands","SAP","H11010011","NRSA 2018-19"
"NRS18_ND_10009","NRS18_ND_10009",46.22149,-101.502546,"North Dakota","43","Northwestern Great Plains","NPL","H10130204","NRSA 2018-19"
"NRS18_WI_10694","NRS18_WI_10694",43.025233,-88.854485,"Wisconsin","53","Southeastern Wisconsin Till Plains","TPL","H07090001","NRSA 2018-19"
"NRS18_SC_RF003","NRS18_SC_RF003",34.17106,-81.771542,"South Carolina","45","Piedmont","SAP","H03050109","NRSA 2018-19"
"NRS18_NE_11433","NRS18_NE_11433",42.976304,-98.487845,"Nebraska","42","Northwestern Glaciated Plains","NPL","H10170101","NRSA 2018-19"
"NRS18_VA_RF015","NRS18_VA_RF015",37.95882,-79.6971,"Virginia","67","Ridge and Valley","SAP","H02080201","NRSA 2018-19"
"NRS18_MO_RF004","NRS18_MO_RF004",37.050222,-91.67655,"Missouri","39","Ozark Highlands","SAP","H11010008","NRSA 2018-19"
"NRS18_ND_10043","NRS18_ND_10043",46.392739,-100.84377,"North Dakota","43","Northwestern Great Plains","NPL","H10130206","NRSA 2018-19"
"NRS18_IN_10012","NRS18_IN_10012",39.70522,-87.078816,"Indiana","72","Interior River Valleys and Hills","TPL","H05120108","NRSA 2018-19"
"NRS18_FL_10334","NRS18_FL_10334",30.708921,-86.835671,"Florida","65","Southeastern Plains","CPL","H03140104","NRSA 2018-19"
"NRS18_NC_10155","NRS18_NC_10155",35.354528,-79.057846,"North Carolina","65","Southeastern Plains","CPL","H03030004","NRSA 2018-19"
"NRS18_DE_10007","NRS18_DE_10007",39.810914,-75.567146,"Delaware","64","Northern Piedmont","SAP","H02040205","NRSA 2018-19"
"NRS18_MI_10011","NRS18_MI_10011",42.823159,-84.938781,"Michigan","56","Southern Michigan/Northern Indiana Drift Plains","UMW","H04050004","NRSA 2018-19"
"NRS18_WI_10071","NRS18_WI_10071",42.896867,-88.895423,"Wisconsin","53","Southeastern Wisconsin Till Plains","TPL","H07090002","NRSA 2018-19"
"NRS18_NE_10014","NRS18_NE_10014",40.017245,-95.331548,"Nebraska","47","Western Corn Belt Plains","TPL","H10240005","NRSA 2018-19"
"NRS18_VA_RF003","NRS18_VA_RF003",37.9393,-79.9527,"Virginia","67","Ridge and Valley","SAP","H02080201","NRSA 2018-19"
"NRS18_IN_10650","NRS18_IN_10650",40.2755,-86.880289,"Indiana","55","Eastern Corn Belt Plains","TPL","H05120108","NRSA 2018-19"
"NRS18_ME_10007","NRS18_ME_10007",45.898666,-68.614116,"Maine","82","Acadian Plains and Hills","NAP","H01020002","NRSA 2018-19"
"NRS18_KY_10952","NRS18_KY_10952",36.928275,-89.062582,"Kentucky","74","Mississippi Valley Loess Plains","CPL","H08010201","NRSA 2018-19"
"NRS18_MT_10071","NRS18_MT_10071",47.799551,-109.018237,"Montana","43","Northwestern Great Plains","NPL","H10040101","NRSA 2018-19"
"NRS18_KY_10030","NRS18_KY_10030",36.981503,-88.532627,"Kentucky","72","Interior River Valleys and Hills","TPL","H06040006","NRSA 2018-19"
"NRS18_ND_10039","NRS18_ND_10039",46.126445,-101.341081,"North Dakota","43","Northwestern Great Plains","NPL","H10130204","NRSA 2018-19"
"NRS18_TN_10489","NRS18_TN_10489",35.655349,-84.153396,"Tennessee","67","Ridge and Valley","SAP","H06010204","NRSA 2018-19"
"NRS18_IN_10036","NRS18_IN_10036",41.04921,-85.720371,"Indiana","56","Southern Michigan/Northern Indiana Drift Plains","UMW","H05120104","NRSA 2018-19"
"NRS18_ME_10194","NRS18_ME_10194",44.852156,-68.0728,"Maine","82","Acadian Plains and Hills","NAP","H01050002","NRSA 2018-19"
"NRS18_ME_10003","NRS18_ME_10003",44.737376,-67.549841,"Maine","82","Acadian Plains and Hills","NAP","H01050002","NRSA 2018-19"
"NRS18_MT_10089","NRS18_MT_10089",45.59732,-109.311599,"Montana","43","Northwestern Great Plains","NPL","H10070005","NRSA 2018-19"
"NRS18_MT_10013","NRS18_MT_10013",45.347713,-109.169387,"Montana","43","Northwestern Great Plains","NPL","H10070006","NRSA 2018-19"
"NRS18_MT_10065","NRS18_MT_10065",45.806479,-109.95627,"Montana","43","Northwestern Great Plains","NPL","H10070002","NRSA 2018-19"
"NRS18_NH_RF001","NRS18_NH_RF001",43.07161,-71.14224,"New Hampshire","59","Northeastern Coastal Zone","NAP","H01060003","NRSA 2018-19"
"NRS18_MT_10067","NRS18_MT_10067",45.791393,-110.503131,"Montana","43","Northwestern Great Plains","NPL","H10070003","NRSA 2018-19"
"NRS18_KS_10029","NRS18_KS_10029",39.754473,-95.699033,"Kansas","47","Western Corn Belt Plains","TPL","H10270103","NRSA 2018-19"
"NRS18_WI_10693","NRS18_WI_10693",44.096458,-87.663647,"Wisconsin","53","Southeastern Wisconsin Till Plains","TPL","H04030101","NRSA 2018-19"
"NRS18_ND_10378","NRS18_ND_10378",46.928915,-101.647058,"North Dakota","43","Northwestern Great Plains","NPL","H10130203","NRSA 2018-19"
"NRS18_VA_10016","NRS18_VA_10016",38.882696,-78.68466,"Virginia","67","Ridge and Valley","SAP","H02070006","NRSA 2018-19"
"NRS18_OK_10014","NRS18_OK_10014",36.969695,-96.198661,"Oklahoma","29","Cross Timbers","SPL","H11070106","NRSA 2018-19"
"NRS18_MI_10075","NRS18_MI_10075",42.326807,-86.136818,"Michigan","56","Southern Michigan/Northern Indiana Drift Plains","UMW","H04050002","NRSA 2018-19"
"NRS18_MO_RF007","NRS18_MO_RF007",36.758055,-92.154444,"Missouri","39","Ozark Highlands","SAP","H11010006","NRSA 2018-19"
"NRS18_GA_10029","NRS18_GA_10029",34.181923,-85.409723,"Georgia","67","Ridge and Valley","SAP","H03150105","NRSA 2018-19"
"NRS18_GA_RF002","NRS18_GA_RF002",34.369,-84.20192,"Georgia","45","Piedmont","SAP","H03150104","NRSA 2018-19"
"NRS18_UT_10020","NRS18_UT_10020",37.844175,-111.849949,"Utah","19","Wasatch and Uinta Mountains","WMT","H14070005","NRSA 2018-19"
"NRS18_WY_10996","NRS18_WY_10996",44.973566,-109.778229,"Wyoming","17","Middle Rockies","WMT","H10070006","NRSA 2018-19"
"NRS18_MI_10046","NRS18_MI_10046",41.906943,-85.623527,"Michigan","56","Southern Michigan/Northern Indiana Drift Plains","UMW","H04050001","NRSA 2018-19"
"NRS18_MO_RF006","NRS18_MO_RF006",36.869084,-92.470304,"Missouri","39","Ozark Highlands","SAP","H11010006","NRSA 2018-19"
"NRS18_NC_10555","NRS18_NC_10555",35.853166,-78.726322,"North Carolina","45","Piedmont","SAP","H03020201","NRSA 2018-19"
"NRS18_SD_11594","NRS18_SD_11594",45.15782,-96.506038,"South Dakota","46","Northern Glaciated Plains","TPL","H07020001","NRSA 2018-19"
"NRS18_AL_10006","NRS18_AL_10006",31.086863,-87.081752,"Alabama","65","Southeastern Plains","CPL","H03140304","NRSA 2018-19"
"NRS18_UT_10396","NRS18_UT_10396",38.898314,-110.369926,"Utah","20","Colorado Plateaus","XER","H14060009","NRSA 2018-19"
"NRS18_MT_11320","NRS18_MT_11320",45.085486,-109.027157,"Montana","18","Wyoming Basin","XER","H10070006","NRSA 2018-19"
"NRS18_OR_10010","NRS18_OR_10010",45.395354,-122.149373,"Oregon","4","Cascades","WMT","H17080001","NRSA 2018-19"
"NRS18_KY_10025","NRS18_KY_10025",36.68763,-86.791886,"Kentucky","71","Interior Plateau","SAP","H05130206","NRSA 2018-19"
"NRS18_WI_10861","NRS18_WI_10861",45.947506,-88.219201,"Wisconsin","50","Northern Lakes and Forests","UMW","H04030106","NRSA 2018-19"
"NRS18_NY_10284","NRS18_NY_10284",44.391686,-74.674851,"New York","58","Northeastern Highlands","NAP","H04150305","NRSA 2018-19"
"NRS18_MI_10236","NRS18_MI_10236",44.741584,-85.640735,"Michigan","51","North Central Hardwood Forests","UMW","H04060105","NRSA 2018-19"
"NRS18_WI_10991","NRS18_WI_10991",43.409871,-89.54123,"Wisconsin","53","Southeastern Wisconsin Till Plains","TPL","H07070005","NRSA 2018-19"
"NRS18_CO_RF018","NRS18_CO_RF018",39.565669,-106.399405,"Colorado","21","Southern Rockies","WMT","H14010003","NRSA 2018-19"
"NRS18_KS_10049","NRS18_KS_10049",39.252522,-96.326597,"Kansas","28","Flint Hills","TPL","H10270102","NRSA 2018-19"
"NRS18_NY_10255","NRS18_NY_10255",44.322377,-75.413635,"New York","83","Eastern Great Lakes Lowlands","NAP","H04150302","NRSA 2018-19"
"NRS18_KS_10002","NRS18_KS_10002",39.87204,-95.027241,"Kansas","47","Western Corn Belt Plains","TPL","H10240005","NRSA 2018-19"
"NRS18_NJ_10032","NRS18_NJ_10032",40.671573,-75.178442,"New Jersey","67","Ridge and Valley","NAP","H02040105","NRSA 2018-19"
"NRS18_NE_11149","NRS18_NE_11149",40.013496,-99.370447,"Nebraska","27","Central Great Plains","SPL","H10250015","NRSA 2018-19"
"NRS18_ID_10014","NRS18_ID_10014",45.385276,-115.533286,"Idaho","16","Idaho Batholith","WMT","H17060207","NRSA 2018-19"
"NRS18_WY_10995","NRS18_WY_10995",44.64907,-110.957621,"Wyoming","17","Middle Rockies","WMT","H10020007","NRSA 2018-19"
"NRS18_MT_10079","NRS18_MT_10079",44.69396,-111.09066,"Montana","17","Middle Rockies","WMT","H10020007","NRSA 2018-19"
"NRS18_MT_10052","NRS18_MT_10052",45.126548,-110.804146,"Montana","17","Middle Rockies","WMT","H10070002","NRSA 2018-19"
"NRS18_MT_10084","NRS18_MT_10084",45.307873,-109.52582,"Montana","43","Northwestern Great Plains","NPL","H10070005","NRSA 2018-19"
"NRS18_ID_10013","NRS18_ID_10013",44.839152,-114.78516,"Idaho","16","Idaho Batholith","WMT","H17060206","NRSA 2018-19"
"NRS18_IA_RF003","NRS18_IA_RF003",43.36702,-91.61832,"Iowa","52","Driftless Area","UMW","H07060002","NRSA 2018-19"
"NRS18_NE_10043","NRS18_NE_10043",40.741291,-99.515602,"Nebraska","27","Central Great Plains","SPL","H10200101","NRSA 2018-19"
"NRS18_WI_10002","NRS18_WI_10002",44.686737,-92.691287,"Wisconsin","52","Driftless Area","UMW","H07040001","NRSA 2018-19"
"NRS18_NY_10702","NRS18_NY_10702",43.782307,-75.146465,"New York","58","Northeastern Highlands","NAP","H04150101","NRSA 2018-19"
"NRS18_NJ_10003","NRS18_NJ_10003",39.877545,-75.131512,"New Jersey","63","Middle Atlantic Coastal Plain","CPL","H02040202","NRSA 2018-19"
"NRS18_NJ_10006","NRS18_NJ_10006",39.831048,-75.348416,"New Jersey","63","Middle Atlantic Coastal Plain","CPL","H02040202","NRSA 2018-19"
"NRS18_CO_RF019","NRS18_CO_RF019",39.3658,-106.45122,"Colorado","21","Southern Rockies","WMT","H14010003","NRSA 2018-19"
"NRS18_AL_10031","NRS18_AL_10031",34.507344,-88.050367,"Alabama","65","Southeastern Plains","CPL","H06030006","NRSA 2018-19"
"NRS18_MI_10004","NRS18_MI_10004",43.930641,-86.026871,"Michigan","50","Northern Lakes and Forests","UMW","H04060101","NRSA 2018-19"
"NRS18_NH_RF002","NRS18_NH_RF002",43.786054,-71.207313,"New Hampshire","58","Northeastern Highlands","NAP","H01060002","NRSA 2018-19"
"NRS18_VA_RF001","NRS18_VA_RF001",36.8909,-82.3285,"Virginia","67","Ridge and Valley","SAP","H06010205","NRSA 2018-19"
"NRS18_PA_10043","NRS18_PA_10043",40.978096,-75.73481,"Pennsylvania","67","Ridge and Valley","SAP","H02040106","NRSA 2018-19"
"NRS18_MT_10062","NRS18_MT_10062",45.264645,-111.310692,"Montana","17","Middle Rockies","WMT","H10020008","NRSA 2018-19"
"NRS18_MD_10009","NRS18_MD_10009",39.268303,-76.794226,"Maryland","64","Northern Piedmont","SAP","H02060003","NRSA 2018-19"
"NRS18_OK_10033","NRS18_OK_10033",35.212448,-94.549582,"Oklahoma","37","Arkansas Valley","SAP","H11110105","NRSA 2018-19"
"NRS18_CA_10004","NRS18_CA_10004",40.219004,-121.99742,"California","6","Central California Foothills and Coastal Mountains","XER","H18020156","NRSA 2018-19"
"NRS18_NY_10028","NRS18_NY_10028",43.73873,-74.958599,"New York","58","Northeastern Highlands","NAP","H04150101","NRSA 2018-19"
"NRS18_PA_10044","NRS18_PA_10044",41.399619,-74.737144,"Pennsylvania","62","North Central Appalachians","NAP","H02040104","NRSA 2018-19"
"NRS18_IN_10032","NRS18_IN_10032",37.89516,-88.095512,"Indiana","72","Interior River Valleys and Hills","TPL","H05120113","NRSA 2018-19"
"NRS18_IA_RF002","NRS18_IA_RF002",43.37718,-91.39736,"Iowa","52","Driftless Area","UMW","H07060002","NRSA 2018-19"
"NRS18_OR_10040","NRS18_OR_10040",44.515491,-119.62481,"Oregon","11","Blue Mountains","WMT","H17070201","NRSA 2018-19"
"NRS18_NJ_11233","NRS18_NJ_11233",40.015423,-75.033912,"New Jersey","63","Middle Atlantic Coastal Plain","CPL","H02040202","NRSA 2018-19"
"NRS18_VA_RF002","NRS18_VA_RF002",36.95501,-82.1014,"Virginia","67","Ridge and Valley","SAP","H06010205","NRSA 2018-19"
"NRS18_CO_RF020","NRS18_CO_RF020",39.52723,-106.22111,"Colorado","21","Southern Rockies","WMT","H14010002","NRSA 2018-19"
"NRS18_KS_10009","NRS18_KS_10009",39.726244,-94.911221,"Kansas","47","Western Corn Belt Plains","TPL","H10240011","NRSA 2018-19"
"NRS18_KS_10113","NRS18_KS_10113",38.619953,-95.277273,"Kansas","40","Central Irregular Plains","TPL","H10290101","NRSA 2018-19"
"NRS18_MT_10107","NRS18_MT_10107",45.939538,-110.522473,"Montana","43","Northwestern Great Plains","NPL","H10070003","NRSA 2018-19"
"NRS18_NY_10279","NRS18_NY_10279",43.477614,-74.23156,"New York","58","Northeastern Highlands","NAP","H02020002","NRSA 2018-19"
"NRS18_PA_10024","NRS18_PA_10024",41.459983,-77.5098,"Pennsylvania","62","North Central Appalachians","NAP","H02050205","NRSA 2018-19"
"NRS18_MD_10018","NRS18_MD_10018",39.463564,-77.387505,"Maryland","64","Northern Piedmont","SAP","H02070009","NRSA 2018-19"
"NRS18_NJ_10020","NRS18_NJ_10020",40.812816,-75.095684,"New Jersey","67","Ridge and Valley","SAP","H02040105","NRSA 2018-19"
"NRS18_GA_10020","NRS18_GA_10020",33.513007,-84.828767,"Georgia","45","Piedmont","SAP","H03130002","NRSA 2018-19"
"NRS18_KS_10051","NRS18_KS_10051",39.060273,-94.84195,"Kansas","40","Central Irregular Plains","TPL","H10270104","NRSA 2018-19"
"NRS18_NC_10346","NRS18_NC_10346",36.072626,-77.867672,"North Carolina","65","Southeastern Plains","CPL","H03020101","NRSA 2018-19"
"NRS18_NY_10283","NRS18_NY_10283",42.811189,-74.693529,"New York","83","Eastern Great Lakes Lowlands","NAP","H02020004","NRSA 2018-19"
"NRS18_NY_10286","NRS18_NY_10286",42.691062,-75.450078,"New York","60","Northern Allegheny Plateau","NAP","H02050102","NRSA 2018-19"
"NRS18_NY_10091","NRS18_NY_10091",42.100993,-75.915938,"New York","60","Northern Allegheny Plateau","NAP","H02050102","NRSA 2018-19"
"NRS18_MS_10013","NRS18_MS_10013",31.226189,-88.791748,"Mississippi","65","Southeastern Plains","CPL","H03170005","NRSA 2018-19"
"NRS18_MT_10048","NRS18_MT_10048",45.99139,-111.463405,"Montana","17","Middle Rockies","WMT","H10030101","NRSA 2018-19"
"NRS18_MD_10632","NRS18_MD_10632",39.228435,-76.669507,"Maryland","65","Southeastern Plains","CPL","H02060003","NRSA 2018-19"
"NRS18_VA_10018","NRS18_VA_10018",37.622827,-78.344833,"Virginia","45","Piedmont","SAP","H02080203","NRSA 2018-19"
"NRS18_AL_10638","NRS18_AL_10638",32.288819,-87.291035,"Alabama","65","Southeastern Plains","CPL","H03150203","NRSA 2018-19"
"NRS18_AL_10017","NRS18_AL_10017",31.741665,-88.0956,"Alabama","65","Southeastern Plains","CPL","H03160203","NRSA 2018-19"
"NRS18_NY_10013","NRS18_NY_10013",42.161441,-75.856779,"New York","60","Northern Allegheny Plateau","NAP","H02050102","NRSA 2018-19"
"NRS18_UT_10007","NRS18_UT_10007",40.982955,-111.45065,"Utah","19","Wasatch and Uinta Mountains","WMT","H16020101","NRSA 2018-19"
"NRS18_NY_10290","NRS18_NY_10290",41.451523,-74.761507,"New York","62","North Central Appalachians","NAP","H02040104","NRSA 2018-19"
"NRS18_NY_10251","NRS18_NY_10251",43.452789,-74.861234,"New York","58","Northeastern Highlands","NAP","H02020004","NRSA 2018-19"
"NRS18_MI_10054","NRS18_MI_10054",42.859316,-84.91913,"Michigan","56","Southern Michigan/Northern Indiana Drift Plains","UMW","H04050004","NRSA 2018-19"
"NRS18_UT_10006","NRS18_UT_10006",41.592549,-111.141478,"Utah","18","Wyoming Basin","XER","H16010101","NRSA 2018-19"
"NRS18_OK_10012","NRS18_OK_10012",35.399359,-95.792648,"Oklahoma","29","Cross Timbers","SPL","H11100302","NRSA 2018-19"
"NRS18_NY_11299","NRS18_NY_11299",42.066214,-78.466178,"New York","62","North Central Appalachians","NAP","H05010001","NRSA 2018-19"
"NRS18_SD_10006","NRS18_SD_10006",45.563228,-101.548717,"South Dakota","43","Northwestern Great Plains","NPL","H10130303","NRSA 2018-19"
"NRS18_MS_10008","NRS18_MS_10008",32.086811,-90.947594,"Mississippi","74","Mississippi Valley Loess Plains","CPL","H08060202","NRSA 2018-19"
"NRS18_DE_10004","NRS18_DE_10004",39.834299,-75.577093,"Delaware","64","Northern Piedmont","SAP","H02040205","NRSA 2018-19"
"NRS18_MT_10270","NRS18_MT_10270",47.645755,-115.66095,"Montana","15","Northern Rockies","WMT","H17010213","NRSA 2018-19"
"NRS18_CA_10027","NRS18_CA_10027",38.364172,-119.444778,"California","13","Central Basin and Range","XER","H16050302","NRSA 2018-19"
"NRS18_NJ_10633","NRS18_NJ_10633",40.833348,-74.982711,"New Jersey","58","Northeastern Highlands","NAP","H02040105","NRSA 2018-19"
"NRS18_WI_10248","NRS18_WI_10248",42.903455,-90.942482,"Wisconsin","52","Driftless Area","UMW","H07060003","NRSA 2018-19"
"NRS18_ME_10011","NRS18_ME_10011",46.024304,-68.603428,"Maine","82","Acadian Plains and Hills","NAP","H01020002","NRSA 2018-19"
"NRS18_ME_10009","NRS18_ME_10009",46.032828,-68.60542,"Maine","82","Acadian Plains and Hills","NAP","H01020002","NRSA 2018-19"
"NRS18_VA_RF006","NRS18_VA_RF006",36.5483,-77.1686,"Virginia","65","Southeastern Plains","CPL","H03010204","NRSA 2018-19"
"NRS18_MS_10017","NRS18_MS_10017",32.116716,-90.877767,"Mississippi","74","Mississippi Valley Loess Plains","CPL","H08060202","NRSA 2018-19"
"NRS18_ME_10021","NRS18_ME_10021",44.774672,-67.498394,"Maine","82","Acadian Plains and Hills","NAP","H01050002","NRSA 2018-19"
"NRS18_MT_10097","NRS18_MT_10097",48.786305,-115.995023,"Montana","15","Northern Rockies","WMT","H17010103","NRSA 2018-19"
"NRS18_UT_10039","NRS18_UT_10039",40.339104,-110.303291,"Utah","20","Colorado Plateaus","XER","H14060003","NRSA 2018-19"
"NRS18_MD_10481","NRS18_MD_10481",39.656817,-78.409772,"Maryland","67","Ridge and Valley","SAP","H02070003","NRSA 2018-19"
"NRS18_MI_10982","NRS18_MI_10982",41.880513,-85.651271,"Michigan","56","Southern Michigan/Northern Indiana Drift Plains","UMW","H04050001","NRSA 2018-19"
"NRS18_MS_10016","NRS18_MS_10016",33.601882,-88.840108,"Mississippi","65","Southeastern Plains","CPL","H03160104","NRSA 2018-19"
"NRS18_NC_10035","NRS18_NC_10035",35.355144,-83.02466,"North Carolina","66","Blue Ridge","SAP","H06010203","NRSA 2018-19"
"NRS18_SD_10009","NRS18_SD_10009",45.7285,-101.984377,"South Dakota","43","Northwestern Great Plains","NPL","H10130303","NRSA 2018-19"
"NRS18_MT_10603","NRS18_MT_10603",47.290457,-110.902824,"Montana","43","Northwestern Great Plains","NPL","H10030105","NRSA 2018-19"
"NRS18_WI_10841","NRS18_WI_10841",43.784339,-89.957215,"Wisconsin","51","North Central Hardwood Forests","UMW","H07070003","NRSA 2018-19"
"NRS18_KS_10106","NRS18_KS_10106",39.653173,-98.881441,"Kansas","27","Central Great Plains","SPL","H10260012","NRSA 2018-19"
"NRS18_CT_10020","NRS18_CT_10020",41.431005,-72.444278,"Connecticut","59","Northeastern Coastal Zone","NAP","H01080205","NRSA 2018-19"
"NRS18_NE_10544","NRS18_NE_10544",42.347642,-98.097922,"Nebraska","42","Northwestern Glaciated Plains","NPL","H10150007","NRSA 2018-19"
"NRS18_WI_10018","NRS18_WI_10018",46.510681,-90.708704,"Wisconsin","50","Northern Lakes and Forests","UMW","H04010302","NRSA 2018-19"
"NRS18_MI_10077","NRS18_MI_10077",44.020624,-82.990658,"Michigan","57","Huron/Erie Lake Plains","TPL","H04080103","NRSA 2018-19"
"NRS18_WI_10026","NRS18_WI_10026",44.422197,-92.081924,"Wisconsin","52","Driftless Area","UMW","H07050005","NRSA 2018-19"
"NRS18_PA_10013","NRS18_PA_10013",41.288706,-77.341228,"Pennsylvania","62","North Central Appalachians","NAP","H02050205","NRSA 2018-19"
"NRS18_NV_10025","NRS18_NV_10025",39.491596,-119.993691,"Nevada","5","Sierra Nevada","WMT","H16050102","NRSA 2018-19"
"NRS18_NE_10075","NRS18_NE_10075",41.210678,-98.110819,"Nebraska","27","Central Great Plains","SPL","H10200103","NRSA 2018-19"
"NRS18_MN_10035","NRS18_MN_10035",47.307331,-93.831958,"Minnesota","50","Northern Lakes and Forests","UMW","H07010101","NRSA 2018-19"
"NRS18_ND_10676","NRS18_ND_10676",47.115919,-103.577316,"North Dakota","43","Northwestern Great Plains","NPL","H10110203","NRSA 2018-19"
"NRS18_PA_10009","NRS18_PA_10009",41.922584,-77.129228,"Pennsylvania","60","Northern Allegheny Plateau","NAP","H02050104","NRSA 2018-19"
"NRS18_SD_11901","NRS18_SD_11901",45.676091,-100.786098,"South Dakota","43","Northwestern Great Plains","NPL","H10130303","NRSA 2018-19"
"NRS18_ND_10033","NRS18_ND_10033",47.580584,-103.210438,"North Dakota","43","Northwestern Great Plains","NPL","H10110205","NRSA 2018-19"
"NRS18_KS_10101","NRS18_KS_10101",38.057084,-95.635418,"Kansas","40","Central Irregular Plains","TPL","H11070204","NRSA 2018-19"
"NRS18_NC_10016","NRS18_NC_10016",35.936038,-78.570826,"North Carolina","45","Piedmont","SAP","H03020201","NRSA 2018-19"
"NRS18_SD_10005","NRS18_SD_10005",43.070132,-98.800398,"South Dakota","42","Northwestern Glaciated Plains","NPL","H10140101","NRSA 2018-19"
"NRS18_NC_10897","NRS18_NC_10897",35.996645,-80.336835,"North Carolina","45","Piedmont","SAP","H03040101","NRSA 2018-19"
"NRS18_MN_10064","NRS18_MN_10064",47.23335,-94.092888,"Minnesota","50","Northern Lakes and Forests","UMW","H07010102","NRSA 2018-19"
"NRS18_WI_10025","NRS18_WI_10025",45.266862,-91.70865,"Wisconsin","51","North Central Hardwood Forests","UMW","H07050007","NRSA 2018-19"
"NRS18_NC_10038","NRS18_NC_10038",34.329292,-79.036425,"North Carolina","65","Southeastern Plains","CPL","H03040203","NRSA 2018-19"
"NRS18_SD_10065","NRS18_SD_10065",43.810087,-100.89714,"South Dakota","43","Northwestern Great Plains","NPL","H10140202","NRSA 2018-19"
"NRS18_ND_10049","NRS18_ND_10049",46.799719,-101.106841,"North Dakota","43","Northwestern Great Plains","NPL","H10130203","NRSA 2018-19"
"NRS18_NC_10017","NRS18_NC_10017",35.318697,-82.017247,"North Carolina","45","Piedmont","SAP","H03050105","NRSA 2018-19"
"NRS18_NC_10007","NRS18_NC_10007",36.214917,-80.960293,"North Carolina","45","Piedmont","SAP","H03040101","NRSA 2018-19"
"NRS18_KS_10027","NRS18_KS_10027",39.019914,-97.6211,"Kansas","27","Central Great Plains","SPL","H10260015","NRSA 2018-19"
"NRS18_KS_10097","NRS18_KS_10097",37.761165,-94.956204,"Kansas","40","Central Irregular Plains","TPL","H10290104","NRSA 2018-19"
"NRS18_MN_10261","NRS18_MN_10261",46.921367,-92.052639,"Minnesota","50","Northern Lakes and Forests","UMW","H04010102","NRSA 2018-19"
"NRS18_KS_10050","NRS18_KS_10050",39.495226,-97.231902,"Kansas","27","Central Great Plains","SPL","H10250017","NRSA 2018-19"
