metric_key,display_name,short_name,description,units,category,epa_short_name,source_cycle,name_origin
bent_AMPHNTAX,No. of Amphipoda taxa,No. of Amphipoda taxa,No. of Amphipoda taxa,,Benthic macroinvertebrates,AMPHNTAX,2324,epa_metadata
bent_AMPHPIND,% Amphipoda individuals,% Amphipoda individuals,% Amphipoda individuals,,Benthic macroinvertebrates,AMPHPIND,2324,epa_metadata
bent_AMPHPTAX,% Amphipoda taxa,% Amphipoda taxa,% Amphipoda taxa,,Benthic macroinvertebrates,AMPHPTAX,2324,epa_metadata
bent_BURRNTAX,No. of Burrowers taxa,No. of Burrowers taxa,No. of Burrowers taxa,,Benthic macroinvertebrates,BURRNTAX,2324,epa_metadata
bent_BURRPIND,% Burrowers individuals,% Burrowers individuals,% Burrowers individuals,,Benthic macroinvertebrates,BURRPIND,2324,epa_metadata
bent_BURRPTAX,% Burrowers taxa,% Burrowers taxa,% Burrowers taxa,,Benthic macroinvertebrates,BURRPTAX,2324,epa_metadata
bent_CHIRDOM1PIND,% individuals in most abundant distinct Chironomidae taxon,% individuals in most abundant...,% individuals in most abundant distinct Chironomidae taxon,,Benthic macroinvertebrates,CHIRDOM1PIND,2324,epa_metadata
bent_CHIRDOM3PIND,% individuals in most abundant 3 distinct Chironomidae taxa,% individuals in most abundant 3...,% individuals in most abundant 3 distinct Chironomidae taxa,,Benthic macroinvertebrates,CHIRDOM3PIND,2324,epa_metadata
bent_CHIRDOM5PIND,% individuals in most abundant 5 distinct Chironomidae taxa,% individuals in most abundant 5...,% individuals in most abundant 5 distinct Chironomidae taxa,,Benthic macroinvertebrates,CHIRDOM5PIND,2324,epa_metadata
bent_CHIRNTAX,No. of Chironomidae taxa,No. of Chironomidae taxa,No. of Chironomidae taxa,,Benthic macroinvertebrates,CHIRNTAX,2324,epa_metadata
bent_CHIRPIND,% Chironomidae individuals,% Chironomidae individuals,% Chironomidae individuals,,Benthic macroinvertebrates,CHIRPIND,2324,epa_metadata
bent_CHIRPTAX,% Chironomidae taxa,% Chironomidae taxa,% Chironomidae taxa,,Benthic macroinvertebrates,CHIRPTAX,2324,epa_metadata
bent_CLMBNTAX,No. of Climbers taxa,No. of Climbers taxa,No. of Climbers taxa,,Benthic macroinvertebrates,CLMBNTAX,2324,epa_metadata
bent_CLMBPIND,% Climbers individuals,% Climbers individuals,% Climbers individuals,,Benthic macroinvertebrates,CLMBPIND,2324,epa_metadata
bent_CLMBPTAX,% Climbers taxa,% Climbers taxa,% Climbers taxa,,Benthic macroinvertebrates,CLMBPTAX,2324,epa_metadata
bent_CLNGNTAX,No. of Clingers taxa,No. of Clingers taxa,No. of Clingers taxa,,Benthic macroinvertebrates,CLNGNTAX,2324,epa_metadata
bent_CLNGPIND,% Clingers individuals,% Clingers individuals,% Clingers individuals,,Benthic macroinvertebrates,CLNGPIND,2324,epa_metadata
bent_CLNGPTAX,% Clingers taxa,% Clingers taxa,% Clingers taxa,,Benthic macroinvertebrates,CLNGPTAX,2324,epa_metadata
bent_COFINTAX,No. of Collecter-filterer taxa,No. of Collecter-filterer taxa,No. of Collecter-filterer taxa,,Benthic macroinvertebrates,COFINTAX,2324,epa_metadata
bent_COFIPIND,% Collecter-filterer individuals,% Collecter-filterer individuals,% Collecter-filterer individuals,,Benthic macroinvertebrates,COFIPIND,2324,epa_metadata
bent_COFIPTAX,% Collecter-filterer taxa,% Collecter-filterer taxa,% Collecter-filterer taxa,,Benthic macroinvertebrates,COFIPTAX,2324,epa_metadata
bent_COFITRICNTAX,No. of Collector-filterer Trichoptera taxa,No. of Collector-filterer...,No. of Collector-filterer Trichoptera taxa,,Benthic macroinvertebrates,COFITRICNTAX,2324,epa_metadata
bent_COFITRICPIND,% Collector-filterer Trichoptera individuals,% Collector-filterer Trichoptera...,% Collector-filterer Trichoptera individuals,,Benthic macroinvertebrates,COFITRICPIND,2324,epa_metadata
bent_COFITRICPTAX,% Collector-filterer Trichoptera taxa,% Collector-filterer Trichoptera...,% Collector-filterer Trichoptera taxa,,Benthic macroinvertebrates,COFITRICPTAX,2324,epa_metadata
bent_COGANTAX,No. of Collecter-gatherer taxa,No. of Collecter-gatherer taxa,No. of Collecter-gatherer taxa,,Benthic macroinvertebrates,COGANTAX,2324,epa_metadata
bent_COGAPIND,% Collecter-gatherer individuals,% Collecter-gatherer individuals,% Collecter-gatherer individuals,,Benthic macroinvertebrates,COGAPIND,2324,epa_metadata
bent_COGAPTAX,% Collecter-gatherer taxa,% Collecter-gatherer taxa,% Collecter-gatherer taxa,,Benthic macroinvertebrates,COGAPTAX,2324,epa_metadata
bent_CRUSNTAX,No. of Crustaceans taxa,No. of Crustaceans taxa,No. of Crustaceans taxa,,Benthic macroinvertebrates,CRUSNTAX,2324,epa_metadata
bent_CRUSPIND,% Crustaceans individuals,% Crustaceans individuals,% Crustaceans individuals,,Benthic macroinvertebrates,CRUSPIND,2324,epa_metadata
bent_CRUSPTAX,% Crustaceans taxa,% Crustaceans taxa,% Crustaceans taxa,,Benthic macroinvertebrates,CRUSPTAX,2324,epa_metadata
bent_DIPTNTAX,No. of Diptera taxa,No. of Diptera taxa,No. of Diptera taxa,,Benthic macroinvertebrates,DIPTNTAX,2324,epa_metadata
bent_DIPTPIND,% Diptera individuals,% Diptera individuals,% Diptera individuals,,Benthic macroinvertebrates,DIPTPIND,2324,epa_metadata
bent_DIPTPTAX,% Diptera taxa,% Diptera taxa,% Diptera taxa,,Benthic macroinvertebrates,DIPTPTAX,2324,epa_metadata
bent_DOM1PIND,% individuals in dominant distinct taxon,% individuals in dominant distinct...,% individuals in dominant distinct taxon,,Benthic macroinvertebrates,DOM1PIND,2324,epa_metadata
bent_DOM3PIND,% individuals in dominant 3 distinct taxa,% individuals in dominant 3...,% individuals in dominant 3 distinct taxa,,Benthic macroinvertebrates,DOM3PIND,2324,epa_metadata
bent_DOM5PIND,% individuals in dominant 5 distinct taxa,% individuals in dominant 5...,% individuals in dominant 5 distinct taxa,,Benthic macroinvertebrates,DOM5PIND,2324,epa_metadata
bent_EPHENTAX,No. of Ephemeroptera taxa,No. of Ephemeroptera taxa,No. of Ephemeroptera taxa,,Benthic macroinvertebrates,EPHENTAX,2324,epa_metadata
bent_EPHEPIND,% Ephemeroptera individuals,% Ephemeroptera individuals,% Ephemeroptera individuals,,Benthic macroinvertebrates,EPHEPIND,2324,epa_metadata
bent_EPHEPTAX,% Ephemeroptera taxa,% Ephemeroptera taxa,% Ephemeroptera taxa,,Benthic macroinvertebrates,EPHEPTAX,2324,epa_metadata
bent_EPOTNTAX,"No. of Ephemeroptera, Plecoptera, Odonata, & Trichoptera taxa","No. of Ephemeroptera, Plecoptera...","No. of Ephemeroptera, Plecoptera, Odonata, & Trichoptera taxa",,Benthic macroinvertebrates,EPOTNTAX,2324,epa_metadata
bent_EPOTPIND,"% Ephemeroptera, Plecoptera, Odonata, & Trichoptera individuals","% Ephemeroptera, Plecoptera...","% Ephemeroptera, Plecoptera, Odonata, & Trichoptera individuals",,Benthic macroinvertebrates,EPOTPIND,2324,epa_metadata
bent_EPOTPTAX,"% Ephemeroptera, Plecoptera, Odonata, & Trichoptera taxa","% Ephemeroptera, Plecoptera...","% Ephemeroptera, Plecoptera, Odonata, & Trichoptera taxa",,Benthic macroinvertebrates,EPOTPTAX,2324,epa_metadata
bent_EPT_NTAX,EPT taxa richness,EPT taxa richness,EPT (mayfly/stonefly/caddisfly) taxa richness; more sensitive taxa indicate better condition.,,Benthic macroinvertebrates,EPT_NTAX,2324,metric_map
bent_EPT_PIND,% EPT individuals,% EPT individuals,% EPT individuals,,Benthic macroinvertebrates,EPT_PIND,2324,epa_metadata
bent_EPT_PTAX,% EPT taxa,% EPT taxa,% EPT taxa,,Benthic macroinvertebrates,EPT_PTAX,2324,epa_metadata
bent_FACLNTAX,No. of Facultative (3< PTV <7) taxa,No. of Facultative (3< PTV <7)...,No. of Facultative (3< PTV <7) taxa,,Benthic macroinvertebrates,FACLNTAX,2324,epa_metadata
bent_FACLPIND,% Facultative (3< PTV <7) individuals,% Facultative (3< PTV <7)...,% Facultative (3< PTV <7) individuals,,Benthic macroinvertebrates,FACLPIND,2324,epa_metadata
bent_FACLPTAX,% Facultative (3< PTV <7) taxa,% Facultative (3< PTV <7) taxa,% Facultative (3< PTV <7) taxa,,Benthic macroinvertebrates,FACLPTAX,2324,epa_metadata
bent_HEMINTAX,No. of Hemiptera taxa,No. of Hemiptera taxa,No. of Hemiptera taxa,,Benthic macroinvertebrates,HEMINTAX,2324,epa_metadata
bent_HEMIPIND,% Hemiptera individuals,% Hemiptera individuals,% Hemiptera individuals,,Benthic macroinvertebrates,HEMIPIND,2324,epa_metadata
bent_HEMIPTAX,% Hemiptera taxa,% Hemiptera taxa,% Hemiptera taxa,,Benthic macroinvertebrates,HEMIPTAX,2324,epa_metadata
bent_HPRIME,Shannon diversity (H'),Shannon diversity (H'),Benthic Shannon diversity; higher diversity indicates better condition.,,Benthic macroinvertebrates,HPRIME,2324,metric_map
bent_INTLNTAX,No. of Intolerant (PTV<=3) taxa,No. of Intolerant (PTV<=3) taxa,No. of Intolerant (PTV<=3) taxa,,Benthic macroinvertebrates,INTLNTAX,2324,epa_metadata
bent_INTLPIND,% Intolerant (PTV<=3) individuals,% Intolerant (PTV<=3) individuals,% Intolerant (PTV<=3) individuals,,Benthic macroinvertebrates,INTLPIND,2324,epa_metadata
bent_INTLPTAX,% Intolerant (PTV<=3) taxa,% Intolerant (PTV<=3) taxa,% Intolerant (PTV<=3) taxa,,Benthic macroinvertebrates,INTLPTAX,2324,epa_metadata
bent_MITENTAX,No. of Mite taxa,No. of Mite taxa,No. of Mite taxa,,Benthic macroinvertebrates,MITENTAX,2324,epa_metadata
bent_MITEPIND,% Mite individuals,% Mite individuals,% Mite individuals,,Benthic macroinvertebrates,MITEPIND,2324,epa_metadata
bent_MITEPTAX,% Mite taxa,% Mite taxa,% Mite taxa,,Benthic macroinvertebrates,MITEPTAX,2324,epa_metadata
bent_MOLLNTAX,No. of Mollusca taxa,No. of Mollusca taxa,No. of Mollusca taxa,,Benthic macroinvertebrates,MOLLNTAX,2324,epa_metadata
bent_MOLLPIND,% Mollusca individuals,% Mollusca individuals,% Mollusca individuals,,Benthic macroinvertebrates,MOLLPIND,2324,epa_metadata
bent_MOLLPTAX,% Mollusca taxa,% Mollusca taxa,% Mollusca taxa,,Benthic macroinvertebrates,MOLLPTAX,2324,epa_metadata
bent_NOINNTAX,No. of Non-insects taxa,No. of Non-insects taxa,No. of Non-insects taxa,,Benthic macroinvertebrates,NOINNTAX,2324,epa_metadata
bent_NOINPIND,% Non-insects individuals,% Non-insects individuals,% Non-insects individuals,,Benthic macroinvertebrates,NOINPIND,2324,epa_metadata
bent_NOINPTAX,% Non-insects taxa,% Non-insects taxa,% Non-insects taxa,,Benthic macroinvertebrates,NOINPTAX,2324,epa_metadata
bent_NTOLNTAX,No. of non-tolerants (PTV<6) taxa,No. of non-tolerants (PTV<6) taxa,No. of non-tolerants (PTV<6) taxa,,Benthic macroinvertebrates,NTOLNTAX,2324,epa_metadata
bent_NTOLPIND,% non-tolerants (PTV<6) individuals,% non-tolerants (PTV<6)...,% non-tolerants (PTV<6) individuals,,Benthic macroinvertebrates,NTOLPIND,2324,epa_metadata
bent_NTOLPTAX,% non-tolerants (PTV<6) taxa,% non-tolerants (PTV<6) taxa,% non-tolerants (PTV<6) taxa,,Benthic macroinvertebrates,NTOLPTAX,2324,epa_metadata
bent_ODONNTAX,No. of Odonata taxa,No. of Odonata taxa,No. of Odonata taxa,,Benthic macroinvertebrates,ODONNTAX,2324,epa_metadata
bent_ODONPIND,% Odonata individuals,% Odonata individuals,% Odonata individuals,,Benthic macroinvertebrates,ODONPIND,2324,epa_metadata
bent_ODONPTAX,% Odonata taxa,% Odonata taxa,% Odonata taxa,,Benthic macroinvertebrates,ODONPTAX,2324,epa_metadata
bent_OLLENTAX,No. of Oligochaete and leech taxa,No. of Oligochaete and leech taxa,No. of Oligochaete and leech taxa,,Benthic macroinvertebrates,OLLENTAX,2324,epa_metadata
bent_OLLEPIND,% Oligochaete and leech individuals,% Oligochaete and leech...,% Oligochaete and leech individuals,,Benthic macroinvertebrates,OLLEPIND,2324,epa_metadata
bent_OLLEPTAX,% Oligochaete and leech taxa,% Oligochaete and leech taxa,% Oligochaete and leech taxa,,Benthic macroinvertebrates,OLLEPTAX,2324,epa_metadata
bent_ORTHCHIRPIND,% Chironomidae individuals in Orthocladiinae,% Chironomidae individuals in...,% Chironomidae individuals in Orthocladiinae,,Benthic macroinvertebrates,ORTHCHIRPIND,2324,epa_metadata
bent_ORTHNTAX,No. of Orthocladiinae chironomid taxa,No. of Orthocladiinae chironomid...,No. of Orthocladiinae chironomid taxa,,Benthic macroinvertebrates,ORTHNTAX,2324,epa_metadata
bent_ORTHPIND,% Orthocladiinae chironomid individuals,% Orthocladiinae chironomid...,% Orthocladiinae chironomid individuals,,Benthic macroinvertebrates,ORTHPIND,2324,epa_metadata
bent_ORTHPTAX,% Orthocladiinae chironomid taxa,% Orthocladiinae chironomid taxa,% Orthocladiinae chironomid taxa,,Benthic macroinvertebrates,ORTHPTAX,2324,epa_metadata
bent_PLECNTAX,No. of Plecoptera taxa,No. of Plecoptera taxa,No. of Plecoptera taxa,,Benthic macroinvertebrates,PLECNTAX,2324,epa_metadata
bent_PLECPIND,% Plecoptera individuals,% Plecoptera individuals,% Plecoptera individuals,,Benthic macroinvertebrates,PLECPIND,2324,epa_metadata
bent_PLECPTAX,% Plecoptera taxa,% Plecoptera taxa,% Plecoptera taxa,,Benthic macroinvertebrates,PLECPTAX,2324,epa_metadata
bent_PREDNTAX,No. of Predators taxa,No. of Predators taxa,No. of Predators taxa,,Benthic macroinvertebrates,PREDNTAX,2324,epa_metadata
bent_PREDPIND,% Predators individuals,% Predators individuals,% Predators individuals,,Benthic macroinvertebrates,PREDPIND,2324,epa_metadata
bent_PREDPTAX,% Predators taxa,% Predators taxa,% Predators taxa,,Benthic macroinvertebrates,PREDPTAX,2324,epa_metadata
bent_SCRPNTAX,No. of Scrapers taxa,No. of Scrapers taxa,No. of Scrapers taxa,,Benthic macroinvertebrates,SCRPNTAX,2324,epa_metadata
bent_SCRPPIND,% Scrapers individuals,% Scrapers individuals,% Scrapers individuals,,Benthic macroinvertebrates,SCRPPIND,2324,epa_metadata
bent_SCRPPTAX,% Scrapers taxa,% Scrapers taxa,% Scrapers taxa,,Benthic macroinvertebrates,SCRPPTAX,2324,epa_metadata
bent_SHRDNTAX,No. of Shredders taxa,No. of Shredders taxa,No. of Shredders taxa,,Benthic macroinvertebrates,SHRDNTAX,2324,epa_metadata
bent_SHRDPIND,% Shredders individuals,% Shredders individuals,% Shredders individuals,,Benthic macroinvertebrates,SHRDPIND,2324,epa_metadata
bent_SHRDPTAX,% Shredders taxa,% Shredders taxa,% Shredders taxa,,Benthic macroinvertebrates,SHRDPTAX,2324,epa_metadata
bent_SPWLNTAX,No. of Sprawlers taxa,No. of Sprawlers taxa,No. of Sprawlers taxa,,Benthic macroinvertebrates,SPWLNTAX,2324,epa_metadata
bent_SPWLPIND,% Sprawlers individuals,% Sprawlers individuals,% Sprawlers individuals,,Benthic macroinvertebrates,SPWLPIND,2324,epa_metadata
bent_SPWLPTAX,% Sprawlers taxa,% Sprawlers taxa,% Sprawlers taxa,,Benthic macroinvertebrates,SPWLPTAX,2324,epa_metadata
bent_STOLNTAX,No. of taxa with PTV>=8,No. of taxa with PTV>=8,No. of taxa with PTV>=8,,Benthic macroinvertebrates,STOLNTAX,2324,epa_metadata
bent_STOLPIND,% Individuals with PTV>=8,% Individuals with PTV>=8,% Individuals with PTV>=8,,Benthic macroinvertebrates,STOLPIND,2324,epa_metadata
bent_STOLPTAX,% taxa with PTV>=8,% taxa with PTV>=8,% taxa with PTV>=8,,Benthic macroinvertebrates,STOLPTAX,2324,epa_metadata
bent_SWIMNTAX,No. of Swimmers taxa,No. of Swimmers taxa,No. of Swimmers taxa,,Benthic macroinvertebrates,SWIMNTAX,2324,epa_metadata
bent_SWIMPIND,% Swimmers individuals,% Swimmers individuals,% Swimmers individuals,,Benthic macroinvertebrates,SWIMPIND,2324,epa_metadata
bent_SWIMPTAX,% Swimmers taxa,% Swimmers taxa,% Swimmers taxa,,Benthic macroinvertebrates,SWIMPTAX,2324,epa_metadata
bent_TANYNTAX,No. of Tanytarsini taxa,No. of Tanytarsini taxa,No. of Tanytarsini taxa,,Benthic macroinvertebrates,TANYNTAX,2324,epa_metadata
bent_TANYPIND,% Tanytarsini individuals,% Tanytarsini individuals,% Tanytarsini individuals,,Benthic macroinvertebrates,TANYPIND,2324,epa_metadata
bent_TANYPTAX,% Tanytarsini taxa,% Tanytarsini taxa,% Tanytarsini taxa,,Benthic macroinvertebrates,TANYPTAX,2324,epa_metadata
bent_TL01NTAX,No. of taxa with PTV<2,No. of taxa with PTV<2,No. of taxa with PTV<2,,Benthic macroinvertebrates,TL01NTAX,2324,epa_metadata
bent_TL01PIND,% Individuals with PTV <2,% Individuals with PTV <2,% Individuals with PTV <2,,Benthic macroinvertebrates,TL01PIND,2324,epa_metadata
bent_TL01PTAX,% taxa with PTV<2,% taxa with PTV<2,% taxa with PTV<2,,Benthic macroinvertebrates,TL01PTAX,2324,epa_metadata
bent_TL23NTAX,No. taxa with PTV >=2 & <4,No. taxa with PTV >=2 & <4,No. taxa with PTV >=2 & <4,,Benthic macroinvertebrates,TL23NTAX,2324,epa_metadata
bent_TL23PIND,% individuals with PTV >=2 & <4,% individuals with PTV >=2 & <4,% individuals with PTV >=2 & <4,,Benthic macroinvertebrates,TL23PIND,2324,epa_metadata
bent_TL23PTAX,% taxa with PTV>=2 & <4,% taxa with PTV>=2 & <4,% taxa with PTV>=2 & <4,,Benthic macroinvertebrates,TL23PTAX,2324,epa_metadata
bent_TL45NTAX,No. taxa with PTV >=4 & <6,No. taxa with PTV >=4 & <6,No. taxa with PTV >=4 & <6,,Benthic macroinvertebrates,TL45NTAX,2324,epa_metadata
bent_TL45PIND,% individuals with PTV >=4 & <6,% individuals with PTV >=4 & <6,% individuals with PTV >=4 & <6,,Benthic macroinvertebrates,TL45PIND,2324,epa_metadata
bent_TL45PTAX,% taxa with PTV>=4 & <6,% taxa with PTV>=4 & <6,% taxa with PTV>=4 & <6,,Benthic macroinvertebrates,TL45PTAX,2324,epa_metadata
bent_TL67NTAX,No. taxa with PTV >=6 & <8,No. taxa with PTV >=6 & <8,No. taxa with PTV >=6 & <8,,Benthic macroinvertebrates,TL67NTAX,2324,epa_metadata
bent_TL67PIND,% individuals with PTV >=6 & <8,% individuals with PTV >=6 & <8,% individuals with PTV >=6 & <8,,Benthic macroinvertebrates,TL67PIND,2324,epa_metadata
bent_TL67PTAX,% taxa with PTV>=6 & <8,% taxa with PTV>=6 & <8,% taxa with PTV>=6 & <8,,Benthic macroinvertebrates,TL67PTAX,2324,epa_metadata
bent_TOLRNTAX,No. of Tolerant (PTV>=7) taxa,No. of Tolerant (PTV>=7) taxa,No. of Tolerant (PTV>=7) taxa,,Benthic macroinvertebrates,TOLRNTAX,2324,epa_metadata
bent_TOLRPIND,Tolerant individuals (%) ~ HBI,Tolerant individuals (%) ~ HBI,Percent tolerant individuals; a higher share of pollution-tolerant taxa indicates worse condition.,,Benthic macroinvertebrates,TOLRPIND,2324,metric_map
bent_TOLRPTAX,% Tolerant (PTV>=7) taxa,% Tolerant (PTV>=7) taxa,% Tolerant (PTV>=7) taxa,,Benthic macroinvertebrates,TOLRPTAX,2324,epa_metadata
bent_TOTLNIND,Number of individuals in sample,Number of individuals in sample,Number of individuals in sample,,Benthic macroinvertebrates,TOTLNIND,2324,epa_metadata
bent_TOTLNTAX,Benthic total taxa richness,Benthic total taxa richness,Total benthic taxa richness; higher is better.,,Benthic macroinvertebrates,TOTLNTAX,2324,metric_map
bent_TRICNTAX,No. of Trichoptera taxa,No. of Trichoptera taxa,No. of Trichoptera taxa,,Benthic macroinvertebrates,TRICNTAX,2324,epa_metadata
bent_TRICPIND,% Trichoptera individuals,% Trichoptera individuals,% Trichoptera individuals,,Benthic macroinvertebrates,TRICPIND,2324,epa_metadata
bent_TRICPTAX,% Trichoptera taxa,% Trichoptera taxa,% Trichoptera taxa,,Benthic macroinvertebrates,TRICPTAX,2324,epa_metadata
bent_TUBINAIDNTAX,No. of Tubificidae and Naididae taxa,No. of Tubificidae and Naididae...,No. of Tubificidae and Naididae taxa,,Benthic macroinvertebrates,TUBINAIDNTAX,2324,epa_metadata
bent_TUBINAIDPIND,% Tubificidae and Naididae individuals,% Tubificidae and Naididae...,% Tubificidae and Naididae individuals,,Benthic macroinvertebrates,TUBINAIDPIND,2324,epa_metadata
bent_TUBINAIDPTAX,% Tubificidae and Naididae taxa,% Tubificidae and Naididae taxa,% Tubificidae and Naididae taxa,,Benthic macroinvertebrates,TUBINAIDPTAX,2324,epa_metadata
bent_WTD_TV,"Hilsenhoff Biotic Index (HBI), sum of TV_i*prop_i, where TV_i=tolerance value for species i and prop_i=proportion of taxon i in sample","Hilsenhoff Biotic Index (HBI), sum...","Hilsenhoff Biotic Index (HBI), sum of TV_i*prop_i, where TV_i=tolerance value for species i and prop_i=proportion of taxon i in sample, based on all taxa in sample",,Benthic macroinvertebrates,WTD_TV,2324,epa_metadata
bfi,Base-flow index,Base-flow index,"Base-flow index (% of streamflow from baseflow); a higher baseflow share indicates a more stable, groundwater-supported flow regime. Moderate confidence: hydrogeology sets the baseline, so a naturally flashy till catchment reads low without being degraded (see the natural-context criterion below). Scored because flow alteration and withdrawal also move it.",%,Landscape,bfi,,metric_map
chem_AMMONIA_N,Ammonia,Ammonia,Analyte value: ammonia,mg N/L,Water chemistry,AMMONIA_N_RESULT,2324,epa_metadata
chem_ANC,Acid neutralizing capacity,Acid neutralizing capacity,Analyte value: acid neutralizing capacity,uEQ/L,Water chemistry,ANC_RESULT,2324,curated
chem_CALCIUM,Calcium,Calcium,Analyte value: calcium,mg/L,Water chemistry,CALCIUM_RESULT,2324,epa_metadata
chem_CHLA,Chlorophyll a,Chlorophyll a,Chlorophyll a; higher indicates algal enrichment/eutrophication (worse).,ug/L,Water chemistry,CHLA_RESULT,2324,metric_map
chem_CHLORIDE,Chloride,Chloride,Analyte value: chloride,mg/L,Water chemistry,CHLORIDE_RESULT,2324,epa_metadata
chem_COLOR,Color,Color,Analyte value: color,APHA PT-CO,Water chemistry,COLOR_RESULT,2324,epa_metadata
chem_COND,Specific conductivity,Specific conductivity,Specific conductance; higher indicates ionic disturbance (worse).,uS/cm,Water chemistry,COND_RESULT,2324,metric_map
chem_DOC,Dissolved organic carbon,Dissolved organic carbon,"Dissolved organic carbon stays unscored: low DOC is clear natural water and high DOC is often natural wetland influence, so scoring it in either direction (or two-sided) would penalize natural streams. Kept as regional context. Owner decision at the Northeastern Highlands review gate.",mg/L,Water chemistry,DOC_RESULT,2324,metric_map
chem_MAGNESIUM,Magnesium,Magnesium,Analyte value: magnesium,mg/L,Water chemistry,MAGNESIUM_RESULT,2324,epa_metadata
chem_NITRATE_N,Nitrate,Nitrate,Analyte value: nitrate,mg N/L,Water chemistry,NITRATE_N_RESULT,2324,epa_metadata
chem_NITRATE_NITRITE_N,Nitrate-nitrite,Nitrate-nitrite,Analyte value: nitrate-nitrite,mg N/L,Water chemistry,NITRATE_NITRITE_N_RESULT,2324,epa_metadata
chem_NITRITE_N,Nitrite,Nitrite,Analyte value: nitrite,mg N/L,Water chemistry,NITRITE_N_RESULT,2324,epa_metadata
chem_NTL,Total Nitrogen,Total Nitrogen,Total Nitrogen,mg N/L,Water chemistry,NTL_RESULT,2324,epa_metadata
chem_NTL_DISS,Dissolved nitrogen,Dissolved nitrogen,Dissolved nitrogen; higher indicates nutrient enrichment (worse).,mg N/L,Water chemistry,NTL_DISS_RESULT,1819,metric_map
chem_PH,pH,pH,"pH degrades condition at BOTH extremes. Two-sided (optimum) curve: scored 1.0 across the reference interquartile core, falling in both tails.",std units,Water chemistry,PH_RESULT,2324,metric_map
chem_PHEO,Pheophytin,Pheophytin,Analyte value: Pheophytin,,Water chemistry,PHEO_RESULT,1819,epa_metadata
chem_POTASSIUM,Potassium,Potassium,Analyte value: potassium,mg/L,Water chemistry,POTASSIUM_RESULT,2324,epa_metadata
chem_PTL,Total phosphorus,Total phosphorus,Total phosphorus; higher indicates nutrient enrichment (worse).,ug/L,Water chemistry,PTL_RESULT,2324,metric_map
chem_PTL_DISS,Dissolved Total Phosphorus,Dissolved Total Phosphorus,Analyte value: Dissolved Total Phosphorus,ug/L,Water chemistry,PTL_DISS_RESULT,1819,epa_metadata
chem_SILICA,Silica,Silica,Analyte value: silica,mg/L,Water chemistry,SILICA_RESULT,2324,epa_metadata
chem_SODIUM,Sodium,Sodium,Analyte value: sodium,mg/L,Water chemistry,SODIUM_RESULT,2324,epa_metadata
chem_SULFATE,Sulfate,Sulfate,Analyte value: sulfate,mg/L,Water chemistry,SULFATE_RESULT,2324,epa_metadata
chem_TKN,Total Kjeldahl Nitrogen,Total Kjeldahl Nitrogen,Analyte value: Total Kjeldahl Nitrogen,mg N/L,Water chemistry,TKN_RESULT,1819,epa_metadata
chem_TSS,Total Suspended Solids,Total Suspended Solids,Total Suspended Solids,mg/L,Water chemistry,TSS_RESULT,2324,epa_metadata
chem_TURB,Turbidity,Turbidity,Turbidity; higher indicates more suspended sediment (worse).,NTU,Water chemistry,TURB_RESULT,2324,metric_map
clay,Clay content,Clay content,,%,Landscape,clay,,streamcat
damdens,Dam density,Dam density,Dam density (dams per sq km); impoundment alters the natural flow regime and fragments the network.,per sq km,Landscape,damdens,,metric_map
elev,Mean watershed elevation,Mean watershed elevation,Mean watershed elevation; physiographic scaling context. Predictor only.,m,Landscape,elev,,metric_map
fert,Fertilizer nitrogen (kg N/ha/yr),Fertilizer nitrogen (kg N/ha/yr),,,Landscape,fert,,streamcat
fish_ALIENNTAX,Number of non-native (alien) taxa,Number of non-native (alien) taxa,Number of non-native (alien) taxa,,Fish,ALIENNTAX,2324,epa_metadata
fish_ALIENPIND,% alien individuals,% alien individuals,% alien individuals,,Fish,ALIENPIND,2324,epa_metadata
fish_ALIENPTAX,% alien taxa,% alien taxa,% alien taxa,,Fish,ALIENPTAX,2324,epa_metadata
fish_ANOMPIND,% individuals with anomalies (% DELT anomalies),% individuals with anomalies (%...,% individuals with anomalies (% DELT anomalies),,Fish,ANOMPIND,2324,epa_metadata
fish_BENTINVNTAX,Number of benthic invertivore taxa,Number of benthic invertivore taxa,Number of benthic invertivore taxa,,Fish,BENTINVNTAX,2324,epa_metadata
fish_BENTINVPIND,% benthic invertivore individuals,% benthic invertivore individuals,% benthic invertivore individuals,,Fish,BENTINVPIND,2324,epa_metadata
fish_BENTINVPTAX,% benthic invertivore taxa,% benthic invertivore taxa,% benthic invertivore taxa,,Fish,BENTINVPTAX,2324,epa_metadata
fish_CARNNTAX,Number of carnivore taxa,Number of carnivore taxa,Number of carnivore taxa,,Fish,CARNNTAX,2324,epa_metadata
fish_CARNPIND,% carnivore individuals,% carnivore individuals,% carnivore individuals,,Fish,CARNPIND,2324,epa_metadata
fish_CARNPTAX,% carnivore taxa,% carnivore taxa,% carnivore taxa,,Fish,CARNPTAX,2324,epa_metadata
fish_CATONTAX,No. Catostomid taxa,No. Catostomid taxa,No. Catostomid taxa,,Fish,CATONTAX,2324,epa_metadata
fish_CATOPIND,% Catostomid individuals,% Catostomid individuals,% Catostomid individuals,,Fish,CATOPIND,2324,epa_metadata
fish_CATOPTAX,% Catostomid taxa,% Catostomid taxa,% Catostomid taxa,,Fish,CATOPTAX,2324,epa_metadata
fish_CENTNTAX,Number of Centrarchidae taxa (minus Micropterus),Number of Centrarchidae taxa...,Number of Centrarchidae taxa (minus Micropterus),,Fish,CENTNTAX,2324,epa_metadata
fish_CENTPIND,% Centrarchidae individuals (minus Micropterus),% Centrarchidae individuals (minus...,% Centrarchidae individuals (minus Micropterus),,Fish,CENTPIND,2324,epa_metadata
fish_CENTPTAX,% Centrarchidae taxa (minus Micropterus),% Centrarchidae taxa (minus...,% Centrarchidae taxa (minus Micropterus),,Fish,CENTPTAX,2324,epa_metadata
fish_COLDNTAX,No. coldwater taxa,No. coldwater taxa,No. coldwater taxa,,Fish,COLDNTAX,2324,epa_metadata
fish_COLDPIND,% coldwater individuals,% coldwater individuals,% coldwater individuals,,Fish,COLDPIND,2324,epa_metadata
fish_COLDPTAX,% coldwater taxa,% coldwater taxa,% coldwater taxa,,Fish,COLDPTAX,2324,epa_metadata
fish_CYPRNTAX,Number of Cyprinidae taxa,Number of Cyprinidae taxa,Number of Cyprinidae taxa,,Fish,CYPRNTAX,2324,epa_metadata
fish_CYPRPIND,% Cyprinidae individuals,% Cyprinidae individuals,% Cyprinidae individuals,,Fish,CYPRPIND,2324,epa_metadata
fish_CYPRPTAX,% Cyprinidae taxa,% Cyprinidae taxa,% Cyprinidae taxa,,Fish,CYPRPTAX,2324,epa_metadata
fish_HERBNTAX,Number of herbivores taxa,Number of herbivores taxa,Number of herbivores taxa,,Fish,HERBNTAX,2324,epa_metadata
fish_HERBPIND,% herbivores individuals,% herbivores individuals,% herbivores individuals,,Fish,HERBPIND,2324,epa_metadata
fish_HERBPTAX,% herbivores taxa,% herbivores taxa,% herbivores taxa,,Fish,HERBPTAX,2324,epa_metadata
fish_ICTANTAX,No. Ictalurid taxa,No. Ictalurid taxa,No. Ictalurid taxa,,Fish,ICTANTAX,2324,epa_metadata
fish_ICTAPIND,% Ictalurid individuals,% Ictalurid individuals,% Ictalurid individuals,,Fish,ICTAPIND,2324,epa_metadata
fish_ICTAPTAX,% Ictalurid taxa,% Ictalurid taxa,% Ictalurid taxa,,Fish,ICTAPTAX,2324,epa_metadata
fish_INTLCARNNTAX,No. of intolerant carnivore taxa,No. of intolerant carnivore taxa,No. of intolerant carnivore taxa,,Fish,INTLCARNNTAX,2324,epa_metadata
fish_INTLCARNPIND,% intolerant carnivore individuals,% intolerant carnivore individuals,% intolerant carnivore individuals,,Fish,INTLCARNPIND,2324,epa_metadata
fish_INTLCARNPTAX,% intolerant carnivore taxa,% intolerant carnivore taxa,% intolerant carnivore taxa,,Fish,INTLCARNPTAX,2324,epa_metadata
fish_INTLINVNTAX,Number of intolerant invertivore taxa,Number of intolerant invertivore...,Number of intolerant invertivore taxa,,Fish,INTLINVNTAX,2324,epa_metadata
fish_INTLINVPIND,% intolerant invertivore individuals,% intolerant invertivore...,% intolerant invertivore individuals,,Fish,INTLINVPIND,2324,epa_metadata
fish_INTLINVPTAX,% intolerant invertivore taxa,% intolerant invertivore taxa,% intolerant invertivore taxa,,Fish,INTLINVPTAX,2324,epa_metadata
fish_INTLLOTNTAX,Number of intolerant lotic taxa,Number of intolerant lotic taxa,Number of intolerant lotic taxa,,Fish,INTLLOTNTAX,2324,epa_metadata
fish_INTLLOTPIND,% intolerant lotic individuals,% intolerant lotic individuals,% intolerant lotic individuals,,Fish,INTLLOTPIND,2324,epa_metadata
fish_INTLLOTPTAX,% intolerant lotic taxa,% intolerant lotic taxa,% intolerant lotic taxa,,Fish,INTLLOTPTAX,2324,epa_metadata
fish_INTLMIGRNTAX,Number of intolerant migratory taxa,Number of intolerant migratory...,Number of intolerant migratory taxa,,Fish,INTLMIGRNTAX,2324,epa_metadata
fish_INTLMIGRPIND,% intolerant migratory individuals,% intolerant migratory individuals,% intolerant migratory individuals,,Fish,INTLMIGRPIND,2324,epa_metadata
fish_INTLMIGRPTAX,% intolerant migratory taxa,% intolerant migratory taxa,% intolerant migratory taxa,,Fish,INTLMIGRPTAX,2324,epa_metadata
fish_INTLNTAX,No. of Intolerant (PTV<=3) taxa,No. of Intolerant (PTV<=3) taxa,No. of Intolerant (PTV<=3) taxa,,Fish,INTLNTAX,2324,epa_metadata
fish_INTLPIND,% Intolerant (PTV<=3) individuals,% Intolerant (PTV<=3) individuals,% Intolerant (PTV<=3) individuals,,Fish,INTLPIND,2324,epa_metadata
fish_INTLPTAX,% Intolerant (PTV<=3) taxa,% Intolerant (PTV<=3) taxa,% Intolerant (PTV<=3) taxa,,Fish,INTLPTAX,2324,epa_metadata
fish_INTLRHEONTAX,Number of intolerant rheophilic taxa,Number of intolerant rheophilic...,Number of intolerant rheophilic taxa,,Fish,INTLRHEONTAX,2324,epa_metadata
fish_INTLRHEOPIND,% intolerant rheophilic individuals,% intolerant rheophilic...,% intolerant rheophilic individuals,,Fish,INTLRHEOPIND,2324,epa_metadata
fish_INTLRHEOPTAX,% intolerant rheophilic taxa,% intolerant rheophilic taxa,% intolerant rheophilic taxa,,Fish,INTLRHEOPTAX,2324,epa_metadata
fish_INVNTAX,Number of invertivore taxa,Number of invertivore taxa,Number of invertivore taxa,,Fish,INVNTAX,2324,epa_metadata
fish_INVPIND,% invertivore individuals,% invertivore individuals,% invertivore individuals,,Fish,INVPIND,2324,epa_metadata
fish_INVPTAX,% invertivore taxa,% invertivore taxa,% invertivore taxa,,Fish,INVPTAX,2324,epa_metadata
fish_LITHNTAX,No. lithophilic taxa,No. lithophilic taxa,No. lithophilic taxa,,Fish,LITHNTAX,2324,epa_metadata
fish_LITHPIND,% lithophilic individuals,% lithophilic individuals,% lithophilic individuals,,Fish,LITHPIND,2324,epa_metadata
fish_LITHPTAX,% lithophilic taxa,% lithophilic taxa,% lithophilic taxa,,Fish,LITHPTAX,2324,epa_metadata
fish_LOTNTAX,Number of lotic taxa,Number of lotic taxa,Number of lotic taxa,,Fish,LOTNTAX,2324,epa_metadata
fish_LOTPIND,% lotic individuals,% lotic individuals,% lotic individuals,,Fish,LOTPIND,2324,epa_metadata
fish_LOTPTAX,% lotic taxa,% lotic taxa,% lotic taxa,,Fish,LOTPTAX,2324,epa_metadata
fish_MIGRNTAX,Number of migratory taxa,Number of migratory taxa,Number of migratory taxa,,Fish,MIGRNTAX,2324,epa_metadata
fish_MIGRPIND,% migratory individuals,% migratory individuals,% migratory individuals,,Fish,MIGRPIND,2324,epa_metadata
fish_MIGRPTAX,% migratory taxa,% migratory taxa,% migratory taxa,,Fish,MIGRPTAX,2324,epa_metadata
fish_MTOLNTAX,No. distinct intermediate tolerant taxa based on TOLERANCE_NRSA,No. distinct intermediate tolerant...,No. distinct intermediate tolerant taxa based on TOLERANCE_NRSA,,Fish,MTOLNTAX,2324,epa_metadata
fish_MTOLPIND,% Intermediate tolerant individuals based on TOLERANCE_NRSA,% Intermediate tolerant...,% Intermediate tolerant individuals based on TOLERANCE_NRSA,,Fish,MTOLPIND,2324,epa_metadata
fish_MTOLPTAX,% intermediate tolerant taxa based on TOLERANCE_NRSA,% intermediate tolerant taxa based...,% intermediate tolerant taxa based on TOLERANCE_NRSA,,Fish,MTOLPTAX,2324,epa_metadata
fish_NAT_BENTINVNTAX,Number of native benthic invertivore taxa,Number of native benthic...,Number of native benthic invertivore taxa,,Fish,NAT_BENTINVNTAX,2324,epa_metadata
fish_NAT_BENTINVPIND,% native individuals as benthic invertivore,% native individuals as benthic...,% native individuals as benthic invertivore,,Fish,NAT_BENTINVPIND,2324,epa_metadata
fish_NAT_BENTINVPTAX,% native taxa as benthic invertivore,% native taxa as benthic...,% native taxa as benthic invertivore,,Fish,NAT_BENTINVPTAX,2324,epa_metadata
fish_NAT_CARNNTAX,Number of native carnivore taxa,Number of native carnivore taxa,Number of native carnivore taxa,,Fish,NAT_CARNNTAX,2324,epa_metadata
fish_NAT_CARNPIND,% native individuals as carnivore,% native individuals as carnivore,% native individuals as carnivore,,Fish,NAT_CARNPIND,2324,epa_metadata
fish_NAT_CARNPTAX,% native taxa as carnivore,% native taxa as carnivore,% native taxa as carnivore,,Fish,NAT_CARNPTAX,2324,epa_metadata
fish_NAT_CATONTAX,No. native Catostomid taxa,No. native Catostomid taxa,No. native Catostomid taxa,,Fish,NAT_CATONTAX,2324,epa_metadata
fish_NAT_CATOPIND,% native individuals as Catostomid,% native individuals as Catostomid,% native individuals as Catostomid,,Fish,NAT_CATOPIND,2324,epa_metadata
fish_NAT_CATOPTAX,% native taxa as Catostomid,% native taxa as Catostomid,% native taxa as Catostomid,,Fish,NAT_CATOPTAX,2324,epa_metadata
fish_NAT_CENTNTAX,Number of native Centrarchidae (minus Micropterus) taxa,Number of native Centrarchidae...,Number of native Centrarchidae (minus Micropterus) taxa,,Fish,NAT_CENTNTAX,2324,epa_metadata
fish_NAT_CENTPIND,% native individuals as Centrarchidae (minus Micropterus),% native individuals as...,% native individuals as Centrarchidae (minus Micropterus),,Fish,NAT_CENTPIND,2324,epa_metadata
fish_NAT_CENTPTAX,% native taxa as Centrarchidae (minus Micropterus),% native taxa as Centrarchidae...,% native taxa as Centrarchidae (minus Micropterus),,Fish,NAT_CENTPTAX,2324,epa_metadata
fish_NAT_COLDNTAX,Number of native coldwater taxa,Number of native coldwater taxa,Number of native coldwater taxa,,Fish,NAT_COLDNTAX,2324,epa_metadata
fish_NAT_COLDPIND,% native individuals as coldwater,% native individuals as coldwater,% native individuals as coldwater,,Fish,NAT_COLDPIND,2324,epa_metadata
fish_NAT_COLDPTAX,% native taxa as coldwater,% native taxa as coldwater,% native taxa as coldwater,,Fish,NAT_COLDPTAX,2324,epa_metadata
fish_NAT_CYPRNTAX,Number of native Cyprinidae taxa,Number of native Cyprinidae taxa,Number of native Cyprinidae taxa,,Fish,NAT_CYPRNTAX,2324,epa_metadata
fish_NAT_CYPRPIND,% native individuals as Cyprinidae,% native individuals as Cyprinidae,% native individuals as Cyprinidae,,Fish,NAT_CYPRPIND,2324,epa_metadata
fish_NAT_CYPRPTAX,% native taxa as Cyprinidae,% native taxa as Cyprinidae,% native taxa as Cyprinidae,,Fish,NAT_CYPRPTAX,2324,epa_metadata
fish_NAT_HERBNTAX,Number of native herbivores taxa,Number of native herbivores taxa,Number of native herbivores taxa,,Fish,NAT_HERBNTAX,2324,epa_metadata
fish_NAT_HERBPIND,% native individuals as native herbivores,% native individuals as native...,% native individuals as native herbivores,,Fish,NAT_HERBPIND,2324,epa_metadata
fish_NAT_HERBPTAX,% native taxa as native herbivores,% native taxa as native herbivores,% native taxa as native herbivores,,Fish,NAT_HERBPTAX,2324,epa_metadata
fish_NAT_ICTANTAX,Number of native Ictaluridae taxa,Number of native Ictaluridae taxa,Number of native Ictaluridae taxa,,Fish,NAT_ICTANTAX,2324,epa_metadata
fish_NAT_ICTAPIND,% native individuals as Ictaluridae,% native individuals as...,% native individuals as Ictaluridae,,Fish,NAT_ICTAPIND,2324,epa_metadata
fish_NAT_ICTAPTAX,% native taxa as Ictaluridae,% native taxa as Ictaluridae,% native taxa as Ictaluridae,,Fish,NAT_ICTAPTAX,2324,epa_metadata
fish_NAT_INTLCARNNTAX,No. of native intolerant carnivore taxa,No. of native intolerant carnivore...,No. of native intolerant carnivore taxa,,Fish,NAT_INTLCARNNTAX,2324,epa_metadata
fish_NAT_INTLCARNPIND,% native intolerant carnivore individuals,% native intolerant carnivore...,% native intolerant carnivore individuals,,Fish,NAT_INTLCARNPIND,2324,epa_metadata
fish_NAT_INTLCARNPTAX,% native intolerant carnivore taxa,% native intolerant carnivore taxa,% native intolerant carnivore taxa,,Fish,NAT_INTLCARNPTAX,2324,epa_metadata
fish_NAT_INTLINVNTAX,Number of native intolerant invertivore taxa,Number of native intolerant...,Number of native intolerant invertivore taxa,,Fish,NAT_INTLINVNTAX,2324,epa_metadata
fish_NAT_INTLINVPIND,% native individuals as intolerant invertivore,% native individuals as intolerant...,% native individuals as intolerant invertivore,,Fish,NAT_INTLINVPIND,2324,epa_metadata
fish_NAT_INTLINVPTAX,% native taxa as intolerant invertivore,% native taxa as intolerant...,% native taxa as intolerant invertivore,,Fish,NAT_INTLINVPTAX,2324,epa_metadata
fish_NAT_INTLLOTNTAX,Number of native intolerant lotic taxa,Number of native intolerant lotic...,Number of native intolerant lotic taxa,,Fish,NAT_INTLLOTNTAX,2324,epa_metadata
fish_NAT_INTLLOTPIND,% native individuals as intolerant lotic,% native individuals as intolerant...,% native individuals as intolerant lotic,,Fish,NAT_INTLLOTPIND,2324,epa_metadata
fish_NAT_INTLLOTPTAX,% native taxa as intolerant lotic,% native taxa as intolerant lotic,% native taxa as intolerant lotic,,Fish,NAT_INTLLOTPTAX,2324,epa_metadata
fish_NAT_INTLMIGRNTAX,Number of native intolerant migratory taxa,Number of native intolerant...,Number of native intolerant migratory taxa,,Fish,NAT_INTLMIGRNTAX,2324,epa_metadata
fish_NAT_INTLMIGRPIND,% native individuals as intolerant migratory,% native individuals as intolerant...,% native individuals as intolerant migratory,,Fish,NAT_INTLMIGRPIND,2324,epa_metadata
fish_NAT_INTLMIGRPTAX,% native taxa as intolerant migratory,% native taxa as intolerant...,% native taxa as intolerant migratory,,Fish,NAT_INTLMIGRPTAX,2324,epa_metadata
fish_NAT_INTLNTAX,No. distinct intolerant native taxa based on TOLERANCE_NRSA,No. distinct intolerant native...,No. distinct intolerant native taxa based on TOLERANCE_NRSA,,Fish,NAT_INTLNTAX,2324,epa_metadata
fish_NAT_INTLPIND,% Intolerant native individuals based on TOLERANCE_NRSA,% Intolerant native individuals...,% Intolerant native individuals based on TOLERANCE_NRSA,,Fish,NAT_INTLPIND,2324,epa_metadata
fish_NAT_INTLPTAX,% Intolerant native taxa based on TOLERANCE_NRSA,% Intolerant native taxa based on...,% Intolerant native taxa based on TOLERANCE_NRSA,,Fish,NAT_INTLPTAX,2324,epa_metadata
fish_NAT_INTLRHEONTAX,Number of native intolerant rheophilic taxa,Number of native intolerant...,Number of native intolerant rheophilic taxa,,Fish,NAT_INTLRHEONTAX,2324,epa_metadata
fish_NAT_INTLRHEOPIND,% native individuals as intolerant rheophilic,% native individuals as intolerant...,% native individuals as intolerant rheophilic,,Fish,NAT_INTLRHEOPIND,2324,epa_metadata
fish_NAT_INTLRHEOPTAX,% native taxa as intolerant rheophilic,% native taxa as intolerant...,% native taxa as intolerant rheophilic,,Fish,NAT_INTLRHEOPTAX,2324,epa_metadata
fish_NAT_INVNTAX,Number of native invertivores taxa,Number of native invertivores taxa,Number of native invertivores taxa,,Fish,NAT_INVNTAX,2324,epa_metadata
fish_NAT_INVPIND,% native individuals as invertivores,% native individuals as...,% native individuals as invertivores,,Fish,NAT_INVPIND,2324,epa_metadata
fish_NAT_INVPTAX,% native taxa as invertivores,% native taxa as invertivores,% native taxa as invertivores,,Fish,NAT_INVPTAX,2324,epa_metadata
fish_NAT_LITHNTAX,Number of native simple lithophils taxa,Number of native simple lithophils...,Number of native simple lithophils taxa,,Fish,NAT_LITHNTAX,2324,epa_metadata
fish_NAT_LITHPIND,% native individuals as simple lithophils,% native individuals as simple...,% native individuals as simple lithophils,,Fish,NAT_LITHPIND,2324,epa_metadata
fish_NAT_LITHPTAX,% native taxa as simple lithophils,% native taxa as simple lithophils,% native taxa as simple lithophils,,Fish,NAT_LITHPTAX,2324,epa_metadata
fish_NAT_LOTNTAX,Number of native lotic taxa,Number of native lotic taxa,Number of native lotic taxa,,Fish,NAT_LOTNTAX,2324,epa_metadata
fish_NAT_LOTPIND,% native individuals as lotic,% native individuals as lotic,% native individuals as lotic,,Fish,NAT_LOTPIND,2324,epa_metadata
fish_NAT_LOTPTAX,% native taxa as lotic,% native taxa as lotic,% native taxa as lotic,,Fish,NAT_LOTPTAX,2324,epa_metadata
fish_NAT_MIGRNTAX,No. native migratory taxa,No. native migratory taxa,No. native migratory taxa,,Fish,NAT_MIGRNTAX,2324,epa_metadata
fish_NAT_MIGRPIND,% native individuals as migratory,% native individuals as migratory,% native individuals as migratory,,Fish,NAT_MIGRPIND,2324,epa_metadata
fish_NAT_MIGRPTAX,% native taxa as migratory,% native taxa as migratory,% native taxa as migratory,,Fish,NAT_MIGRPTAX,2324,epa_metadata
fish_NAT_MTOLNTAX,No. distinct intermediate tolerant native taxa based on TOLERANCE_NRSA,No. distinct intermediate tolerant...,No. distinct intermediate tolerant native taxa based on TOLERANCE_NRSA,,Fish,NAT_MTOLNTAX,2324,epa_metadata
fish_NAT_MTOLPIND,% Intermediate tolerant native individuals based on TOLERANCE_NRSA,% Intermediate tolerant native...,% Intermediate tolerant native individuals based on TOLERANCE_NRSA,,Fish,NAT_MTOLPIND,2324,epa_metadata
fish_NAT_MTOLPTAX,% intermediate tolerant native taxa based on TOLERANCE_NRSA,% intermediate tolerant native...,% intermediate tolerant native taxa based on TOLERANCE_NRSA,,Fish,NAT_MTOLPTAX,2324,epa_metadata
fish_NAT_NTOLBENTNTAX,No. native non-tolerant benthic taxa based on TOLERANCE_NRSA,No. native non-tolerant benthic...,No. native non-tolerant benthic taxa based on TOLERANCE_NRSA,,Fish,NAT_NTOLBENTNTAX,2324,epa_metadata
fish_NAT_NTOLBENTPIND,% native non-tolerant benthic individuals based on TOLERANCE_NRSA,% native non-tolerant benthic...,% native non-tolerant benthic individuals based on TOLERANCE_NRSA,,Fish,NAT_NTOLBENTPIND,2324,epa_metadata
fish_NAT_NTOLBENTPTAX,% native non-tolerant benthic taxa based on TOLERANCE_NRSA,% native non-tolerant benthic taxa...,% native non-tolerant benthic taxa based on TOLERANCE_NRSA,,Fish,NAT_NTOLBENTPTAX,2324,epa_metadata
fish_NAT_NTOLCARNNTAX,No. native non-tolerant carnivore taxa based on TOLERANCE_NRSA,No. native non-tolerant carnivore...,No. native non-tolerant carnivore taxa based on TOLERANCE_NRSA,,Fish,NAT_NTOLCARNNTAX,2324,epa_metadata
fish_NAT_NTOLCARNPIND,% native non-tolerant carnivore individuals based on TOLERANCE_NRSA,% native non-tolerant carnivore...,% native non-tolerant carnivore individuals based on TOLERANCE_NRSA,,Fish,NAT_NTOLCARNPIND,2324,epa_metadata
fish_NAT_NTOLCARNPTAX,% native non-tolerant carnivore taxa based on TOLERANCE_NRSA,% native non-tolerant carnivore...,% native non-tolerant carnivore taxa based on TOLERANCE_NRSA,,Fish,NAT_NTOLCARNPTAX,2324,epa_metadata
fish_NAT_NTOLINVNTAX,No. native non-tolerant invertivore taxa based on TOLERANCE_NRSA,No. native non-tolerant...,No. native non-tolerant invertivore taxa based on TOLERANCE_NRSA,,Fish,NAT_NTOLINVNTAX,2324,epa_metadata
fish_NAT_NTOLINVPIND,% native non-tolerant invertivore individuals based on TOLERANCE_NRSA,% native non-tolerant invertivore...,% native non-tolerant invertivore individuals based on TOLERANCE_NRSA,,Fish,NAT_NTOLINVPIND,2324,epa_metadata
fish_NAT_NTOLINVPTAX,% native non-tolerant invertivore taxa based on TOLERANCE_NRSA,% native non-tolerant invertivore...,% native non-tolerant invertivore taxa based on TOLERANCE_NRSA,,Fish,NAT_NTOLINVPTAX,2324,epa_metadata
fish_NAT_NTOLNTAX,No. native non-tolerant taxa based on TOLERANCE_NRSA,No. native non-tolerant taxa based...,No. native non-tolerant taxa based on TOLERANCE_NRSA,,Fish,NAT_NTOLNTAX,2324,epa_metadata
fish_NAT_NTOLPIND,% native non-tolerant individuals based on TOLERANCE_NRSA,% native non-tolerant individuals...,% native non-tolerant individuals based on TOLERANCE_NRSA,,Fish,NAT_NTOLPIND,2324,epa_metadata
fish_NAT_NTOLPTAX,% native non-tolerant taxa based on TOLERANCE_NRSA,% native non-tolerant taxa based...,% native non-tolerant taxa based on TOLERANCE_NRSA,,Fish,NAT_NTOLPTAX,2324,epa_metadata
fish_NAT_OMNINTAX,No. native omnivore taxa,No. native omnivore taxa,No. native omnivore taxa,,Fish,NAT_OMNINTAX,2324,epa_metadata
fish_NAT_OMNIPIND,% native individuals as omnivore,% native individuals as omnivore,% native individuals as omnivore,,Fish,NAT_OMNIPIND,2324,epa_metadata
fish_NAT_OMNIPTAX,% native taxa as omnivore,% native taxa as omnivore,% native taxa as omnivore,,Fish,NAT_OMNIPTAX,2324,epa_metadata
fish_NAT_PIND,native % of total individuals,native % of total individuals,native % of total individuals,,Fish,NAT_PIND,2324,epa_metadata
fish_NAT_PTAX,native % of total taxa,native % of total taxa,native % of total taxa,,Fish,NAT_PTAX,2324,epa_metadata
fish_NAT_RBCATONTAX,No. native round-bodied sucker taxa,No. native round-bodied sucker...,No. native round-bodied sucker taxa,,Fish,NAT_RBCATONTAX,2324,epa_metadata
fish_NAT_RBCATOPIND,% native individuals as round-bodied sucker,% native individuals as...,% native individuals as round-bodied sucker,,Fish,NAT_RBCATOPIND,2324,epa_metadata
fish_NAT_RBCATOPTAX,% native taxa as round-bodied sucker,% native taxa as round-bodied...,% native taxa as round-bodied sucker,,Fish,NAT_RBCATOPTAX,2324,epa_metadata
fish_NAT_RHEONTAX,No. native rheophilic taxa,No. native rheophilic taxa,No. native rheophilic taxa,,Fish,NAT_RHEONTAX,2324,epa_metadata
fish_NAT_RHEOPIND,% native individuals as rheophilic,% native individuals as rheophilic,% native individuals as rheophilic,,Fish,NAT_RHEOPIND,2324,epa_metadata
fish_NAT_RHEOPTAX,% native taxa as rheophilic,% native taxa as rheophilic,% native taxa as rheophilic,,Fish,NAT_RHEOPTAX,2324,epa_metadata
fish_NAT_SALMNTAX,No. native salmonid taxa,No. native salmonid taxa,No. native salmonid taxa,,Fish,NAT_SALMNTAX,2324,epa_metadata
fish_NAT_SALMPIND,% native individuals as salmonid,% native individuals as salmonid,% native individuals as salmonid,,Fish,NAT_SALMPIND,2324,epa_metadata
fish_NAT_SALMPTAX,% native taxa as salmonid,% native taxa as salmonid,% native taxa as salmonid,,Fish,NAT_SALMPTAX,2324,epa_metadata
fish_NAT_TOLRNTAX,No. distinct Tolerant native taxa based on TOLERANCE_NRSA,No. distinct Tolerant native taxa...,No. distinct Tolerant native taxa based on TOLERANCE_NRSA,,Fish,NAT_TOLRNTAX,2324,epa_metadata
fish_NAT_TOLRPIND,% Tolerant native individuals based on TOLERANCE_NRSA,% Tolerant native individuals...,% Tolerant native individuals based on TOLERANCE_NRSA,,Fish,NAT_TOLRPIND,2324,epa_metadata
fish_NAT_TOLRPTAX,% Tolerant native taxa based on TOLERANCE_NRSA,% Tolerant native taxa based on...,% Tolerant native taxa based on TOLERANCE_NRSA,,Fish,NAT_TOLRPTAX,2324,epa_metadata
fish_NAT_TOTLNIND,Total native individuals,Total native individuals,Total native individuals,,Fish,NAT_TOTLNIND,2324,epa_metadata
fish_NAT_TOTLNTAX,Native fish taxa richness,Native fish taxa richness,Native fish taxa richness; higher is better.,,Fish,NAT_TOTLNTAX,2324,metric_map
fish_NAT_WTD_TV,Weighted average tolerance value among natives,Weighted average tolerance value...,Weighted average tolerance value among natives,,Fish,NAT_WTD_TV,2324,epa_metadata
fish_NTOLBENTNTAX,No. non-tolerant benthic taxa,No. non-tolerant benthic taxa,No. non-tolerant benthic taxa,,Fish,NTOLBENTNTAX,2324,epa_metadata
fish_NTOLBENTPIND,% non-tolerant benthic individuals,% non-tolerant benthic individuals,% non-tolerant benthic individuals,,Fish,NTOLBENTPIND,2324,epa_metadata
fish_NTOLBENTPTAX,% non-tolerant benthic taxa,% non-tolerant benthic taxa,% non-tolerant benthic taxa,,Fish,NTOLBENTPTAX,2324,epa_metadata
fish_NTOLCARNNTAX,No. non-tolerant carnivore taxa,No. non-tolerant carnivore taxa,No. non-tolerant carnivore taxa,,Fish,NTOLCARNNTAX,2324,epa_metadata
fish_NTOLCARNPIND,% non-tolerant carnivore individuals,% non-tolerant carnivore...,% non-tolerant carnivore individuals,,Fish,NTOLCARNPIND,2324,epa_metadata
fish_NTOLCARNPTAX,% non-tolerant carnivore taxa,% non-tolerant carnivore taxa,% non-tolerant carnivore taxa,,Fish,NTOLCARNPTAX,2324,epa_metadata
fish_NTOLINVNTAX,No. non-tolerant invertivore taxa,No. non-tolerant invertivore taxa,No. non-tolerant invertivore taxa,,Fish,NTOLINVNTAX,2324,epa_metadata
fish_NTOLINVPIND,% non-tolerant invertivore individuals,% non-tolerant invertivore...,% non-tolerant invertivore individuals,,Fish,NTOLINVPIND,2324,epa_metadata
fish_NTOLINVPTAX,% non-tolerant invertivore taxa,% non-tolerant invertivore taxa,% non-tolerant invertivore taxa,,Fish,NTOLINVPTAX,2324,epa_metadata
fish_NTOLNTAX,No. of non-tolerants (PTV<6) taxa,No. of non-tolerants (PTV<6) taxa,No. of non-tolerants (PTV<6) taxa,,Fish,NTOLNTAX,2324,epa_metadata
fish_NTOLPIND,% non-tolerants (PTV<6) individuals,% non-tolerants (PTV<6)...,% non-tolerants (PTV<6) individuals,,Fish,NTOLPIND,2324,epa_metadata
fish_NTOLPTAX,% non-tolerants (PTV<6) taxa,% non-tolerants (PTV<6) taxa,% non-tolerants (PTV<6) taxa,,Fish,NTOLPTAX,2324,epa_metadata
fish_OMNINTAX,No. omnivore taxa,No. omnivore taxa,No. omnivore taxa,,Fish,OMNINTAX,2324,epa_metadata
fish_OMNIPIND,% omnivore individuals,% omnivore individuals,% omnivore individuals,,Fish,OMNIPIND,2324,epa_metadata
fish_OMNIPTAX,% omnivore taxa,% omnivore taxa,% omnivore taxa,,Fish,OMNIPTAX,2324,epa_metadata
fish_RBCATONTAX,No. round-bodied sucker taxa,No. round-bodied sucker taxa,No. round-bodied sucker taxa,,Fish,RBCATONTAX,2324,epa_metadata
fish_RBCATOPIND,% round-bodied sucker individuals,% round-bodied sucker individuals,% round-bodied sucker individuals,,Fish,RBCATOPIND,2324,epa_metadata
fish_RBCATOPTAX,% round-bodied sucker taxa,% round-bodied sucker taxa,% round-bodied sucker taxa,,Fish,RBCATOPTAX,2324,epa_metadata
fish_RHEONTAX,No. rheophilic taxa,No. rheophilic taxa,No. rheophilic taxa,,Fish,RHEONTAX,2324,epa_metadata
fish_RHEOPIND,% rheophilic individuals,% rheophilic individuals,% rheophilic individuals,,Fish,RHEOPIND,2324,epa_metadata
fish_RHEOPTAX,% rheophilic taxa,% rheophilic taxa,% rheophilic taxa,,Fish,RHEOPTAX,2324,epa_metadata
fish_SALMNTAX,No. Salmonid taxa,No. Salmonid taxa,No. Salmonid taxa,,Fish,SALMNTAX,2324,epa_metadata
fish_SALMPIND,% Salmonid individuals,% Salmonid individuals,% Salmonid individuals,,Fish,SALMPIND,2324,epa_metadata
fish_SALMPTAX,% Salmonid taxa,% Salmonid taxa,% Salmonid taxa,,Fish,SALMPTAX,2324,epa_metadata
fish_TOLRNTAX,No. of Tolerant (PTV>=7) taxa,No. of Tolerant (PTV>=7) taxa,No. of Tolerant (PTV>=7) taxa,,Fish,TOLRNTAX,2324,epa_metadata
fish_TOLRPIND,% Tolerant (PTV>=7) individuals,% Tolerant (PTV>=7) individuals,% Tolerant (PTV>=7) individuals,,Fish,TOLRPIND,2324,epa_metadata
fish_TOLRPTAX,% Tolerant (PTV>=7) taxa,% Tolerant (PTV>=7) taxa,% Tolerant (PTV>=7) taxa,,Fish,TOLRPTAX,2324,epa_metadata
fish_TOTLNIND,Number of individuals in sample,Number of individuals in sample,Number of individuals in sample,,Fish,TOTLNIND,2324,epa_metadata
fish_TOTLNTAX,Number of distinct taxa in sample,Number of distinct taxa in sample,Number of distinct taxa in sample,,Fish,TOTLNTAX,2324,epa_metadata
fish_WTD_TV,"Hilsenhoff Biotic Index (HBI), sum of TV_i*prop_i, where TV_i=tolerance value for species i and prop_i=proportion of taxon i in sample","Hilsenhoff Biotic Index (HBI), sum...","Hilsenhoff Biotic Index (HBI), sum of TV_i*prop_i, where TV_i=tolerance value for species i and prop_i=proportion of taxon i in sample, based on all taxa in sample",,Fish,WTD_TV,2324,epa_metadata
kffact,Soil erodibility (K-factor),Soil erodibility (K-factor),,,Landscape,kffact,,streamcat
land_AGKFFACTWS,Mean surface soil erodibility factors adjusted (KFFACT) on agricultural land (NLCD 2006),Mean surface soil erodibility...,"Mean surface soil erodibility factors adjusted (KFFACT) on agricultural land (NLCD 2006), within the upstream watershed (Ws).",,Landscape,AGKFFACTWS,1819,epa_metadata
land_AL2O3WS,Mean of all Al2O3 values,Mean of all Al2O3 values,Mean of all Al2O3 values within the upstream watershed (Ws).,,Landscape,AL2O3WS,1819,epa_metadata
land_AWCHWS,Mean high values of available water capacity of soils,Mean high values of available...,Mean high values of available water capacity of soils (fraction) within the upstream watershed (Ws). From State Soil Geographic (STATSGO) Database.,fraction,Landscape,AWCHWS,1819,epa_metadata
land_BDHWS,Mean high values of soil bulk density of soil types,Mean high values of soil bulk...,Mean high values of soil bulk density of soil types within the upstream watershed (Ws) (grams per cubic centimeter) from State Soil Geographic (STATSGO) Database.,,Landscape,BDHWS,1819,epa_metadata
land_BFIWS,Bfi is the ratio of base flow to total flow,Bfi is the ratio of base flow to...,"Bfi is the ratio of base flow to total flow, expressed as a percentage. %, within the upstream watershed (Ws).",,Landscape,BFIWS,1819,epa_metadata
land_CANALDENSWS,"Density of NHDPlus line features classified as canal, ditch, or pipeline",Density of NHDPlus line features...,"Density of NHDPlus line features classified as canal, ditch, or pipeline within the upstream watershed (Ws).",,Landscape,CANALDENSWS,1819,epa_metadata
land_CAOWS,Mean of all CaO values,Mean of all CaO values,Mean of all CaO values within the upstream watershed (Ws).,,Landscape,CAOWS,1819,epa_metadata
land_CATAREASQKM,Area in square kilometers of the sub-catchment created by accumulating from the survey site upstream within the NHDPlusV21 catchment,Area in square kilometers of the...,Area in square kilometers of the sub-catchment created by accumulating from the survey site upstream within the NHDPlusV21 catchment.,,Landscape,CATAREASQKM,1819,epa_metadata
land_CBNFWS,Mean rate of biological nitrogen fixation from the cultivation of crops in kg N/ha/yr,Mean rate of biological nitrogen...,"Mean rate of biological nitrogen fixation from the cultivation of crops in kg N/ha/yr, within the upstream watershed (Ws).",,Landscape,CBNFWS,1819,epa_metadata
land_CLAYWS,Mean of all clay values,Mean of all clay values,Mean of all clay values within the upstream watershed (Ws).,,Landscape,CLAYWS,1819,epa_metadata
land_COALMINEDENSWS,Density of georeferenced coal mine sites (USTRAT.shp),Density of georeferenced coal mine...,Density of georeferenced coal mine sites (USTRAT.shp) within the upstream watershed (Ws).,,Landscape,COALMINEDENSWS,1819,epa_metadata
land_COMPSTRGTHWS,Mean of all CompStrgth values,Mean of all CompStrgth values,Mean of all CompStrgth values within the upstream watershed (Ws).,,Landscape,COMPSTRGTHWS,1819,epa_metadata
land_DAMDENSWS,Density of georeferenced dams,Density of georeferenced dams,Density of georeferenced dams within the upstream watershed (Ws).,,Landscape,DAMDENSWS,1819,epa_metadata
land_DAMNIDSTORWS,Volume all reservoirs (NID_STORA in NID) per unit area of the upstream watershed (Ws),Volume all reservoirs (NID_STORA...,Volume all reservoirs (NID_STORA in NID) per unit area of the upstream watershed (Ws).,,Landscape,DAMNIDSTORWS,1819,epa_metadata
land_DAMNRMSTORWS,Volume all reservoirs (NORM_STORA in NID) per unit area of the upstream watershed (Ws),Volume all reservoirs (NORM_STORA...,Volume all reservoirs (NORM_STORA in NID) per unit area of the upstream watershed (Ws),,Landscape,DAMNRMSTORWS,1819,epa_metadata
land_ELEVWS,Mean of all elev_cm values,Mean of all elev_cm values,Mean of all elev_cm values within the upstream watershed (Ws) divided by 100 to convert cm to m.,,Landscape,ELEVWS,1819,epa_metadata
land_ETWS,Mean-annual actual evapotranspiration (ET),Mean-annual actual...,"Mean-annual actual evapotranspiration (ET), estimated using regression equation of Sanford and Selnick (2013)",,Landscape,ETWS,1819,epa_metadata
land_FE2O3WS,Mean of all Fe2O3 values,Mean of all Fe2O3 values,Mean of all Fe2O3 values within the upstream watershed (Ws).,,Landscape,FE2O3WS,1819,epa_metadata
land_FERTWS,Mean rate of synthetic nitrogen fertilizer application to agricultural land in kg N/ha/yr,Mean rate of synthetic nitrogen...,"Mean rate of synthetic nitrogen fertilizer application to agricultural land in kg N/ha/yr, within the upstream watershed (Ws).",,Landscape,FERTWS,1819,epa_metadata
land_FSTFRZWS,Site average of mean day of the year of first freeze,Site average of mean day of the...,"Site average of mean day of the year of first freeze, derived from 30 years of record (1961-1990), 2km PRISM. For example, value of 300 is the 300th day of the year (Oct 27th). Values > 365 mean that the first freeze occurs after Dec 31. It is done this way so that (first_freeze - last_freeze) should always give a positive number; high numbers for an area with a long frost-free period (e.g. Florida), low numbers for an area with a short frost-free period.",,Landscape,FSTFRZWS,1819,epa_metadata
land_GEOL_HUNT_DOM_PCT_WS,Dominant (highest percent of area) geology,Dominant (highest percent of area)...,"Dominant (highest percent of area) geology, derived from Hunt (1979) coverage",,Landscape,GEOL_HUNT_DOM_PCT_WS,1819,epa_metadata
land_GEOL_REEDBUSH_DOM_PCT_WS,Percentage of the watershed covered by the dominant geology type,Percentage of the watershed...,"Percentage of the watershed covered by the dominant geology type (Reed & Bush, 2001)",,Landscape,GEOL_REEDBUSH_DOM_PCT_WS,1819,epa_metadata
land_HUDEN2010WS,Mean of all housing density values (housing units / km2),Mean of all housing density values...,Mean of all housing density values (housing units / km2) within the upstream watershed.,,Landscape,HUDEN2010WS,1819,epa_metadata
land_HYDRLCONDWS,Mean of all hydraulic conductivity (in micrometers per second) of surface or near surface geology values,Mean of all hydraulic conductivity...,Mean of all hydraulic conductivity (in micrometers per second) of surface or near surface geology values within the upstream watershed (Ws).,,Landscape,HYDRLCONDWS,1819,epa_metadata
land_INORGNWETDEP_2008WS,"Annual average of preciptiation-weighted mean wet deposition for inorganic nitrogen concentration from nitrate and ammonium for year, 2008",Annual average of...,"Annual average of preciptiation-weighted mean wet deposition for inorganic nitrogen concentration from nitrate and ammonium for year, 2008, within the upstream watershed (Ws).",,Landscape,INORGNWETDEP_2008WS,1819,epa_metadata
land_K2OWS,Mean of all lithological potassium oxide (K2O) content in surface or near surface geology values,Mean of all lithological potassium...,Mean of all lithological potassium oxide (K2O) content in surface or near surface geology values within the upstream watershed (Ws).,,Landscape,K2OWS,1819,epa_metadata
land_KFFACTWS,Mean surface soil erodibility factors adjusted (KFFACT),Mean surface soil erodibility...,"Mean surface soil erodibility factors adjusted (KFFACT) , within the upstream watershed (Ws).",,Landscape,KFFACTWS,1819,epa_metadata
land_LSTFRZWS,Watershed average of mean day of the year of last freeze,Watershed average of mean day of...,"Watershed average of mean day of the year of last freeze, derived from 30 years of record (1961-1990), 2km PRISM. For example, value of 100 is the 100th day of the year (April 10th). Values of 0 here indicate there is no freeze",,Landscape,LSTFRZWS,1819,epa_metadata
land_MANUREWS,Mean rate of manure application to agricultural land from confined animal feeding operations in kg N/ha/yr,Mean rate of manure application to...,"Mean rate of manure application to agricultural land from confined animal feeding operations in kg N/ha/yr, within the upstream watershed (Ws).",,Landscape,MANUREWS,1819,epa_metadata
land_MGOWS,Mean of all lithological magnesium oxide (MgO) content in surface or near surface geology values,Mean of all lithological magnesium...,Mean of all lithological magnesium oxide (MgO) content in surface or near surface geology values within the upstream watershed (Ws).,,Landscape,MGOWS,1819,epa_metadata
land_MINEDENSWS,Density of georeferenced mine sites,Density of georeferenced mine...,Density of georeferenced mine sites within the upstream watershed (Ws).,,Landscape,MINEDENSWS,1819,epa_metadata
land_NA2OWS,Mean of all lithological sodium oxide (Na2O) content in surface or near surface geology values,Mean of all lithological sodium...,Mean of all lithological sodium oxide (Na2O) content in surface or near surface geology values within the upstream watershed (Ws).,,Landscape,NA2OWS,1819,epa_metadata
land_NABD_DENSWS,Density of georeferenced dams,Density of georeferenced dams,Density of georeferenced dams within the upstream watershed (Ws).,,Landscape,NABD_DENSWS,1819,epa_metadata
land_NABD_NIDSTORWS,Volume of all reservoirs (NID_stor in NABD) per unit area of the upstream watershed (Ws),Volume of all reservoirs (NID_stor...,Volume of all reservoirs (NID_stor in NABD) per unit area of the upstream watershed (Ws).,,Landscape,NABD_NIDSTORWS,1819,epa_metadata
land_NABD_NRMSTORWS,Volume of all reservoirs (Norm_stor in NABD) per unit area of the upstream watershed (Ws),Volume of all reservoirs...,Volume of all reservoirs (Norm_stor in NABD) per unit area of the upstream watershed (Ws).,,Landscape,NABD_NRMSTORWS,1819,epa_metadata
land_NH4_2008WS,"Annual average of preciptiation-weighted mean deposition for ammonium ion concentration for year, 2008",Annual average of...,"Annual average of preciptiation-weighted mean deposition for ammonium ion concentration for year, 2008, within the upstream watershed (Ws).",,Landscape,NH4_2008WS,1819,epa_metadata
land_NO3_2008WS,"Annual average of preciptiation-weighted mean deposition for nitrate ion concentration for year, 2008",Annual average of...,"Annual average of preciptiation-weighted mean deposition for nitrate ion concentration for year, 2008, within the upstream watershed (Ws).",,Landscape,NO3_2008WS,1819,epa_metadata
land_NPDESDENSWS,Density of georeferenced NPDES sites (NPDES_Major.shp),Density of georeferenced NPDES...,Density of georeferenced NPDES sites (NPDES_Major.shp) within the upstream watershed (Ws).,,Landscape,NPDESDENSWS,1819,epa_metadata
land_NWS,Mean of all lithological nitrogen (N) content in surface or near surface geology values,Mean of all lithological nitrogen...,Mean of all lithological nitrogen (N) content in surface or near surface geology values within the upstream watershed (Ws).,,Landscape,NWS,1819,epa_metadata
land_OMHWS,Watershed mean of the high value of organic matter content (percent by weight) of soils from State Soil Geographic (STATSGO) Database,Watershed mean of the high value...,Watershed mean of the high value of organic matter content (percent by weight) of soils from State Soil Geographic (STATSGO) Database.,,Landscape,OMHWS,1819,epa_metadata
land_OMWS,Mean of all om values,Mean of all om values,Mean of all om values within the upstream watershed (Ws).,,Landscape,OMWS,1819,epa_metadata
land_P2O5WS,Mean of all P2O5 values,Mean of all P2O5 values,Mean of all P2O5 values within the upstream watershed (Ws).,,Landscape,P2O5WS,1819,epa_metadata
land_PCTAG2006SLP10WS,Percentage of Agricultural Land (NLCD 2006)that lies on slopes greater than 10 degrees within the watershed (Ws),Percentage of Agricultural Land...,Percentage of Agricultural Land (NLCD 2006)that lies on slopes greater than 10 degrees within the watershed (Ws).,,Landscape,PCTAG2006SLP10WS,1819,epa_metadata
land_PCTAG2006SLP20WS,Percentage of Agricultural Land (NLCD 2006) that lies on slopes greater than 20 degrees within the watershed (Ws),Percentage of Agricultural Land...,Percentage of Agricultural Land (NLCD 2006) that lies on slopes greater than 20 degrees within the watershed (Ws).,,Landscape,PCTAG2006SLP20WS,1819,epa_metadata
land_PCTALKINTRUVOLWS,% of the upstream watershed (Ws) classified as lithology type: alkaline intrusive volcanic rock,% of the upstream watershed (Ws)...,% of the upstream watershed (Ws) classified as lithology type: alkaline intrusive volcanic rock.,,Landscape,PCTALKINTRUVOLWS,1819,epa_metadata
land_PCTALLUVCOASTWS,% of the upstream watershed (Ws) classified as lithology type: alluvium and fine-textured coastal zone sediment,% of the upstream watershed (Ws)...,% of the upstream watershed (Ws) classified as lithology type: alluvium and fine-textured coastal zone sediment.,,Landscape,PCTALLUVCOASTWS,1819,epa_metadata
land_PCTBL2001WS,"% of the upstream watershed (Ws) areas classified as areas of bedrock, desert pavement, scarps, talus, slides, volcanic materical, glacial debris, sand dunes, strip mines, gravel pits, and other accumulations of earthen material",% of the upstream watershed (Ws)...,"% of the upstream watershed (Ws) areas classified as areas of bedrock, desert pavement, scarps, talus, slides, volcanic materical, glacial debris, sand dunes, strip mines, gravel pits, and other accumulations of earthen material. Derived from the nlcd2001.tif (class 31) landscape raster.",,Landscape,PCTBL2001WS,1819,epa_metadata
land_PCTBL2004WS,"% of the upstream watershed (Ws) areas classified as areas of bedrock, desert pavement, scarps, talus, slides, volcanic materical, glacial debris, sand dunes, strip mines, gravel pits, and other accumulations of earthen material",% of the upstream watershed (Ws)...,"% of the upstream watershed (Ws) areas classified as areas of bedrock, desert pavement, scarps, talus, slides, volcanic materical, glacial debris, sand dunes, strip mines, gravel pits, and other accumulations of earthen material. Derived from the nlcd2004.tif (class 31) landscape raster.",,Landscape,PCTBL2004WS,1819,epa_metadata
land_PCTBL2006WS,"% of the upstream watershed (Ws) areas classified as areas of bedrock, desert pavement, scarps, talus, slides, volcanic materical, glacial debris, sand dunes, strip mines, gravel pits, and other accumulations of earthen material",% of the upstream watershed (Ws)...,"% of the upstream watershed (Ws) areas classified as areas of bedrock, desert pavement, scarps, talus, slides, volcanic materical, glacial debris, sand dunes, strip mines, gravel pits, and other accumulations of earthen material. Derived from the nlcd2006.tif (class 31) landscape raster.",,Landscape,PCTBL2006WS,1819,epa_metadata
land_PCTBL2008WS,"% of the upstream watershed (Ws) areas classified as areas of bedrock, desert pavement, scarps, talus, slides, volcanic materical, glacial debris, sand dunes, strip mines, gravel pits, and other accumulations of earthen material",% of the upstream watershed (Ws)...,"% of the upstream watershed (Ws) areas classified as areas of bedrock, desert pavement, scarps, talus, slides, volcanic materical, glacial debris, sand dunes, strip mines, gravel pits, and other accumulations of earthen material. Derived from the nlcd2008.tif (class 31) landscape raster.",,Landscape,PCTBL2008WS,1819,epa_metadata
land_PCTBL2011WS,"% of the upstream watershed (Ws) areas classified as areas of bedrock, desert pavement, scarps, talus, slides, volcanic materical, glacial debris, sand dunes, strip mines, gravel pits, and other accumulations of earthen material",% of the upstream watershed (Ws)...,"% of the upstream watershed (Ws) areas classified as areas of bedrock, desert pavement, scarps, talus, slides, volcanic materical, glacial debris, sand dunes, strip mines, gravel pits, and other accumulations of earthen material. Derived from the nlcd2011.tif (class 31) landscape raster.",,Landscape,PCTBL2011WS,1819,epa_metadata
land_PCTBL2013WS,"% of the upstream watershed (Ws) areas classified as areas of bedrock, desert pavement, scarps, talus, slides, volcanic materical, glacial debris, sand dunes, strip mines, gravel pits, and other accumulations of earthen material",% of the upstream watershed (Ws)...,"% of the upstream watershed (Ws) areas classified as areas of bedrock, desert pavement, scarps, talus, slides, volcanic materical, glacial debris, sand dunes, strip mines, gravel pits, and other accumulations of earthen material. Derived from the nlcd2013.tif (class 31) landscape raster.",,Landscape,PCTBL2013WS,1819,epa_metadata
land_PCTBL2016WS,"% of the upstream watershed (Ws) areas classified as areas of bedrock, desert pavement, scarps, talus, slides, volcanic materical, glacial debris, sand dunes, strip mines, gravel pits, and other accumulations of earthen material",% of the upstream watershed (Ws)...,"% of the upstream watershed (Ws) areas classified as areas of bedrock, desert pavement, scarps, talus, slides, volcanic materical, glacial debris, sand dunes, strip mines, gravel pits, and other accumulations of earthen material. Derived from the nlcd2016.tif (class 31) landscape raster.",,Landscape,PCTBL2016WS,1819,epa_metadata
land_PCTBL2019WS,"% of the upstream watershed (Ws) areas classified as areas of bedrock, desert pavement, scarps, talus, slides, volcanic materical, glacial debris, sand dunes, strip mines, gravel pits, and other accumulations of earthen material",% of the upstream watershed (Ws)...,"% of the upstream watershed (Ws) areas classified as areas of bedrock, desert pavement, scarps, talus, slides, volcanic materical, glacial debris, sand dunes, strip mines, gravel pits, and other accumulations of earthen material. Derived from the nlcd2019.tif (class 31) landscape raster.",,Landscape,PCTBL2019WS,1819,epa_metadata
land_PCTCARBONATEWS,% of the upstream watershed (Ws) classified as bedrock permeability type: Carbonate rock,% of the upstream watershed (Ws)...,% of the upstream watershed (Ws) classified as bedrock permeability type: Carbonate rock.,,Landscape,PCTCARBONATEWS,1819,epa_metadata
land_PCTCARBRESIDWS,% of the upstream watershed (Ws) classified as lithology type: carbonate residual material,% of the upstream watershed (Ws)...,% of the upstream watershed (Ws) classified as lithology type: carbonate residual material.,,Landscape,PCTCARBRESIDWS,1819,epa_metadata
land_PCTCOASTCRSWS,"% of the upstream watershed (Ws) classified as lithology type: coastal zone sediment, coarse-textured",% of the upstream watershed (Ws)...,"% of the upstream watershed (Ws) classified as lithology type: coastal zone sediment, coarse-textured.",,Landscape,PCTCOASTCRSWS,1819,epa_metadata
land_PCTCOLLUVSEDWS,% of the upstream watershed (Ws) classified as lithology type: colluvial sediment,% of the upstream watershed (Ws)...,% of the upstream watershed (Ws) classified as lithology type: colluvial sediment.,,Landscape,PCTCOLLUVSEDWS,1819,epa_metadata
land_PCTCONIF2001WS,% of the upstream watershed (Ws) areas classified as evergreen forest land cover,% of the upstream watershed (Ws)...,% of the upstream watershed (Ws) areas classified as evergreen forest land cover. Derived from the nlcd2001.tif (class 42) landscape raster.,,Landscape,PCTCONIF2001WS,1819,epa_metadata
land_PCTCONIF2004WS,% of the upstream watershed (Ws) areas classified as evergreen forest land cover,% of the upstream watershed (Ws)...,% of the upstream watershed (Ws) areas classified as evergreen forest land cover. Derived from the nlcd2004.tif (class 42) landscape raster.,,Landscape,PCTCONIF2004WS,1819,epa_metadata
land_PCTCONIF2006WS,% of the upstream watershed (Ws) areas classified as evergreen forest land cover,% of the upstream watershed (Ws)...,% of the upstream watershed (Ws) areas classified as evergreen forest land cover. Derived from the nlcd2006.tif (class 42) landscape raster.,,Landscape,PCTCONIF2006WS,1819,epa_metadata
land_PCTCONIF2008WS,% of the upstream watershed (Ws) areas classified as evergreen forest land cover,% of the upstream watershed (Ws)...,% of the upstream watershed (Ws) areas classified as evergreen forest land cover. Derived from the nlcd2008.tif (class 42) landscape raster.,,Landscape,PCTCONIF2008WS,1819,epa_metadata
land_PCTCONIF2011WS,% of the upstream watershed (Ws) areas classified as evergreen forest land cover,% of the upstream watershed (Ws)...,% of the upstream watershed (Ws) areas classified as evergreen forest land cover. Derived from the nlcd2011.tif (class 42) landscape raster.,,Landscape,PCTCONIF2011WS,1819,epa_metadata
land_PCTCONIF2013WS,% of the upstream watershed (Ws) areas classified as evergreen forest land cover,% of the upstream watershed (Ws)...,% of the upstream watershed (Ws) areas classified as evergreen forest land cover. Derived from the nlcd2013.tif (class 42) landscape raster.,,Landscape,PCTCONIF2013WS,1819,epa_metadata
land_PCTCONIF2016WS,% of the upstream watershed (Ws) areas classified as evergreen forest land cover,% of the upstream watershed (Ws)...,% of the upstream watershed (Ws) areas classified as evergreen forest land cover. Derived from the nlcd2016.tif (class 42) landscape raster.,,Landscape,PCTCONIF2016WS,1819,epa_metadata
land_PCTCONIF2019WS,% of the upstream watershed (Ws) areas classified as evergreen forest land cover,% of the upstream watershed (Ws)...,% of the upstream watershed (Ws) areas classified as evergreen forest land cover. Derived from the nlcd2019.tif (class 42) landscape raster.,,Landscape,PCTCONIF2019WS,1819,epa_metadata
land_PCTCROP2001WS,% of the upstream watershed (Ws) areas classified as row crop land use,% of the upstream watershed (Ws)...,% of the upstream watershed (Ws) areas classified as row crop land use. Derived from the nlcd2001.tif (class 82) landscape raster,,Landscape,PCTCROP2001WS,1819,epa_metadata
land_PCTCROP2004WS,% of the upstream watershed (Ws) areas classified as row crop land use,% of the upstream watershed (Ws)...,% of the upstream watershed (Ws) areas classified as row crop land use. Derived from the nlcd2004.tif (class 82) landscape raster,,Landscape,PCTCROP2004WS,1819,epa_metadata
land_PCTCROP2006WS,% of the upstream watershed (Ws) areas classified as row crop land use,% of the upstream watershed (Ws)...,% of the upstream watershed (Ws) areas classified as row crop land use. Derived from the nlcd2006.tif (class 82) landscape raster,,Landscape,PCTCROP2006WS,1819,epa_metadata
land_PCTCROP2008WS,% of the upstream watershed (Ws) areas classified as row crop land use,% of the upstream watershed (Ws)...,% of the upstream watershed (Ws) areas classified as row crop land use. Derived from the nlcd2008.tif (class 82) landscape raster,,Landscape,PCTCROP2008WS,1819,epa_metadata
land_PCTCROP2011WS,% of the upstream watershed (Ws) areas classified as row crop land use,% of the upstream watershed (Ws)...,% of the upstream watershed (Ws) areas classified as row crop land use. Derived from the nlcd2011.tif (class 82) landscape raster,,Landscape,PCTCROP2011WS,1819,epa_metadata
land_PCTCROP2013WS,% of the upstream watershed (Ws) areas classified as row crop land use,% of the upstream watershed (Ws)...,% of the upstream watershed (Ws) areas classified as row crop land use. Derived from the nlcd2013.tif (class 82) landscape raster,,Landscape,PCTCROP2013WS,1819,epa_metadata
land_PCTCROP2016WS,% of the upstream watershed (Ws) areas classified as row crop land use,% of the upstream watershed (Ws)...,% of the upstream watershed (Ws) areas classified as row crop land use. Derived from the nlcd2016.tif (class 82) landscape raster,,Landscape,PCTCROP2016WS,1819,epa_metadata
land_PCTCROP2019WS,% of the upstream watershed (Ws) areas classified as row crop land use,% of the upstream watershed (Ws)...,% of the upstream watershed (Ws) areas classified as row crop land use. Derived from the nlcd2019.tif (class 82) landscape raster,,Landscape,PCTCROP2019WS,1819,epa_metadata
land_PCTDECID2001WS,% of the upstream watershed (Ws) areas classified as deciduous forest land cover,% of the upstream watershed (Ws)...,% of the upstream watershed (Ws) areas classified as deciduous forest land cover. Derived from the nlcd2001.tif (class 41) landscape raster.,,Landscape,PCTDECID2001WS,1819,epa_metadata
land_PCTDECID2004WS,% of the upstream watershed (Ws) areas classified as deciduous forest land cover,% of the upstream watershed (Ws)...,% of the upstream watershed (Ws) areas classified as deciduous forest land cover. Derived from the nlcd2004.tif (class 41) landscape raster.,,Landscape,PCTDECID2004WS,1819,epa_metadata
land_PCTDECID2006WS,% of the upstream watershed (Ws) areas classified as deciduous forest land cover,% of the upstream watershed (Ws)...,% of the upstream watershed (Ws) areas classified as deciduous forest land cover. Derived from the nlcd2006.tif (class 41) landscape raster.,,Landscape,PCTDECID2006WS,1819,epa_metadata
land_PCTDECID2008WS,% of the upstream watershed (Ws) areas classified as deciduous forest land cover,% of the upstream watershed (Ws)...,% of the upstream watershed (Ws) areas classified as deciduous forest land cover. Derived from the nlcd2008.tif (class 41) landscape raster.,,Landscape,PCTDECID2008WS,1819,epa_metadata
land_PCTDECID2011WS,% of the upstream watershed (Ws) areas classified as deciduous forest land cover,% of the upstream watershed (Ws)...,% of the upstream watershed (Ws) areas classified as deciduous forest land cover. Derived from the nlcd2011.tif (class 41) landscape raster.,,Landscape,PCTDECID2011WS,1819,epa_metadata
land_PCTDECID2013WS,% of the upstream watershed (Ws) areas classified as deciduous forest land cover,% of the upstream watershed (Ws)...,% of the upstream watershed (Ws) areas classified as deciduous forest land cover. Derived from the nlcd2013.tif (class 41) landscape raster.,,Landscape,PCTDECID2013WS,1819,epa_metadata
land_PCTDECID2016WS,% of the upstream watershed (Ws) areas classified as deciduous forest land cover,% of the upstream watershed (Ws)...,% of the upstream watershed (Ws) areas classified as deciduous forest land cover. Derived from the nlcd2016.tif (class 41) landscape raster.,,Landscape,PCTDECID2016WS,1819,epa_metadata
land_PCTDECID2019WS,% of the upstream watershed (Ws) areas classified as deciduous forest land cover,% of the upstream watershed (Ws)...,% of the upstream watershed (Ws) areas classified as deciduous forest land cover. Derived from the nlcd2019.tif (class 41) landscape raster.,,Landscape,PCTDECID2019WS,1819,epa_metadata
land_PCTEOLCRSWS,"% of the upstream watershed (Ws) classified as lithology type: eolian sediment, coarse-textured (sand dunes)",% of the upstream watershed (Ws)...,"% of the upstream watershed (Ws) classified as lithology type: eolian sediment, coarse-textured (sand dunes).",,Landscape,PCTEOLCRSWS,1819,epa_metadata
land_PCTEOLFINEWS,"% of the upstream watershed (Ws) classified as lithology type: eolian sediment, fine-textured (glacial loess)",% of the upstream watershed (Ws)...,"% of the upstream watershed (Ws) classified as lithology type: eolian sediment, fine-textured (glacial loess).",,Landscape,PCTEOLFINEWS,1819,epa_metadata
land_PCTEXTRUVOLWS,% of the upstream watershed (Ws) classified as lithology type: extrusive volcanic rock,% of the upstream watershed (Ws)...,% of the upstream watershed (Ws) classified as lithology type: extrusive volcanic rock.,,Landscape,PCTEXTRUVOLWS,1819,epa_metadata
land_PCTFIRE2000WS,% Forest loss to fire (fire perimeter) for 2000,% Forest loss to fire (fire...,% Forest loss to fire (fire perimeter) for 2000 within the upstream watershed (Ws).,,Landscape,PCTFIRE2000WS,1819,epa_metadata
land_PCTFIRE2001WS,% Forest loss to fire (fire perimeter) for 2001,% Forest loss to fire (fire...,% Forest loss to fire (fire perimeter) for 2001 within the upstream watershed (Ws).,,Landscape,PCTFIRE2001WS,1819,epa_metadata
land_PCTFIRE2002WS,% Forest loss to fire (fire perimeter) for 2002,% Forest loss to fire (fire...,% Forest loss to fire (fire perimeter) for 2002 within the upstream watershed (Ws).,,Landscape,PCTFIRE2002WS,1819,epa_metadata
land_PCTFIRE2003WS,% Forest loss to fire (fire perimeter) for 2003,% Forest loss to fire (fire...,% Forest loss to fire (fire perimeter) for 2003 within the upstream watershed (Ws).,,Landscape,PCTFIRE2003WS,1819,epa_metadata
land_PCTFIRE2004WS,% Forest loss to fire (fire perimeter) for 2004,% Forest loss to fire (fire...,% Forest loss to fire (fire perimeter) for 2004 within the upstream watershed (Ws).,,Landscape,PCTFIRE2004WS,1819,epa_metadata
land_PCTFIRE2005WS,% Forest loss to fire (fire perimeter) for 2005,% Forest loss to fire (fire...,% Forest loss to fire (fire perimeter) for 2005 within the upstream watershed (Ws).,,Landscape,PCTFIRE2005WS,1819,epa_metadata
land_PCTFIRE2006WS,% Forest loss to fire (fire perimeter) for 2006,% Forest loss to fire (fire...,% Forest loss to fire (fire perimeter) for 2006 within the upstream watershed (Ws).,,Landscape,PCTFIRE2006WS,1819,epa_metadata
land_PCTFIRE2007WS,% Forest loss to fire (fire perimeter) for 2007,% Forest loss to fire (fire...,% Forest loss to fire (fire perimeter) for 2007 within the upstream watershed (Ws).,,Landscape,PCTFIRE2007WS,1819,epa_metadata
land_PCTFIRE2008WS,% Forest loss to fire (fire perimeter) for 2008,% Forest loss to fire (fire...,% Forest loss to fire (fire perimeter) for 2008 within the upstream watershed (Ws).,,Landscape,PCTFIRE2008WS,1819,epa_metadata
land_PCTFIRE2009WS,% Forest loss to fire (fire perimeter) for 2009,% Forest loss to fire (fire...,% Forest loss to fire (fire perimeter) for 2009 within the upstream watershed (Ws).,,Landscape,PCTFIRE2009WS,1819,epa_metadata
land_PCTFIRE2010WS,% Forest loss to fire (fire perimeter) for 2010,% Forest loss to fire (fire...,% Forest loss to fire (fire perimeter) for 2010 within the upstream watershed (Ws).,,Landscape,PCTFIRE2010WS,1819,epa_metadata
land_PCTFRSTLOSS2001WS,% Forest cover loss (Tree canopy cover change) for 2001 within watershed,% Forest cover loss (Tree canopy...,% Forest cover loss (Tree canopy cover change) for 2001 within watershed,,Landscape,PCTFRSTLOSS2001WS,1819,epa_metadata
land_PCTFRSTLOSS2002WS,% Forest cover loss (Tree canopy cover change) for 2002 within watershed,% Forest cover loss (Tree canopy...,% Forest cover loss (Tree canopy cover change) for 2002 within watershed,,Landscape,PCTFRSTLOSS2002WS,1819,epa_metadata
land_PCTFRSTLOSS2003WS,% Forest cover loss (Tree canopy cover change) for 2003 within watershed,% Forest cover loss (Tree canopy...,% Forest cover loss (Tree canopy cover change) for 2003 within watershed,,Landscape,PCTFRSTLOSS2003WS,1819,epa_metadata
land_PCTFRSTLOSS2004WS,% Forest cover loss (Tree canopy cover change) for 2004 within watershed,% Forest cover loss (Tree canopy...,% Forest cover loss (Tree canopy cover change) for 2004 within watershed,,Landscape,PCTFRSTLOSS2004WS,1819,epa_metadata
land_PCTFRSTLOSS2005WS,% Forest cover loss (Tree canopy cover change) for 2005 within watershed,% Forest cover loss (Tree canopy...,% Forest cover loss (Tree canopy cover change) for 2005 within watershed,,Landscape,PCTFRSTLOSS2005WS,1819,epa_metadata
land_PCTFRSTLOSS2006WS,% Forest cover loss (Tree canopy cover change) for 2006 within watershed,% Forest cover loss (Tree canopy...,% Forest cover loss (Tree canopy cover change) for 2006 within watershed,,Landscape,PCTFRSTLOSS2006WS,1819,epa_metadata
land_PCTFRSTLOSS2007WS,% Forest cover loss (Tree canopy cover change) for 2007 within watershed,% Forest cover loss (Tree canopy...,% Forest cover loss (Tree canopy cover change) for 2007 within watershed,,Landscape,PCTFRSTLOSS2007WS,1819,epa_metadata
land_PCTFRSTLOSS2008WS,% Forest cover loss (Tree canopy cover change) for 2008 within watershed,% Forest cover loss (Tree canopy...,% Forest cover loss (Tree canopy cover change) for 2008 within watershed,,Landscape,PCTFRSTLOSS2008WS,1819,epa_metadata
land_PCTFRSTLOSS2009WS,% Forest cover loss (Tree canopy cover change) for 2009 within watershed,% Forest cover loss (Tree canopy...,% Forest cover loss (Tree canopy cover change) for 2009 within watershed,,Landscape,PCTFRSTLOSS2009WS,1819,epa_metadata
land_PCTFRSTLOSS2010WS,% Forest cover loss (Tree canopy cover change) for 2010 within watershed,% Forest cover loss (Tree canopy...,% Forest cover loss (Tree canopy cover change) for 2010 within watershed,,Landscape,PCTFRSTLOSS2010WS,1819,epa_metadata
land_PCTFRSTLOSS2011WS,% Forest cover loss (Tree canopy cover change) for 2011 within watershed,% Forest cover loss (Tree canopy...,% Forest cover loss (Tree canopy cover change) for 2011 within watershed,,Landscape,PCTFRSTLOSS2011WS,1819,epa_metadata
land_PCTFRSTLOSS2012WS,% Forest cover loss (Tree canopy cover change) for 2012 within watershed,% Forest cover loss (Tree canopy...,% Forest cover loss (Tree canopy cover change) for 2012 within watershed,,Landscape,PCTFRSTLOSS2012WS,1819,epa_metadata
land_PCTFRSTLOSS2013WS,% Forest cover loss (Tree canopy cover change) for 2013 within watershed,% Forest cover loss (Tree canopy...,% Forest cover loss (Tree canopy cover change) for 2013 within watershed,,Landscape,PCTFRSTLOSS2013WS,1819,epa_metadata
land_PCTGLACLAKECRSWS,"% of the upstream watershed (Ws) classified as lithology type: glacial outwash and glacial lake sediment, coarse-textured",% of the upstream watershed (Ws)...,"% of the upstream watershed (Ws) classified as lithology type: glacial outwash and glacial lake sediment, coarse-textured.",,Landscape,PCTGLACLAKECRSWS,1819,epa_metadata
land_PCTGLACLAKEFINEWS,"% of the upstream watershed (Ws) classified as lithology type: glacial outwash and glacial lake sediment, fine-textured",% of the upstream watershed (Ws)...,"% of the upstream watershed (Ws) classified as lithology type: glacial outwash and glacial lake sediment, fine-textured.",,Landscape,PCTGLACLAKEFINEWS,1819,epa_metadata
land_PCTGLACTILCLAYWS,"% of the upstream watershed (Ws) classified as lithology type: glacial till, clayey",% of the upstream watershed (Ws)...,"% of the upstream watershed (Ws) classified as lithology type: glacial till, clayey.",,Landscape,PCTGLACTILCLAYWS,1819,epa_metadata
land_PCTGLACTILCRSWS,"% of the upstream watershed (Ws) classified as lithology type: glacial till, coarse-textured",% of the upstream watershed (Ws)...,"% of the upstream watershed (Ws) classified as lithology type: glacial till, coarse-textured.",,Landscape,PCTGLACTILCRSWS,1819,epa_metadata
land_PCTGLACTILLOAMWS,"% of the upstream watershed (Ws) classified as lithology type: glacial till, loamy",% of the upstream watershed (Ws)...,"% of the upstream watershed (Ws) classified as lithology type: glacial till, loamy.",,Landscape,PCTGLACTILLOAMWS,1819,epa_metadata
land_PCTGRS2001WS,% of the upstream watershed (Ws) areas classified as grassland/herbaceous land cover,% of the upstream watershed (Ws)...,% of the upstream watershed (Ws) areas classified as grassland/herbaceous land cover. Derived from the nlcd2001.tif (class 71) landscape raster.,,Landscape,PCTGRS2001WS,1819,epa_metadata
land_PCTGRS2004WS,% of the upstream watershed (Ws) areas classified as grassland/herbaceous land cover,% of the upstream watershed (Ws)...,% of the upstream watershed (Ws) areas classified as grassland/herbaceous land cover. Derived from the nlcd2004.tif (class 71) landscape raster.,,Landscape,PCTGRS2004WS,1819,epa_metadata
land_PCTGRS2006WS,% of the upstream watershed (Ws) areas classified as grassland/herbaceous land cover,% of the upstream watershed (Ws)...,% of the upstream watershed (Ws) areas classified as grassland/herbaceous land cover. Derived from the nlcd2006.tif (class 71) landscape raster.,,Landscape,PCTGRS2006WS,1819,epa_metadata
land_PCTGRS2008WS,% of the upstream watershed (Ws) areas classified as grassland/herbaceous land cover,% of the upstream watershed (Ws)...,% of the upstream watershed (Ws) areas classified as grassland/herbaceous land cover. Derived from the nlcd2008.tif (class 71) landscape raster.,,Landscape,PCTGRS2008WS,1819,epa_metadata
land_PCTGRS2011WS,% of the upstream watershed (Ws) areas classified as grassland/herbaceous land cover,% of the upstream watershed (Ws)...,% of the upstream watershed (Ws) areas classified as grassland/herbaceous land cover. Derived from the nlcd2011.tif (class 71) landscape raster.,,Landscape,PCTGRS2011WS,1819,epa_metadata
land_PCTGRS2013WS,% of the upstream watershed (Ws) areas classified as grassland/herbaceous land cover,% of the upstream watershed (Ws)...,% of the upstream watershed (Ws) areas classified as grassland/herbaceous land cover. Derived from the nlcd2013.tif (class 71) landscape raster.,,Landscape,PCTGRS2013WS,1819,epa_metadata
land_PCTGRS2016WS,% of the upstream watershed (Ws) areas classified as grassland/herbaceous land cover,% of the upstream watershed (Ws)...,% of the upstream watershed (Ws) areas classified as grassland/herbaceous land cover. Derived from the nlcd2016.tif (class 71) landscape raster.,,Landscape,PCTGRS2016WS,1819,epa_metadata
land_PCTGRS2019WS,% of the upstream watershed (Ws) areas classified as grassland/herbaceous land cover,% of the upstream watershed (Ws)...,% of the upstream watershed (Ws) areas classified as grassland/herbaceous land cover. Derived from the nlcd2019.tif (class 71) landscape raster.,,Landscape,PCTGRS2019WS,1819,epa_metadata
land_PCTHAY2001WS,% of the upstream watershed (Ws) areas classified as pasture/hay land use,% of the upstream watershed (Ws)...,% of the upstream watershed (Ws) areas classified as pasture/hay land use. Derived from the nlcd2001.tif (class 81) landscape raster.,,Landscape,PCTHAY2001WS,1819,epa_metadata
land_PCTHAY2004WS,% of the upstream watershed (Ws) areas classified as pasture/hay land use,% of the upstream watershed (Ws)...,% of the upstream watershed (Ws) areas classified as pasture/hay land use. Derived from the nlcd2004.tif (class 81) landscape raster.,,Landscape,PCTHAY2004WS,1819,epa_metadata
land_PCTHAY2006WS,% of the upstream watershed (Ws) areas classified as pasture/hay land use,% of the upstream watershed (Ws)...,% of the upstream watershed (Ws) areas classified as pasture/hay land use. Derived from the nlcd2006.tif (class 81) landscape raster.,,Landscape,PCTHAY2006WS,1819,epa_metadata
land_PCTHAY2008WS,% of the upstream watershed (Ws) areas classified as pasture/hay land use,% of the upstream watershed (Ws)...,% of the upstream watershed (Ws) areas classified as pasture/hay land use. Derived from the nlcd2008.tif (class 81) landscape raster.,,Landscape,PCTHAY2008WS,1819,epa_metadata
land_PCTHAY2011WS,% of the upstream watershed (Ws) areas classified as pasture/hay land use,% of the upstream watershed (Ws)...,% of the upstream watershed (Ws) areas classified as pasture/hay land use. Derived from the nlcd2011.tif (class 81) landscape raster.,,Landscape,PCTHAY2011WS,1819,epa_metadata
land_PCTHAY2013WS,% of the upstream watershed (Ws) areas classified as pasture/hay land use,% of the upstream watershed (Ws)...,% of the upstream watershed (Ws) areas classified as pasture/hay land use. Derived from the nlcd2013.tif (class 81) landscape raster.,,Landscape,PCTHAY2013WS,1819,epa_metadata
land_PCTHAY2016WS,% of the upstream watershed (Ws) areas classified as pasture/hay land use,% of the upstream watershed (Ws)...,% of the upstream watershed (Ws) areas classified as pasture/hay land use. Derived from the nlcd2016.tif (class 81) landscape raster.,,Landscape,PCTHAY2016WS,1819,epa_metadata
land_PCTHAY2019WS,% of the upstream watershed (Ws) areas classified as pasture/hay land use,% of the upstream watershed (Ws)...,% of the upstream watershed (Ws) areas classified as pasture/hay land use. Derived from the nlcd2019.tif (class 81) landscape raster.,,Landscape,PCTHAY2019WS,1819,epa_metadata
land_PCTHBWET2001WS,% of the upstream watershed (Ws) areas classified as herbaceous wetland land cover,% of the upstream watershed (Ws)...,% of the upstream watershed (Ws) areas classified as herbaceous wetland land cover. Derived from the nlcd2001.tif (class 95) landscape raster.,,Landscape,PCTHBWET2001WS,1819,epa_metadata
land_PCTHBWET2004WS,% of the upstream watershed (Ws) areas classified as herbaceous wetland land cover,% of the upstream watershed (Ws)...,% of the upstream watershed (Ws) areas classified as herbaceous wetland land cover. Derived from the nlcd2004.tif (class 95) landscape raster.,,Landscape,PCTHBWET2004WS,1819,epa_metadata
land_PCTHBWET2006WS,% of the upstream watershed (Ws) areas classified as herbaceous wetland land cover,% of the upstream watershed (Ws)...,% of the upstream watershed (Ws) areas classified as herbaceous wetland land cover. Derived from the nlcd2006.tif (class 95) landscape raster.,,Landscape,PCTHBWET2006WS,1819,epa_metadata
land_PCTHBWET2008WS,% of the upstream watershed (Ws) areas classified as herbaceous wetland land cover,% of the upstream watershed (Ws)...,% of the upstream watershed (Ws) areas classified as herbaceous wetland land cover. Derived from the nlcd2008.tif (class 95) landscape raster.,,Landscape,PCTHBWET2008WS,1819,epa_metadata
land_PCTHBWET2011WS,% of the upstream watershed (Ws) areas classified as herbaceous wetland land cover,% of the upstream watershed (Ws)...,% of the upstream watershed (Ws) areas classified as herbaceous wetland land cover. Derived from the nlcd2011.tif (class 95) landscape raster.,,Landscape,PCTHBWET2011WS,1819,epa_metadata
land_PCTHBWET2013WS,% of the upstream watershed (Ws) areas classified as herbaceous wetland land cover,% of the upstream watershed (Ws)...,% of the upstream watershed (Ws) areas classified as herbaceous wetland land cover. Derived from the nlcd2013.tif (class 95) landscape raster.,,Landscape,PCTHBWET2013WS,1819,epa_metadata
land_PCTHBWET2016WS,% of the upstream watershed (Ws) areas classified as herbaceous wetland land cover,% of the upstream watershed (Ws)...,% of the upstream watershed (Ws) areas classified as herbaceous wetland land cover. Derived from the nlcd2016.tif (class 95) landscape raster.,,Landscape,PCTHBWET2016WS,1819,epa_metadata
land_PCTHBWET2019WS,% of the upstream watershed (Ws) areas classified as herbaceous wetland land cover,% of the upstream watershed (Ws)...,% of the upstream watershed (Ws) areas classified as herbaceous wetland land cover. Derived from the nlcd2019.tif (class 95) landscape raster.,,Landscape,PCTHBWET2019WS,1819,epa_metadata
land_PCTHYDRICWS,"% of the upstream watershed (Ws) classified as lithology type: hydric, peat and muck",% of the upstream watershed (Ws)...,"% of the upstream watershed (Ws) classified as lithology type: hydric, peat and muck.",,Landscape,PCTHYDRICWS,1819,epa_metadata
land_PCTICE2001WS,% of the upstream watershed (Ws) areas classified as ice/snow land cover,% of the upstream watershed (Ws)...,% of the upstream watershed (Ws) areas classified as ice/snow land cover. Derived from the nlcd2001.tif (class 12) landscape raster.,,Landscape,PCTICE2001WS,1819,epa_metadata
land_PCTICE2004WS,% of the upstream watershed (Ws) areas classified as ice/snow land cover,% of the upstream watershed (Ws)...,% of the upstream watershed (Ws) areas classified as ice/snow land cover. Derived from the nlcd2004.tif (class 12) landscape raster.,,Landscape,PCTICE2004WS,1819,epa_metadata
land_PCTICE2006WS,% of the upstream watershed (Ws) areas classified as ice/snow land cover,% of the upstream watershed (Ws)...,% of the upstream watershed (Ws) areas classified as ice/snow land cover. Derived from the nlcd2006.tif (class 12) landscape raster.,,Landscape,PCTICE2006WS,1819,epa_metadata
land_PCTICE2008WS,% of the upstream watershed (Ws) areas classified as ice/snow land cover,% of the upstream watershed (Ws)...,% of the upstream watershed (Ws) areas classified as ice/snow land cover. Derived from the nlcd2008.tif (class 12) landscape raster.,,Landscape,PCTICE2008WS,1819,epa_metadata
land_PCTICE2011WS,% of the upstream watershed (Ws) areas classified as ice/snow land cover,% of the upstream watershed (Ws)...,% of the upstream watershed (Ws) areas classified as ice/snow land cover. Derived from the nlcd2011.tif (class 12) landscape raster.,,Landscape,PCTICE2011WS,1819,epa_metadata
land_PCTICE2013WS,% of the upstream watershed (Ws) areas classified as ice/snow land cover,% of the upstream watershed (Ws)...,% of the upstream watershed (Ws) areas classified as ice/snow land cover. Derived from the nlcd2013.tif (class 12) landscape raster.,,Landscape,PCTICE2013WS,1819,epa_metadata
land_PCTICE2016WS,% of the upstream watershed (Ws) areas classified as ice/snow land cover,% of the upstream watershed (Ws)...,% of the upstream watershed (Ws) areas classified as ice/snow land cover. Derived from the nlcd2016.tif (class 12) landscape raster.,,Landscape,PCTICE2016WS,1819,epa_metadata
land_PCTICE2019WS,% of the upstream watershed (Ws) areas classified as ice/snow land cover,% of the upstream watershed (Ws)...,% of the upstream watershed (Ws) areas classified as ice/snow land cover. Derived from the nlcd2019.tif (class 12) landscape raster.,,Landscape,PCTICE2019WS,1819,epa_metadata
land_PCTIMP2001WS,Mean imperviousness of anthropogenic surfaces (NLCD 2001),Mean imperviousness of...,Mean imperviousness of anthropogenic surfaces (NLCD 2001) within the upstream watershed (Ws).,,Landscape,PCTIMP2001WS,1819,epa_metadata
land_PCTIMP2004WS,Mean imperviousness of anthropogenic surfaces (NLCD 2004),Mean imperviousness of...,Mean imperviousness of anthropogenic surfaces (NLCD 2004) within the upstream watershed (Ws).,,Landscape,PCTIMP2004WS,1819,epa_metadata
land_PCTIMP2006WS,Mean imperviousness of anthropogenic surfaces (NLCD 2006),Mean imperviousness of...,Mean imperviousness of anthropogenic surfaces (NLCD 2006) within the upstream watershed (Ws).,,Landscape,PCTIMP2006WS,1819,epa_metadata
land_PCTIMP2008WS,Mean imperviousness of anthropogenic surfaces (NLCD 2008),Mean imperviousness of...,Mean imperviousness of anthropogenic surfaces (NLCD 2008) within the upstream watershed (Ws).,,Landscape,PCTIMP2008WS,1819,epa_metadata
land_PCTIMP2011WS,Mean imperviousness of anthropogenic surfaces (NLCD 2011),Mean imperviousness of...,Mean imperviousness of anthropogenic surfaces (NLCD 2011) within the upstream watershed (Ws).,,Landscape,PCTIMP2011WS,1819,epa_metadata
land_PCTIMP2013WS,Mean imperviousness of anthropogenic surfaces (NLCD 2013),Mean imperviousness of...,Mean imperviousness of anthropogenic surfaces (NLCD 2013) within the upstream watershed (Ws).,,Landscape,PCTIMP2013WS,1819,epa_metadata
land_PCTIMP2016WS,Mean imperviousness of anthropogenic surfaces (NLCD 2016),Mean imperviousness of...,Mean imperviousness of anthropogenic surfaces (NLCD 2016) within the upstream watershed (Ws).,,Landscape,PCTIMP2016WS,1819,epa_metadata
land_PCTIMP2019WS,Mean imperviousness of anthropogenic surfaces (NLCD 2019),Mean imperviousness of...,Mean imperviousness of anthropogenic surfaces (NLCD 2019) within the upstream watershed (Ws).,,Landscape,PCTIMP2019WS,1819,epa_metadata
land_PCTMXFST2001WS,% of the upstream watershed (Ws) areas classified as mixed deciduous/evergreen forest land cover,% of the upstream watershed (Ws)...,% of the upstream watershed (Ws) areas classified as mixed deciduous/evergreen forest land cover. Derived from the nlcd2001.tif (class 43) landscape raster.,,Landscape,PCTMXFST2001WS,1819,epa_metadata
land_PCTMXFST2004WS,% of the upstream watershed (Ws) areas classified as mixed deciduous/evergreen forest land cover,% of the upstream watershed (Ws)...,% of the upstream watershed (Ws) areas classified as mixed deciduous/evergreen forest land cover. Derived from the nlcd2004.tif (class 43) landscape raster.,,Landscape,PCTMXFST2004WS,1819,epa_metadata
land_PCTMXFST2006WS,% of the upstream watershed (Ws) areas classified as mixed deciduous/evergreen forest land cover,% of the upstream watershed (Ws)...,% of the upstream watershed (Ws) areas classified as mixed deciduous/evergreen forest land cover. Derived from the nlcd2006.tif (class 43) landscape raster.,,Landscape,PCTMXFST2006WS,1819,epa_metadata
land_PCTMXFST2008WS,% of the upstream watershed (Ws) areas classified as mixed deciduous/evergreen forest land cover,% of the upstream watershed (Ws)...,% of the upstream watershed (Ws) areas classified as mixed deciduous/evergreen forest land cover. Derived from the nlcd2008.tif (class 43) landscape raster.,,Landscape,PCTMXFST2008WS,1819,epa_metadata
land_PCTMXFST2011WS,% of the upstream watershed (Ws) areas classified as mixed deciduous/evergreen forest land cover,% of the upstream watershed (Ws)...,% of the upstream watershed (Ws) areas classified as mixed deciduous/evergreen forest land cover. Derived from the nlcd2011.tif (class 43) landscape raster.,,Landscape,PCTMXFST2011WS,1819,epa_metadata
land_PCTMXFST2013WS,% of the upstream watershed (Ws) areas classified as mixed deciduous/evergreen forest land cover,% of the upstream watershed (Ws)...,% of the upstream watershed (Ws) areas classified as mixed deciduous/evergreen forest land cover. Derived from the nlcd2013.tif (class 43) landscape raster.,,Landscape,PCTMXFST2013WS,1819,epa_metadata
land_PCTMXFST2016WS,% of the upstream watershed (Ws) areas classified as mixed deciduous/evergreen forest land cover,% of the upstream watershed (Ws)...,% of the upstream watershed (Ws) areas classified as mixed deciduous/evergreen forest land cover. Derived from the nlcd2016.tif (class 43) landscape raster.,,Landscape,PCTMXFST2016WS,1819,epa_metadata
land_PCTMXFST2019WS,% of the upstream watershed (Ws) areas classified as mixed deciduous/evergreen forest land cover,% of the upstream watershed (Ws)...,% of the upstream watershed (Ws) areas classified as mixed deciduous/evergreen forest land cover. Derived from the nlcd2019.tif (class 43) landscape raster.,,Landscape,PCTMXFST2019WS,1819,epa_metadata
land_PCTNONAGINTRODMANAGVEGWS,"% Nonnative vegetation landcover type reclassed from LANDFIRE Existing Vegetation Type (EVT), within upstream watershed (Ws)",% Nonnative vegetation landcover...,"% Nonnative vegetation landcover type reclassed from LANDFIRE Existing Vegetation Type (EVT), within upstream watershed (Ws).",,Landscape,PCTNONAGINTRODMANAGVEGWS,1819,epa_metadata
land_PCTNONCARBRESIDWS,% of the upstream watershed (Ws) classified as lithology type: non-carbonate residual material,% of the upstream watershed (Ws)...,% of the upstream watershed (Ws) classified as lithology type: non-carbonate residual material.,,Landscape,PCTNONCARBRESIDWS,1819,epa_metadata
land_PCTNOT_PRINCIPLEWS,% of the upstream watershed (Ws) classified as bedrock permeability type: Not a prinicpal aquifer,% of the upstream watershed (Ws)...,% of the upstream watershed (Ws) classified as bedrock permeability type: Not a prinicpal aquifer.,,Landscape,PCTNOT_PRINCIPLEWS,1819,epa_metadata
land_PCTOW2001WS,% of the upstream watershed (Ws) areas classified as open water land cover,% of the upstream watershed (Ws)...,% of the upstream watershed (Ws) areas classified as open water land cover. Derived from the nlcd2001.tif (class 11) landscape raster.,,Landscape,PCTOW2001WS,1819,epa_metadata
land_PCTOW2004WS,% of the upstream watershed (Ws) areas classified as open water land cover,% of the upstream watershed (Ws)...,% of the upstream watershed (Ws) areas classified as open water land cover. Derived from the nlcd2004.tif (class 11) landscape raster.,,Landscape,PCTOW2004WS,1819,epa_metadata
land_PCTOW2006WS,% of the upstream watershed (Ws) areas classified as open water land cover,% of the upstream watershed (Ws)...,% of the upstream watershed (Ws) areas classified as open water land cover. Derived from the nlcd2006.tif (class 11) landscape raster.,,Landscape,PCTOW2006WS,1819,epa_metadata
land_PCTOW2008WS,% of the upstream watershed (Ws) areas classified as open water land cover,% of the upstream watershed (Ws)...,% of the upstream watershed (Ws) areas classified as open water land cover. Derived from the nlcd2008.tif (class 11) landscape raster.,,Landscape,PCTOW2008WS,1819,epa_metadata
land_PCTOW2011WS,% of the upstream watershed (Ws) areas classified as open water land cover,% of the upstream watershed (Ws)...,% of the upstream watershed (Ws) areas classified as open water land cover. Derived from the nlcd2011.tif (class 11) landscape raster.,,Landscape,PCTOW2011WS,1819,epa_metadata
land_PCTOW2013WS,% of the upstream watershed (Ws) areas classified as open water land cover,% of the upstream watershed (Ws)...,% of the upstream watershed (Ws) areas classified as open water land cover. Derived from the nlcd2013.tif (class 11) landscape raster.,,Landscape,PCTOW2013WS,1819,epa_metadata
land_PCTOW2016WS,% of the upstream watershed (Ws) areas classified as open water land cover,% of the upstream watershed (Ws)...,% of the upstream watershed (Ws) areas classified as open water land cover. Derived from the nlcd2016.tif (class 11) landscape raster.,,Landscape,PCTOW2016WS,1819,epa_metadata
land_PCTOW2019WS,% of the upstream watershed (Ws) areas classified as open water land cover,% of the upstream watershed (Ws)...,% of the upstream watershed (Ws) areas classified as open water land cover. Derived from the nlcd2019.tif (class 11) landscape raster.,,Landscape,PCTOW2019WS,1819,epa_metadata
land_PCTSALLAKEWS,% of the upstream watershed (Ws) classified as lithology type: saline like sediment,% of the upstream watershed (Ws)...,% of the upstream watershed (Ws) classified as lithology type: saline like sediment.,,Landscape,PCTSALLAKEWS,1819,epa_metadata
land_PCTSANDSTONEWS,% of the upstream watershed (Ws) classified as bedrock permeability type: Sandstone,% of the upstream watershed (Ws)...,% of the upstream watershed (Ws) classified as bedrock permeability type: Sandstone.,,Landscape,PCTSANDSTONEWS,1819,epa_metadata
land_PCTSANDSTONE_CARBONATEWS,% of the upstream watershed (Ws) classified as bedrock permeability type: Sandstone and carbonate rocks,% of the upstream watershed (Ws)...,% of the upstream watershed (Ws) classified as bedrock permeability type: Sandstone and carbonate rocks.,,Landscape,PCTSANDSTONE_CARBONATEWS,1819,epa_metadata
land_PCTSEMICONSOL_SANDWS,% of the upstream watershed (Ws) classified as bedrock permeability type: Semiconsolidated sand,% of the upstream watershed (Ws)...,% of the upstream watershed (Ws) classified as bedrock permeability type: Semiconsolidated sand.,,Landscape,PCTSEMICONSOL_SANDWS,1819,epa_metadata
land_PCTSHRB2001WS,% of the upstream watershed (Ws) areas classified as shrub/scrub land cover,% of the upstream watershed (Ws)...,% of the upstream watershed (Ws) areas classified as shrub/scrub land cover. Derived from the nlcd2001.tif (class 52) landscape raster.,,Landscape,PCTSHRB2001WS,1819,epa_metadata
land_PCTSHRB2004WS,% of the upstream watershed (Ws) areas classified as shrub/scrub land cover,% of the upstream watershed (Ws)...,% of the upstream watershed (Ws) areas classified as shrub/scrub land cover. Derived from the nlcd2004.tif (class 52) landscape raster.,,Landscape,PCTSHRB2004WS,1819,epa_metadata
land_PCTSHRB2006WS,% of the upstream watershed (Ws) areas classified as shrub/scrub land cover,% of the upstream watershed (Ws)...,% of the upstream watershed (Ws) areas classified as shrub/scrub land cover. Derived from the nlcd2006.tif (class 52) landscape raster.,,Landscape,PCTSHRB2006WS,1819,epa_metadata
land_PCTSHRB2008WS,% of the upstream watershed (Ws) areas classified as shrub/scrub land cover,% of the upstream watershed (Ws)...,% of the upstream watershed (Ws) areas classified as shrub/scrub land cover. Derived from the nlcd2008.tif (class 52) landscape raster.,,Landscape,PCTSHRB2008WS,1819,epa_metadata
land_PCTSHRB2011WS,% of the upstream watershed (Ws) areas classified as shrub/scrub land cover,% of the upstream watershed (Ws)...,% of the upstream watershed (Ws) areas classified as shrub/scrub land cover. Derived from the nlcd2011.tif (class 52) landscape raster.,,Landscape,PCTSHRB2011WS,1819,epa_metadata
land_PCTSHRB2013WS,% of the upstream watershed (Ws) areas classified as shrub/scrub land cover,% of the upstream watershed (Ws)...,% of the upstream watershed (Ws) areas classified as shrub/scrub land cover. Derived from the nlcd2013.tif (class 52) landscape raster.,,Landscape,PCTSHRB2013WS,1819,epa_metadata
land_PCTSHRB2016WS,% of the upstream watershed (Ws) areas classified as shrub/scrub land cover,% of the upstream watershed (Ws)...,% of the upstream watershed (Ws) areas classified as shrub/scrub land cover. Derived from the nlcd2016.tif (class 52) landscape raster.,,Landscape,PCTSHRB2016WS,1819,epa_metadata
land_PCTSHRB2019WS,% of the upstream watershed (Ws) areas classified as shrub/scrub land cover,% of the upstream watershed (Ws)...,% of the upstream watershed (Ws) areas classified as shrub/scrub land cover. Derived from the nlcd2019.tif (class 52) landscape raster.,,Landscape,PCTSHRB2019WS,1819,epa_metadata
land_PCTSILICICWS,% of the upstream watershed (Ws) classified as lithology type: silicic residual material,% of the upstream watershed (Ws)...,% of the upstream watershed (Ws) classified as lithology type: silicic residual material.,,Landscape,PCTSILICICWS,1819,epa_metadata
land_PCTUNCONSOL_SAND_GRAVELWS,% of the upstream watershed (Ws) classified as bedrock permeability type: Unconsolidated sand and gravel,% of the upstream watershed (Ws)...,% of the upstream watershed (Ws) classified as bedrock permeability type: Unconsolidated sand and gravel.,,Landscape,PCTUNCONSOL_SAND_GRAVELWS,1819,epa_metadata
land_PCTURBHI2001WS,"% of the upstream watershed (Ws) areas classified as developed, high intensity land use",% of the upstream watershed (Ws)...,"% of the upstream watershed (Ws) areas classified as developed, high intensity land use. Derived from the nlcd2001.tif (class 24) landscape raster.",,Landscape,PCTURBHI2001WS,1819,epa_metadata
land_PCTURBHI2004WS,"% of the upstream watershed (Ws) areas classified as developed, high intensity land use",% of the upstream watershed (Ws)...,"% of the upstream watershed (Ws) areas classified as developed, high intensity land use. Derived from the nlcd2004.tif (class 24) landscape raster.",,Landscape,PCTURBHI2004WS,1819,epa_metadata
land_PCTURBHI2006WS,"% of the upstream watershed (Ws) areas classified as developed, high intensity land use",% of the upstream watershed (Ws)...,"% of the upstream watershed (Ws) areas classified as developed, high intensity land use. Derived from the nlcd2006.tif (class 24) landscape raster.",,Landscape,PCTURBHI2006WS,1819,epa_metadata
land_PCTURBHI2008WS,"% of the upstream watershed (Ws) areas classified as developed, high intensity land use",% of the upstream watershed (Ws)...,"% of the upstream watershed (Ws) areas classified as developed, high intensity land use. Derived from the nlcd2008.tif (class 24) landscape raster.",,Landscape,PCTURBHI2008WS,1819,epa_metadata
land_PCTURBHI2011WS,"% of the upstream watershed (Ws) areas classified as developed, high intensity land use",% of the upstream watershed (Ws)...,"% of the upstream watershed (Ws) areas classified as developed, high intensity land use. Derived from the nlcd2011.tif (class 24) landscape raster.",,Landscape,PCTURBHI2011WS,1819,epa_metadata
land_PCTURBHI2013WS,"% of the upstream watershed (Ws) areas classified as developed, high intensity land use",% of the upstream watershed (Ws)...,"% of the upstream watershed (Ws) areas classified as developed, high intensity land use. Derived from the nlcd2013.tif (class 24) landscape raster.",,Landscape,PCTURBHI2013WS,1819,epa_metadata
land_PCTURBHI2016WS,"% of the upstream watershed (Ws) areas classified as developed, high intensity land use",% of the upstream watershed (Ws)...,"% of the upstream watershed (Ws) areas classified as developed, high intensity land use. Derived from the nlcd2016.tif (class 24) landscape raster.",,Landscape,PCTURBHI2016WS,1819,epa_metadata
land_PCTURBHI2019WS,"% of the upstream watershed (Ws) areas classified as developed, high intensity land use",% of the upstream watershed (Ws)...,"% of the upstream watershed (Ws) areas classified as developed, high intensity land use. Derived from the nlcd2019.tif (class 24) landscape raster.",,Landscape,PCTURBHI2019WS,1819,epa_metadata
land_PCTURBLO2001WS,"% of the upstream watershed (Ws) areas classified as developed, low intensity land use",% of the upstream watershed (Ws)...,"% of the upstream watershed (Ws) areas classified as developed, low intensity land use. Derived from the nlcd2001.tif (class 22) landscape raster.",,Landscape,PCTURBLO2001WS,1819,epa_metadata
land_PCTURBLO2004WS,"% of the upstream watershed (Ws) areas classified as developed, low intensity land use",% of the upstream watershed (Ws)...,"% of the upstream watershed (Ws) areas classified as developed, low intensity land use. Derived from the nlcd2004.tif (class 22) landscape raster.",,Landscape,PCTURBLO2004WS,1819,epa_metadata
land_PCTURBLO2006WS,"% of the upstream watershed (Ws) areas classified as developed, low intensity land use",% of the upstream watershed (Ws)...,"% of the upstream watershed (Ws) areas classified as developed, low intensity land use. Derived from the nlcd2006.tif (class 22) landscape raster.",,Landscape,PCTURBLO2006WS,1819,epa_metadata
land_PCTURBLO2008WS,"% of the upstream watershed (Ws) areas classified as developed, low intensity land use",% of the upstream watershed (Ws)...,"% of the upstream watershed (Ws) areas classified as developed, low intensity land use. Derived from the nlcd2008.tif (class 22) landscape raster.",,Landscape,PCTURBLO2008WS,1819,epa_metadata
land_PCTURBLO2011WS,"% of the upstream watershed (Ws) areas classified as developed, low intensity land use",% of the upstream watershed (Ws)...,"% of the upstream watershed (Ws) areas classified as developed, low intensity land use. Derived from the nlcd2011.tif (class 22) landscape raster.",,Landscape,PCTURBLO2011WS,1819,epa_metadata
land_PCTURBLO2013WS,"% of the upstream watershed (Ws) areas classified as developed, low intensity land use",% of the upstream watershed (Ws)...,"% of the upstream watershed (Ws) areas classified as developed, low intensity land use. Derived from the nlcd2013.tif (class 22) landscape raster.",,Landscape,PCTURBLO2013WS,1819,epa_metadata
land_PCTURBLO2016WS,"% of the upstream watershed (Ws) areas classified as developed, low intensity land use",% of the upstream watershed (Ws)...,"% of the upstream watershed (Ws) areas classified as developed, low intensity land use. Derived from the nlcd2016.tif (class 22) landscape raster.",,Landscape,PCTURBLO2016WS,1819,epa_metadata
land_PCTURBLO2019WS,"% of the upstream watershed (Ws) areas classified as developed, low intensity land use",% of the upstream watershed (Ws)...,"% of the upstream watershed (Ws) areas classified as developed, low intensity land use. Derived from the nlcd2019.tif (class 22) landscape raster.",,Landscape,PCTURBLO2019WS,1819,epa_metadata
land_PCTURBMD2001WS,"% of the upstream watershed (Ws) areas classified as developed, medium intensity land use",% of the upstream watershed (Ws)...,"% of the upstream watershed (Ws) areas classified as developed, medium intensity land use. Derived from the nlcd2001.tif (class 23) landscape raster.",,Landscape,PCTURBMD2001WS,1819,epa_metadata
land_PCTURBMD2004WS,"% of the upstream watershed (Ws) areas classified as developed, medium intensity land use",% of the upstream watershed (Ws)...,"% of the upstream watershed (Ws) areas classified as developed, medium intensity land use. Derived from the nlcd2004.tif (class 23) landscape raster.",,Landscape,PCTURBMD2004WS,1819,epa_metadata
land_PCTURBMD2006WS,"% of the upstream watershed (Ws) areas classified as developed, medium intensity land use",% of the upstream watershed (Ws)...,"% of the upstream watershed (Ws) areas classified as developed, medium intensity land use. Derived from the nlcd2006.tif (class 23) landscape raster.",,Landscape,PCTURBMD2006WS,1819,epa_metadata
land_PCTURBMD2008WS,"% of the upstream watershed (Ws) areas classified as developed, medium intensity land use",% of the upstream watershed (Ws)...,"% of the upstream watershed (Ws) areas classified as developed, medium intensity land use. Derived from the nlcd2008.tif (class 23) landscape raster.",,Landscape,PCTURBMD2008WS,1819,epa_metadata
land_PCTURBMD2011WS,"% of the upstream watershed (Ws) areas classified as developed, medium intensity land use",% of the upstream watershed (Ws)...,"% of the upstream watershed (Ws) areas classified as developed, medium intensity land use. Derived from the nlcd2011.tif (class 23) landscape raster.",,Landscape,PCTURBMD2011WS,1819,epa_metadata
land_PCTURBMD2013WS,"% of the upstream watershed (Ws) areas classified as developed, medium intensity land use",% of the upstream watershed (Ws)...,"% of the upstream watershed (Ws) areas classified as developed, medium intensity land use. Derived from the nlcd2013.tif (class 23) landscape raster.",,Landscape,PCTURBMD2013WS,1819,epa_metadata
land_PCTURBMD2016WS,"% of the upstream watershed (Ws) areas classified as developed, medium intensity land use",% of the upstream watershed (Ws)...,"% of the upstream watershed (Ws) areas classified as developed, medium intensity land use. Derived from the nlcd2016.tif (class 23) landscape raster.",,Landscape,PCTURBMD2016WS,1819,epa_metadata
land_PCTURBMD2019WS,"% of the upstream watershed (Ws) areas classified as developed, medium intensity land use",% of the upstream watershed (Ws)...,"% of the upstream watershed (Ws) areas classified as developed, medium intensity land use. Derived from the nlcd2019.tif (class 23) landscape raster.",,Landscape,PCTURBMD2019WS,1819,epa_metadata
land_PCTURBOP2001WS,"% of the upstream watershed (Ws) areas classified as developed, open space land use",% of the upstream watershed (Ws)...,"% of the upstream watershed (Ws) areas classified as developed, open space land use. Derived from the nlcd2001.tif (class 21) landscape raster.",,Landscape,PCTURBOP2001WS,1819,epa_metadata
land_PCTURBOP2004WS,"% of the upstream watershed (Ws) areas classified as developed, open space land use",% of the upstream watershed (Ws)...,"% of the upstream watershed (Ws) areas classified as developed, open space land use. Derived from the nlcd2004.tif (class 21) landscape raster.",,Landscape,PCTURBOP2004WS,1819,epa_metadata
land_PCTURBOP2006WS,"% of the upstream watershed (Ws) areas classified as developed, open space land use",% of the upstream watershed (Ws)...,"% of the upstream watershed (Ws) areas classified as developed, open space land use. Derived from the nlcd2006.tif (class 21) landscape raster.",,Landscape,PCTURBOP2006WS,1819,epa_metadata
land_PCTURBOP2008WS,"% of the upstream watershed (Ws) areas classified as developed, open space land use",% of the upstream watershed (Ws)...,"% of the upstream watershed (Ws) areas classified as developed, open space land use. Derived from the nlcd2008.tif (class 21) landscape raster.",,Landscape,PCTURBOP2008WS,1819,epa_metadata
land_PCTURBOP2011WS,"% of the upstream watershed (Ws) areas classified as developed, open space land use",% of the upstream watershed (Ws)...,"% of the upstream watershed (Ws) areas classified as developed, open space land use. Derived from the nlcd2011.tif (class 21) landscape raster.",,Landscape,PCTURBOP2011WS,1819,epa_metadata
land_PCTURBOP2013WS,"% of the upstream watershed (Ws) areas classified as developed, open space land use",% of the upstream watershed (Ws)...,"% of the upstream watershed (Ws) areas classified as developed, open space land use. Derived from the nlcd2013.tif (class 21) landscape raster.",,Landscape,PCTURBOP2013WS,1819,epa_metadata
land_PCTURBOP2016WS,"% of the upstream watershed (Ws) areas classified as developed, open space land use",% of the upstream watershed (Ws)...,"% of the upstream watershed (Ws) areas classified as developed, open space land use. Derived from the nlcd2016.tif (class 21) landscape raster.",,Landscape,PCTURBOP2016WS,1819,epa_metadata
land_PCTURBOP2019WS,"% of the upstream watershed (Ws) areas classified as developed, open space land use",% of the upstream watershed (Ws)...,"% of the upstream watershed (Ws) areas classified as developed, open space land use. Derived from the nlcd2019.tif (class 21) landscape raster.",,Landscape,PCTURBOP2019WS,1819,epa_metadata
land_PCTVOLCANICWS,% of the upstream watershed (Ws) classified as bedrock permeability type: Basalt and other volcanic rocks,% of the upstream watershed (Ws)...,% of the upstream watershed (Ws) classified as bedrock permeability type: Basalt and other volcanic rocks.,,Landscape,PCTVOLCANICWS,1819,epa_metadata
land_PCTWATERWS,% of the upstream watershed (Ws) classified as lithology type: water,% of the upstream watershed (Ws)...,% of the upstream watershed (Ws) classified as lithology type: water.,,Landscape,PCTWATERWS,1819,epa_metadata
land_PCTWDWET2001WS,% of the upstream watershed (Ws) areas classified as woody wetland land cover,% of the upstream watershed (Ws)...,% of the upstream watershed (Ws) areas classified as woody wetland land cover. Derived from the nlcd2001.tif (class 90) landscape raster.,,Landscape,PCTWDWET2001WS,1819,epa_metadata
land_PCTWDWET2004WS,% of the upstream watershed (Ws) areas classified as woody wetland land cover,% of the upstream watershed (Ws)...,% of the upstream watershed (Ws) areas classified as woody wetland land cover. Derived from the nlcd2004.tif (class 90) landscape raster.,,Landscape,PCTWDWET2004WS,1819,epa_metadata
land_PCTWDWET2006WS,% of the upstream watershed (Ws) areas classified as woody wetland land cover,% of the upstream watershed (Ws)...,% of the upstream watershed (Ws) areas classified as woody wetland land cover. Derived from the nlcd2006.tif (class 90) landscape raster.,,Landscape,PCTWDWET2006WS,1819,epa_metadata
land_PCTWDWET2008WS,% of the upstream watershed (Ws) areas classified as woody wetland land cover,% of the upstream watershed (Ws)...,% of the upstream watershed (Ws) areas classified as woody wetland land cover. Derived from the nlcd2008.tif (class 90) landscape raster.,,Landscape,PCTWDWET2008WS,1819,epa_metadata
land_PCTWDWET2011WS,% of the upstream watershed (Ws) areas classified as woody wetland land cover,% of the upstream watershed (Ws)...,% of the upstream watershed (Ws) areas classified as woody wetland land cover. Derived from the nlcd2011.tif (class 90) landscape raster.,,Landscape,PCTWDWET2011WS,1819,epa_metadata
land_PCTWDWET2013WS,% of the upstream watershed (Ws) areas classified as woody wetland land cover,% of the upstream watershed (Ws)...,% of the upstream watershed (Ws) areas classified as woody wetland land cover. Derived from the nlcd2013.tif (class 90) landscape raster.,,Landscape,PCTWDWET2013WS,1819,epa_metadata
land_PCTWDWET2016WS,% of the upstream watershed (Ws) areas classified as woody wetland land cover,% of the upstream watershed (Ws)...,% of the upstream watershed (Ws) areas classified as woody wetland land cover. Derived from the nlcd2016.tif (class 90) landscape raster.,,Landscape,PCTWDWET2016WS,1819,epa_metadata
land_PCTWDWET2019WS,% of the upstream watershed (Ws) areas classified as woody wetland land cover,% of the upstream watershed (Ws)...,% of the upstream watershed (Ws) areas classified as woody wetland land cover. Derived from the nlcd2019.tif (class 90) landscape raster.,,Landscape,PCTWDWET2019WS,1819,epa_metadata
land_PERDUNWS,"Dunne overland flow, also know as saturation overland flow, is generated in a basin when the water table \outcrops\\ on the land surface (due to the infiltration and redistribution of soil moisture within the basin), thereby producing temporary saturated areas","Dunne overland flow, also know as...","Dunne overland flow, also know as saturation overland flow, is generated in a basin when the water table \outcrops\\ on the land surface (due to the infiltration and redistribution of soil moisture within the basin), thereby producing temporary saturated areas. These saturated areas generate Dunne overland flow through exfiltration of shallow ground water and by routing precipitation directly to the stream network. The data are estimated from a watershed simulation model called TOPMODEL (Wolock, 1993). The model was run throughout the conterminous U.S. and estimated percentage of Dunne overland flow in total streamflow was quantified (Wolock, 2003).\""""",,Landscape,PERDUNWS,1819,epa_metadata
land_PERHORWS,"Horton overland flow, also known as infiltration-excess overland flow, is generated in a basin when infiltration rates are exceeded by precipitation rates","Horton overland flow, also known...","Horton overland flow, also known as infiltration-excess overland flow, is generated in a basin when infiltration rates are exceeded by precipitation rates. The data are estimated from a watershed simulation model called TOPMODEL (Wolock, 1993). The model was run throughout the conterminous U.S. and estimated percentage of Horton overland flow in total streamflow was quantified (Wolock, 2003).",,Landscape,PERHORWS,1819,epa_metadata
land_PERMHWS,Watershed mean of the high values of permeability (inches/hour) of soils from the State Soil Geographic (STATSGO) Database,Watershed mean of the high values...,Watershed mean of the high values of permeability (inches/hour) of soils from the State Soil Geographic (STATSGO) Database,,Landscape,PERMHWS,1819,epa_metadata
land_PERMWS,Mean of all perm values within upstream watershed (Ws),Mean of all perm values within...,Mean of all perm values within upstream watershed (Ws).,,Landscape,PERMWS,1819,epa_metadata
land_PESTIC97WS,Mean of all pestic.tif values within upstream watershed (Ws),Mean of all pestic.tif values...,Mean of all pestic.tif values within upstream watershed (Ws).,,Landscape,PESTIC97WS,1819,epa_metadata
land_PMAXWS,"GIS raster calculated as (MAXxi) / 30, where xi = the modeled total precipitation (mm) for month i (1-12)",GIS raster calculated as (MAXxi)...,"GIS raster calculated as (MAXxi) / 30, where xi = the modeled total precipitation (mm) for month i (1-12). Values based on 30 years (1971-2000) of PRISM climate estimates. Each value represents a 900 x 900 meter cell. Mean of all Pmax values within the watershed upstream of the sampling point (?Pmax i / n, where i = each of n pixels within the watershed).",,Landscape,PMAXWS,1819,epa_metadata
land_PMINWS,"GIS raster calculated as (MINxi) / 30, where xi = the modeled total precipitation (mm) for month i (1-12)",GIS raster calculated as (MINxi)...,"GIS raster calculated as (MINxi) / 30, where xi = the modeled total precipitation (mm) for month i (1-12). Values based on 30 years (1971-2000) of PRISM climate estimates. Each value represents a 900 x 900 meter cell. Mean of all Pmin values within the watershed upstream of the sampling point (?Pmin i / n, where i = each of n pixels within the watershed).",,Landscape,PMINWS,1819,epa_metadata
land_POPDEN2010WS,Mean of all popden2010 values,Mean of all popden2010 values,Mean of all popden2010 values within the upstream watershed (Ws).,,Landscape,POPDEN2010WS,1819,epa_metadata
land_PRECIP08WS,PRISM climate data - mean precipitation (mm):,PRISM climate data - mean...,"PRISM climate data - mean precipitation (mm):, within the upstream watershed (Ws). This metric was derived to support modeling of stream biological condition based on the 2008-2009 NRSA.",,Landscape,PRECIP08WS,1819,epa_metadata
land_PRECIP09WS,PRISM climate data - mean precipitation (mm):,PRISM climate data - mean...,"PRISM climate data - mean precipitation (mm):, within the upstream watershed (Ws). This metric was derived to support modeling of stream biological condition based on the 2008-2009 NRSA.",,Landscape,PRECIP09WS,1819,epa_metadata
land_PRECIP8110WS,PRISM climate data - 30-year average annual normal precipitation (mm):,PRISM climate data - 30-year...,"PRISM climate data - 30-year average annual normal precipitation (mm):, within the upstream watershed (Ws)",,Landscape,PRECIP8110WS,1819,epa_metadata
land_PSUMPY_2004WS,"GIS raster calculated as xi, where xi = the modeled total precipitation (mm) for month i (5-12) of the previous year and month i (1-4) of the sampling year","GIS raster calculated as xi, where...","GIS raster calculated as xi, where xi = the modeled total precipitation (mm) for month i (5-12) of the previous year and month i (1-4) of the sampling year. This value estimates the total precipitation for the 12 months prior to the field sampling season. Each value represents a 2 x 2 kilometer cell (http://www.prism.oregonstate.edu).",,Landscape,PSUMPY_2004WS,1819,epa_metadata
land_PSUMPY_2005WS,"GIS raster calculated as xi, where xi = the modeled total precipitation (mm) for month i (5-12) of the previous year and month i (1-4) of the sampling year","GIS raster calculated as xi, where...","GIS raster calculated as xi, where xi = the modeled total precipitation (mm) for month i (5-12) of the previous year and month i (1-4) of the sampling year. This value estimates the total precipitation for the 12 months prior to the field sampling season. Each value represents a 2 x 2 kilometer cell (http://www.prism.oregonstate.edu).",,Landscape,PSUMPY_2005WS,1819,epa_metadata
land_PSUMPY_2008WS,"GIS raster calculated as xi, where xi = the modeled total precipitation (mm) for month i (5-12) of the previous year and month i (1-4) of the sampling year","GIS raster calculated as xi, where...","GIS raster calculated as xi, where xi = the modeled total precipitation (mm) for month i (5-12) of the previous year and month i (1-4) of the sampling year. This value estimates the total precipitation for the 12 months prior to the field sampling season. Each value represents a 2 x 2 kilometer cell (http://www.prism.oregonstate.edu).",,Landscape,PSUMPY_2008WS,1819,epa_metadata
land_PSUMPY_2009WS,"GIS raster calculated as xi, where xi = the modeled total precipitation (mm) for month i (5-12) of the previous year and month i (1-4) of the sampling year","GIS raster calculated as xi, where...","GIS raster calculated as xi, where xi = the modeled total precipitation (mm) for month i (5-12) of the previous year and month i (1-4) of the sampling year. This value estimates the total precipitation for the 12 months prior to the field sampling season. Each value represents a 2 x 2 kilometer cell (http://www.prism.oregonstate.edu).",,Landscape,PSUMPY_2009WS,1819,epa_metadata
land_PSUMPY_2013WS,"GIS raster calculated as xi, where xi = the modeled total precipitation (mm) for month i (5-12) of the previous year and month i (1-4) of the sampling year","GIS raster calculated as xi, where...","GIS raster calculated as xi, where xi = the modeled total precipitation (mm) for month i (5-12) of the previous year and month i (1-4) of the sampling year. This value estimates the total precipitation for the 12 months prior to the field sampling season. Each value represents a 2 x 2 kilometer cell (http://www.prism.oregonstate.edu).",,Landscape,PSUMPY_2013WS,1819,epa_metadata
land_PSUMPY_2014WS,"GIS raster calculated as xi, where xi = the modeled total precipitation (mm) for month i (5-12) of the previous year and month i (1-4) of the sampling year","GIS raster calculated as xi, where...","GIS raster calculated as xi, where xi = the modeled total precipitation (mm) for month i (5-12) of the previous year and month i (1-4) of the sampling year. This value estimates the total precipitation for the 12 months prior to the field sampling season. Each value represents a 2 x 2 kilometer cell (http://www.prism.oregonstate.edu).",,Landscape,PSUMPY_2014WS,1819,epa_metadata
land_PSUMPY_2018WS,"GIS raster calculated as xi, where xi = the modeled total precipitation (mm) for month i (5-12) of the previous year and month i (1-4) of the sampling year","GIS raster calculated as xi, where...","GIS raster calculated as xi, where xi = the modeled total precipitation (mm) for month i (5-12) of the previous year and month i (1-4) of the sampling year. This value estimates the total precipitation for the 12 months prior to the field sampling season. Each value represents a 2 x 2 kilometer cell (http://www.prism.oregonstate.edu).",,Landscape,PSUMPY_2018WS,1819,epa_metadata
land_PSUMPY_2019WS,"GIS raster calculated as xi, where xi = the modeled total precipitation (mm) for month i (5-12) of the previous year and month i (1-4) of the sampling year","GIS raster calculated as xi, where...","GIS raster calculated as xi, where xi = the modeled total precipitation (mm) for month i (5-12) of the previous year and month i (1-4) of the sampling year. This value estimates the total precipitation for the 12 months prior to the field sampling season. Each value represents a 2 x 2 kilometer cell (http://www.prism.oregonstate.edu).",,Landscape,PSUMPY_2019WS,1819,epa_metadata
land_RCKDEPWS,Mean of all rckdep values,Mean of all rckdep values,Mean of all rckdep values within the upstream watershed (Ws).,,Landscape,RCKDEPWS,1819,epa_metadata
land_RDCRSSLPWTDWS,Sum of all rdstrcrs values,Sum of all rdstrcrs values,Sum of all rdstrcrs values within the upstream watershed (Ws) multiplied by NHDPlusV21 slope and divided by the area of each Cat and Ws.,,Landscape,RDCRSSLPWTDWS,1819,epa_metadata
land_RDCRSWS,Sum of all rdstrcrs values,Sum of all rdstrcrs values,Sum of all rdstrcrs values within the upstream watershed (Ws) divided by the area of each Cat and Ws.,,Landscape,RDCRSWS,1819,epa_metadata
land_RDDENSWS,Mean of all rddens values,Mean of all rddens values,Mean of all rddens values within the upstream watershed (Ws).,,Landscape,RDDENSWS,1819,epa_metadata
land_RDHWS,Site mean of the high values of depth to bedrock (inches) of soils from the State Soil Geographic (STATSGO) Database,Site mean of the high values of...,Site mean of the high values of depth to bedrock (inches) of soils from the State Soil Geographic (STATSGO) Database.,,Landscape,RDHWS,1819,epa_metadata
land_RHMEANWS,Watershed average relative humidity,Watershed average relative...,"Watershed average relative humidity (percent), from 2km PRISM, derived from 30 years of record (1961-1990).",percent,Landscape,RHMEANWS,1819,epa_metadata
land_RUNOFFWS,Mean of all runoff values,Mean of all runoff values,Mean of all runoff values within the upstream watershed (Ws).,,Landscape,RUNOFFWS,1819,epa_metadata
land_SANDWS,Mean of all sand values,Mean of all sand values,Mean of all sand values within the upstream watershed (Ws).,,Landscape,SANDWS,1819,epa_metadata
land_SIO2WS,Mean of all SiO2 values,Mean of all SiO2 values,Mean of all SiO2 values within the upstream watershed (Ws).,,Landscape,SIO2WS,1819,epa_metadata
land_SN_2008WS,"Annual average of preciptiation-weighted mean deposition for average sulfur & nitrogen concentration for year, 2008",Annual average of...,"Annual average of preciptiation-weighted mean deposition for average sulfur & nitrogen concentration for year, 2008, within the upstream watershed (Ws).",,Landscape,SN_2008WS,1819,epa_metadata
land_SUPERFUNDDENSWS,Density of georeferenced Superfund sites (Superfund.shp),Density of georeferenced Superfund...,Density of georeferenced Superfund sites (Superfund.shp) within the upstream watershed (Ws).,,Landscape,SUPERFUNDDENSWS,1819,epa_metadata
land_SWS,Mean of all S values,Mean of all S values,Mean of all S values within the upstream watershed (Ws).,,Landscape,SWS,1819,epa_metadata
land_TMAX8110WS,PRISM climate data - 30-year average annual normal maxmum air temperature (C°):,PRISM climate data - 30-year...,"PRISM climate data - 30-year average annual normal maxmum air temperature (C°):, within the upstream watershed (Ws)",,Landscape,TMAX8110WS,1819,epa_metadata
land_TMEAN8110WS,PRISM climate data - 30-year average annual normal mean air temperature (C°):,PRISM climate data - 30-year...,"PRISM climate data - 30-year average annual normal mean air temperature (C°):, within the upstream watershed (Ws)",,Landscape,TMEAN8110WS,1819,epa_metadata
land_TMEAN_PW_2004WS,"GIS raster calculated as xi / 3, where xi = the modeled mean air temperature (°C) for month i (12) of the previous year and month i (1-2) of the sample year",GIS raster calculated as xi / 3...,"GIS raster calculated as xi / 3, where xi = the modeled mean air temperature (°C) for month i (12) of the previous year and month i (1-2) of the sample year. The modeled monthly mean air temperature (xi) is the average of the minimum and maximum monthly air temperatures (http://www.prism.oregonstate.edu/faq.phtml). This value estimates the average temperature of the winter just prior to when field sampling was done. Each value represents a 2 x 2 kilometer cell",,Landscape,TMEAN_PW_2004WS,1819,epa_metadata
land_TMEAN_PW_2005WS,"GIS raster calculated as xi / 3, where xi = the modeled mean air temperature (°C) for month i (12) of the previous year and month i (1-2) of the sample year",GIS raster calculated as xi / 3...,"GIS raster calculated as xi / 3, where xi = the modeled mean air temperature (°C) for month i (12) of the previous year and month i (1-2) of the sample year. The modeled monthly mean air temperature (xi) is the average of the minimum and maximum monthly air temperatures (http://www.prism.oregonstate.edu/faq.phtml). This value estimates the average temperature of the winter just prior to when field sampling was done. Each value represents a 2 x 2 kilometer cell",,Landscape,TMEAN_PW_2005WS,1819,epa_metadata
land_TMEAN_PW_2008WS,"GIS raster calculated as xi / 3, where xi = the modeled mean air temperature (°C) for month i (12) of the previous year and month i (1-2) of the sample year",GIS raster calculated as xi / 3...,"GIS raster calculated as xi / 3, where xi = the modeled mean air temperature (°C) for month i (12) of the previous year and month i (1-2) of the sample year. The modeled monthly mean air temperature (xi) is the average of the minimum and maximum monthly air temperatures (http://www.prism.oregonstate.edu/faq.phtml). This value estimates the average temperature of the winter just prior to when field sampling was done. Each value represents a 2 x 2 kilometer cell",,Landscape,TMEAN_PW_2008WS,1819,epa_metadata
land_TMEAN_PW_2009WS,"GIS raster calculated as xi / 3, where xi = the modeled mean air temperature (°C) for month i (12) of the previous year and month i (1-2) of the sample year",GIS raster calculated as xi / 3...,"GIS raster calculated as xi / 3, where xi = the modeled mean air temperature (°C) for month i (12) of the previous year and month i (1-2) of the sample year. The modeled monthly mean air temperature (xi) is the average of the minimum and maximum monthly air temperatures (http://www.prism.oregonstate.edu/faq.phtml). This value estimates the average temperature of the winter just prior to when field sampling was done. Each value represents a 2 x 2 kilometer cell",,Landscape,TMEAN_PW_2009WS,1819,epa_metadata
land_TMEAN_PW_2013WS,"GIS raster calculated as xi / 3, where xi = the modeled mean air temperature (°C) for month i (12) of the previous year and month i (1-2) of the sample year",GIS raster calculated as xi / 3...,"GIS raster calculated as xi / 3, where xi = the modeled mean air temperature (°C) for month i (12) of the previous year and month i (1-2) of the sample year. The modeled monthly mean air temperature (xi) is the average of the minimum and maximum monthly air temperatures (http://www.prism.oregonstate.edu/faq.phtml). This value estimates the average temperature of the winter just prior to when field sampling was done. Each value represents a 2 x 2 kilometer cell",,Landscape,TMEAN_PW_2013WS,1819,epa_metadata
land_TMEAN_PW_2014WS,"GIS raster calculated as xi / 3, where xi = the modeled mean air temperature (°C) for month i (12) of the previous year and month i (1-2) of the sample year",GIS raster calculated as xi / 3...,"GIS raster calculated as xi / 3, where xi = the modeled mean air temperature (°C) for month i (12) of the previous year and month i (1-2) of the sample year. The modeled monthly mean air temperature (xi) is the average of the minimum and maximum monthly air temperatures (http://www.prism.oregonstate.edu/faq.phtml). This value estimates the average temperature of the winter just prior to when field sampling was done. Each value represents a 2 x 2 kilometer cell",,Landscape,TMEAN_PW_2014WS,1819,epa_metadata
land_TMEAN_PW_2018WS,"GIS raster calculated as xi / 3, where xi = the modeled mean air temperature (°C) for month i (12) of the previous year and month i (1-2) of the sample year",GIS raster calculated as xi / 3...,"GIS raster calculated as xi / 3, where xi = the modeled mean air temperature (°C) for month i (12) of the previous year and month i (1-2) of the sample year. The modeled monthly mean air temperature (xi) is the average of the minimum and maximum monthly air temperatures (http://www.prism.oregonstate.edu/faq.phtml). This value estimates the average temperature of the winter just prior to when field sampling was done. Each value represents a 2 x 2 kilometer cell",,Landscape,TMEAN_PW_2018WS,1819,epa_metadata
land_TMEAN_PW_2019WS,"GIS raster calculated as xi / 3, where xi = the modeled mean air temperature (°C) for month i (12) of the previous year and month i (1-2) of the sample year",GIS raster calculated as xi / 3...,"GIS raster calculated as xi / 3, where xi = the modeled mean air temperature (°C) for month i (12) of the previous year and month i (1-2) of the sample year. The modeled monthly mean air temperature (xi) is the average of the minimum and maximum monthly air temperatures (http://www.prism.oregonstate.edu/faq.phtml). This value estimates the average temperature of the winter just prior to when field sampling was done. Each value represents a 2 x 2 kilometer cell",,Landscape,TMEAN_PW_2019WS,1819,epa_metadata
land_TMEAN_SY_2004WS,"GIS raster calculated as xi / 12, where xi = the modeled mean air temperature (°C) for month i (1-12) of the sample year",GIS raster calculated as xi / 12...,"GIS raster calculated as xi / 12, where xi = the modeled mean air temperature (°C) for month i (1-12) of the sample year. The modeled monthly mean air temperature (xi) is the average of the minimum and maximum monthly air temperatures (http://www.prism.oregonstate.edu/faq.phtml). This value estimates the average temperature of the specific year that field sampling was done. Each value represents a 2 x 2 kilometer cell",,Landscape,TMEAN_SY_2004WS,1819,epa_metadata
land_TMEAN_SY_2005WS,"GIS raster calculated as xi / 12, where xi = the modeled mean air temperature (°C) for month i (1-12) of the sample year",GIS raster calculated as xi / 12...,"GIS raster calculated as xi / 12, where xi = the modeled mean air temperature (°C) for month i (1-12) of the sample year. The modeled monthly mean air temperature (xi) is the average of the minimum and maximum monthly air temperatures (http://www.prism.oregonstate.edu/faq.phtml). This value estimates the average temperature of the specific year that field sampling was done. Each value represents a 2 x 2 kilometer cell",,Landscape,TMEAN_SY_2005WS,1819,epa_metadata
land_TMEAN_SY_2008WS,"GIS raster calculated as xi / 12, where xi = the modeled mean air temperature (°C) for month i (1-12) of the sample year",GIS raster calculated as xi / 12...,"GIS raster calculated as xi / 12, where xi = the modeled mean air temperature (°C) for month i (1-12) of the sample year. The modeled monthly mean air temperature (xi) is the average of the minimum and maximum monthly air temperatures (http://www.prism.oregonstate.edu/faq.phtml). This value estimates the average temperature of the specific year that field sampling was done. Each value represents a 2 x 2 kilometer cell",,Landscape,TMEAN_SY_2008WS,1819,epa_metadata
land_TMEAN_SY_2009WS,"GIS raster calculated as xi / 12, where xi = the modeled mean air temperature (°C) for month i (1-12) of the sample year",GIS raster calculated as xi / 12...,"GIS raster calculated as xi / 12, where xi = the modeled mean air temperature (°C) for month i (1-12) of the sample year. The modeled monthly mean air temperature (xi) is the average of the minimum and maximum monthly air temperatures (http://www.prism.oregonstate.edu/faq.phtml). This value estimates the average temperature of the specific year that field sampling was done. Each value represents a 2 x 2 kilometer cell",,Landscape,TMEAN_SY_2009WS,1819,epa_metadata
land_TMEAN_SY_2013WS,"GIS raster calculated as xi / 12, where xi = the modeled mean air temperature (°C) for month i (1-12) of the sample year",GIS raster calculated as xi / 12...,"GIS raster calculated as xi / 12, where xi = the modeled mean air temperature (°C) for month i (1-12) of the sample year. The modeled monthly mean air temperature (xi) is the average of the minimum and maximum monthly air temperatures (http://www.prism.oregonstate.edu/faq.phtml). This value estimates the average temperature of the specific year that field sampling was done. Each value represents a 2 x 2 kilometer cell",,Landscape,TMEAN_SY_2013WS,1819,epa_metadata
land_TMEAN_SY_2014WS,"GIS raster calculated as xi / 12, where xi = the modeled mean air temperature (°C) for month i (1-12) of the sample year",GIS raster calculated as xi / 12...,"GIS raster calculated as xi / 12, where xi = the modeled mean air temperature (°C) for month i (1-12) of the sample year. The modeled monthly mean air temperature (xi) is the average of the minimum and maximum monthly air temperatures (http://www.prism.oregonstate.edu/faq.phtml). This value estimates the average temperature of the specific year that field sampling was done. Each value represents a 2 x 2 kilometer cell",,Landscape,TMEAN_SY_2014WS,1819,epa_metadata
land_TMEAN_SY_2018WS,"GIS raster calculated as xi / 12, where xi = the modeled mean air temperature (°C) for month i (1-12) of the sample year",GIS raster calculated as xi / 12...,"GIS raster calculated as xi / 12, where xi = the modeled mean air temperature (°C) for month i (1-12) of the sample year. The modeled monthly mean air temperature (xi) is the average of the minimum and maximum monthly air temperatures (http://www.prism.oregonstate.edu/faq.phtml). This value estimates the average temperature of the specific year that field sampling was done. Each value represents a 2 x 2 kilometer cell",,Landscape,TMEAN_SY_2018WS,1819,epa_metadata
land_TMEAN_SY_2019WS,"GIS raster calculated as xi / 12, where xi = the modeled mean air temperature (°C) for month i (1-12) of the sample year",GIS raster calculated as xi / 12...,"GIS raster calculated as xi / 12, where xi = the modeled mean air temperature (°C) for month i (1-12) of the sample year. The modeled monthly mean air temperature (xi) is the average of the minimum and maximum monthly air temperatures (http://www.prism.oregonstate.edu/faq.phtml). This value estimates the average temperature of the specific year that field sampling was done. Each value represents a 2 x 2 kilometer cell",,Landscape,TMEAN_SY_2019WS,1819,epa_metadata
land_TMEAN_S_2004WS,"GIS raster calculated as xi / 4, where xi = the modeled mean air temperature (°C) for month i (6-9) of the sample year",GIS raster calculated as xi / 4...,"GIS raster calculated as xi / 4, where xi = the modeled mean air temperature (°C) for month i (6-9) of the sample year. The modeled monthly mean air temperature (xi) is the average of the minimum and maximum monthly air temperatures (http://www.prism.oregonstate.edu/faq.phtml). This value estimates the average temperature of the specific summer that field sampling was done. Each value represents a 2 x 2 kilometer cell",,Landscape,TMEAN_S_2004WS,1819,epa_metadata
land_TMEAN_S_2005WS,"GIS raster calculated as xi / 4, where xi = the modeled mean air temperature (°C) for month i (6-9) of the sample year",GIS raster calculated as xi / 4...,"GIS raster calculated as xi / 4, where xi = the modeled mean air temperature (°C) for month i (6-9) of the sample year. The modeled monthly mean air temperature (xi) is the average of the minimum and maximum monthly air temperatures (http://www.prism.oregonstate.edu/faq.phtml). This value estimates the average temperature of the specific summer that field sampling was done. Each value represents a 2 x 2 kilometer cell",,Landscape,TMEAN_S_2005WS,1819,epa_metadata
land_TMEAN_S_2008WS,"GIS raster calculated as xi / 4, where xi = the modeled mean air temperature (°C) for month i (6-9) of the sample year",GIS raster calculated as xi / 4...,"GIS raster calculated as xi / 4, where xi = the modeled mean air temperature (°C) for month i (6-9) of the sample year. The modeled monthly mean air temperature (xi) is the average of the minimum and maximum monthly air temperatures (http://www.prism.oregonstate.edu/faq.phtml). This value estimates the average temperature of the specific summer that field sampling was done. Each value represents a 2 x 2 kilometer cell",,Landscape,TMEAN_S_2008WS,1819,epa_metadata
land_TMEAN_S_2009WS,"GIS raster calculated as xi / 4, where xi = the modeled mean air temperature (°C) for month i (6-9) of the sample year",GIS raster calculated as xi / 4...,"GIS raster calculated as xi / 4, where xi = the modeled mean air temperature (°C) for month i (6-9) of the sample year. The modeled monthly mean air temperature (xi) is the average of the minimum and maximum monthly air temperatures (http://www.prism.oregonstate.edu/faq.phtml). This value estimates the average temperature of the specific summer that field sampling was done. Each value represents a 2 x 2 kilometer cell",,Landscape,TMEAN_S_2009WS,1819,epa_metadata
land_TMEAN_S_2013WS,"GIS raster calculated as xi / 4, where xi = the modeled mean air temperature (°C) for month i (6-9) of the sample year",GIS raster calculated as xi / 4...,"GIS raster calculated as xi / 4, where xi = the modeled mean air temperature (°C) for month i (6-9) of the sample year. The modeled monthly mean air temperature (xi) is the average of the minimum and maximum monthly air temperatures (http://www.prism.oregonstate.edu/faq.phtml). This value estimates the average temperature of the specific summer that field sampling was done. Each value represents a 2 x 2 kilometer cell",,Landscape,TMEAN_S_2013WS,1819,epa_metadata
land_TMEAN_S_2014WS,"GIS raster calculated as xi / 4, where xi = the modeled mean air temperature (°C) for month i (6-9) of the sample year",GIS raster calculated as xi / 4...,"GIS raster calculated as xi / 4, where xi = the modeled mean air temperature (°C) for month i (6-9) of the sample year. The modeled monthly mean air temperature (xi) is the average of the minimum and maximum monthly air temperatures (http://www.prism.oregonstate.edu/faq.phtml). This value estimates the average temperature of the specific summer that field sampling was done. Each value represents a 2 x 2 kilometer cell",,Landscape,TMEAN_S_2014WS,1819,epa_metadata
land_TMEAN_S_2018WS,"GIS raster calculated as xi / 4, where xi = the modeled mean air temperature (°C) for month i (6-9) of the sample year",GIS raster calculated as xi / 4...,"GIS raster calculated as xi / 4, where xi = the modeled mean air temperature (°C) for month i (6-9) of the sample year. The modeled monthly mean air temperature (xi) is the average of the minimum and maximum monthly air temperatures (http://www.prism.oregonstate.edu/faq.phtml). This value estimates the average temperature of the specific summer that field sampling was done. Each value represents a 2 x 2 kilometer cell",,Landscape,TMEAN_S_2018WS,1819,epa_metadata
land_TMEAN_S_2019WS,"GIS raster calculated as xi / 4, where xi = the modeled mean air temperature (°C) for month i (6-9) of the sample year",GIS raster calculated as xi / 4...,"GIS raster calculated as xi / 4, where xi = the modeled mean air temperature (°C) for month i (6-9) of the sample year. The modeled monthly mean air temperature (xi) is the average of the minimum and maximum monthly air temperatures (http://www.prism.oregonstate.edu/faq.phtml). This value estimates the average temperature of the specific summer that field sampling was done. Each value represents a 2 x 2 kilometer cell",,Landscape,TMEAN_S_2019WS,1819,epa_metadata
land_TMEAN_W_2004WS,"GIS raster calculated as xi / 4, where xi = the modeled mean air temperature (°C) for month i (1-2) of the sample year",GIS raster calculated as xi / 4...,"GIS raster calculated as xi / 4, where xi = the modeled mean air temperature (°C) for month i (1-2) of the sample year. The modeled monthly mean air temperature (xi) is the average of the minimum and maximum monthly air temperatures (http://www.prism.oregonstate.edu/faq.phtml). This value estimates the average temperature of the specific summer that field sampling was done. Each value represents a 2 x 2 kilometer cell",,Landscape,TMEAN_W_2004WS,1819,epa_metadata
land_TMEAN_W_2005WS,"GIS raster calculated as xi / 4, where xi = the modeled mean air temperature (°C) for month i (1-2) of the sample year",GIS raster calculated as xi / 4...,"GIS raster calculated as xi / 4, where xi = the modeled mean air temperature (°C) for month i (1-2) of the sample year. The modeled monthly mean air temperature (xi) is the average of the minimum and maximum monthly air temperatures (http://www.prism.oregonstate.edu/faq.phtml). This value estimates the average temperature of the specific summer that field sampling was done. Each value represents a 2 x 2 kilometer cell",,Landscape,TMEAN_W_2005WS,1819,epa_metadata
land_TMEAN_W_2008WS,"GIS raster calculated as xi / 4, where xi = the modeled mean air temperature (°C) for month i (1-2) of the sample year",GIS raster calculated as xi / 4...,"GIS raster calculated as xi / 4, where xi = the modeled mean air temperature (°C) for month i (1-2) of the sample year. The modeled monthly mean air temperature (xi) is the average of the minimum and maximum monthly air temperatures (http://www.prism.oregonstate.edu/faq.phtml). This value estimates the average temperature of the specific summer that field sampling was done. Each value represents a 2 x 2 kilometer cell",,Landscape,TMEAN_W_2008WS,1819,epa_metadata
land_TMEAN_W_2009WS,"GIS raster calculated as xi / 4, where xi = the modeled mean air temperature (°C) for month i (1-2) of the sample year",GIS raster calculated as xi / 4...,"GIS raster calculated as xi / 4, where xi = the modeled mean air temperature (°C) for month i (1-2) of the sample year. The modeled monthly mean air temperature (xi) is the average of the minimum and maximum monthly air temperatures (http://www.prism.oregonstate.edu/faq.phtml). This value estimates the average temperature of the specific summer that field sampling was done. Each value represents a 2 x 2 kilometer cell",,Landscape,TMEAN_W_2009WS,1819,epa_metadata
land_TMEAN_W_2013WS,"GIS raster calculated as xi / 4, where xi = the modeled mean air temperature (°C) for month i (1-2) of the sample year",GIS raster calculated as xi / 4...,"GIS raster calculated as xi / 4, where xi = the modeled mean air temperature (°C) for month i (1-2) of the sample year. The modeled monthly mean air temperature (xi) is the average of the minimum and maximum monthly air temperatures (http://www.prism.oregonstate.edu/faq.phtml). This value estimates the average temperature of the specific summer that field sampling was done. Each value represents a 2 x 2 kilometer cell",,Landscape,TMEAN_W_2013WS,1819,epa_metadata
land_TMEAN_W_2014WS,"GIS raster calculated as xi / 4, where xi = the modeled mean air temperature (°C) for month i (1-2) of the sample year",GIS raster calculated as xi / 4...,"GIS raster calculated as xi / 4, where xi = the modeled mean air temperature (°C) for month i (1-2) of the sample year. The modeled monthly mean air temperature (xi) is the average of the minimum and maximum monthly air temperatures (http://www.prism.oregonstate.edu/faq.phtml). This value estimates the average temperature of the specific summer that field sampling was done. Each value represents a 2 x 2 kilometer cell",,Landscape,TMEAN_W_2014WS,1819,epa_metadata
land_TMEAN_W_2018WS,"GIS raster calculated as xi / 4, where xi = the modeled mean air temperature (°C) for month i (1-2) of the sample year",GIS raster calculated as xi / 4...,"GIS raster calculated as xi / 4, where xi = the modeled mean air temperature (°C) for month i (1-2) of the sample year. The modeled monthly mean air temperature (xi) is the average of the minimum and maximum monthly air temperatures (http://www.prism.oregonstate.edu/faq.phtml). This value estimates the average temperature of the specific summer that field sampling was done. Each value represents a 2 x 2 kilometer cell",,Landscape,TMEAN_W_2018WS,1819,epa_metadata
land_TMEAN_W_2019WS,"GIS raster calculated as xi / 4, where xi = the modeled mean air temperature (°C) for month i (1-2) of the sample year",GIS raster calculated as xi / 4...,"GIS raster calculated as xi / 4, where xi = the modeled mean air temperature (°C) for month i (1-2) of the sample year. The modeled monthly mean air temperature (xi) is the average of the minimum and maximum monthly air temperatures (http://www.prism.oregonstate.edu/faq.phtml). This value estimates the average temperature of the specific summer that field sampling was done. Each value represents a 2 x 2 kilometer cell",,Landscape,TMEAN_W_2019WS,1819,epa_metadata
land_TMIN8110WS,PRISM climate data - 30-year average annual normal minimum air temperature (C°):,PRISM climate data - 30-year...,"PRISM climate data - 30-year average annual normal minimum air temperature (C°):, within the upstream watershed (Ws)",,Landscape,TMIN8110WS,1819,epa_metadata
land_TRIDENSWS,Density of georeferenced Toxic Release Inventory sites (TRI.shp),Density of georeferenced Toxic...,Density of georeferenced Toxic Release Inventory sites (TRI.shp) within the upstream watershed (Ws).,,Landscape,TRIDENSWS,1819,epa_metadata
land_WDMAXWS,"GIS raster calculated as (SUMxi / 12) / 30, where xi = the modeled maximum number of days with measurable precipitation (i.e., \wetdays\\, days) for month i (1-12)",GIS raster calculated as (SUMxi...,"GIS raster calculated as (SUMxi / 12) / 30, where xi = the modeled maximum number of days with measurable precipitation (i.e., \wetdays\\, days) for month i (1-12). Values based on 30 years (1961-1990) of PRISM climate estimates. Each value represents a 2 x 2 kilometer cell\""""",,Landscape,WDMAXWS,1819,epa_metadata
land_WDMINWS,"GIS raster calculated as (SUMxi / 12) / 30, where xi = the modeled minimum number of days with measurable precipitation (i.e., \wetdays\\, days) for month i (1-12)",GIS raster calculated as (SUMxi...,"GIS raster calculated as (SUMxi / 12) / 30, where xi = the modeled minimum number of days with measurable precipitation (i.e., \wetdays\\, days) for month i (1-12). Values based on 30 years (1961-1990) of PRISM climate estimates. Each value represents a 2 x 2 kilometer cell\""""",,Landscape,WDMINWS,1819,epa_metadata
land_WDSUMWS,"GIS raster calculated as (SUMxi / 12) / 30, where xi = the modeled mean number of days with measurable precipitation (i.e., \wetdays\\, days) for month i (1-12)",GIS raster calculated as (SUMxi...,"GIS raster calculated as (SUMxi / 12) / 30, where xi = the modeled mean number of days with measurable precipitation (i.e., \wetdays\\, days) for month i (1-12). Values based on 30 years (1961-1990) of PRISM climate estimates. Each value represents a 2 x 2 kilometer cell \""""",,Landscape,WDSUMWS,1819,epa_metadata
land_WETINDEXWS,Mean Composite Topographic Index (CTI)[Wetness Index]:,Mean Composite Topographic Index...,"Mean Composite Topographic Index (CTI)[Wetness Index]:, within the upstream watershed (Ws)",,Landscape,WETINDEXWS,1819,epa_metadata
land_WSAREASQKM,Area in square kilometers of the watershed basin,Area in square kilometers of the...,Area in square kilometers of the watershed basin. Summarized by joining the sub-catchment area of the catchment with all of the upstream catchments of the NHDPlusV21.,,Landscape,WSAREASQKM,2324,epa_metadata
land_WTDEPWS,Mean of all wtdep values,Mean of all wtdep values,Mean of all wtdep values within the upstream watershed (Ws).,,Landscape,WTDEPWS,1819,epa_metadata
manure,Manure nitrogen (kg N/ha/yr),Manure nitrogen (kg N/ha/yr),,,Landscape,manure,,streamcat
npdesdens,NPDES discharge density,NPDES discharge density,,per sq km,Landscape,npdesdens,,streamcat
om,Soil organic matter,Soil organic matter,,%,Landscape,om,,streamcat
pctbl2019,Barren land,Barren land,,%,Landscape,pctbl2019,,streamcat
pctconif2019,Coniferous forest,Coniferous forest,,%,Landscape,pctconif2019,,streamcat
pctcrop2019,Cultivated crops,Cultivated crops,"Watershed cultivated crops (%); row-crop conversion degrades infiltration, soil structure, and runoff timing.",%,Landscape,pctcrop2019,,metric_map
pctdecid2019,Deciduous forest,Deciduous forest,,%,Landscape,pctdecid2019,,streamcat
pctgrs2019,Grassland,Grassland,,%,Landscape,pctgrs2019,,streamcat
pcthay2019,Hay/pasture,Hay/pasture,,%,Landscape,pcthay2019,,streamcat
pcthbwet2019,Herbaceous wetland,Herbaceous wetland,Watershed herbaceous wetland (%); wetlands store surface water and attenuate flow peaks.,%,Landscape,pcthbwet2019,,metric_map
pctimp2019,Impervious surface,Impervious surface,"Watershed impervious surface (%); imperviousness drives flashier runoff, reduced infiltration, and degraded catchment hydrology.",%,Landscape,pctimp2019,,metric_map
pctmxfst2019,Mixed forest,Mixed forest,,%,Landscape,pctmxfst2019,,streamcat
pctow2019,Open water,Open water,,%,Landscape,pctow2019,,streamcat
pctshrb2019,Shrub/scrub,Shrub/scrub,,%,Landscape,pctshrb2019,,streamcat
pcturbhi2019,Developed high intensity,Developed high intensity,,%,Landscape,pcturbhi2019,,streamcat
pcturblo2019,Developed low intensity,Developed low intensity,,%,Landscape,pcturblo2019,,streamcat
pcturbmd2019,Developed medium intensity,Developed medium intensity,,%,Landscape,pcturbmd2019,,streamcat
pcturbop2019,Developed open space,Developed open space,,%,Landscape,pcturbop2019,,streamcat
pctwdwet2019,Woody wetland,Woody wetland,Watershed woody wetland (%); wetlands store surface water and attenuate flow peaks.,%,Landscape,pctwdwet2019,,metric_map
perm,Soil permeability (cm/hr),Soil permeability (cm/hr),,,Landscape,perm,,streamcat
phab_BFWD_RAT,Bankfull width:depth ratio,Bankfull width:depth ratio,Bankfull width-to-depth ratio; both over-widened (very high) and incised (very low) degrade condition. Two-sided curve centered on the reference core.,,Physical habitat,BFWD_RAT,2324,metric_map
phab_C1TM100,LWD in/above wet chan(#/100m-all sizes),LWD in/above wet chan(#/100m-all...,LWD in/above wet chan(#/100m-all sizes),,Physical habitat,C1TM100,2324,epa_metadata
phab_C1WM100,Woody Debris pieces/100m,Woody Debris pieces/100m,Woody Debris pieces/100m,,Physical habitat,C1WM100,2324,epa_metadata
phab_C2TM100,LWD in/above wetted chan(#/100m-SMLX),LWD in/above wetted...,LWD in/above wetted chan(#/100m-SMLX),,Physical habitat,C2TM100,2324,epa_metadata
phab_C2WM100,LWD in wetted chnl (#/100m-SMLX),LWD in wetted chnl (#/100m-SMLX),LWD in wetted chnl (#/100m-SMLX),,Physical habitat,C2WM100,2324,epa_metadata
phab_C4TM100,LWD in/above wetted chan (#/100m-LX),LWD in/above wetted chan...,LWD in/above wetted chan (#/100m-LX),,Physical habitat,C4TM100,2324,epa_metadata
phab_C4WM100,LWD in wetted chnl (#/100m-LX),LWD in wetted chnl (#/100m-LX),LWD in wetted chnl (#/100m-LX),,Physical habitat,C4WM100,2324,epa_metadata
phab_CONPERCENT,Percent of channel length in contact with constraining features,Percent of channel length in...,Percent of channel length in contact with constraining features,,Physical habitat,CONPERCENT,2324,epa_metadata
phab_CVWIDTH,CV of Wetted Width (SDWIDTH/XWidth),CV of Wetted Width...,CV of Wetted Width (SDWIDTH/XWidth),,Physical habitat,CVWIDTH,1819,epa_metadata
phab_CVWXD,CV of Width Depth Product (SDWXD/XWXD),CV of Width Depth Product...,CV of Width Depth Product (SDWXD/XWXD),,Physical habitat,CVWXD,1819,epa_metadata
phab_CVdth,CV of thalweg depth (SDDEPTH/XDEPTH),CV of thalweg depth...,CV of thalweg depth (SDDEPTH/XDEPTH),,Physical habitat,CVdth,1819,epa_metadata
phab_LDCBF_G08,Log10(Streambed Critical Diameter-at Bankfull -- mm),Log10(Streambed Critical...,Log10(Streambed Critical Diameter-at Bankfull -- mm)(PRK 2008),,Physical habitat,LDCBF_G08,2324,epa_metadata
phab_LDMB_BW5,Log10(Streambed Critical Diameter-at Bankfull - mm),Log10(Streambed Critical...,Log10(Streambed Critical Diameter-at Bankfull - mm) (PRK 1999),,Physical habitat,LDMB_BW5,2324,epa_metadata
phab_LRBS_BW5,Log10(Relative Bed Stability (Dgm/Dcb),Log10(Relative Bed Stability...,Log10(Relative Bed Stability (Dgm/Dcb) (PRK 1999),,Physical habitat,LRBS_BW5,2324,epa_metadata
phab_LRBS_G08,Log10(Relative Bed Stability (Dgm/Dcb),Log10(Relative Bed Stability...,Log10(Relative Bed Stability (Dgm/Dcb) (PRK 2008),,Physical habitat,LRBS_G08,2324,epa_metadata
phab_LRBS_TST,Log10[Relative Bed Stability] - Fast est,Log10[Relative Bed Stability]...,Log10[Relative Bed Stability] - Fast est,,Physical habitat,LRBS_TST,2324,epa_metadata
phab_LRBS_use,Relative bed stability,Relative bed stability,"Log relative bed stability; departure from the reference core in EITHER direction departs from reference (negative excess fines, positive an armored, sediment-starved bed, the classic below-impoundment failure). The pilot's rising direction scored armored beds 1.0 and left Sediment continuity blind to its textbook failure mode. Two-sided form is an owner decision at the adversarial review gate, 2026-08-21.",log,Physical habitat,LRBS_use,2324,metric_map
phab_LSUBD_SD,Thalweg sub.-StDev LOG10(Diam Class mm),Thalweg sub.-StDev LOG10(Diam...,Thalweg sub.-StDev LOG10(Diam Class mm),,Physical habitat,LSUBD_SD,2324,epa_metadata
phab_LSUB_DMM,Substrate size,Substrate size,"Log mean substrate diameter; coarser substrate generally better, but valley-type dependent.",log mm,Physical habitat,LSUB_DMM,2324,metric_map
phab_LSUB_DMM_NOR,"Log10(Dgm--Geom.Mean Bed Surf.Part Diam,exclud Bdrk+hardpan--mm)",Log10(Dgm--Geom.Mean Bed Surf.Part...,"Log10(Dgm--Geom.Mean Bed Surf.Part Diam,exclud Bdrk+hardpan--mm)",,Physical habitat,LSUB_DMM_NOR,2324,epa_metadata
phab_LTEST,Log10[Erodible Substr Dia.(mm)]-Fast est,Log10[Erodible Substr...,Log10[Erodible Substr Dia.(mm)]-Fast est,,Physical habitat,LTEST,2324,epa_metadata
phab_LWDeqVolM100,Large wood volume,Large wood volume,Large woody debris volume per 100 m; higher is better.,m3/100m,Physical habitat,LWDeqVolM100,1819,metric_map
phab_LWDeqVol_msq,Wood Vol (m3/m2 in area fished--Wadeable=V2 reach,Wood Vol (m3/m2 in area...,"Wood Vol (m3/m2 in area fished--Wadeable=V2 reach, Boatable=V1 littoral)",,Physical habitat,LWDeqVol_msq,1819,epa_metadata
phab_MEDBKUN,Undercut Distance--Median,Undercut Distance--Median,Undercut Distance--Median (m),m,Physical habitat,MEDBKUN,2324,epa_metadata
phab_MEDBK_A,Bank Angle--Median,Bank Angle--Median,Bank Angle--Median (degrees),degrees,Physical habitat,MEDBK_A,2324,epa_metadata
phab_PCAN_C,Riparian Canopy Coniferous (Fract reach),Riparian Canopy Coniferous (Fract...,Riparian Canopy Coniferous (Fract reach),,Physical habitat,PCAN_C,2324,epa_metadata
phab_PCAN_D,Riparian Canopy Deciduous (Fract. reach),Riparian Canopy Deciduous (Fract....,Riparian Canopy Deciduous (Fract. reach),,Physical habitat,PCAN_D,2324,epa_metadata
phab_PCAN_E,Rip Canopy Broadlf evrgrn (Fract of rch),Rip Canopy Broadlf evrgrn (Fract...,Rip Canopy Broadlf evrgrn (Fract of rch),,Physical habitat,PCAN_E,2324,epa_metadata
phab_PCAN_M,Rip Canopy Mix Conif-Decid (Fract reach),Rip Canopy Mix Conif-Decid (Fract...,Rip Canopy Mix Conif-Decid (Fract reach),,Physical habitat,PCAN_M,2324,epa_metadata
phab_PCAN_N,Rip Canopy Absent (Fraction of reach),Rip Canopy Absent (Fraction of...,Rip Canopy Absent (Fraction of reach),,Physical habitat,PCAN_N,2324,epa_metadata
phab_PCTCLINOMETER,Percent of slope values based on hand held clinometer,Percent of slope values based on...,Percent of slope values based on hand held clinometer,,Physical habitat,PCTCLINOMETER,2324,epa_metadata
phab_PCT_BDRK,Bed Surface % Bedrock,Bed Surface % Bedrock,Bed Surface % Bedrock,,Physical habitat,PCT_BDRK,2324,epa_metadata
phab_PCT_BH,Bed Surface % Bedrock + Hardpan,Bed Surface % Bedrock + Hardpan,Bed Surface % Bedrock + Hardpan,,Physical habitat,PCT_BH,2324,epa_metadata
phab_PCT_BIGR,Bed Surface % Larger than Gravel (64mm),Bed Surface % Larger than Gravel...,Bed Surface % Larger than Gravel (64mm),,Physical habitat,PCT_BIGR,2324,epa_metadata
phab_PCT_BL,Thalweg sub. Boulders -- 250-4000 mm,Thalweg sub. Boulders -- 250-4000...,Thalweg sub. Boulders -- 250-4000 mm (%),%,Physical habitat,PCT_BL,2324,epa_metadata
phab_PCT_CB,Thalweg sub. Cobbles -- 64-250 mm,Thalweg sub. Cobbles -- 64-250 mm,Thalweg sub. Cobbles -- 64-250 mm (%),%,Physical habitat,PCT_CB,2324,epa_metadata
phab_PCT_DR,Percent of Reach that is Dry,Percent of Reach that is Dry,Percent of Reach that is Dry,,Physical habitat,PCT_DR,2324,epa_metadata
phab_PCT_FA,Falls (% of reach),Falls (% of reach),Falls (% of reach),,Physical habitat,PCT_FA,2324,epa_metadata
phab_PCT_FAST,Fast-water / riffle habitat,Fast-water / riffle habitat,Percent fast-water (riffle/run) habitat; more generally better for many biota. Ecoregion-dependent.,%,Physical habitat,PCT_FAST,2324,metric_map
phab_PCT_FN,Bed Surface % Fines <0.06mm,Bed Surface % Fines <0.06mm,Bed Surface % Fines <0.06mm,,Physical habitat,PCT_FN,2324,epa_metadata
phab_PCT_GC,Substrate Coarse Gravel -- 16-64 mm,Substrate Coarse Gravel -- 16-64...,Substrate Coarse Gravel -- 16-64 mm (%),%,Physical habitat,PCT_GC,2324,epa_metadata
phab_PCT_GF,Substrate Fine Gravel -- 2-16 mm,Substrate Fine Gravel -- 2-16 mm,Substrate Fine Gravel -- 2-16 mm (%),%,Physical habitat,PCT_GF,2324,epa_metadata
phab_PCT_GL,Glide (% of reach),Glide (% of reach),Glide (% of reach),,Physical habitat,PCT_GL,2324,epa_metadata
phab_PCT_GR,Thalweg substrate Gravel -- 16-64 mm,Thalweg substrate Gravel -- 16-64...,Thalweg substrate Gravel -- 16-64 mm (%),%,Physical habitat,PCT_GR,2324,epa_metadata
phab_PCT_HP,Bed Surface % Hardpan,Bed Surface % Hardpan,Bed Surface % Hardpan,,Physical habitat,PCT_HP,2324,epa_metadata
phab_PCT_OM,Substrate Organic detritus --,Substrate Organic detritus --,Substrate Organic detritus -- (%),%,Physical habitat,PCT_OM,2324,epa_metadata
phab_PCT_ORG,Substrate Wood or Detritus --,Substrate Wood or Detritus --,Substrate Wood or Detritus -- (%),%,Physical habitat,PCT_ORG,2324,epa_metadata
phab_PCT_OT,Thalweg substrate Miscellaneous --,Thalweg substrate Miscellaneous --,Thalweg substrate Miscellaneous -- (%),%,Physical habitat,PCT_OT,2324,epa_metadata
phab_PCT_POOL,Pools -- All Types (% of reach),Pools -- All Types (% of reach),Pools -- All Types (% of reach),,Physical habitat,PCT_POOL,2324,epa_metadata
phab_PCT_RC,Substrate Concrete,Substrate Concrete,Substrate Concrete (%),%,Physical habitat,PCT_RC,2324,epa_metadata
phab_PCT_RR,Substrate Rough Bedrock,Substrate Rough Bedrock,Substrate Rough Bedrock (%),%,Physical habitat,PCT_RR,2324,epa_metadata
phab_PCT_RS,Substrate Smooth Bedrock,Substrate Smooth Bedrock,Substrate Smooth Bedrock (%),%,Physical habitat,PCT_RS,2324,epa_metadata
phab_PCT_SA,Thalweg substrate Sand -- .06-2 mm,Thalweg substrate Sand -- .06-2 mm,Thalweg substrate Sand -- .06-2 mm (%),%,Physical habitat,PCT_SA,2324,epa_metadata
phab_PCT_SAFN,Sand + fines,Sand + fines,Percent sand and fines; higher indicates fine-sediment loading (worse).,%,Physical habitat,PCT_SAFN,2324,metric_map
phab_PCT_SB,Substrate Boulders -- 250-1000 mm,Substrate Boulders -- 250-1000 mm,Substrate Boulders -- 250-1000 mm (%),%,Physical habitat,PCT_SB,2324,epa_metadata
phab_PCT_SFG,Bed surface coarse gravel or smaller (<64mm) (PCT_SA + PCT_FN + PCT_GR),Bed surface coarse gravel or...,Bed surface coarse gravel or smaller (<64mm) (PCT_SA + PCT_FN + PCT_GR) | Bed surface coarse gravel or smaller (<64mm) (PCT_SFGF + PCT_GC) | Bed Surface Gravel or smaller (<64mm),,Physical habitat,PCT_SFG,1819,epa_metadata
phab_PCT_SFGF,Bed Surface Fine Gravel or smaller (<16mm),Bed Surface Fine Gravel or smaller...,Bed Surface Fine Gravel or smaller (<16mm),,Physical habitat,PCT_SFGF,2324,epa_metadata
phab_PCT_SIDE,Percent of reach with side Channels/Bkwtrs,Percent of reach with side...,Percent of reach with side Channels/Bkwtrs,,Physical habitat,PCT_SIDE,2324,epa_metadata
phab_PCT_SLOW,Percent of reach with Pool or Glide Habitat,Percent of reach with Pool or...,Percent of reach with Pool or Glide Habitat.,,Physical habitat,PCT_SLOW,2324,epa_metadata
phab_PCT_WD,Substrate Woody --,Substrate Woody --,Substrate Woody -- (%),%,Physical habitat,PCT_WD,2324,epa_metadata
phab_PCT_XB,Substrate Boulders -- 1000-4000 mm,Substrate Boulders -- 1000-4000 mm,Substrate Boulders -- 1000-4000 mm (%),%,Physical habitat,PCT_XB,2324,epa_metadata
phab_QR1,Riparian quality index,Riparian quality index,"Riparian quality index, the geometric mean of the two scaled riparian vegetation indices and the scaled lack-of-disturbance index, on 0 to 1.",,Physical habitat,QR1,1819,curated
phab_QRDIST1,Riparian Disturbance index (1 - RDIST1),Riparian Disturbance index (1...,Riparian Disturbance index (1 - RDIST1) | Riparian Index: Lack of Disturbance (Scaled 0 to 1): QRDIST1=1/(1+w1_hall),,Physical habitat,QRDIST1,1819,epa_metadata
phab_QRVeg1,Riparian Veg Quality Index--Scaled XCMGW,Riparian Veg Quality Index--Scaled...,Riparian Veg Quality Index--Scaled XCMGW: QRVeg1=.1+(.9*(xcmgw/2.00)),,Physical habitat,QRVeg1,1819,epa_metadata
phab_QRVeg2,Riparian Veg Quality Index--Scaled XCDENBK,Riparian Veg Quality Index--Scaled...,Riparian Veg Quality Index--Scaled XCDENBK: QRVeg2=.1+(0.9*(xcdenbk/100)),,Physical habitat,QRVeg2,1819,epa_metadata
phab_RDIST1,Riparian Disturbance index (scaled W1_Hall 0-1),Riparian Disturbance index (scaled...,Riparian Disturbance index (scaled W1_Hall 0-1) | Riparian Disturbance index--scaled W1_Hall (0 to 1): RDIST1=1-(1/(1+w1_hall)),,Physical habitat,RDIST1,1819,epa_metadata
phab_REACHLEN,Sample Reach Length,Sample Reach Length,Sample Reach Length (m),m,Physical habitat,REACHLEN,2324,epa_metadata
phab_RP100,Mean Residual Depth at thalweg,Mean Residual Depth at thalweg,Mean Residual Depth at thalweg (cm),cm,Physical habitat,RP100,2324,epa_metadata
phab_RP100_cm,Residual pool depth,Residual pool depth,Residual pool depth per 100 m; deeper residual pools generally better habitat.,cm,Physical habitat,RP100_cm,1819,metric_map
phab_RPGT50,Resid Pools >50cm deep (number/reach),Resid Pools >50cm deep...,Resid Pools >50cm deep (number/reach),,Physical habitat,RPGT50,2324,epa_metadata
phab_RPGT75,Resid Pools >75cm deep (number/reach),Resid Pools >75cm deep...,Resid Pools >75cm deep (number/reach),,Physical habitat,RPGT75,2324,epa_metadata
phab_RPMXDEP,Maximum residual depth in reach,Maximum residual depth in reach,Maximum residual depth in reach (m),m,Physical habitat,RPMXDEP,2324,epa_metadata
phab_RPMXDEP_CM,Maximum residual depth in reach,Maximum residual depth in reach,"Maximum residual depth in reach (cm), converted from raw data in m | Maximum residual depth in reach (cm) | Maximum residual Depth in reach (cm)",cm,Physical habitat,RPMXDEP_CM,1819,epa_metadata
phab_RPXDEP,Mean RP depth in reach (m/pool),Mean RP depth in reach (m/pool),Mean RP depth in reach (m/pool),,Physical habitat,RPXDEP,2324,epa_metadata
phab_RPXDEP_CM,Mean maximum depth of residual Pools in reach,Mean maximum depth of residual...,"Mean maximum depth of residual Pools in reach (cm) | Mean residual pool depth in reach (cm/pool) | Mean residual pool depth in reach (cm/pool), converted from raw data in m",cm,Physical habitat,RPXDEP_CM,1819,epa_metadata
phab_RpRat,Residual Depth proportion (RP100/XDepth_cm),Residual Depth proportion...,Residual Depth proportion (RP100/XDepth_cm),,Physical habitat,RpRat,1819,epa_metadata
phab_SDDEPTH,Std Dev. of Thalweg Depth,Std Dev. of Thalweg Depth,Std Dev. of Thalweg Depth (m),m,Physical habitat,SDDEPTH,2324,epa_metadata
phab_SDDEPTH_CM,Std Dev. of Thalweg Depth,Std Dev. of Thalweg Depth,Std Dev. of Thalweg Depth (cm),cm,Physical habitat,SDDEPTH_CM,2324,epa_metadata
phab_SDINC_H,Channel Incision Ht.-Std,Channel Incision Ht.-Std,Channel Incision Ht.-Std. Dev. (m),,Physical habitat,SDINC_H,2324,epa_metadata
phab_SDWD_RAT,Std Dev of Width/Depth Ratio (m/m),Std Dev of Width/Depth Ratio (m/m),Std Dev of Width/Depth Ratio (m/m),,Physical habitat,SDWD_RAT,2324,epa_metadata
phab_SDWIDTH,Std Dev. of Wetted Width,Std Dev. of Wetted Width,Std Dev. of Wetted Width (m),m,Physical habitat,SDWIDTH,2324,epa_metadata
phab_SDWXD,Std Dev. of Wetted Width x Thalweg Depth,Std Dev. of Wetted Width x Thalweg...,Std Dev. of Wetted Width x Thalweg Depth (m2),m2,Physical habitat,SDWXD,2324,epa_metadata
phab_SINU,Sinuosity,Sinuosity,Channel sinuosity; higher generally indicates a more natural planform.,,Physical habitat,SINU,2324,metric_map
phab_SURVEY_YRS,"NARS Survey Years (eg, 0809, 1314, 1819)","NARS Survey Years (eg, 0809, 1314...","NARS Survey Years (eg, 0809, 1314, 1819)",,Physical habitat,SURVEY_YRS,1819,epa_metadata
phab_V1WM100,Bankful channel woody debris,Bankful channel woody debris,Bankful channel woody debris (m3/100m),m3/100m,Physical habitat,V1WM100,2324,epa_metadata
phab_V1W_MSQ,Bankful Channel woody debris (m3/m2),Bankful Channel woody debris...,Bankful Channel woody debris (m3/m2),,Physical habitat,V1W_MSQ,2324,epa_metadata
phab_V2WM100,LWD vol in Bkf chnl& dry (m3/100m-SMLX),LWD vol in Bkf chnl& dry...,LWD vol in Bkf chnl& dry (m3/100m-SMLX),,Physical habitat,V2WM100,2324,epa_metadata
phab_V2W_MSQ,LWD vol in Bkf chnl& dry (m3/m2-SMLX),LWD vol in Bkf chnl& dry...,LWD vol in Bkf chnl& dry (m3/m2-SMLX),,Physical habitat,V2W_MSQ,2324,epa_metadata
phab_V4WM100,LWD vol in Bkf chnl & dry (m3/100m-LX),LWD vol in Bkf chnl & dry...,LWD vol in Bkf chnl & dry (m3/100m-LX),,Physical habitat,V4WM100,2324,epa_metadata
phab_V4W_MSQ,LWD vol in Bkf chnl & dry (m3/m2-LX),LWD vol in Bkf chnl & dry...,LWD vol in Bkf chnl & dry (m3/m2-LX),,Physical habitat,V4W_MSQ,2324,epa_metadata
phab_W1H_BLDG,Rip Dist--Buildings (ProxWt Pres),Rip Dist--Buildings (ProxWt Pres),Rip Dist--Buildings (ProxWt Pres),,Physical habitat,W1H_BLDG,2324,epa_metadata
phab_W1H_CROP,Near Channel Human Dist : Row Crops (distance-wtd tally of presence,Near Channel Human Dist : Row...,Near Channel Human Dist : Row Crops (distance-wtd tally of presence,,Physical habitat,W1H_CROP,2324,epa_metadata
phab_W1H_LDFL,Rip Dist--Trash/Landfill (ProxWt Pres),Rip Dist--Trash/Landfill (ProxWt...,Rip Dist--Trash/Landfill (ProxWt Pres),,Physical habitat,W1H_LDFL,2324,epa_metadata
phab_W1H_LOG,Rip Dist--Logging Activity (ProxWt Pres),Rip Dist--Logging Activity (ProxWt...,Rip Dist--Logging Activity (ProxWt Pres),,Physical habitat,W1H_LOG,2324,epa_metadata
phab_W1H_MINE,Rip Dist--Mining Activity (ProxWt Pres),Rip Dist--Mining Activity (ProxWt...,Rip Dist--Mining Activity (ProxWt Pres),,Physical habitat,W1H_MINE,2324,epa_metadata
phab_W1H_PARK,Rip Dist--Lawn/Park (ProxWt Pres),Rip Dist--Lawn/Park (ProxWt Pres),Rip Dist--Lawn/Park (ProxWt Pres),,Physical habitat,W1H_PARK,2324,epa_metadata
phab_W1H_PIPE,Rip Dist--Pipes infl/effl (ProxWt Pres),Rip Dist--Pipes infl/effl (ProxWt...,Rip Dist--Pipes infl/effl (ProxWt Pres),,Physical habitat,W1H_PIPE,2324,epa_metadata
phab_W1H_PSTR,Rip Dist--Pasture/Hayfield (ProxWt Pres),Rip Dist--Pasture/Hayfield (ProxWt...,Rip Dist--Pasture/Hayfield (ProxWt Pres),,Physical habitat,W1H_PSTR,2324,epa_metadata
phab_W1H_PVMT,Rip Dist--Pavement (ProxWt Pres),Rip Dist--Pavement (ProxWt Pres),Rip Dist--Pavement (ProxWt Pres),,Physical habitat,W1H_PVMT,2324,epa_metadata
phab_W1H_ROAD,Rip Dist--Road/Railroad (ProxWt Pres),Rip Dist--Road/Railroad (ProxWt...,Rip Dist--Road/Railroad (ProxWt Pres),,Physical habitat,W1H_ROAD,2324,epa_metadata
phab_W1H_WALL,Near Channel Human Dist : Walls/dikes/revetments(distance-wtd tally of presence,Near Channel Human Dist...,Near Channel Human Dist : Walls/dikes/revetments(distance-wtd tally of presence,,Physical habitat,W1H_WALL,2324,epa_metadata
phab_W1_HAG,Human Agricultural Influence Index(distance-wtd tally of types and presence,Human Agricultural Influence...,Human Agricultural Influence Index(distance-wtd tally of types and presence,,Physical habitat,W1_HAG,2324,epa_metadata
phab_W1_HALL,Human disturbance index,Human disturbance index,"Riparian human disturbance index: a distance-weighted tally of the human influence types observed in the riparian plots, so higher means more disturbance.",,Physical habitat,W1_HALL,2324,curated
phab_W1_HNOAG,Human Non-Agricultural Disturbance Index (distance weighted tally of types and presence),Human Non-Agricultural Disturbance...,Human Non-Agricultural Disturbance Index (distance weighted tally of types and presence),,Physical habitat,W1_HNOAG,2324,epa_metadata
phab_XBEARING,Mean Flow Direction of reach,Mean Flow Direction of reach,Mean Flow Direction of reach (degrees),degrees,Physical habitat,XBEARING,2324,epa_metadata
phab_XBKA,Bank angle,Bank angle,"Mean bank angle; very steep banks indicate incision and very flat banks an over-widened, aggrading channel, so departure from the reference core in either direction departs from reference. Direction resolved at the Northeastern Highlands review gate (owner decision, 2026-08-21), consistent with the width-to-depth and bankfull-height treatment. low_tail flat added at the adversarial review gate (owner decision, 2026-08-21): a regraded or naturally gentle bank holds at the Functioning edge instead of being penalized, because the flat tail is not symmetric evidence of degradation and the framework's stated use is restoration evaluation.",degrees,Physical habitat,XBKA,2324,metric_map
phab_XBKF_H,Bankfull height above channel,Bankfull height above channel,Mean bankfull height; both incision (very high banks) and over-widening (very low) depart from reference. Two-sided curve centered on the reference core.,m,Physical habitat,XBKF_H,2324,metric_map
phab_XBKF_W,Mean Bankfull Width,Mean Bankfull Width,Mean Bankfull Width (m),m,Physical habitat,XBKF_W,2324,epa_metadata
phab_XC,Canopy Mean Areal Cover proportion,Canopy Mean Areal Cover proportion,Canopy Mean Areal Cover proportion,,Physical habitat,XC,2324,epa_metadata
phab_XCDENBK,Canopy Density at bank,Canopy Density at bank,Canopy Density at bank (mean percent),mean percent,Physical habitat,XCDENBK,2324,epa_metadata
phab_XCDENMID,"Canopy density, mid-channel","Canopy density, mid-channel",Mid-channel canopy density; higher shading generally better for thermal/light regime.,%,Physical habitat,XCDENMID,2324,metric_map
phab_XCEMBED,Mean Embeddedness--Channel only,Mean Embeddedness--Channel only,Mean Embeddedness--Channel only (%),%,Physical habitat,XCEMBED,2324,epa_metadata
phab_XCL,Large diameter (Dbh>0.3m) Tree Canopy Areal Cover proportion,Large diameter (Dbh>0.3m) Tree...,Large diameter (Dbh>0.3m) Tree Canopy Areal Cover proportion,,Physical habitat,XCL,2324,epa_metadata
phab_XCM,Rip Veg Canopy+Mid Layer Cover,Rip Veg Canopy+Mid Layer Cover,Rip Veg Canopy+Mid Layer Cover,,Physical habitat,XCM,2324,epa_metadata
phab_XCMG,Sum of Canopy+Mid+Ground layer areal cover proportion,Sum of Canopy+Mid+Ground layer...,Sum of Canopy+Mid+Ground layer areal cover proportion,,Physical habitat,XCMG,2324,epa_metadata
phab_XCMGW,"Riparian veg cover, woody","Riparian veg cover, woody",Riparian canopy plus mid-layer plus ground cover; higher is better.,frac,Physical habitat,XCMGW,2324,metric_map
phab_XCMW,Rip Veg Canopy+Mid Layer Woody Cover,Rip Veg Canopy+Mid Layer Woody...,Rip Veg Canopy+Mid Layer Woody Cover,,Physical habitat,XCMW,2324,epa_metadata
phab_XCS,Riparian Canopy <= 0.3m DBH (Cover),Riparian Canopy <= 0.3m DBH...,Riparian Canopy <= 0.3m DBH (Cover),,Physical habitat,XCS,2324,epa_metadata
phab_XDEPTH,Mean thalweg depth,Mean thalweg depth,Mean thalweg depth (m),m,Physical habitat,XDEPTH,2324,epa_metadata
phab_XDEPTH_CM,Mean thalweg depth,Mean thalweg depth,Mean thalweg depth (cm),cm,Physical habitat,XDEPTH_CM,2324,epa_metadata
phab_XEMBED,Embeddedness,Embeddedness,Percent embeddedness; higher means interstitial spaces filled with fines (worse).,%,Physical habitat,XEMBED,2324,metric_map
phab_XFC_ALG,Filamentous algae Mean areal cover,Filamentous algae Mean areal cover,Filamentous algae Mean areal cover,,Physical habitat,XFC_ALG,2324,epa_metadata
phab_XFC_ALL,Lit. cover-sum(all) (Areal Prop),Lit. cover-sum(all) (Areal Prop),Lit. cover-sum(all) (Areal Prop),,Physical habitat,XFC_ALL,2324,epa_metadata
phab_XFC_AQM,Aquatic macrophyte mean areal cover,Aquatic macrophyte mean areal...,Aquatic macrophyte mean areal cover,,Physical habitat,XFC_AQM,2324,epa_metadata
phab_XFC_BIG,Lit. cvr-sum(LWDRCKUCBHUM Area Prop),Lit. cvr-sum(LWDRCKUCBHUM Area...,Lit. cvr-sum(LWDRCKUCBHUM Area Prop),,Physical habitat,XFC_BIG,2324,epa_metadata
phab_XFC_BRS,Lit. cvr-brush&small debris (Areal Prop),Lit. cvr-brush&small debris (Areal...,Lit. cvr-brush&small debris (Areal Prop),,Physical habitat,XFC_BRS,2324,epa_metadata
phab_XFC_HUM,Lit. cover-artif. structs. (Areal Prop),Lit. cover-artif. structs. (Areal...,Lit. cover-artif. structs. (Areal Prop),,Physical habitat,XFC_HUM,2324,epa_metadata
phab_XFC_LVT,Fish Cvr-Artif. Structs. (Areal Prop),Fish Cvr-Artif. Structs. (Areal...,Fish Cvr-Artif. Structs. (Areal Prop),,Physical habitat,XFC_LVT,2324,epa_metadata
phab_XFC_LWD,Large woody debris areal cover,Large woody debris areal cover,Large woody debris areal cover,,Physical habitat,XFC_LWD,2324,epa_metadata
phab_XFC_NAT,Natural fish cover,Natural fish cover,Natural fish cover; higher is better.,frac,Physical habitat,XFC_NAT,2324,metric_map
phab_XFC_OHV,Lit. cover-overhang veg (Areal Prop),Lit. cover-overhang veg (Areal...,Lit. cover-overhang veg (Areal Prop),,Physical habitat,XFC_OHV,2324,epa_metadata
phab_XFC_RCK,Littoral fish cvr-boulders (Areal Prop),Littoral fish cvr-boulders (Areal...,Littoral fish cvr-boulders (Areal Prop),,Physical habitat,XFC_RCK,2324,epa_metadata
phab_XFC_UCB,Lit. cover-undercut banks (Areal Prop),Lit. cover-undercut banks (Areal...,Lit. cover-undercut banks (Areal Prop),,Physical habitat,XFC_UCB,2324,epa_metadata
phab_XG,Riparian Veg Ground Layer Cover,Riparian Veg Ground Layer Cover,Riparian Veg Ground Layer Cover,,Physical habitat,XG,2324,epa_metadata
phab_XGB,Barren ground layer areal cover,Barren ground layer areal cover,Barren ground layer areal cover,,Physical habitat,XGB,2324,epa_metadata
phab_XGH,Non-woody ground layer areal cover,Non-woody ground layer areal cover,Non-woody ground layer areal cover,,Physical habitat,XGH,2324,epa_metadata
phab_XGW,Woody ground layer areal cover,Woody ground layer areal cover,Woody ground layer areal cover,,Physical habitat,XGW,2324,epa_metadata
phab_XGveg,Ground layer Vegetated areal cover,Ground layer Vegetated areal cover,Ground layer Vegetated areal cover,,Physical habitat,XGveg,1819,epa_metadata
phab_XINC_H,Terrace Height above water level,Terrace Height above water level,Terrace Height above water level (m),m,Physical habitat,XINC_H,2324,epa_metadata
phab_XM,Riparian Veg Mid Layer Cover,Riparian Veg Mid Layer Cover,Riparian Veg Mid Layer Cover,,Physical habitat,XM,2324,epa_metadata
phab_XMH,Rip Mid Layer Herbaceous (Cover),Rip Mid Layer Herbaceous (Cover),Rip Mid Layer Herbaceous (Cover),,Physical habitat,XMH,2324,epa_metadata
phab_XMW,Rip Mid Layer Woody (Cover),Rip Mid Layer Woody (Cover),Rip Mid Layer Woody (Cover),,Physical habitat,XMW,2324,epa_metadata
phab_XPCAN,Rip Canopy Present (Fraction of reach),Rip Canopy Present (Fraction of...,Rip Canopy Present (Fraction of reach),,Physical habitat,XPCAN,2324,epa_metadata
phab_XPCM,Rip Can & MidLayer Present (Frac. reach),Rip Can & MidLayer Present (Frac....,Rip Can & MidLayer Present (Frac. reach),,Physical habitat,XPCM,2324,epa_metadata
phab_XPCMG,Riparian 3-Layers Present (Fract. reach),Riparian 3-Layers Present (Fract....,Riparian 3-Layers Present (Fract. reach),,Physical habitat,XPCMG,2324,epa_metadata
phab_XPMGW,Rip. mid & gnd wood Present (Frac. reach),Rip. mid & gnd wood Present (Frac....,Rip. mid & gnd wood Present (Frac. reach),,Physical habitat,XPMGW,2324,epa_metadata
phab_XPMID,Rip MidLayer Present (Fraction of reach),Rip MidLayer Present (Fraction of...,Rip MidLayer Present (Fraction of reach),,Physical habitat,XPMID,2324,epa_metadata
phab_XSLOPE,Mean Slope of water surface,Mean Slope of water surface,Mean Slope of water surface (%),%,Physical habitat,XSLOPE,2324,epa_metadata
phab_XSLOPE_FIELD,Reach mean channel slope according to field-based measurements,Reach mean channel slope according...,Reach mean channel slope according to field-based measurements,,Physical habitat,XSLOPE_FIELD,2324,epa_metadata
phab_XSLOPE_MAP,Reach mean channel slope according to map-based calculations,Reach mean channel slope according...,Reach mean channel slope according to map-based calculations,,Physical habitat,XSLOPE_MAP,2324,epa_metadata
phab_XSLOPE_use,Channel slope,Channel slope,"Reach mean channel slope, taken from the field measurement where one exists and from the map-based calculation otherwise.",%,Physical habitat,XSLOPE_use,1819,curated
phab_XUN,Undercut Distance--Mean,Undercut Distance--Mean,Undercut Distance--Mean (m),m,Physical habitat,XUN,2324,epa_metadata
phab_XWD_RAT,Mean Wetted Width/Thalweg Depth ratio,Mean Wetted Width/Thalweg Depth...,Mean Wetted Width/Thalweg Depth ratio,,Physical habitat,XWD_RAT,2324,epa_metadata
phab_XWIDTH,Mean Wetted Width,Mean Wetted Width,Mean Wetted Width (m),m,Physical habitat,XWIDTH,2324,epa_metadata
phab_XWXD,Mean Wetted Width x Thalweg depth,Mean Wetted Width x Thalweg depth,Mean Wetted Width x Thalweg depth (m2),m2,Physical habitat,XWXD,2324,epa_metadata
popden2010,Population density,Population density,,per sq km,Landscape,popden2010,,streamcat
precip8110,Mean annual precipitation,Mean annual precipitation,"Mean annual precipitation (1981-2010 normal); scaling/climate context, not a condition indicator. Predictor only.",mm,Landscape,precip8110,,metric_map
rckdep,Depth to bedrock,Depth to bedrock,,cm,Landscape,rckdep,,streamcat
rdcrs,"Road-stream crossings (StreamCat RdCrsWs, API units)",Road-stream crossings (StreamCat...,"Road/stream crossing density; crossings fragment aquatic habitat and impede organism passage. UNITS CAUTION (2026-08-21): values as served by the EPA StreamCat API sit about two orders of magnitude below the classic StreamCat documentation of crossings per sq km (frame national median 0.0098 vs a documented distribution near 0.5 to 1.5). The frame and the live API agree with each other, so scoring is internally consistent, but a manually computed crossings-per-sq-km value will land far off-curve. Enter API-served values only, pending units reconciliation with EPA.",,Landscape,rdcrs,,metric_map
rddens,Road density,Road density,"Watershed road density; roads concentrate and route runoff to the channel, so higher density means more concentrated inflow pressure. Directional proxy shared with the EASI screening metric; it does not count outfalls.",km/sq km,Landscape,rddens,,metric_map
runoff,Mean annual runoff,Mean annual runoff,"Mean annual runoff; scaling/climate context, not a condition indicator. Predictor only.",mm,Landscape,runoff,,metric_map
sand,Sand content,Sand content,,%,Landscape,sand,,streamcat
tmean8110,Mean annual air temperature (C),Mean annual air temperature (C),,,Landscape,tmean8110,,streamcat
wtdep,Water table depth,Water table depth,,cm,Landscape,wtdep,,streamcat
