comid,stream_order,drainage_area_sqkm,fetched_at
5545,1.0,15.4224,2026-09-08T01:10:58Z
14978,5.0,1596.6549,2026-09-08T01:10:58Z
188341,3.0,69.5232,2026-09-08T01:10:58Z
191411,5.0,6813.9126,2026-09-08T01:10:58Z
197391,5.0,836.3799,2026-09-08T01:10:58Z
198377,5.0,645.4872,2026-09-08T01:10:58Z
207107,4.0,1614.708,2026-09-08T01:10:58Z
225801,5.0,12656.007,2026-09-08T01:10:58Z
229493,5.0,12216.2967,2026-09-08T01:10:58Z
229537,2.0,20.403,2026-09-08T01:10:58Z
238848,3.0,15.3756,2026-09-08T01:10:58Z
243696,4.0,294.5439,2026-09-08T01:10:58Z
249354,6.0,32996.3571,2026-09-08T01:10:58Z
255614,6.0,36418.1112,2026-09-08T01:10:58Z
266295,3.0,121.5261,2026-09-08T01:10:58Z
267163,3.0,473.0373,2026-09-08T01:10:58Z
268115,8.0,81734.2983,2026-09-08T01:10:58Z
285292,8.0,204063.1254,2026-09-08T01:10:58Z
287743,5.0,2235.5721,2026-09-08T01:10:58Z
291315,8.0,171296.2872,2026-09-08T01:10:58Z
309175,8.0,90668.7756,2026-09-08T01:10:58Z
317879,3.0,480.3408,2026-09-08T01:10:58Z
319389,8.0,321142.0671,2026-09-08T01:10:58Z
324061,3.0,222.6015,2026-09-08T01:10:58Z
337715,4.0,1298.4075,2026-09-08T01:10:58Z
338069,8.0,444207.4524,2026-09-08T01:10:58Z
344983,3.0,38.4417,2026-09-08T01:10:58Z
346783,3.0,18.8136,2026-09-08T01:10:58Z
362143,6.0,18489.1482,2026-09-08T01:10:58Z
362357,1.0,9.3357,2026-09-08T01:10:58Z
369135,8.0,217468.2753,2026-09-08T01:10:58Z
371319,8.0,220766.535,2026-09-08T01:10:58Z
372489,4.0,151.1532,2026-09-08T01:10:58Z
380740,1.0,2.8494,2026-09-08T01:10:58Z
381802,8.0,275306.8626,2026-09-08T01:10:58Z
390116,6.0,32302.5741,2026-09-08T01:10:58Z
391658,6.0,34220.2446,2026-09-08T01:10:58Z
398070,5.0,667.8711,2026-09-08T01:10:58Z
399870,6.0,2330.8155,2026-09-08T01:10:58Z
400170,5.0,772.7049,2026-09-08T01:10:58Z
415455,1.0,24.6483,2026-09-08T01:10:58Z
416965,6.0,39180.3876,2026-09-08T01:10:58Z
417907,6.0,37097.4609,2026-09-08T01:10:58Z
418111,3.0,153.6039,2026-09-08T01:10:58Z
418283,1.0,32.0679,2026-09-08T01:10:58Z
418537,6.0,37371.4794,2026-09-08T01:10:58Z
425068,7.0,77150.6289,2026-09-08T01:10:58Z
426310,7.0,77202.1287,2026-09-08T01:10:58Z
430066,4.0,192.8385,2026-09-08T01:10:58Z
430440,2.0,91.2366,2026-09-08T01:10:58Z
430554,6.0,19408.4514,2026-09-08T01:10:58Z
433832,6.0,3964.7457,2026-09-08T01:10:58Z
434844,6.0,2681.4528,2026-09-08T01:10:58Z
435500,5.0,1649.5353,2026-09-08T01:10:58Z
435510,1.0,4.3371,2026-09-08T01:10:58Z
436894,4.0,359.4168,2026-09-08T01:10:58Z
448520,6.0,10379.6973,2026-09-08T01:10:58Z
453762,6.0,3124.2771,2026-09-08T01:10:58Z
455266,2.0,16.9902,2026-09-08T01:10:58Z
455598,2.0,6.2901,2026-09-08T01:10:58Z
455918,1.0,6.804,2026-09-08T01:10:58Z
456516,1.0,5.4828,2026-09-08T01:10:58Z
465516,8.0,159237.828,2026-09-08T01:10:58Z
481956,4.0,760.1193,2026-09-08T01:10:58Z
484584,5.0,2315.9709,2026-09-08T01:10:58Z
487344,4.0,230.4198,2026-09-08T01:10:58Z
494500,6.0,75981.9267,2026-09-08T01:10:58Z
496338,3.0,55.1286,2026-09-08T01:10:58Z
504614,1.0,2.9925,2026-09-08T01:10:58Z
505098,1.0,2.4732,2026-09-08T01:10:58Z
512315,2.0,4.4109,2026-09-08T01:10:58Z
512849,8.0,120317.3694,2026-09-08T01:10:58Z
512939,8.0,119977.9965,2026-09-08T01:10:58Z
532469,3.0,34.542,2026-09-08T01:10:58Z
532475,4.0,256.6926,2026-09-08T01:10:58Z
533427,2.0,56.9601,2026-09-08T01:10:58Z
536075,1.0,3.5667,2026-09-08T01:10:58Z
536159,3.0,38.232,2026-09-08T01:10:58Z
536493,3.0,35.0361,2026-09-08T01:10:58Z
536817,5.0,3564.243,2026-09-08T01:10:58Z
536823,1.0,3.8925,2026-09-08T01:10:58Z
556903,3.0,66.2859,2026-09-08T01:10:58Z
557579,5.0,469.7406,2026-09-08T01:10:58Z
560591,5.0,618.444,2026-09-08T01:10:58Z
590048,5.0,929.2095,2026-09-08T01:10:58Z
592204,4.0,259.9848,2026-09-08T01:10:58Z
592260,4.0,264.4659,2026-09-08T01:10:58Z
592396,2.0,51.1227,2026-09-08T01:10:58Z
592740,6.0,3668.4342,2026-09-08T01:10:58Z
597232,6.0,3628.1412,2026-09-08T01:10:58Z
606891,4.0,330.8229,2026-09-08T01:10:58Z
616332,3.0,73.7964,2026-09-08T01:10:58Z
616754,4.0,858.2607,2026-09-08T01:10:58Z
616764,4.0,1891.8099,2026-09-08T01:10:58Z
617190,4.0,737.5491,2026-09-08T01:10:58Z
618460,2.0,66.6909,2026-09-08T01:10:58Z
625376,8.0,447407.955,2026-09-08T01:10:58Z
629419,4.0,127.8549,2026-09-08T01:10:58Z
629779,5.0,456.6681,2026-09-08T01:10:58Z
629821,5.0,239.9373,2026-09-08T01:10:58Z
629877,1.0,17.2602,2026-09-08T01:10:58Z
629919,1.0,8.6886,2026-09-08T01:10:58Z
630087,3.0,172.0665,2026-09-08T01:10:58Z
630377,6.0,1978.7589,2026-09-08T01:10:58Z
664578,1.0,16.8381,2026-09-08T01:10:58Z
666128,5.0,1459.6281,2026-09-08T01:10:58Z
673110,2.0,21.3948,2026-09-08T01:10:58Z
678891,5.0,709.8093,2026-09-08T01:10:58Z
678913,6.0,4023.1809,2026-09-08T01:10:58Z
682305,1.0,25.5402,2026-09-08T01:10:58Z
682635,6.0,9559.818,2026-09-08T01:10:58Z
682657,6.0,10165.7196,2026-09-08T01:10:58Z
684049,6.0,11228.3487,2026-09-08T01:10:58Z
700772,4.0,1601.136,2026-09-08T01:10:58Z
703952,2.0,9.2592,2026-09-08T01:10:58Z
705416,4.0,240.7689,2026-09-08T01:10:58Z
707124,6.0,2946.4425,2026-09-08T01:10:58Z
708022,1.0,7.7814,2026-09-08T01:10:58Z
708080,1.0,19.5912,2026-09-08T01:10:58Z
709026,1.0,11.7864,2026-09-08T01:10:58Z
718940,1.0,17.1819,2026-09-08T01:10:58Z
719162,4.0,1841.8635,2026-09-08T01:10:58Z
721640,5.0,3197.97,2026-09-08T01:10:58Z
724776,4.0,609.1317,2026-09-08T01:10:58Z
725686,4.0,177.8328,2026-09-08T01:10:58Z
732863,5.0,1713.987,2026-09-08T01:10:58Z
744481,3.0,59.5917,2026-09-08T01:10:58Z
747059,5.0,1899.1548,2026-09-08T01:10:58Z
747699,1.0,13.3776,2026-09-08T01:10:58Z
791038,2.0,5.9121,2026-09-08T01:10:58Z
791316,4.0,386.721,2026-09-08T01:10:58Z
792120,5.0,756.4374,2026-09-08T01:10:58Z
800843,3.0,242.8029,2026-09-08T01:10:58Z
803219,5.0,6076.5228,2026-09-08T01:10:58Z
803877,1.0,7.4952,2026-09-08T01:10:58Z
804315,1.0,5.8185,2026-09-08T01:10:58Z
804341,4.0,479.3328,2026-09-08T01:10:58Z
804379,4.0,236.7909,2026-09-08T01:10:58Z
804391,4.0,489.6873,2026-09-08T01:10:58Z
804601,3.0,77.9157,2026-09-08T01:10:58Z
804775,1.0,7.4664,2026-09-08T01:10:58Z
805055,2.0,47.0925,2026-09-08T01:10:58Z
805387,5.0,2551.8582,2026-09-08T01:10:58Z
805465,5.0,1688.7348,2026-09-08T01:10:58Z
817243,4.0,565.4439,2026-09-08T01:10:58Z
817261,4.0,442.8774,2026-09-08T01:10:58Z
817401,3.0,91.6443,2026-09-08T01:10:58Z
833472,7.0,16759.836,2026-09-08T01:10:58Z
833478,7.0,16802.991,2026-09-08T01:10:58Z
847450,5.0,2944.8333,2026-09-08T01:10:58Z
880484,9.0,444031.4556,2026-09-08T01:10:58Z
880654,8.0,368999.8452,2026-09-08T01:10:58Z
885805,6.0,5116.7034,2026-09-08T01:10:58Z
886365,3.0,146.5875,2026-09-08T01:10:58Z
886737,6.0,5907.2931,2026-09-08T01:10:58Z
897081,1.0,3.5271,2026-09-08T01:10:58Z
897313,6.0,3089.4291,2026-09-08T01:10:58Z
897951,1.0,20.5812,2026-09-08T01:10:58Z
916469,2.0,20.8386,2026-09-08T01:10:58Z
916523,1.0,30.9123,2026-09-08T01:10:58Z
918071,1.0,10.2267,2026-09-08T01:10:58Z
918115,1.0,27.567,2026-09-08T01:10:58Z
934978,5.0,7149.7782,2026-09-08T01:10:58Z
947137,2.0,18.0468,2026-09-08T01:10:58Z
947513,4.0,201.9618,2026-09-08T01:10:58Z
949511,3.0,63.6246,2026-09-08T01:10:58Z
951491,2.0,23.7501,2026-09-08T01:10:58Z
951583,4.0,555.6717,2026-09-08T01:10:58Z
982565,5.0,1531.9224,2026-09-08T01:10:58Z
1017911,4.0,2455.29,2026-09-08T01:10:58Z
1022226,1.0,16.3656,2026-09-08T01:10:58Z
1022640,4.0,1513.863,2026-09-08T01:10:58Z
1032533,4.0,1405.7379,2026-09-08T01:10:58Z
1042471,1.0,8.8515,2026-09-08T01:10:58Z
1048057,1.0,2.5587,2026-09-08T01:10:58Z
1049821,2.0,39.2454,2026-09-08T01:10:58Z
1052389,2.0,13.8555,2026-09-08T01:10:58Z
1077709,3.0,40.9068,2026-09-08T01:10:58Z
1078809,5.0,8223.4404,2026-09-08T01:10:58Z
1087261,2.0,17.1423,2026-09-08T01:10:58Z
1100776,7.0,44936.1945,2026-09-08T01:10:58Z
1103808,2.0,31.5531,2026-09-08T01:10:58Z
1104206,7.0,50508.2763,2026-09-08T01:10:58Z
1104280,8.0,94953.9051,2026-09-08T01:10:58Z
1109697,1.0,13.959,2026-09-08T01:10:58Z
1121433,4.0,2092.9419,2026-09-08T01:10:58Z
1128303,6.0,8988.2595,2026-09-08T01:10:58Z
1129535,5.0,3593.8206,2026-09-08T01:10:58Z
1136204,6.0,8450.6211,2026-09-08T01:10:58Z
1136232,6.0,8489.4363,2026-09-08T01:10:58Z
1142972,4.0,907.4403,2026-09-08T01:10:58Z
1149949,5.0,1111.4541,2026-09-08T01:10:58Z
1150509,1.0,9.5211,2026-09-08T01:10:58Z
1151595,4.0,1205.6778,2026-09-08T01:10:58Z
1152235,5.0,3650.0481,2026-09-08T01:10:58Z
1158893,1.0,17.5014,2026-09-08T01:10:58Z
1159395,1.0,29.007,2026-09-08T01:10:58Z
1166435,5.0,2687.0391,2026-09-08T01:10:58Z
1169814,3.0,51.273,2026-09-08T01:10:58Z
1231137,1.0,11.0169,2026-09-08T01:10:58Z
1231319,2.0,39.1608,2026-09-08T01:10:58Z
1234349,1.0,15.1326,2026-09-08T01:10:58Z
1234509,1.0,15.5016,2026-09-08T01:10:58Z
1236063,6.0,8812.5264,2026-09-08T01:10:58Z
1237315,1.0,8.595,2026-09-08T01:10:58Z
1238033,2.0,17.5491,2026-09-08T01:10:58Z
1254054,3.0,90.2646,2026-09-08T01:10:58Z
1254232,2.0,60.1029,2026-09-08T01:10:58Z
1259243,1.0,65.2374,2026-09-08T01:10:58Z
1260147,1.0,35.4708,2026-09-08T01:10:58Z
1260385,1.0,6.9408,2026-09-08T01:10:58Z
1270480,2.0,31.3515,2026-09-08T01:10:58Z
1276500,2.0,121.3353,2026-09-08T01:10:58Z
1285939,5.0,1291.8762,2026-09-08T01:10:58Z
1292128,2.0,136.1475,2026-09-08T01:10:58Z
1293160,1.0,17.9325,2026-09-08T01:10:58Z
1300436,3.0,89.5779,2026-09-08T01:10:58Z
1305645,5.0,2840.7393,2026-09-08T01:10:58Z
1305945,2.0,20.871,2026-09-08T01:10:58Z
1306793,1.0,19.4229,2026-09-08T01:10:58Z
1312749,4.0,993.4092,2026-09-08T01:10:58Z
1312969,2.0,8.0973,2026-09-08T01:10:58Z
1313221,2.0,33.0372,2026-09-08T01:10:58Z
1318658,5.0,2494.9953,2026-09-08T01:10:58Z
1319660,2.0,40.8402,2026-09-08T01:10:58Z
1320886,3.0,122.5224,2026-09-08T01:10:58Z
1321066,1.0,17.8443,2026-09-08T01:10:58Z
1324875,2.0,39.7026,2026-09-08T01:10:58Z
1327399,2.0,42.0597,2026-09-08T01:10:58Z
1333232,1.0,6.2838,2026-09-08T01:10:58Z
1337228,4.0,271.3824,2026-09-08T01:10:58Z
1341738,6.0,4663.2564,2026-09-08T01:10:58Z
1353028,6.0,3779.1738,2026-09-08T01:10:58Z
1354030,1.0,2.5416,2026-09-08T01:10:58Z
1354246,3.0,40.1436,2026-09-08T01:10:58Z
1357286,1.0,7.1379,2026-09-08T01:10:58Z
1370120,8.0,64517.6394,2026-09-08T01:10:58Z
1374484,8.0,67570.5393,2026-09-08T01:10:58Z
1385500,7.0,58733.0415,2026-09-08T01:10:58Z
1386116,1.0,6.543,2026-09-08T01:10:58Z
1386420,2.0,27.162,2026-09-08T01:10:58Z
1400484,7.0,45520.1127,2026-09-08T01:10:58Z
1400514,7.0,40312.6452,2026-09-08T01:10:58Z
1401580,1.0,13.68,2026-09-08T01:10:58Z
1406097,3.0,48.582,2026-09-08T01:10:58Z
1406141,3.0,71.7183,2026-09-08T01:10:58Z
1409141,1.0,16.6788,2026-09-08T01:10:58Z
1422686,6.0,4397.3451,2026-09-08T01:10:58Z
1438283,3.0,96.5709,2026-09-08T01:10:58Z
1439151,3.0,495.081,2026-09-08T01:10:58Z
1440185,1.0,13.0734,2026-09-08T01:10:58Z
1446504,1.0,13.7385,2026-09-08T01:10:58Z
1453605,4.0,482.787,2026-09-08T01:10:58Z
1465602,1.0,5.6934,2026-09-08T01:10:58Z
1468062,5.0,2217.1113,2026-09-08T01:10:58Z
1475505,2.0,35.658,2026-09-08T01:10:58Z
1487834,6.0,43010.2134,2026-09-08T01:10:58Z
1509233,3.0,353.8035,2026-09-08T01:10:58Z
1512719,1.0,50.0805,2026-09-08T01:10:58Z
1519031,4.0,292.7421,2026-09-08T01:10:58Z
1520241,5.0,912.5874,2026-09-08T01:10:58Z
1530127,5.0,1352.8404,2026-09-08T01:10:58Z
1532161,5.0,2355.147,2026-09-08T01:10:58Z
1543353,1.0,7.4898,2026-09-08T01:10:58Z
1566072,2.0,91.2285,2026-09-08T01:10:58Z
1594271,7.0,45535.0212,2026-09-08T01:10:58Z
1607572,5.0,2103.6897,2026-09-08T01:10:58Z
1619595,4.0,3720.9519,2026-09-08T01:10:58Z
1623065,3.0,166.1076,2026-09-08T01:10:58Z
1623295,5.0,1744.47,2026-09-08T01:10:58Z
1631151,4.0,404.8308,2026-09-08T01:10:58Z
1638519,6.0,13196.7225,2026-09-08T01:10:58Z
1654787,1.0,46.026,2026-09-08T01:10:58Z
1668187,2.0,15.0156,2026-09-08T01:10:58Z
1669885,2.0,15.0111,2026-09-08T01:10:58Z
1678799,4.0,403.785,2026-09-08T01:10:58Z
1702806,3.0,658.1691,2026-09-08T01:10:58Z
1703312,2.0,179.2521,2026-09-08T01:10:58Z
1711168,2.0,8.5068,2026-09-08T01:10:58Z
1711188,4.0,617.9292,2026-09-08T01:10:58Z
1711504,4.0,1298.2671,2026-09-08T01:10:58Z
1713102,4.0,294.0849,2026-09-08T01:10:58Z
1713412,5.0,2528.0451,2026-09-08T01:10:58Z
1713416,5.0,2573.4402,2026-09-08T01:10:58Z
1718335,1.0,9.837,2026-09-08T01:10:58Z
1719869,5.0,859.3191,2026-09-08T01:10:58Z
1733860,6.0,13451.6331,2026-09-08T01:10:58Z
1734024,7.0,17285.9184,2026-09-08T01:10:58Z
1736072,3.0,36.8478,2026-09-08T01:10:58Z
1736698,7.0,18987.6114,2026-09-08T01:10:58Z
1736862,7.0,20106.0999,2026-09-08T01:10:58Z
1736894,7.0,20675.7801,2026-09-08T01:10:58Z
1737074,5.0,220.3542,2026-09-08T01:10:58Z
1748565,1.0,18.6687,2026-09-08T01:10:58Z
1749281,4.0,1186.11,2026-09-08T01:10:58Z
1750535,1.0,7.1622,2026-09-08T01:10:58Z
1755010,1.0,8.637,2026-09-08T01:10:58Z
1758766,2.0,51.409,2026-09-08T01:10:58Z
1758810,1.0,7.778,2026-09-08T01:10:58Z
1772090,5.0,3092.326,2026-09-08T01:10:58Z
1776446,4.0,569.911,2026-09-08T01:10:58Z
1777502,5.0,6071.952,2026-09-08T01:10:58Z
1777514,5.0,6152.284,2026-09-08T01:10:58Z
1777756,5.0,3414.849,2026-09-08T01:10:58Z
1779354,3.0,103.024,2026-09-08T01:10:58Z
1791105,4.0,305.717,2026-09-08T01:10:58Z
1793809,5.0,1778.669,2026-09-08T01:10:58Z
1798219,2.0,71.718,2026-09-08T01:10:58Z
1798965,3.0,144.98,2026-09-08T01:10:58Z
1800271,1.0,17.462,2026-09-08T01:10:58Z
1813151,1.0,5.933,2026-09-08T01:10:58Z
1813331,5.0,2428.066,2026-09-08T01:10:58Z
1814539,3.0,46.232,2026-09-08T01:10:58Z
1814823,5.0,503.026,2026-09-08T01:10:58Z
1814859,3.0,148.622,2026-09-08T01:10:58Z
1815121,1.0,9.716,2026-09-08T01:10:58Z
1824466,6.0,16314.4134,2026-09-08T01:10:58Z
1825464,1.0,8.4609,2026-09-08T01:10:58Z
1825564,6.0,14091.5511,2026-09-08T01:10:58Z
1826498,1.0,13.1949,2026-09-08T01:10:58Z
1827680,6.0,13449.6198,2026-09-08T01:10:58Z
1827798,6.0,11887.065,2026-09-08T01:10:58Z
1839089,3.0,93.7026,2026-09-08T01:10:58Z
1840069,9.0,522310.3317,2026-09-08T01:10:58Z
1841445,9.0,524594.2329,2026-09-08T01:10:58Z
1852353,5.0,2555.5239,2026-09-08T01:10:58Z
1862392,5.0,1393.7355,2026-09-08T01:10:58Z
1862918,3.0,54.1377,2026-09-08T01:10:58Z
1863288,3.0,57.3129,2026-09-08T01:10:58Z
1873861,3.0,52.6464,2026-09-08T01:10:58Z
1874023,4.0,266.4144,2026-09-08T01:10:58Z
1874879,3.0,92.1645,2026-09-08T01:10:58Z
1875011,8.0,114618.5874,2026-09-08T01:10:58Z
1875137,8.0,119798.1279,2026-09-08T01:10:58Z
1889600,6.0,5318.1135,2026-09-08T01:10:58Z
1897364,7.0,36208.2051,2026-09-08T01:10:58Z
1897398,7.0,36077.1345,2026-09-08T01:10:58Z
1897492,7.0,37478.4075,2026-09-08T01:10:58Z
1909502,6.0,5469.525,2026-09-08T01:10:58Z
1921992,8.0,180714.1122,2026-09-08T01:10:58Z
1945943,1.0,3.9627,2026-09-08T01:10:58Z
1946749,7.0,11091.6909,2026-09-08T01:10:58Z
1947779,3.0,208.1403,2026-09-08T01:10:58Z
1948473,1.0,7.6545,2026-09-08T01:10:58Z
1978632,2.0,151.1127,2026-09-08T01:10:58Z
2000198,1.0,74.0169,2026-09-08T01:10:58Z
2014298,5.0,1700.4528,2026-09-08T01:10:58Z
2016562,6.0,3487.1949,2026-09-08T01:10:58Z
2045167,1.0,1.9269,2026-09-08T01:10:58Z
2047853,3.0,25.9272,2026-09-08T01:10:58Z
2048227,5.0,3747.6063,2026-09-08T01:10:58Z
2051307,5.0,3000.3624,2026-09-08T01:10:58Z
2067094,6.0,3926.9511,2026-09-08T01:10:58Z
2077359,3.0,479.5704,2026-09-08T01:10:58Z
2078435,4.0,647.1063,2026-09-08T01:10:58Z
2081568,5.0,1344.6243,2026-09-08T01:10:58Z
2087075,3.0,150.7959,2026-09-08T01:10:58Z
2087257,3.0,15.66,2026-09-08T01:10:58Z
2090881,5.0,2147.5242,2026-09-08T01:10:58Z
2092209,6.0,4963.9509,2026-09-08T01:10:58Z
2116724,5.0,1043.892,2026-09-08T01:10:58Z
2118046,1.0,4.6161,2026-09-08T01:10:58Z
2118438,8.0,151864.8507,2026-09-08T01:10:58Z
2118464,8.0,151866.3636,2026-09-08T01:10:58Z
2118476,8.0,151884.7749,2026-09-08T01:10:58Z
2119634,2.0,9.1314,2026-09-08T01:10:58Z
2134118,1.0,8.5086,2026-09-08T01:10:58Z
2135254,1.0,5.2488,2026-09-08T01:10:58Z
2135268,1.0,6.9318,2026-09-08T01:10:58Z
2135668,2.0,61.821,2026-09-08T01:10:58Z
2148317,6.0,2309.0634,2026-09-08T01:10:58Z
2157160,1.0,13.4532,2026-09-08T01:10:58Z
2161770,1.0,87.1884,2026-09-08T01:10:58Z
2161822,5.0,2464.4655,2026-09-08T01:10:58Z
2166189,3.0,174.3012,2026-09-08T01:10:58Z
2187281,4.0,551.6127,2026-09-08T01:10:58Z
2187701,1.0,1.9134,2026-09-08T01:10:58Z
2188031,5.0,1779.237,2026-09-08T01:10:58Z
2208972,3.0,21.8115,2026-09-08T01:10:58Z
2210454,5.0,1464.4116,2026-09-08T01:10:58Z
2213454,6.0,2483.3268,2026-09-08T01:10:58Z
2214044,4.0,131.0715,2026-09-08T01:10:58Z
2232705,7.0,22383.0846,2026-09-08T01:10:58Z
2241985,2.0,50.4792,2026-09-08T01:10:58Z
2242047,7.0,8498.4336,2026-09-08T01:10:58Z
2252747,2.0,84.3831,2026-09-08T01:10:58Z
2252949,9.0,1020851.7597,2026-09-08T01:10:58Z
2253329,2.0,7.3908,2026-09-08T01:10:58Z
2253843,2.0,4.9563,2026-09-08T01:10:58Z
2254097,9.0,1021293.981,2026-09-08T01:10:58Z
2261623,2.0,164.1699,2026-09-08T01:10:58Z
2263415,3.0,186.7599,2026-09-08T01:10:58Z
2267793,1.0,5.7402,2026-09-08T01:10:58Z
2267797,5.0,931.9338,2026-09-08T01:10:58Z
2268185,1.0,4.2417,2026-09-08T01:10:58Z
2268557,3.0,357.7482,2026-09-08T01:10:58Z
2268959,6.0,7349.8545,2026-09-08T01:10:58Z
2276031,1.0,33.8715,2026-09-08T01:10:58Z
2277329,1.0,47.1789,2026-09-08T01:10:58Z
2277335,1.0,32.9148,2026-09-08T01:10:58Z
2297314,8.0,45909.3636,2026-09-08T01:10:58Z
2298768,8.0,49540.9284,2026-09-08T01:10:58Z
2298868,3.0,173.0493,2026-09-08T01:10:58Z
2305271,1.0,10.3959,2026-09-08T01:10:58Z
2306773,7.0,19629.6741,2026-09-08T01:10:58Z
2310443,7.0,21269.9979,2026-09-08T01:10:58Z
2310493,7.0,21402.6138,2026-09-08T01:10:58Z
2330793,4.0,341.4879,2026-09-08T01:10:58Z
2333153,3.0,80.9487,2026-09-08T01:10:58Z
2353858,5.0,2864.8377,2026-09-08T01:10:58Z
2363504,5.0,2654.4015,2026-09-08T01:10:58Z
2386814,4.0,194.6358,2026-09-08T01:10:58Z
2386956,8.0,43560.2547,2026-09-08T01:10:58Z
2387062,8.0,42874.9965,2026-09-08T01:10:58Z
2387876,4.0,206.7993,2026-09-08T01:10:58Z
2388048,3.0,82.8657,2026-09-08T01:10:58Z
2388184,2.0,27.5985,2026-09-08T01:10:58Z
2389238,1.0,19.8567,2026-09-08T01:10:58Z
2400125,4.0,530.3079,2026-09-08T01:10:58Z
2400367,3.0,117.4572,2026-09-08T01:10:58Z
2413396,5.0,1616.0724,2026-09-08T01:10:58Z
2413424,5.0,1616.8041,2026-09-08T01:10:58Z
2413970,6.0,6790.3956,2026-09-08T01:10:58Z
2430094,6.0,1818.6975,2026-09-08T01:10:58Z
2430620,6.0,4776.8337,2026-09-08T01:10:58Z
2430758,6.0,5138.2611,2026-09-08T01:10:58Z
2441760,2.0,12.7557,2026-09-08T01:10:58Z
2442076,3.0,85.1778,2026-09-08T01:10:58Z
2442272,6.0,3443.2623,2026-09-08T01:10:58Z
2442540,6.0,3098.7117,2026-09-08T01:10:58Z
2455266,3.0,52.3035,2026-09-08T01:10:58Z
2455550,2.0,10.7748,2026-09-08T01:10:58Z
2456568,8.0,161066.8764,2026-09-08T01:10:58Z
2461733,2.0,18.6813,2026-09-08T01:10:58Z
2462767,3.0,79.3215,2026-09-08T01:10:58Z
2464161,5.0,1349.9856,2026-09-08T01:10:58Z
2496070,6.0,16314.6627,2026-09-08T01:10:58Z
2496106,7.0,20690.7885,2026-09-08T01:10:58Z
2501251,1.0,31.9968,2026-09-08T01:10:58Z
2502019,1.0,12.2796,2026-09-08T01:10:58Z
2509199,1.0,4.8582,2026-09-08T01:10:58Z
2521584,7.0,46621.9944,2026-09-08T01:10:58Z
2522708,7.0,48544.1469,2026-09-08T01:10:58Z
2529403,3.0,331.2531,2026-09-08T01:10:58Z
2530425,3.0,51.462,2026-09-08T01:10:58Z
2557043,4.0,304.0164,2026-09-08T01:10:58Z
2569396,5.0,5238.3681,2026-09-08T01:10:58Z
2578249,3.0,416.6262,2026-09-08T01:10:58Z
2583245,3.0,19.3635,2026-09-08T01:10:58Z
2586809,4.0,277.9515,2026-09-08T01:10:58Z
2588065,3.0,131.1345,2026-09-08T01:10:58Z
2588347,6.0,11298.5226,2026-09-08T01:10:58Z
2588401,6.0,11785.8942,2026-09-08T01:10:58Z
2588471,6.0,15974.5122,2026-09-08T01:10:58Z
2593529,6.0,15824.5389,2026-09-08T01:10:58Z
2600155,3.0,47.8476,2026-09-08T01:10:58Z
2602851,2.0,27.117,2026-09-08T01:10:58Z
2613578,4.0,864.8127,2026-09-08T01:10:58Z
2617016,3.0,40.9986,2026-09-08T01:10:58Z
2637532,4.0,813.2229,2026-09-08T01:10:58Z
2645588,6.0,14969.493,2026-09-08T01:10:58Z
2649208,4.0,1104.1452,2026-09-08T01:10:58Z
2663195,2.0,20.7234,2026-09-08T01:10:58Z
2664177,5.0,434.9664,2026-09-08T01:10:58Z
2666267,1.0,3.0276,2026-09-08T01:10:58Z
2677652,1.0,8.2557,2026-09-08T01:10:58Z
2678134,5.0,1181.0628,2026-09-08T01:10:58Z
2679496,4.0,430.9875,2026-09-08T01:10:58Z
2680682,1.0,7.6914,2026-09-08T01:10:58Z
2702657,7.0,8096.3181,2026-09-08T01:10:58Z
2702749,7.0,9366.6762,2026-09-08T01:10:58Z
2706253,7.0,5787.5328,2026-09-08T01:10:58Z
2709451,3.0,49.7799,2026-09-08T01:10:58Z
2709497,1.0,1.6515,2026-09-08T01:10:58Z
2710651,7.0,4152.951,2026-09-08T01:10:58Z
2719859,1.0,5.2713,2026-09-08T01:10:58Z
2721295,3.0,216.5274,2026-09-08T01:10:58Z
2723135,6.0,36034.8993,2026-09-08T01:10:58Z
2723163,6.0,36170.8074,2026-09-08T01:10:58Z
2723275,6.0,36241.5528,2026-09-08T01:10:58Z
2733120,3.0,54.8829,2026-09-08T01:10:58Z
2733550,5.0,1657.9575,2026-09-08T01:10:58Z
2739366,1.0,2.0745,2026-09-08T01:10:58Z
2748444,5.0,3917.1006,2026-09-08T01:10:58Z
2769298,1.0,6.9507,2026-09-08T01:10:58Z
2769334,4.0,116.712,2026-09-08T01:10:58Z
2769748,2.0,10.1682,2026-09-08T01:10:58Z
2772996,1.0,5.5683,2026-09-08T01:10:58Z
2782705,6.0,15367.2228,2026-09-08T01:10:58Z
2820002,6.0,4750.4997,2026-09-08T01:10:58Z
2820014,6.0,4770.1449,2026-09-08T01:10:58Z
2820096,6.0,27711.5796,2026-09-08T01:10:58Z
2823718,6.0,3997.7361,2026-09-08T01:10:58Z
2833552,5.0,3287.7603,2026-09-08T01:10:58Z
2845795,7.0,30193.7247,2026-09-08T01:10:58Z
2847191,3.0,26.1108,2026-09-08T01:10:58Z
2874983,1.0,27.036,2026-09-08T01:10:58Z
2885324,1.0,36.0018,2026-09-08T01:10:58Z
2888850,4.0,629.2557,2026-09-08T01:10:58Z
2889120,1.0,13.689,2026-09-08T01:10:58Z
2889650,2.0,55.3968,2026-09-08T01:10:58Z
2891332,3.0,103.1364,2026-09-08T01:10:58Z
2898065,4.0,498.9033,2026-09-08T01:10:58Z
2899349,5.0,1162.2249,2026-09-08T01:10:58Z
2900003,6.0,2977.0821,2026-09-08T01:10:58Z
2924379,1.0,7.8732,2026-09-08T01:10:58Z
2930839,8.0,364906.6299,2026-09-08T01:10:58Z
2964368,4.0,1101.906,2026-09-08T01:10:58Z
2967198,1.0,35.919,2026-09-08T01:10:58Z
2983734,4.0,58.1706,2026-09-08T01:10:58Z
2983820,2.0,11.0727,2026-09-08T01:10:58Z
2984630,6.0,16052.8608,2026-09-08T01:10:58Z
2997140,6.0,8576.0262,2026-09-08T01:10:58Z
3011769,3.0,427.2678,2026-09-08T01:10:58Z
3012121,8.0,226742.5017,2026-09-08T01:10:58Z
3012139,8.0,226875.0213,2026-09-08T01:10:58Z
3020044,1.0,6.3837,2026-09-08T01:10:58Z
3029726,7.0,39164.1084,2026-09-08T01:10:58Z
3032054,7.0,35906.1912,2026-09-08T01:10:58Z
3054534,4.0,4664.799,2026-09-08T01:10:58Z
3056436,6.0,3608.8893,2026-09-08T01:10:58Z
3057836,1.0,2.5758,2026-09-08T01:10:58Z
3057908,1.0,3.519,2026-09-08T01:10:58Z
3060350,4.0,1139.1345,2026-09-08T01:10:58Z
3060620,4.0,1099.5084,2026-09-08T01:10:58Z
3076693,6.0,5152.3425,2026-09-08T01:10:58Z
3096219,4.0,1021.0725,2026-09-08T01:10:58Z
3102229,2.0,42.4242,2026-09-08T01:10:58Z
3111183,7.0,20383.8453,2026-09-08T01:10:58Z
3111231,7.0,21001.2813,2026-09-08T01:10:58Z
3112135,7.0,20596.4748,2026-09-08T01:10:58Z
3123760,7.0,102452.2317,2026-09-08T01:10:58Z
3134061,2.0,55.5093,2026-09-08T01:10:58Z
3142124,2.0,11.4381,2026-09-08T01:10:58Z
3168810,7.0,41029.9074,2026-09-08T01:10:58Z
3170316,2.0,98.4456,2026-09-08T01:10:58Z
3179466,7.0,44748.459,2026-09-08T01:10:58Z
3179700,6.0,22648.3947,2026-09-08T01:10:58Z
3180756,4.0,226.4931,2026-09-08T01:10:58Z
3180892,3.0,116.0145,2026-09-08T01:10:58Z
3181220,1.0,13.014,2026-09-08T01:10:58Z
3181222,3.0,38.2167,2026-09-08T01:10:58Z
3194360,2.0,21.0132,2026-09-08T01:10:58Z
3199284,3.0,45.3402,2026-09-08T01:10:58Z
3199328,2.0,44.3214,2026-09-08T01:10:58Z
3209893,7.0,50066.9775,2026-09-08T01:10:58Z
3210725,3.0,1306.4184,2026-09-08T01:10:58Z
3211095,7.0,52405.4295,2026-09-08T01:10:58Z
3231845,4.0,386.5158,2026-09-08T01:10:58Z
3232013,3.0,100.7442,2026-09-08T01:10:58Z
3232663,6.0,19642.86,2026-09-08T01:10:58Z
3232749,6.0,17594.4987,2026-09-08T01:10:58Z
3246384,3.0,29.9493,2026-09-08T01:10:58Z
3246404,1.0,3.4047,2026-09-08T01:10:58Z
3246788,1.0,17.6463,2026-09-08T01:10:58Z
3247472,1.0,13.8699,2026-09-08T01:10:58Z
3247492,1.0,45.1539,2026-09-08T01:10:58Z
3247580,2.0,109.8711,2026-09-08T01:10:58Z
3251801,3.0,111.8457,2026-09-08T01:10:58Z
3252635,5.0,2530.8315,2026-09-08T01:10:58Z
3276991,1.0,51.9669,2026-09-08T01:10:58Z
3277713,2.0,13.419,2026-09-08T01:10:58Z
3277837,3.0,194.5962,2026-09-08T01:10:58Z
3286598,6.0,5974.3674,2026-09-08T01:10:58Z
3291252,3.0,48.3399,2026-09-08T01:10:58Z
3293954,4.0,63.3843,2026-09-08T01:10:58Z
3319046,6.0,6419.5191,2026-09-08T01:10:58Z
3320216,4.0,127.3851,2026-09-08T01:10:58Z
3320266,1.0,10.4049,2026-09-08T01:10:58Z
3320376,3.0,149.2362,2026-09-08T01:10:58Z
3321638,2.0,42.885,2026-09-08T01:10:58Z
3322136,6.0,10062.8451,2026-09-08T01:10:58Z
3322252,6.0,10909.0017,2026-09-08T01:10:58Z
3322526,6.0,13988.5713,2026-09-08T01:10:58Z
3323202,3.0,108.3744,2026-09-08T01:10:58Z
3324500,2.0,113.0148,2026-09-08T01:10:58Z
3325392,6.0,14046.7428,2026-09-08T01:10:58Z
3325404,4.0,389.0034,2026-09-08T01:10:58Z
3350155,1.0,5.4306,2026-09-08T01:10:58Z
3366514,3.0,59.8059,2026-09-08T01:10:58Z
3366652,5.0,251.4645,2026-09-08T01:10:58Z
3370122,4.0,869.3856,2026-09-08T01:10:58Z
3370218,1.0,13.8249,2026-09-08T01:10:58Z
3379047,7.0,62030.2905,2026-09-08T01:10:58Z
3379103,7.0,62967.7341,2026-09-08T01:10:58Z
3379515,1.0,23.1858,2026-09-08T01:10:58Z
3380831,7.0,66074.5143,2026-09-08T01:10:58Z
3380849,7.0,66181.3623,2026-09-08T01:10:58Z
3380881,7.0,67450.68,2026-09-08T01:10:58Z
3387233,6.0,4331.124,2026-09-08T01:10:58Z
3398496,5.0,858.024,2026-09-08T01:10:58Z
3407423,1.0,15.417,2026-09-08T01:10:58Z
3408305,8.0,215308.8396,2026-09-08T01:10:58Z
3414080,3.0,19.6146,2026-09-08T01:10:58Z
3416492,5.0,2404.1808,2026-09-08T01:10:58Z
3424530,7.0,15123.8385,2026-09-08T01:10:58Z
3425850,7.0,18310.0194,2026-09-08T01:10:58Z
3432386,4.0,169.8579,2026-09-08T01:10:58Z
3434372,6.0,14518.8387,2026-09-08T01:10:58Z
3435520,1.0,1.5687,2026-09-08T01:10:58Z
3436594,3.0,18.5499,2026-09-08T01:10:58Z
3436638,3.0,67.0734,2026-09-08T01:10:58Z
3436768,4.0,140.5836,2026-09-08T01:10:58Z
3467441,1.0,7.342,2026-09-08T01:10:58Z
3468447,6.0,5272.22,2026-09-08T01:10:58Z
3472557,1.0,53.529,2026-09-08T01:10:58Z
3484039,1.0,15.6744,2026-09-08T01:10:58Z
3485519,4.0,100.6749,2026-09-08T01:10:58Z
3485741,4.0,754.8183,2026-09-08T01:10:58Z
3486825,6.0,8658.4707,2026-09-08T01:10:58Z
3486847,6.0,9904.3425,2026-09-08T01:10:58Z
3489643,6.0,16758.9756,2026-09-08T01:10:58Z
3529001,8.0,276376.1715,2026-09-08T01:10:58Z
3536209,6.0,14380.8777,2026-09-08T01:10:58Z
3538175,3.0,32.2371,2026-09-08T01:10:58Z
3539659,4.0,172.9233,2026-09-08T01:10:58Z
3555512,7.0,46255.4028,2026-09-08T01:10:58Z
3558086,7.0,48203.1495,2026-09-08T01:10:58Z
3561718,7.0,43424.6625,2026-09-08T01:10:58Z
3561782,7.0,43157.4984,2026-09-08T01:10:58Z
3577810,6.0,15927.8859,2026-09-08T01:10:58Z
3577878,6.0,16178.5323,2026-09-08T01:10:58Z
3577894,6.0,16265.1798,2026-09-08T01:10:58Z
3594818,1.0,5.9175,2026-09-08T01:10:58Z
3594888,3.0,58.7079,2026-09-08T01:10:58Z
3598196,8.0,69816.3813,2026-09-08T01:10:58Z
3598274,8.0,68428.2663,2026-09-08T01:10:58Z
3599706,2.0,5.1309,2026-09-08T01:10:58Z
3601254,8.0,71406.225,2026-09-08T01:10:58Z
3626797,1.0,5.8059,2026-09-08T01:10:58Z
3629127,10.0,1739628.9351,2026-09-08T01:10:58Z
3629943,10.0,1741359.2958,2026-09-08T01:10:58Z
3640616,1.0,15.0273,2026-09-08T01:10:58Z
3640646,2.0,73.6794,2026-09-08T01:10:58Z
3643460,4.0,74.4831,2026-09-08T01:10:58Z
3644256,5.0,472.8717,2026-09-08T01:10:58Z
3645992,2.0,22.4694,2026-09-08T01:10:58Z
3648412,2.0,10.7451,2026-09-08T01:10:58Z
3665548,4.0,130.7385,2026-09-08T01:10:58Z
3665690,6.0,4362.6771,2026-09-08T01:10:58Z
3669198,1.0,35.4744,2026-09-08T01:10:58Z
3672208,7.0,13300.2441,2026-09-08T01:10:58Z
3672692,6.0,6107.5872,2026-09-08T01:10:58Z
3682162,7.0,21754.3059,2026-09-08T01:10:58Z
3701586,4.0,203.8608,2026-09-08T01:10:58Z
3702194,4.0,655.5222,2026-09-08T01:10:58Z
3702468,3.0,239.9013,2026-09-08T01:10:58Z
3702534,9.0,1008611.8308,2026-09-08T01:10:58Z
3702546,9.0,1014205.7241,2026-09-08T01:10:58Z
3703454,1.0,9.4896,2026-09-08T01:10:58Z
3704214,9.0,1015761.3939,2026-09-08T01:10:58Z
3715934,2.0,8.3961,2026-09-08T01:10:58Z
3727725,2.0,33.3621,2026-09-08T01:10:58Z
3727819,8.0,287887.7097,2026-09-08T01:10:58Z
3729225,3.0,49.023,2026-09-08T01:10:58Z
3730121,3.0,121.8618,2026-09-08T01:10:58Z
3746118,1.0,39.6135,2026-09-08T01:10:58Z
3747886,6.0,10882.1079,2026-09-08T01:10:58Z
3747896,6.0,10982.1159,2026-09-08T01:10:58Z
3750028,5.0,1378.6065,2026-09-08T01:10:58Z
3763166,6.0,97272.8271,2026-09-08T01:10:58Z
3768684,3.0,43.3431,2026-09-08T01:10:58Z
3770420,3.0,58.6467,2026-09-08T01:10:58Z
3773947,1.0,2.7819,2026-09-08T01:10:58Z
3775753,5.0,2350.2537,2026-09-08T01:10:58Z
3776571,3.0,180.4914,2026-09-08T01:10:58Z
3777181,1.0,1.4634,2026-09-08T01:10:58Z
3798223,5.0,1753.8885,2026-09-08T01:10:58Z
3806223,6.0,3654.8541,2026-09-08T01:10:58Z
3806257,6.0,3593.7414,2026-09-08T01:10:58Z
3808057,5.0,1120.3569,2026-09-08T01:10:58Z
3809557,4.0,95.31,2026-09-08T01:10:58Z
3809649,1.0,2.6649,2026-09-08T01:10:58Z
3809737,1.0,2.8323,2026-09-08T01:10:58Z
3819373,1.0,3.4623,2026-09-08T01:10:58Z
3821363,8.0,61798.0482,2026-09-08T01:10:58Z
3822875,2.0,16.0929,2026-09-08T01:10:58Z
3822965,2.0,14.1957,2026-09-08T01:10:58Z
3839901,5.0,10595.8053,2026-09-08T01:10:58Z
3850755,5.0,4421.9673,2026-09-08T01:10:58Z
3851103,5.0,1247.5278,2026-09-08T01:10:58Z
3855925,3.0,73.4967,2026-09-08T01:10:58Z
3856355,4.0,449.5572,2026-09-08T01:10:58Z
3883028,2.0,7.0092,2026-09-08T01:10:58Z
3883904,7.0,6833.2347,2026-09-08T01:10:58Z
3885568,1.0,2.2392,2026-09-08T01:10:58Z
3886048,7.0,13896.9504,2026-09-08T01:10:58Z
3896193,4.0,699.4323,2026-09-08T01:10:58Z
3897907,8.0,98288.8425,2026-09-08T01:10:58Z
3906449,4.0,442.4868,2026-09-08T01:10:58Z
3906609,1.0,17.1801,2026-09-08T01:10:58Z
3910469,6.0,4223.3355,2026-09-08T01:10:58Z
3921543,3.0,43.2756,2026-09-08T01:10:58Z
3922231,1.0,2.0988,2026-09-08T01:10:58Z
3923075,4.0,561.3768,2026-09-08T01:10:58Z
3923077,1.0,36.7983,2026-09-08T01:10:58Z
3930910,4.0,169.137,2026-09-08T01:10:58Z
3936084,6.0,4437.7317,2026-09-08T01:10:58Z
3936474,1.0,11.4777,2026-09-08T01:10:58Z
3940470,6.0,4434.2307,2026-09-08T01:10:58Z
3951477,6.0,1534.8951,2026-09-08T01:10:58Z
3953581,5.0,1682.6454,2026-09-08T01:10:58Z
3982794,1.0,5.2416,2026-09-08T01:10:58Z
3985996,5.0,1675.1817,2026-09-08T01:10:58Z
3990680,5.0,2254.8159,2026-09-08T01:10:58Z
4000880,5.0,3109.8168,2026-09-08T01:10:58Z
4020559,4.0,635.6997,2026-09-08T01:10:58Z
4023389,2.0,30.7314,2026-09-08T01:10:58Z
4023823,3.0,51.0732,2026-09-08T01:10:58Z
4023929,2.0,14.7393,2026-09-08T01:10:58Z
4027935,2.0,18.1062,2026-09-08T01:10:58Z
4033256,2.0,36.6786,2026-09-08T01:10:58Z
4035356,5.0,1166.0886,2026-09-08T01:10:58Z
4049340,2.0,45.7803,2026-09-08T01:10:58Z
4056025,3.0,587.1879,2026-09-08T01:10:58Z
4061394,4.0,139.7655,2026-09-08T01:10:58Z
4063666,3.0,95.1183,2026-09-08T01:10:58Z
4063978,5.0,2004.5232,2026-09-08T01:10:58Z
4064180,4.0,232.1001,2026-09-08T01:10:58Z
4064246,1.0,18.6615,2026-09-08T01:10:58Z
4073636,6.0,1190.2761,2026-09-08T01:10:58Z
4081850,2.0,15.6528,2026-09-08T01:10:58Z
4084278,5.0,534.1365,2026-09-08T01:10:58Z
4085706,5.0,370.467,2026-09-08T01:10:58Z
4086202,7.0,4711.0887,2026-09-08T01:10:58Z
4111644,4.0,274.6107,2026-09-08T01:10:58Z
4112716,2.0,13.2255,2026-09-08T01:10:58Z
4122476,7.0,10671.3837,2026-09-08T01:10:58Z
4123580,4.0,351.4986,2026-09-08T01:10:58Z
4138000,4.0,172.1412,2026-09-08T01:10:58Z
4142116,7.0,23963.2758,2026-09-08T01:10:58Z
4142754,4.0,245.0952,2026-09-08T01:10:58Z
4142856,7.0,24508.4328,2026-09-08T01:10:58Z
4150144,3.0,179.3646,2026-09-08T01:10:58Z
4150234,1.0,4.833,2026-09-08T01:10:58Z
4150728,2.0,8.0982,2026-09-08T01:10:58Z
4151220,2.0,16.8282,2026-09-08T01:10:58Z
4151628,6.0,9013.8951,2026-09-08T01:10:58Z
4151670,6.0,9094.7259,2026-09-08T01:10:58Z
4151810,6.0,9278.0649,2026-09-08T01:10:58Z
4167508,5.0,499.9788,2026-09-08T01:10:58Z
4188357,5.0,1086.0768,2026-09-08T01:10:58Z
4195788,3.0,133.7283,2026-09-08T01:10:58Z
4197434,3.0,66.7566,2026-09-08T01:10:58Z
4198436,4.0,122.3955,2026-09-08T01:10:58Z
4199444,6.0,21332.9772,2026-09-08T01:10:58Z
4200482,6.0,24463.611,2026-09-08T01:10:58Z
4200522,6.0,24692.1894,2026-09-08T01:10:58Z
4215766,5.0,856.2852,2026-09-08T01:10:58Z
4217084,3.0,119.8143,2026-09-08T01:10:58Z
4222346,2.0,10.6722,2026-09-08T01:10:58Z
4223532,4.0,210.1959,2026-09-08T01:10:58Z
4223800,5.0,1271.5776,2026-09-08T01:10:58Z
4224674,5.0,3147.858,2026-09-08T01:10:58Z
4252514,4.0,791.4312,2026-09-08T01:10:58Z
4252580,5.0,1691.7228,2026-09-08T01:10:58Z
4252746,5.0,2094.9255,2026-09-08T01:10:58Z
4263696,4.0,560.1879,2026-09-08T01:10:58Z
4265788,6.0,3540.555,2026-09-08T01:10:58Z
4265858,5.0,346.9698,2026-09-08T01:10:58Z
4267096,2.0,28.4454,2026-09-08T01:10:58Z
4267670,3.0,59.2551,2026-09-08T01:10:58Z
4268772,3.0,90.603,2026-09-08T01:10:58Z
4268798,1.0,9.6462,2026-09-08T01:10:58Z
4269482,1.0,9.1071,2026-09-08T01:10:58Z
4269868,2.0,26.0127,2026-09-08T01:10:58Z
4287139,6.0,21408.8463,2026-09-08T01:10:58Z
4287817,6.0,10479.9717,2026-09-08T01:10:58Z
4287937,6.0,20168.1936,2026-09-08T01:10:58Z
4287997,6.0,12076.5375,2026-09-08T01:10:58Z
4288137,2.0,27.7848,2026-09-08T01:10:58Z
4289195,1.0,7.8813,2026-09-08T01:10:58Z
4290431,1.0,12.2562,2026-09-08T01:10:58Z
4290581,2.0,94.509,2026-09-08T01:10:58Z
4315148,3.0,64.5705,2026-09-08T01:10:58Z
4316104,7.0,19641.5406,2026-09-08T01:10:58Z
4320118,7.0,24502.617,2026-09-08T01:10:58Z
4351266,2.0,16.0947,2026-09-08T01:10:58Z
4362804,2.0,25.38,2026-09-08T01:10:58Z
4363976,3.0,50.895,2026-09-08T01:10:58Z
4366600,5.0,1355.2884,2026-09-08T01:10:58Z
4369158,2.0,8.2566,2026-09-08T01:10:58Z
4369500,6.0,8661.5712,2026-09-08T01:10:58Z
4369760,6.0,6781.9968,2026-09-08T01:10:58Z
4388147,2.0,21.9276,2026-09-08T01:10:58Z
4388257,9.0,1184127.2541,2026-09-08T01:10:58Z
4390553,1.0,5.7951,2026-09-08T01:10:58Z
4390657,4.0,424.5048,2026-09-08T01:10:58Z
4390711,2.0,13.4235,2026-09-08T01:10:58Z
4391353,9.0,1181325.1392,2026-09-08T01:10:58Z
4425763,3.0,53.622,2026-09-08T01:10:58Z
4425847,6.0,4131.7128,2026-09-08T01:10:58Z
4428743,6.0,5293.1664,2026-09-08T01:10:58Z
4428877,3.0,45.0063,2026-09-08T01:10:58Z
4439162,6.0,22075.5951,2026-09-08T01:10:58Z
4439248,3.0,185.3829,2026-09-08T01:10:58Z
4439302,1.0,7.0659,2026-09-08T01:10:58Z
4439694,6.0,22679.6256,2026-09-08T01:10:58Z
4439896,6.0,22899.6342,2026-09-08T01:10:58Z
4441984,3.0,59.5647,2026-09-08T01:10:58Z
4442410,7.0,34511.4594,2026-09-08T01:10:58Z
4442592,6.0,25136.4789,2026-09-08T01:10:58Z
4442642,6.0,25346.2635,2026-09-08T01:10:58Z
4446164,6.0,25806.3624,2026-09-08T01:10:58Z
4452078,3.0,364.3092,2026-09-08T01:10:58Z
4452826,5.0,2585.457,2026-09-08T01:10:58Z
4453482,4.0,251.9541,2026-09-08T01:10:58Z
4460768,2.0,42.714,2026-09-08T01:10:58Z
4463256,5.0,1010.7414,2026-09-08T01:10:58Z
4481191,3.0,52.3521,2026-09-08T01:10:58Z
4481333,1.0,3.7935,2026-09-08T01:10:58Z
4481337,1.0,5.6781,2026-09-08T01:10:58Z
4481733,6.0,17818.0083,2026-09-08T01:10:58Z
4489200,6.0,20408.1498,2026-09-08T01:10:58Z
4496016,4.0,149.5215,2026-09-08T01:10:58Z
4496060,3.0,166.9851,2026-09-08T01:10:58Z
4496142,3.0,188.8299,2026-09-08T01:10:58Z
4496278,7.0,26582.7132,2026-09-08T01:10:58Z
4496284,3.0,55.674,2026-09-08T01:10:58Z
4499344,5.0,902.1141,2026-09-08T01:10:58Z
4506634,2.0,46.5516,2026-09-08T01:10:58Z
4507314,7.0,24331.8213,2026-09-08T01:10:58Z
4507344,7.0,24754.6422,2026-09-08T01:10:58Z
4507352,7.0,24996.4065,2026-09-08T01:10:58Z
4507484,7.0,28829.1132,2026-09-08T01:10:58Z
4507500,7.0,29088.9198,2026-09-08T01:10:58Z
4508558,2.0,52.5078,2026-09-08T01:10:58Z
4508862,4.0,167.1156,2026-09-08T01:10:58Z
4519504,4.0,233.4168,2026-09-08T01:10:58Z
4521250,7.0,51003.6291,2026-09-08T01:10:58Z
4521270,7.0,50862.7071,2026-09-08T01:10:58Z
4529575,1.0,7.6842,2026-09-08T01:10:58Z
4530711,1.0,5.2353,2026-09-08T01:10:58Z
4533783,3.0,27.162,2026-09-08T01:10:58Z
4546082,2.0,57.1734,2026-09-08T01:10:58Z
4546574,2.0,6.6879,2026-09-08T01:10:58Z
4548556,3.0,49.9176,2026-09-08T01:10:58Z
4548780,5.0,3337.7427,2026-09-08T01:10:58Z
4558716,2.0,14.3199,2026-09-08T01:10:58Z
4558812,1.0,9.6237,2026-09-08T01:10:58Z
4571103,2.0,47.7027,2026-09-08T01:10:58Z
4573745,3.0,110.124,2026-09-08T01:10:58Z
4573773,2.0,33.6879,2026-09-08T01:10:58Z
4576576,1.0,16.2567,2026-09-08T01:10:58Z
4576958,5.0,2717.9091,2026-09-08T01:10:58Z
4577370,3.0,173.0304,2026-09-08T01:10:58Z
4577900,1.0,16.1667,2026-09-08T01:10:58Z
4578772,1.0,14.9247,2026-09-08T01:10:58Z
4581730,3.0,76.761,2026-09-08T01:10:58Z
4586304,4.0,1407.5037,2026-09-08T01:10:58Z
4586458,4.0,621.7623,2026-09-08T01:10:58Z
4587098,1.0,15.4062,2026-09-08T01:10:58Z
4587212,3.0,206.6121,2026-09-08T01:10:58Z
4590321,3.0,189.7101,2026-09-08T01:10:58Z
4590949,1.0,2237.3982,2026-09-08T01:10:58Z
4592807,1.0,30.7899,2026-09-08T01:10:58Z
4592867,5.0,1515.4524,2026-09-08T01:10:58Z
4593055,2.0,53.6733,2026-09-08T01:10:58Z
4593345,5.0,2399.4477,2026-09-08T01:10:58Z
4594437,3.0,126.1269,2026-09-08T01:10:58Z
4594533,3.0,184.8348,2026-09-08T01:10:58Z
4594655,5.0,3913.3413,2026-09-08T01:10:58Z
4595083,5.0,5712.8463,2026-09-08T01:10:58Z
4599757,2.0,9.5886,2026-09-08T01:10:58Z
4599835,2.0,93.3705,2026-09-08T01:10:58Z
4599843,1.0,4.9023,2026-09-08T01:10:58Z
4621926,1.0,27.2295,2026-09-08T01:10:58Z
4636657,6.0,2217.7908,2026-09-08T01:10:58Z
4637535,5.0,1082.8224,2026-09-08T01:10:58Z
4637909,3.0,18.7578,2026-09-08T01:10:58Z
4638061,5.0,679.4685,2026-09-08T01:10:58Z
4651112,2.0,14.7771,2026-09-08T01:10:58Z
4651122,2.0,18.5373,2026-09-08T01:10:58Z
4651178,1.0,4.5963,2026-09-08T01:10:58Z
4651260,2.0,22.842,2026-09-08T01:10:58Z
4651342,2.0,27.5436,2026-09-08T01:10:58Z
4651344,1.0,4.2696,2026-09-08T01:10:58Z
4651360,2.0,15.9894,2026-09-08T01:10:58Z
4651394,4.0,183.2634,2026-09-08T01:10:58Z
4651562,1.0,3.8349,2026-09-08T01:10:58Z
4651956,3.0,63.2925,2026-09-08T01:10:58Z
4652074,1.0,4.3767,2026-09-08T01:10:58Z
4652178,5.0,417.9438,2026-09-08T01:10:58Z
4653300,1.0,7.1037,2026-09-08T01:10:58Z
4655356,5.0,792.0801,2026-09-08T01:10:58Z
4655440,5.0,824.9895,2026-09-08T01:10:58Z
4655442,5.0,839.988,2026-09-08T01:10:58Z
4672525,5.0,2320.7058,2026-09-08T01:10:58Z
4673083,1.0,2.2437,2026-09-08T01:10:58Z
4674991,4.0,438.0183,2026-09-08T01:10:58Z
4700423,3.0,53.9541,2026-09-08T01:10:58Z
4707872,1.0,6.7284,2026-09-08T01:10:58Z
4726367,7.0,68858.0874,2026-09-08T01:10:58Z
4737583,2.0,10.5768,2026-09-08T01:10:58Z
4738923,6.0,20046.6261,2026-09-08T01:10:58Z
4742211,6.0,23285.1771,2026-09-08T01:10:58Z
4763132,3.0,70.1802,2026-09-08T01:10:58Z
4765030,3.0,17.7696,2026-09-08T01:10:58Z
4765350,1.0,8.2044,2026-09-08T01:10:58Z
4779715,4.0,343.7406,2026-09-08T01:10:58Z
4780831,1.0,11.9943,2026-09-08T01:10:58Z
4782173,3.0,146.5794,2026-09-08T01:10:58Z
4782503,6.0,3145.8132,2026-09-08T01:10:58Z
4784837,6.0,4924.9953,2026-09-08T01:10:58Z
4795032,2.0,18.738,2026-09-08T01:10:58Z
4797318,1.0,3.127,2026-09-08T01:10:58Z
4797450,1.0,0.612,2026-09-08T01:10:58Z
4798018,1.0,2.754,2026-09-08T01:10:58Z
4798208,3.0,45.798,2026-09-08T01:10:58Z
4799940,4.0,215.873,2026-09-08T01:10:58Z
4819513,5.0,3173.6259,2026-09-08T01:10:58Z
4835832,4.0,843.2703,2026-09-08T01:10:58Z
4853355,6.0,13997.1366,2026-09-08T01:10:58Z
4858627,2.0,125.9694,2026-09-08T01:10:58Z
4858829,6.0,27763.7112,2026-09-08T01:10:58Z
4860221,4.0,467.1423,2026-09-08T01:10:58Z
4867587,6.0,6523.1577,2026-09-08T01:10:58Z
4868597,3.0,37.7109,2026-09-08T01:10:58Z
4868859,4.0,170.0919,2026-09-08T01:10:58Z
4876349,3.0,369.5445,2026-09-08T01:10:58Z
4877993,4.0,626.3721,2026-09-08T01:10:58Z
4879435,5.0,4257.27,2026-09-08T01:10:58Z
4894113,3.0,192.5631,2026-09-08T01:10:58Z
4900971,3.0,203.9139,2026-09-08T01:10:58Z
4902183,5.0,4876.0146,2026-09-08T01:10:58Z
4915734,6.0,12749.454,2026-09-08T01:10:58Z
4915882,7.0,14326.2873,2026-09-08T01:10:58Z
4940373,1.0,35.6076,2026-09-08T01:10:58Z
4940397,3.0,169.8525,2026-09-08T01:10:58Z
4942323,3.0,163.9251,2026-09-08T01:10:58Z
4945645,3.0,425.0223,2026-09-08T01:10:58Z
4946025,3.0,112.1751,2026-09-08T01:10:58Z
4947385,5.0,8355.8619,2026-09-08T01:10:58Z
4973237,2.0,91.5255,2026-09-08T01:10:58Z
4973589,6.0,32089.5414,2026-09-08T01:10:58Z
4988773,2.0,9.8064,2026-09-08T01:10:58Z
4989017,3.0,79.1928,2026-09-08T01:10:58Z
4994323,2.0,8.2413,2026-09-08T01:10:58Z
4998423,7.0,36978.1038,2026-09-08T01:10:58Z
5017238,4.0,1065.8007,2026-09-08T01:10:58Z
5027599,4.0,182.9736,2026-09-08T01:10:58Z
5027735,6.0,2783.0511,2026-09-08T01:10:58Z
5039910,5.0,486.0549,2026-09-08T01:10:58Z
5040296,3.0,80.6625,2026-09-08T01:10:58Z
5040806,2.0,3.3462,2026-09-08T01:10:58Z
5051631,7.0,4534.7247,2026-09-08T01:10:58Z
5054241,7.0,3622.7799,2026-09-08T01:10:58Z
5057165,3.0,56.9871,2026-09-08T01:10:58Z
5077952,5.0,1057.6998,2026-09-08T01:10:58Z
5078216,4.0,489.9825,2026-09-08T01:10:58Z
5089422,2.0,8.1639,2026-09-08T01:10:58Z
5089990,10.0,1765040.8347,2026-09-08T01:10:58Z
5092354,1.0,8.2773,2026-09-08T01:10:58Z
5092622,10.0,1769770.2114,2026-09-08T01:10:58Z
5092710,10.0,1769880.2364,2026-09-08T01:10:58Z
5093440,10.0,1770940.9557,2026-09-08T01:10:58Z
5108706,1.0,61.9155,2026-09-08T01:10:58Z
5108966,3.0,96.7347,2026-09-08T01:10:58Z
5109024,1.0,23.7168,2026-09-08T01:10:58Z
5124970,5.0,2248.6779,2026-09-08T01:10:58Z
5136643,4.0,252.6291,2026-09-08T01:10:58Z
5139551,1.0,1.5372,2026-09-08T01:10:58Z
5140475,3.0,96.0408,2026-09-08T01:10:58Z
5157125,2.0,40.374,2026-09-08T01:10:58Z
5157321,4.0,251.2305,2026-09-08T01:10:58Z
5157447,4.0,466.3926,2026-09-08T01:10:58Z
5160363,9.0,1267276.6683,2026-09-08T01:10:58Z
5165799,5.0,866.2086,2026-09-08T01:10:58Z
5166717,9.0,1222413.1047,2026-09-08T01:10:58Z
5194724,1.0,5.6529,2026-09-08T01:10:58Z
5197692,3.0,45.2502,2026-09-08T01:10:58Z
5202726,4.0,247.7277,2026-09-08T01:10:58Z
5203614,2.0,15.2964,2026-09-08T01:10:58Z
5210547,2.0,42.1326,2026-09-08T01:10:58Z
5211301,2.0,16.92,2026-09-08T01:10:58Z
5215271,4.0,576.6597,2026-09-08T01:10:58Z
5217115,5.0,1421.1279,2026-09-08T01:10:58Z
5217591,4.0,639.4077,2026-09-08T01:10:58Z
5217979,2.0,20.9421,2026-09-08T01:10:58Z
5218203,6.0,4422.1167,2026-09-08T01:10:58Z
5231404,5.0,2949.9642,2026-09-08T01:10:58Z
5232388,3.0,69.0219,2026-09-08T01:10:58Z
5239022,4.0,222.0993,2026-09-08T01:10:58Z
5247256,2.0,30.2121,2026-09-08T01:10:58Z
5248050,5.0,824.8779,2026-09-08T01:10:58Z
5253847,1.0,24.2091,2026-09-08T01:10:58Z
5256709,4.0,238.4154,2026-09-08T01:10:58Z
5265128,7.0,57839.1957,2026-09-08T01:10:58Z
5265202,7.0,59206.0752,2026-09-08T01:10:58Z
5266018,7.0,60181.4376,2026-09-08T01:10:58Z
5266042,2.0,21.4101,2026-09-08T01:10:58Z
5274304,2.0,51.8238,2026-09-08T01:10:58Z
5275740,5.0,3523.5765,2026-09-08T01:10:58Z
5276000,3.0,84.3471,2026-09-08T01:10:58Z
5278920,2.0,67.5324,2026-09-08T01:10:58Z
5279526,3.0,385.4871,2026-09-08T01:10:58Z
5292549,1.0,28.7415,2026-09-08T01:10:58Z
5302473,2.0,51.9102,2026-09-08T01:10:58Z
5303191,4.0,1669.1814,2026-09-08T01:10:58Z
5312032,5.0,912.7134,2026-09-08T01:10:58Z
5312442,4.0,303.5142,2026-09-08T01:10:58Z
5335951,4.0,430.9893,2026-09-08T01:10:58Z
5336127,1.0,8.2539,2026-09-08T01:10:58Z
5351761,5.0,1730.2428,2026-09-08T01:10:58Z
5358816,4.0,252.054,2026-09-08T01:10:58Z
5365599,5.0,2084.8014,2026-09-08T01:10:58Z
5366525,5.0,1234.5795,2026-09-08T01:10:58Z
5372569,1.0,30.7647,2026-09-08T01:10:58Z
5372621,2.0,16.6365,2026-09-08T01:10:58Z
5372715,4.0,441.459,2026-09-08T01:10:58Z
5372841,4.0,288.4824,2026-09-08T01:10:58Z
5373315,3.0,164.8746,2026-09-08T01:10:58Z
5377634,5.0,2451.015,2026-09-08T01:10:58Z
5377694,5.0,2343.4533,2026-09-08T01:10:58Z
5377882,5.0,1878.5952,2026-09-08T01:10:58Z
5380286,4.0,406.6443,2026-09-08T01:10:58Z
5380340,3.0,339.4305,2026-09-08T01:10:58Z
5388503,6.0,19831.9095,2026-09-08T01:10:58Z
5414205,6.0,7687.0233,2026-09-08T01:10:58Z
5424215,6.0,5403.8457,2026-09-08T01:10:58Z
5440706,3.0,130.1427,2026-09-08T01:10:58Z
5440754,3.0,113.3928,2026-09-08T01:10:58Z
5441900,1.0,10.3473,2026-09-08T01:10:58Z
5450032,6.0,7987.8825,2026-09-08T01:10:58Z
5451608,3.0,42.3162,2026-09-08T01:10:58Z
5453278,3.0,149.9355,2026-09-08T01:10:58Z
5453436,6.0,14251.3848,2026-09-08T01:10:58Z
5453908,4.0,222.5385,2026-09-08T01:10:58Z
5454284,5.0,809.5617,2026-09-08T01:10:58Z
5454530,6.0,11640.5424,2026-09-08T01:10:58Z
5454566,4.0,269.3268,2026-09-08T01:10:58Z
5457870,2.0,32.7231,2026-09-08T01:10:58Z
5457948,3.0,107.0649,2026-09-08T01:10:58Z
5458158,1.0,4.7592,2026-09-08T01:10:58Z
5459476,5.0,1017.6876,2026-09-08T01:10:58Z
5460124,6.0,18513.1125,2026-09-08T01:10:58Z
5460208,6.0,15917.4135,2026-09-08T01:10:58Z
5478955,5.0,1295.6103,2026-09-08T01:10:58Z
5479033,4.0,150.9237,2026-09-08T01:10:58Z
5489923,4.0,1241.4645,2026-09-08T01:10:58Z
5497174,7.0,48541.0266,2026-09-08T01:10:58Z
5501770,7.0,48719.331,2026-09-08T01:10:58Z
5511158,3.0,184.9608,2026-09-08T01:10:58Z
5511974,2.0,119.6451,2026-09-08T01:10:58Z
5513784,7.0,62623.2483,2026-09-08T01:10:58Z
5541400,6.0,23437.0827,2026-09-08T01:10:58Z
5544016,6.0,29559.2418,2026-09-08T01:10:58Z
5544086,6.0,28151.5329,2026-09-08T01:10:58Z
5555488,7.0,63958.9878,2026-09-08T01:10:58Z
5559270,2.0,81.9198,2026-09-08T01:10:58Z
5559402,7.0,88831.1979,2026-09-08T01:10:58Z
5575011,3.0,154.2906,2026-09-08T01:10:58Z
5575805,2.0,59.5224,2026-09-08T01:10:58Z
5576097,3.0,149.0418,2026-09-08T01:10:58Z
5578889,5.0,5497.578,2026-09-08T01:10:58Z
5588654,2.0,34.8543,2026-09-08T01:10:58Z
5593122,6.0,19710.7362,2026-09-08T01:10:58Z
5633607,2.0,70.7013,2026-09-08T01:10:58Z
5654694,6.0,31584.3444,2026-09-08T01:10:58Z
5656432,6.0,32539.4163,2026-09-08T01:10:58Z
5670977,3.0,248.4459,2026-09-08T01:10:58Z
5671151,2.0,41.2209,2026-09-08T01:10:58Z
5702269,1.0,7.9812,2026-09-08T01:10:58Z
5712857,4.0,3839.0967,2026-09-08T01:10:58Z
5714801,5.0,19862.9514,2026-09-08T01:10:58Z
5717770,5.0,13712.9913,2026-09-08T01:10:58Z
5719110,5.0,13331.9466,2026-09-08T01:10:58Z
5727563,6.0,51546.3813,2026-09-08T01:10:58Z
5728831,6.0,55334.7999,2026-09-08T01:10:58Z
5740786,3.0,80.1297,2026-09-08T01:10:58Z
5741616,4.0,1641.9852,2026-09-08T01:10:58Z
5747688,5.0,3857.7024,2026-09-08T01:10:58Z
5753572,4.0,1554.7581,2026-09-08T01:10:58Z
5757136,1.0,10.4418,2026-09-08T01:10:58Z
5761355,2.0,76.4271,2026-09-08T01:10:58Z
5761713,3.0,320.1624,2026-09-08T01:10:58Z
5765299,5.0,1931.9724,2026-09-08T01:10:58Z
5769763,5.0,9262.2033,2026-09-08T01:10:58Z
5772105,5.0,4841.0793,2026-09-08T01:10:58Z
5772417,2.0,34.9551,2026-09-08T01:10:58Z
5785441,2.0,50.9337,2026-09-08T01:10:58Z
5785961,1.0,26.4015,2026-09-08T01:10:58Z
5790114,6.0,91980.2007,2026-09-08T01:10:58Z
5791496,3.0,460.5777,2026-09-08T01:10:58Z
5791918,6.0,95695.8984,2026-09-08T01:10:58Z
5802818,5.0,1330.9515,2026-09-08T01:10:58Z
5814271,3.0,33.0669,2026-09-08T01:10:58Z
5816359,5.0,4481.523,2026-09-08T01:10:58Z
5844614,4.0,365.5971,2026-09-08T01:10:58Z
5844866,2.0,9.4707,2026-09-08T01:10:58Z
5847944,2.0,8.892,2026-09-08T01:10:58Z
5848118,2.0,14.6853,2026-09-08T01:10:58Z
5867805,4.0,520.0857,2026-09-08T01:10:58Z
5876091,2.0,3.6765,2026-09-08T01:10:58Z
5878585,1.0,18.2304,2026-09-08T01:10:58Z
5881387,1.0,2.3022,2026-09-08T01:10:58Z
5891326,5.0,1350.6174,2026-09-08T01:10:58Z
5891916,6.0,12787.299,2026-09-08T01:10:58Z
5895084,1.0,8.8578,2026-09-08T01:10:58Z
5907147,5.0,3966.3873,2026-09-08T01:10:58Z
5908303,5.0,1057.8411,2026-09-08T01:10:58Z
5915539,2.0,29.502,2026-09-08T01:10:58Z
5924042,4.0,209.7855,2026-09-08T01:10:58Z
5926470,7.0,56608.3116,2026-09-08T01:10:58Z
5944581,5.0,1986.9318,2026-09-08T01:10:58Z
5955739,5.0,5224.9248,2026-09-08T01:10:58Z
5983989,7.0,38941.3962,2026-09-08T01:10:58Z
5995420,5.0,1406.7756,2026-09-08T01:10:58Z
5996872,6.0,2466.8586,2026-09-08T01:10:58Z
5996884,6.0,2464.9551,2026-09-08T01:10:58Z
6010102,9.0,1281661.5186,2026-09-08T01:10:58Z
6010310,9.0,1280704.5027,2026-09-08T01:10:58Z
6010694,5.0,285.9903,2026-09-08T01:10:58Z
6011076,5.0,701.8479,2026-09-08T01:10:58Z
6013118,9.0,1279535.7006,2026-09-08T01:10:58Z
6026378,7.0,63684.1458,2026-09-08T01:10:58Z
6030354,7.0,68942.1888,2026-09-08T01:10:58Z
6030696,7.0,65168.1459,2026-09-08T01:10:58Z
6039720,5.0,532.6578,2026-09-08T01:10:58Z
6041420,6.0,4732.2432,2026-09-08T01:10:58Z
6041576,4.0,543.9816,2026-09-08T01:10:58Z
6044918,1.0,1.9782,2026-09-08T01:10:58Z
6056044,5.0,510.0219,2026-09-08T01:10:58Z
6068064,5.0,2488.6323,2026-09-08T01:10:58Z
6068852,5.0,2055.3768,2026-09-08T01:10:58Z
6068868,3.0,48.2634,2026-09-08T01:10:58Z
6082781,1.0,6.6474,2026-09-08T01:10:58Z
6083515,3.0,120.2805,2026-09-08T01:10:58Z
6083595,1.0,2.6811,2026-09-08T01:10:58Z
6083645,4.0,166.2426,2026-09-08T01:10:58Z
6083869,1.0,2.61,2026-09-08T01:10:58Z
6084371,2.0,14.0589,2026-09-08T01:10:58Z
6084477,5.0,613.1772,2026-09-08T01:10:58Z
6084593,5.0,1287.5544,2026-09-08T01:10:58Z
6084609,5.0,1581.0084,2026-09-08T01:10:58Z
6088661,2.0,4.8474,2026-09-08T01:10:58Z
6088827,4.0,330.0363,2026-09-08T01:10:58Z
6089841,3.0,145.9593,2026-09-08T01:10:58Z
6090207,2.0,10.7802,2026-09-08T01:10:58Z
6093451,1.0,5.6943,2026-09-08T01:10:58Z
6096525,4.0,218.3472,2026-09-08T01:10:58Z
6097177,4.0,155.2572,2026-09-08T01:10:58Z
6097565,1.0,1.3158,2026-09-08T01:10:58Z
6101885,5.0,1340.5473,2026-09-08T01:10:58Z
6109107,2.0,58.9176,2026-09-08T01:10:58Z
6109531,5.0,1515.9042,2026-09-08T01:10:58Z
6109539,5.0,1533.1743,2026-09-08T01:10:58Z
6109553,5.0,1571.5026,2026-09-08T01:10:58Z
6109641,5.0,977.7069,2026-09-08T01:10:58Z
6109759,5.0,571.4172,2026-09-08T01:10:58Z
6115748,1.0,0.8406,2026-09-08T01:10:58Z
6116308,4.0,657.3339,2026-09-08T01:10:58Z
6117290,5.0,1060.1883,2026-09-08T01:10:58Z
6118868,1.0,5.1048,2026-09-08T01:10:58Z
6119006,3.0,32.1606,2026-09-08T01:10:58Z
6119030,5.0,1109.7189,2026-09-08T01:10:58Z
6119046,1.0,1.7676,2026-09-08T01:10:58Z
6119412,5.0,957.546,2026-09-08T01:10:58Z
6119430,5.0,1065.1059,2026-09-08T01:10:58Z
6124007,1.0,3.8133,2026-09-08T01:10:58Z
6126589,5.0,484.4628,2026-09-08T01:10:58Z
6128199,2.0,5.3352,2026-09-08T01:10:58Z
6128249,1.0,4.5567,2026-09-08T01:10:58Z
6128361,2.0,5.2704,2026-09-08T01:10:58Z
6128363,4.0,112.8636,2026-09-08T01:10:58Z
6128415,5.0,1250.325,2026-09-08T01:10:58Z
6128421,4.0,114.0732,2026-09-08T01:10:58Z
6128547,1.0,11.6082,2026-09-08T01:10:58Z
6128589,1.0,2.0322,2026-09-08T01:10:58Z
6128591,2.0,13.0077,2026-09-08T01:10:58Z
6128613,3.0,115.0641,2026-09-08T01:10:58Z
6128759,4.0,85.6782,2026-09-08T01:10:58Z
6128763,1.0,7.0326,2026-09-08T01:10:58Z
6129253,1.0,10.7406,2026-09-08T01:10:58Z
6129681,2.0,6.4539,2026-09-08T01:10:58Z
6129713,2.0,3.9906,2026-09-08T01:10:58Z
6129733,1.0,4.1688,2026-09-08T01:10:58Z
6130441,1.0,182.2473,2026-09-08T01:10:58Z
6139978,2.0,22.3839,2026-09-08T01:10:58Z
6139990,1.0,2.4435,2026-09-08T01:10:58Z
6140034,1.0,4.5783,2026-09-08T01:10:58Z
6140070,4.0,147.8673,2026-09-08T01:10:58Z
6140116,4.0,158.0841,2026-09-08T01:10:58Z
6140288,3.0,49.7628,2026-09-08T01:10:58Z
6140322,3.0,72.9954,2026-09-08T01:10:58Z
6140756,1.0,4.8717,2026-09-08T01:10:58Z
6140906,3.0,72.1737,2026-09-08T01:10:58Z
6140910,5.0,627.7995,2026-09-08T01:10:58Z
6140940,5.0,756.9261,2026-09-08T01:10:58Z
6140944,5.0,759.7494,2026-09-08T01:10:58Z
6141030,1.0,4.0104,2026-09-08T01:10:58Z
6141032,4.0,197.4726,2026-09-08T01:10:58Z
6141038,4.0,200.8152,2026-09-08T01:10:58Z
6141070,4.0,225.4959,2026-09-08T01:10:58Z
6141074,2.0,16.6806,2026-09-08T01:10:58Z
6141076,4.0,187.7346,2026-09-08T01:10:58Z
6141106,5.0,564.9228,2026-09-08T01:10:58Z
6144835,1.0,6.9687,2026-09-08T01:10:58Z
6146943,2.0,22.0239,2026-09-08T01:10:58Z
6148691,1.0,3.3345,2026-09-08T01:10:58Z
6148797,5.0,1198.2402,2026-09-08T01:10:58Z
6148903,2.0,31.1706,2026-09-08T01:10:58Z
6149587,5.0,984.0168,2026-09-08T01:10:58Z
6154817,5.0,1913.1579,2026-09-08T01:10:58Z
6162461,2.0,18.0639,2026-09-08T01:10:58Z
6162927,3.0,84.8295,2026-09-08T01:10:58Z
6163249,5.0,1330.7328,2026-09-08T01:10:58Z
6177234,4.0,334.4841,2026-09-08T01:10:58Z
6177650,2.0,51.3441,2026-09-08T01:10:58Z
6177838,1.0,3.3525,2026-09-08T01:10:58Z
6185902,1.0,26.6103,2026-09-08T01:10:58Z
6185962,2.0,50.5872,2026-09-08T01:10:58Z
6186200,7.0,21372.8535,2026-09-08T01:10:58Z
6189052,7.0,22347.9333,2026-09-08T01:10:58Z
6189232,7.0,25894.9386,2026-09-08T01:10:58Z
6189276,7.0,27083.6037,2026-09-08T01:10:58Z
6191794,3.0,953.0118,2026-09-08T01:10:58Z
6200068,2.0,24.7167,2026-09-08T01:10:58Z
6200114,1.0,14.4315,2026-09-08T01:10:58Z
6200494,5.0,1306.5543,2026-09-08T01:10:58Z
6201848,2.0,35.298,2026-09-08T01:10:58Z
6202518,5.0,583.7994,2026-09-08T01:10:58Z
6202726,4.0,262.0449,2026-09-08T01:10:58Z
6202766,4.0,253.998,2026-09-08T01:10:58Z
6202920,3.0,89.6733,2026-09-08T01:10:58Z
6215740,1.0,1.5282,2026-09-08T01:10:58Z
6226866,1.0,0.9558,2026-09-08T01:10:58Z
6231874,7.0,34574.2605,2026-09-08T01:10:58Z
6245432,3.0,35.0406,2026-09-08T01:10:58Z
6245726,4.0,334.1754,2026-09-08T01:10:58Z
6245974,2.0,3.6882,2026-09-08T01:10:58Z
6246014,1.0,2.0349,2026-09-08T01:10:58Z
6249688,4.0,121.6503,2026-09-08T01:10:58Z
6249754,5.0,925.3728,2026-09-08T01:10:58Z
6249962,1.0,5.9778,2026-09-08T01:10:58Z
6250700,5.0,901.7793,2026-09-08T01:10:58Z
6250710,1.0,8.0082,2026-09-08T01:10:58Z
6251234,6.0,2306.0376,2026-09-08T01:10:58Z
6251384,6.0,2427.5898,2026-09-08T01:10:58Z
6263212,2.0,16.605,2026-09-08T01:10:58Z
6267820,3.0,102.7152,2026-09-08T01:10:58Z
6268204,2.0,7.6374,2026-09-08T01:10:58Z
6290121,1.0,17.6832,2026-09-08T01:10:58Z
6336676,6.0,4108.8024,2026-09-08T01:10:58Z
6339478,4.0,139.8897,2026-09-08T01:10:58Z
6361782,6.0,7751.2959,2026-09-08T01:10:58Z
6365444,6.0,10850.8086,2026-09-08T01:10:58Z
6365530,6.0,11516.8464,2026-09-08T01:10:58Z
6367098,6.0,12873.6747,2026-09-08T01:10:58Z
6369138,6.0,11687.6403,2026-09-08T01:10:58Z
6369282,6.0,12662.6643,2026-09-08T01:10:58Z
6397359,1.0,9.9459,2026-09-08T01:10:58Z
6397465,1.0,24.8148,2026-09-08T01:10:58Z
6421548,6.0,5230.9854,2026-09-08T01:10:58Z
6429894,6.0,6174.8019,2026-09-08T01:10:58Z
6443440,3.0,34.6266,2026-09-08T01:10:58Z
6459783,1.0,23.3046,2026-09-08T01:10:58Z
6460771,5.0,1454.4144,2026-09-08T01:10:58Z
6471862,5.0,2687.6025,2026-09-08T01:10:58Z
6478255,2.0,5.2452,2026-09-08T01:10:58Z
6479169,3.0,16.7328,2026-09-08T01:10:58Z
6479451,4.0,230.9643,2026-09-08T01:10:58Z
6489324,1.0,1.7874,2026-09-08T01:10:58Z
6494414,2.0,9.0414,2026-09-08T01:10:58Z
6495472,4.0,116.7624,2026-09-08T01:10:58Z
6496220,6.0,717.5574,2026-09-08T01:10:58Z
6496832,2.0,13.6071,2026-09-08T01:10:58Z
6497212,3.0,38.9133,2026-09-08T01:10:58Z
6498060,3.0,89.8713,2026-09-08T01:10:58Z
6498172,3.0,299.8404,2026-09-08T01:10:58Z
6499108,6.0,3304.2573,2026-09-08T01:10:58Z
6501564,3.0,41.5611,2026-09-08T01:10:58Z
6559839,3.0,91.9161,2026-09-08T01:10:58Z
6560717,3.0,85.7088,2026-09-08T01:10:58Z
6560947,2.0,14.3352,2026-09-08T01:10:58Z
6566249,2.0,9.666,2026-09-08T01:10:58Z
6571952,3.0,269.4978,2026-09-08T01:10:58Z
6581320,6.0,2875.4271,2026-09-08T01:10:58Z
6582036,6.0,3125.0628,2026-09-08T01:10:58Z
6586941,6.0,3520.2762,2026-09-08T01:10:58Z
6590816,2.0,100.8675,2026-09-08T01:10:58Z
6591804,2.0,85.1067,2026-09-08T01:10:58Z
6595826,3.0,148.392,2026-09-08T01:10:58Z
6598096,4.0,507.5487,2026-09-08T01:10:58Z
6598104,4.0,528.7779,2026-09-08T01:10:58Z
6613764,6.0,8901.7137,2026-09-08T01:10:58Z
6620226,5.0,983.259,2026-09-08T01:10:58Z
6620590,5.0,1127.9088,2026-09-08T01:10:58Z
6621012,3.0,73.4076,2026-09-08T01:10:58Z
6635892,5.0,3805.2837,2026-09-08T01:10:58Z
6636028,5.0,4947.9381,2026-09-08T01:10:58Z
6640728,5.0,3571.1802,2026-09-08T01:10:58Z
6654321,3.0,861.8031,2026-09-08T01:10:58Z
6667899,6.0,16560.3168,2026-09-08T01:10:58Z
6675658,5.0,1836.1872,2026-09-08T01:10:58Z
6685307,5.0,2885.5998,2026-09-08T01:10:58Z
6689021,5.0,1314.8352,2026-09-08T01:10:58Z
6695946,4.0,3332.5713,2026-09-08T01:10:58Z
6696716,7.0,36769.8636,2026-09-08T01:10:58Z
6710327,5.0,5705.7768,2026-09-08T01:10:58Z
6711879,1.0,10.7181,2026-09-08T01:10:58Z
6712069,2.0,20.7765,2026-09-08T01:10:58Z
6712391,5.0,6206.9895,2026-09-08T01:10:58Z
6714605,5.0,8848.7721,2026-09-08T01:10:58Z
6716057,5.0,4194.1521,2026-09-08T01:10:58Z
6729835,1.0,3.1428,2026-09-08T01:10:58Z
6730079,4.0,222.0075,2026-09-08T01:10:58Z
6730555,2.0,14.7915,2026-09-08T01:10:58Z
6730693,1.0,0.4464,2026-09-08T01:10:58Z
6731425,5.0,1060.1127,2026-09-08T01:10:58Z
6731485,6.0,1646.289,2026-09-08T01:10:58Z
6740568,3.0,22.4586,2026-09-08T01:10:58Z
6741958,7.0,6113.8251,2026-09-08T01:10:58Z
6742014,7.0,6182.2845,2026-09-08T01:10:58Z
6742686,3.0,150.9615,2026-09-08T01:10:58Z
6744176,1.0,3.8979,2026-09-08T01:10:58Z
6744958,4.0,186.9489,2026-09-08T01:10:58Z
6745920,7.0,12551.4504,2026-09-08T01:10:58Z
6746094,7.0,12045.6252,2026-09-08T01:10:58Z
6746180,7.0,10946.6208,2026-09-08T01:10:58Z
6760864,4.0,179.9388,2026-09-08T01:10:58Z
6761938,6.0,1957.8753,2026-09-08T01:10:58Z
6763998,5.0,420.0435,2026-09-08T01:10:58Z
6764058,3.0,66.3012,2026-09-08T01:10:58Z
6764076,5.0,315.7785,2026-09-08T01:10:58Z
6771397,5.0,935.9073,2026-09-08T01:10:58Z
6772151,5.0,891.9054,2026-09-08T01:10:58Z
6772157,3.0,64.9107,2026-09-08T01:10:58Z
6772179,3.0,51.6096,2026-09-08T01:10:58Z
6772467,2.0,11.6199,2026-09-08T01:10:58Z
6772929,1.0,6.6429,2026-09-08T01:10:58Z
6773195,1.0,30.0465,2026-09-08T01:10:58Z
6776727,1.0,2.4759,2026-09-08T01:10:58Z
6778513,1.0,2.0862,2026-09-08T01:10:58Z
6778751,1.0,5.2911,2026-09-08T01:10:58Z
6778929,6.0,17453.0574,2026-09-08T01:10:58Z
6778961,6.0,20372.8374,2026-09-08T01:10:58Z
6781977,6.0,20497.3614,2026-09-08T01:10:58Z
6782043,6.0,20794.2255,2026-09-08T01:10:58Z
6789881,2.0,15.288,2026-09-08T01:10:58Z
6789919,1.0,4.347,2026-09-08T01:10:58Z
6794143,3.0,160.073,2026-09-08T01:10:58Z
6795139,3.0,204.935,2026-09-08T01:10:58Z
6808986,1.0,3.482,2026-09-08T01:10:58Z
6809786,1.0,17.139,2026-09-08T01:10:58Z
6809788,4.0,274.135,2026-09-08T01:10:58Z
6810610,5.0,2530.061,2026-09-08T01:10:58Z
6811944,5.0,1552.572,2026-09-08T01:10:58Z
6817868,3.0,225.154,2026-09-08T01:10:58Z
6819026,5.0,2779.58,2026-09-08T01:10:58Z
6819040,5.0,2882.784,2026-09-08T01:10:58Z
6820144,3.0,84.546,2026-09-08T01:10:58Z
6820782,2.0,21.455,2026-09-08T01:10:58Z
6841553,1.0,4.518,2026-09-08T01:10:58Z
6841845,6.0,7611.652,2026-09-08T01:10:58Z
6843271,5.0,1464.334,2026-09-08T01:10:58Z
6843293,5.0,1393.668,2026-09-08T01:10:58Z
6844193,3.0,49.317,2026-09-08T01:10:58Z
6844365,1.0,6.798,2026-09-08T01:10:58Z
6847893,4.0,662.429,2026-09-08T01:10:58Z
6848543,6.0,9660.009,2026-09-08T01:10:58Z
6848649,6.0,10245.945,2026-09-08T01:10:58Z
6860324,1.0,43.985,2026-09-08T01:10:58Z
6863679,5.0,3646.286,2026-09-08T01:10:58Z
6866051,1.0,6.227,2026-09-08T01:10:58Z
6866165,5.0,3587.56,2026-09-08T01:10:58Z
6867117,5.0,1433.362,2026-09-08T01:10:58Z
6873479,2.0,12.0978,2026-09-08T01:10:58Z
6874117,4.0,259.0209,2026-09-08T01:10:58Z
6874903,5.0,794.9088,2026-09-08T01:10:58Z
6875903,1.0,3.7449,2026-09-08T01:10:58Z
6883862,2.0,5.7267,2026-09-08T01:10:58Z
6884076,2.0,11.8035,2026-09-08T01:10:58Z
6885276,1.0,5.4243,2026-09-08T01:10:58Z
6885954,2.0,19.2231,2026-09-08T01:10:58Z
6887202,5.0,5728.3065,2026-09-08T01:10:58Z
6906905,5.0,1024.4511,2026-09-08T01:10:58Z
6907937,5.0,808.7868,2026-09-08T01:10:58Z
6909197,4.0,443.8917,2026-09-08T01:10:58Z
6910095,4.0,128.5677,2026-09-08T01:10:58Z
6910339,2.0,40.1688,2026-09-08T01:10:58Z
6910345,3.0,63.4896,2026-09-08T01:10:58Z
6919900,6.0,16233.8949,2026-09-08T01:10:58Z
6925383,6.0,21430.4022,2026-09-08T01:10:58Z
6928194,2.0,6.1236,2026-09-08T01:10:58Z
6929820,1.0,7.7157,2026-09-08T01:10:58Z
6935564,1.0,13.9752,2026-09-08T01:10:58Z
6935710,5.0,1600.6401,2026-09-08T01:10:58Z
6946384,3.0,74.7774,2026-09-08T01:10:58Z
6959671,3.0,88.1091,2026-09-08T01:10:58Z
6960059,1.0,3.4479,2026-09-08T01:10:58Z
6966239,8.0,293776.1847,2026-09-08T01:10:58Z
6966377,8.0,293317.8057,2026-09-08T01:10:58Z
6966811,8.0,306804.2499,2026-09-08T01:10:58Z
6978836,2.0,74.9034,2026-09-08T01:10:58Z
6978862,1.0,20.376,2026-09-08T01:10:58Z
6978968,3.0,51.5853,2026-09-08T01:10:58Z
6983402,1.0,5.7708,2026-09-08T01:10:58Z
6996093,5.0,1608.2244,2026-09-08T01:10:58Z
7003922,6.0,8871.5043,2026-09-08T01:10:58Z
7005664,1.0,5.9751,2026-09-08T01:10:58Z
7015549,5.0,1388.5614,2026-09-08T01:10:58Z
7015645,5.0,1532.3985,2026-09-08T01:10:58Z
7016041,5.0,2242.701,2026-09-08T01:10:58Z
7017167,2.0,24.165,2026-09-08T01:10:58Z
7027319,5.0,4091.4936,2026-09-08T01:10:58Z
7027409,5.0,2385.0387,2026-09-08T01:10:58Z
7038073,5.0,6248.5461,2026-09-08T01:10:58Z
7040267,6.0,12898.8099,2026-09-08T01:10:58Z
7047451,4.0,1670.3829,2026-09-08T01:10:58Z
7057531,4.0,708.5349,2026-09-08T01:10:58Z
7057561,3.0,140.0418,2026-09-08T01:10:58Z
7065914,7.0,67742.1342,2026-09-08T01:10:58Z
7065930,7.0,65351.043,2026-09-08T01:10:58Z
7077488,7.0,77211.0513,2026-09-08T01:10:58Z
7077522,7.0,75854.0088,2026-09-08T01:10:58Z
7086331,5.0,2850.9084,2026-09-08T01:10:58Z
7087153,2.0,24.6528,2026-09-08T01:10:58Z
7087735,2.0,112.1157,2026-09-08T01:10:58Z
7088469,1.0,18.3393,2026-09-08T01:10:58Z
7105137,6.0,13537.2231,2026-09-08T01:10:58Z
7105263,3.0,60.6564,2026-09-08T01:10:58Z
7110661,4.0,391.5972,2026-09-08T01:10:58Z
7110717,1.0,1.3815,2026-09-08T01:10:58Z
7111209,2.0,26.865,2026-09-08T01:10:58Z
7111241,2.0,31.4712,2026-09-08T01:10:58Z
7155962,1.0,9.5895,2026-09-08T01:10:58Z
7158378,3.0,140.148,2026-09-08T01:10:58Z
7164536,6.0,51202.737,2026-09-08T01:10:58Z
7165736,4.0,699.6465,2026-09-08T01:10:58Z
7171250,3.0,105.2964,2026-09-08T01:10:58Z
7171940,4.0,340.0515,2026-09-08T01:10:58Z
7174104,3.0,301.7799,2026-09-08T01:10:58Z
7184560,3.0,60.2865,2026-09-08T01:10:58Z
7184590,6.0,2642.4999,2026-09-08T01:10:58Z
7185966,3.0,77.5611,2026-09-08T01:10:58Z
7186282,4.0,286.4061,2026-09-08T01:10:58Z
7186876,1.0,24.7185,2026-09-08T01:10:58Z
7222166,4.0,447.66,2026-09-08T01:10:58Z
7222676,3.0,59.6727,2026-09-08T01:10:58Z
7223112,4.0,200.2293,2026-09-08T01:10:58Z
7223760,5.0,9360.9144,2026-09-08T01:10:58Z
7226590,4.0,513.3726,2026-09-08T01:10:58Z
7226618,7.0,17952.2514,2026-09-08T01:10:58Z
7226854,7.0,19248.9894,2026-09-08T01:10:58Z
7242639,5.0,2336.7726,2026-09-08T01:10:58Z
7242803,5.0,1209.4344,2026-09-08T01:10:58Z
7257277,8.0,145762.0317,2026-09-08T01:10:58Z
7264087,3.0,59.5692,2026-09-08T01:10:58Z
7264221,5.0,141079.8618,2026-09-08T01:10:58Z
7264455,8.0,142597.7802,2026-09-08T01:10:58Z
7265679,8.0,145503.1152,2026-09-08T01:10:58Z
7292800,5.0,1376.5329,2026-09-08T01:10:58Z
7297360,5.0,1051.0254,2026-09-08T01:10:58Z
7301394,8.0,149950.1007,2026-09-08T01:10:58Z
7311959,4.0,603.6759,2026-09-08T01:10:58Z
7312397,9.0,996415.6617,2026-09-08T01:10:58Z
7316430,2.0,45.6138,2026-09-08T01:10:58Z
7328670,5.0,3489.6402,2026-09-08T01:10:58Z
7347781,4.0,615.3714,2026-09-08T01:10:58Z
7359879,4.0,816.8886,2026-09-08T01:10:58Z
7371791,2.0,30.7854,2026-09-08T01:10:58Z
7372037,2.0,11.5983,2026-09-08T01:10:58Z
7388781,5.0,1825.8696,2026-09-08T01:10:58Z
7398573,5.0,1195.7985,2026-09-08T01:10:58Z
7413526,5.0,1608.5268,2026-09-08T01:10:58Z
7415824,5.0,651.4686,2026-09-08T01:10:58Z
7415954,5.0,526.2957,2026-09-08T01:10:58Z
7444959,3.0,46.2537,2026-09-08T01:10:58Z
7445435,6.0,8037.1278,2026-09-08T01:10:58Z
7445473,6.0,7940.5803,2026-09-08T01:10:58Z
7446463,4.0,106.9056,2026-09-08T01:10:58Z
7446467,4.0,90.4014,2026-09-08T01:10:58Z
7469382,10.0,2298705.4242,2026-09-08T01:10:58Z
7469400,10.0,2298763.6182,2026-09-08T01:10:58Z
7469402,10.0,2298823.1352,2026-09-08T01:10:58Z
7470322,10.0,2298780.5292,2026-09-08T01:10:58Z
7470358,10.0,2300791.2228,2026-09-08T01:10:58Z
7470420,10.0,2301218.2764,2026-09-08T01:10:58Z
7471678,10.0,2313587.1987,2026-09-08T01:10:58Z
7471684,10.0,2320570.5516,2026-09-08T01:10:58Z
7474830,10.0,2325237.8679,2026-09-08T01:10:58Z
7480682,2.0,8.5311,2026-09-08T01:10:58Z
7485744,1.0,3.285,2026-09-08T01:10:58Z
7499184,4.0,259.812,2026-09-08T01:10:58Z
7501248,3.0,32.9418,2026-09-08T01:10:58Z
7501414,2.0,1430.1531,2026-09-08T01:10:58Z
7517341,5.0,1083.0582,2026-09-08T01:10:58Z
7519079,5.0,784.9683,2026-09-08T01:10:58Z
7520035,5.0,472.7772,2026-09-08T01:10:58Z
7522059,1.0,6.8499,2026-09-08T01:10:58Z
7522833,5.0,778.6764,2026-09-08T01:10:58Z
7525079,5.0,1122.7131,2026-09-08T01:10:58Z
7546559,4.0,559.3014,2026-09-08T01:10:58Z
7571117,5.0,1421.9244,2026-09-08T01:10:58Z
7584587,2.0,47.7243,2026-09-08T01:10:58Z
7590365,5.0,769.1526,2026-09-08T01:10:58Z
7600755,1.0,15.7662,2026-09-08T01:10:58Z
7609839,5.0,481.6089,2026-09-08T01:10:58Z
7622054,5.0,465.1992,2026-09-08T01:10:58Z
7622748,4.0,264.2049,2026-09-08T01:10:58Z
7626258,5.0,1035.5535,2026-09-08T01:10:58Z
7626350,7.0,10394.8407,2026-09-08T01:10:58Z
7649607,5.0,541.719,2026-09-08T01:10:58Z
7650367,6.0,1044.6093,2026-09-08T01:10:58Z
7651643,5.0,546.5466,2026-09-08T01:10:58Z
7651823,6.0,3004.1073,2026-09-08T01:10:58Z
7669218,6.0,2606.0733,2026-09-08T01:10:58Z
7670436,6.0,2856.0024,2026-09-08T01:10:58Z
7671530,6.0,3246.7113,2026-09-08T01:10:58Z
7672088,6.0,3685.5405,2026-09-08T01:10:58Z
7692143,5.0,1675.4895,2026-09-08T01:10:58Z
7698286,1.0,6.093,2026-09-08T01:10:58Z
7700398,1.0,10.5201,2026-09-08T01:10:58Z
7700772,2.0,21.924,2026-09-08T01:10:58Z
7700810,2.0,49.4892,2026-09-08T01:10:58Z
7700864,2.0,40.3173,2026-09-08T01:10:58Z
7700910,6.0,25019.4888,2026-09-08T01:10:58Z
7701070,6.0,27651.0384,2026-09-08T01:10:58Z
7701098,6.0,27783.0126,2026-09-08T01:10:58Z
7701144,4.0,263.2194,2026-09-08T01:10:58Z
7701224,6.0,28210.8825,2026-09-08T01:10:58Z
7702198,1.0,3.0528,2026-09-08T01:10:58Z
7702280,1.0,2.7072,2026-09-08T01:10:58Z
7702322,4.0,147.5874,2026-09-08T01:10:58Z
7702710,6.0,28295.6553,2026-09-08T01:10:58Z
7702754,6.0,28729.2114,2026-09-08T01:10:58Z
7709834,4.0,621.4149,2026-09-08T01:10:58Z
7709926,1.0,9.2367,2026-09-08T01:10:58Z
7710020,2.0,21.6909,2026-09-08T01:10:58Z
7710072,3.0,159.8022,2026-09-08T01:10:58Z
7711864,3.0,24.2811,2026-09-08T01:10:58Z
7711932,5.0,1634.2281,2026-09-08T01:10:58Z
7712818,3.0,53.1297,2026-09-08T01:10:58Z
7712952,1.0,1.773,2026-09-08T01:10:58Z
7713066,1.0,2.7837,2026-09-08T01:10:58Z
7713500,3.0,89.2008,2026-09-08T01:10:58Z
7713562,1.0,8.2746,2026-09-08T01:10:58Z
7716800,3.0,28.3383,2026-09-08T01:10:58Z
7717144,2.0,3.2589,2026-09-08T01:10:58Z
7717170,4.0,102.5442,2026-09-08T01:10:58Z
7717522,1.0,11.6496,2026-09-08T01:10:58Z
7718432,6.0,4077.018,2026-09-08T01:10:58Z
7741670,3.0,990.774,2026-09-08T01:10:58Z
7746433,1.0,13.0239,2026-09-08T01:10:58Z
7751684,5.0,538.029,2026-09-08T01:10:58Z
7751980,2.0,17.8209,2026-09-08T01:10:58Z
7753238,4.0,134.9595,2026-09-08T01:10:58Z
7756164,9.0,376748.2539,2026-09-08T01:10:58Z
7765651,4.0,202.2993,2026-09-08T01:10:58Z
7765979,5.0,712.0287,2026-09-08T01:10:58Z
7771571,5.0,659.1924,2026-09-08T01:10:58Z
7789108,9.0,389444.3478,2026-09-08T01:10:58Z
7806599,3.0,12.861,2026-09-08T01:10:58Z
7818186,4.0,166.5126,2026-09-08T01:10:58Z
7830270,5.0,1475.1036,2026-09-08T01:10:58Z
7842813,5.0,2112.9129,2026-09-08T01:10:58Z
7869253,5.0,1473.8634,2026-09-08T01:10:58Z
7871553,5.0,1814.193,2026-09-08T01:10:58Z
7872249,5.0,1846.6578,2026-09-08T01:10:58Z
7880802,6.0,3292.254,2026-09-08T01:10:58Z
7881510,2.0,19.9719,2026-09-08T01:10:58Z
7888216,3.0,39.7017,2026-09-08T01:10:58Z
7932053,1.0,8.1423,2026-09-08T01:10:58Z
7952272,3.0,347.4801,2026-09-08T01:10:58Z
7960777,1.0,36.3069,2026-09-08T01:10:58Z
7961193,2.0,21.78,2026-09-08T01:10:58Z
7972445,6.0,9470.5317,2026-09-08T01:10:58Z
7978069,6.0,48195.1458,2026-09-08T01:10:58Z
8006219,4.0,192.4218,2026-09-08T01:10:58Z
8020296,2.0,16.0245,2026-09-08T01:10:58Z
8020478,4.0,303.6159,2026-09-08T01:10:58Z
8026668,4.0,212.6034,2026-09-08T01:10:58Z
8027284,5.0,521.6004,2026-09-08T01:10:58Z
8027860,2.0,30.9303,2026-09-08T01:10:58Z
8028368,2.0,12.0609,2026-09-08T01:10:58Z
8028376,1.0,5.0067,2026-09-08T01:10:58Z
8039815,5.0,1871.7993,2026-09-08T01:10:58Z
8058013,1.0,9.8685,2026-09-08T01:10:58Z
8058193,1.0,6.4863,2026-09-08T01:10:58Z
8060667,3.0,91.1007,2026-09-08T01:10:58Z
8063401,3.0,47.9016,2026-09-08T01:10:58Z
8064179,2.0,7.6869,2026-09-08T01:10:58Z
8064197,2.0,15.6123,2026-09-08T01:10:58Z
8074582,2.0,19.9035,2026-09-08T01:10:58Z
8074924,1.0,4.1013,2026-09-08T01:10:58Z
8075202,2.0,17.2125,2026-09-08T01:10:58Z
8077028,1.0,6.3162,2026-09-08T01:10:58Z
8077064,2.0,19.107,2026-09-08T01:10:58Z
8084515,5.0,850.401,2026-09-08T01:10:58Z
8087331,2.0,22.7592,2026-09-08T01:10:58Z
8087683,3.0,180.0036,2026-09-08T01:10:58Z
8087855,5.0,4217.4153,2026-09-08T01:10:58Z
8088109,5.0,5825.565,2026-09-08T01:10:58Z
8088169,5.0,5510.7918,2026-09-08T01:10:58Z
8089055,5.0,5443.6482,2026-09-08T01:10:58Z
8103013,6.0,11859.2307,2026-09-08T01:10:58Z
8103053,6.0,12271.7898,2026-09-08T01:10:58Z
8103057,6.0,12244.5531,2026-09-08T01:10:58Z
8103751,6.0,12764.4957,2026-09-08T01:10:58Z
8110593,4.0,901.1484,2026-09-08T01:10:58Z
8110773,1.0,36.153,2026-09-08T01:10:58Z
8110981,5.0,1988.1873,2026-09-08T01:10:58Z
8111939,5.0,726.651,2026-09-08T01:10:58Z
8118503,5.0,6496.8327,2026-09-08T01:10:58Z
8119227,5.0,5194.9233,2026-09-08T01:10:58Z
8119717,5.0,6683.166,2026-09-08T01:10:58Z
8125565,1.0,4.3407,2026-09-08T01:10:58Z
8125623,1.0,6.7149,2026-09-08T01:10:58Z
8127031,1.0,5.4144,2026-09-08T01:10:58Z
8127337,1.0,3.8106,2026-09-08T01:10:58Z
8127341,1.0,2.4435,2026-09-08T01:10:58Z
8144108,2.0,12.2994,2026-09-08T01:10:58Z
8144470,2.0,11.4921,2026-09-08T01:10:58Z
8144508,3.0,56.3184,2026-09-08T01:10:58Z
8145244,5.0,2436.8076,2026-09-08T01:10:58Z
8145290,5.0,1727.0046,2026-09-08T01:10:58Z
8150695,4.0,236.4633,2026-09-08T01:10:58Z
8150895,1.0,2.8395,2026-09-08T01:10:58Z
8152251,5.0,1026.0792,2026-09-08T01:10:58Z
8152547,6.0,17213.5035,2026-09-08T01:10:58Z
8153841,6.0,18079.5384,2026-09-08T01:10:58Z
8235008,1.0,6.1803,2026-09-08T01:10:58Z
8244328,2.0,16.5663,2026-09-08T01:10:58Z
8245598,1.0,2.1933,2026-09-08T01:10:58Z
8245680,1.0,3.7233,2026-09-08T01:10:58Z
8246442,2.0,13.059,2026-09-08T01:10:58Z
8257759,2.0,15.4521,2026-09-08T01:10:58Z
8257773,3.0,47.8953,2026-09-08T01:10:58Z
8258269,4.0,470.8521,2026-09-08T01:10:58Z
8265420,3.0,67.5225,2026-09-08T01:10:58Z
8268709,2.0,2.0781,2026-09-08T01:10:58Z
8270711,5.0,1606.4487,2026-09-08T01:10:58Z
8271877,3.0,97.4871,2026-09-08T01:10:58Z
8285292,2.0,9.0099,2026-09-08T01:10:58Z
8286770,5.0,1781.5824,2026-09-08T01:10:58Z
8287522,3.0,26.6958,2026-09-08T01:10:58Z
8288668,2.0,14.4054,2026-09-08T01:10:58Z
8317019,2.0,7.371,2026-09-08T01:10:58Z
8329600,1.0,9.0621,2026-09-08T01:10:58Z
8330694,1.0,54.4914,2026-09-08T01:10:58Z
8330778,6.0,20068.1415,2026-09-08T01:10:58Z
8333624,6.0,25479.0261,2026-09-08T01:10:58Z
8348895,7.0,111879.6498,2026-09-08T01:10:58Z
8348955,7.0,112527.5859,2026-09-08T01:10:58Z
8348965,7.0,103940.0388,2026-09-08T01:10:58Z
8349849,2.0,152.1153,2026-09-08T01:10:58Z
8350037,1.0,6.5772,2026-09-08T01:10:58Z
8350569,7.0,101482.2837,2026-09-08T01:10:58Z
8350583,7.0,101391.4899,2026-09-08T01:10:58Z
8352423,7.0,113185.9746,2026-09-08T01:10:58Z
8390988,1.0,14.3946,2026-09-08T01:10:58Z
8391044,1.0,5.2695,2026-09-08T01:10:58Z
8391150,4.0,109.9503,2026-09-08T01:10:58Z
8391876,4.0,129.0339,2026-09-08T01:10:58Z
8392270,2.0,6.4548,2026-09-08T01:10:58Z
8392364,4.0,403.9065,2026-09-08T01:10:58Z
8392374,3.0,37.2051,2026-09-08T01:10:58Z
8392410,5.0,324.9657,2026-09-08T01:10:58Z
8392650,5.0,326.7342,2026-09-08T01:10:58Z
8392686,5.0,575.9577,2026-09-08T01:10:58Z
8392764,5.0,663.138,2026-09-08T01:10:58Z
8393606,1.0,9.4275,2026-09-08T01:10:58Z
8401745,3.0,259.9119,2026-09-08T01:10:58Z
8422810,2.0,7.3431,2026-09-08T01:10:58Z
8423020,1.0,2.4237,2026-09-08T01:10:58Z
8431216,4.0,133.3431,2026-09-08T01:10:58Z
8431716,6.0,8161.3422,2026-09-08T01:10:58Z
8431754,6.0,8120.673,2026-09-08T01:10:58Z
8432132,1.0,1.8045,2026-09-08T01:10:58Z
8433154,4.0,719.3043,2026-09-08T01:10:58Z
8436674,5.0,1762.488,2026-09-08T01:10:58Z
8440243,2.0,13.6746,2026-09-08T01:10:58Z
8440875,3.0,146.3022,2026-09-08T01:10:58Z
8445112,6.0,7790.0184,2026-09-08T01:10:58Z
8445644,6.0,7311.7044,2026-09-08T01:10:58Z
8447702,1.0,3.1959,2026-09-08T01:10:58Z
8449994,6.0,1674.6768,2026-09-08T01:10:58Z
8450140,6.0,1827.1098,2026-09-08T01:10:58Z
8450524,1.0,2.4993,2026-09-08T01:10:58Z
8450588,6.0,2302.4349,2026-09-08T01:10:58Z
8450692,6.0,2487.9915,2026-09-08T01:10:58Z
8467041,2.0,24.0678,2026-09-08T01:10:58Z
8468713,1.0,3.3435,2026-09-08T01:10:58Z
8476388,1.0,1.2447,2026-09-08T01:10:58Z
8476932,6.0,4054.3506,2026-09-08T01:10:58Z
8479262,3.0,47.4723,2026-09-08T01:10:58Z
8489316,2.0,39.474,2026-09-08T01:10:58Z
8489740,5.0,623.3229,2026-09-08T01:10:58Z
8493166,5.0,1055.034,2026-09-08T01:10:58Z
8493582,6.0,1600.8777,2026-09-08T01:10:58Z
8520617,3.0,410.2083,2026-09-08T01:10:58Z
8521321,4.0,947.25,2026-09-08T01:10:58Z
8521503,5.0,995.9679,2026-09-08T01:10:58Z
8522175,4.0,1198.9773,2026-09-08T01:10:58Z
8523899,6.0,5567.1858,2026-09-08T01:10:58Z
8524185,3.0,35.7795,2026-09-08T01:10:58Z
8538335,1.0,5.652,2026-09-08T01:10:58Z
8539015,4.0,849.0789,2026-09-08T01:10:58Z
8546543,1.0,1.8225,2026-09-08T01:10:58Z
8549587,1.0,16.002,2026-09-08T01:10:58Z
8550019,6.0,7941.3633,2026-09-08T01:10:58Z
8551281,1.0,3.5964,2026-09-08T01:10:58Z
8552297,2.0,17.0982,2026-09-08T01:10:58Z
8572609,1.0,6.6447,2026-09-08T01:10:58Z
8589440,4.0,525.5451,2026-09-08T01:10:58Z
8590394,5.0,1060.8705,2026-09-08T01:10:58Z
8611247,1.0,1.1871,2026-09-08T01:10:58Z
8626169,6.0,4507.4349,2026-09-08T01:10:58Z
8648996,6.0,7587.9945,2026-09-08T01:10:58Z
8651714,1.0,0.8541,2026-09-08T01:10:58Z
8674667,1.0,8.6544,2026-09-08T01:10:58Z
8679041,2.0,5.391,2026-09-08T01:10:58Z
8692945,1.0,0.666,2026-09-08T01:10:58Z
8695255,3.0,36.0216,2026-09-08T01:10:58Z
8710665,5.0,1475.4564,2026-09-08T01:10:58Z
8711573,3.0,58.0932,2026-09-08T01:10:58Z
8711895,5.0,887.0859,2026-09-08T01:10:58Z
8712343,1.0,7.5114,2026-09-08T01:10:58Z
8719435,3.0,81.0747,2026-09-08T01:10:58Z
8723549,6.0,2562.6861,2026-09-08T01:10:58Z
8723707,6.0,2514.3723,2026-09-08T01:10:58Z
8724035,6.0,2774.4354,2026-09-08T01:10:58Z
8724117,6.0,2799.0252,2026-09-08T01:10:58Z
8724523,3.0,61.6923,2026-09-08T01:10:58Z
8755835,4.0,471.7971,2026-09-08T01:10:58Z
8762299,5.0,292.5369,2026-09-08T01:10:58Z
8762495,5.0,2041.0083,2026-09-08T01:10:58Z
8782543,1.0,8.2503,2026-09-08T01:10:58Z
8782717,5.0,2003.6331,2026-09-08T01:10:58Z
8783261,3.0,29.7648,2026-09-08T01:10:58Z
8783733,1.0,4.8924,2026-09-08T01:10:58Z
8784011,3.0,75.2436,2026-09-08T01:10:58Z
8784851,2.0,17.226,2026-09-08T01:10:58Z
8790267,4.0,774.225,2026-09-08T01:10:58Z
8818267,1.0,2.8494,2026-09-08T01:10:58Z
8831658,7.0,12469.0977,2026-09-08T01:10:58Z
8831730,7.0,12623.6403,2026-09-08T01:10:58Z
8842805,7.0,8639.9307,2026-09-08T01:10:58Z
8847129,7.0,11167.4736,2026-09-08T01:10:58Z
8848815,2.0,8.7975,2026-09-08T01:10:58Z
8870368,5.0,955.6317,2026-09-08T01:10:58Z
8870790,3.0,40.5927,2026-09-08T01:10:58Z
8894242,1.0,4.6638,2026-09-08T01:10:58Z
8914797,5.0,1359.5967,2026-09-08T01:10:58Z
8914801,5.0,1343.8782,2026-09-08T01:10:58Z
8914803,4.0,706.1616,2026-09-08T01:10:58Z
8915047,2.0,11.0223,2026-09-08T01:10:58Z
8920063,3.0,1974.2139,2026-09-08T01:10:58Z
8920579,3.0,47.6397,2026-09-08T01:10:58Z
8924005,5.0,1039.2777,2026-09-08T01:10:58Z
8924007,5.0,970.4538,2026-09-08T01:10:58Z
8931704,5.0,4073.2659,2026-09-08T01:10:58Z
8932036,5.0,2586.0879,2026-09-08T01:10:58Z
8932108,5.0,2717.9406,2026-09-08T01:10:58Z
8934890,5.0,2485.4607,2026-09-08T01:10:58Z
8942877,1.0,19.7253,2026-09-08T01:10:58Z
8969260,2.0,89.7399,2026-09-08T01:10:58Z
8969698,2.0,55.2996,2026-09-08T01:10:58Z
8969800,1.0,20.7882,2026-09-08T01:10:58Z
8969900,5.0,535.788,2026-09-08T01:10:58Z
8969946,6.0,3025.6272,2026-09-08T01:10:58Z
8972536,1.0,3.0618,2026-09-08T01:10:58Z
8974046,1.0,4.1922,2026-09-08T01:10:58Z
8975690,6.0,8110.3581,2026-09-08T01:10:58Z
8988234,1.0,19.955,2026-09-08T01:10:58Z
8989996,3.0,205.334,2026-09-08T01:10:58Z
8990046,4.0,444.296,2026-09-08T01:10:58Z
8990370,3.0,112.391,2026-09-08T01:10:58Z
8991078,4.0,944.755,2026-09-08T01:10:58Z
8991344,3.0,48.539,2026-09-08T01:10:58Z
9003745,4.0,230.489,2026-09-08T01:10:58Z
9005029,6.0,12512.434,2026-09-08T01:10:58Z
9005057,5.0,1411.778,2026-09-08T01:10:58Z
9005833,6.0,13730.119,2026-09-08T01:10:58Z
9006577,3.0,94.948,2026-09-08T01:10:58Z
9008083,2.0,10.468,2026-09-08T01:10:58Z
9008271,6.0,11659.638,2026-09-08T01:10:58Z
9017535,1.0,5.146,2026-09-08T01:10:58Z
9019367,4.0,175.786,2026-09-08T01:10:58Z
9027229,3.0,71.748,2026-09-08T01:10:58Z
9030895,3.0,48.741,2026-09-08T01:10:58Z
9031043,3.0,81.9,2026-09-08T01:10:58Z
9031331,1.0,10.656,2026-09-08T01:10:58Z
9031895,5.0,3096.138,2026-09-08T01:10:58Z
9031967,5.0,3224.57,2026-09-08T01:10:58Z
9032183,5.0,3281.584,2026-09-08T01:10:58Z
9034273,5.0,1736.629,2026-09-08T01:10:58Z
9035349,6.0,6051.815,2026-09-08T01:10:58Z
9035359,6.0,6047.817,2026-09-08T01:10:58Z
9035509,6.0,8578.936,2026-09-08T01:10:58Z
9036375,1.0,8.138,2026-09-08T01:10:58Z
9036487,3.0,224.439,2026-09-08T01:10:58Z
9049881,5.0,1014.9903,2026-09-08T01:10:58Z
9050523,2.0,35.7192,2026-09-08T01:10:58Z
9055077,5.0,2591.8704,2026-09-08T01:10:58Z
9065620,2.0,3.069,2026-09-08T01:10:58Z
9095316,1.0,16.8588,2026-09-08T01:10:58Z
9114298,5.0,1449.3789,2026-09-08T01:10:58Z
9125908,3.0,101.2932,2026-09-08T01:10:58Z
9127234,5.0,1936.7667,2026-09-08T01:10:58Z
9128028,2.0,61.1028,2026-09-08T01:10:58Z
9133772,5.0,3265.2981,2026-09-08T01:10:58Z
9146726,1.0,3.9168,2026-09-08T01:10:58Z
9147152,5.0,589.3155,2026-09-08T01:10:58Z
9164038,3.0,20.1861,2026-09-08T01:10:58Z
9179728,7.0,24153.1236,2026-09-08T01:10:58Z
9203057,4.0,328.95,2026-09-08T01:10:58Z
9203155,4.0,125.1621,2026-09-08T01:10:58Z
9244000,3.0,9.9612,2026-09-08T01:10:58Z
9249564,6.0,2027.556,2026-09-08T01:10:58Z
9252106,5.0,474.3828,2026-09-08T01:10:58Z
9269236,3.0,64.0701,2026-09-08T01:10:58Z
9269312,4.0,76.5792,2026-09-08T01:10:58Z
9273060,1.0,6.9345,2026-09-08T01:10:58Z
9273316,2.0,26.0226,2026-09-08T01:10:58Z
9301557,1.0,3.2904,2026-09-08T01:10:58Z
9305750,3.0,57.1968,2026-09-08T01:10:58Z
9305826,3.0,182.0232,2026-09-08T01:10:58Z
9311627,1.0,25.0263,2026-09-08T01:10:58Z
9313025,1.0,2.2851,2026-09-08T01:10:58Z
9314071,3.0,91.6866,2026-09-08T01:10:58Z
9314217,5.0,2135.313,2026-09-08T01:10:58Z
9315895,3.0,57.0015,2026-09-08T01:10:58Z
9315937,1.0,4.8159,2026-09-08T01:10:58Z
9315981,3.0,39.3084,2026-09-08T01:10:58Z
9316343,3.0,141.0795,2026-09-08T01:10:58Z
9316901,6.0,4369.878,2026-09-08T01:10:58Z
9316915,6.0,4329.0333,2026-09-08T01:10:58Z
9327030,3.0,43.11,2026-09-08T01:10:58Z
9327714,5.0,8095.5342,2026-09-08T01:10:58Z
9327886,6.0,11114.8011,2026-09-08T01:10:58Z
9327948,6.0,11815.0137,2026-09-08T01:10:58Z
9331392,6.0,12955.9644,2026-09-08T01:10:58Z
9331576,6.0,14535.5958,2026-09-08T01:10:58Z
9332512,6.0,14848.3908,2026-09-08T01:10:58Z
9332550,6.0,16201.6146,2026-09-08T01:10:58Z
9343409,4.0,487.8279,2026-09-08T01:10:58Z
9343441,2.0,7.8804,2026-09-08T01:10:58Z
9343801,5.0,764.0136,2026-09-08T01:10:58Z
9355546,3.0,219.5946,2026-09-08T01:10:58Z
9373374,4.0,191.3814,2026-09-08T01:10:58Z
9376132,3.0,172.1088,2026-09-08T01:10:58Z
9376314,3.0,25.3746,2026-09-08T01:10:58Z
9376410,5.0,5439.7521,2026-09-08T01:10:58Z
9376726,2.0,207.2547,2026-09-08T01:10:58Z
9387605,5.0,792.747,2026-09-08T01:10:58Z
9388471,6.0,3543.8274,2026-09-08T01:10:58Z
9388875,6.0,1848.3012,2026-09-08T01:10:58Z
9399036,7.0,47103.3252,2026-09-08T01:10:58Z
9405898,2.0,9.5013,2026-09-08T01:10:58Z
9406116,4.0,94.3416,2026-09-08T01:10:58Z
9406190,2.0,6.4458,2026-09-08T01:10:58Z
9406200,2.0,4.1319,2026-09-08T01:10:58Z
9407536,3.0,13.3344,2026-09-08T01:10:58Z
9407716,1.0,0.9567,2026-09-08T01:10:58Z
9407794,1.0,2.1249,2026-09-08T01:10:58Z
9419893,3.0,37.0044,2026-09-08T01:10:58Z
9420223,1.0,1.9917,2026-09-08T01:10:58Z
9420247,1.0,3.5784,2026-09-08T01:10:58Z
9420681,4.0,807.0111,2026-09-08T01:10:58Z
9422613,1.0,7.5447,2026-09-08T01:10:58Z
9422761,5.0,1178.1171,2026-09-08T01:10:58Z
9422951,5.0,1231.0974,2026-09-08T01:10:58Z
9423281,5.0,1411.0956,2026-09-08T01:10:58Z
9423877,5.0,1874.1303,2026-09-08T01:10:58Z
9423999,6.0,4019.8662,2026-09-08T01:10:58Z
9424041,6.0,4162.8501,2026-09-08T01:10:58Z
9436607,1.0,16.3818,2026-09-08T01:10:58Z
9441201,1.0,4.8294,2026-09-08T01:10:58Z
9442163,3.0,65.3634,2026-09-08T01:10:58Z
9454463,3.0,56.3526,2026-09-08T01:10:58Z
9481612,3.0,22.8393,2026-09-08T01:10:58Z
9496152,3.0,169.4421,2026-09-08T01:10:58Z
9509672,2.0,49.6179,2026-09-08T01:10:58Z
9512682,1.0,4.104,2026-09-08T01:10:58Z
9512686,2.0,7.6995,2026-09-08T01:10:58Z
9512792,3.0,146.4669,2026-09-08T01:10:58Z
9512852,1.0,10.8792,2026-09-08T01:10:58Z
9514052,6.0,2302.7382,2026-09-08T01:10:58Z
9514774,1.0,2.5326,2026-09-08T01:10:58Z
9514786,1.0,2.7756,2026-09-08T01:10:58Z
9514866,2.0,13.6872,2026-09-08T01:10:58Z
9521247,1.0,20.8494,2026-09-08T01:10:58Z
9527399,4.0,1330.1964,2026-09-08T01:10:58Z
9527907,2.0,51.2712,2026-09-08T01:10:58Z
9527927,1.0,4.3749,2026-09-08T01:10:58Z
9528317,1.0,15.5007,2026-09-08T01:10:58Z
9528411,4.0,1160.5473,2026-09-08T01:10:58Z
9533283,2.0,88.7013,2026-09-08T01:10:58Z
9533683,2.0,29.358,2026-09-08T01:10:58Z
9535365,2.0,14.1219,2026-09-08T01:10:58Z
9542235,2.0,17.5491,2026-09-08T01:10:58Z
9544165,7.0,120602.115,2026-09-08T01:10:58Z
9544239,7.0,121158.7551,2026-09-08T01:10:58Z
9545379,1.0,33.0534,2026-09-08T01:10:58Z
9554777,7.0,13891.0635,2026-09-08T01:10:58Z
9555693,7.0,19936.4256,2026-09-08T01:10:58Z
9555701,7.0,19742.139,2026-09-08T01:10:58Z
9557775,7.0,22635.3312,2026-09-08T01:10:58Z
9568499,5.0,5081.337,2026-09-08T01:10:58Z
9569539,4.0,116.1126,2026-09-08T01:10:58Z
9573185,5.0,2608.2072,2026-09-08T01:10:58Z
9573743,5.0,1245.3786,2026-09-08T01:10:58Z
9593514,6.0,9876.3462,2026-09-08T01:10:58Z
9594112,5.0,3145.3677,2026-09-08T01:10:58Z
9594562,5.0,5747.112,2026-09-08T01:10:58Z
9614637,5.0,4497.4989,2026-09-08T01:10:58Z
9631539,2.0,32.5764,2026-09-08T01:10:58Z
9633261,5.0,753.7779,2026-09-08T01:10:58Z
9643573,5.0,39371.3523,2026-09-08T01:10:58Z
9684206,5.0,315.27,2026-09-08T01:10:58Z
9691126,5.0,1031.0328,2026-09-08T01:10:58Z
9692570,1.0,2.0853,2026-09-08T01:10:58Z
9698951,5.0,1985.6862,2026-09-08T01:10:58Z
9699785,3.0,50.0544,2026-09-08T01:10:58Z
9706034,2.0,6.4782,2026-09-08T01:10:58Z
9707834,6.0,11684.3778,2026-09-08T01:10:58Z
9717517,3.0,151.5816,2026-09-08T01:10:58Z
9718493,6.0,12271.7727,2026-09-08T01:10:58Z
9718795,6.0,13440.0123,2026-09-08T01:10:58Z
9734096,4.0,97.9461,2026-09-08T01:10:58Z
9736290,6.0,8696.7882,2026-09-08T01:10:58Z
9737078,1.0,36.9549,2026-09-08T01:10:58Z
9747198,1.0,13.5504,2026-09-08T01:10:58Z
9747274,1.0,17.6967,2026-09-08T01:10:58Z
9752348,3.0,57.6558,2026-09-08T01:10:58Z
9753118,5.0,1276.6203,2026-09-08T01:10:58Z
9753448,1.0,1.7343,2026-09-08T01:10:58Z
9753948,6.0,3403.1484,2026-09-08T01:10:58Z
9754218,5.0,220.9464,2026-09-08T01:10:58Z
9772747,1.0,4.455,2026-09-08T01:10:58Z
9772755,2.0,29.4174,2026-09-08T01:10:58Z
9781759,5.0,3017.016,2026-09-08T01:10:58Z
9787422,2.0,83.8215,2026-09-08T01:10:58Z
9789690,6.0,10445.7762,2026-09-08T01:10:58Z
9792162,5.0,5379.1326,2026-09-08T01:10:58Z
9797598,3.0,143.6391,2026-09-08T01:10:58Z
9799436,4.0,317.0007,2026-09-08T01:10:58Z
9826426,6.0,30798.4599,2026-09-08T01:10:58Z
9826440,6.0,30498.1164,2026-09-08T01:10:58Z
9840116,2.0,22.672,2026-09-08T01:10:58Z
9846333,2.0,27.275,2026-09-08T01:10:58Z
9847285,5.0,1356.035,2026-09-08T01:10:58Z
9857897,2.0,3.987,2026-09-08T01:10:58Z
9867482,5.0,928.4571,2026-09-08T01:10:58Z
9867894,2.0,8.2359,2026-09-08T01:10:58Z
9868654,5.0,1101.9645,2026-09-08T01:10:58Z
9869430,6.0,3605.6133,2026-09-08T01:10:58Z
9869718,2.0,25.0542,2026-09-08T01:10:58Z
9870522,4.0,277.4853,2026-09-08T01:10:58Z
9871296,5.0,1527.5682,2026-09-08T01:10:58Z
9941406,6.0,5710.3551,2026-09-08T01:10:58Z
9944828,6.0,6907.1022,2026-09-08T01:10:58Z
9944834,1.0,15.7788,2026-09-08T01:10:58Z
9954316,1.0,3.5298,2026-09-08T01:10:58Z
9975525,5.0,1492.308,2026-09-08T01:10:58Z
10003808,9.0,437465.4291,2026-09-08T01:10:58Z
10003816,9.0,437480.046,2026-09-08T01:10:58Z
10004898,9.0,441329.1498,2026-09-08T01:10:58Z
10010648,9.0,436754.3616,2026-09-08T01:10:58Z
10024050,5.0,3562.8219,2026-09-08T01:10:58Z
10024092,5.0,3783.9447,2026-09-08T01:10:58Z
10024662,2.0,39.0618,2026-09-08T01:10:58Z
10026504,4.0,897.9363,2026-09-08T01:10:58Z
10041066,7.0,38955.1284,2026-09-08T01:10:58Z
10079726,2.0,26.3979,2026-09-08T01:10:58Z
10080280,5.0,658.0863,2026-09-08T01:10:58Z
10080598,4.0,1120.0239,2026-09-08T01:10:58Z
10082018,3.0,111.4263,2026-09-08T01:10:58Z
10082110,2.0,28.4733,2026-09-08T01:10:58Z
10089388,1.0,7.5744,2026-09-08T01:10:58Z
10092062,5.0,2260.2978,2026-09-08T01:10:58Z
10092450,1.0,8.0973,2026-09-08T01:10:58Z
10102110,2.0,24.5871,2026-09-08T01:10:58Z
10102132,1.0,6.8256,2026-09-08T01:10:58Z
10102374,3.0,228.3246,2026-09-08T01:10:58Z
10102388,3.0,36.7695,2026-09-08T01:10:58Z
10102464,2.0,55.107,2026-09-08T01:10:58Z
10102586,4.0,686.3292,2026-09-08T01:10:58Z
10102618,2.0,5.2011,2026-09-08T01:10:58Z
10103730,1.0,16.4007,2026-09-08T01:10:58Z
10109453,1.0,28.0971,2026-09-08T01:10:58Z
10110105,1.0,24.7401,2026-09-08T01:10:58Z
10125504,3.0,53.6769,2026-09-08T01:10:58Z
10147305,1.0,3.9897,2026-09-08T01:10:58Z
10147339,2.0,7.2693,2026-09-08T01:10:58Z
10161500,1.0,7.9137,2026-09-08T01:10:58Z
10161818,2.0,71.3223,2026-09-08T01:10:58Z
10167952,4.0,316.9674,2026-09-08T01:10:58Z
10181423,2.0,31.7709,2026-09-08T01:10:58Z
10187050,3.0,135.4464,2026-09-08T01:10:58Z
10188514,2.0,4.9356,2026-09-08T01:10:58Z
10204973,3.0,131.409,2026-09-08T01:10:58Z
10205709,5.0,845.5374,2026-09-08T01:10:58Z
10208781,4.0,137.8089,2026-09-08T01:10:58Z
10209551,3.0,570.996,2026-09-08T01:10:58Z
10209979,7.0,26041.4199,2026-09-08T01:10:58Z
10218842,2.0,10.5858,2026-09-08T01:10:58Z
10219360,5.0,595.2276,2026-09-08T01:10:58Z
10220080,3.0,22.6836,2026-09-08T01:10:58Z
10220168,6.0,9205.0704,2026-09-08T01:10:58Z
10220876,3.0,24.8049,2026-09-08T01:10:58Z
10222090,6.0,10918.7001,2026-09-08T01:10:58Z
10222246,6.0,16210.8063,2026-09-08T01:10:58Z
10274376,4.0,863.1693,2026-09-08T01:10:58Z
10274524,3.0,80.9172,2026-09-08T01:10:58Z
10274528,5.0,4257.9549,2026-09-08T01:10:58Z
10285898,3.0,233.8875,2026-09-08T01:10:58Z
10286272,7.0,33010.8462,2026-09-08T01:10:58Z
10286962,7.0,35722.6056,2026-09-08T01:10:58Z
10294286,1.0,13.338,2026-09-08T01:10:58Z
10294480,4.0,492.8004,2026-09-08T01:10:58Z
10294756,2.0,8.8875,2026-09-08T01:10:58Z
10294900,5.0,1304.1045,2026-09-08T01:10:58Z
10295272,5.0,1312.6896,2026-09-08T01:10:58Z
10312346,1.0,21.7215,2026-09-08T01:10:58Z
10312434,3.0,148.5288,2026-09-08T01:10:58Z
10312694,3.0,179.5194,2026-09-08T01:10:58Z
10312702,3.0,148.6224,2026-09-08T01:10:58Z
10316546,2.0,9.1575,2026-09-08T01:10:58Z
10337828,1.0,13.8762,2026-09-08T01:10:58Z
10338064,1.0,8.1729,2026-09-08T01:10:58Z
10339506,2.0,43.5996,2026-09-08T01:10:58Z
10349320,4.0,381.2112,2026-09-08T01:10:58Z
10358680,8.0,244296.8892,2026-09-08T01:10:58Z
10363290,5.0,2927.0304,2026-09-08T01:10:58Z
10365852,5.0,4511.0205,2026-09-08T01:10:58Z
10373752,3.0,69.822,2026-09-08T01:10:58Z
10381427,2.0,79.8975,2026-09-08T01:10:58Z
10381807,1.0,4.7583,2026-09-08T01:10:58Z
10382063,8.0,74016.918,2026-09-08T01:10:58Z
10384377,8.0,76593.1437,2026-09-08T01:10:58Z
10390276,2.0,71.1468,2026-09-08T01:10:58Z
10395905,1.0,16.8012,2026-09-08T01:10:58Z
10432086,5.0,642.9303,2026-09-08T01:10:58Z
10433310,5.0,1428.0669,2026-09-08T01:10:58Z
10436428,2.0,4.8906,2026-09-08T01:10:58Z
10437172,7.0,7985.7288,2026-09-08T01:10:58Z
10449794,7.0,21903.8526,2026-09-08T01:10:58Z
10452212,4.0,684.5202,2026-09-08T01:10:58Z
10462211,7.0,12458.6856,2026-09-08T01:10:58Z
10462255,7.0,12603.0483,2026-09-08T01:10:58Z
10462273,1.0,6.0273,2026-09-08T01:10:58Z
10481353,1.0,24.795,2026-09-08T01:10:58Z
10511012,5.0,1958.157,2026-09-08T01:10:58Z
10511250,1.0,2.2302,2026-09-08T01:10:58Z
10526569,1.0,8.424,2026-09-08T01:10:58Z
10529153,5.0,3901.1364,2026-09-08T01:10:58Z
10537804,2.0,86.1372,2026-09-08T01:10:58Z
10565058,3.0,23.0283,2026-09-08T01:10:58Z
10583469,4.0,446.7492,2026-09-08T01:10:58Z
10597376,5.0,722.8539,2026-09-08T01:10:58Z
10597422,3.0,53.9379,2026-09-08T01:10:58Z
10600556,2.0,16.5762,2026-09-08T01:10:58Z
10603148,3.0,93.1032,2026-09-08T01:10:58Z
10603824,7.0,20529.0216,2026-09-08T01:10:58Z
10607322,1.0,16.1415,2026-09-08T01:10:58Z
10607548,7.0,22232.6631,2026-09-08T01:10:58Z
10607858,7.0,23454.657,2026-09-08T01:10:58Z
10629917,6.0,13941.09,2026-09-08T01:10:58Z
10647911,2.0,68.5638,2026-09-08T01:10:58Z
10655637,1.0,17.8767,2026-09-08T01:10:58Z
10718542,2.0,21.7089,2026-09-08T01:10:58Z
10738147,5.0,2976.1065,2026-09-08T01:10:58Z
10738195,5.0,2739.7449,2026-09-08T01:10:58Z
10742212,2.0,30.3048,2026-09-08T01:10:58Z
10744456,4.0,166.221,2026-09-08T01:10:58Z
10749941,2.0,21.1914,2026-09-08T01:10:58Z
10750115,5.0,2867.6826,2026-09-08T01:10:58Z
10763691,6.0,2469.5532,2026-09-08T01:10:58Z
10764485,1.0,1.2258,2026-09-08T01:10:58Z
10772018,4.0,153.4671,2026-09-08T01:10:58Z
10777382,4.0,243.0198,2026-09-08T01:10:58Z
10785790,7.0,7304.8536,2026-09-08T01:10:58Z
10804641,2.0,7.4844,2026-09-08T01:10:58Z
10807699,5.0,752.5989,2026-09-08T01:10:58Z
10807861,5.0,479.2158,2026-09-08T01:10:58Z
10809609,2.0,8.9127,2026-09-08T01:10:58Z
10815216,2.0,17.7552,2026-09-08T01:10:58Z
10817822,5.0,819.5643,2026-09-08T01:10:58Z
10819298,5.0,1080.0036,2026-09-08T01:10:58Z
10836112,5.0,3438.036,2026-09-08T01:10:58Z
10840572,5.0,4528.7082,2026-09-08T01:10:58Z
10848476,1.0,3.614,2026-09-08T01:10:58Z
10850250,6.0,595236.677,2026-09-08T01:10:58Z
10853441,1.0,20.9187,2026-09-08T01:10:58Z
10893209,5.0,5505.9372,2026-09-08T01:10:58Z
10893277,5.0,5611.7754,2026-09-08T01:10:58Z
10893415,5.0,9816.9147,2026-09-08T01:10:58Z
10894059,5.0,9996.8715,2026-09-08T01:10:58Z
10902859,5.0,2408.8041,2026-09-08T01:10:58Z
10902959,5.0,1622.4831,2026-09-08T01:10:58Z
10907169,4.0,1221.705,2026-09-08T01:10:58Z
10907263,4.0,1198.3509,2026-09-08T01:10:58Z
10924181,2.0,22.7124,2026-09-08T01:10:58Z
10924259,5.0,781.4637,2026-09-08T01:10:58Z
10961022,1.0,11.1924,2026-09-08T01:10:58Z
10968697,5.0,1436.0634,2026-09-08T01:10:58Z
10969681,2.0,11.8341,2026-09-08T01:10:58Z
10997543,5.0,6516.7794,2026-09-08T01:10:58Z
11049384,1.0,1.6812,2026-09-08T01:10:58Z
11050006,7.0,29588.7672,2026-09-08T01:10:58Z
11050708,7.0,30128.9508,2026-09-08T01:10:58Z
11125301,4.0,32.0841,2026-09-08T01:10:58Z
11136416,5.0,459.1656,2026-09-08T01:10:58Z
11173797,3.0,137.6559,2026-09-08T01:10:58Z
11174301,1.0,10.7253,2026-09-08T01:10:58Z
11175865,3.0,55.7136,2026-09-08T01:10:58Z
11177693,5.0,894.9393,2026-09-08T01:10:58Z
11198470,7.0,26581.0104,2026-09-08T01:10:58Z
11206810,7.0,15402.5127,2026-09-08T01:10:58Z
11207680,7.0,14773.5468,2026-09-08T01:10:58Z
11255508,6.0,9562.9959,2026-09-08T01:10:58Z
11257876,6.0,7641.7173,2026-09-08T01:10:58Z
11281846,4.0,50.616,2026-09-08T01:10:58Z
11338657,3.0,47.8584,2026-09-08T01:10:58Z
11338977,3.0,83.601,2026-09-08T01:10:58Z
11432341,2.0,2106.3645,2026-09-08T01:10:58Z
11432871,5.0,3464.6265,2026-09-08T01:10:58Z
11462580,2.0,43.5186,2026-09-08T01:10:58Z
11468746,5.0,9230.9877,2026-09-08T01:10:58Z
11473802,5.0,11387.2455,2026-09-08T01:10:58Z
11473840,5.0,11308.3947,2026-09-08T01:10:58Z
11513181,6.0,23299.3557,2026-09-08T01:10:58Z
11513195,6.0,22386.5109,2026-09-08T01:10:58Z
11514025,6.0,24698.1591,2026-09-08T01:10:58Z
11514029,6.0,24170.3091,2026-09-08T01:10:58Z
11530721,5.0,1347.2559,2026-09-08T01:10:58Z
11543302,9.0,602276.2137,2026-09-08T01:10:58Z
11547654,6.0,25547.0706,2026-09-08T01:10:58Z
11549330,3.0,145.6119,2026-09-08T01:10:58Z
11549378,3.0,375.093,2026-09-08T01:10:58Z
11550502,2.0,60.4935,2026-09-08T01:10:58Z
11550528,1.0,28.3941,2026-09-08T01:10:58Z
11565978,3.0,43.4952,2026-09-08T01:10:58Z
11573174,2.0,9.3393,2026-09-08T01:10:58Z
11574070,5.0,1805.1525,2026-09-08T01:10:58Z
11621252,1.0,21.4812,2026-09-08T01:10:58Z
11622202,4.0,202.9887,2026-09-08T01:10:58Z
11623462,6.0,2795.7429,2026-09-08T01:10:58Z
11628255,4.0,182.8368,2026-09-08T01:10:58Z
11628865,7.0,13076.4087,2026-09-08T01:10:58Z
11628879,7.0,13682.1735,2026-09-08T01:10:58Z
11630681,7.0,15433.2414,2026-09-08T01:10:58Z
11644659,3.0,176.9391,2026-09-08T01:10:58Z
11645257,2.0,179.5761,2026-09-08T01:10:58Z
11645369,1.0,32.4351,2026-09-08T01:10:58Z
11645495,1.0,50.9679,2026-09-08T01:10:58Z
11645871,5.0,1276.749,2026-09-08T01:10:58Z
11647173,3.0,107.9694,2026-09-08T01:10:58Z
11655286,5.0,3716.0325,2026-09-08T01:10:58Z
11655378,5.0,3767.2155,2026-09-08T01:10:58Z
11655510,3.0,14.9274,2026-09-08T01:10:58Z
11673058,3.0,1343.9133,2026-09-08T01:10:58Z
11673248,3.0,2057.8887,2026-09-08T01:10:58Z
11687550,2.0,14.6808,2026-09-08T01:10:58Z
11689106,3.0,88.4268,2026-09-08T01:10:58Z
11689214,5.0,760.3362,2026-09-08T01:10:58Z
11689294,5.0,918.3285,2026-09-08T01:10:58Z
11699220,4.0,4526.3475,2026-09-08T01:10:58Z
11700806,4.0,5506.3359,2026-09-08T01:10:58Z
11714577,1.0,281.4885,2026-09-08T01:10:58Z
11729782,3.0,68.0436,2026-09-08T01:10:58Z
11735181,2.0,4.6908,2026-09-08T01:10:58Z
11735509,3.0,83.214,2026-09-08T01:10:58Z
11736339,2.0,3.6162,2026-09-08T01:10:58Z
11737675,6.0,5660.1126,2026-09-08T01:10:58Z
11747949,3.0,17.9433,2026-09-08T01:10:58Z
11749129,1.0,7.1055,2026-09-08T01:10:58Z
11749731,1.0,15.1272,2026-09-08T01:10:58Z
11750511,3.0,20.8449,2026-09-08T01:10:58Z
11750627,3.0,38.1843,2026-09-08T01:10:58Z
11756810,9.0,645024.5451,2026-09-08T01:10:58Z
11757940,9.0,645261.7761,2026-09-08T01:10:58Z
11758022,9.0,645532.155,2026-09-08T01:10:58Z
11759388,5.0,1145.2887,2026-09-08T01:10:58Z
11759618,4.0,146.304,2026-09-08T01:10:58Z
11760478,4.0,729.0909,2026-09-08T01:10:58Z
11761682,9.0,729805.5909,2026-09-08T01:10:58Z
11761728,9.0,731075.2551,2026-09-08T01:10:58Z
11761734,1.0,4.2237,2026-09-08T01:10:58Z
11762242,9.0,738011.4768,2026-09-08T01:10:58Z
11774535,2.0,2.6127,2026-09-08T01:10:58Z
11774983,6.0,3051.8388,2026-09-08T01:10:58Z
11799773,8.0,52183.269,2026-09-08T01:10:58Z
11800649,2.0,26.0208,2026-09-08T01:10:58Z
11807676,3.0,118.143,2026-09-08T01:10:58Z
11808346,5.0,904.4451,2026-09-08T01:10:58Z
11808920,4.0,560.8647,2026-09-08T01:10:58Z
11828858,2.0,13.7088,2026-09-08T01:10:58Z
11830010,1.0,8.1099,2026-09-08T01:10:58Z
11833622,7.0,27802.6353,2026-09-08T01:10:58Z
11846175,5.0,433.7577,2026-09-08T01:10:58Z
11847021,3.0,31.9653,2026-09-08T01:10:58Z
11848893,4.0,236.1744,2026-09-08T01:10:58Z
11866418,3.0,26.6436,2026-09-08T01:10:58Z
11866712,9.0,362871.9045,2026-09-08T01:10:58Z
11868270,3.0,112.2678,2026-09-08T01:10:58Z
11868626,1.0,3.9555,2026-09-08T01:10:58Z
11869498,5.0,582.4773,2026-09-08T01:10:58Z
11869522,3.0,56.097,2026-09-08T01:10:58Z
11870008,3.0,28.3806,2026-09-08T01:10:58Z
11870012,9.0,368922.879,2026-09-08T01:10:58Z
11878716,7.0,45367.0038,2026-09-08T01:10:58Z
11884778,7.0,41355.459,2026-09-08T01:10:58Z
11898062,2.0,5.5962,2026-09-08T01:10:58Z
11905674,3.0,80.0559,2026-09-08T01:10:58Z
11906176,2.0,8.1315,2026-09-08T01:10:58Z
11907780,1.0,6.7779,2026-09-08T01:10:58Z
11908386,1.0,2.9043,2026-09-08T01:10:58Z
11915745,4.0,462.0195,2026-09-08T01:10:58Z
11916409,6.0,8595.3681,2026-09-08T01:10:58Z
11918443,5.0,1496.7198,2026-09-08T01:10:58Z
11930056,1.0,2.865,2026-09-08T01:10:58Z
11930906,1.0,17.463,2026-09-08T01:10:58Z
11939859,1.0,6.049,2026-09-08T01:10:58Z
11945787,4.0,493.38,2026-09-08T01:10:58Z
11947179,6.0,3598.288,2026-09-08T01:10:58Z
11952111,3.0,139.607,2026-09-08T01:10:58Z
11959494,1.0,3.809,2026-09-08T01:10:58Z
11959884,2.0,57.576,2026-09-08T01:10:58Z
11962264,1.0,36.953,2026-09-08T01:10:58Z
11962924,5.0,2033.047,2026-09-08T01:10:58Z
11966571,5.0,769.7745,2026-09-08T01:10:58Z
11980969,5.0,813.4704,2026-09-08T01:10:58Z
11985545,6.0,6783.7689,2026-09-08T01:10:58Z
12005813,1.0,8.512,2026-09-08T01:10:58Z
12010372,2.0,11.259,2026-09-08T01:10:58Z
12010694,3.0,65.021,2026-09-08T01:10:58Z
12011288,2.0,30.459,2026-09-08T01:10:58Z
12017428,2.0,112.658,2026-09-08T01:10:58Z
12017636,1.0,135.012,2026-09-08T01:10:58Z
12025598,3.0,80.964,2026-09-08T01:10:58Z
12027134,3.0,26.501,2026-09-08T01:10:58Z
12027304,1.0,2.865,2026-09-08T01:10:58Z
12034591,5.0,634.2543,2026-09-08T01:10:58Z
12036929,5.0,538.2396,2026-09-08T01:10:58Z
12038103,1.0,24.6096,2026-09-08T01:10:58Z
12074510,7.0,26339.823,2026-09-08T01:10:58Z
12075424,4.0,547.9524,2026-09-08T01:10:58Z
12096727,5.0,10164.1068,2026-09-08T01:10:58Z
12103814,3.0,50.4864,2026-09-08T01:10:58Z
12103870,4.0,400.3164,2026-09-08T01:10:58Z
12103916,1.0,6.0444,2026-09-08T01:10:58Z
12104406,3.0,276.4611,2026-09-08T01:10:58Z
12105108,4.0,1554.876,2026-09-08T01:10:58Z
12117882,4.0,1038.147,2026-09-08T01:10:58Z
12120264,4.0,1544.426,2026-09-08T01:10:58Z
12120616,4.0,2584.364,2026-09-08T01:10:58Z
12120716,5.0,3610.518,2026-09-08T01:10:58Z
12121694,3.0,321.054,2026-09-08T01:10:58Z
12121804,3.0,481.615,2026-09-08T01:10:58Z
12129474,4.0,1802.186,2026-09-08T01:10:58Z
12134842,6.0,6072.844,2026-09-08T01:10:58Z
12144808,3.0,210.222,2026-09-08T01:10:58Z
12145046,4.0,494.957,2026-09-08T01:10:58Z
12151670,1.0,1.4976,2026-09-08T01:10:58Z
12152498,5.0,3333.7656,2026-09-08T01:10:58Z
12153130,5.0,663.5772,2026-09-08T01:10:58Z
12169049,1.0,8.429,2026-09-08T01:10:58Z
12173364,2.0,29.926,2026-09-08T01:10:58Z
12173470,1.0,10.591,2026-09-08T01:10:58Z
12173626,3.0,168.791,2026-09-08T01:10:58Z
12174032,1.0,28.122,2026-09-08T01:10:58Z
12174120,5.0,1368.058,2026-09-08T01:10:58Z
12175500,1.0,3.109,2026-09-08T01:10:58Z
12175630,3.0,258.83,2026-09-08T01:10:58Z
12186595,1.0,12.052,2026-09-08T01:10:58Z
12194156,4.0,62.4024,2026-09-08T01:10:58Z
12220322,3.0,247.1,2026-09-08T01:10:58Z
12221626,3.0,228.37,2026-09-08T01:10:58Z
12221800,2.0,131.514,2026-09-08T01:10:58Z
12222020,5.0,2974.489,2026-09-08T01:10:58Z
12231850,4.0,387.685,2026-09-08T01:10:58Z
12242058,2.0,48.436,2026-09-08T01:10:58Z
12242108,5.0,1834.04,2026-09-08T01:10:58Z
12242484,6.0,3246.483,2026-09-08T01:10:58Z
12242692,6.0,3648.62,2026-09-08T01:10:58Z
12242722,6.0,3635.598,2026-09-08T01:10:58Z
12242872,6.0,3415.3,2026-09-08T01:10:58Z
12255596,4.0,398.792,2026-09-08T01:10:58Z
12255972,2.0,33.995,2026-09-08T01:10:58Z
12257114,6.0,10869.069,2026-09-08T01:10:58Z
12258234,1.0,7.074,2026-09-08T01:10:58Z
12260058,4.0,469.599,2026-09-08T01:10:58Z
12261122,5.0,1811.472,2026-09-08T01:10:58Z
12261488,3.0,38.148,2026-09-08T01:10:58Z
12262450,5.0,4028.677,2026-09-08T01:10:58Z
12262804,5.0,6551.625,2026-09-08T01:10:58Z
12264422,3.0,56.964,2026-09-08T01:10:58Z
12265058,6.0,9400.816,2026-09-08T01:10:58Z
12289062,3.0,863.0838,2026-09-08T01:10:58Z
12289552,3.0,206.1657,2026-09-08T01:10:58Z
12295412,2.0,33.7896,2026-09-08T01:10:58Z
12297016,5.0,2492.3241,2026-09-08T01:10:58Z
12297370,5.0,3198.6783,2026-09-08T01:10:58Z
12307723,6.0,49075.8786,2026-09-08T01:10:58Z
12320303,5.0,4361.148,2026-09-08T01:10:58Z
12320539,1.0,5.3352,2026-09-08T01:10:58Z
12323013,6.0,21668.1309,2026-09-08T01:10:58Z
12323087,3.0,352.0224,2026-09-08T01:10:58Z
12324499,6.0,22793.0715,2026-09-08T01:10:58Z
12325017,6.0,31410.7758,2026-09-08T01:10:58Z
12325301,6.0,31599.6318,2026-09-08T01:10:58Z
12325673,3.0,234.1791,2026-09-08T01:10:58Z
12327319,6.0,27336.7323,2026-09-08T01:10:58Z
12340918,5.0,7017.8319,2026-09-08T01:10:58Z
12349429,4.0,470.1312,2026-09-08T01:10:58Z
12376693,2.0,37.8297,2026-09-08T01:10:58Z
12377575,4.0,1035.2961,2026-09-08T01:10:58Z
12380719,2.0,84.699,2026-09-08T01:10:58Z
12395582,5.0,1597.0005,2026-09-08T01:10:58Z
12397132,4.0,650.4669,2026-09-08T01:10:58Z
12397432,6.0,3820.2183,2026-09-08T01:10:58Z
12416635,3.0,36.1071,2026-09-08T01:10:58Z
12419065,2.0,15.1983,2026-09-08T01:10:58Z
12420343,5.0,1325.151,2026-09-08T01:10:58Z
12420367,3.0,134.4762,2026-09-08T01:10:58Z
12420845,5.0,2851.3908,2026-09-08T01:10:58Z
12420943,1.0,4.0509,2026-09-08T01:10:58Z
12438415,5.0,319.3821,2026-09-08T01:10:58Z
12443813,7.0,53639.8245,2026-09-08T01:10:58Z
12443827,7.0,53107.668,2026-09-08T01:10:58Z
12443887,7.0,47713.2345,2026-09-08T01:10:58Z
12462130,8.0,200170.0593,2026-09-08T01:10:58Z
12463086,4.0,650.8449,2026-09-08T01:10:58Z
12463826,8.0,201166.6671,2026-09-08T01:10:58Z
12493279,4.0,975.1347,2026-09-08T01:10:58Z
12493301,2.0,19.4346,2026-09-08T01:10:58Z
12493467,4.0,625.4523,2026-09-08T01:10:58Z
12494425,1.0,7.5384,2026-09-08T01:10:58Z
12498764,1.0,31.826,2026-09-08T01:10:58Z
12501633,1.0,5.167,2026-09-08T01:10:58Z
12503351,3.0,385.237,2026-09-08T01:10:58Z
12516098,3.0,168.1731,2026-09-08T01:10:58Z
12516168,4.0,2688.6042,2026-09-08T01:10:58Z
12516508,3.0,333.0387,2026-09-08T01:10:58Z
12517292,5.0,6656.7915,2026-09-08T01:10:58Z
12532554,5.0,1828.1988,2026-09-08T01:10:58Z
12536674,2.0,16.8642,2026-09-08T01:10:58Z
12539856,5.0,871.9065,2026-09-08T01:10:58Z
12556550,4.0,452.0169,2026-09-08T01:10:58Z
12556896,5.0,2249.7084,2026-09-08T01:10:58Z
12556972,5.0,4583.6127,2026-09-08T01:10:58Z
12586981,2.0,34.1766,2026-09-08T01:10:58Z
12587765,5.0,827.6841,2026-09-08T01:10:58Z
12599095,4.0,490.6377,2026-09-08T01:10:58Z
12605135,6.0,12890.7072,2026-09-08T01:10:58Z
12605829,6.0,12303.8496,2026-09-08T01:10:58Z
12617794,5.0,696.5559,2026-09-08T01:10:58Z
12617818,1.0,710.478,2026-09-08T01:10:58Z
12618528,2.0,42.3585,2026-09-08T01:10:58Z
12620026,5.0,3777.7545,2026-09-08T01:10:58Z
12621640,5.0,7574.6664,2026-09-08T01:10:58Z
12641653,2.0,93.8475,2026-09-08T01:10:58Z
12656943,5.0,1504.0764,2026-09-08T01:10:58Z
12664516,7.0,39168.747,2026-09-08T01:10:58Z
12666952,7.0,41247.6696,2026-09-08T01:10:58Z
12666970,7.0,42875.7246,2026-09-08T01:10:58Z
12667082,7.0,43523.4033,2026-09-08T01:10:58Z
12667186,3.0,188.1657,2026-09-08T01:10:58Z
12667200,7.0,43759.0953,2026-09-08T01:10:58Z
12668724,7.0,46373.0823,2026-09-08T01:10:58Z
12669032,7.0,47250.5202,2026-09-08T01:10:58Z
12669206,2.0,72.0126,2026-09-08T01:10:58Z
12669450,7.0,46473.8184,2026-09-08T01:10:58Z
12695420,2.0,97.7922,2026-09-08T01:10:58Z
12696132,7.0,33461.541,2026-09-08T01:10:58Z
12699730,3.0,715.9617,2026-09-08T01:10:58Z
12699734,7.0,36594.3375,2026-09-08T01:10:58Z
12730333,3.0,71.9784,2026-09-08T01:10:58Z
12730415,5.0,1704.1239,2026-09-08T01:10:58Z
12735448,7.0,85874.571,2026-09-08T01:10:58Z
12737884,7.0,99971.1846,2026-09-08T01:10:58Z
12737920,7.0,100130.8365,2026-09-08T01:10:58Z
12744693,3.0,228.5442,2026-09-08T01:10:58Z
12744731,1.0,4.4721,2026-09-08T01:10:58Z
12744915,3.0,160.1298,2026-09-08T01:10:58Z
12753293,6.0,13961.367,2026-09-08T01:10:58Z
12770005,5.0,3046.464,2026-09-08T01:10:58Z
12770867,4.0,504.1314,2026-09-08T01:10:58Z
12770895,1.0,1.3986,2026-09-08T01:10:58Z
12778133,7.0,53631.441,2026-09-08T01:10:58Z
12780415,2.0,51.714,2026-09-08T01:10:58Z
12780655,1.0,5.6286,2026-09-08T01:10:58Z
12795847,5.0,1880.8281,2026-09-08T01:10:58Z
12802936,7.0,40147.9947,2026-09-08T01:10:58Z
12803338,1.0,7.2819,2026-09-08T01:10:58Z
12803788,1.0,6.5547,2026-09-08T01:10:58Z
12816115,6.0,2216.2104,2026-09-08T01:10:58Z
12842986,5.0,531.4662,2026-09-08T01:10:58Z
12845238,7.0,22877.8695,2026-09-08T01:10:58Z
12845382,7.0,20890.5831,2026-09-08T01:10:58Z
12897042,2.0,15.0237,2026-09-08T01:10:58Z
12897994,2.0,27.2241,2026-09-08T01:10:58Z
12913633,4.0,1411.1316,2026-09-08T01:10:58Z
12925551,3.0,49.411,2026-09-08T01:10:58Z
12926965,1.0,28.587,2026-09-08T01:10:58Z
12927841,2.0,125.223,2026-09-08T01:10:58Z
12941978,2.0,41.416,2026-09-08T01:10:58Z
12942394,4.0,395.84,2026-09-08T01:10:58Z
12942686,2.0,12.997,2026-09-08T01:10:58Z
12944416,1.0,11.849,2026-09-08T01:10:58Z
12952834,5.0,2730.854,2026-09-08T01:10:58Z
12952866,5.0,3380.993,2026-09-08T01:10:58Z
12952968,3.0,1027.923,2026-09-08T01:10:58Z
12960373,3.0,423.818,2026-09-08T01:10:58Z
12992071,4.0,737.6256,2026-09-08T01:10:58Z
12995704,1.0,2.9844,2026-09-08T01:10:58Z
12997942,3.0,44.5131,2026-09-08T01:10:58Z
12998878,4.0,369.729,2026-09-08T01:10:58Z
12999350,6.0,1570.1328,2026-09-08T01:10:58Z
13008982,5.0,1974.287,2026-09-08T01:10:58Z
13015191,6.0,3002.564,2026-09-08T01:10:58Z
13016059,3.0,54.745,2026-09-08T01:10:58Z
13020043,1.0,11.623,2026-09-08T01:10:58Z
13027455,3.0,52.796,2026-09-08T01:10:58Z
13032027,5.0,1297.07,2026-09-08T01:10:58Z
13038898,4.0,1028.609,2026-09-08T01:10:58Z
13048225,6.0,6205.614,2026-09-08T01:10:58Z
13054236,1.0,54.228,2026-09-08T01:10:58Z
13055470,3.0,300.129,2026-09-08T01:10:58Z
13057748,1.0,3.968,2026-09-08T01:10:58Z
13058004,2.0,27.017,2026-09-08T01:10:58Z
13058052,1.0,21.779,2026-09-08T01:10:58Z
13082103,4.0,184.5063,2026-09-08T01:10:58Z
13083503,5.0,1712.2797,2026-09-08T01:10:58Z
13083585,5.0,2649.8277,2026-09-08T01:10:58Z
13083689,5.0,2973.3894,2026-09-08T01:10:58Z
13084543,5.0,516.4182,2026-09-08T01:10:58Z
13085433,2.0,30.6396,2026-09-08T01:10:58Z
13085653,6.0,4885.8624,2026-09-08T01:10:58Z
13096638,3.0,138.1995,2026-09-08T01:10:58Z
13096776,3.0,191.6388,2026-09-08T01:10:58Z
13098216,2.0,29.052,2026-09-08T01:10:58Z
13098432,2.0,11.0349,2026-09-08T01:10:58Z
13098434,5.0,1329.606,2026-09-08T01:10:58Z
13098500,5.0,2023.9443,2026-09-08T01:10:58Z
13104405,2.0,7.1577,2026-09-08T01:10:58Z
13106099,4.0,926.6661,2026-09-08T01:10:58Z
13106121,2.0,16.7139,2026-09-08T01:10:58Z
13109287,7.0,24639.4278,2026-09-08T01:10:58Z
13123106,5.0,3464.3358,2026-09-08T01:10:58Z
13123718,2.0,48.3426,2026-09-08T01:10:58Z
13124954,5.0,3644.8362,2026-09-08T01:10:58Z
13133021,1.0,5.598,2026-09-08T01:10:58Z
13133075,3.0,141.7608,2026-09-08T01:10:58Z
13134283,3.0,19.2816,2026-09-08T01:10:58Z
13135883,3.0,62.2746,2026-09-08T01:10:58Z
13136851,1.0,4.5837,2026-09-08T01:10:58Z
13137111,2.0,43.047,2026-09-08T01:10:58Z
13137685,2.0,19.5408,2026-09-08T01:10:58Z
13138227,5.0,4857.2613,2026-09-08T01:10:58Z
13138253,5.0,4866.0795,2026-09-08T01:10:58Z
13139689,5.0,5149.1844,2026-09-08T01:10:58Z
13152261,3.0,32.0823,2026-09-08T01:10:58Z
13153689,3.0,26.4465,2026-09-08T01:10:58Z
13154255,5.0,1579.5144,2026-09-08T01:10:58Z
13154259,5.0,2223.1494,2026-09-08T01:10:58Z
13156501,4.0,223.2792,2026-09-08T01:10:58Z
13165982,4.0,208.19,2026-09-08T01:10:58Z
13166148,2.0,13.362,2026-09-08T01:10:58Z
13175459,5.0,2223.285,2026-09-08T01:10:58Z
13175695,5.0,724.343,2026-09-08T01:10:58Z
13177349,1.0,26.602,2026-09-08T01:10:58Z
13182966,4.0,275.12,2026-09-08T01:10:58Z
13184064,2.0,41.62,2026-09-08T01:10:58Z
13184592,4.0,810.585,2026-09-08T01:10:58Z
13189042,1.0,4.63,2026-09-08T01:10:58Z
13189972,5.0,580302.79,2026-09-08T01:10:58Z
13192418,1.0,2.42,2026-09-08T01:10:58Z
13193262,3.0,34.737,2026-09-08T01:10:58Z
13193696,1.0,3.136,2026-09-08T01:10:58Z
13194304,5.0,1768.241,2026-09-08T01:10:58Z
13195528,2.0,6.826,2026-09-08T01:10:58Z
13195814,4.0,561.265,2026-09-08T01:10:58Z
13206696,3.0,73.7235,2026-09-08T01:10:58Z
13207778,3.0,106.7418,2026-09-08T01:10:58Z
13208274,8.0,166919.0328,2026-09-08T01:10:58Z
13208894,8.0,166920.543,2026-09-08T01:10:58Z
13210476,1.0,5.1012,2026-09-08T01:10:58Z
13210832,1.0,18.0792,2026-09-08T01:10:58Z
13210970,4.0,220.6422,2026-09-08T01:10:58Z
13211724,8.0,172313.6409,2026-09-08T01:10:58Z
13211732,8.0,173142.8208,2026-09-08T01:10:58Z
13227772,3.0,229.858,2026-09-08T01:10:58Z
13235093,5.0,3158.2521,2026-09-08T01:10:58Z
13257603,8.0,95818.0275,2026-09-08T01:10:58Z
13283122,2.0,11.5911,2026-09-08T01:10:58Z
13283886,5.0,2003.4909,2026-09-08T01:10:58Z
13289844,1.0,10.5615,2026-09-08T01:10:58Z
13291738,5.0,1976.3973,2026-09-08T01:10:58Z
13292722,5.0,2412.369,2026-09-08T01:10:58Z
13292826,5.0,2743.461,2026-09-08T01:10:58Z
13294248,2.0,20.3742,2026-09-08T01:10:58Z
13295336,3.0,63.7632,2026-09-08T01:10:58Z
13296190,6.0,5903.3907,2026-09-08T01:10:58Z
13296672,2.0,25.3377,2026-09-08T01:10:58Z
13297158,4.0,854.9793,2026-09-08T01:10:58Z
13297300,6.0,8826.5538,2026-09-08T01:10:58Z
13297310,6.0,8958.1266,2026-09-08T01:10:58Z
13298638,6.0,9632.997,2026-09-08T01:10:58Z
13309249,5.0,889.2657,2026-09-08T01:10:58Z
13309611,4.0,195.6843,2026-09-08T01:10:58Z
13311583,2.0,9.7497,2026-09-08T01:10:58Z
13312013,6.0,2728.638,2026-09-08T01:10:58Z
13312669,2.0,5.2974,2026-09-08T01:10:58Z
13313051,4.0,38.8566,2026-09-08T01:10:58Z
13323532,2.0,19.6794,2026-09-08T01:10:58Z
13323776,1.0,5.7249,2026-09-08T01:10:58Z
13324280,2.0,12.3156,2026-09-08T01:10:58Z
13325656,8.0,208450.2024,2026-09-08T01:10:58Z
13330932,8.0,208596.7071,2026-09-08T01:10:58Z
13336280,3.0,27.5814,2026-09-08T01:10:58Z
13336642,3.0,26.64,2026-09-08T01:10:58Z
13336752,3.0,172.7343,2026-09-08T01:10:58Z
13336830,2.0,28.5642,2026-09-08T01:10:58Z
13336884,4.0,1208.5875,2026-09-08T01:10:58Z
13337524,4.0,547.002,2026-09-08T01:10:58Z
13337588,4.0,645.2163,2026-09-08T01:10:58Z
13337914,4.0,476.8965,2026-09-08T01:10:58Z
13344870,3.0,218.1753,2026-09-08T01:10:58Z
13350290,1.0,12.2391,2026-09-08T01:10:58Z
13350662,5.0,1966.4298,2026-09-08T01:10:58Z
13350886,5.0,2463.5484,2026-09-08T01:10:58Z
13352468,5.0,4909.3029,2026-09-08T01:10:58Z
13357546,8.0,210841.0344,2026-09-08T01:10:58Z
13357548,8.0,210871.1511,2026-09-08T01:10:58Z
13357728,1.0,5.9157,2026-09-08T01:10:58Z
13359062,2.0,9.9396,2026-09-08T01:10:58Z
13359472,5.0,298.6254,2026-09-08T01:10:58Z
13359864,5.0,485.7939,2026-09-08T01:10:58Z
13360230,1.0,3.4704,2026-09-08T01:10:58Z
13360334,5.0,637.2963,2026-09-08T01:10:58Z
13360724,3.0,46.9287,2026-09-08T01:10:58Z
13360844,4.0,185.715,2026-09-08T01:10:58Z
13361778,8.0,212461.1892,2026-09-08T01:10:58Z
13372049,1.0,9.0891,2026-09-08T01:10:58Z
13372297,5.0,320.9049,2026-09-08T01:10:58Z
13372853,5.0,404.1639,2026-09-08T01:10:58Z
13375515,6.0,4835.3373,2026-09-08T01:10:58Z
13375539,6.0,4807.2645,2026-09-08T01:10:58Z
13376601,2.0,19.6272,2026-09-08T01:10:58Z
13392271,3.0,203.7366,2026-09-08T01:10:58Z
13396357,2.0,47.2608,2026-09-08T01:10:58Z
13396565,4.0,2011.005,2026-09-08T01:10:58Z
13397425,5.0,2959.4511,2026-09-08T01:10:58Z
13410452,5.0,930.6459,2026-09-08T01:10:58Z
13411094,6.0,2669.9634,2026-09-08T01:10:58Z
13411586,1.0,4.6368,2026-09-08T01:10:58Z
13412604,5.0,1005.7527,2026-09-08T01:10:58Z
13412770,3.0,25.6698,2026-09-08T01:10:58Z
13413170,6.0,2830.1868,2026-09-08T01:10:58Z
13413258,6.0,2843.7849,2026-09-08T01:10:58Z
13424759,4.0,89.2107,2026-09-08T01:10:58Z
13425365,3.0,94.5378,2026-09-08T01:10:58Z
13425489,5.0,633.3957,2026-09-08T01:10:58Z
13425733,6.0,1214.5707,2026-09-08T01:10:58Z
13426309,1.0,10.2114,2026-09-08T01:10:58Z
13433627,3.0,424.989,2026-09-08T01:10:58Z
13434343,1.0,88.0551,2026-09-08T01:10:58Z
13437763,1.0,17.3646,2026-09-08T01:10:58Z
13438255,6.0,11940.2127,2026-09-08T01:10:58Z
13454714,6.0,3435.03,2026-09-08T01:10:58Z
13463123,3.0,261.9657,2026-09-08T01:10:58Z
13463917,4.0,538.0209,2026-09-08T01:10:58Z
13465880,4.0,1098.6786,2026-09-08T01:10:58Z
13466476,5.0,2008.9737,2026-09-08T01:10:58Z
13467628,4.0,336.0141,2026-09-08T01:10:58Z
13520739,4.0,1430.3583,2026-09-08T01:10:58Z
13526474,5.0,2840.9256,2026-09-08T01:10:58Z
13546725,3.0,277.434,2026-09-08T01:10:58Z
13552963,1.0,3.8736,2026-09-08T01:10:58Z
13565216,2.0,39.0735,2026-09-08T01:10:58Z
13566290,2.0,11.5326,2026-09-08T01:10:58Z
13573021,2.0,23.3244,2026-09-08T01:10:58Z
13573555,2.0,34.3764,2026-09-08T01:10:58Z
13584484,6.0,2267.8038,2026-09-08T01:10:58Z
13586230,6.0,4260.9249,2026-09-08T01:10:58Z
13598253,5.0,2124.6642,2026-09-08T01:10:58Z
13606180,7.0,37591.2414,2026-09-08T01:10:58Z
13617367,5.0,3024.7866,2026-09-08T01:10:58Z
13618911,5.0,569.2905,2026-09-08T01:10:58Z
13623843,1.0,3.2994,2026-09-08T01:10:58Z
13624709,2.0,10.4157,2026-09-08T01:10:58Z
13626319,1.0,1.9944,2026-09-08T01:10:58Z
13632113,2.0,12.5253,2026-09-08T01:10:58Z
13633387,3.0,44.712,2026-09-08T01:10:58Z
13633699,1.0,9.3159,2026-09-08T01:10:58Z
13633917,6.0,22773.672,2026-09-08T01:10:58Z
13634077,6.0,23924.6901,2026-09-08T01:10:58Z
13634147,6.0,24470.7399,2026-09-08T01:10:58Z
13634841,2.0,10.1403,2026-09-08T01:10:58Z
13635807,3.0,35.4681,2026-09-08T01:10:58Z
13637389,4.0,76.8483,2026-09-08T01:10:58Z
13637597,6.0,27370.8999,2026-09-08T01:10:58Z
13637713,6.0,28106.1432,2026-09-08T01:10:58Z
13638123,2.0,8.973,2026-09-08T01:10:58Z
13638495,3.0,12.7863,2026-09-08T01:10:58Z
13638525,2.0,11.2158,2026-09-08T01:10:58Z
13653562,2.0,7.3971,2026-09-08T01:10:58Z
13654134,3.0,34.2081,2026-09-08T01:10:58Z
13700209,5.0,9912.3165,2026-09-08T01:10:58Z
13700289,5.0,9915.3684,2026-09-08T01:10:58Z
13739749,4.0,870.9768,2026-09-08T01:10:58Z
13744834,3.0,336.3732,2026-09-08T01:10:58Z
13745976,4.0,1238.0814,2026-09-08T01:10:58Z
13748628,5.0,2196.7245,2026-09-08T01:10:58Z
13748636,5.0,2353.8429,2026-09-08T01:10:58Z
13755997,5.0,5392.5849,2026-09-08T01:10:58Z
13766457,4.0,489.9699,2026-09-08T01:10:58Z
13766755,2.0,965.6388,2026-09-08T01:10:58Z
13772620,4.0,254.9097,2026-09-08T01:10:58Z
13785376,4.0,380.9277,2026-09-08T01:10:58Z
13786620,6.0,4023.8685,2026-09-08T01:10:58Z
13803730,2.0,17.9469,2026-09-08T01:10:58Z
13853169,6.0,20245.6782,2026-09-08T01:10:58Z
13859134,3.0,283.446,2026-09-08T01:10:58Z
13868490,2.0,24.3378,2026-09-08T01:10:58Z
13869146,3.0,63.9189,2026-09-08T01:10:58Z
13870830,2.0,36.585,2026-09-08T01:10:58Z
13883074,6.0,1822.2705,2026-09-08T01:10:58Z
13894310,7.0,15034.5891,2026-09-08T01:10:58Z
13970204,7.0,49112.0514,2026-09-08T01:10:58Z
14033937,4.0,650.2617,2026-09-08T01:10:58Z
14034521,5.0,8949.654,2026-09-08T01:10:58Z
14046375,5.0,17437.3569,2026-09-08T01:10:58Z
14049101,5.0,21738.9447,2026-09-08T01:10:58Z
14065391,5.0,1921.4154,2026-09-08T01:10:58Z
14076270,1.0,1.8495,2026-09-08T01:10:58Z
14078142,6.0,3918.9897,2026-09-08T01:10:58Z
14102303,3.0,115.4673,2026-09-08T01:10:58Z
14112932,1.0,1.1286,2026-09-08T01:10:58Z
14125541,2.0,5.922,2026-09-08T01:10:58Z
14126969,5.0,1104.6222,2026-09-08T01:10:58Z
14126991,5.0,1059.0561,2026-09-08T01:10:58Z
14127185,2.0,5.0175,2026-09-08T01:10:58Z
14143923,6.0,2508.9588,2026-09-08T01:10:58Z
14156606,2.0,490.3956,2026-09-08T01:10:58Z
14169691,6.0,28254.6612,2026-09-08T01:10:58Z
14169841,6.0,33108.822,2026-09-08T01:10:58Z
14172573,5.0,22446.6831,2026-09-08T01:10:58Z
14185322,4.0,1948.0842,2026-09-08T01:10:58Z
14190807,2.0,63.6462,2026-09-08T01:10:58Z
14199409,2.0,202.2453,2026-09-08T01:10:58Z
14206620,3.0,88.2819,2026-09-08T01:10:58Z
14207084,1.0,8.9136,2026-09-08T01:10:58Z
14223659,1.0,2.7963,2026-09-08T01:10:58Z
14224787,3.0,25.4439,2026-09-08T01:10:58Z
14238342,1.0,4.4739,2026-09-08T01:10:58Z
14239406,2.0,14.3361,2026-09-08T01:10:58Z
14240258,3.0,23.5332,2026-09-08T01:10:58Z
14242912,5.0,414.1278,2026-09-08T01:10:58Z
14254647,5.0,2151.8631,2026-09-08T01:10:58Z
14254775,5.0,2678.1786,2026-09-08T01:10:58Z
14267948,2.0,290.0169,2026-09-08T01:10:58Z
14277628,4.0,924.1929,2026-09-08T01:10:58Z
14352998,7.0,36672.5628,2026-09-08T01:10:58Z
14357622,7.0,30522.4614,2026-09-08T01:10:58Z
14362478,1.0,3.0636,2026-09-08T01:10:58Z
14363008,3.0,237.4992,2026-09-08T01:10:58Z
14363450,4.0,411.3216,2026-09-08T01:10:58Z
14364080,2.0,18.9981,2026-09-08T01:10:58Z
14364764,5.0,1287.8856,2026-09-08T01:10:58Z
14365442,4.0,158.0805,2026-09-08T01:10:58Z
14365536,3.0,127.2951,2026-09-08T01:10:58Z
14396158,3.0,93.5064,2026-09-08T01:10:58Z
14396300,2.0,27.5175,2026-09-08T01:10:58Z
14399396,7.0,25612.2531,2026-09-08T01:10:58Z
14400524,7.0,24204.4587,2026-09-08T01:10:58Z
14415109,5.0,8008.7724,2026-09-08T01:10:58Z
14415343,4.0,439.992,2026-09-08T01:10:58Z
14426516,3.0,218.1213,2026-09-08T01:10:58Z
14428726,4.0,458.9775,2026-09-08T01:10:58Z
14434913,5.0,941.1642,2026-09-08T01:10:58Z
14443488,1.0,7.774,2026-09-08T01:10:58Z
14444694,3.0,279.453,2026-09-08T01:10:58Z
14446282,5.0,2693.073,2026-09-08T01:10:58Z
14455251,5.0,1843.0443,2026-09-08T01:10:58Z
14456567,5.0,2822.0292,2026-09-08T01:10:58Z
14458243,5.0,3363.1065,2026-09-08T01:10:58Z
14469393,6.0,21625.3134,2026-09-08T01:10:58Z
14470209,2.0,15.9093,2026-09-08T01:10:58Z
14472623,3.0,103.0995,2026-09-08T01:10:58Z
14490688,5.0,710.703,2026-09-08T01:10:58Z
14492810,5.0,676.3977,2026-09-08T01:10:58Z
14518367,9.0,447522.8769,2026-09-08T01:10:58Z
14518643,9.0,454472.3241,2026-09-08T01:10:58Z
14518907,3.0,86.2839,2026-09-08T01:10:58Z
14519559,9.0,447771.7188,2026-09-08T01:10:58Z
14519691,9.0,454471.8687,2026-09-08T01:10:58Z
14519767,4.0,517.5576,2026-09-08T01:10:58Z
14521957,9.0,456257.1411,2026-09-08T01:10:58Z
14523625,9.0,458724.3057,2026-09-08T01:10:58Z
14552381,2.0,58.7232,2026-09-08T01:10:58Z
14552529,3.0,191.9052,2026-09-08T01:10:58Z
14552713,2.0,21.7503,2026-09-08T01:10:58Z
14552817,3.0,388.5777,2026-09-08T01:10:58Z
14556755,7.0,31425.4278,2026-09-08T01:10:58Z
14565636,2.0,24.3045,2026-09-08T01:10:58Z
14566610,6.0,17142.0993,2026-09-08T01:10:58Z
14568890,6.0,13453.0263,2026-09-08T01:10:58Z
14569918,6.0,14734.4688,2026-09-08T01:10:58Z
14570952,4.0,102.7404,2026-09-08T01:10:58Z
14571158,4.0,498.6819,2026-09-08T01:10:58Z
14572174,6.0,12516.1227,2026-09-08T01:10:58Z
14585987,4.0,280.719,2026-09-08T01:10:58Z
14597511,2.0,26.9064,2026-09-08T01:10:58Z
14610710,5.0,4121.0478,2026-09-08T01:10:58Z
14620906,6.0,3494.2923,2026-09-08T01:10:58Z
14620958,6.0,3501.5436,2026-09-08T01:10:58Z
14623418,6.0,5671.3599,2026-09-08T01:10:58Z
14624806,1.0,5.2641,2026-09-08T01:10:58Z
14640373,5.0,1226.5866,2026-09-08T01:10:58Z
14642263,2.0,7.7796,2026-09-08T01:10:58Z
14665083,3.0,85.626,2026-09-08T01:10:58Z
14668341,5.0,762.2469,2026-09-08T01:10:58Z
14682306,5.0,4223.9718,2026-09-08T01:10:58Z
14682334,3.0,121.1598,2026-09-08T01:10:58Z
14704844,1.0,43.6149,2026-09-08T01:10:58Z
14705260,6.0,14432.4396,2026-09-08T01:10:58Z
14707622,1.0,5.6502,2026-09-08T01:10:58Z
14708188,6.0,15233.8284,2026-09-08T01:10:58Z
14708686,3.0,74.5884,2026-09-08T01:10:58Z
14708872,5.0,1669.9707,2026-09-08T01:10:58Z
14709888,6.0,20555.3916,2026-09-08T01:10:58Z
14709942,6.0,20593.8027,2026-09-08T01:10:58Z
14709954,6.0,20613.6792,2026-09-08T01:10:58Z
14717012,5.0,1411.488,2026-09-08T01:10:58Z
14727032,1.0,6.3549,2026-09-08T01:10:58Z
14727990,4.0,777.141,2026-09-08T01:10:58Z
14728678,5.0,5804.7165,2026-09-08T01:10:58Z
14732254,5.0,7891.596,2026-09-08T01:10:58Z
14732296,5.0,7917.4188,2026-09-08T01:10:58Z
14762341,1.0,17.6796,2026-09-08T01:10:58Z
14762971,6.0,4348.5066,2026-09-08T01:10:58Z
14763955,1.0,5918.5575,2026-09-08T01:10:58Z
14767354,3.0,27.09,2026-09-08T01:10:58Z
14768570,3.0,211.8519,2026-09-08T01:10:58Z
14771732,6.0,3477.0636,2026-09-08T01:10:58Z
14784655,4.0,344.1519,2026-09-08T01:10:58Z
14785985,1.0,8.8839,2026-09-08T01:10:58Z
14818959,2.0,41.6205,2026-09-08T01:10:58Z
14819599,7.0,13384.1367,2026-09-08T01:10:58Z
14827675,5.0,9864.5868,2026-09-08T01:10:58Z
14828897,5.0,10200.7791,2026-09-08T01:10:58Z
14834875,3.0,34.5078,2026-09-08T01:10:58Z
14834907,3.0,48.7458,2026-09-08T01:10:58Z
14835449,7.0,28210.0059,2026-09-08T01:10:58Z
14836421,5.0,1252.2276,2026-09-08T01:10:58Z
14838465,4.0,297.8001,2026-09-08T01:10:58Z
14854195,2.0,7.5816,2026-09-08T01:10:58Z
14865395,8.0,71131.4532,2026-09-08T01:10:58Z
14982152,3.0,104.2812,2026-09-08T01:10:58Z
14982374,3.0,162.8163,2026-09-08T01:10:58Z
14992289,2.0,14.7834,2026-09-08T01:10:58Z
15024957,6.0,5076.0441,2026-09-08T01:10:58Z
15024989,6.0,5023.0584,2026-09-08T01:10:58Z
15033591,1.0,120.9897,2026-09-08T01:10:58Z
15039031,5.0,1750.6899,2026-09-08T01:10:58Z
15039097,7.0,53778.4002,2026-09-08T01:10:58Z
15042369,3.0,63.4275,2026-09-08T01:10:58Z
15048089,7.0,59971.8015,2026-09-08T01:10:58Z
15075306,3.0,374.0076,2026-09-08T01:10:58Z
15083097,1.0,2.6748,2026-09-08T01:10:58Z
15083581,3.0,109.4022,2026-09-08T01:10:58Z
15086087,1.0,22.5675,2026-09-08T01:10:58Z
15096195,4.0,454.8177,2026-09-08T01:10:58Z
15100885,3.0,210.1563,2026-09-08T01:10:58Z
15145788,3.0,179.6319,2026-09-08T01:10:58Z
15150946,5.0,3078.4203,2026-09-08T01:10:58Z
15168499,3.0,126.6633,2026-09-08T01:10:58Z
15181957,8.0,3121112.268,2026-09-08T01:10:58Z
15234404,5.0,894.0753,2026-09-08T01:10:58Z
15234428,5.0,1063.6281,2026-09-08T01:10:58Z
15256250,6.0,3142.3536,2026-09-08T01:10:58Z
15289076,3.0,23.5197,2026-09-08T01:10:58Z
15306551,4.0,288.3429,2026-09-08T01:10:58Z
15314419,5.0,1823.6124,2026-09-08T01:10:58Z
15314493,5.0,1845.1647,2026-09-08T01:10:58Z
15365359,2.0,14.2947,2026-09-08T01:10:58Z
15370922,5.0,1951.3314,2026-09-08T01:10:58Z
15372842,5.0,745.227,2026-09-08T01:10:58Z
15379381,7.0,12582.3717,2026-09-08T01:10:58Z
15379425,7.0,14867.5554,2026-09-08T01:10:58Z
15381199,1.0,4.1436,2026-09-08T01:10:58Z
15382121,3.0,49.9815,2026-09-08T01:10:58Z
15382793,1.0,4.4307,2026-09-08T01:10:58Z
15385429,7.0,20811.402,2026-09-08T01:10:58Z
15398382,4.0,590.7762,2026-09-08T01:10:58Z
15409573,3.0,35.343,2026-09-08T01:10:58Z
15433608,3.0,68.1444,2026-09-08T01:10:58Z
15445207,3.0,484.6518,2026-09-08T01:10:58Z
15449158,3.0,47.518,2026-09-08T01:10:58Z
15449228,3.0,44.58,2026-09-08T01:10:58Z
15449762,1.0,1.319,2026-09-08T01:10:58Z
15455410,1.0,2.388,2026-09-08T01:10:58Z
15464561,3.0,33.923,2026-09-08T01:10:58Z
15466515,3.0,52.142,2026-09-08T01:10:58Z
15466633,1.0,2.263,2026-09-08T01:10:58Z
15467001,1.0,8.11,2026-09-08T01:10:58Z
15468115,5.0,1266.983,2026-09-08T01:10:58Z
15475701,5.0,1602.401,2026-09-08T01:10:58Z
15476127,3.0,25.349,2026-09-08T01:10:58Z
15476223,5.0,1557.351,2026-09-08T01:10:58Z
15476279,5.0,1382.815,2026-09-08T01:10:58Z
15485147,5.0,890.942,2026-09-08T01:10:58Z
15491224,2.0,16.959,2026-09-08T01:10:58Z
15492990,6.0,1631.031,2026-09-08T01:10:58Z
15493434,6.0,1882.465,2026-09-08T01:10:58Z
15511086,1.0,13.073,2026-09-08T01:10:58Z
15511116,4.0,191.711,2026-09-08T01:10:58Z
15513540,3.0,62.41,2026-09-08T01:10:58Z
15514354,3.0,85.776,2026-09-08T01:10:58Z
15514366,2.0,11.333,2026-09-08T01:10:58Z
15514656,6.0,4616.928,2026-09-08T01:10:58Z
15514914,6.0,3127.898,2026-09-08T01:10:58Z
15539033,4.0,568.419,2026-09-08T01:10:58Z
15539403,6.0,3966.389,2026-09-08T01:10:58Z
15539769,6.0,3700.365,2026-09-08T01:10:58Z
15539919,2.0,4.114,2026-09-08T01:10:58Z
15547961,3.0,31.704,2026-09-08T01:10:58Z
15549149,2.0,8.192,2026-09-08T01:10:58Z
15559687,4.0,524.1,2026-09-08T01:10:58Z
15560971,2.0,39.022,2026-09-08T01:10:58Z
15567727,4.0,455.926,2026-09-08T01:10:58Z
15575725,1.0,6.242,2026-09-08T01:10:58Z
15581895,5.0,1448.904,2026-09-08T01:10:58Z
15582359,1.0,21.719,2026-09-08T01:10:58Z
15587066,2.0,21.858,2026-09-08T01:10:58Z
15588442,5.0,1346.764,2026-09-08T01:10:58Z
15588508,4.0,875.547,2026-09-08T01:10:58Z
15595311,3.0,94.282,2026-09-08T01:10:58Z
15604632,4.0,336.703,2026-09-08T01:10:58Z
15610394,2.0,38.313,2026-09-08T01:10:58Z
15612806,5.0,2009.213,2026-09-08T01:10:58Z
15626957,5.0,580.537,2026-09-08T01:10:58Z
15634281,4.0,196.433,2026-09-08T01:10:58Z
15637233,1.0,3.862,2026-09-08T01:10:58Z
15644206,1.0,3.846,2026-09-08T01:10:58Z
15644414,4.0,1365.171,2026-09-08T01:10:58Z
15656727,6.0,5290.612,2026-09-08T01:10:58Z
15667657,6.0,5614.243,2026-09-08T01:10:58Z
15667695,6.0,5403.714,2026-09-08T01:10:58Z
15676987,2.0,12.439,2026-09-08T01:10:58Z
15687155,4.0,152.5599,2026-09-08T01:10:58Z
15701805,1.0,1.1169,2026-09-08T01:10:58Z
15702833,6.0,14813.2503,2026-09-08T01:10:58Z
15707563,1.0,0.4023,2026-09-08T01:10:58Z
15737417,6.0,11729.8017,2026-09-08T01:10:58Z
15738437,1.0,7.1235,2026-09-08T01:10:58Z
15738711,3.0,25.9848,2026-09-08T01:10:58Z
15739485,4.0,349.1082,2026-09-08T01:10:58Z
15748650,6.0,6828.7959,2026-09-08T01:10:58Z
15758274,6.0,7955.6427,2026-09-08T01:10:58Z
15779336,4.0,163.395,2026-09-08T01:10:58Z
15783434,4.0,357.1641,2026-09-08T01:10:58Z
15787182,3.0,1059.6609,2026-09-08T01:10:58Z
15787508,4.0,221.1849,2026-09-08T01:10:58Z
15788294,6.0,3548.538,2026-09-08T01:10:58Z
15808733,1.0,2.61,2026-09-08T01:10:58Z
15819749,1.0,6.3873,2026-09-08T01:10:58Z
15823465,7.0,10746.2151,2026-09-08T01:10:58Z
15823707,7.0,14430.3165,2026-09-08T01:10:58Z
15823713,7.0,14431.9662,2026-09-08T01:10:58Z
15824511,2.0,4.3434,2026-09-08T01:10:58Z
15890430,6.0,9200.7198,2026-09-08T01:10:58Z
15915647,5.0,1169.9424,2026-09-08T01:10:58Z
15932923,4.0,2599.6905,2026-09-08T01:10:58Z
15950196,2.0,18.1062,2026-09-08T01:10:58Z
15950892,5.0,2187.6777,2026-09-08T01:10:58Z
15953660,4.0,777.4632,2026-09-08T01:10:58Z
15954080,2.0,52.6761,2026-09-08T01:10:58Z
15961724,4.0,951.7563,2026-09-08T01:10:58Z
15963456,5.0,2484.9981,2026-09-08T01:10:58Z
15968121,4.0,687.5766,2026-09-08T01:10:58Z
15968351,3.0,100.6686,2026-09-08T01:10:58Z
15968461,3.0,184.0023,2026-09-08T01:10:58Z
15982379,1.0,8.2233,2026-09-08T01:10:58Z
15983343,4.0,351.1044,2026-09-08T01:10:58Z
15985547,6.0,4350.3066,2026-09-08T01:10:58Z
15985551,6.0,4306.662,2026-09-08T01:10:58Z
15995954,2.0,13.8987,2026-09-08T01:10:58Z
15998840,1.0,2.025,2026-09-08T01:10:58Z
15998932,2.0,27.8514,2026-09-08T01:10:58Z
16014002,5.0,2381.7168,2026-09-08T01:10:58Z
16014138,5.0,2438.7408,2026-09-08T01:10:58Z
16014428,3.0,77.9697,2026-09-08T01:10:58Z
16015118,5.0,2366.568,2026-09-08T01:10:58Z
16015874,5.0,5436.1854,2026-09-08T01:10:58Z
16016252,5.0,5541.2721,2026-09-08T01:10:58Z
16030738,3.0,391.8258,2026-09-08T01:10:58Z
16031368,6.0,15959.0502,2026-09-08T01:10:58Z
16031630,6.0,16338.051,2026-09-08T01:10:58Z
16031714,6.0,10683.1422,2026-09-08T01:10:58Z
16031750,6.0,12914.2737,2026-09-08T01:10:58Z
16031766,3.0,25.0767,2026-09-08T01:10:58Z
16031814,6.0,10880.7408,2026-09-08T01:10:58Z
16032104,4.0,1065.6522,2026-09-08T01:10:58Z
16032144,2.0,2855.4858,2026-09-08T01:10:58Z
16036062,3.0,101.4219,2026-09-08T01:10:58Z
16039462,3.0,23.4189,2026-09-08T01:10:58Z
16053736,2.0,32.2731,2026-09-08T01:10:58Z
16056192,5.0,5400.3051,2026-09-08T01:10:58Z
16056306,5.0,3764.7288,2026-09-08T01:10:58Z
16068263,5.0,2329.6995,2026-09-08T01:10:58Z
16068323,5.0,2886.6285,2026-09-08T01:10:58Z
16071528,6.0,10462.0833,2026-09-08T01:10:58Z
16073406,3.0,140.5413,2026-09-08T01:10:58Z
16073476,5.0,1108.5345,2026-09-08T01:10:58Z
16075252,6.0,14041.5723,2026-09-08T01:10:58Z
16076090,6.0,15282.5994,2026-09-08T01:10:58Z
16076098,6.0,15390.3456,2026-09-08T01:10:58Z
16077658,4.0,454.7412,2026-09-08T01:10:58Z
16094111,6.0,7461.9585,2026-09-08T01:10:58Z
16095883,4.0,285.7167,2026-09-08T01:10:58Z
16100977,2.0,38.7837,2026-09-08T01:10:58Z
16101059,2.0,122.6178,2026-09-08T01:10:58Z
16101871,5.0,3410.6211,2026-09-08T01:10:58Z
16102069,5.0,2997.8964,2026-09-08T01:10:58Z
16126189,6.0,3407.6628,2026-09-08T01:10:58Z
16126231,6.0,2676.2652,2026-09-08T01:10:58Z
16126345,6.0,2124.6066,2026-09-08T01:10:58Z
16127697,6.0,4620.4209,2026-09-08T01:10:58Z
16129599,4.0,429.2505,2026-09-08T01:10:58Z
16129609,6.0,4930.8363,2026-09-08T01:10:58Z
16156778,3.0,201.0582,2026-09-08T01:10:58Z
16157400,5.0,539.6436,2026-09-08T01:10:58Z
16159728,6.0,4435.1289,2026-09-08T01:10:58Z
16160164,6.0,3679.4475,2026-09-08T01:10:58Z
16161022,6.0,3770.5842,2026-09-08T01:10:58Z
16173962,5.0,554.8329,2026-09-08T01:10:58Z
16203716,6.0,10653.0147,2026-09-08T01:10:58Z
16203958,6.0,10872.7209,2026-09-08T01:10:58Z
16211536,5.0,816.372,2026-09-08T01:10:58Z
16211866,5.0,894.7782,2026-09-08T01:10:58Z
16213022,5.0,1068.3513,2026-09-08T01:10:58Z
16213452,5.0,2083.1319,2026-09-08T01:10:58Z
16214116,2.0,25.1649,2026-09-08T01:10:58Z
16214278,2.0,24.3855,2026-09-08T01:10:58Z
16214516,5.0,3771.5031,2026-09-08T01:10:58Z
16214760,5.0,4203.0126,2026-09-08T01:10:58Z
16215000,3.0,78.3243,2026-09-08T01:10:58Z
16215020,5.0,3870.0963,2026-09-08T01:10:58Z
16222519,3.0,77.6952,2026-09-08T01:10:58Z
16222589,3.0,107.0145,2026-09-08T01:10:58Z
16223373,5.0,692.6877,2026-09-08T01:10:58Z
16223619,6.0,7699.5333,2026-09-08T01:10:58Z
16224157,6.0,4808.7279,2026-09-08T01:10:58Z
16224159,6.0,4445.1765,2026-09-08T01:10:58Z
16224253,1.0,1.7577,2026-09-08T01:10:58Z
16224291,2.0,11.0871,2026-09-08T01:10:58Z
16225427,6.0,8614.7505,2026-09-08T01:10:58Z
16235847,4.0,502.5258,2026-09-08T01:10:58Z
16236305,4.0,177.147,2026-09-08T01:10:58Z
16236549,6.0,3954.1023,2026-09-08T01:10:58Z
16237233,2.0,44.1423,2026-09-08T01:10:58Z
16237293,6.0,3011.4819,2026-09-08T01:10:58Z
16237481,2.0,91.5111,2026-09-08T01:10:58Z
16247307,5.0,617.3694,2026-09-08T01:10:58Z
16247407,4.0,326.8377,2026-09-08T01:10:58Z
16248137,5.0,2078.3547,2026-09-08T01:10:58Z
16249095,2.0,70.2108,2026-09-08T01:10:58Z
16249437,3.0,58.3011,2026-09-08T01:10:58Z
16249785,6.0,6314.1381,2026-09-08T01:10:58Z
16658683,1.0,1.3374,2026-09-08T01:10:58Z
16659143,3.0,38.4426,2026-09-08T01:10:58Z
16659601,2.0,16.0119,2026-09-08T01:10:58Z
16683323,1.0,3.078,2026-09-08T01:10:58Z
16729474,1.0,26.8875,2026-09-08T01:10:58Z
16802449,4.0,2032.4916,2026-09-08T01:10:58Z
16837810,4.0,229.7421,2026-09-08T01:10:58Z
16876986,3.0,88.3782,2026-09-08T01:10:58Z
16963139,3.0,62.7903,2026-09-08T01:10:58Z
16998704,3.0,132.1812,2026-09-08T01:10:58Z
17003406,7.0,33263.0505,2026-09-08T01:10:58Z
17003666,6.0,20577.2049,2026-09-08T01:10:58Z
17014689,4.0,409.2498,2026-09-08T01:10:58Z
17029408,1.0,24.1893,2026-09-08T01:10:58Z
17034535,5.0,1438.1406,2026-09-08T01:10:58Z
17034603,4.0,1291.824,2026-09-08T01:10:58Z
17034661,6.0,2877.8751,2026-09-08T01:10:58Z
17038579,6.0,15032.1816,2026-09-08T01:10:58Z
17040503,6.0,13870.7919,2026-09-08T01:10:58Z
17053944,1.0,2.4453,2026-09-08T01:10:58Z
17057244,1.0,1.3644,2026-09-08T01:10:58Z
17066926,5.0,465.9003,2026-09-08T01:10:58Z
17115503,3.0,43.542,2026-09-08T01:10:58Z
17115521,1.0,6.1308,2026-09-08T01:10:58Z
17173684,6.0,5833.2087,2026-09-08T01:10:58Z
17207598,5.0,1487.8368,2026-09-08T01:10:58Z
17207642,5.0,1616.9274,2026-09-08T01:10:58Z
17209278,5.0,2810.4579,2026-09-08T01:10:58Z
17219156,4.0,337.8114,2026-09-08T01:10:58Z
17219468,9.0,780964.9398,2026-09-08T01:10:58Z
17219550,9.0,777137.1624,2026-09-08T01:10:58Z
17233534,1.0,38.2707,2026-09-08T01:10:58Z
17234646,3.0,64.8315,2026-09-08T01:10:58Z
17246380,9.0,762826.1742,2026-09-08T01:10:58Z
17246388,9.0,763074.5904,2026-09-08T01:10:58Z
17246454,9.0,776558.4237,2026-09-08T01:10:58Z
17255078,1.0,27.8118,2026-09-08T01:10:58Z
17261705,2.0,63.0945,2026-09-08T01:10:58Z
17262053,3.0,427.194,2026-09-08T01:10:58Z
17285857,3.0,76.8942,2026-09-08T01:10:58Z
17287521,5.0,5643.1413,2026-09-08T01:10:58Z
17298454,4.0,346.5108,2026-09-08T01:10:58Z
17309540,3.0,181.8297,2026-09-08T01:10:58Z
17340185,5.0,809.5383,2026-09-08T01:10:58Z
17391429,2.0,355.2471,2026-09-08T01:10:58Z
17393170,3.0,1727.4402,2026-09-08T01:10:58Z
17398059,3.0,42.5862,2026-09-08T01:10:58Z
17398607,5.0,698.8779,2026-09-08T01:10:58Z
17399579,3.0,74.3463,2026-09-08T01:10:58Z
17405525,1.0,11.0997,2026-09-08T01:10:58Z
17405539,5.0,2098.4661,2026-09-08T01:10:58Z
17412668,2.0,22.5846,2026-09-08T01:10:58Z
17421362,4.0,396.7101,2026-09-08T01:10:58Z
17422870,3.0,33438.9474,2026-09-08T01:10:58Z
17435834,7.0,57661.5969,2026-09-08T01:10:58Z
17450265,5.0,8100.0486,2026-09-08T01:10:58Z
17456451,1.0,47.8278,2026-09-08T01:10:58Z
17475863,4.0,750.2904,2026-09-08T01:10:58Z
17475871,4.0,459.7362,2026-09-08T01:10:58Z
17476231,2.0,48.8016,2026-09-08T01:10:58Z
17476565,5.0,1325.16,2026-09-08T01:10:58Z
17476601,3.0,266.9004,2026-09-08T01:10:58Z
17481981,2.0,66.978,2026-09-08T01:10:58Z
17482319,2.0,39.4569,2026-09-08T01:10:58Z
17482635,2.0,15.8481,2026-09-08T01:10:58Z
17483051,5.0,6117.2991,2026-09-08T01:10:58Z
17483099,5.0,6366.5901,2026-09-08T01:10:58Z
17483387,6.0,11547.2979,2026-09-08T01:10:58Z
17483621,5.0,7968.7017,2026-09-08T01:10:58Z
17493249,5.0,4957.6473,2026-09-08T01:10:58Z
17494057,3.0,97.5024,2026-09-08T01:10:58Z
17495693,1.0,9.405,2026-09-08T01:10:58Z
17495937,4.0,1226.8566,2026-09-08T01:10:58Z
17497463,2.0,26.0406,2026-09-08T01:10:58Z
17506152,1.0,21.1383,2026-09-08T01:10:58Z
17506830,7.0,52582.5405,2026-09-08T01:10:58Z
17512368,7.0,66583.4625,2026-09-08T01:10:58Z
17533025,2.0,14.0886,2026-09-08T01:10:58Z
17533209,3.0,339.8814,2026-09-08T01:10:58Z
17534365,1.0,12.7989,2026-09-08T01:10:58Z
17556563,3.0,41.0814,2026-09-08T01:10:58Z
17557057,6.0,18810.225,2026-09-08T01:10:58Z
17572955,1.0,3750.0732,2026-09-08T01:10:58Z
17594763,3.0,52.1721,2026-09-08T01:10:58Z
17682142,2.0,4.9167,2026-09-08T01:10:58Z
17684370,3.0,24.3189,2026-09-08T01:10:58Z
17694639,2.0,25.038,2026-09-08T01:10:58Z
17703811,4.0,1249.6671,2026-09-08T01:10:58Z
17723440,5.0,1068.1326,2026-09-08T01:10:58Z
17789919,4.0,464.6025,2026-09-08T01:10:58Z
17795930,5.0,775.8027,2026-09-08T01:10:58Z
17808640,7.0,37892.5884,2026-09-08T01:10:58Z
17810138,8.0,57184.5375,2026-09-08T01:10:58Z
17811970,8.0,56669.0373,2026-09-08T01:10:58Z
17836894,4.0,606.4137,2026-09-08T01:10:58Z
17843692,4.0,1027.0584,2026-09-08T01:10:58Z
17843990,2.0,28.7163,2026-09-08T01:10:58Z
17844050,3.0,234.4581,2026-09-08T01:10:58Z
17844120,3.0,276.5466,2026-09-08T01:10:58Z
17864670,6.0,17506.9341,2026-09-08T01:10:58Z
17865094,1.0,26.0379,2026-09-08T01:10:58Z
17865334,2.0,74.4732,2026-09-08T01:10:58Z
17876523,4.0,834.0642,2026-09-08T01:10:58Z
17877889,1.0,9.1872,2026-09-08T01:10:58Z
17880868,1.0,37.7865,2026-09-08T01:10:58Z
17881768,1.0,14.8581,2026-09-08T01:10:58Z
17887798,2.0,35.424,2026-09-08T01:10:58Z
17887816,3.0,35.0919,2026-09-08T01:10:58Z
17895075,1.0,7.8165,2026-09-08T01:10:58Z
17899283,6.0,10484.2629,2026-09-08T01:10:58Z
17899337,6.0,11540.943,2026-09-08T01:10:58Z
17906257,3.0,259.2333,2026-09-08T01:10:58Z
17906861,3.0,146.9133,2026-09-08T01:10:58Z
17917625,3.0,29157.5196,2026-09-08T01:10:58Z
17917807,7.0,28241.6526,2026-09-08T01:10:58Z
17948660,7.0,31711.9023,2026-09-08T01:10:58Z
17948672,7.0,31795.3269,2026-09-08T01:10:58Z
17957057,2.0,20.2419,2026-09-08T01:10:58Z
18005500,7.0,21259.3608,2026-09-08T01:10:58Z
18013094,1.0,3.3093,2026-09-08T01:10:58Z
18055958,10.0,2824168.5486,2026-09-08T01:10:58Z
18057726,10.0,2824504.1892,2026-09-08T01:10:58Z
18057738,10.0,2824633.0674,2026-09-08T01:10:58Z
18057758,10.0,2824299.8829,2026-09-08T01:10:58Z
18059622,10.0,2824819.5537,2026-09-08T01:10:58Z
18059676,10.0,2825134.2099,2026-09-08T01:10:58Z
18104770,5.0,783.1449,2026-09-08T01:10:58Z
18106450,5.0,1794.5352,2026-09-08T01:10:58Z
18106712,3.0,9.9747,2026-09-08T01:10:58Z
18107212,5.0,1952.1558,2026-09-08T01:10:58Z
18108250,1.0,2.1735,2026-09-08T01:10:58Z
18118648,1.0,2.6397,2026-09-08T01:10:58Z
18121086,7.0,17315.451,2026-09-08T01:10:58Z
18133662,2.0,32.301,2026-09-08T01:10:58Z
18150885,3.0,27.6552,2026-09-08T01:10:58Z
18155129,5.0,2550.6324,2026-09-08T01:10:58Z
18156995,1.0,2.8431,2026-09-08T01:10:58Z
18179383,4.0,552.645,2026-09-08T01:10:58Z
18182257,6.0,4277.9709,2026-09-08T01:10:58Z
18195585,1.0,2.5461,2026-09-08T01:10:58Z
18196255,3.0,30.5586,2026-09-08T01:10:58Z
18208576,1.0,6.1263,2026-09-08T01:10:58Z
18228233,1.0,1.7703,2026-09-08T01:10:58Z
18229259,4.0,652.3092,2026-09-08T01:10:58Z
18257479,2.0,18.8928,2026-09-08T01:10:58Z
18257685,4.0,3561.5601,2026-09-08T01:10:58Z
18264667,4.0,485.9586,2026-09-08T01:10:58Z
18272128,3.0,111.2886,2026-09-08T01:10:58Z
18275747,4.0,866.556,2026-09-08T01:10:58Z
18276277,1.0,3.7935,2026-09-08T01:10:58Z
18276335,5.0,2556.3168,2026-09-08T01:10:58Z
18299718,1.0,5.5737,2026-09-08T01:10:58Z
18301696,5.0,1019.277,2026-09-08T01:10:58Z
18302488,6.0,1763.6508,2026-09-08T01:10:58Z
18302986,5.0,841.7826,2026-09-08T01:10:58Z
18314522,7.0,11390.6385,2026-09-08T01:10:58Z
18314536,7.0,11398.6566,2026-09-08T01:10:58Z
18315748,7.0,17668.008,2026-09-08T01:10:58Z
18329668,1.0,2.8764,2026-09-08T01:10:58Z
18345879,4.0,543.1374,2026-09-08T01:10:58Z
18348219,4.0,2234.7414,2026-09-08T01:10:58Z
18349981,4.0,361.3743,2026-09-08T01:10:58Z
18351849,6.0,3229.5312,2026-09-08T01:10:58Z
18352659,2.0,17.9181,2026-09-08T01:10:58Z
18354979,7.0,9178.1181,2026-09-08T01:10:58Z
18369656,6.0,11316.4614,2026-09-08T01:10:58Z
18370474,1.0,5.7762,2026-09-08T01:10:58Z
18370546,6.0,10624.3992,2026-09-08T01:10:58Z
18383311,5.0,2685.6891,2026-09-08T01:10:58Z
18383843,3.0,165.2364,2026-09-08T01:10:58Z
18392768,2.0,7.9119,2026-09-08T01:10:58Z
18392880,5.0,1160.7804,2026-09-08T01:10:58Z
18402337,5.0,816.0048,2026-09-08T01:10:58Z
18403593,3.0,47.9304,2026-09-08T01:10:58Z
18423731,2.0,49.1085,2026-09-08T01:10:58Z
18439262,1.0,9.4221,2026-09-08T01:10:58Z
18440394,5.0,1550.4012,2026-09-08T01:10:58Z
18443918,1.0,18.3915,2026-09-08T01:10:58Z
18444088,3.0,105.0822,2026-09-08T01:10:58Z
18445188,3.0,175.5819,2026-09-08T01:10:58Z
18445592,6.0,10479.7917,2026-09-08T01:10:58Z
18445612,6.0,10335.1014,2026-09-08T01:10:58Z
18445742,6.0,13252.2948,2026-09-08T01:10:58Z
18449963,1.0,34.1334,2026-09-08T01:10:58Z
18450053,2.0,164.7873,2026-09-08T01:10:58Z
18450655,3.0,186.6159,2026-09-08T01:10:58Z
18451533,5.0,2898.8694,2026-09-08T01:10:58Z
18454533,1.0,10.6263,2026-09-08T01:10:58Z
18454569,1.0,59.9913,2026-09-08T01:10:58Z
18459784,1.0,5.5368,2026-09-08T01:10:58Z
18461740,1.0,34.7832,2026-09-08T01:10:58Z
18469568,5.0,7766.5842,2026-09-08T01:10:58Z
18470758,4.0,319.8321,2026-09-08T01:10:58Z
18471304,7.0,28966.7862,2026-09-08T01:10:58Z
18471310,7.0,29069.028,2026-09-08T01:10:58Z
18475257,3.0,55.3941,2026-09-08T01:10:58Z
18476397,5.0,3199.8519,2026-09-08T01:10:58Z
18476809,1.0,29.5452,2026-09-08T01:10:58Z
18482604,1.0,3.4074,2026-09-08T01:10:58Z
18487338,4.0,805.9311,2026-09-08T01:10:58Z
18488450,3.0,31.086,2026-09-08T01:10:58Z
18488942,2.0,8.9478,2026-09-08T01:10:58Z
18489642,1.0,7.8642,2026-09-08T01:10:58Z
18490272,3.0,134.9379,2026-09-08T01:10:58Z
18490768,5.0,4840.5294,2026-09-08T01:10:58Z
18498654,4.0,899.1621,2026-09-08T01:10:58Z
18503969,1.0,22.518,2026-09-08T01:10:58Z
18507728,3.0,80.073,2026-09-08T01:10:58Z
18508640,5.0,4748.5809,2026-09-08T01:10:58Z
18509814,2.0,36.5886,2026-09-08T01:10:58Z
18519555,3.0,52.3683,2026-09-08T01:10:58Z
18520009,4.0,59020.2666,2026-09-08T01:10:58Z
18522485,4.0,111929.2443,2026-09-08T01:10:58Z
18522613,4.0,112151.232,2026-09-08T01:10:58Z
18524051,3.0,66.699,2026-09-08T01:10:58Z
18548052,5.0,794.6019,2026-09-08T01:10:58Z
18548414,7.0,46519.8849,2026-09-08T01:10:58Z
18563041,1.0,1.017,2026-09-08T01:10:58Z
18567421,5.0,2990.79,2026-09-08T01:10:58Z
18578829,5.0,242.7471,2026-09-08T01:10:58Z
18578959,5.0,262.3482,2026-09-08T01:10:58Z
18579149,5.0,329.4252,2026-09-08T01:10:58Z
18591810,1.0,13.5657,2026-09-08T01:10:58Z
18600394,3.0,26.6949,2026-09-08T01:10:58Z
18604722,1.0,3.8304,2026-09-08T01:10:58Z
18631884,2.0,12.2634,2026-09-08T01:10:58Z
18632568,7.0,23379.2226,2026-09-08T01:10:58Z
18645528,2.0,11.6937,2026-09-08T01:10:58Z
18657884,5.0,421.5996,2026-09-08T01:10:58Z
18671468,2.0,10.4904,2026-09-08T01:10:58Z
18681610,3.0,75.024,2026-09-08T01:10:58Z
18696205,6.0,3170.6694,2026-09-08T01:10:58Z
18697429,7.0,5162.1129,2026-09-08T01:10:58Z
18698475,7.0,5023.8414,2026-09-08T01:10:58Z
18698699,7.0,8302.7709,2026-09-08T01:10:58Z
18715310,3.0,277.6698,2026-09-08T01:10:58Z
18767362,5.0,141705.0018,2026-09-08T01:10:58Z
18767456,5.0,141914.2833,2026-09-08T01:10:58Z
18771068,4.0,816.2028,2026-09-08T01:10:58Z
18771180,4.0,182.817,2026-09-08T01:10:58Z
18771692,5.0,143418.4497,2026-09-08T01:10:58Z
18792702,6.0,1887.0309,2026-09-08T01:10:58Z
18799165,4.0,687.0897,2026-09-08T01:10:58Z
18799883,5.0,3423.3768,2026-09-08T01:10:58Z
18822054,2.0,58.464,2026-09-08T01:10:58Z
18841258,3.0,24.0021,2026-09-08T01:10:58Z
18841300,2.0,18.1287,2026-09-08T01:10:58Z
18841770,8.0,109578.159,2026-09-08T01:10:58Z
18865644,6.0,5979.888,2026-09-08T01:10:58Z
18879960,2.0,9.1548,2026-09-08T01:10:58Z
18888790,4.0,160.7517,2026-09-08T01:10:58Z
18949889,6.0,10432.971,2026-09-08T01:10:58Z
18974617,1.0,4.2156,2026-09-08T01:10:58Z
18974825,3.0,71.6949,2026-09-08T01:10:58Z
18975211,2.0,15.3792,2026-09-08T01:10:58Z
18983158,2.0,34.4178,2026-09-08T01:10:58Z
18984636,3.0,53.4861,2026-09-08T01:10:58Z
18990298,6.0,4230.1854,2026-09-08T01:10:58Z
19017037,3.0,39.7746,2026-09-08T01:10:58Z
19017115,4.0,750.717,2026-09-08T01:10:58Z
19017119,4.0,650.1609,2026-09-08T01:10:58Z
19037439,4.0,140912.2314,2026-09-08T01:10:58Z
19040711,4.0,170.1234,2026-09-08T01:10:58Z
19041833,5.0,2738.6343,2026-09-08T01:10:58Z
19043217,3.0,102.366,2026-09-08T01:10:58Z
19053254,2.0,10.3167,2026-09-08T01:10:58Z
19062164,5.0,2007.9783,2026-09-08T01:10:58Z
19062896,5.0,322.1901,2026-09-08T01:10:58Z
19080617,4.0,5810.7942,2026-09-08T01:10:58Z
19080667,5.0,5973.1785,2026-09-08T01:10:58Z
19086177,10.0,2880825.0183,2026-09-08T01:10:58Z
19093321,5.0,16985.2689,2026-09-08T01:10:58Z
19095613,6.0,29063.4885,2026-09-08T01:10:58Z
19108022,2.0,6.7635,2026-09-08T01:10:58Z
19108310,3.0,40.7349,2026-09-08T01:10:58Z
19110480,2.0,11.6694,2026-09-08T01:10:58Z
19110518,2.0,17.7516,2026-09-08T01:10:58Z
19112012,3.0,121.7232,2026-09-08T01:10:58Z
19137895,3.0,50.4855,2026-09-08T01:10:58Z
19152581,3.0,83.3778,2026-09-08T01:10:58Z
19153391,3.0,137.8818,2026-09-08T01:10:58Z
19157738,3.0,160.7832,2026-09-08T01:10:58Z
19157986,2.0,30.6243,2026-09-08T01:10:58Z
19160859,1.0,10.8819,2026-09-08T01:10:58Z
19163969,1.0,10.2735,2026-09-08T01:10:58Z
19165707,2.0,26.6184,2026-09-08T01:10:58Z
19177994,6.0,3861.378,2026-09-08T01:10:58Z
19180396,2.0,10.9611,2026-09-08T01:10:58Z
19185788,5.0,196.1838,2026-09-08T01:10:58Z
19187242,6.0,8520.2208,2026-09-08T01:10:58Z
19187518,6.0,8616.366,2026-09-08T01:10:58Z
19206625,3.0,22.833,2026-09-08T01:10:58Z
19210063,1.0,12.3543,2026-09-08T01:10:58Z
19246583,7.0,63063.7029,2026-09-08T01:10:58Z
19266232,10.0,2860293.0294,2026-09-08T01:10:58Z
19269124,10.0,2874022.6266,2026-09-08T01:10:58Z
19277356,6.0,6582.9753,2026-09-08T01:10:58Z
19292832,2.0,31.9878,2026-09-08T01:10:58Z
19293142,6.0,3283.9965,2026-09-08T01:10:58Z
19305057,5.0,2901.0159,2026-09-08T01:10:58Z
19313722,1.0,2.3562,2026-09-08T01:10:58Z
19314628,6.0,31346.3952,2026-09-08T01:10:58Z
19320729,5.0,1427.0985,2026-09-08T01:10:58Z
19320787,2.0,6.9534,2026-09-08T01:10:58Z
19320917,5.0,1546.713,2026-09-08T01:10:58Z
19321367,5.0,1951.2279,2026-09-08T01:10:58Z
19323445,1.0,3.2481,2026-09-08T01:10:58Z
19333931,1.0,46.2042,2026-09-08T01:10:58Z
19334567,5.0,3001.2282,2026-09-08T01:10:58Z
19335069,3.0,60.453,2026-09-08T01:10:58Z
19349585,3.0,105.8391,2026-09-08T01:10:58Z
19352033,2.0,9.8325,2026-09-08T01:10:58Z
19369996,4.0,1106.4537,2026-09-08T01:10:58Z
19373816,7.0,62905.5684,2026-09-08T01:10:58Z
19377920,1.0,3.303,2026-09-08T01:10:58Z
19388538,2.0,8.1756,2026-09-08T01:10:58Z
19388962,1.0,4.158,2026-09-08T01:10:58Z
19388988,5.0,788.0157,2026-09-08T01:10:58Z
19389632,2.0,46.6119,2026-09-08T01:10:58Z
19389930,6.0,2882.25,2026-09-08T01:10:58Z
19390016,5.0,627.921,2026-09-08T01:10:58Z
19392482,1.0,6.2163,2026-09-08T01:10:58Z
19406744,7.0,180326.2761,2026-09-08T01:10:58Z
19406768,7.0,180136.8396,2026-09-08T01:10:58Z
19416715,1.0,2.1033,2026-09-08T01:10:58Z
19418347,6.0,2345.5008,2026-09-08T01:10:58Z
19432872,3.0,4464.2088,2026-09-08T01:10:58Z
19433890,1.0,11.9457,2026-09-08T01:10:58Z
19440509,8.0,102824.1441,2026-09-08T01:10:58Z
19442987,8.0,104024.2959,2026-09-08T01:10:58Z
19452511,1.0,4.9185,2026-09-08T01:10:58Z
19453177,8.0,63784.4805,2026-09-08T01:10:58Z
19453829,5.0,470.2914,2026-09-08T01:10:58Z
19454003,4.0,188.0919,2026-09-08T01:10:58Z
19454971,1.0,3.5406,2026-09-08T01:10:58Z
19455269,8.0,65496.9978,2026-09-08T01:10:58Z
19464184,6.0,5755.9833,2026-09-08T01:10:58Z
19464252,7.0,8069.7402,2026-09-08T01:10:58Z
19473731,2.0,4.869,2026-09-08T01:10:58Z
19484978,5.0,482.4252,2026-09-08T01:10:58Z
19487054,2.0,12.8925,2026-09-08T01:10:58Z
19487188,6.0,2214.9756,2026-09-08T01:10:58Z
19488822,6.0,4399.5321,2026-09-08T01:10:58Z
19489854,1.0,4.6602,2026-09-08T01:10:58Z
19516768,6.0,3888.6147,2026-09-08T01:10:58Z
19516944,6.0,4379.7708,2026-09-08T01:10:58Z
19518858,2.0,20.2761,2026-09-08T01:10:58Z
19531274,3.0,37.1952,2026-09-08T01:10:58Z
19532014,6.0,1513.7397,2026-09-08T01:10:58Z
19546610,1.0,1.7721,2026-09-08T01:10:58Z
19549128,5.0,251.1567,2026-09-08T01:10:58Z
19549306,1.0,6.5268,2026-09-08T01:10:58Z
19567812,4.0,220.4964,2026-09-08T01:10:58Z
19569086,4.0,453.0735,2026-09-08T01:10:58Z
19577671,1.0,6.0471,2026-09-08T01:10:58Z
19580273,4.0,171.891,2026-09-08T01:10:58Z
19594326,1.0,5.3055,2026-09-08T01:10:58Z
19598502,7.0,4787.3268,2026-09-08T01:10:58Z
19618510,1.0,2.1429,2026-09-08T01:10:58Z
19618788,3.0,104.9544,2026-09-08T01:10:58Z
19618842,4.0,102.2391,2026-09-08T01:10:58Z
19623678,8.0,79248.0654,2026-09-08T01:10:58Z
19642836,1.0,4.6206,2026-09-08T01:10:58Z
19645322,4.0,68.3478,2026-09-08T01:10:58Z
19677345,2.0,23.4657,2026-09-08T01:10:58Z
19678281,5.0,3522.8295,2026-09-08T01:10:58Z
19695593,2.0,6.8985,2026-09-08T01:10:58Z
19695869,2.0,11.7603,2026-09-08T01:10:58Z
19696533,8.0,55878.6456,2026-09-08T01:10:58Z
19696547,8.0,55094.1912,2026-09-08T01:10:58Z
19696569,8.0,55831.8159,2026-09-08T01:10:58Z
19719351,3.0,84.0231,2026-09-08T01:10:58Z
19720773,2.0,21.1194,2026-09-08T01:10:58Z
19722605,4.0,348.7365,2026-09-08T01:10:58Z
19730000,1.0,6.0255,2026-09-08T01:10:58Z
19735113,4.0,116.0973,2026-09-08T01:10:58Z
19742758,1.0,0.9036,2026-09-08T01:10:58Z
19743320,3.0,53.2242,2026-09-08T01:10:58Z
19744590,3.0,28.3293,2026-09-08T01:10:58Z
19751441,1.0,6.1587,2026-09-08T01:10:58Z
19751511,2.0,4.0572,2026-09-08T01:10:58Z
19751689,5.0,797.0814,2026-09-08T01:10:58Z
19761394,4.0,278.6319,2026-09-08T01:10:58Z
19784325,5.0,4743.7335,2026-09-08T01:10:58Z
19791983,5.0,4590.9054,2026-09-08T01:10:58Z
19858026,2.0,38.8359,2026-09-08T01:10:58Z
19916882,7.0,167947.5762,2026-09-08T01:10:58Z
19916928,7.0,168046.6239,2026-09-08T01:10:58Z
19918652,3.0,12.5091,2026-09-08T01:10:58Z
19918730,1.0,4.8186,2026-09-08T01:10:58Z
19919240,7.0,170230.806,2026-09-08T01:10:58Z
19919742,1.0,10.4904,2026-09-08T01:10:58Z
19933559,5.0,591.5457,2026-09-08T01:10:58Z
19945005,7.0,161077.6503,2026-09-08T01:10:58Z
19957080,2.0,29.5875,2026-09-08T01:10:58Z
19957412,1.0,20.4759,2026-09-08T01:10:58Z
19958232,2.0,674.1729,2026-09-08T01:10:58Z
19959830,3.0,630.7533,2026-09-08T01:10:58Z
19971210,7.0,53168.7708,2026-09-08T01:10:58Z
19971236,7.0,52803.0315,2026-09-08T01:10:58Z
19971926,2.0,162.7209,2026-09-08T01:10:58Z
19981742,7.0,46050.768,2026-09-08T01:10:58Z
19983940,2.0,172.089,2026-09-08T01:10:58Z
19998904,4.0,444.3138,2026-09-08T01:10:58Z
20024071,4.0,1178.7525,2026-09-08T01:10:58Z
20044518,2.0,13.6359,2026-09-08T01:10:58Z
20044804,4.0,715.6188,2026-09-08T01:10:58Z
20045304,5.0,2682.9621,2026-09-08T01:10:58Z
20045390,5.0,3366.5256,2026-09-08T01:10:58Z
20045624,5.0,2851.9947,2026-09-08T01:10:58Z
20050769,6.0,9556.3404,2026-09-08T01:10:58Z
20050827,6.0,9616.4685,2026-09-08T01:10:58Z
20051423,6.0,9717.1011,2026-09-08T01:10:58Z
20058084,3.0,101.5497,2026-09-08T01:10:58Z
20059238,3.0,66.5343,2026-09-08T01:10:58Z
20059852,5.0,2373.5961,2026-09-08T01:10:58Z
20064987,4.0,418.5234,2026-09-08T01:10:58Z
20065103,4.0,499.6278,2026-09-08T01:10:58Z
20065177,4.0,539.5248,2026-09-08T01:10:58Z
20065813,5.0,1432.0332,2026-09-08T01:10:58Z
20078216,2.0,24.4368,2026-09-08T01:10:58Z
20078232,2.0,37.5615,2026-09-08T01:10:58Z
20080772,2.0,12.0294,2026-09-08T01:10:58Z
20081368,4.0,191.2509,2026-09-08T01:10:58Z
20097539,2.0,34.8381,2026-09-08T01:10:58Z
20097557,5.0,2049.7401,2026-09-08T01:10:58Z
20104047,7.0,24931.7343,2026-09-08T01:10:58Z
20150755,1.0,46.1007,2026-09-08T01:10:58Z
20151025,6.0,2849.4567,2026-09-08T01:10:58Z
20152201,2.0,175.7853,2026-09-08T01:10:58Z
20157239,1.0,6.6303,2026-09-08T01:10:58Z
20168906,3.0,50.3766,2026-09-08T01:10:58Z
20169894,1.0,7.812,2026-09-08T01:10:58Z
20177921,5.0,4051.4301,2026-09-08T01:10:58Z
20180511,5.0,1611.0585,2026-09-08T01:10:58Z
20180529,2.0,46.7073,2026-09-08T01:10:58Z
20181637,3.0,110.4975,2026-09-08T01:10:58Z
20182043,5.0,2636.1297,2026-09-08T01:10:58Z
20183633,1.0,34.5105,2026-09-08T01:10:58Z
20196232,2.0,25.9497,2026-09-08T01:10:58Z
20258543,2.0,14.5359,2026-09-08T01:10:58Z
20265517,2.0,28.7433,2026-09-08T01:10:58Z
20275027,3.0,18.0747,2026-09-08T01:10:58Z
20275095,2.0,32.373,2026-09-08T01:10:58Z
20276389,5.0,1736.4339,2026-09-08T01:10:58Z
20277063,6.0,3918.7215,2026-09-08T01:10:58Z
20277115,6.0,3953.7459,2026-09-08T01:10:58Z
20288196,3.0,87.5232,2026-09-08T01:10:58Z
20294501,6.0,4527.8199,2026-09-08T01:10:58Z
20326413,5.0,642.3318,2026-09-08T01:10:58Z
20332808,1.0,5.7591,2026-09-08T01:10:58Z
20343321,5.0,554.5161,2026-09-08T01:10:58Z
20403931,5.0,1979.3133,2026-09-08T01:10:58Z
20437186,4.0,497.1339,2026-09-08T01:10:58Z
20451460,4.0,1225.4427,2026-09-08T01:10:58Z
20451706,6.0,7998.0921,2026-09-08T01:10:58Z
20453270,5.0,559.1493,2026-09-08T01:10:58Z
20467340,1.0,27.4869,2026-09-08T01:10:58Z
20493415,2.0,22.0653,2026-09-08T01:10:58Z
20493827,3.0,131.7006,2026-09-08T01:10:58Z
20495051,3.0,53.7354,2026-09-08T01:10:58Z
20584904,5.0,854.613,2026-09-08T01:10:58Z
20585718,5.0,891.8172,2026-09-08T01:10:58Z
20726660,9.0,361555.4997,2026-09-08T01:10:58Z
20736341,8.0,282670.1334,2026-09-08T01:10:58Z
20736507,9.0,343777.0293,2026-09-08T01:10:58Z
20759078,5.0,1840.212,2026-09-08T01:10:58Z
20772496,2.0,21.5946,2026-09-08T01:10:58Z
20781952,7.0,31110.2676,2026-09-08T01:10:58Z
20803309,5.0,17372.8035,2026-09-08T01:10:58Z
20804867,5.0,17936.0406,2026-09-08T01:10:58Z
20815178,1.0,4.6197,2026-09-08T01:10:58Z
20817410,5.0,4097.1645,2026-09-08T01:10:58Z
20817728,5.0,6014.4948,2026-09-08T01:10:58Z
20818228,5.0,9375.9624,2026-09-08T01:10:58Z
20850839,4.0,354.6999,2026-09-08T01:10:58Z
20874128,3.0,53.0973,2026-09-08T01:10:58Z
20875056,3.0,555.7041,2026-09-08T01:10:58Z
20876328,6.0,14853.582,2026-09-08T01:10:58Z
20888619,2.0,10.8009,2026-09-08T01:10:58Z
20891997,4.0,135.5661,2026-09-08T01:10:58Z
20906127,2.0,15.0903,2026-09-08T01:10:58Z
20906601,3.0,85.1517,2026-09-08T01:10:58Z
20908603,4.0,225.0468,2026-09-08T01:10:58Z
20908607,6.0,4710.5496,2026-09-08T01:10:58Z
20920247,3.0,70.5357,2026-09-08T01:10:58Z
20928564,1.0,6.5466,2026-09-08T01:10:58Z
20953230,5.0,705.2328,2026-09-08T01:10:58Z
20968828,8.0,134331.6789,2026-09-08T01:10:58Z
20972522,4.0,1090.9539,2026-09-08T01:10:58Z
20987661,3.0,46.6209,2026-09-08T01:10:58Z
20988181,6.0,5237.577,2026-09-08T01:10:58Z
20988297,6.0,3969.4311,2026-09-08T01:10:58Z
21001775,3.0,220.3281,2026-09-08T01:10:58Z
21002161,2.0,289.7649,2026-09-08T01:10:58Z
21002191,4.0,225.7722,2026-09-08T01:10:58Z
21010969,3.0,60.516,2026-09-08T01:10:58Z
21012059,3.0,58.8366,2026-09-08T01:10:58Z
21036819,3.0,165.5325,2026-09-08T01:10:58Z
21038023,1.0,19.5795,2026-09-08T01:10:58Z
21038139,7.0,115602.219,2026-09-08T01:10:58Z
21046242,6.0,26933.2704,2026-09-08T01:10:58Z
21047474,3.0,34.9146,2026-09-08T01:10:58Z
21124683,5.0,2010.3768,2026-09-08T01:10:58Z
21124717,5.0,1454.5548,2026-09-08T01:10:58Z
21124865,5.0,1120.1787,2026-09-08T01:10:58Z
21125133,3.0,370.4328,2026-09-08T01:10:58Z
21145532,6.0,5796.4653,2026-09-08T01:10:58Z
21159193,2.0,17.8326,2026-09-08T01:10:58Z
21160883,2.0,20.7018,2026-09-08T01:10:58Z
21161127,5.0,2611.827,2026-09-08T01:10:58Z
21309101,2.0,26.4753,2026-09-08T01:10:58Z
21322721,5.0,967.7574,2026-09-08T01:10:58Z
21331401,7.0,25678.5138,2026-09-08T01:10:58Z
21351925,4.0,314.6661,2026-09-08T01:10:58Z
21353633,6.0,3058.938,2026-09-08T01:10:58Z
21355745,5.0,1304.8371,2026-09-08T01:10:58Z
21412735,9.0,441980.9901,2026-09-08T01:10:58Z
21413721,9.0,572609.6316,2026-09-08T01:10:58Z
21435149,9.0,409004.1801,2026-09-08T01:10:58Z
21436885,9.0,411736.2057,2026-09-08T01:10:58Z
21438257,9.0,412314.4485,2026-09-08T01:10:58Z
21438275,9.0,416207.0574,2026-09-08T01:10:58Z
21454754,5.0,741.1851,2026-09-08T01:10:58Z
21455470,1.0,3.3174,2026-09-08T01:10:58Z
21456500,1.0,4.8969,2026-09-08T01:10:58Z
21456608,7.0,49450.8177,2026-09-08T01:10:58Z
21457368,2.0,31.1058,2026-09-08T01:10:58Z
21459184,7.0,54809.7282,2026-09-08T01:10:58Z
21484744,5.0,4322.7243,2026-09-08T01:10:58Z
21490938,4.0,1633.0158,2026-09-08T01:10:58Z
21491788,5.0,5117.976,2026-09-08T01:10:58Z
21515712,4.0,102.1185,2026-09-08T01:10:58Z
21517040,4.0,337.5954,2026-09-08T01:10:58Z
21518118,5.0,2226.3129,2026-09-08T01:10:58Z
21534086,4.0,540.7893,2026-09-08T01:10:58Z
21534296,4.0,1089.0117,2026-09-08T01:10:58Z
21536974,3.0,19.1277,2026-09-08T01:10:58Z
21622337,1.0,8.402,2026-09-08T01:10:58Z
21622353,1.0,3.623,2026-09-08T01:10:58Z
21622401,4.0,157.941,2026-09-08T01:10:58Z
21631963,1.0,10.936,2026-09-08T01:10:58Z
21633805,2.0,18.473,2026-09-08T01:10:58Z
21639814,5.0,467.928,2026-09-08T01:10:58Z
21640704,7.0,47887.8975,2026-09-08T01:10:58Z
21655342,4.0,354.7899,2026-09-08T01:10:58Z
21655990,1.0,4.4217,2026-09-08T01:10:58Z
21656490,5.0,527.7483,2026-09-08T01:10:58Z
21657616,2.0,12.8097,2026-09-08T01:10:58Z
21658294,6.0,2406.4191,2026-09-08T01:10:58Z
21661806,6.0,2630.5155,2026-09-08T01:10:58Z
21662432,6.0,4654.1169,2026-09-08T01:10:58Z
21688846,7.0,44520.1803,2026-09-08T01:10:58Z
21717668,5.0,925.6887,2026-09-08T01:10:58Z
21747683,3.0,11.4966,2026-09-08T01:10:58Z
21769803,1.0,15.2892,2026-09-08T01:10:58Z
21784960,5.0,1462.1904,2026-09-08T01:10:58Z
21784974,3.0,185.148,2026-09-08T01:10:58Z
21785266,1.0,21.6855,2026-09-08T01:10:58Z
21796393,4.0,177.6303,2026-09-08T01:10:58Z
21812892,6.0,4665.8421,2026-09-08T01:10:58Z
21814828,6.0,6668.2134,2026-09-08T01:10:58Z
21821222,6.0,6352.407,2026-09-08T01:10:58Z
21829197,4.0,86.454,2026-09-08T01:10:58Z
21831225,4.0,289.8765,2026-09-08T01:10:58Z
21831311,6.0,8611.4061,2026-09-08T01:10:58Z
21831547,6.0,10392.2622,2026-09-08T01:10:58Z
21832339,3.0,87.8634,2026-09-08T01:10:58Z
21832415,5.0,332.0766,2026-09-08T01:10:58Z
21833339,6.0,12226.6179,2026-09-08T01:10:58Z
21833913,3.0,344.8926,2026-09-08T01:10:58Z
21834041,6.0,13736.9988,2026-09-08T01:10:58Z
21834043,6.0,13119.1092,2026-09-08T01:10:58Z
21834073,6.0,13741.9209,2026-09-08T01:10:58Z
21848073,4.0,262.9755,2026-09-08T01:10:58Z
21849911,4.0,129.9618,2026-09-08T01:10:58Z
21850289,6.0,1366.5672,2026-09-08T01:10:58Z
21850625,2.0,34.7895,2026-09-08T01:10:58Z
21850637,3.0,200.4336,2026-09-08T01:10:58Z
21851031,6.0,2826.6795,2026-09-08T01:10:58Z
21859664,3.0,111.5874,2026-09-08T01:10:58Z
21859990,5.0,1308.4902,2026-09-08T01:10:58Z
21860466,5.0,2584.926,2026-09-08T01:10:58Z
21860480,5.0,2647.1403,2026-09-08T01:10:58Z
21860490,5.0,2597.9904,2026-09-08T01:10:58Z
21861372,5.0,4312.2969,2026-09-08T01:10:58Z
21861506,3.0,58.1067,2026-09-08T01:10:58Z
21871769,8.0,178132.4478,2026-09-08T01:10:58Z
21872365,2.0,86.7852,2026-09-08T01:10:58Z
21872481,4.0,177.7032,2026-09-08T01:10:58Z
21872621,3.0,112.4478,2026-09-08T01:10:58Z
21880449,8.0,168002.433,2026-09-08T01:10:58Z
21906227,5.0,4455.8892,2026-09-08T01:10:58Z
21974543,1.0,0.997,2026-09-08T01:10:58Z
21974619,2.0,27.164,2026-09-08T01:10:58Z
21975007,6.0,16424.274,2026-09-08T01:10:58Z
21975043,6.0,15645.417,2026-09-08T01:10:58Z
21975435,6.0,15490.913,2026-09-08T01:10:58Z
21976309,5.0,7912.863,2026-09-08T01:10:58Z
21977225,1.0,5.659,2026-09-08T01:10:58Z
21978087,1.0,3.35,2026-09-08T01:10:58Z
21978957,4.0,133.31,2026-09-08T01:10:58Z
21979451,1.0,4.033,2026-09-08T01:10:58Z
21981499,2.0,23.211,2026-09-08T01:10:58Z
21981865,1.0,1.548,2026-09-08T01:10:58Z
21996574,2.0,9.7704,2026-09-08T01:10:58Z
22002024,5.0,781.2783,2026-09-08T01:10:58Z
22022004,1.0,8.871,2026-09-08T01:10:58Z
22023536,4.0,812.901,2026-09-08T01:10:58Z
22023602,4.0,804.734,2026-09-08T01:10:58Z
22024252,1.0,17.185,2026-09-08T01:10:58Z
22024600,1.0,5.936,2026-09-08T01:10:58Z
22024674,1.0,4.987,2026-09-08T01:10:58Z
22025762,4.0,249.915,2026-09-08T01:10:58Z
22034461,1.0,3.4047,2026-09-08T01:10:58Z
22035065,4.0,261.261,2026-09-08T01:10:58Z
22038583,5.0,5515.0227,2026-09-08T01:10:58Z
22047753,2.0,14.0346,2026-09-08T01:10:58Z
22047949,2.0,7.1091,2026-09-08T01:10:58Z
22050309,3.0,126.675,2026-09-08T01:10:58Z
22077841,7.0,97400.1582,2026-09-08T01:10:58Z
22091749,7.0,35140.6863,2026-09-08T01:10:58Z
22091761,7.0,35156.5452,2026-09-08T01:10:58Z
22091875,7.0,36686.1078,2026-09-08T01:10:58Z
22095103,7.0,38576.2554,2026-09-08T01:10:58Z
22095185,7.0,39370.0464,2026-09-08T01:10:58Z
22095265,7.0,40422.5379,2026-09-08T01:10:58Z
22095287,7.0,40551.1155,2026-09-08T01:10:58Z
22105371,2.0,40.6368,2026-09-08T01:10:58Z
22107445,7.0,31630.2894,2026-09-08T01:10:58Z
22107493,7.0,29751.6501,2026-09-08T01:10:58Z
22108593,4.0,408.0771,2026-09-08T01:10:58Z
22109417,7.0,32424.0147,2026-09-08T01:10:58Z
22109513,7.0,34538.3388,2026-09-08T01:10:58Z
22115579,7.0,29818.4085,2026-09-08T01:10:58Z
22130809,1.0,2.0493,2026-09-08T01:10:58Z
22132893,1.0,3.3795,2026-09-08T01:10:58Z
22134307,7.0,31479.3009,2026-09-08T01:10:58Z
22142080,1.0,7.2522,2026-09-08T01:10:58Z
22143538,1.0,1.6074,2026-09-08T01:10:58Z
22144680,7.0,11761.236,2026-09-08T01:10:58Z
22153059,2.0,5.7177,2026-09-08T01:10:58Z
22159496,3.0,60.1164,2026-09-08T01:10:58Z
22161650,1.0,5.7582,2026-09-08T01:10:58Z
22161826,5.0,4458.3012,2026-09-08T01:10:58Z
22161840,5.0,4447.5075,2026-09-08T01:10:58Z
22162564,1.0,1.2762,2026-09-08T01:10:58Z
22164806,1.0,4.9617,2026-09-08T01:10:58Z
22178670,3.0,34.3647,2026-09-08T01:10:58Z
22189052,2.0,56.1771,2026-09-08T01:10:58Z
22192986,2.0,51.2298,2026-09-08T01:10:58Z
22193032,2.0,133.8327,2026-09-08T01:10:58Z
22194260,3.0,195.8535,2026-09-08T01:10:58Z
22201183,1.0,3.9897,2026-09-08T01:10:58Z
22202117,4.0,835.9722,2026-09-08T01:10:58Z
22203587,1.0,1.8531,2026-09-08T01:10:58Z
22206243,4.0,528.7374,2026-09-08T01:10:58Z
22220399,3.0,183.1887,2026-09-08T01:10:58Z
22221657,1.0,11.4336,2026-09-08T01:10:58Z
22226522,1.0,8.4456,2026-09-08T01:10:58Z
22226634,3.0,50.0679,2026-09-08T01:10:58Z
22226990,2.0,22.1751,2026-09-08T01:10:58Z
22237188,5.0,5350.0212,2026-09-08T01:10:58Z
22237224,4.0,4780.1709,2026-09-08T01:10:58Z
22239596,4.0,1480.2507,2026-09-08T01:10:58Z
22249731,3.0,93.1545,2026-09-08T01:10:58Z
22271200,1.0,6.9741,2026-09-08T01:10:58Z
22273398,7.0,21798.7335,2026-09-08T01:10:58Z
22273474,7.0,22340.3238,2026-09-08T01:10:58Z
22274544,2.0,6.9624,2026-09-08T01:10:58Z
22274614,5.0,690.5385,2026-09-08T01:10:58Z
22288221,1.0,16.5888,2026-09-08T01:10:58Z
22288359,6.0,7272.9612,2026-09-08T01:10:58Z
22288395,6.0,7206.1848,2026-09-08T01:10:58Z
22290185,4.0,332.091,2026-09-08T01:10:58Z
22290373,3.0,111.4938,2026-09-08T01:10:58Z
22295702,1.0,3.1419,2026-09-08T01:10:58Z
22297306,5.0,1584.2034,2026-09-08T01:10:58Z
22303353,1.0,9.0225,2026-09-08T01:10:58Z
22306077,1.0,9.1251,2026-09-08T01:10:58Z
22307065,4.0,1465.9749,2026-09-08T01:10:58Z
22307185,6.0,3978.5886,2026-09-08T01:10:58Z
22322639,2.0,222.6393,2026-09-08T01:10:58Z
22325789,6.0,7881.4476,2026-09-08T01:10:58Z
22326303,6.0,7567.6311,2026-09-08T01:10:58Z
22326529,6.0,8143.1577,2026-09-08T01:10:58Z
22327933,1.0,45.0099,2026-09-08T01:10:58Z
22329411,3.0,361.1043,2026-09-08T01:10:58Z
22329459,2.0,112.6485,2026-09-08T01:10:58Z
22338019,3.0,74.8044,2026-09-08T01:10:58Z
22338561,3.0,198.0081,2026-09-08T01:10:58Z
22338767,3.0,36.4212,2026-09-08T01:10:58Z
22340229,2.0,10.7622,2026-09-08T01:10:58Z
22340661,7.0,31047.8049,2026-09-08T01:10:58Z
22364943,4.0,566.3025,2026-09-08T01:10:58Z
22369221,1.0,28.9521,2026-09-08T01:10:58Z
22370229,5.0,1896.9804,2026-09-08T01:10:58Z
22421022,5.0,859.4793,2026-09-08T01:10:58Z
22428278,2.0,15.9912,2026-09-08T01:10:58Z
22430638,5.0,1717.6374,2026-09-08T01:10:58Z
22430672,5.0,1890.3762,2026-09-08T01:10:58Z
22441142,3.0,698.6889,2026-09-08T01:10:58Z
22442058,6.0,11060.7723,2026-09-08T01:10:58Z
22454997,7.0,40472.0811,2026-09-08T01:10:58Z
22474187,5.0,851.3568,2026-09-08T01:10:58Z
22474819,3.0,82.9863,2026-09-08T01:10:58Z
22476709,5.0,761.9733,2026-09-08T01:10:58Z
22476897,6.0,13864.7574,2026-09-08T01:10:58Z
22540132,5.0,1391.1759,2026-09-08T01:10:58Z
22540196,5.0,1574.7867,2026-09-08T01:10:58Z
22541202,2.0,10.5651,2026-09-08T01:10:58Z
22563072,6.0,2497.5585,2026-09-08T01:10:58Z
22699450,2.0,31.7079,2026-09-08T01:10:58Z
22701084,6.0,4528.5318,2026-09-08T01:10:58Z
22701774,4.0,597.3867,2026-09-08T01:10:58Z
22720329,5.0,286.8759,2026-09-08T01:10:58Z
22720451,2.0,76.7439,2026-09-08T01:10:58Z
22724177,7.0,19945.9107,2026-09-08T01:10:58Z
22726623,7.0,22499.1279,2026-09-08T01:10:58Z
22739525,2.0,23.8995,2026-09-08T01:10:58Z
22740627,2.0,13.6908,2026-09-08T01:10:58Z
22740695,2.0,30.7044,2026-09-08T01:10:58Z
22741015,1.0,15.8616,2026-09-08T01:10:58Z
22743861,4.0,730.7919,2026-09-08T01:10:58Z
22743871,4.0,749.0025,2026-09-08T01:10:58Z
22744329,6.0,8955.7173,2026-09-08T01:10:58Z
22744725,3.0,57.7053,2026-09-08T01:10:58Z
22745603,1.0,8.0217,2026-09-08T01:10:58Z
22745845,6.0,8325.1278,2026-09-08T01:10:58Z
22745865,6.0,8335.1601,2026-09-08T01:10:58Z
22745981,6.0,5352.2478,2026-09-08T01:10:58Z
22746575,1.0,7.0407,2026-09-08T01:10:58Z
22846369,2.0,13.2876,2026-09-08T01:10:58Z
22859759,4.0,369.4401,2026-09-08T01:10:58Z
22864775,5.0,2429.7966,2026-09-08T01:10:58Z
22901718,1.0,13.7385,2026-09-08T01:10:58Z
22904469,6.0,34216.7229,2026-09-08T01:10:58Z
22910531,4.0,1873.1394,2026-09-08T01:10:58Z
22911968,6.0,5880.5253,2026-09-08T01:10:58Z
22912162,6.0,3898.7883,2026-09-08T01:10:58Z
22912514,6.0,1248.7563,2026-09-08T01:10:58Z
22913728,4.0,385.2918,2026-09-08T01:10:58Z
22937476,7.0,25312.9005,2026-09-08T01:10:58Z
22937760,7.0,23389.9452,2026-09-08T01:10:58Z
22937924,7.0,15457.1859,2026-09-08T01:10:58Z
22938012,4.0,210.0186,2026-09-08T01:10:58Z
22938062,3.0,99.3915,2026-09-08T01:10:58Z
22938298,1.0,13.6332,2026-09-08T01:10:58Z
22938654,1.0,7.8741,2026-09-08T01:10:58Z
22939376,1.0,2.2581,2026-09-08T01:10:58Z
22949817,3.0,1112.1273,2026-09-08T01:10:58Z
22951269,1.0,8.2404,2026-09-08T01:10:58Z
22957319,5.0,691.1982,2026-09-08T01:10:58Z
22957885,3.0,53.7597,2026-09-08T01:10:58Z
22958315,2.0,14.3082,2026-09-08T01:10:58Z
22958431,1.0,3.8304,2026-09-08T01:10:58Z
22965192,2.0,14.8959,2026-09-08T01:10:58Z
22965328,5.0,2417.2002,2026-09-08T01:10:58Z
22965716,4.0,840.2193,2026-09-08T01:10:58Z
22976284,4.0,248.0805,2026-09-08T01:10:58Z
22976406,8.0,51384.7908,2026-09-08T01:10:58Z
22977072,3.0,50.7708,2026-09-08T01:10:58Z
22977092,3.0,178.3377,2026-09-08T01:10:58Z
22977124,2.0,13.5063,2026-09-08T01:10:58Z
22977664,3.0,31.5828,2026-09-08T01:10:58Z
22979310,1.0,6.5673,2026-09-08T01:10:58Z
22988603,5.0,2257.1415,2026-09-08T01:10:58Z
22988873,3.0,187.7526,2026-09-08T01:10:58Z
22989435,1.0,12.0366,2026-09-08T01:10:58Z
23004293,5.0,2860.1568,2026-09-08T01:10:58Z
23004319,1.0,10.9467,2026-09-08T01:10:58Z
23004605,4.0,1216.4391,2026-09-08T01:10:58Z
23004615,4.0,1187.8704,2026-09-08T01:10:58Z
23015066,7.0,9634.0743,2026-09-08T01:10:58Z
23031404,2.0,46.1754,2026-09-08T01:10:58Z
23031908,3.0,94.4298,2026-09-08T01:10:58Z
23032976,1.0,3.4947,2026-09-08T01:10:58Z
23033538,1.0,2.1771,2026-09-08T01:10:58Z
23040853,2.0,24.4503,2026-09-08T01:10:58Z
23040937,2.0,57.3795,2026-09-08T01:10:58Z
23041021,4.0,5710.6926,2026-09-08T01:10:58Z
23046291,3.0,48.5199,2026-09-08T01:10:58Z
23053043,5.0,2309.5935,2026-09-08T01:10:58Z
23053133,5.0,1963.6245,2026-09-08T01:10:58Z
23054337,2.0,20.6937,2026-09-08T01:10:58Z
23057624,8.0,194358.7539,2026-09-08T01:10:58Z
23057914,8.0,192704.3064,2026-09-08T01:10:58Z
23057922,8.0,192079.9674,2026-09-08T01:10:58Z
23064745,6.0,19630.8954,2026-09-08T01:10:58Z
23065175,6.0,17526.5325,2026-09-08T01:10:58Z
23080978,4.0,260.8515,2026-09-08T01:10:58Z
23081590,2.0,25.668,2026-09-08T01:10:58Z
23099594,7.0,13924.6002,2026-09-08T01:10:58Z
23099798,7.0,9463.0482,2026-09-08T01:10:58Z
23099900,4.0,308.223,2026-09-08T01:10:58Z
23100328,5.0,704.5974,2026-09-08T01:10:58Z
23102054,2.0,18.0531,2026-09-08T01:10:58Z
23123719,2.0,17.2962,2026-09-08T01:10:58Z
23123909,1.0,14.76,2026-09-08T01:10:58Z
23131092,3.0,89.4303,2026-09-08T01:10:58Z
23141471,6.0,7085.61,2026-09-08T01:10:58Z
23149010,2.0,11.3409,2026-09-08T01:10:58Z
23149070,1.0,2.2572,2026-09-08T01:10:58Z
23155840,5.0,2869.9524,2026-09-08T01:10:58Z
23155842,5.0,2788.9236,2026-09-08T01:10:58Z
23156058,5.0,1162.0998,2026-09-08T01:10:58Z
23156214,3.0,55.1979,2026-09-08T01:10:58Z
23158094,2.0,18.8766,2026-09-08T01:10:58Z
23162797,7.0,42108.7365,2026-09-08T01:10:58Z
23185023,2.0,15.0264,2026-09-08T01:10:58Z
23185149,3.0,80.6931,2026-09-08T01:10:58Z
23196188,5.0,556.8057,2026-09-08T01:10:58Z
23198360,5.0,717.6681,2026-09-08T01:10:58Z
23198924,6.0,2358.6336,2026-09-08T01:10:58Z
23198946,1.0,9.0162,2026-09-08T01:10:58Z
23207866,8.0,224486.6067,2026-09-08T01:10:58Z
23208408,3.0,85.6152,2026-09-08T01:10:58Z
23233007,5.0,1555.8273,2026-09-08T01:10:58Z
23233133,4.0,142.5303,2026-09-08T01:10:58Z
23233267,2.0,36.6588,2026-09-08T01:10:58Z
23238648,4.0,297.5391,2026-09-08T01:10:58Z
23238752,4.0,707.9652,2026-09-08T01:10:58Z
23251297,3.0,54.0828,2026-09-08T01:10:58Z
23252393,1.0,1.6272,2026-09-08T01:10:58Z
23254623,5.0,1409.4216,2026-09-08T01:10:58Z
23267350,4.0,155.1501,2026-09-08T01:10:58Z
23267352,3.0,107.8902,2026-09-08T01:10:58Z
23267402,5.0,1913.0562,2026-09-08T01:10:58Z
23275228,7.0,65619.9747,2026-09-08T01:10:58Z
23283585,4.0,209.7603,2026-09-08T01:10:58Z
23284453,3.0,81.054,2026-09-08T01:10:58Z
23284583,5.0,1273.9419,2026-09-08T01:10:58Z
23284595,5.0,1202.8842,2026-09-08T01:10:58Z
23284603,4.0,881.8956,2026-09-08T01:10:58Z
23287029,1.0,9.5049,2026-09-08T01:10:58Z
23287161,1.0,15.0408,2026-09-08T01:10:58Z
23287337,4.0,776.7216,2026-09-08T01:10:58Z
23287393,4.0,751.77,2026-09-08T01:10:58Z
23300436,7.0,79002.9279,2026-09-08T01:10:58Z
23320074,5.0,576.5148,2026-09-08T01:10:58Z
23335288,3.0,104.8527,2026-09-08T01:10:58Z
23360443,5.0,559.6776,2026-09-08T01:10:58Z
23360455,5.0,524.8215,2026-09-08T01:10:58Z
23377390,5.0,816.3576,2026-09-08T01:10:58Z
23382217,5.0,2115.8442,2026-09-08T01:10:58Z
23382453,5.0,344.9592,2026-09-08T01:10:58Z
23386799,5.0,835.8291,2026-09-08T01:10:58Z
23387053,4.0,142.065,2026-09-08T01:10:58Z
23387311,2.0,15.6303,2026-09-08T01:10:58Z
23387503,1.0,5.9607,2026-09-08T01:10:58Z
23409953,8.0,119022.3576,2026-09-08T01:10:58Z
23413133,4.0,302.2074,2026-09-08T01:10:58Z
23413599,5.0,307.0863,2026-09-08T01:10:58Z
23414009,2.0,16.9092,2026-09-08T01:10:58Z
23428648,4.0,418.0509,2026-09-08T01:10:58Z
23429288,2.0,17.721,2026-09-08T01:10:58Z
23436991,5.0,2241.5481,2026-09-08T01:10:58Z
23437043,4.0,322.1982,2026-09-08T01:10:58Z
23442005,6.0,8991.3483,2026-09-08T01:10:58Z
23442233,4.0,266.0463,2026-09-08T01:10:58Z
23442327,6.0,6607.9575,2026-09-08T01:10:58Z
23442333,3.0,113.9949,2026-09-08T01:10:58Z
23443735,1.0,8.6841,2026-09-08T01:10:58Z
23449445,3.0,82.8954,2026-09-08T01:10:58Z
23449533,8.0,231169.6755,2026-09-08T01:10:58Z
23460285,2.0,11.052,2026-09-08T01:10:58Z
23470810,5.0,2049.0489,2026-09-08T01:10:58Z
23470874,3.0,107.2035,2026-09-08T01:10:58Z
23475318,8.0,242659.4976,2026-09-08T01:10:58Z
23478129,6.0,5774.9643,2026-09-08T01:10:58Z
23478473,6.0,4637.2113,2026-09-08T01:10:58Z
23478479,6.0,4618.8018,2026-09-08T01:10:58Z
23478899,5.0,1520.9694,2026-09-08T01:10:58Z
23503060,6.0,14982.8913,2026-09-08T01:10:58Z
23503368,6.0,13312.2276,2026-09-08T01:10:58Z
23503540,6.0,8730.7416,2026-09-08T01:10:58Z
23503548,6.0,8646.9822,2026-09-08T01:10:58Z
23504010,3.0,101.9322,2026-09-08T01:10:58Z
23512650,5.0,2798.5752,2026-09-08T01:10:58Z
23513440,1.0,16.7202,2026-09-08T01:10:58Z
23513704,2.0,7.0263,2026-09-08T01:10:58Z
23532395,6.0,4027.7466,2026-09-08T01:10:58Z
23532423,6.0,3959.8488,2026-09-08T01:10:58Z
23540536,7.0,30301.8165,2026-09-08T01:10:58Z
23540680,7.0,28969.1874,2026-09-08T01:10:58Z
23541116,7.0,23280.6537,2026-09-08T01:10:58Z
23543184,1.0,11.8152,2026-09-08T01:10:58Z
23543688,1.0,6.4206,2026-09-08T01:10:58Z
23551198,2.0,35.6166,2026-09-08T01:10:58Z
23553112,2.0,16.9344,2026-09-08T01:10:58Z
23559673,7.0,34903.8441,2026-09-08T01:10:58Z
23559843,7.0,34193.115,2026-09-08T01:10:58Z
23560073,7.0,30940.3008,2026-09-08T01:10:58Z
23560093,7.0,30759.4746,2026-09-08T01:10:58Z
23588550,5.0,1138.6638,2026-09-08T01:10:58Z
23595541,6.0,8826.2217,2026-09-08T01:10:58Z
23595555,4.0,188.5086,2026-09-08T01:10:58Z
23598183,2.0,26.9388,2026-09-08T01:10:58Z
23598669,2.0,15.5151,2026-09-08T01:10:58Z
23599209,1.0,5.3181,2026-09-08T01:10:58Z
23599401,1.0,7.9308,2026-09-08T01:10:58Z
23606390,6.0,13734.4392,2026-09-08T01:10:58Z
23606444,6.0,12566.5677,2026-09-08T01:10:58Z
23607156,5.0,453.1959,2026-09-08T01:10:58Z
23623226,5.0,2609.6256,2026-09-08T01:10:58Z
23623942,4.0,226.4202,2026-09-08T01:10:58Z
23624584,3.0,30.9636,2026-09-08T01:10:58Z
23624956,1.0,7.1487,2026-09-08T01:10:58Z
23631344,1.0,3.564,2026-09-08T01:10:58Z
23637782,5.0,1102.0068,2026-09-08T01:10:58Z
23638212,5.0,915.1425,2026-09-08T01:10:58Z
23640374,1.0,8.3628,2026-09-08T01:10:58Z
23640564,2.0,15.7626,2026-09-08T01:10:58Z
23648286,4.0,420.3468,2026-09-08T01:10:58Z
23659414,4.0,508.8348,2026-09-08T01:10:58Z
23663081,4.0,327.1995,2026-09-08T01:10:58Z
23663191,5.0,1990.2537,2026-09-08T01:10:58Z
23670969,5.0,992.376,2026-09-08T01:10:58Z
23670977,5.0,1013.4441,2026-09-08T01:10:58Z
23671143,4.0,214.3953,2026-09-08T01:10:58Z
23671695,1.0,14.7357,2026-09-08T01:10:58Z
23685528,6.0,18287.8974,2026-09-08T01:10:58Z
23685656,6.0,17236.0593,2026-09-08T01:10:58Z
23686016,6.0,14560.7751,2026-09-08T01:10:58Z
23686254,6.0,12864.2049,2026-09-08T01:10:58Z
23700195,4.0,423.072,2026-09-08T01:10:58Z
23700493,4.0,662.4486,2026-09-08T01:10:58Z
23706304,4.0,423.0999,2026-09-08T01:10:58Z
23713960,6.0,6679.6956,2026-09-08T01:10:58Z
23713968,6.0,6423.9372,2026-09-08T01:10:58Z
23718769,6.0,24715.4157,2026-09-08T01:10:58Z
23719073,6.0,23109.3738,2026-09-08T01:10:58Z
23719575,6.0,18853.2054,2026-09-08T01:10:58Z
23735817,5.0,685.4742,2026-09-08T01:10:58Z
23737725,2.0,16.3026,2026-09-08T01:10:58Z
23743842,3.0,58.8276,2026-09-08T01:10:58Z
23744510,2.0,32.6565,2026-09-08T01:10:58Z
23745874,2.0,37.107,2026-09-08T01:10:58Z
23751918,5.0,1662.3639,2026-09-08T01:10:58Z
23752476,4.0,517.1652,2026-09-08T01:10:58Z
23753122,1.0,6.1749,2026-09-08T01:10:58Z
23753708,1.0,12.5343,2026-09-08T01:10:58Z
23753860,1.0,1.3806,2026-09-08T01:10:58Z
23759230,5.0,1660.6071,2026-09-08T01:10:58Z
23760158,2.0,4.5747,2026-09-08T01:10:58Z
23762847,6.0,11537.6886,2026-09-08T01:10:58Z
23762929,2.0,70.776,2026-09-08T01:10:58Z
23763337,6.0,8825.7501,2026-09-08T01:10:58Z
23763375,6.0,8758.0656,2026-09-08T01:10:58Z
23763423,6.0,5301.2484,2026-09-08T01:10:58Z
23763965,1.0,6.4044,2026-09-08T01:10:58Z
23772775,5.0,2849.5971,2026-09-08T01:10:58Z
23773217,5.0,1339.4844,2026-09-08T01:10:58Z
23773255,3.0,154.4706,2026-09-08T01:10:58Z
23774363,1.0,5.0841,2026-09-08T01:10:58Z
23780621,4.0,337.1733,2026-09-08T01:10:58Z
23780817,3.0,264.1644,2026-09-08T01:10:58Z
23780945,2.0,11.8899,2026-09-08T01:10:58Z
23781157,1.0,1.5111,2026-09-08T01:10:58Z
23785691,5.0,1640.3508,2026-09-08T01:10:58Z
23785829,4.0,217.0107,2026-09-08T01:10:58Z
23804878,5.0,1441.9836,2026-09-08T01:10:58Z
23804938,5.0,1222.0281,2026-09-08T01:10:58Z
23809080,5.0,1770.4575,2026-09-08T01:10:58Z
23821773,5.0,5307.2235,2026-09-08T01:10:58Z
23821889,5.0,4357.1826,2026-09-08T01:10:58Z
23824671,1.0,8.4204,2026-09-08T01:10:58Z
23838308,3.0,286.4853,2026-09-08T01:10:58Z
23838482,3.0,309.0366,2026-09-08T01:10:58Z
23838868,3.0,101.8683,2026-09-08T01:10:58Z
23844761,5.0,452.3571,2026-09-08T01:10:58Z
23844773,4.0,203.3937,2026-09-08T01:10:58Z
23845025,3.0,414.8397,2026-09-08T01:10:58Z
23845179,3.0,367.4331,2026-09-08T01:10:58Z
23845221,2.0,57.9924,2026-09-08T01:10:58Z
23850367,5.0,1590.3909,2026-09-08T01:10:58Z
23856801,2.0,41.3901,2026-09-08T01:10:58Z
23856841,2.0,86.9256,2026-09-08T01:10:58Z
23856993,3.0,85.581,2026-09-08T01:10:58Z
23857379,1.0,10.8693,2026-09-08T01:10:58Z
23860765,2.0,67.1778,2026-09-08T01:10:58Z
23864888,4.0,80.919,2026-09-08T01:10:58Z
23864908,3.0,34.4808,2026-09-08T01:10:58Z
23865256,1.0,4.5144,2026-09-08T01:10:58Z
23865418,1.0,4.8258,2026-09-08T01:10:58Z
23865698,1.0,2.0142,2026-09-08T01:10:58Z
23866160,1.0,1.7631,2026-09-08T01:10:58Z
23871937,1.0,12.8826,2026-09-08T01:10:58Z
23872065,4.0,627.8211,2026-09-08T01:10:58Z
23872287,3.0,159.8967,2026-09-08T01:10:58Z
23872825,3.0,42.7329,2026-09-08T01:10:58Z
23872869,1.0,4.3659,2026-09-08T01:10:58Z
23875681,4.0,351.1602,2026-09-08T01:10:58Z
23875713,3.0,102.2355,2026-09-08T01:10:58Z
23875889,4.0,117.3024,2026-09-08T01:10:58Z
23875969,4.0,267.8022,2026-09-08T01:10:58Z
23876015,2.0,51.0516,2026-09-08T01:10:58Z
23881720,2.0,9.7353,2026-09-08T01:10:58Z
23886168,3.0,32.6025,2026-09-08T01:10:58Z
23886302,5.0,838.5264,2026-09-08T01:10:58Z
23889554,5.0,669.42,2026-09-08T01:10:58Z
23889676,4.0,132.0453,2026-09-08T01:10:58Z
23893976,5.0,3233.9412,2026-09-08T01:10:58Z
23894328,1.0,18.6273,2026-09-08T01:10:58Z
23896078,1.0,1.3914,2026-09-08T01:10:58Z
23900931,5.0,4263.1254,2026-09-08T01:10:58Z
23902339,1.0,8.3889,2026-09-08T01:10:58Z
23902775,1.0,4.32,2026-09-08T01:10:58Z
23914479,6.0,2349.0567,2026-09-08T01:10:58Z
23915243,1.0,5.9823,2026-09-08T01:10:58Z
23915551,1.0,6.426,2026-09-08T01:10:58Z
23915743,1.0,2.7612,2026-09-08T01:10:58Z
23920534,3.0,138.4281,2026-09-08T01:10:58Z
23920580,2.0,17.5986,2026-09-08T01:10:58Z
23920620,3.0,205.0722,2026-09-08T01:10:58Z
23936329,4.0,121.2966,2026-09-08T01:10:58Z
23940179,6.0,13296.4407,2026-09-08T01:10:58Z
23940629,6.0,8547.0804,2026-09-08T01:10:58Z
23945271,2.0,62.8722,2026-09-08T01:10:58Z
23945915,1.0,5.6439,2026-09-08T01:10:58Z
23950135,1.0,1.5129,2026-09-08T01:10:58Z
23956426,4.0,250.2,2026-09-08T01:10:58Z
23963013,5.0,1396.4193,2026-09-08T01:10:58Z
23963105,5.0,811.3338,2026-09-08T01:10:58Z
23964473,1.0,2.9574,2026-09-08T01:10:58Z
23970181,5.0,1613.7999,2026-09-08T01:10:58Z
23980481,4.0,124.3908,2026-09-08T01:10:58Z
23980689,3.0,137.2176,2026-09-08T01:10:58Z
23980883,5.0,788.4126,2026-09-08T01:10:58Z
23981225,5.0,1239.9885,2026-09-08T01:10:58Z
23989205,1.0,17.0163,2026-09-08T01:10:58Z
23990765,1.0,6.3369,2026-09-08T01:10:58Z
23997628,1.0,7.3053,2026-09-08T01:10:58Z
23997798,1.0,15.7023,2026-09-08T01:10:58Z
24007020,6.0,2509.3539,2026-09-08T01:10:58Z
24013483,5.0,1777.8933,2026-09-08T01:10:58Z
24013535,5.0,1702.0188,2026-09-08T01:10:58Z
24013601,4.0,425.7261,2026-09-08T01:10:58Z
24013655,2.0,16.9083,2026-09-08T01:10:58Z
24075311,3.0,121.5603,2026-09-08T01:10:58Z
24084412,6.0,3330.9,2026-09-08T01:10:58Z
24084416,6.0,3342.1086,2026-09-08T01:10:58Z
24084650,4.0,122.1291,2026-09-08T01:10:58Z
24114183,8.0,59067.3213,2026-09-08T01:10:58Z
24114215,8.0,58934.1123,2026-09-08T01:10:58Z
24114421,4.0,568.0368,2026-09-08T01:10:58Z
24114479,4.0,369.1458,2026-09-08T01:10:58Z
24120694,5.0,8330.9607,2026-09-08T01:10:58Z
24125231,3.0,29.5398,2026-09-08T01:10:58Z
24125787,6.0,1330.2306,2026-09-08T01:10:58Z
24126623,2.0,30.6315,2026-09-08T01:10:58Z
24143358,6.0,6648.5556,2026-09-08T01:10:58Z
24143410,6.0,6305.4333,2026-09-08T01:10:58Z
24158551,4.0,919.3113,2026-09-08T01:10:58Z
24159945,1.0,3.2274,2026-09-08T01:10:58Z
24160041,1.0,2.5704,2026-09-08T01:10:58Z
24164073,4.0,877.7376,2026-09-08T01:10:58Z
24166142,6.0,8534.511,2026-09-08T01:10:58Z
24166278,6.0,7246.1376,2026-09-08T01:10:58Z
24166544,6.0,5772.5217,2026-09-08T01:10:58Z
24166584,6.0,5689.4724,2026-09-08T01:10:58Z
24176951,6.0,2094.5196,2026-09-08T01:10:58Z
24177215,2.0,23.8023,2026-09-08T01:10:58Z
24177795,2.0,33.0633,2026-09-08T01:10:58Z
24184320,2.0,9.9063,2026-09-08T01:10:58Z
24194050,1.0,4.9617,2026-09-08T01:10:58Z
24208825,1.0,11.4687,2026-09-08T01:10:58Z
24219761,8.0,155866.8501,2026-09-08T01:10:58Z
24227999,2.0,45.8208,2026-09-08T01:10:58Z
24228251,8.0,204525.2529,2026-09-08T01:10:58Z
24228259,8.0,194040.1233,2026-09-08T01:10:58Z
24228321,8.0,193846.8933,2026-09-08T01:10:58Z
24232992,9.0,521568.6786,2026-09-08T01:10:58Z
24233042,9.0,508648.8942,2026-09-08T01:10:58Z
24233362,3.0,133.1721,2026-09-08T01:10:58Z
24241775,5.0,2100.9105,2026-09-08T01:10:58Z
24242137,3.0,36.2385,2026-09-08T01:10:58Z
24255397,3.0,32.0607,2026-09-08T01:10:58Z
24256029,2.0,29.1735,2026-09-08T01:10:58Z
24264811,4.0,787.1175,2026-09-08T01:10:58Z
24270284,6.0,8057.2689,2026-09-08T01:10:58Z
24270370,6.0,7822.5588,2026-09-08T01:10:58Z
24270440,6.0,7566.2109,2026-09-08T01:10:58Z
24270464,6.0,7460.0874,2026-09-08T01:10:58Z
24274529,3.0,89.0685,2026-09-08T01:10:58Z
24282282,3.0,94.3326,2026-09-08T01:10:58Z
24285628,2.0,12.7494,2026-09-08T01:10:58Z
24287056,3.0,178.6257,2026-09-08T01:10:58Z
24287296,2.0,34.9353,2026-09-08T01:10:58Z
24293272,2.0,34.0911,2026-09-08T01:10:58Z
24293436,6.0,4424.2929,2026-09-08T01:10:58Z
24293784,3.0,69.201,2026-09-08T01:10:58Z
24296566,1.0,4.9392,2026-09-08T01:10:58Z
24320176,5.0,1442.0241,2026-09-08T01:10:58Z
24320912,1.0,8.172,2026-09-08T01:10:58Z
24321422,2.0,22.4721,2026-09-08T01:10:58Z
24324794,1.0,12.9159,2026-09-08T01:10:58Z
24338742,6.0,14510.8584,2026-09-08T01:10:58Z
24344199,4.0,466.9731,2026-09-08T01:10:58Z
24344861,1.0,16.0101,2026-09-08T01:10:58Z
24349930,5.0,1871.2053,2026-09-08T01:10:58Z
24349962,5.0,1533.1923,2026-09-08T01:10:58Z
24349992,5.0,1399.9491,2026-09-08T01:10:58Z
24350032,3.0,23.5035,2026-09-08T01:10:58Z
24355791,7.0,23113.7415,2026-09-08T01:10:58Z
24357677,1.0,4.1868,2026-09-08T01:10:58Z
24382869,6.0,3865.1454,2026-09-08T01:10:58Z
24383025,6.0,2663.1756,2026-09-08T01:10:58Z
24383473,5.0,675.4428,2026-09-08T01:10:58Z
24383825,3.0,60.7509,2026-09-08T01:10:58Z
24383953,2.0,33.5808,2026-09-08T01:10:58Z
24405893,6.0,201458.8602,2026-09-08T01:10:58Z
24422741,5.0,1122.6969,2026-09-08T01:10:58Z
24422811,5.0,929.6613,2026-09-08T01:10:58Z
24423157,4.0,175.6188,2026-09-08T01:10:58Z
24425271,2.0,4.4064,2026-09-08T01:10:58Z
24432227,4.0,569.1663,2026-09-08T01:10:58Z
24432257,3.0,337.1211,2026-09-08T01:10:58Z
24432323,2.0,14.4279,2026-09-08T01:10:58Z
24432405,5.0,1469.3355,2026-09-08T01:10:58Z
24432493,3.0,172.4886,2026-09-08T01:10:58Z
24432663,1.0,29.493,2026-09-08T01:10:58Z
24438848,3.0,27.1593,2026-09-08T01:10:58Z
24438964,4.0,162.2034,2026-09-08T01:10:58Z
24451629,6.0,14696.1243,2026-09-08T01:10:58Z
24451735,6.0,14567.9652,2026-09-08T01:10:58Z
24459914,6.0,1460.6271,2026-09-08T01:10:58Z
24460104,4.0,572.0148,2026-09-08T01:10:58Z
24460270,2.0,9.8271,2026-09-08T01:10:58Z
24460308,5.0,222.0192,2026-09-08T01:10:58Z
24461216,1.0,10.4913,2026-09-08T01:10:58Z
24478893,6.0,4697.9397,2026-09-08T01:10:58Z
24479015,5.0,1959.0372,2026-09-08T01:10:58Z
24479245,5.0,806.5611,2026-09-08T01:10:58Z
24482169,2.0,12.4407,2026-09-08T01:10:58Z
24490994,7.0,46082.2509,2026-09-08T01:10:58Z
24493982,1.0,6.6456,2026-09-08T01:10:58Z
24504792,9.0,542858.9454,2026-09-08T01:10:58Z
24505412,3.0,35.0226,2026-09-08T01:10:58Z
24520650,3.0,190.7235,2026-09-08T01:10:58Z
24526644,6.0,10896.1173,2026-09-08T01:10:58Z
24526786,6.0,10386.2034,2026-09-08T01:10:58Z
24526788,6.0,10327.7061,2026-09-08T01:10:58Z
24526836,6.0,9237.2391,2026-09-08T01:10:58Z
24544171,7.0,23515.8678,2026-09-08T01:10:58Z
24727496,7.0,19322.3448,2026-09-08T01:10:58Z
24902748,3.0,40.8366,2026-09-08T01:10:58Z
24962536,8.0,224509.1571,2026-09-08T01:10:58Z
25054849,4.0,709.4016,2026-09-08T01:10:58Z
25144733,9.0,681629.9913,2026-09-08T01:10:58Z
25386919,6.0,6258.9456,2026-09-08T01:10:58Z
25516412,5.0,745.196,2026-09-08T01:10:58Z
25832210,6.0,6402.8142,2026-09-08T01:10:58Z
26815205,6.0,6777.3132,2026-09-08T01:10:58Z
28033899,6.0,3469.909,2026-09-08T01:10:58Z
166161614,2.0,25.7607,2026-09-08T01:10:58Z
166174726,5.0,374.3748,2026-09-08T01:10:58Z
166182049,4.0,200.0916,2026-09-08T01:10:58Z
166737343,6.0,3102.9354,2026-09-08T01:10:58Z
166739856,6.0,2991.2805,2026-09-08T01:10:58Z
166756384,4.0,172.8882,2026-09-08T01:10:58Z
166997547,5.0,1240.8282,2026-09-08T01:10:58Z
166997559,5.0,1655.2881,2026-09-08T01:10:58Z
167484526,4.0,273.1284,2026-09-08T01:10:58Z
904010162,3.0,71.322,2026-09-08T01:10:58Z
904020321,2.0,58.517,2026-09-08T01:10:58Z
904030392,6.0,9744.334,2026-09-08T01:10:58Z
904050154,6.0,10393.16,2026-09-08T01:10:58Z
904050156,6.0,9502.12,2026-09-08T01:10:58Z
904060095,3.0,264.437,2026-09-08T01:10:58Z
904080072,3.0,38.187,2026-09-08T01:10:58Z
904080079,7.0,15987.306,2026-09-08T01:10:58Z
932020090,6.0,8526.0942,2026-09-08T01:10:58Z
932020139,6.0,7290.8226,2026-09-08T01:10:58Z
932020140,6.0,7354.3941,2026-09-08T01:10:58Z
932030069,4.0,100.0791,2026-09-08T01:10:58Z
932040303,6.0,7949.7855,2026-09-08T01:10:58Z
933010013,4.0,285.6681,2026-09-08T01:10:58Z
935140066,3.0,53.4204,2026-09-08T01:10:58Z
937010676,2.0,12.357,2026-09-08T01:10:58Z
937010765,5.0,2872.6245,2026-09-08T01:10:58Z
937010825,5.0,3612.5649,2026-09-08T01:10:58Z
937040190,4.0,368.5617,2026-09-08T01:10:58Z
938080179,5.0,2161.0962,2026-09-08T01:10:58Z
940100041,8.0,167975.9676,2026-09-08T01:10:58Z
940110250,9.0,407593.5174,2026-09-08T01:10:58Z
940130676,6.0,13699.7073,2026-09-08T01:10:58Z
940140176,6.0,21322.5552,2026-09-08T01:10:58Z
941030323,7.0,93693.4245,2026-09-08T01:10:58Z
941050061,6.0,35892.5796,2026-09-08T01:10:58Z
941050068,6.0,74598.5304,2026-09-08T01:10:58Z
943010102,2.0,62.739,2026-09-08T01:10:58Z
943020298,5.0,505.0593,2026-09-08T01:10:58Z
943040126,8.0,77795.6724,2026-09-08T01:10:58Z
945030190,9.0,438795.6795,2026-09-08T01:10:58Z
945030206,6.0,13272.0768,2026-09-08T01:10:58Z
945030283,3.0,65.4309,2026-09-08T01:10:58Z
946050165,3.0,44.2593,2026-09-08T01:10:58Z
947010233,7.0,10127.6028,2026-09-08T01:10:58Z
947030118,5.0,1170.8964,2026-09-08T01:10:58Z
947050211,5.0,2500.4493,2026-09-08T01:10:58Z
947060070,5.0,2812.3623,2026-09-08T01:10:58Z
947070128,6.0,3640.3839,2026-09-08T01:10:58Z
947100116,5.0,5635.4967,2026-09-08T01:10:58Z
947110180,5.0,659.0727,2026-09-08T01:10:58Z
948020208,3.0,235.9044,2026-09-08T01:10:58Z
948020307,5.0,1281.429,2026-09-08T01:10:58Z
948020359,2.0,60131.5992,2026-09-08T01:10:58Z
948060302,6.0,8487.945,2026-09-08T01:10:58Z
